interaction_id,source_primary,target_primary,ligand_complex_primary,receptor_complex_primary,interaction_coef_primary,interaction_ci95_low_primary,interaction_ci95_high_primary,n_observations_primary,interaction_p_value_primary,fdr_q_value_primary,n_cHD_primary,mean_cHD_primary,n_cSLE_primary,mean_cSLE_primary,n_aHD_primary,mean_aHD_primary,n_aSLE_primary,mean_aSLE_primary,source_sensitivity,target_sensitivity,ligand_complex_sensitivity,receptor_complex_sensitivity,interaction_coef_sensitivity,interaction_ci95_low_sensitivity,interaction_ci95_high_sensitivity,n_observations_sensitivity,interaction_p_value_sensitivity,fdr_q_value_sensitivity,n_cHD_sensitivity,mean_cHD_sensitivity,n_cSLE_sensitivity,mean_cSLE_sensitivity,n_aHD_sensitivity,mean_aHD_sensitivity,n_aSLE_sensitivity,mean_aSLE_sensitivity
Non-classical Monocytes|Non-classical Monocytes|ARF6|SMAP1,Non-classical Monocytes,Non-classical Monocytes,ARF6,SMAP1,-0.5173849703861519,-0.6913908631229793,-0.3433790776493246,55,5.6193064235279115e-09,1.3121080498937674e-05,11,0.48793096916374895,32,0.30153901684367174,5,0.3568263702241271,7,0.6878193882902018,Non-classical Monocytes,Non-classical Monocytes,ARF6,SMAP1,-0.033514693299193876,-0.09331329117960721,0.026283904581219465,56,0.27199474172451676,0.5900226619420714,11,0.9942832992908669,33,0.9607236219304827,5,0.9974802733064354,7,0.997435289245245
Non-classical Monocytes|CD4 T Cells|CD48|CD2,Non-classical Monocytes,CD4 T Cells,CD48,CD2,-0.05936538968673266,-0.08159467530206105,-0.03713610407140428,56,1.6564048417298374e-07,0.00019338526527195853,11,0.9726826061840587,33,0.9266444417639563,5,0.961821651782102,7,0.9751488770487323,Non-classical Monocytes,CD4 T Cells,CD48,CD2,-0.00045541549779848367,-0.0006308957518856381,-0.00027993524371132926,56,3.6453830794576555e-07,0.0008586495455326957,11,0.9996843381012078,33,0.999187170213923,5,0.9998362655466251,7,0.9997945131571387
B Cells|CD4 T Cells|HLA-DMB|CD4,B Cells,CD4 T Cells,HLA-DMB,CD4,-0.2739401500427926,-0.37873160990995464,-0.16914869017563056,55,2.9970640189998415e-07,0.00021173054254714565,11,0.7785054496225814,32,0.5865637119777642,5,0.6061084657683921,7,0.6881068781663675,B Cells,CD4 T Cells,HLA-DMB,CD4,-0.03131677016340206,-0.09136772840734501,0.028734188080540887,56,0.3067205132592169,0.5900226619420714,11,0.9975407743205629,33,0.9649287987370548,5,0.9984315500194008,7,0.9971363445992948
Non-classical Monocytes|CD4 T Cells|GNAI2|S1PR4,Non-classical Monocytes,CD4 T Cells,GNAI2,S1PR4,-0.24657448259065784,-0.344906725314278,-0.14824223986703766,56,8.890175017207483e-07,0.0003716580735231175,11,0.8296443068214189,33,0.6808678954765242,5,0.688884341957384,7,0.7866824132031471,Non-classical Monocytes,CD4 T Cells,GNAI2,S1PR4,-0.0015189350473530094,-0.0023551029655803626,-0.0006827671291256564,56,0.00037034810578113857,0.07159490888903197,11,0.9980872878869275,33,0.9961977727573568,5,0.9987514092943559,7,0.9983808292121382
CD8 T Cells|Non-classical Monocytes|IL16|CD4,CD8 T Cells,Non-classical Monocytes,IL16,CD4,-0.38768956174266594,-0.542740726373575,-0.23263839711175693,56,9.550100390315654e-07,0.0003716580735231175,11,0.34504839970193846,33,0.13162999540537246,5,0.25588827035938627,7,0.43015942780548616,CD8 T Cells,Non-classical Monocytes,IL16,CD4,-0.003529465725349401,-0.007073917236839105,1.4985786140302073e-05,56,0.050976524274512026,0.45903630194223843,11,0.9927194650761915,33,0.987447801627303,5,0.9969866127889716,7,0.9952444150654326
Non-classical Monocytes|NK Cells|CD48|CD2,Non-classical Monocytes,NK Cells,CD48,CD2,-0.09338524418599581,-0.13119717880892606,-0.05557330956306554,56,1.294603676055014e-06,0.00043184279765549395,11,0.9547055244296904,33,0.8871552854968823,5,0.9569160559864281,7,0.9827510612396159,Non-classical Monocytes,NK Cells,CD48,CD2,-0.0008807278319820089,-0.001228289487442824,-0.0005331661765211937,56,6.814186365692395e-07,0.001088395917260218,11,0.9994916424409234,33,0.9986658278651455,5,0.9998160359237931,7,0.9998709491799972
Non-classical Monocytes|CD4 T Cells|HLA-DPA1|CD4,Non-classical Monocytes,CD4 T Cells,HLA-DPA1,CD4,-0.09163502615712238,-0.12919872142694744,-0.054071330887297306,55,1.742100998163248e-06,0.000451978425634576,11,0.9532220843796225,32,0.873050800594241,5,0.9392124645803346,7,0.9506762069520756,Non-classical Monocytes,CD4 T Cells,HLA-DPA1,CD4,-0.03105541719422833,-0.09127769695879923,0.02916686257034256,56,0.3121533506705184,0.5900226619420714,11,0.9994735526207017,33,0.9681969768715661,5,0.9997521806590048,7,0.9995310221040976
NK Cells|B Cells|CD99|CD81,NK Cells,B Cells,CD99,CD81,-0.19593871440160004,-0.27596480305519766,-0.1159126257480024,51,1.5958295278682345e-06,0.000451978425634576,11,0.7843232538407438,29,0.7657145692989922,5,0.6908509217414125,6,0.868180951601261,NK Cells,B Cells,CD99,CD81,0.021004282248937578,-0.3020449891408374,0.34405355363871254,56,0.8985964766056852,0.9368689440329182,11,0.9976203225193896,33,0.876040937872705,5,0.9987510415702969,7,0.8561673746746747
Non-classical Monocytes|CD8 T Cells|GNAI2|S1PR4,Non-classical Monocytes,CD8 T Cells,GNAI2,S1PR4,-0.25393129516865265,-0.36012642455385835,-0.14773616578344695,55,2.777542991656521e-06,0.0005895966259561798,11,0.7972717603252693,32,0.6382358893076143,5,0.6866397001492459,7,0.7815351243002436,Non-classical Monocytes,CD8 T Cells,GNAI2,S1PR4,-0.03186444737193006,-0.09192045588944536,0.02819156114558525,56,0.29837919840732885,0.5900226619420714,11,0.9977243272660176,33,0.9654292475253532,5,0.9987565689248772,7,0.9983259365561429
CD4 T Cells|CD8 T Cells|LCK|CD8A_CD8B,CD4 T Cells,CD8 T Cells,LCK,CD8A_CD8B,-0.0716793781269286,-0.10153793506293808,-0.04182082119091911,56,2.536789331370885e-06,0.0005895966259561798,11,0.9477150981871908,33,0.9240117582943661,5,0.9000753165660864,7,0.9480513548001903,CD4 T Cells,CD8 T Cells,LCK,CD8A_CD8B,-0.00026264567367939584,-0.0005709845770011299,4.569322964233821e-05,56,0.0950155933402537,0.5459124333191375,11,0.9993749545499692,33,0.9991370818050045,5,0.9995894924614996,7,0.9996142653902144
B Cells|B Cells|LTB|CD40,B Cells,B Cells,LTB,CD40,-0.05078784408790282,-0.0723124991677625,-0.02926318900804314,56,3.75370320243543e-06,0.0006331590524621696,11,0.9862340215636959,33,0.9572550274980087,5,0.9681605146772558,7,0.9899693646994715,B Cells,B Cells,LTB,CD40,-0.00038154685872737737,-0.0005585532048684094,-0.00020454051258634535,56,2.3914293217716514e-05,0.016311863737861622,11,0.9998312896744967,33,0.9995060310679688,5,0.9998615836034832,7,0.9999178718556825
Classical Monocytes|CD4 T Cells|CD48|CD2,Classical Monocytes,CD4 T Cells,CD48,CD2,-0.09647018085477566,-0.13724383503196944,-0.055696526677581876,56,3.5305632509987056e-06,0.0006331590524621696,11,0.9376217583457355,33,0.8725009478843568,5,0.9242498055516422,7,0.9555991759450392,Classical Monocytes,CD4 T Cells,CD48,CD2,-0.0006689759874207724,-0.0010035625791709661,-0.0003343893956705786,56,8.90009511893221e-05,0.04061621979632706,11,0.9993113719405027,33,0.998591668117847,5,0.9996901631851209,7,0.9996394353498861
CD4 T Cells|Non-classical Monocytes|IL16|CD4,CD4 T Cells,Non-classical Monocytes,IL16,CD4,-0.39426700827917954,-0.5614477838099605,-0.2270862327483986,56,3.796242712835278e-06,0.0006331590524621696,11,0.4390298153847633,33,0.18799493239173334,5,0.23772551682471893,7,0.3809576421108685,CD4 T Cells,Non-classical Monocytes,IL16,CD4,-0.0035341974515248342,-0.007157407169713549,8.90122666638805e-05,56,0.05590017388530865,0.4776247420339505,11,0.9937331568537957,33,0.9881772692432305,5,0.9968874696794139,7,0.9948657795203736
NK Cells|CD8 T Cells|LCK|CD8A_CD8B,NK Cells,CD8 T Cells,LCK,CD8A_CD8B,-0.09794480764664704,-0.13987081129888412,-0.056018803994409935,56,4.677838617453416e-06,0.0007281835447835817,11,0.9283905451608384,33,0.8802079795658097,5,0.9072023438316567,7,0.9569645858832748,NK Cells,CD8 T Cells,LCK,CD8A_CD8B,-0.0006771041577146031,-0.0011994292794619305,-0.00015477903596727567,56,0.011061364309600454,0.22871045716814972,11,0.9991502525488333,33,0.998548554999719,5,0.9996132569832857,7,0.9996886635918861
Classical Monocytes|Non-classical Monocytes|ARF6|SMAP1,Classical Monocytes,Non-classical Monocytes,ARF6,SMAP1,-0.5036529852260213,-0.7205481428488371,-0.28675782760320556,55,5.333091208118776e-06,0.0007782979981848339,11,0.30174630551722237,32,0.216655760730046,5,0.15244437721323048,7,0.5710068176520754,Classical Monocytes,Non-classical Monocytes,ARF6,SMAP1,-0.03233600503406142,-0.09208677401410872,0.02741476394598588,56,0.2888280508812595,0.5900226619420714,11,0.9920195902927805,33,0.9595694468252273,5,0.9966101184125385,7,0.9964959799790467
CD4 T Cells|Non-classical Monocytes|MFNG|NOTCH2,CD4 T Cells,Non-classical Monocytes,MFNG,NOTCH2,-0.21952501416252534,-0.3145161199368909,-0.12453390838815981,56,5.9126651485467195e-06,0.0008121219483445052,11,0.22598185896323317,33,0.1031375176933381,5,0.015579973877482339,7,0.11226064677011262,CD4 T Cells,Non-classical Monocytes,MFNG,NOTCH2,-0.0017105695389326714,-0.005874209499127056,0.002453070421261713,56,0.4206915564609356,0.6506907107152448,11,0.9914289822177952,33,0.9868980282479074,5,0.9953419923917126,7,0.9925216079607575
NK Cells|Non-classical Monocytes|PTPN6|CLEC12A,NK Cells,Non-classical Monocytes,PTPN6,CLEC12A,-0.56291661380783,-0.8078975177754193,-0.31793570984024067,56,6.681153451243659e-06,0.0008666940727029968,11,0.6130409568964086,33,0.6598897052131761,5,0.05287990280416258,7,0.6626452649287601,NK Cells,Non-classical Monocytes,PTPN6,CLEC12A,-0.0020103496814897204,-0.004903509014965541,0.000882809651986101,56,0.1732273432997894,0.587135011322204,11,0.9957455108851594,33,0.9956331206632061,5,0.9955142895951063,7,0.9974122490546428
Classical Monocytes|Non-classical Monocytes|CD1D|LILRB2,Classical Monocytes,Non-classical Monocytes,CD1D,LILRB2,-0.4417547775115659,-0.6349140058056943,-0.24859554921743743,52,7.379653864316775e-06,0.0009069206196410352,10,0.6395112172043457,30,0.5071927300671237,5,0.3370369685624165,7,0.6464732589367604,Classical Monocytes,Non-classical Monocytes,CD1D,LILRB2,-0.0025393982047190455,-0.21405744582094385,0.20897864941150576,56,0.9812270961421719,0.9898835025826979,11,0.905402148692171,33,0.9030860144354802,5,0.9973304579129747,7,0.997553721861003
CD4 T Cells|Non-classical Monocytes|SELPLG|ITGB2,CD4 T Cells,Non-classical Monocytes,SELPLG,ITGB2,-0.1497988598614144,-0.2154735848556964,-0.08412413486713238,56,7.802854252352115e-06,0.0009109832339621093,11,0.8693618422375664,33,0.8431343578031405,5,0.7899796182432847,7,0.9135509936702731,CD4 T Cells,Non-classical Monocytes,SELPLG,ITGB2,-0.0005771503961032876,-0.001211437514995832,5.7136722789257e-05,56,0.07451958676666577,0.4776247420339505,11,0.998536629710829,33,0.9981675226458343,5,0.9991545400732089,7,0.9993625834043175
NK Cells|Non-classical Monocytes|CD52|SIGLEC10,NK Cells,Non-classical Monocytes,CD52,SIGLEC10,-0.10492150336193662,-0.1512055020485767,-0.058637504675296555,55,8.86903397521929e-06,0.0009861521110541447,11,0.9657100845896402,32,0.873514908787433,5,0.9771263332769464,7,0.9898526608366758,NK Cells,Non-classical Monocytes,CD52,SIGLEC10,-0.03177291502095658,-0.09197664992649221,0.028430819884579045,56,0.3009567666776043,0.5900226619420714,11,0.9996031087169978,33,0.9678455124533715,5,0.9999081276191054,7,0.9999234463764358
CD4 T Cells|Classical Monocytes|IL16|CD4,CD4 T Cells,Classical Monocytes,IL16,CD4,-0.3545010569744187,-0.5119344487465864,-0.19706766520225097,56,1.0178132138652821e-05,0.0010802699338070155,11,0.4138109221199608,33,0.09388426264544256,5,0.23014903835104183,7,0.2647234358509423,CD4 T Cells,Classical Monocytes,IL16,CD4,-0.005840982193294986,-0.010719986894500716,-0.0009619774920892558,56,0.018955563355753928,0.2913552640468292,11,0.9934028585490172,33,0.9844600740230693,5,0.996862148567087,7,0.9937603462344342
NK Cells|Non-classical Monocytes|ARF6|SMAP1,NK Cells,Non-classical Monocytes,ARF6,SMAP1,-0.4028938620755483,-0.5851139243464208,-0.22067379980467575,55,1.4673232330165804e-05,0.0011420665830312385,11,0.6036015517947972,32,0.4683494071124345,5,0.3962072000904279,7,0.6638489174836134,NK Cells,Non-classical Monocytes,ARF6,SMAP1,-0.03221232441200539,-0.09214208505989813,0.027717436235887342,56,0.2921195924316434,0.5900226619420714,11,0.9955325081396296,33,0.96299171381906,5,0.9976634195362728,7,0.9973349496277087
Classical Monocytes|CD4 T Cells|HLA-DRA|CD4,Classical Monocytes,CD4 T Cells,HLA-DRA,CD4,-0.07424302913400449,-0.10766079660029697,-0.04082526166771201,55,1.3344396485743791e-05,0.0011420665830312385,11,0.9661938445019392,32,0.9097737124111425,5,0.9306120099010077,7,0.9484349069442154,Classical Monocytes,CD4 T Cells,HLA-DRA,CD4,-0.030808157333465647,-0.09105663326854765,0.029440318601616368,56,0.31623213088137114,0.5900226619420714,11,0.9996153865073037,33,0.9686253989560873,5,0.9997161013014612,7,0.9995342710837104
Non-classical Monocytes|CD4 T Cells|SELPLG|ITGB2,Non-classical Monocytes,CD4 T Cells,SELPLG,ITGB2,-0.2272279465951571,-0.3298563265649432,-0.12459956662537103,56,1.4278993991030204e-05,0.0011420665830312385,11,0.7636485937820598,33,0.6630820005949078,5,0.6404921610741596,7,0.7671535144821647,Non-classical Monocytes,CD4 T Cells,SELPLG,ITGB2,-0.0011431288267199635,-0.0020389970873648223,-0.0002472605660751049,56,0.012387253085151794,0.24457807717190835,11,0.9973464719822832,33,0.9958866251948568,5,0.9985948484842462,7,0.9982781305235398
Classical Monocytes|Non-classical Monocytes|PTPN6|CLEC12A,Classical Monocytes,Non-classical Monocytes,PTPN6,CLEC12A,-0.4634661999155321,-0.6715504491007994,-0.2553819507302648,56,1.2687338546926957e-05,0.0011420665830312385,11,0.6763731389219311,33,0.7393166223166523,5,0.22080999753864078,7,0.7472196808488941,Classical Monocytes,Non-classical Monocytes,PTPN6,CLEC12A,-0.001260708916254294,-0.0033069385157035386,0.0007855206831949508,56,0.2272167306026951,0.5900226619420714,11,0.9964222650519846,33,0.9964734926183815,5,0.9967881307949391,7,0.9981000672775903
Non-classical Monocytes|CD8 T Cells|CD48|CD2,Non-classical Monocytes,CD8 T Cells,CD48,CD2,-0.05543630177897052,-0.08040457937844867,-0.030468024179492376,56,1.3511807500839495e-05,0.0011420665830312385,11,0.9682739430919991,33,0.934496811144522,5,0.9541254163634623,7,0.9757845861949557,Non-classical Monocytes,CD8 T Cells,CD48,CD2,-0.0003685802331780952,-0.0005612206325179519,-0.0001759398338382384,56,0.00017682547417711348,0.06276321969542101,11,0.9996351179679798,33,0.9992843152397305,5,0.9998044962136541,7,0.999822273718583
Classical Monocytes|NK Cells|CD48|CD2,Classical Monocytes,NK Cells,CD48,CD2,-0.14823814756978715,-0.2146535947995965,-0.08182270033997781,56,1.216518616267652e-05,0.0011420665830312385,11,0.8945153678346324,33,0.8011117911423473,5,0.9152755380512652,7,0.9701101089287674,Classical Monocytes,NK Cells,CD48,CD2,-0.001333721069724625,-0.0019431302658560017,-0.000724311873593248,56,1.7909630093912546e-05,0.016311863737861622,11,0.9988571060082925,33,0.9976506240056037,5,0.9996513662643884,7,0.9997786053314243
Non-classical Monocytes|Classical Monocytes|CIRBP|TREM1,Non-classical Monocytes,Classical Monocytes,CIRBP,TREM1,-0.10107753784596962,-0.14664051232465114,-0.0555145633672881,56,1.3737744637750277e-05,0.0011420665830312385,11,0.9426519777161434,33,0.8592221323256731,5,0.9108367745166568,7,0.9284844669721561,Non-classical Monocytes,Classical Monocytes,CIRBP,TREM1,-0.0011660390968831758,-0.0018889630843364389,-0.0004431151094299126,56,0.0015705542565928206,0.09753557241920435,11,0.9993259556673304,33,0.9979381636307982,5,0.9996424538632646,7,0.9994207009236156
CD8 T Cells|Classical Monocytes|IL16|CD4,CD8 T Cells,Classical Monocytes,IL16,CD4,-0.31831425939736524,-0.46105866422305253,-0.17556985457167795,56,1.2388258210035155e-05,0.0011420665830312385,11,0.3114226874911536,33,0.0686946657344594,5,0.25034005189730146,7,0.32592628953797254,CD8 T Cells,Classical Monocytes,IL16,CD4,-0.006022779089658314,-0.01083927322853249,-0.001206284950784139,56,0.01425254594710824,0.2647078955118446,11,0.9922919095337172,33,0.9835337871951614,5,0.9969695157521699,7,0.9942341725032723
CD4 T Cells|B Cells|SELPLG|SELL,CD4 T Cells,B Cells,SELPLG,SELL,-0.29818466828623125,-0.43481896139640563,-0.1615503751760569,56,1.891405351089963e-05,0.0013801348421234574,11,0.7233739674011677,33,0.6333955471280088,5,0.6076115526033534,7,0.8158178006164258,CD4 T Cells,B Cells,SELPLG,SELL,-0.0015599398896880556,-0.003052028223315312,-6.785155606079925e-05,56,0.040453137044091605,0.412586611417206,11,0.9968784579087295,33,0.9956208769422218,5,0.9984219816037273,7,0.9987243405269076
NK Cells|Non-classical Monocytes|GNAI2|S1PR4,NK Cells,Non-classical Monocytes,GNAI2,S1PR4,-0.4079404556006132,-0.5968779481498637,-0.21900296305136271,56,2.31812580367503e-05,0.001592006985759175,11,0.4150372445656023,33,0.14202530933703367,5,0.0,7,0.13492852037204456,NK Cells,Non-classical Monocytes,GNAI2,S1PR4,-0.0037596698369845027,-0.006720763949713805,-0.0007985757242552002,56,0.012826681771855194,0.2464945460416072,11,0.9936164062040587,33,0.9874667510489231,5,0.9950227289845902,7,0.9926327436664392
B Cells|Non-classical Monocytes|ARF6|SMAP1,B Cells,Non-classical Monocytes,ARF6,SMAP1,-0.4426328114186001,-0.6481374755977432,-0.23712814723945713,55,2.4264827037909192e-05,0.001618810603814799,11,0.4175075970307471,32,0.2706591786324804,5,0.2712790234303307,7,0.5670634164506642,B Cells,Non-classical Monocytes,ARF6,SMAP1,-0.03234246041273825,-0.09213571472018448,0.027450793894707975,56,0.2890745455151529,0.5900226619420714,11,0.9934300045174731,33,0.9604369365603085,5,0.9971864873530507,7,0.9965358798086242
Classical Monocytes|CD4 T Cells|GNAI2|S1PR4,Classical Monocytes,CD4 T Cells,GNAI2,S1PR4,-0.211128815406059,-0.30988125095433083,-0.11237637985778715,56,2.7855425235396588e-05,0.0016365904390067446,11,0.7276698981166945,33,0.6173232313471955,5,0.6146145901140483,7,0.7153967387506083,Classical Monocytes,CD4 T Cells,GNAI2,S1PR4,-0.0008491829068471013,-0.001961507436717629,0.0002631416230234264,56,0.134576263285079,0.5560563594390482,11,0.9969900401932008,33,0.9954792904439839,5,0.9984331974753419,7,0.997771630632972
Classical Monocytes|Non-classical Monocytes|HLA-DMB|CD4,Classical Monocytes,Non-classical Monocytes,HLA-DMB,CD4,-0.3359253442167424,-0.49225291606214866,-0.17959777237133617,56,2.5347939953268025e-05,0.0016365904390067446,11,0.47842735350415455,33,0.2304047132030713,5,0.35762067093367095,7,0.4455233748493301,Classical Monocytes,Non-classical Monocytes,HLA-DMB,CD4,-0.0037770248335102785,-0.0075108626225068795,-4.318704451367712e-05,56,0.04740835987610025,0.4459010676893301,11,0.994240386399441,33,0.9883764922923901,5,0.9974094178881456,7,0.995322548614605
B Cells|Classical Monocytes|LTB|TNFRSF1A,B Cells,Classical Monocytes,LTB,TNFRSF1A,-0.09233410460407887,-0.1353800188429646,-0.04928819036519314,56,2.6206405353757677e-05,0.0016365904390067446,11,0.95687216382351,33,0.9189072636520531,5,0.9272822261904148,7,0.9816514306230367,B Cells,Classical Monocytes,LTB,TNFRSF1A,-0.0006097115129276576,-0.0009631700559876518,-0.00025625296986766334,56,0.0007224539632047714,0.09753557241920435,11,0.9995107232099361,33,0.9990769478244791,5,0.9996854777036294,7,0.9998614138311002
Non-classical Monocytes|Classical Monocytes|PSEN1|CD44,Non-classical Monocytes,Classical Monocytes,PSEN1,CD44,-0.20192936271028783,-0.2964119159883388,-0.10744680943223682,56,2.8035810518316825e-05,0.0016365904390067446,11,0.8933857256139764,33,0.7504737262410085,5,0.8000524610650945,7,0.8590698244024144,Non-classical Monocytes,Classical Monocytes,PSEN1,CD44,-0.0014891309910088912,-0.002308141773618503,-0.0006701202083992792,56,0.00036577552447096225,0.07159490888903197,11,0.9988368959218117,33,0.996992357874371,5,0.9992216302360571,7,0.9988662231796253
CD4 T Cells|B Cells|LTB|CD40,CD4 T Cells,B Cells,LTB,CD40,-0.03357174631129278,-0.04925106102889905,-0.017892431593686513,56,2.7098224790591334e-05,0.0016365904390067446,11,0.9895875637210043,33,0.9758238107699968,5,0.9727955382243934,7,0.9926035315846787,CD4 T Cells,B Cells,LTB,CD40,-0.0002020411842669212,-0.0003204551384602092,-8.362723007363318e-05,56,0.0008253655715636556,0.09753557241920435,11,0.9998706371587631,33,0.9997272718033202,5,0.9998804035355127,7,0.9999390793643366
CD8 T Cells|Non-classical Monocytes|CD52|SIGLEC10,CD8 T Cells,Non-classical Monocytes,CD52,SIGLEC10,-0.048830187325640706,-0.07182331244331691,-0.025837062207964494,55,3.149906031394979e-05,0.0017939098983676281,11,0.9912234475352159,32,0.9498230410331796,5,0.9794209485120806,7,0.9868507293356851,CD8 T Cells,Non-classical Monocytes,CD52,SIGLEC10,-0.030892413691086085,-0.09116285447352905,0.02937802709135688,56,0.3150868324066731,0.5900226619420714,11,0.9998907472576316,33,0.9689850611705172,5,0.9999105358098109,7,0.9998972634137827
Classical Monocytes|Classical Monocytes|HLA-DMB|CD4,Classical Monocytes,Classical Monocytes,HLA-DMB,CD4,-0.3298975107923595,-0.48625580646011796,-0.17353921512460108,56,3.5450328014037794e-05,0.0019250352537855406,11,0.4644270159782687,33,0.12417877126500028,5,0.3536645298913156,7,0.3433137959704067,Classical Monocytes,Classical Monocytes,HLA-DMB,CD4,-0.0062005621914922315,-0.011136925118621351,-0.0012641992643631118,56,0.01381995496026006,0.2604592691477921,11,0.9940524589206391,33,0.9848006848798273,5,0.9974058684387535,7,0.994354656589434
CD4 T Cells|Non-classical Monocytes|CD52|SIGLEC10,CD4 T Cells,Non-classical Monocytes,CD52,SIGLEC10,-0.04984528966078772,-0.0734645133108662,-0.026226066010709235,55,3.530302614464387e-05,0.0019250352537855406,11,0.9919169740230204,32,0.9480027648803192,5,0.9843671322987504,7,0.9902982128168369,CD4 T Cells,Non-classical Monocytes,CD52,SIGLEC10,-0.030945842518664057,-0.09121398635228611,0.029322301314958006,56,0.31423215465396925,0.5900226619420714,11,0.9998993471158801,33,0.9689451710041304,5,0.9999316433450792,7,0.9999233097519936
B Cells|Non-classical Monocytes|CD52|SIGLEC10,B Cells,Non-classical Monocytes,CD52,SIGLEC10,-0.03970263087101933,-0.058605658435049036,-0.02079960330698962,55,3.845445932394799e-05,0.0020407082391231493,11,0.996286069164471,32,0.9604142674970192,5,0.9899927087030636,7,0.9938235379066309,B Cells,Non-classical Monocytes,CD52,SIGLEC10,-0.030831652956818112,-0.09111000455998021,0.029446698646343986,56,0.3161031123694721,0.5900226619420714,11,0.9999530816498301,33,0.9691154220368626,5,0.9999558641215657,7,0.9999498574654162
B Cells|CD4 T Cells|HLA-DRB1|CD4,B Cells,CD4 T Cells,HLA-DRB1,CD4,-0.04925062461904184,-0.07285409949913971,-0.025647149738943963,55,4.320641060261251e-05,0.0022419326390466713,11,0.9776425766935481,32,0.9479120463555777,5,0.9416258352247306,7,0.961145929505802,B Cells,CD4 T Cells,HLA-DRB1,CD4,-0.030497200150286785,-0.09077527133109192,0.029780871030518345,56,0.32137910014158455,0.5900226619420714,11,0.999739767826712,33,0.9691148869586123,5,0.9997668979338361,7,0.9996392172160231
Non-classical Monocytes|CD4 T Cells|HLA-DRB1|CD4,Non-classical Monocytes,CD4 T Cells,HLA-DRB1,CD4,-0.047892231897443405,-0.07110892872445257,-0.02467553507043424,55,5.275276711947997e-05,0.0026777763309562114,11,0.9654234929657204,32,0.9271917099933367,5,0.9488131232354465,7,0.9584735721605062,Non-classical Monocytes,CD4 T Cells,HLA-DRB1,CD4,-0.030592563879112356,-0.09085392783794537,0.029668800079720656,56,0.31973411541805685,0.5900226619420714,11,0.9996088719946836,33,0.9688441977249449,5,0.9997917363387939,7,0.9996196259481677
CD4 T Cells|CD4 T Cells|CD48|CD2,CD4 T Cells,CD4 T Cells,CD48,CD2,-0.06612932982626096,-0.09826576493465658,-0.033992894717865346,56,5.5033822462312285e-05,0.002734127137223387,11,0.9592054421043635,33,0.9071541906390767,5,0.9550723072066395,7,0.9691503855676136,CD4 T Cells,CD4 T Cells,CD48,CD2,-0.0004727643638691159,-0.0007237057842866528,-0.00022182294345157895,56,0.0002220605794334167,0.0692054679605014,11,0.9995385800725708,33,0.9990056451348241,5,0.9998134678666311,7,0.9997532972927535
Non-classical Monocytes|CD4 T Cells|HLA-DPB1|CD4,Non-classical Monocytes,CD4 T Cells,HLA-DPB1,CD4,-0.08479436454663491,-0.12612647583597414,-0.043462253257295705,55,5.7966601260079404e-05,0.002819833623797613,11,0.9437804531400901,32,0.8629976885346955,5,0.9383132116993256,7,0.9423248116405659,Non-classical Monocytes,CD4 T Cells,HLA-DPB1,CD4,-0.03100544457546972,-0.09121945762047132,0.029208568469531876,56,0.31286620304710866,0.5900226619420714,11,0.9993740517400288,33,0.9680545803657633,5,0.9997485718145489,7,0.9994345450157532
Classical Monocytes|Non-classical Monocytes|LGALS9|CD44,Classical Monocytes,Non-classical Monocytes,LGALS9,CD44,-0.06459013435561767,-0.09614706600530341,-0.03303320270593192,56,6.030416740946182e-05,0.0028736781816549664,11,0.9428124088836771,33,0.923238921609751,5,0.892744072453735,7,0.9377607195354265,Classical Monocytes,Non-classical Monocytes,LGALS9,CD44,-0.0002459997795122293,-0.0005130982205827399,2.109866155828135e-05,56,0.07105240918386442,0.4776247420339505,11,0.9993482458309315,33,0.9990475793183332,5,0.9995738954242966,7,0.9995192286912106
Classical Monocytes|CD4 T Cells|HLA-DRB1|CD4,Classical Monocytes,CD4 T Cells,HLA-DRB1,CD4,-0.15524586551927688,-0.2314328864191344,-0.07905884461941938,55,6.502062383810643e-05,0.0029858413740106713,11,0.9233258061349215,32,0.829463188999107,5,0.8440778264222064,7,0.9054610748056687,Classical Monocytes,CD4 T Cells,HLA-DRB1,CD4,-0.03133422064068425,-0.09152190621792067,0.028853464936552164,56,0.3075511635448491,0.5900226619420714,11,0.9991425531052098,33,0.9676045742537739,5,0.9993891073967468,7,0.9991853491859952
Non-classical Monocytes|Non-classical Monocytes|PSEN1|CD44,Non-classical Monocytes,Non-classical Monocytes,PSEN1,CD44,-0.2783089256606974,-0.4156960245213297,-0.14092182680006518,56,7.176580552003894e-05,0.0031865245752603693,11,0.8672337442688591,33,0.6900303338335338,5,0.7055610410869625,7,0.8066665563123346,Non-classical Monocytes,Non-classical Monocytes,PSEN1,CD44,-0.0020411550112585664,-0.003191935732313797,-0.0008903742902033353,56,0.0005081670135892624,0.08196362554723631,11,0.9985585537868875,33,0.9961444714649579,5,0.9988611927005678,7,0.9984882653898967
Non-classical Monocytes|Non-classical Monocytes|GNAI2|S1PR4,Non-classical Monocytes,Non-classical Monocytes,GNAI2,S1PR4,-0.2630185872295575,-0.3929184497407734,-0.13311872471834166,56,7.232796680462509e-05,0.0031865245752603693,11,0.840833666205389,33,0.6285467066017835,5,0.6843428126440462,7,0.7350744402699981,Non-classical Monocytes,Non-classical Monocytes,GNAI2,S1PR4,-0.0021583679194940864,-0.0032920623671432534,-0.0010246734718449193,56,0.00019038130584400896,0.06401821910723017,11,0.9982221926939975,33,0.9953423852224054,5,0.9987490152343339,7,0.998027575682236
Non-classical Monocytes|Non-classical Monocytes|LGALS9|CD44,Non-classical Monocytes,Non-classical Monocytes,LGALS9,CD44,-0.0356066252287206,-0.053446020223316786,-0.017767230234124416,56,9.153512778488128e-05,0.003958046729216625,11,0.9727259009005528,33,0.9553277922860969,5,0.9491653418511004,7,0.967373858465365,Non-classical Monocytes,Non-classical Monocytes,LGALS9,CD44,-0.0001993078144746363,-0.000354964771463186,-4.365085748608659e-05,56,0.012086922120926718,0.2428407089012604,11,0.9996803406578111,33,0.999429974928169,5,0.9997907198566214,7,0.9997396619414539
Classical Monocytes|Non-classical Monocytes|PSEN1|CD44,Classical Monocytes,Non-classical Monocytes,PSEN1,CD44,-0.2882963821841481,-0.43323768742886626,-0.14335507693942992,56,9.679909359397673e-05,0.0041095615189442845,11,0.8257129988113253,33,0.6410263142498983,5,0.6673426615491784,7,0.7709523591718995,Classical Monocytes,Non-classical Monocytes,PSEN1,CD44,-0.002061348329165047,-0.00325806583216885,-0.0008646308261612439,56,0.0007353670768387075,0.09753557241920435,11,0.9981232752462151,33,0.9956296337467049,5,0.9986993377487708,7,0.9982670445784257
CD8 T Cells|Non-classical Monocytes|SELPLG|ITGB2,CD8 T Cells,Non-classical Monocytes,SELPLG,ITGB2,-0.16149573707159026,-0.24296365092922634,-0.08002782321395419,56,0.0001022111285230281,0.004187069914057379,11,0.8889285723679309,33,0.8634194864521373,5,0.7422755011944651,7,0.8782621523502617,CD8 T Cells,Non-classical Monocytes,SELPLG,ITGB2,-0.0005835227231517637,-0.0011371388365141086,-2.990660978941873e-05,56,0.038843383356387165,0.4015701881293812,11,0.998754785147225,33,0.9983961384530556,5,0.9989660481687013,7,0.9991909241976836
Classical Monocytes|Classical Monocytes|PSEN1|CD44,Classical Monocytes,Classical Monocytes,PSEN1,CD44,-0.21063334611796136,-0.3168007083648439,-0.1044659838710788,56,0.00010085790492434795,0.004187069914057379,11,0.8565037184088599,33,0.7047367509369721,5,0.7721679280429016,7,0.8310343066889752,Classical Monocytes,Classical Monocytes,PSEN1,CD44,-0.0015266734332175513,-0.0024406577414307047,-0.0006126891250043981,56,0.0010610218925856194,0.09753557241920435,11,0.9984464299675615,33,0.9964963695989857,5,0.9991043455201181,7,0.9986809585847597
Non-classical Monocytes|Non-classical Monocytes|CD52|SIGLEC10,Non-classical Monocytes,Non-classical Monocytes,CD52,SIGLEC10,-0.0770867082999025,-0.1160900408280306,-0.03808337577177439,55,0.00010719577813960903,0.0042424091856946965,11,0.9934085974821548,32,0.9175996221635382,5,0.9806553290158349,7,0.9819330619971208,Non-classical Monocytes,Non-classical Monocytes,CD52,SIGLEC10,-0.031446444930478434,-0.09168486036641141,0.02879197050545454,56,0.3062293582051915,0.5900226619420714,11,0.9999198540235154,33,0.9684166201629046,5,0.999919558136669,7,0.9998627692065367
Non-classical Monocytes|NK Cells|BAG6|NCR3,Non-classical Monocytes,NK Cells,BAG6,NCR3,-0.2732883921865262,-0.4121219242567567,-0.13445486011629565,55,0.00011426598391503643,0.004446851207360168,11,0.4930352102500424,33,0.24981397386460663,5,0.00386464985907876,6,0.0339318056601692,Non-classical Monocytes,NK Cells,BAG6,NCR3,0.14269665487361172,-0.15638831493423522,0.44178162468145865,56,0.34972651691678647,0.5900226619420714,11,0.9944119665558009,33,0.9894239906032347,5,0.9952136131079582,7,0.8475289822817803
CD8 T Cells|CD4 T Cells|SELPLG|ITGB2,CD8 T Cells,CD4 T Cells,SELPLG,ITGB2,-0.4282959810239996,-0.6470858730935516,-0.20950608895444758,56,0.00012466729149190856,0.0045083921833241804,11,0.5412687127950381,33,0.4642661976712656,5,0.1988428375370509,7,0.550136303437278,CD8 T Cells,CD4 T Cells,SELPLG,ITGB2,-0.0012976292744883988,-0.0028182197426425493,0.00022296119366575144,56,0.09441033875012049,0.543412301148216,11,0.9948771653250122,33,0.9935430848159436,5,0.9968782881755326,7,0.9968418369409523
CD4 T Cells|Non-classical Monocytes|ARF6|SMAP1,CD4 T Cells,Non-classical Monocytes,ARF6,SMAP1,-0.35790448267178504,-0.5405594908623965,-0.17524947448117353,55,0.00012280222008515605,0.0045083921833241804,11,0.11126800606024224,32,0.10953416302655627,5,0.05639556341283066,7,0.4125662030509297,CD4 T Cells,Non-classical Monocytes,ARF6,SMAP1,-0.03216854332532404,-0.09177035298641104,0.02743326633576295,56,0.2901283318296284,0.5900226619420714,11,0.9890774711728464,33,0.9565152766469293,5,0.9957284022184754,7,0.9953347510178823
B Cells|Non-classical Monocytes|HLA-DMB|CD4,B Cells,Non-classical Monocytes,HLA-DMB,CD4,-0.1159610679693922,-0.17509049259030598,-0.056831643348478435,56,0.00012116183526109862,0.0045083921833241804,11,0.8680564719371712,33,0.7849485631348323,5,0.7984133636210051,7,0.8312665227880585,B Cells,Non-classical Monocytes,HLA-DMB,CD4,-0.0005072428642186599,-0.001613953537353385,0.0005994678089160652,56,0.36901621862379963,0.6029760624462895,11,0.9985063765101646,33,0.9972985086802618,5,0.9991778781612851,7,0.998477253195601
B Cells|CD4 T Cells|HLA-DRA|CD4,B Cells,CD4 T Cells,HLA-DRA,CD4,-0.02131521368674083,-0.03220848805223579,-0.010421939321245865,55,0.0001255012813345061,0.0045083921833241804,11,0.9879441328623884,32,0.972768002608684,5,0.9752422184381861,7,0.9813813018712226,B Cells,CD4 T Cells,HLA-DRA,CD4,-0.030409239744552563,-0.09070392504845448,0.029885445559349348,56,0.3229101216680689,0.5900226619420714,11,0.9998588620817167,33,0.9693886189012915,5,0.9998920738851893,7,0.9998310704493167
CD4 T Cells|Non-classical Monocytes|PKM|CD44,CD4 T Cells,Non-classical Monocytes,PKM,CD44,-0.06269771745947961,-0.09464840248085502,-0.0307470324381042,56,0.00012001680544625312,0.0045083921833241804,11,0.9637937717838306,33,0.9114931240987441,5,0.9423984744084681,7,0.9527955441828613,CD4 T Cells,Non-classical Monocytes,PKM,CD44,-0.0005171091237263781,-0.0008602935466397539,-0.0001739247008130023,56,0.0031442979260073215,0.12104049386072421,11,0.9995748692349703,33,0.9988950702682208,5,0.9997664865781966,7,0.9996037967351733
Classical Monocytes|CD8 T Cells|GNAI2|S1PR4,Classical Monocytes,CD8 T Cells,GNAI2,S1PR4,-0.20684441381156127,-0.31298958728198334,-0.10069924034113922,55,0.00013379340703918876,0.004706951532359775,11,0.6730504846000886,32,0.5677085872805007,5,0.6079709427338598,7,0.709473459225833,Classical Monocytes,CD8 T Cells,GNAI2,S1PR4,-0.031058175438620994,-0.09106809305694724,0.02895174217970526,56,0.31040110578980395,0.5900226619420714,11,0.9963850712668418,33,0.9646338528055394,5,0.9984161759513868,7,0.9977231329287054
Non-classical Monocytes|B Cells|SELPLG|ITGB2,Non-classical Monocytes,B Cells,SELPLG,ITGB2,-0.45204261029378173,-0.6841560769987229,-0.21992914358884058,56,0.00013506027951524837,0.004706951532359775,11,0.39802185950791097,33,0.3104698870526627,5,0.08739456407367045,7,0.451885201912204,Non-classical Monocytes,B Cells,SELPLG,ITGB2,-0.0016921225333971224,-0.0034064182678002746,2.217320100602986e-05,56,0.05303777422902691,0.46739081317138337,11,0.9934346724740031,33,0.9913420749171717,5,0.9964326747612888,7,0.9960321997378546
CD8 T Cells|Non-classical Monocytes|PKM|CD44,CD8 T Cells,Non-classical Monocytes,PKM,CD44,-0.07961941029776265,-0.12054250233213665,-0.03869631826338866,56,0.00013713502918301834,0.004708974899152174,11,0.9472489931083419,33,0.8829728871964503,5,0.9210753130614778,7,0.9364186174473489,CD8 T Cells,Non-classical Monocytes,PKM,CD44,-0.0007215230460162481,-0.00123107979758387,-0.00021196629444862614,56,0.005515535797741081,0.14594797007290425,11,0.9993921949589193,33,0.9984702898450875,5,0.9996831959787,7,0.9994828139108843
Classical Monocytes|Non-classical Monocytes|HLA-B|LILRA1,Classical Monocytes,Non-classical Monocytes,HLA-B,LILRA1,-0.0369984173081801,-0.05614601097749992,-0.01785082363886028,56,0.00015236090969279216,0.005155981509169126,11,0.9859526990594969,33,0.9690207392672661,5,0.9616919978733911,7,0.9817584553893404,Classical Monocytes,Non-classical Monocytes,HLA-B,LILRA1,-0.00022051861207550427,-0.0003502145457003815,-9.082267845062706e-05,56,0.0008607700998500833,0.09753557241920435,11,0.9998368538914536,33,0.9996209227044879,5,0.9998507820438173,7,0.999855369468927
NK Cells|Non-classical Monocytes|HLA-B|LILRA1,NK Cells,Non-classical Monocytes,HLA-B,LILRA1,-0.019411298271576283,-0.02950207674572185,-0.009320519797430715,56,0.0001630395504635472,0.005438533576176895,11,0.9942732530895794,33,0.9837937606103849,5,0.9816488949388592,7,0.9905807007312412,NK Cells,Non-classical Monocytes,HLA-B,LILRA1,-0.00012731598280013579,-0.00019776645414196673,-5.6865511458304845e-05,56,0.0003971231795701176,0.07159490888903197,11,0.9999312820088341,33,0.9998004265476383,5,0.9999272514639606,7,0.9999237119855648
CD4 T Cells|NK Cells|CD48|CD2,CD4 T Cells,NK Cells,CD48,CD2,-0.10484779742787942,-0.15944236516333832,-0.050253229692420506,56,0.00016716843473289452,0.005497722466215616,11,0.9296092978916826,33,0.8522889842055277,5,0.9509361059670021,7,0.9784635897087266,CD4 T Cells,NK Cells,CD48,CD2,-0.0009597066063766757,-0.001483967427432427,-0.0004354457853209244,56,0.0003333643157374413,0.07159490888903197,11,0.999224229360706,33,0.9983113287785946,5,0.9997956832823192,7,0.9998424893065845
Non-classical Monocytes|B Cells|GNAI2|S1PR4,Non-classical Monocytes,B Cells,GNAI2,S1PR4,-0.2802332166545407,-0.4265498461813708,-0.13391658712771062,52,0.00017415652000638064,0.00564799269742915,11,0.802582974281626,29,0.6348335848650383,5,0.6349293102225293,7,0.7474131374604823,Non-classical Monocytes,B Cells,GNAI2,S1PR4,-0.12256560089294588,-0.23689605038558942,-0.008235151400302343,56,0.035628768414638703,0.40101408534417127,11,0.9978006647788608,33,0.8749011821672702,5,0.9985266190587421,7,0.9981927373400975
Classical Monocytes|CD8 T Cells|CD48|CD2,Classical Monocytes,CD8 T Cells,CD48,CD2,-0.08996360551141769,-0.13710255594563675,-0.042824655077198626,56,0.00018362071482124083,0.005873347522021882,11,0.9251804960490784,33,0.8868689377642608,5,0.9050688945122163,7,0.9567209417388164,Classical Monocytes,CD8 T Cells,CD48,CD2,-0.0004886310414414785,-0.0008742042850456379,-0.0001030577978373192,56,0.012997703384713857,0.24862972133214623,11,0.9991767326253399,33,0.9987672826581618,5,0.9996102128444161,7,0.9996893939186794
CD4 T Cells|Classical Monocytes|LTB|TNFRSF1A,CD4 T Cells,Classical Monocytes,LTB,TNFRSF1A,-0.06364892325328686,-0.09707968311359971,-0.030218163392974014,56,0.00019028160433390891,0.0060041560286442875,11,0.9642050039453018,33,0.9496106272358388,5,0.9360550784833087,7,0.9851096250271325,CD4 T Cells,Classical Monocytes,LTB,TNFRSF1A,-0.00032682192071875615,-0.0005921414302447771,-6.150241119273525e-05,56,0.015765752518744066,0.284271718428537,11,0.9995906487579315,33,0.9994278301444559,5,0.9997228314019443,7,0.9998868347091875
B Cells|CD4 T Cells|HLA-DPA1|CD4,B Cells,CD4 T Cells,HLA-DPA1,CD4,-0.04712310129721975,-0.07201450384509762,-0.02223169874934187,55,0.00020684923863722134,0.006439906296238825,11,0.9608291549568009,32,0.9311248790305179,5,0.9400099932121012,7,0.957428818583038,B Cells,CD4 T Cells,HLA-DPA1,CD4,-0.030478794379685925,-0.09074556898513361,0.029787980225761755,56,0.3215805405194271,0.5900226619420714,11,0.9995629910505618,33,0.9689287386935402,5,0.9997548118598948,7,0.999599353882559
Non-classical Monocytes|NK Cells|CD48|CD244,Non-classical Monocytes,NK Cells,CD48,CD244,-0.24156806067110648,-0.3697315177644527,-0.11340460357776028,53,0.00022055809504611224,0.006776357262272,11,0.9049594150792928,32,0.7741213591085666,5,0.7179972049535756,5,0.8287272096539559,Non-classical Monocytes,NK Cells,CD48,CD244,0.2536496509591406,-0.14090568740218468,0.6482049893204659,56,0.20766528975947562,0.5900226619420714,11,0.9989432263570581,33,0.9671293518882741,5,0.9988493239243141,7,0.7133857984963895
Classical Monocytes|CD4 T Cells|HLA-DPB1|CD4,Classical Monocytes,CD4 T Cells,HLA-DPB1,CD4,-0.29467136730258503,-0.45141398579889613,-0.13792874880627393,55,0.0002289966003862132,0.00690771720721957,11,0.778510354883295,32,0.5366591355611727,5,0.6973216494506873,7,0.7501417974311501,Classical Monocytes,CD4 T Cells,HLA-DPB1,CD4,-0.033167204447962506,-0.09313473424156507,0.02680032534564005,56,0.27835205306010924,0.5900226619420714,11,0.9975990218551819,33,0.9634202314756446,5,0.9988171013588429,7,0.9978055154272681
CD4 T Cells|Classical Monocytes|CALR|LRP1,CD4 T Cells,Classical Monocytes,CALR,LRP1,-0.3603960345471837,-0.5522003244782357,-0.16859174461613166,56,0.0002307502964296045,0.00690771720721957,11,0.3411847738266606,33,0.26867497666282597,5,0.12223355146264306,7,0.4101197888459921,CD4 T Cells,Classical Monocytes,CALR,LRP1,-0.0003424915180240129,-0.0031642240221730227,0.002479240986124997,56,0.8119639117776818,0.8936498591468749,11,0.9926934702470064,33,0.9909544273821805,5,0.9965470799856824,7,0.9951505286388805
CD4 T Cells|Classical Monocytes|PKM|CD44,CD4 T Cells,Classical Monocytes,PKM,CD44,-0.039861946092770606,-0.06114912846398384,-0.01857476372155737,56,0.00024237136781134116,0.007152496117188529,11,0.9727147348806809,33,0.9322897297684253,5,0.9690316817729391,7,0.9684686227534539,CD4 T Cells,Classical Monocytes,PKM,CD44,-0.0003447473602311568,-0.0006156995001928092,-7.37952202695045e-05,56,0.012639429464780824,0.24470701469843845,11,0.9996727668381364,33,0.9991718745822998,5,0.9998685249913253,7,0.9997123800957199
CD4 T Cells|CD4 T Cells|SELPLG|ITGB2,CD4 T Cells,CD4 T Cells,SELPLG,ITGB2,-0.4262803844872504,-0.6540984368102807,-0.19846233216422018,56,0.00024505340016063484,0.007152496117188529,11,0.5155905830271343,33,0.4245304079674355,5,0.29340658698846706,7,0.6286267964160187,CD4 T Cells,CD4 T Cells,SELPLG,ITGB2,-0.0014527185811595844,-0.003302577453349744,0.0003971402910305751,56,0.12375899726514257,0.5560563594390482,11,0.9945792253534926,33,0.9930733378142815,5,0.9972625379390203,7,0.9972093689809688
Classical Monocytes|CD8 T Cells|HLA-E|CD8B,Classical Monocytes,CD8 T Cells,HLA-E,CD8B,-0.019567465897092573,-0.030055602617881254,-0.009079329176303892,56,0.0002555249938710465,0.00736606000850486,11,0.9903536933844876,33,0.9858132681544858,5,0.975158333590967,7,0.9901853742580577,Classical Monocytes,CD8 T Cells,HLA-E,CD8B,-9.834987288481756e-05,-0.0001721775649186006,-2.452218085103454e-05,56,0.009028467048029868,0.20098563055701335,11,0.9998799187707834,33,0.9998148661197117,5,0.99988973980923,7,0.9999230370310431
CD8 T Cells|Classical Monocytes|PKM|CD44,CD8 T Cells,Classical Monocytes,PKM,CD44,-0.048002824673686995,-0.07385945714369965,-0.02214619220367433,56,0.0002740474491899875,0.007440706905332799,11,0.9610184375405637,33,0.9129077448295503,5,0.9581135725830519,7,0.9580057045457254,CD8 T Cells,Classical Monocytes,PKM,CD44,-0.00045303965176990424,-0.0008164137233756445,-8.9665580164164e-05,56,0.014541481382509134,0.26929137551550975,11,0.9995413130071064,33,0.9988927028492769,5,0.9998256246584332,7,0.9996300541523736
Non-classical Monocytes|CD4 T Cells|ARF6|SMAP1,Non-classical Monocytes,CD4 T Cells,ARF6,SMAP1,-0.3517209426218727,-0.5411164796319718,-0.1623254056117736,54,0.0002728582505615062,0.007440706905332799,11,0.4152046748206725,31,0.33649458864838283,5,0.471941140420035,7,0.744951996869618,Non-classical Monocytes,CD4 T Cells,ARF6,SMAP1,-0.062318550061545186,-0.14556098927755057,0.02092388915446021,56,0.14229288722575495,0.5560563594390482,11,0.9933971679770616,33,0.9311534739921142,5,0.9979761407316484,7,0.9980509968082462
B Cells|Classical Monocytes|HLA-DMB|CD4,B Cells,Classical Monocytes,HLA-DMB,CD4,-0.13912732643532244,-0.2139412642955209,-0.06431338857512399,56,0.0002675621571853342,0.007440706905332799,11,0.8629238253131457,33,0.7224769252948104,5,0.7983978847525676,7,0.7970783111695547,B Cells,Classical Monocytes,HLA-DMB,CD4,-0.0008770439537484354,-0.0023328900566897586,0.0005788021491928881,56,0.23770634407778113,0.5900226619420714,11,0.9984429803852545,33,0.9965001917187423,5,0.9991811805421793,7,0.9981154358294156
Non-classical Monocytes|Non-classical Monocytes|HLA-B|LILRA1,Non-classical Monocytes,Non-classical Monocytes,HLA-B,LILRA1,-0.02989531423268532,-0.04598677274289674,-0.013803855722473907,56,0.00027127062181998493,0.007440706905332799,11,0.990413613098983,33,0.9754899510761117,5,0.9702691383563847,7,0.9852407905661986,Non-classical Monocytes,Non-classical Monocytes,HLA-B,LILRA1,-0.00019064658964107473,-0.00029590930796474893,-8.53838713174005e-05,56,0.00038553989221698536,0.07159490888903197,11,0.9998879842614244,33,0.9996980452922227,5,0.999883751427163,7,0.9998844590476023
B Cells|Non-classical Monocytes|PKM|CD44,B Cells,Non-classical Monocytes,PKM,CD44,-0.09498574225956113,-0.14604652566995752,-0.04392495884916474,56,0.00026633333059355476,0.007440706905332799,11,0.9336891787358815,33,0.8566833940885796,5,0.9059593327682297,7,0.9239392903804889,B Cells,Non-classical Monocytes,PKM,CD44,-0.0008356575960644097,-0.001496586250369713,-0.00017472894175910622,56,0.013207768239783032,0.25114414072611246,11,0.9992492109395014,33,0.9981527871695332,5,0.9996203036894629,7,0.9993595375155592
B Cells|Classical Monocytes|VIM|CD44,B Cells,Classical Monocytes,VIM,CD44,-0.03073373332413898,-0.047326227260852685,-0.014141239387425276,56,0.0002830074106357178,0.007595658664763231,11,0.9760087014194972,33,0.9532822610635386,5,0.9717191655779244,7,0.9797264585461046,B Cells,Classical Monocytes,VIM,CD44,-0.0002116971434867887,-0.0003793899021430515,-4.400438483052592e-05,56,0.013350515597412285,0.25310517552482814,11,0.9997159284658186,33,0.9994463402823819,5,0.9998822657976575,7,0.9998243747577075
B Cells|CD4 T Cells|HLA-DQA1|CD4,B Cells,CD4 T Cells,HLA-DQA1,CD4,-0.13412830093451422,-0.20671033830500157,-0.06154626356402687,55,0.00029241978994044165,0.007759093289896946,11,0.9107654892810725,32,0.841649335424691,5,0.8505044160819958,7,0.9155165631601285,B Cells,CD4 T Cells,HLA-DQA1,CD4,-0.030890728255700384,-0.09110036018538242,0.029318903673981662,56,0.3146247369741869,0.5900226619420714,11,0.9990312667434278,33,0.9679799678124303,5,0.9994218301560288,7,0.9992612594807319
B Cells|Non-classical Monocytes|PTPN6|CLEC12A,B Cells,Non-classical Monocytes,PTPN6,CLEC12A,-0.43941432969028177,-0.6776489400856512,-0.2011797192949123,56,0.00030025933865944325,0.0077900617307755556,11,0.7586366505545062,33,0.7325370559394646,5,0.3212661622377147,7,0.7345808973129548,B Cells,Non-classical Monocytes,PTPN6,CLEC12A,-0.0015846040762725888,-0.0037163458045862954,0.0005471376520411178,56,0.14513979064151844,0.5560563594390482,11,0.9973577522744297,33,0.9965266891631681,5,0.9972337544171573,7,0.9979872953821683
Classical Monocytes|Non-classical Monocytes|PTPN6|CD300LF,Classical Monocytes,Non-classical Monocytes,PTPN6,CD300LF,-0.4025413162637186,-0.6206296474790333,-0.18445298504840388,56,0.00029729409171280253,0.0077900617307755556,11,0.3779350737954907,33,0.26332576374395356,5,0.05778469824558842,7,0.34571670445776986,Classical Monocytes,Non-classical Monocytes,PTPN6,CD300LF,-0.002898916621611569,-0.005364150167108974,-0.00043368307611416383,56,0.021180006967054292,0.29790136840649406,11,0.9931225397924733,33,0.9894967788361784,5,0.9959364082123938,7,0.9952095638777104
Classical Monocytes|Classical Monocytes|CIRBP|TREM1,Classical Monocytes,Classical Monocytes,CIRBP,TREM1,-0.14069984931042478,-0.21730834023877066,-0.06409135838207893,56,0.0003185996728504496,0.008031794309499482,11,0.8470501924176091,33,0.7691181506513608,5,0.7950404471366509,7,0.8578082546808273,Classical Monocytes,Classical Monocytes,CIRBP,TREM1,-0.0011396463443753557,-0.0022138690194021178,-6.54236693485937e-05,56,0.037586828168347144,0.40101408534417127,11,0.9982696614880404,33,0.9967774539571284,5,0.9991844735678235,7,0.9988319123812867
B Cells|Non-classical Monocytes|VIM|CD44,B Cells,Non-classical Monocytes,VIM,CD44,-0.053468196299538806,-0.08258919244976307,-0.024347200149314553,56,0.0003198958761385233,0.008031794309499482,11,0.968307722108039,33,0.9372028368669345,5,0.9477005687409396,7,0.970063879799374,B Cells,Non-classical Monocytes,VIM,CD44,-0.000353453052684527,-0.0005719157593704253,-0.00013499034599862868,56,0.0015189118115894462,0.09753557241920435,11,0.9996332303923697,33,0.9992510452150976,5,0.9997908670745332,7,0.9997621349499457
CD4 T Cells|Non-classical Monocytes|HLA-A|LILRA1,CD4 T Cells,Non-classical Monocytes,HLA-A,LILRA1,-0.034392545551061415,-0.05310548218435612,-0.015679608917766704,56,0.0003155088288696824,0.008031794309499482,11,0.9820500763293324,33,0.9636610993259876,5,0.9618136827620347,7,0.9778172513097514,CD4 T Cells,Non-classical Monocytes,HLA-A,LILRA1,-0.00019937831401928285,-0.0003649348885007296,-3.382173953783612e-05,56,0.018256851723258673,0.2902624868168367,11,0.9997887134880166,33,0.9995696543303537,5,0.9998423016060431,7,0.9998226207623997
CD4 T Cells|Classical Monocytes|MFNG|NOTCH2,CD4 T Cells,Classical Monocytes,MFNG,NOTCH2,-0.1991885599909042,-0.30781219737910337,-0.09056492260270507,56,0.00032553565411484384,0.008086444174022983,11,0.19176605585314188,33,0.06255984448209502,5,0.0,7,0.06998234861985733,CD4 T Cells,Classical Monocytes,MFNG,NOTCH2,-0.0019172119480859173,-0.006058972755848756,0.0022245488596769215,56,0.3642677311220669,0.5995122447549937,11,0.9910022952227436,33,0.9856206014047214,5,0.9956346980967077,7,0.9921702162267714
CD4 T Cells|CD8 T Cells|HLA-E|CD8A,CD4 T Cells,CD8 T Cells,HLA-E,CD8A,-0.0075790358620689835,-0.011734039323291898,-0.0034240324008460686,56,0.0003500668585299053,0.008604274891235041,11,0.995045598793954,33,0.9921931885712468,5,0.9893617184874002,7,0.994088344126762,CD4 T Cells,CD8 T Cells,HLA-E,CD8A,-3.1190794165691926e-05,-6.156921187367605e-05,-8.123764577078024e-07,56,0.044180196828661915,0.42671310477832225,11,0.999935408574067,33,0.9999049170172345,5,0.999953196761506,7,0.9999538959988391
B Cells|Non-classical Monocytes|PTPN6|CD300LF,B Cells,Non-classical Monocytes,PTPN6,CD300LF,-0.4534930333561391,-0.7025295039922889,-0.20445656271998935,56,0.0003582429267861614,0.008713512854642572,11,0.5140632869201187,33,0.2729862662707657,5,0.14058711442223215,7,0.35300312712901827,B Cells,Non-classical Monocytes,PTPN6,CD300LF,-0.003735064378642017,-0.0067738475178476705,-0.0006962812394363626,56,0.015993945932357766,0.2850310656820187,11,0.9946357086540311,33,0.9895451261025038,5,0.9964716263655946,7,0.9951161081927093
CD8 T Cells|Classical Monocytes|LTB|TNFRSF1A,CD8 T Cells,Classical Monocytes,LTB,TNFRSF1A,-0.2053291301446558,-0.3185369671162332,-0.09212129317307843,56,0.0003781843535001807,0.009103716138380638,11,0.8763972593798076,33,0.7671701898867591,5,0.8593129979727523,7,0.9554150586243596,CD8 T Cells,Classical Monocytes,LTB,TNFRSF1A,-0.0016961080267487993,-0.002814722861131217,-0.0005774931923663816,56,0.0029604992202535573,0.12104049386072421,11,0.9986523822695539,33,0.99717944517785,5,0.9994112986837198,7,0.9996344696187648
B Cells|Non-classical Monocytes|HLA-B|LILRA1,B Cells,Non-classical Monocytes,HLA-B,LILRA1,-0.03406332655246369,-0.052876330736884414,-0.015250322368042964,56,0.00038704526368011613,0.009185863248131238,11,0.9885394586470724,33,0.973468771057359,5,0.966143308934144,7,0.9851359478968942,B Cells,Non-classical Monocytes,HLA-B,LILRA1,-0.00019980605568370446,-0.0003093801676790805,-9.023194368832838e-05,56,0.0003516327274359988,0.07159490888903197,11,0.9998670387400448,33,0.9996826332308761,5,0.9998679119103565,7,0.9998833124568716
Non-classical Monocytes|CD8 T Cells|HLA-F|CD8B,Non-classical Monocytes,CD8 T Cells,HLA-F,CD8B,-0.11491376338652903,-0.17840942731839526,-0.0514180994546628,56,0.0003894648657665921,0.009185863248131238,11,0.9343826653234213,33,0.9064076467184323,5,0.8506780670815532,7,0.9376168118630933,Non-classical Monocytes,CD8 T Cells,HLA-F,CD8B,-0.0005621958233300584,-0.0010872632410927371,-3.712840556737958e-05,56,0.035856027234082447,0.40101408534417127,11,0.9992299244000553,33,0.9988225683678326,5,0.9993693887563404,7,0.9995242285474477
Classical Monocytes|Classical Monocytes|GRN|TNFRSF1A,Classical Monocytes,Classical Monocytes,GRN,TNFRSF1A,-0.11624301677646698,-0.181154361787295,-0.051331671765638964,56,0.00044828053423168093,0.010363713340900742,11,0.8865759047926627,33,0.8795450912797206,5,0.8392509195308391,7,0.948463122794364,Classical Monocytes,Classical Monocytes,GRN,TNFRSF1A,-0.00042714796550791245,-0.0009510749344801447,9.677900346431983e-05,56,0.11006025298476747,0.5560563594390482,11,0.9987554177828367,33,0.9986147263157095,5,0.9993347090183933,7,0.9996211655167739
Classical Monocytes|Non-classical Monocytes|GNAI2|S1PR4,Classical Monocytes,Non-classical Monocytes,GNAI2,S1PR4,-0.22846554164534305,-0.3561672789392411,-0.100763804351445,56,0.00045406693414735787,0.010394571482687066,11,0.7482757376487661,33,0.5618606683282409,5,0.6094934787715118,7,0.6515439510963297,Classical Monocytes,Non-classical Monocytes,GNAI2,S1PR4,-0.0015179196506980297,-0.0029341673833298684,-0.00010167191806619079,56,0.035670023805818,0.40101408534417127,11,0.9972282646231553,33,0.9945844948762286,5,0.9984312684308361,7,0.9973054183346074
B Cells|Classical Monocytes|ICAM3|ITGAL,B Cells,Classical Monocytes,ICAM3,ITGAL,-0.28783571595197854,-0.4488961421180502,-0.12677528978590694,53,0.00046055411199141084,0.010440717004853828,10,0.3160092868034542,31,0.1128844724340061,5,0.18576160615803472,7,0.2704725077405652,B Cells,Classical Monocytes,ICAM3,ITGAL,0.028865838842459857,-0.17430878270690747,0.23204046039182719,56,0.7806592688444297,0.8657580400359419,11,0.9021913200619625,33,0.9276892402064421,5,0.9967868776600868,7,0.9934189589621065
CD8 T Cells|CD8 T Cells|LCK|CD8A_CD8B,CD8 T Cells,CD8 T Cells,LCK,CD8A_CD8B,-0.05597019155459737,-0.08733981528114201,-0.02460056782805272,56,0.00047052264852089586,0.010564138310541267,11,0.9513928257592479,33,0.9376139282382118,5,0.9184642540977895,7,0.9606555481313508,CD8 T Cells,CD8 T Cells,LCK,CD8A_CD8B,-0.00018889013751688388,-0.000492265084748842,0.00011448480971507432,56,0.2223394053753548,0.5900226619420714,11,0.9994151106390881,33,0.9992726467737696,5,0.9996647773582221,7,0.9997112036304205
Non-classical Monocytes|Non-classical Monocytes|ADAM10|CD44,Non-classical Monocytes,Non-classical Monocytes,ADAM10,CD44,-0.17349967980303693,-0.2709323508829339,-0.07606700872313996,56,0.00048277755890441146,0.010736053333731435,11,0.8618249126047265,33,0.7484507704649005,5,0.7648512615225236,7,0.8249767991857345,Non-classical Monocytes,Non-classical Monocytes,ADAM10,CD44,-0.0011385687340916828,-0.0021358375259415896,-0.00014129994224177582,56,0.025242893490907102,0.33390651452050824,11,0.9984548114280585,33,0.9968785315318741,5,0.9990631697607075,7,0.998625458598615
CD4 T Cells|Non-classical Monocytes|HLA-B|LILRA1,CD4 T Cells,Non-classical Monocytes,HLA-B,LILRA1,-0.03457980396614846,-0.054034167091574235,-0.015125440840722683,56,0.0004943430415662147,0.010889537755255767,11,0.9890754139326343,33,0.9726019452125729,5,0.9675347485832264,7,0.9856410838293136,CD4 T Cells,Non-classical Monocytes,HLA-B,LILRA1,-0.0002147059262044282,-0.0003293256812482361,-0.00010008617116062031,56,0.00024121793408333296,0.07005188094810974,11,0.9998711009253178,33,0.9996664816134905,5,0.9998750201154273,7,0.9998851067298044
B Cells|CD4 T Cells|CD48|CD2,B Cells,CD4 T Cells,CD48,CD2,-0.07878759794738743,-0.12322021209808628,-0.03435498379668858,56,0.0005101029527085657,0.011131685930602812,11,0.9303266024966685,33,0.884396371331598,5,0.9212622791019415,7,0.9541196458842582,B Cells,CD4 T Cells,CD48,CD2,-0.00042869774524689763,-0.0007533740143913039,-0.00010402147610249129,56,0.009656091631721452,0.21055552708214453,11,0.9992306278468636,33,0.9987629615710034,5,0.9996856591077025,7,0.9996466905770891
CD8 T Cells|CD4 T Cells|CD48|CD2,CD8 T Cells,CD4 T Cells,CD48,CD2,-0.057349585338441256,-0.08971823830265307,-0.024980932374229436,56,0.0005154585204035626,0.011144404121688135,11,0.9566141865414057,33,0.915274588140714,5,0.9524388747472882,7,0.9684488616850377,CD8 T Cells,CD4 T Cells,CD48,CD2,-0.0003670169938071455,-0.0006042038349051894,-0.00012983015270910157,56,0.002422966747034931,0.11381025179570839,11,0.9995123774247499,33,0.999091570923622,5,0.9998055260175714,7,0.9997517365102507
NK Cells|CD8 T Cells|HLA-B|CD8B,NK Cells,CD8 T Cells,HLA-B,CD8B,-4.716109277791425e-05,-7.379866743252577e-05,-2.052351812330273e-05,56,0.0005203376763456933,0.011146683250157741,11,0.9999960003401978,33,0.999981168605715,5,0.9999649472342249,7,0.9999972765925201,NK Cells,CD8 T Cells,HLA-B,CD8B,-4.33011630329716e-07,-7.124993305649799e-07,-1.535239300944521e-07,56,0.002392773554929901,0.11381025179570839,11,0.9999999343261041,33,0.9999996803327232,5,0.9999997967121754,7,0.999999975730425
Non-classical Monocytes|CD4 T Cells|HLA-DRA|CD4,Non-classical Monocytes,CD4 T Cells,HLA-DRA,CD4,-0.029997897065909274,-0.04705238105115499,-0.012943413080663563,55,0.0005658661998884885,0.011956425080454849,11,0.9766629055153708,32,0.9507336182458894,5,0.9683158704062926,7,0.9723844802027205,Non-classical Monocytes,CD4 T Cells,HLA-DRA,CD4,-0.03048803812594625,-0.09076640939391296,0.029790333142020467,56,0.3215269070229232,0.5900226619420714,11,0.9997337837728261,33,0.9691218455394826,5,0.9998640971472099,7,0.9997401970398127
B Cells|Non-classical Monocytes|IL16|CD4,B Cells,Non-classical Monocytes,IL16,CD4,-0.3757345089914609,-0.5894222659890669,-0.16204675199385482,56,0.0005683782372293311,0.011956425080454849,11,0.2755835814865596,33,0.14416389350557607,5,0.14604965235723957,7,0.39036447336771696,B Cells,Non-classical Monocytes,IL16,CD4,-0.002341460820452501,-0.006452631972681536,0.001769710331776534,56,0.2643063856800172,0.5900226619420714,11,0.9918819248719344,33,0.9878173129573852,5,0.9965677721245981,7,0.9948446210305014
Classical Monocytes|CD4 T Cells|HLA-DMB|CD4,Classical Monocytes,CD4 T Cells,HLA-DMB,CD4,-0.23112649377462932,-0.36300835093929795,-0.09924463660996069,55,0.0005927955402485464,0.012358728450717463,11,0.14883333598403506,32,0.021673482938758218,5,0.01525044630810648,7,0.11921708703745897,Classical Monocytes,CD4 T Cells,HLA-DMB,CD4,-0.03581145518275386,-0.09521215566699294,0.02358924530148522,56,0.23735580116452426,0.5900226619420714,11,0.990581888344754,33,0.951393704421633,5,0.995555447689798,7,0.9921787189494308
CD8 T Cells|Non-classical Monocytes|HLA-A|LILRA1,CD8 T Cells,Non-classical Monocytes,HLA-A,LILRA1,-0.026140621955447307,-0.041073431671739824,-0.01120781223915479,56,0.0006013298076637966,0.012425708857477567,11,0.9853471902205452,33,0.9711378850061702,5,0.9686492686281097,7,0.980580585369182,CD8 T Cells,Non-classical Monocytes,HLA-A,LILRA1,-0.00014413758420095402,-0.0002801960504432269,-8.079117958681128e-06,56,0.037861946988913806,0.40101408534417127,11,0.999826770723666,33,0.9996573267721321,5,0.9998695169810855,7,0.9998442106137525
CD4 T Cells|CD4 T Cells|IL16|CD4,CD4 T Cells,CD4 T Cells,IL16,CD4,-0.17035146701294834,-0.26853467118980767,-0.07216826283608903,55,0.0006723579315592925,0.013753847393278243,11,0.1351726832885868,32,0.012658500356848918,5,0.0,7,0.04783728408121046,CD4 T Cells,CD4 T Cells,IL16,CD4,-0.035097652888464115,-0.09452016760991327,0.024324861832985052,56,0.2470092220880783,0.5900226619420714,11,0.9890143151463949,33,0.9508264617711208,5,0.9945137968259381,7,0.9914235963391282
CD4 T Cells|Non-classical Monocytes|HLA-C|LILRA1,CD4 T Cells,Non-classical Monocytes,HLA-C,LILRA1,-0.03470766371893297,-0.054723645445744915,-0.014691681992121019,56,0.0006773843469922903,0.013753847393278243,11,0.9832558979756936,33,0.9629481493946768,5,0.961385852000261,7,0.9757857671381772,CD4 T Cells,Non-classical Monocytes,HLA-C,LILRA1,-0.00021236350500042356,-0.0003739970752483624,-5.072993475248476e-05,56,0.010020713915091028,0.2155634383956787,11,0.9998061325796336,33,0.9995618214433258,5,0.9998434671520711,7,0.9998115195207637
Non-classical Monocytes|Classical Monocytes|PTPN6|CD300LF,Non-classical Monocytes,Classical Monocytes,PTPN6,CD300LF,-0.416563637946726,-0.6572081493437072,-0.17591912654974484,51,0.0006919154486593789,0.013927780798445257,11,0.6667572786316422,28,0.3823551148375312,5,0.4661794189477343,7,0.5983408931003493,Non-classical Monocytes,Classical Monocytes,PTPN6,CD300LF,-0.15440887988697072,-0.27951961650279966,-0.029298143271141747,56,0.015565643915511811,0.28276642578846495,11,0.9962880711927763,33,0.8413138215337435,5,0.9977834757926665,7,0.9972181060206042
B Cells|CD4 T Cells|HLA-DPB1|CD4,B Cells,CD4 T Cells,HLA-DPB1,CD4,-0.039589660656995984,-0.06257448542284483,-0.016604835891147147,55,0.0007357652747098855,0.014437074928130945,11,0.9694856390499179,32,0.9416495480956639,5,0.949754497191676,7,0.961508066894418,B Cells,CD4 T Cells,HLA-DPB1,CD4,-0.030465518301641348,-0.09073914518114094,0.029808108577858247,56,0.3218463823068658,0.5900226619420714,11,0.9996540696095273,33,0.9690420087014873,5,0.9997924021503053,7,0.9996458595439066
CD8 T Cells|Non-classical Monocytes|VIM|CD44,CD8 T Cells,Non-classical Monocytes,VIM,CD44,-0.019907800586944524,-0.03160465237242258,-0.008210948801466465,56,0.0008504873285428286,0.01654906593456254,11,0.9889113724668314,33,0.9750074100341398,5,0.9837512692902669,7,0.9897551074445199,CD8 T Cells,Non-classical Monocytes,VIM,CD44,-0.00015936460679633058,-0.0002762898467142344,-4.243936687842677e-05,56,0.007554557757246845,0.17871150336793107,11,0.9998644058649695,33,0.9996812282906923,5,0.9999321124602565,7,0.9999082994927757
Non-classical Monocytes|Classical Monocytes|GNAI2|ADCY7,Non-classical Monocytes,Classical Monocytes,GNAI2,ADCY7,-0.3284004974507697,-0.5215324338919181,-0.1352685610096214,56,0.0008600387853460711,0.0165966162296122,11,0.7061027874649102,33,0.5618319464186677,5,0.50109397783175,7,0.6852236342362773,Non-classical Monocytes,Classical Monocytes,GNAI2,ADCY7,-0.0015450491610671246,-0.002889002882883799,-0.00020109543925045013,56,0.02424446951651292,0.32405421703138293,11,0.9967195519019199,33,0.9946316005125193,5,0.9980794831114222,7,0.9975365808830888
CD8 T Cells|Non-classical Monocytes|GNAI2|C5AR1,CD8 T Cells,Non-classical Monocytes,GNAI2,C5AR1,-0.5291830549030634,-0.8408479038888851,-0.2175182059172417,56,0.0008751306830546535,0.01674942741748046,11,0.6520789929068578,33,0.38719803102889166,5,0.41168858666795244,7,0.6759906796930497,CD8 T Cells,Non-classical Monocytes,GNAI2,C5AR1,-0.004395935983175336,-0.006733158059999718,-0.0020587139063509546,56,0.00022747140822828755,0.0692054679605014,11,0.9960172674641204,33,0.991883251199225,5,0.9974492716033394,7,0.9977111913216193
CD8 T Cells|NK Cells|CD48|CD2,CD8 T Cells,NK Cells,CD48,CD2,-0.08861111154250212,-0.14092269270723948,-0.03629953037776477,56,0.0009001659881467934,0.017088516929453353,11,0.9248320013432171,33,0.8646796732326896,5,0.9493131245674338,7,0.9777719079994084,CD8 T Cells,NK Cells,CD48,CD2,-0.0007726677618917765,-0.0012598572181704913,-0.00028547830561306175,56,0.0018807548960249915,0.10480003988367138,11,0.9991753726161661,33,0.9984539263275797,5,0.9997901186347324,7,0.9998413401080378
NK Cells|Non-classical Monocytes|HLA-A|LILRA1,NK Cells,Non-classical Monocytes,HLA-A,LILRA1,-0.019753196635241,-0.03144008440681209,-0.008066308863669911,56,0.000923887044014915,0.017397389094958277,11,0.9908564950180069,33,0.9791010663611482,5,0.9769382320897648,7,0.9849360000681472,NK Cells,Non-classical Monocytes,HLA-A,LILRA1,-0.00011922204867631514,-0.00022635587408835006,-1.2088223264280202e-05,56,0.02917509941803433,0.366928563350042,11,0.9998914740398356,33,0.9997476223793809,5,0.9999015547566745,7,0.999876925144896
CD4 T Cells|CD8 T Cells|CD48|CD2,CD4 T Cells,CD8 T Cells,CD48,CD2,-0.059089130965908065,-0.09413773655494437,-0.02404052537687177,56,0.0009519972597688254,0.017783308812481656,11,0.9520788988236304,33,0.9151873266754523,5,0.9471340155658823,7,0.9693315743836123,CD4 T Cells,CD8 T Cells,CD48,CD2,-0.0003538811731237379,-0.0006302154879661466,-7.75468582813292e-05,56,0.01207370709761388,0.2428407089012604,11,0.9994608851035323,33,0.999107341045707,5,0.999780977143026,7,0.9997813142583245
B Cells|NK Cells|CD22|PTPRC,B Cells,NK Cells,CD22,PTPRC,-0.033705375551830064,-0.05378579347802198,-0.013624957625638145,56,0.001002450751185528,0.01857716273030324,11,0.9602212981823267,33,0.9480058977865773,5,0.9525830902315218,7,0.9740730653876024,B Cells,NK Cells,CD22,PTPRC,-0.0002139760840867977,-0.0003815002837330171,-4.6451884440578236e-05,56,0.012299536245829574,0.2440426617223762,11,0.9995505284638188,33,0.9993474643895777,5,0.9997911816680288,7,0.9998020936778744
B Cells|Classical Monocytes|PKM|CD44,B Cells,Classical Monocytes,PKM,CD44,-0.05585688597186311,-0.0891806752742899,-0.02253309666943633,56,0.0010188642862101979,0.018732662270085132,11,0.9512993809986491,33,0.8940845084297523,5,0.9515784327822077,7,0.950220446185174,B Cells,Classical Monocytes,PKM,CD44,-0.0005136975775494879,-0.0009919952199911048,-3.539993510787094e-05,56,0.03528908531989828,0.40101408534417127,11,0.9994396336277066,33,0.9986668460069391,5,0.9997995267379236,7,0.9995404366947057
Classical Monocytes|B Cells|TNFSF13B|CD40,Classical Monocytes,B Cells,TNFSF13B,CD40,-0.1621353026174578,-0.25930498724120976,-0.06496561799370582,56,0.001074126333581135,0.01900200665368249,11,0.7965320178978573,33,0.796085315148614,5,0.7114680447195856,7,0.8731566445878001,Classical Monocytes,B Cells,TNFSF13B,CD40,-0.000383656362420548,-0.0012357153935650894,0.0004684026687239933,56,0.3774997820617737,0.6092058872424027,11,0.9977450599201397,33,0.997666058195591,5,0.9988204049740507,7,0.9991250596119224
NK Cells|Non-classical Monocytes|HLA-A|LILRB2,NK Cells,Non-classical Monocytes,HLA-A,LILRB2,-0.0003726207134024939,-0.0005959169877724677,-0.00014932443903252013,56,0.0010730194810336957,0.01900200665368249,11,0.9998801976974293,33,0.9996744966627796,5,0.9996368058090035,7,0.9998037254877563,NK Cells,Non-classical Monocytes,HLA-A,LILRB2,-3.021002118019922e-06,-5.434389713329845e-06,-6.07614522709999e-07,56,0.014150469245981106,0.2643489707969979,11,0.9999982062297168,33,0.999995603290494,5,0.9999981368093167,7,0.9999985548722119
CD8 T Cells|Non-classical Monocytes|HLA-B|LILRA1,CD8 T Cells,Non-classical Monocytes,HLA-B,LILRA1,-0.028222157696725425,-0.0451166972990331,-0.011327618094417752,56,0.0010599908033464321,0.01900200665368249,11,0.9912626422895663,33,0.9781277834744286,5,0.9722397228047752,7,0.9873270216863629,CD8 T Cells,Non-classical Monocytes,HLA-B,LILRA1,-0.00017082277759572495,-0.0002650497355248814,-7.659581966656849e-05,56,0.0003805862905993831,0.07159490888903197,11,0.999896426012672,33,0.9997323080160944,5,0.9998928651849036,7,0.9998995699659217
CD8 T Cells|Classical Monocytes|SELPLG|ITGB2,CD8 T Cells,Classical Monocytes,SELPLG,ITGB2,-0.2799140777794281,-0.4476710741890462,-0.11215708136981001,56,0.0010742033739983249,0.01900200665368249,11,0.742748068134588,33,0.7687401106075062,5,0.5196500575136591,7,0.8255561777660054,CD8 T Cells,Classical Monocytes,SELPLG,ITGB2,-0.0004635364907144002,-0.001571250659187424,0.0006441776777586236,56,0.41211873960514545,0.6434571425555411,11,0.9971534199264975,33,0.9973112204631764,5,0.9981094873475843,7,0.9987308243749776
Non-classical Monocytes|CD4 T Cells|CD58|CD2,Non-classical Monocytes,CD4 T Cells,CD58,CD2,-0.22420372467546157,-0.35966880349096014,-0.088738645859963,56,0.0011791718293154279,0.02054750911530988,11,0.5961807630317592,33,0.4764495911808668,5,0.6278108193387503,7,0.7322833721633195,Non-classical Monocytes,CD4 T Cells,CD58,CD2,-0.0015288846401857459,-0.003212736284337642,0.0001549670039661501,56,0.07514373718983212,0.4776247420339505,11,0.9954772745230109,33,0.9934618463596361,5,0.9984777749179503,7,0.9979912313947613
CD4 T Cells|CD4 T Cells|CD40LG|CD53,CD4 T Cells,CD4 T Cells,CD40LG,CD53,-0.3031606597387727,-0.48651624751091405,-0.11980507196663137,56,0.0011927419048664162,0.020630017391578385,11,0.5836232481341678,33,0.47435707254549264,5,0.43751053735128265,7,0.6314050215013802,CD4 T Cells,CD4 T Cells,CD40LG,CD53,-0.0012950857652550551,-0.0026257587343000823,3.5587203789971995e-05,56,0.05644976882476745,0.4776247420339505,11,0.99546100990279,33,0.9938420302535975,5,0.9977241068564486,7,0.9974002129725112
NK Cells|Non-classical Monocytes|HLA-C|LILRA1,NK Cells,Non-classical Monocytes,HLA-C,LILRA1,-0.017412543095773336,-0.027961302096277736,-0.006863784095268938,56,0.0012153284342627617,0.02086611686767315,11,0.9922238136933861,33,0.9797634389652238,5,0.9802301940080367,7,0.9851823623756477,NK Cells,Non-classical Monocytes,HLA-C,LILRA1,-0.00011728153505674577,-0.0002140553006765602,-2.050776943693135e-05,56,0.017534270279347522,0.2902624868168367,11,0.9999083181356152,33,0.9997553417777509,5,0.9999169417714684,7,0.999881246948661
NK Cells|Non-classical Monocytes|PKM|CD44,NK Cells,Non-classical Monocytes,PKM,CD44,-0.07240890720553594,-0.11636140714377251,-0.02845640726729938,56,0.0012426117837132007,0.021178821277155646,11,0.9312011159141563,33,0.8828193768177105,5,0.9074546962601783,7,0.9314818643692684,NK Cells,Non-classical Monocytes,PKM,CD44,-0.0005120333080522732,-0.0009900957166124327,-3.397089949211374e-05,56,0.03579591320157165,0.40101408534417127,11,0.9992198087370338,33,0.9985174694999235,5,0.9996310373529601,7,0.9994407314239021
Classical Monocytes|Non-classical Monocytes|VCAN|ITGA4,Classical Monocytes,Non-classical Monocytes,VCAN,ITGA4,-0.07111175105179501,-0.1147960434478531,-0.027427458655736925,56,0.001420073090647048,0.023516813238729485,11,0.9516058108391321,33,0.9028834800818455,5,0.9408381913905769,7,0.9632276116850853,Classical Monocytes,Non-classical Monocytes,VCAN,ITGA4,-0.0005830309308384463,-0.0009060301873423482,-0.0002600316743345444,56,0.000403414731570692,0.07159490888903197,11,0.9994718993470774,33,0.9988648400168666,5,0.9997368902216751,7,0.9997128618223028
B Cells|Non-classical Monocytes|CD22|PTPRC,B Cells,Non-classical Monocytes,CD22,PTPRC,-0.03151163101136745,-0.05086129282983405,-0.012161969192900846,56,0.0014135350076134494,0.023516813238729485,11,0.9720720311581335,33,0.9581013870871486,5,0.9521975414079742,7,0.9697385283483568,B Cells,Non-classical Monocytes,CD22,PTPRC,-0.00018486091296987528,-0.00036641359688541176,-3.3082290543388264e-06,56,0.0459689625804454,0.4390070282906811,11,0.9996750590001924,33,0.9994629621280631,5,0.9997880606773167,7,0.9997608247181573
CD8 T Cells|B Cells|VIM|CD44,CD8 T Cells,B Cells,VIM,CD44,-0.04708041053160983,-0.07604670939110376,-0.018114111672115893,56,0.0014443922178619588,0.023751097385265308,11,0.9520367409652405,33,0.9286430126195803,5,0.9449520937841726,7,0.9686387759701222,CD8 T Cells,B Cells,VIM,CD44,-0.0002901556348228196,-0.0004951253637509563,-8.51859058946828e-05,56,0.005528159141906843,0.14594797007290425,11,0.9994545851568916,33,0.999149903741249,5,0.999779015530725,7,0.9997644897499052
NK Cells|CD4 T Cells|GNAI2|S1PR4,NK Cells,CD4 T Cells,GNAI2,S1PR4,-0.33049817078722665,-0.5343245712275366,-0.12667177034691673,56,0.0014828418407389133,0.024068218595861914,11,0.3680614131791782,33,0.21282172554261497,5,0.0,7,0.17525848315066342,NK Cells,CD4 T Cells,GNAI2,S1PR4,-0.0023256019669828376,-0.005030985925819755,0.0003797819918540798,56,0.09202251344243201,0.5335134649579838,11,0.9930356420578265,33,0.9892787810623171,5,0.995060111383728,7,0.9936288523552015
Non-classical Monocytes|CD8 T Cells|HLA-E|CD8B,Non-classical Monocytes,CD8 T Cells,HLA-E,CD8B,-0.010054422619143577,-0.016255787167368592,-0.003853058070918563,56,0.0014842927099803494,0.024068218595861914,11,0.9970753069238264,33,0.9934003211742071,5,0.9895398044387219,7,0.9959192413082462,Non-classical Monocytes,CD8 T Cells,HLA-E,CD8B,-7.03626732575513e-05,-0.00011190516759324333,-2.882017892185928e-05,56,0.0009011666189877516,0.09753557241920435,11,0.9999608752662718,33,0.999907570665491,5,0.9999521060662456,7,0.9999691641387224
B Cells|Non-classical Monocytes|HLA-A|LILRA1,B Cells,Non-classical Monocytes,HLA-A,LILRA1,-0.039869154345434255,-0.06457484112193333,-0.01516346756893518,56,0.001561953391287644,0.025152835645907923,11,0.9762938567756098,33,0.95737481604325,5,0.9500320145511456,7,0.9709821281642201,B Cells,Non-classical Monocytes,HLA-A,LILRA1,-0.0002075351386991997,-0.0004039431096697833,-1.1127167728616088e-05,56,0.038358563152402235,0.40101408534417127,11,0.9997274582616192,33,0.9995050880370118,5,0.9997955687517355,7,0.9997807336658272
Non-classical Monocytes|B Cells|VIM|CD44,Non-classical Monocytes,B Cells,VIM,CD44,-0.00989626189410564,-0.016034048921169056,-0.003758474867042225,56,0.0015768888440818188,0.025219420896787994,11,0.9936199847502727,33,0.9838174367275829,5,0.9937909434629457,7,0.9938846573343616,Non-classical Monocytes,B Cells,VIM,CD44,-0.00010277407862802068,-0.00016580919523371534,-3.973896202232602e-05,56,0.0013955212476174552,0.09753557241920435,11,0.9999217184252823,33,0.9997953962939632,5,0.9999699701603303,7,0.9999464221076391
CD4 T Cells|NK Cells|LGALS1|ITGB1,CD4 T Cells,NK Cells,LGALS1,ITGB1,0.36486549232989196,0.1379250238907354,0.5918059607690485,56,0.0016262951750684177,0.025658102930978074,11,0.15483642060940303,33,0.5764469967350063,5,0.7141486770799355,7,0.7708937608756468,CD4 T Cells,NK Cells,LGALS1,ITGB1,0.005372205523720974,0.002774401033861095,0.007970010013580853,56,5.0529411522351125e-05,0.026902700851358444,11,0.9899270621510774,33,0.994900812469659,5,0.9988912782664983,7,0.9984928230613589
B Cells|Non-classical Monocytes|GNAI2|C5AR1,B Cells,Non-classical Monocytes,GNAI2,C5AR1,-0.5175874957222204,-0.8398575885916463,-0.19531740285279453,54,0.0016448490746058238,0.025776661672514085,11,0.5963320085409627,31,0.30940311813907057,5,0.4195357185673503,7,0.6501943238876785,B Cells,Non-classical Monocytes,GNAI2,C5AR1,-0.0649762752042845,-0.14819239126954536,0.018239840860976367,56,0.1259260274252016,0.5560563594390482,11,0.9954136012904254,33,0.9306931252728121,5,0.9973631986650554,7,0.9976189978517266
Classical Monocytes|Non-classical Monocytes|ADAM10|CD44,Classical Monocytes,Non-classical Monocytes,ADAM10,CD44,-0.17545601589147164,-0.28507080235554777,-0.06584122942739552,56,0.0017054869328287803,0.026548746587701347,11,0.8314334649709733,33,0.7328354143540233,5,0.7479787754404217,7,0.8248367407149434,Classical Monocytes,Non-classical Monocytes,ADAM10,CD44,-0.0009409026331287373,-0.00206526608889241,0.0001834608226349353,56,0.10097203164345671,0.5560563594390482,11,0.9981385356056997,33,0.9967093431998145,5,0.9990161973924534,7,0.998527907619697
Non-classical Monocytes|Classical Monocytes|ADAM10|CD44,Non-classical Monocytes,Classical Monocytes,ADAM10,CD44,-0.11326334088899159,-0.18417343958449583,-0.04235324219348734,56,0.0017444193925526198,0.026797495273752414,11,0.8853775144703008,33,0.803236531502762,5,0.8425799867721835,7,0.8737023446936363,Non-classical Monocytes,Classical Monocytes,ADAM10,CD44,-0.0006724821999777308,-0.0014301936134115418,8.522921345608e-05,56,0.08194641419825116,0.49254324941623734,11,0.9987081798918087,33,0.9976436475550512,5,0.9993669501174358,7,0.998974899980656
CD8 T Cells|Non-classical Monocytes|PTPN6|CLEC12A,CD8 T Cells,Non-classical Monocytes,PTPN6,CLEC12A,-0.47834202073005144,-0.7781676302966423,-0.17851641116346056,56,0.0017664310286005793,0.026914831285615122,11,0.4963357641635548,33,0.543759878345844,5,0.0,7,0.5257661349123407,CD8 T Cells,Non-classical Monocytes,PTPN6,CLEC12A,-0.0021657122410333463,-0.005690891402848264,0.0013594669207815718,56,0.22854547433677663,0.5900226619420714,11,0.9944864901249658,33,0.9937653338415561,5,0.9949538966465077,7,0.9963984526041313
Classical Monocytes|CD4 T Cells|HLA-DPA1|CD4,Classical Monocytes,CD4 T Cells,HLA-DPA1,CD4,-0.29764611543918784,-0.4842972584958829,-0.11099497238249278,55,0.0017751109284731173,0.026914831285615122,11,0.6821670012521482,32,0.49297864518209195,5,0.6062741402575325,7,0.714731899626664,Classical Monocytes,CD4 T Cells,HLA-DPA1,CD4,-0.032935281305141895,-0.0928669898632345,0.0269964272529507,56,0.28143915669605746,0.5900226619420714,11,0.99656736351007,33,0.9627400522714535,5,0.9984899352477644,7,0.9975979053142898
CD8 T Cells|NK Cells|SELPLG|ITGB2,CD8 T Cells,NK Cells,SELPLG,ITGB2,-0.12450978845052729,-0.20265683212847257,-0.046362744772581996,56,0.0017916191890543494,0.02698987617059294,11,0.9211255796213547,33,0.9129091710408771,5,0.7721505002035054,7,0.8884438800735551,CD8 T Cells,NK Cells,SELPLG,ITGB2,-0.0003043258044327368,-0.0008159757946742603,0.0002073241858087867,56,0.24370633739286218,0.5900226619420714,11,0.9991018993725528,33,0.9990074779290788,5,0.9990815440940333,7,0.9992914484549921
Classical Monocytes|Non-classical Monocytes|ICAM3|ITGAL,Classical Monocytes,Non-classical Monocytes,ICAM3,ITGAL,-0.29137323361778905,-0.47712987147128627,-0.10561659576429186,56,0.0021096130422582873,0.031375455118936954,11,0.5879072338420633,33,0.4181840836801554,5,0.28552630424587494,7,0.40717638770175607,Classical Monocytes,Non-classical Monocytes,ICAM3,ITGAL,-0.0011807660290238386,-0.003982194227650251,0.0016206621696025739,56,0.4087475587882664,0.6414177436332663,11,0.9954805261432136,33,0.9922585124723443,5,0.9971879671886418,7,0.9951467195467963
B Cells|CD4 T Cells|HLA-DQB1|CD4,B Cells,CD4 T Cells,HLA-DQB1,CD4,-0.05369404738622019,-0.08807320644220543,-0.019314888330234953,55,0.0022051781752276713,0.032384220372054164,11,0.9404774037643858,32,0.9096722126325119,5,0.9027394408267273,7,0.9256282970810735,B Cells,CD4 T Cells,HLA-DQB1,CD4,-0.030402784879944855,-0.09065482125256172,0.029849251492672008,56,0.32267045468639943,0.5900226619420714,11,0.999327929039639,33,0.9686737370009131,5,0.9995950479405085,7,0.9993436407817274
CD8 T Cells|Non-classical Monocytes|GNAI2|S1PR4,CD8 T Cells,Non-classical Monocytes,GNAI2,S1PR4,-0.21776567347392706,-0.35713087260056176,-0.07840047434729236,56,0.0021945987974099123,0.032384220372054164,11,0.16318452476312031,33,0.03207647713738409,5,0.0,7,0.08665762584819085,CD8 T Cells,Non-classical Monocytes,GNAI2,S1PR4,-0.006512951380363119,-0.010030200935270968,-0.0029957018254552705,56,0.0002841919641310405,0.07159490888903197,11,0.9907532650621292,33,0.9820439429377891,5,0.993379634758021,7,0.991183264014044
Non-classical Monocytes|Classical Monocytes|HLA-DPA1|CD4,Non-classical Monocytes,Classical Monocytes,HLA-DPA1,CD4,-0.04332093939620052,-0.07122742534395207,-0.015414453448448964,56,0.0023456602379734633,0.03360194267281004,11,0.9855641769554592,33,0.9353285906903497,5,0.9930332535794216,7,0.9861186067105127,Non-classical Monocytes,Classical Monocytes,HLA-DPA1,CD4,-0.0006405784440982609,-0.0010559178456141514,-0.00022523904258237053,56,0.0025040240526331293,0.11592905559618162,11,0.9998236578569112,33,0.9990714405476258,5,0.9999687625787578,7,0.9998571237135707
Classical Monocytes|CD4 T Cells|HLA-DMA|CD4,Classical Monocytes,CD4 T Cells,HLA-DMA,CD4,-0.244560457885397,-0.4022499677610636,-0.08687094800973041,55,0.0023680949019750383,0.03371647314702265,11,0.5246217532453215,32,0.30338958671135596,5,0.4408016091477179,7,0.46412990049914943,Classical Monocytes,CD4 T Cells,HLA-DMA,CD4,-0.032988824296913855,-0.0927525298720378,0.026774881278210087,56,0.27930771387902786,0.5900226619420714,11,0.9947534724475159,33,0.9594708047420119,5,0.9977846682977889,7,0.9954908248891987
CD8 T Cells|Non-classical Monocytes|HLA-C|LILRA1,CD8 T Cells,Non-classical Monocytes,HLA-C,LILRA1,-0.02564075211023431,-0.042234164482360156,-0.009047339738108461,56,0.002456827923838174,0.03414698334620319,11,0.9872008211528811,33,0.9717684772389764,5,0.9684403878381774,7,0.978648796034507,CD8 T Cells,Non-classical Monocytes,HLA-C,LILRA1,-0.00014957617633259979,-0.00027912219598756204,-2.0030156677637535e-05,56,0.023635082074711166,0.31827125339411744,11,0.9998499314191797,33,0.9996640389397448,5,0.9998711106894296,7,0.9998347943863272
Non-classical Monocytes|Non-classical Monocytes|CIRBP|TREM1,Non-classical Monocytes,Non-classical Monocytes,CIRBP,TREM1,-0.19797210755621142,-0.3259054840817357,-0.07003873103068717,56,0.0024215899691777012,0.03414698334620319,11,0.8342265238315125,33,0.7529147077149704,5,0.7602854143402692,7,0.8769457057799385,Non-classical Monocytes,Non-classical Monocytes,CIRBP,TREM1,-0.0016197086840123998,-0.0032475507017893897,8.13333376458998e-06,56,0.05115571247188508,0.45903630194223843,11,0.9981099614328063,33,0.9964513156437643,5,0.9990717628918147,7,0.9990328257867852
Non-classical Monocytes|Non-classical Monocytes|VIM|CD44,Non-classical Monocytes,Non-classical Monocytes,VIM,CD44,-0.003961797339063766,-0.006524214545854225,-0.0013993801322733073,56,0.002442833940295089,0.03414698334620319,11,0.9992622672944232,33,0.9947740099836577,5,0.9989907943388296,7,0.9984643343671279,Non-classical Monocytes,Non-classical Monocytes,VIM,CD44,-5.080271917501378e-05,-8.297558782544126e-05,-1.86298505245863e-05,56,0.0019688568584805563,0.10480003988367138,11,0.9999898666523656,33,0.999928502556951,5,0.9999947134821072,7,0.9999841521058678
Non-classical Monocytes|Classical Monocytes|LGALS9|CD44,Non-classical Monocytes,Classical Monocytes,LGALS9,CD44,-0.018589570074428408,-0.030613447176732762,-0.006565692972124051,56,0.002443827294173516,0.03414698334620319,11,0.9794060194876922,33,0.9653106682087841,5,0.9721943540970962,7,0.9766885728926165,Non-classical Monocytes,Classical Monocytes,LGALS9,CD44,-0.00010059518274696533,-0.0002270482334722057,2.5857867978275036e-05,56,0.11895403092150089,0.5560563594390482,11,0.9997529371866981,33,0.9995734024217668,5,0.9998812558345896,7,0.9998023162524053
Non-classical Monocytes|Classical Monocytes|VIM|CD44,Non-classical Monocytes,Classical Monocytes,VIM,CD44,-0.002702779168805236,-0.004457352310721297,-0.0009482060268891745,56,0.002534705312462764,0.03502092842958907,11,0.9995721799452145,33,0.9962467950918749,5,0.9996459656862697,7,0.9990233600017353,Non-classical Monocytes,Classical Monocytes,VIM,CD44,-3.706830374661241e-05,-6.165855577658285e-05,-1.2478051716641964e-05,56,0.003131497102714749,0.12104049386072421,11,0.99999395739823,33,0.9999477841200182,5,0.9999979779792646,7,0.9999888730047993
B Cells|Non-classical Monocytes|GNAI2|S1PR4,B Cells,Non-classical Monocytes,GNAI2,S1PR4,-0.19980884696897622,-0.32988430228254106,-0.06973339165541134,54,0.0026064642671827956,0.0355911933559756,11,0.11156373997763262,31,0.02259069059361115,5,0.0,7,0.11083579758495474,B Cells,Non-classical Monocytes,GNAI2,S1PR4,-0.06644911088919325,-0.1488324010770053,0.015934179298618775,56,0.11390612112428695,0.5560563594390482,11,0.9889242219965841,33,0.9205716019545095,5,0.992844769991066,7,0.9909412608381846
B Cells|CD4 T Cells|FAM3C|CLEC2D,B Cells,CD4 T Cells,FAM3C,CLEC2D,0.11837489282490386,0.041344714472157554,0.19540507117765016,56,0.002595811112995034,0.0355911933559756,11,0.021612244083713702,33,0.14796505898138756,5,0.0,7,0.00797792207277,B Cells,CD4 T Cells,FAM3C,CLEC2D,0.0017039251641354225,-0.0038975854209718393,0.007305435749242684,56,0.5510402729818882,0.720794723579132,11,0.9868050635438458,33,0.9855054931703539,5,0.9932639164803014,7,0.9902604209426741
CD4 T Cells|Non-classical Monocytes|GNAI2|C5AR1,CD4 T Cells,Non-classical Monocytes,GNAI2,C5AR1,-0.47708567417196923,-0.7879260766394722,-0.16624527170446618,56,0.0026279834439161542,0.035676403148512906,11,0.6190264710013502,33,0.33228054084482006,5,0.45906510833659186,7,0.6494048523520309,CD4 T Cells,Non-classical Monocytes,GNAI2,C5AR1,-0.0044336082385183495,-0.007027937044855469,-0.0018392794321812301,56,0.0008095663964318417,0.09753557241920435,11,0.9956478960066117,33,0.9910419390290393,5,0.9975623114779513,7,0.997389962738897
Non-classical Monocytes|Non-classical Monocytes|SEMA4A|LILRB2,Non-classical Monocytes,Non-classical Monocytes,SEMA4A,LILRB2,-0.32524084130230413,-0.5372893361141098,-0.11319234649049842,55,0.0026453432563252844,0.03570448845965051,11,0.5547662505255578,32,0.42242188432709227,5,0.46576747610964786,7,0.6586639512134864,Non-classical Monocytes,Non-classical Monocytes,SEMA4A,LILRB2,-0.03242064784202381,-0.09232193997538987,0.02748064429134226,56,0.2887807154856723,0.5900226619420714,11,0.9949666457519636,33,0.9622709194656437,5,0.9978287737904766,7,0.9975536953461805
Classical Monocytes|Classical Monocytes|VIM|CD44,Classical Monocytes,Classical Monocytes,VIM,CD44,-0.0008140938611819193,-0.0013454928744677341,-0.00028269484789610446,56,0.002676575815123321,0.0359184168293848,11,0.9999104159398654,33,0.9989165561353731,5,0.9999218719085251,7,0.9997421059652146,Classical Monocytes,Classical Monocytes,VIM,CD44,-1.323582671708401e-05,-2.231813197695817e-05,-4.153521457209849e-06,56,0.004286166064173307,0.12344345891644436,11,0.9999985978602113,33,0.9999831467531902,5,0.9999995281013574,7,0.9999973128210533
Classical Monocytes|Classical Monocytes|LGALS9|CD44,Classical Monocytes,Classical Monocytes,LGALS9,CD44,-0.03229450520283894,-0.053399521472789056,-0.011189488932888826,56,0.0027077787777565017,0.036129505406065326,11,0.9577326399434689,33,0.9413942222737268,5,0.9442745938220302,7,0.960230681355127,Classical Monocytes,Classical Monocytes,LGALS9,CD44,-0.00010712972883908378,-0.0003212520727109134,0.00010699261503274588,56,0.32678533475763427,0.5900226619420714,11,0.9995090871707659,33,0.9992939048689878,5,0.9997764290924911,7,0.9996683765195521
CD4 T Cells|CD8 T Cells|LGALS1|CD69,CD4 T Cells,CD8 T Cells,LGALS1,CD69,0.05148247825910979,0.017785627990229667,0.0851793285279899,56,0.002749328948879115,0.03626939602052392,11,0.8837370513570938,33,0.9465154091881802,5,0.9703507920515874,7,0.981646671623564,CD4 T Cells,CD8 T Cells,LGALS1,CD69,0.0006304657594519147,0.0002720024555692383,0.0009889290633345912,56,0.0005664555290457461,0.08827035061154322,11,0.9987056721780153,33,0.9993277989663127,5,0.9998772412727867,7,0.9998689023016322
CD4 T Cells|B Cells|VIM|CD44,CD4 T Cells,B Cells,VIM,CD44,-0.033898903545071635,-0.05612090354624408,-0.011676903543899192,56,0.002791069361810013,0.03640864223366693,11,0.970251501886196,33,0.9524057170343678,5,0.9660782685175876,7,0.982131387210831,CD4 T Cells,B Cells,VIM,CD44,-0.00021098398550345454,-0.00034620394443117194,-7.576402657573716e-05,56,0.0022271853540358284,0.10779914565859779,11,0.9996511067418683,33,0.9994387855562585,5,0.999861960530405,7,0.9998606233302988
Classical Monocytes|NK Cells|CD48|CD244,Classical Monocytes,NK Cells,CD48,CD244,-0.3233913422002359,-0.5356841939437018,-0.11109849045676995,53,0.0028296223606192133,0.03650369177925891,11,0.779377945606975,32,0.6213779882412058,5,0.5266148311199703,5,0.692006215954437,Classical Monocytes,NK Cells,CD48,CD244,0.2532876271786477,-0.1408070127031622,0.6473822670604577,56,0.20778345766637707,0.5900226619420714,11,0.9976096808182646,33,0.9653638003064109,5,0.9980945655873097,7,0.7125610578968082
Classical Monocytes|Non-classical Monocytes|HLA-DRA|CD4,Classical Monocytes,Non-classical Monocytes,HLA-DRA,CD4,-0.012812755749919358,-0.021242495856367317,-0.0043830156434714,56,0.002891522621893421,0.03709728198967658,11,0.9924628686253658,33,0.9792166170742564,5,0.9904435328414725,7,0.9900100370402825,Classical Monocytes,Non-classical Monocytes,HLA-DRA,CD4,-0.00017240043035726682,-0.00030367732308941777,-4.11235376251159e-05,56,0.010054817496401759,0.21557123820305651,11,0.999904892674025,33,0.999685734605543,5,0.9999573057551668,7,0.999910548117042
Classical Monocytes|Non-classical Monocytes|PKM|CD44,Classical Monocytes,Non-classical Monocytes,PKM,CD44,-0.02767447491243924,-0.04593965387100806,-0.009409295953870418,56,0.002981506181472953,0.03804271548491446,11,0.9772699923195932,33,0.9571180552503259,5,0.9595336796852971,7,0.967056217528469,Classical Monocytes,Non-classical Monocytes,PKM,CD44,-0.00015550140987918848,-0.00033616111223408544,2.515829247570848e-05,56,0.09159883384363171,0.5320226812972391,11,0.999732468760612,33,0.9994653098875033,5,0.9998313654896842,7,0.9997197080264547
B Cells|Classical Monocytes|PTPN6|CD300LF,B Cells,Classical Monocytes,PTPN6,CD300LF,-0.2890818313331797,-0.48017098992429363,-0.09799267274206583,51,0.003026282385482749,0.03840418135925119,11,0.2476186944518118,28,0.11336070574448878,5,0.01633837875539864,7,0.17116222138125534,B Cells,Classical Monocytes,PTPN6,CD300LF,-0.1524137113260957,-0.27691005197088775,-0.027917370681303663,56,0.016418770954662522,0.2891878580168215,11,0.991564490515027,33,0.8369475865135759,5,0.9954957152803814,7,0.9932925226050259
NK Cells|Classical Monocytes|PTPN6|CLEC12A,NK Cells,Classical Monocytes,PTPN6,CLEC12A,-0.46635459888176456,-0.7755768748397238,-0.1571323229238053,56,0.0031173170179142886,0.03851288485095166,11,0.5165785322699599,33,0.602855869075638,5,0.1407271604428292,7,0.6933590961302719,NK Cells,Classical Monocytes,PTPN6,CLEC12A,-0.0016643785352100648,-0.004726596845176139,0.001397839774756009,56,0.2867489355951749,0.5900226619420714,11,0.9947094237166556,33,0.9949782020039202,5,0.9957349928360785,7,0.9976681496585531
B Cells|Classical Monocytes|CIRBP|TREM1,B Cells,Classical Monocytes,CIRBP,TREM1,-0.024993734448068294,-0.04155989392360365,-0.008427574972532936,56,0.0031060641377322236,0.03851288485095166,11,0.9675801552494292,33,0.9500951099040719,5,0.9600422404665092,7,0.9675509295692202,B Cells,Classical Monocytes,CIRBP,TREM1,-0.0002175865371315533,-0.0004818655808421085,4.6692506579001924e-05,56,0.10659687968177498,0.5560563594390482,11,0.9996119045305819,33,0.9992852232774346,5,0.9998313525349717,7,0.9997222578189561
CD4 T Cells|Non-classical Monocytes|PTPN6|CLEC12A,CD4 T Cells,Non-classical Monocytes,PTPN6,CLEC12A,-0.46549032407446794,-0.7740370331294619,-0.1569436150194739,56,0.0031074069488339615,0.03851288485095166,11,0.446787060132433,33,0.4742172998358799,5,0.0,7,0.4929205637779148,CD4 T Cells,Non-classical Monocytes,PTPN6,CLEC12A,-0.002484952180988542,-0.006383375772166997,0.0014134714101899123,56,0.21154447155036826,0.5900226619420714,11,0.9938939761836564,33,0.9927968559868727,5,0.9946073547875965,7,0.9959951867718014
B Cells|Non-classical Monocytes|ICAM3|ITGAL,B Cells,Non-classical Monocytes,ICAM3,ITGAL,-0.32294834433179004,-0.5368868153802366,-0.10900987328334341,56,0.003089988833608843,0.03851288485095166,11,0.6031659924636599,33,0.34046601354368744,5,0.42078007940759204,7,0.48102844481940965,B Cells,Non-classical Monocytes,ICAM3,ITGAL,-0.0027489217486109663,-0.005232450761049943,-0.0002653927361719894,56,0.030051724720906312,0.37426992054945507,11,0.9956324790126657,33,0.9911010347801144,5,0.9977226518684443,7,0.995940129384504
Non-classical Monocytes|B Cells|PSEN1|CD44,Non-classical Monocytes,B Cells,PSEN1,CD44,-0.40379984142508674,-0.6710355829949014,-0.13656409985527207,56,0.0030609056508510107,0.03851288485095166,11,0.4008975077283142,33,0.17274812632430497,5,0.17869798689930858,7,0.3543484469203862,Non-classical Monocytes,B Cells,PSEN1,CD44,-0.0028256680265356104,-0.005132600667397709,-0.0005187353856735111,56,0.016364630204898107,0.2891878580168215,11,0.9935520595231897,33,0.9891916675849395,5,0.9967041780339752,7,0.9951694541222605
Classical Monocytes|CD8 T Cells|HLA-B|CD8B,Classical Monocytes,CD8 T Cells,HLA-B,CD8B,-0.0004572401804848747,-0.0007610998112290814,-0.00015338054974066792,56,0.0031849098971824617,0.03914086636800551,11,0.9998738606274109,33,0.9997997214690801,5,0.9995269605357902,7,0.9999100615579443,Classical Monocytes,CD8 T Cells,HLA-B,CD8B,-2.7374371733834835e-06,-4.506717145113035e-06,-9.681572016539318e-07,56,0.0024256582447879215,0.11381025179570839,11,0.999998109398614,33,0.9999969186384292,5,0.9999976970085589,7,0.9999992436855474
NK Cells|Non-classical Monocytes|HLA-B|LILRB2,NK Cells,Non-classical Monocytes,HLA-B,LILRB2,-0.00031992225494092974,-0.0005334821242828594,-0.00010636238559900009,56,0.003323522825784134,0.04063050156128771,11,0.999959457751849,33,0.9998019548675458,5,0.9997606907920366,7,0.9999231101626742,NK Cells,Non-classical Monocytes,HLA-B,LILRB2,-2.733272969290823e-06,-4.257266434983851e-06,-1.209279503597795e-06,56,0.00043945034054098845,0.07388547962411514,11,0.9999994581465366,33,0.999997177426548,5,0.9999990028223351,7,0.9999994553753158
CD4 T Cells|B Cells|CD40LG|CD40,CD4 T Cells,B Cells,CD40LG,CD40,-0.20257651359219225,-0.3379711453403561,-0.06718188184402837,56,0.0033626161302500843,0.04089431595903097,11,0.11477911197333647,33,0.04858981486799849,5,0.0,7,0.13638721648685426,CD4 T Cells,B Cells,CD40LG,CD40,-0.004224580429526559,-0.008256600822460016,-0.00019256003659310142,56,0.0400175835345591,0.410532107367545,11,0.9898088762814191,33,0.98340586300548,5,0.9945096237751307,7,0.9923311909287182
Classical Monocytes|Classical Monocytes|HLA-DPB1|CD4,Classical Monocytes,Classical Monocytes,HLA-DPB1,CD4,-0.17869977235857037,-0.29825715238947864,-0.059142392327662094,56,0.0033949161256420393,0.041073208048570786,11,0.8677707544104162,33,0.6750268947859526,5,0.8641586175938285,7,0.8501145303279353,Classical Monocytes,Classical Monocytes,HLA-DPB1,CD4,-0.002795435822924297,-0.004935656414283444,-0.0006552152315651492,56,0.01046737366177971,0.22071303737660253,11,0.9985401837311692,33,0.9950076755352049,5,0.9994596283608486,7,0.9987225559878087
Classical Monocytes|Non-classical Monocytes|HLA-A|LILRA1,Classical Monocytes,Non-classical Monocytes,HLA-A,LILRA1,-0.04003782382125587,-0.06687348439948379,-0.013202163243027944,56,0.0034534881699897855,0.041353307061159736,11,0.971370325483985,33,0.9508335160356074,5,0.943465335279923,7,0.9629663496528013,Classical Monocytes,Non-classical Monocytes,HLA-A,LILRA1,-0.00020900045484151253,-0.0004413053623064443,2.3304452623419274e-05,56,0.077842561456539,0.4776247420339505,11,0.9996721745467435,33,0.999409511088278,5,0.9997701867390028,7,0.9997165237353788
B Cells|Non-classical Monocytes|CD99|PILRA,B Cells,Non-classical Monocytes,CD99,PILRA,-0.2050773779180065,-0.34252049608303314,-0.06763425975297985,56,0.0034507561058653323,0.041353307061159736,11,0.7966539910160837,33,0.6763329293224091,5,0.7394311925548523,7,0.8241875087791842,B Cells,Non-classical Monocytes,CD99,PILRA,-0.0016403413313037518,-0.002913980791959665,-0.00036670187064783864,56,0.01159388309423761,0.2374144842598849,11,0.9976826394901601,33,0.9957672601410242,5,0.9990033031841505,7,0.9987282651663184
B Cells|Classical Monocytes|PTPN6|CLEC12A,B Cells,Classical Monocytes,PTPN6,CLEC12A,-0.4024819316973247,-0.6728008371754302,-0.13216302621921927,56,0.003520356531817513,0.04193894133568313,11,0.7021805258572502,33,0.6886077068325881,5,0.3744827592843658,7,0.7633918719570284,B Cells,Classical Monocytes,PTPN6,CLEC12A,-0.0015643571520636002,-0.0037163015504877235,0.0005875872463605232,56,0.1542159228374664,0.5560563594390482,11,0.9967523094411443,33,0.996011156672219,5,0.997379511850583,7,0.9982027162337213
CD8 T Cells|CD8 T Cells|CD48|CD2,CD8 T Cells,CD8 T Cells,CD48,CD2,-0.05134150945956539,-0.08585958321713355,-0.01682343570199723,56,0.0035544678217394655,0.04213036732873935,11,0.948691197595081,33,0.9220419173268938,5,0.9442995746536813,7,0.9689918038450595,CD8 T Cells,CD8 T Cells,CD48,CD2,-0.00025614219947067696,-0.0005268548513925921,1.4570452451238196e-05,56,0.06367142327965802,0.4776247420339505,11,0.9994250994639848,33,0.9991786378933014,5,0.9997720590634067,7,0.9997817396921939
NK Cells|Non-classical Monocytes|IL16|CD4,NK Cells,Non-classical Monocytes,IL16,CD4,-0.29136779202494245,-0.48792644130443635,-0.09480914274544855,56,0.0036685034615855736,0.04261669444180256,11,0.2849611435642667,33,0.14050281455873767,5,0.1174349296987435,7,0.2643443927181569,NK Cells,Non-classical Monocytes,IL16,CD4,-0.0019718108137790624,-0.00617352369755785,0.0022299020699997254,56,0.35768441507433846,0.5915796691212024,11,0.9919963022635376,33,0.9875941043943205,5,0.9962673671280765,7,0.9938369800726384
CD4 T Cells|B Cells|PKM|CD44,CD4 T Cells,B Cells,PKM,CD44,-0.14074502101697473,-0.23566245619020582,-0.04582758584374362,56,0.003657721171862807,0.04261669444180256,11,0.7979067040164923,33,0.7044320720506937,5,0.7784624367970308,7,0.8257328258482068,CD4 T Cells,B Cells,PKM,CD44,-0.0009519261926957956,-0.0017899826121502566,-0.00011386977324133473,56,0.025996006726490353,0.34315803094121256,11,0.9977401162328374,33,0.9964362454408977,5,0.999102762791608,7,0.9987508181923641
Non-classical Monocytes|CD4 T Cells|VIM|CD44,Non-classical Monocytes,CD4 T Cells,VIM,CD44,-0.00359836377832079,-0.0060252890556235505,-0.00117143850101803,56,0.0036607250530751516,0.04261669444180256,11,0.9978299771697418,33,0.993702027549815,5,0.9984739108408525,7,0.9979443249992466,Non-classical Monocytes,CD4 T Cells,VIM,CD44,-4.437896387288198e-05,-7.21278713021554e-05,-1.6630056443608574e-05,56,0.001721003072801248,0.09905845614528985,11,0.9999716864167194,33,0.999916443490103,5,0.9999920080561473,7,0.9999811440934038
Classical Monocytes|Classical Monocytes|PTPN6|CLEC12A,Classical Monocytes,Classical Monocytes,PTPN6,CLEC12A,-0.39537522150400145,-0.6623249375614784,-0.1284255054465246,56,0.0036975623280271425,0.04274162394031375,11,0.5949785278871066,33,0.6989360672369413,5,0.270058474338766,7,0.7693912351926022,Classical Monocytes,Classical Monocytes,PTPN6,CLEC12A,-0.0008153678963880306,-0.003007215780095824,0.0013764799873197627,56,0.4659361917963709,0.6642847591249715,11,0.995545902688045,33,0.9959870961078321,5,0.9970163486454252,7,0.9982729099616003
Classical Monocytes|B Cells|PSEN1|CD44,Classical Monocytes,B Cells,PSEN1,CD44,-0.3720760996685106,-0.6238247983948363,-0.12032740094218486,56,0.003770371448219455,0.04283798643941939,11,0.3398027286872419,33,0.16758398440133027,5,0.12831402119276097,7,0.32817137657535994,Classical Monocytes,B Cells,PSEN1,CD44,-0.0026148775114959166,-0.004980097317756391,-0.00024965770523544244,56,0.030246641488970664,0.37596457679578515,11,0.9928847257765571,33,0.9885484137979559,5,0.9965072981209747,7,0.9947858636538695
Non-classical Monocytes|Non-classical Monocytes|HLA-C|LILRA1,Non-classical Monocytes,Non-classical Monocytes,HLA-C,LILRA1,-0.032204638016981146,-0.05399551909845612,-0.010413756935506176,56,0.0037720476719372304,0.04283798643941939,11,0.9846950545380975,33,0.9630509086229969,5,0.9616510481392906,7,0.9722115402411712,Non-classical Monocytes,Non-classical Monocytes,HLA-C,LILRA1,-0.00022100060084684348,-0.0004031612335900752,-3.883996810361172e-05,56,0.01741324505982149,0.2902624868168367,11,0.9998246532705135,33,0.9995511648011466,5,0.9998442126456822,7,0.9997917247771623
Classical Monocytes|Classical Monocytes|HLA-DRB1|CD4,Classical Monocytes,Classical Monocytes,HLA-DRB1,CD4,-0.07198573403129382,-0.12070412842728134,-0.023267339635306306,56,0.003779282743691818,0.04283798643941939,11,0.9680096537029073,33,0.9044238287188567,5,0.9554112456924851,7,0.9638111547397283,Classical Monocytes,Classical Monocytes,HLA-DRB1,CD4,-0.0008871450255906188,-0.001529936989172045,-0.0002443530620091926,56,0.006829797990303115,0.16988195027076808,11,0.9996214792359509,33,0.9985988533256316,5,0.9998200373987528,7,0.9996845565140242
Classical Monocytes|B Cells|GNAI2|S1PR4,Classical Monocytes,B Cells,GNAI2,S1PR4,-0.23193440310735403,-0.38887074365870666,-0.07499806255600142,52,0.003772206442305209,0.04283798643941939,11,0.685347714304643,29,0.5701458817603519,5,0.5604147996738784,7,0.6771473702369413,Classical Monocytes,B Cells,GNAI2,S1PR4,-0.12176564190952233,-0.23600281464544165,-0.007528469173603003,56,0.03669604768557686,0.40101408534417127,11,0.996543648477555,33,0.8741722317624665,5,0.9982085126474554,7,0.9976027378418891
Non-classical Monocytes|Non-classical Monocytes|GNAI2|C5AR1,Non-classical Monocytes,Non-classical Monocytes,GNAI2,C5AR1,-0.1574323810473397,-0.2641638158665828,-0.050700946228096636,56,0.003840041670065145,0.043316412075372526,11,0.9303508560727618,33,0.8243698069409855,5,0.873980629566838,7,0.9254319614824013,Non-classical Monocytes,Non-classical Monocytes,GNAI2,C5AR1,-0.0013286345780288977,-0.0020032836179864144,-0.000653985538071381,56,0.00011343474829711973,0.048315640458019865,11,0.9991867204171494,33,0.9977883965283503,5,0.9995141295863806,7,0.9994444402756105
CD8 T Cells|Non-classical Monocytes|LTB|TNFRSF1A,CD8 T Cells,Non-classical Monocytes,LTB,TNFRSF1A,-0.25753127986319035,-0.4329000104155223,-0.08216254931085842,56,0.003999098936192226,0.04489373084619638,11,0.8808989657184139,33,0.7784616753203784,5,0.7844395155068591,7,0.9395335049720138,CD8 T Cells,Non-classical Monocytes,LTB,TNFRSF1A,-0.0018590439540850934,-0.0031699288313128673,-0.0005481590768573192,56,0.0054435661928582705,0.14594797007290425,11,0.9986991535897715,33,0.9973150709265216,5,0.9990876151170347,7,0.99956257640787
CD8 T Cells|CD8 T Cells|SELPLG|ITGB2,CD8 T Cells,CD8 T Cells,SELPLG,ITGB2,-0.3336212276789681,-0.5609852258201039,-0.10625722953783237,56,0.004028241766917858,0.04500451926197703,11,0.6835966441080281,33,0.6831632512598684,5,0.3145258236995628,7,0.6477136585303712,CD8 T Cells,CD8 T Cells,SELPLG,ITGB2,-0.0006912073914261407,-0.0021821643385373027,0.0007997495556850212,56,0.3635407259711245,0.5986241490282254,11,0.9964500775424425,33,0.9961345117456702,5,0.9973513629001649,7,0.9977270044948188
CD8 T Cells|B Cells|LTB|CD40,CD8 T Cells,B Cells,LTB,CD40,-0.13490468372325315,-0.22705509808782764,-0.04275426935867867,56,0.004113653508519869,0.04573990924949473,11,0.9259875291016015,33,0.8310003795105239,5,0.9272613695182171,7,0.9671789036503926,CD8 T Cells,B Cells,LTB,CD40,-0.0012662288253137977,-0.0021952282649786957,-0.0003372293856488995,56,0.007552738963172267,0.17871150336793107,11,0.9991840652707832,33,0.9979372147959886,5,0.9997005855170844,7,0.9997199638676036
Non-classical Monocytes|Non-classical Monocytes|HLA-DPA1|CD4,Non-classical Monocytes,Non-classical Monocytes,HLA-DPA1,CD4,-0.022199555835653362,-0.03737201910912023,-0.007027092562186494,56,0.004134452515468871,0.04575330153374319,11,0.9857859508098961,33,0.9615451824414825,5,0.9930842026100082,7,0.9910429900772479,Non-classical Monocytes,Non-classical Monocytes,HLA-DPA1,CD4,-0.0003302649384459011,-0.0005672183308200641,-9.331154607173807e-05,56,0.0062990892258858915,0.16201679925062218,11,0.9998271148912748,33,0.9994393068207117,5,0.9999687839860231,7,0.9999112408539058
B Cells|Non-classical Monocytes|LTB|TNFRSF1A,B Cells,Non-classical Monocytes,LTB,TNFRSF1A,-0.1267475060248564,-0.21360323999373626,-0.03989177205597656,56,0.004234388353027622,0.04663819247320518,11,0.9604397290683369,33,0.9239415655496322,5,0.8826190444444413,7,0.9728683869505932,B Cells,Non-classical Monocytes,LTB,TNFRSF1A,-0.0007536784725988843,-0.0012784169484596278,-0.00022893999673814086,56,0.004876455099451586,0.13371532888582052,11,0.9995473848820082,33,0.9991245596924063,5,0.999483660311396,7,0.9998145135943929
NK Cells|Classical Monocytes|PKM|CD44,NK Cells,Classical Monocytes,PKM,CD44,-0.04074800489822694,-0.06875435004535566,-0.012741659751098231,56,0.004349135855780316,0.047677146588014266,11,0.9500383699250758,33,0.9127265958633134,5,0.9517818306057988,7,0.9552180614422633,NK Cells,Classical Monocytes,PKM,CD44,-0.00030133184372349575,-0.000659751334578455,5.708764713146348e-05,56,0.09939605343125602,0.5560563594390482,11,0.9994245198460102,33,0.998923384581432,5,0.9998024996917987,7,0.999602696270944
Non-classical Monocytes|Non-classical Monocytes|PTPN6|CD300LF,Non-classical Monocytes,Non-classical Monocytes,PTPN6,CD300LF,-0.3257372079285388,-0.5503573173383589,-0.10111709851871858,56,0.004479216382267792,0.04844909469678383,11,0.8072203044980811,33,0.5554415001440485,5,0.630850701916034,7,0.7048091054905401,Non-classical Monocytes,Non-classical Monocytes,PTPN6,CD300LF,-0.003460138398150403,-0.0056689902176099505,-0.0012512865786908555,56,0.0021387338838033962,0.10592535491178216,11,0.997792983650703,33,0.9939224217020711,5,0.9984501508805076,7,0.9980397273300262
NK Cells|CD4 T Cells|CD48|CD2,NK Cells,CD4 T Cells,CD48,CD2,-0.07541001964038874,-0.12738724063378026,-0.02343279864699721,56,0.004461105724897991,0.04844909469678383,11,0.9213003951282743,33,0.8789525549637512,5,0.9243758435539299,7,0.9574380230297955,NK Cells,CD4 T Cells,CD48,CD2,-0.00040736495599613676,-0.0007465832110412204,-6.814670095105316e-05,56,0.01858721718033596,0.2902624868168367,11,0.9991310003496402,33,0.9987048454850403,5,0.9996951747611007,7,0.9996763848524969
Classical Monocytes|Classical Monocytes|HLA-DRA|CD4,Classical Monocytes,Classical Monocytes,HLA-DRA,CD4,-0.03048137960758135,-0.0515461360468801,-0.009416623168282592,56,0.0045663728760040965,0.04881985519537651,11,0.9921710813551079,33,0.957257481386273,5,0.9905387648370787,7,0.9861065444758251,Classical Monocytes,Classical Monocytes,HLA-DRA,CD4,-0.0004326516350157128,-0.0007356160546486636,-0.00012968721538276205,56,0.00512694109782481,0.13821108301266966,11,0.9999010604180673,33,0.9993792325458288,5,0.9999579032637873,7,0.9998687270265646
B Cells|Classical Monocytes|HLA-DRA|CD4,B Cells,Classical Monocytes,HLA-DRA,CD4,-0.005258982861462647,-0.00889442095613499,-0.0016235447667903025,56,0.004578821536525677,0.04881985519537651,11,0.9982922940084916,33,0.991158610242012,5,0.9979125131346525,7,0.9960378122296355,B Cells,Classical Monocytes,HLA-DRA,CD4,-7.560437568021605e-05,-0.00013637847289738826,-1.4830278463043848e-05,56,0.014758959048660078,0.2725288709881192,11,0.9999771609490069,33,0.9998695227756283,5,0.9999900832305038,7,0.9999580494328054
B Cells|CD8 T Cells|CD48|CD2,B Cells,CD8 T Cells,CD48,CD2,-0.07829559607866021,-0.1324140857691123,-0.02417710638820813,56,0.004574456445963057,0.04881985519537651,11,0.9173389390401607,33,0.8916031722782367,5,0.901923422918005,7,0.9544832522347412,B Cells,CD8 T Cells,CD48,CD2,-0.00030828188471432316,-0.0006910620096272641,7.449824019861777e-05,56,0.11444901066683753,0.5560563594390482,11,0.9990906444057711,33,0.9988632077517422,5,0.9996061364389156,7,0.999686981669601
Non-classical Monocytes|NK Cells|SELPLG|ITGAM,Non-classical Monocytes,NK Cells,SELPLG,ITGAM,-0.21577503783678365,-0.36530301756738104,-0.06624705810618622,55,0.004679464244541509,0.04966613186820192,11,0.29123237552811876,33,0.1580472358313587,5,0.0073339751842002605,6,0.08992387332422384,Non-classical Monocytes,NK Cells,SELPLG,ITGAM,0.14099104585569688,-0.15899552791660881,0.4409776196280026,56,0.3569638711577322,0.591146234532595,11,0.9922173848678333,33,0.9881148399049334,5,0.9952692746684624,7,0.8501756838498656
Classical Monocytes|Non-classical Monocytes|CD14|ITGA4,Classical Monocytes,Non-classical Monocytes,CD14,ITGA4,-0.11289806384653012,-0.19138370251331538,-0.03441242517974487,56,0.004812549840329099,0.0506184859331912,11,0.9209417590435943,33,0.8454744481454987,5,0.892717747229607,7,0.9301485001780413,Classical Monocytes,Non-classical Monocytes,CD14,ITGA4,-0.0009216362406407885,-0.0014290572774323196,-0.00041421520384925747,56,0.0003709802008185061,0.07159490888903197,11,0.9991295980265328,33,0.9981686935897717,5,0.9995328862446353,7,0.999493618048515
CD4 T Cells|CD8 T Cells|HLA-E|CD8B,CD4 T Cells,CD8 T Cells,HLA-E,CD8B,-0.005348166259507625,-0.009076784758377919,-0.0016195477606373316,56,0.004934389210558717,0.051544670793659424,11,0.9981590003382518,33,0.9958625117352772,5,0.9949686632343804,7,0.9980203408909135,CD4 T Cells,CD8 T Cells,HLA-E,CD8B,-3.770220897969523e-05,-6.666249520487894e-05,-8.741922754511517e-06,56,0.010723055249889936,0.22462163931654688,11,0.9999739575437239,33,0.9999444574388959,5,0.9999746107486074,7,0.9999828128527591
CD4 T Cells|CD4 T Cells|SELPLG|SELL,CD4 T Cells,CD4 T Cells,SELPLG,SELL,-0.228426693948373,-0.38800658260937626,-0.06884680528736975,56,0.005023202154840589,0.05212967569579011,11,0.7561583564828596,33,0.7147649459000244,5,0.5837864901645621,7,0.7708197735300999,CD4 T Cells,CD4 T Cells,SELPLG,SELL,-0.0007761804248781479,-0.0020846185090434635,0.0005322576592871676,56,0.24496218607872722,0.5900226619420714,11,0.9972869283692031,33,0.996671846973041,5,0.9983152822843764,7,0.9984763813130925
Classical Monocytes|NK Cells|VCAN|ITGA4,Classical Monocytes,NK Cells,VCAN,ITGA4,-0.058035232837682416,-0.09882946137506152,-0.01724100430030332,56,0.005298377322630504,0.05474208428470012,11,0.9223567191871441,33,0.9084458591594512,5,0.9147930939476702,7,0.9589174667576597,Classical Monocytes,NK Cells,VCAN,ITGA4,-0.0002714214877107546,-0.0005796361458332899,3.679317041178074e-05,56,0.0843486731724809,0.5041194320851081,11,0.9991624089998975,33,0.998954670032513,5,0.9996466199493119,7,0.9997103024696382
Non-classical Monocytes|CD8 T Cells|HLA-B|CD8B,Non-classical Monocytes,CD8 T Cells,HLA-B,CD8B,-0.00019670269365978932,-0.0003351166949258886,-5.828869239369005e-05,56,0.005347145413248936,0.05500257506579853,11,0.999965440486115,33,0.99991055684609,5,0.9998192360777096,7,0.9999610551313445,Non-classical Monocytes,CD8 T Cells,HLA-B,CD8B,-1.5198366669633145e-06,-2.377350106642446e-06,-6.623232272841831e-07,56,0.0005131546442149714,0.08196362554723631,11,0.9999994478424039,33,0.9999985530949739,5,0.9999990593999428,7,0.9999996844891799
Non-classical Monocytes|Non-classical Monocytes|HLA-A|LILRA1,Non-classical Monocytes,Non-classical Monocytes,HLA-A,LILRA1,-0.031836195124221645,-0.05431250755765908,-0.009359882690784211,56,0.005500546097378547,0.05608635431169828,11,0.9776538232731583,33,0.9603197303210058,5,0.9549489947910399,7,0.969451096963109,Non-classical Monocytes,Non-classical Monocytes,HLA-A,LILRA1,-0.00017369132643096918,-0.00037149375047256395,2.4111097610625556e-05,56,0.0852409418367045,0.50748680734841,11,0.9997425852188043,33,0.9995224749171718,5,0.9998148407196075,7,0.9997684217444059
Non-classical Monocytes|NK Cells|HLA-E|CD8A,Non-classical Monocytes,NK Cells,HLA-E,CD8A,-0.06589714535179647,-0.11241465914221926,-0.01937963156137367,42,0.005494707352960815,0.05608635431169828,8,0.9232692974027085,22,0.873902899349959,5,0.9702141635153012,7,0.9867449108143482,Non-classical Monocytes,NK Cells,HLA-E,CD8A,-0.06120968565030194,-0.3944769335460056,0.27205756224540173,56,0.718863805563317,0.8425305360743786,11,0.7266004766999372,33,0.6654249930056029,5,0.9998724813476827,7,0.9999066833036504
CD8 T Cells|Classical Monocytes|MFNG|NOTCH2,CD8 T Cells,Classical Monocytes,MFNG,NOTCH2,-0.14564773889671304,-0.24856839717027582,-0.042727080623150254,56,0.005543386366067093,0.05627742245550723,11,0.12886010069498705,33,0.03343872491690868,5,0.0,7,0.05022636311863467,CD8 T Cells,Classical Monocytes,MFNG,NOTCH2,-0.0022771090882622858,-0.0072602498739395,0.002706031697414928,56,0.3704502553759168,0.6029760624462895,11,0.9898278802719381,33,0.9839992673653546,5,0.9951931629091216,7,0.9916416590908004
B Cells|B Cells|CD22|PTPRC,B Cells,B Cells,CD22,PTPRC,-0.11134095112553177,-0.190169622531019,-0.03251227972004456,56,0.005634332293753471,0.0569530991598024,11,0.8859992703645001,33,0.8444382105622702,5,0.8292770508631939,7,0.8990569421864958,B Cells,B Cells,CD22,PTPRC,-0.0006382127730175657,-0.0012595484501489321,-1.6877095886199474e-05,56,0.04409341310565315,0.42671310477832225,11,0.9987326046881569,33,0.9980898320022881,5,0.9992667480764897,7,0.9992621881636384
CD8 T Cells|Classical Monocytes|VIM|CD44,CD8 T Cells,Classical Monocytes,VIM,CD44,-0.012371584134709623,-0.021149540606747924,-0.003593627662671321,56,0.005738549670350228,0.05750864154621366,11,0.9919888857965301,33,0.9811944093039121,5,0.9915082286569843,7,0.993085336299076,CD8 T Cells,Classical Monocytes,VIM,CD44,-0.00010493799446864571,-0.0001951308470689507,-1.4745141868340746e-05,56,0.022584692600013348,0.307007661747841,11,0.9998999389861658,33,0.999763308740975,5,0.9999638618297642,7,0.9999321695790419
Classical Monocytes|Non-classical Monocytes|HLA-DPB1|CD4,Classical Monocytes,Non-classical Monocytes,HLA-DPB1,CD4,-0.14040793698449927,-0.2400160964330963,-0.04079977753590226,56,0.005731302274628565,0.05750864154621366,11,0.8737616144420021,33,0.7415055510998826,5,0.8657281722087002,7,0.87388004585108,Classical Monocytes,Non-classical Monocytes,HLA-DPB1,CD4,-0.0018055972071114867,-0.0032725596399131892,-0.00033863477430978424,56,0.01584772640011428,0.284271718428537,11,0.9986157078830811,33,0.996292881933092,5,0.9994657685355101,7,0.9989485397926323
B Cells|NK Cells|CD48|CD2,B Cells,NK Cells,CD48,CD2,-0.12476901647885408,-0.2133541536662209,-0.03618387929148727,56,0.005770596263168476,0.05758265929272817,11,0.8771126590913696,33,0.8102554825554719,5,0.9105453809997653,7,0.9684572209427216,B Cells,NK Cells,CD48,CD2,-0.0009534157780530794,-0.0016864768028699607,-0.0002203547532361982,56,0.010799510426770827,0.2254838958060092,11,0.998671444781248,33,0.9978563702895856,5,0.9996403432272094,7,0.9997786845136002
Non-classical Monocytes|Non-classical Monocytes|LTB|TNFRSF1A,Non-classical Monocytes,Non-classical Monocytes,LTB,TNFRSF1A,-0.441305048179108,-0.754968190940227,-0.12764190541798892,56,0.005823619192514962,0.057864471551159306,11,0.5435404999669174,33,0.25741206802372585,5,0.1373651996691306,7,0.2925418159050471,Non-classical Monocytes,Non-classical Monocytes,LTB,TNFRSF1A,-0.004046792001845656,-0.007558878690610492,-0.0005347053130808194,56,0.023923038468228658,0.3204282867369243,11,0.9950497540845737,33,0.9891511146878276,5,0.996310694125742,7,0.9944588467308414
Non-classical Monocytes|NK Cells|CD58|CD2,Non-classical Monocytes,NK Cells,CD58,CD2,-0.33303270432638854,-0.570185310164043,-0.09588009848873416,56,0.00591653358841083,0.058538584444658,11,0.32686683362129965,33,0.23159941077595295,5,0.586818372369995,7,0.8245836538510368,Non-classical Monocytes,NK Cells,CD58,CD2,-0.004380427303967593,-0.007593606979560661,-0.0011672476283745262,56,0.007541018328798205,0.17871150336793107,11,0.9925150597681618,33,0.9886734094853963,5,0.9983025356142685,7,0.9988413126354706
Classical Monocytes|Non-classical Monocytes|HLA-C|LILRA1,Classical Monocytes,Non-classical Monocytes,HLA-C,LILRA1,-0.05025544156409678,-0.08620989492595044,-0.014300988202243126,56,0.006152422644967359,0.06036095326049909,11,0.9715505870113545,33,0.9435562859092494,5,0.9332144073974374,7,0.9554755478594291,Classical Monocytes,Non-classical Monocytes,HLA-C,LILRA1,-0.00029062817417857545,-0.0005645029297911752,-1.675341856597571e-05,56,0.03753850814255517,0.40101408534417127,11,0.9996813127002304,33,0.9993261070584457,5,0.999735555248142,7,0.9996709777805357
CD4 T Cells|CD4 T Cells|CALM1|PTPRA,CD4 T Cells,CD4 T Cells,CALM1,PTPRA,-0.15125453677182932,-0.25972710206388205,-0.042781971479776595,53,0.006276397986434472,0.06081074397645017,11,0.7810677392631945,30,0.7234136974751487,5,0.7300300782410403,7,0.8236305732248238,CD4 T Cells,CD4 T Cells,CALM1,PTPRA,-0.09150212391918133,-0.1923002861331841,0.009296038294821424,56,0.07520571477229872,0.4776247420339505,11,0.9975677340604442,33,0.9059085849566507,5,0.9989212890869315,7,0.9987642639023193
Non-classical Monocytes|Classical Monocytes|CALR|LRP1,Non-classical Monocytes,Classical Monocytes,CALR,LRP1,-0.23893275498676536,-0.41019006706949523,-0.06767544290403549,56,0.006247900192911223,0.06081074397645017,11,0.5557678962357552,33,0.3570399649408146,5,0.45669349561205885,7,0.49689831930388356,Non-classical Monocytes,Classical Monocytes,CALR,LRP1,-0.0013214295115959729,-0.0038192981992364312,0.0011764391760444855,56,0.2997984725490428,0.5900226619420714,11,0.9951197914324443,33,0.9919510909867907,5,0.9978328407037635,7,0.9959855697697059
Non-classical Monocytes|Non-classical Monocytes|HLA-F|LILRB2,Non-classical Monocytes,Non-classical Monocytes,HLA-F,LILRB2,-0.1885816737165662,-0.3240249891217333,-0.053138358311399125,56,0.006354308946210344,0.06131120408843451,11,0.8419903890130377,33,0.7753711096449417,5,0.7083934306105281,7,0.8303558249589983,Non-classical Monocytes,Non-classical Monocytes,HLA-F,LILRB2,-0.0010588640227352508,-0.0021131994967848035,-4.528548685698176e-06,56,0.049024059949058195,0.4497776929557514,11,0.9982343358718583,33,0.9971948201252833,5,0.9988456163851793,7,0.9988649646613396
Non-classical Monocytes|Classical Monocytes|HLA-DPB1|CD4,Non-classical Monocytes,Classical Monocytes,HLA-DPB1,CD4,-0.04079775335476321,-0.07014231882706574,-0.011453187882460678,56,0.00643135251471855,0.06179921037805686,11,0.9800611570963276,33,0.929892980200041,5,0.9924639241414692,7,0.9830935005999457,Non-classical Monocytes,Classical Monocytes,HLA-DPB1,CD4,-0.0006292575641035913,-0.0010629335191149033,-0.00019558160909227944,56,0.004456789806892325,0.12434248941587364,11,0.9997638457759106,33,0.9989864113930611,5,0.9999658144366617,7,0.9998176376179158
B Cells|Non-classical Monocytes|HLA-C|LILRA1,B Cells,Non-classical Monocytes,HLA-C,LILRA1,-0.04198161116244581,-0.07232115047162926,-0.011642071853262353,56,0.006686785186691523,0.06185065284450527,11,0.9796025594094572,33,0.9570233486471587,5,0.9485265612195821,7,0.9679289616197294,B Cells,Non-classical Monocytes,HLA-C,LILRA1,-0.00023346083430930697,-0.00044413834444655684,-2.278332417205708e-05,56,0.029861651365897263,0.37409037367983844,11,0.9997693527873897,33,0.9995056351217573,5,0.999793255218199,7,0.9997629983868759
B Cells|CD4 T Cells|CD22|PTPRC,B Cells,CD4 T Cells,CD22,PTPRC,-0.039820922347497345,-0.06850030849609763,-0.011141536198897056,56,0.006500953229512303,0.06185065284450527,11,0.9460459313802766,33,0.9275126350046583,5,0.9365464750484225,7,0.9578341010203015,B Cells,CD4 T Cells,CD22,PTPRC,-0.00023172487635869654,-0.0005042482040593119,4.079845134191885e-05,56,0.09560489643911439,0.5488047469447457,11,0.9993888206588474,33,0.9990991910309082,5,0.9997199591179193,7,0.9996620543663388
Non-classical Monocytes|Non-classical Monocytes|GNAI2|ADCY7,Non-classical Monocytes,Non-classical Monocytes,GNAI2,ADCY7,-0.20481956351744968,-0.3526740195679683,-0.056965107466931064,56,0.0066256661722709,0.06185065284450527,11,0.7111442004351569,33,0.6126780470285199,5,0.6223173742947562,7,0.7286707844055689,Non-classical Monocytes,Non-classical Monocytes,GNAI2,ADCY7,-0.0008619618540749441,-0.002166414836440412,0.00044249112829052354,56,0.19528120477061006,0.5900226619420714,11,0.9968357332336343,33,0.9952332805857264,5,0.9985367018508317,7,0.9977962110569987
CD8 T Cells|Non-classical Monocytes|ARF6|SMAP1,CD8 T Cells,Non-classical Monocytes,ARF6,SMAP1,-0.34770146527620743,-0.5989147244067023,-0.09648820614571252,55,0.006672455707606668,0.06185065284450527,11,0.23534124108340376,32,0.1872866969091903,5,0.1290324530306845,7,0.4286793741326785,CD8 T Cells,Non-classical Monocytes,ARF6,SMAP1,-0.03171872106577778,-0.0914200112366722,0.027982569105116657,56,0.2977316935363873,0.5900226619420714,11,0.9910565158816447,33,0.9587394525057661,5,0.9963370583376149,7,0.9957387160275141
Non-classical Monocytes|NK Cells|GNAI2|S1PR4,Non-classical Monocytes,NK Cells,GNAI2,S1PR4,-0.24466666266794357,-0.42161712125166495,-0.06771620408422216,54,0.006728079581372308,0.06185065284450527,11,0.772377771249787,31,0.649170908760829,5,0.6253967506966249,7,0.7468565508756104,Non-classical Monocytes,NK Cells,GNAI2,S1PR4,-0.06187829193121486,-0.14547838514082456,0.021721801278394834,56,0.1468615214511004,0.5560563594390482,11,0.9974305570477978,33,0.9353386632677806,5,0.9984643412166418,7,0.9982507393678394
Classical Monocytes|Classical Monocytes|ADAM10|CD44,Classical Monocytes,Classical Monocytes,ADAM10,CD44,-0.11257107110583531,-0.193941611150119,-0.031200531061551615,56,0.006698196007679958,0.06185065284450527,11,0.8601476735440475,33,0.787399789657799,5,0.8301807586530329,7,0.8700039458726196,Classical Monocytes,Classical Monocytes,ADAM10,CD44,-0.0004904944181166604,-0.0013908094437801988,0.000409820607546878,56,0.28561323889356005,0.5900226619420714,11,0.9984467933262422,33,0.9974833911596765,5,0.9993319210143664,7,0.9988590132659174
Non-classical Monocytes|CD4 T Cells|SECTM1|CD7,Non-classical Monocytes,CD4 T Cells,SECTM1,CD7,-0.3020448372924541,-0.5199808962602669,-0.08410877832464136,56,0.006600025268324555,0.06185065284450527,11,0.8363099312683105,33,0.7143480883721701,5,0.591942493081803,7,0.7720254874781167,Non-classical Monocytes,CD4 T Cells,SECTM1,CD7,-0.0014952109124390933,-0.002521727962938726,-0.00046869386193946084,56,0.004305619077796043,0.12344345891644436,11,0.9981854699799864,33,0.9964859364846677,5,0.9984779917706224,7,0.9982736691877427
CD4 T Cells|NK Cells|CD48|CD244,CD4 T Cells,NK Cells,CD48,CD244,-0.24921705806030092,-0.4287500022122306,-0.06968411390837123,53,0.0065142559868324925,0.06185065284450527,11,0.856420219939747,32,0.7168972761708453,5,0.6866160604813032,5,0.7963101747727024,CD4 T Cells,NK Cells,CD48,CD244,0.2536729033967967,-0.14079103609505417,0.6481368428886476,56,0.20751833303726086,0.5900226619420714,11,0.998427250510725,33,0.966579488580271,5,0.9987459815828517,7,0.7132253162556009
Classical Monocytes|B Cells|ICAM1|IL2RG,Classical Monocytes,B Cells,ICAM1,IL2RG,-0.3275268085362862,-0.563881745583776,-0.09117187148879638,46,0.0066075293452829646,0.06185065284450527,10,0.40757857216913623,24,0.4250125082385517,5,0.3019464837930928,7,0.6469072283987944,Classical Monocytes,B Cells,ICAM1,IL2RG,-0.18176025101755955,-0.4238998754506098,0.060379373415490684,56,0.14122840615567278,0.5560563594390482,11,0.9031227048234745,33,0.7214221194559902,5,0.9972809359169414,7,0.9973406015670168
Classical Monocytes|Non-classical Monocytes|TIMP2|CD44,Classical Monocytes,Non-classical Monocytes,TIMP2,CD44,-0.0940985966161757,-0.1622704240631433,-0.025926769169208108,56,0.006822881904978855,0.062232145500490735,11,0.9280267304478923,33,0.8459549331782465,5,0.8856736423448872,7,0.8977004416914172,Classical Monocytes,Non-classical Monocytes,TIMP2,CD44,-0.0007538333255550089,-0.0015128720792507233,5.2054281407053855e-06,56,0.051591983229014406,0.4598792247439113,11,0.99918722359835,33,0.9979990310345216,5,0.9995480527265383,7,0.9991136934882648
CD4 T Cells|Non-classical Monocytes|HLA-F|LILRB2,CD4 T Cells,Non-classical Monocytes,HLA-F,LILRB2,-0.13470947155506863,-0.23227330007993374,-0.037145643030203526,56,0.006806123734237871,0.062232145500490735,11,0.8200943360105429,33,0.7855624291482268,5,0.7352179402351686,7,0.8353955049279211,CD4 T Cells,Non-classical Monocytes,HLA-F,LILRB2,-0.0005915979667310278,-0.001419572085340225,0.00023637615187816928,56,0.1613878760900228,0.5640629870564309,11,0.9979990627961997,33,0.9973591058751996,5,0.998935545168117,7,0.998887186213848
CD8 T Cells|CD8 T Cells|SELPLG|SELL,CD8 T Cells,CD8 T Cells,SELPLG,SELL,-0.4495099434765677,-0.775756195024989,-0.12326369192814635,56,0.006923833710639569,0.062298441028682386,11,0.6164020094568256,33,0.5661180666689717,5,0.25316061271068946,7,0.6523866133994033,CD8 T Cells,CD8 T Cells,SELPLG,SELL,-0.0014543854126478628,-0.004309120191436573,0.0014003493661408468,56,0.3180216250835213,0.5900226619420714,11,0.9958374230904156,33,0.994493344826875,5,0.9969632479084345,7,0.9970735550575418
CD8 T Cells|CD4 T Cells|IL16|CD4,CD8 T Cells,CD4 T Cells,IL16,CD4,-0.1312141980728319,-0.22637573180168286,-0.03605266434398095,55,0.00688178837986889,0.062298441028682386,11,0.05893252620073497,32,0.006953381016266607,5,0.0,7,0.07923505288836356,CD8 T Cells,CD4 T Cells,IL16,CD4,-0.03494263920418883,-0.09425717157662843,0.024371893168250766,56,0.24824214283380275,0.5900226619420714,11,0.9870003724570983,33,0.9494101581580382,5,0.9947370028719492,7,0.992089427777078
CD4 T Cells|NK Cells|SELPLG|ITGB2,CD4 T Cells,NK Cells,SELPLG,ITGB2,-0.11576662495236723,-0.19973672392287994,-0.03179652598185449,56,0.006889609808598448,0.062298441028682386,11,0.905041363933464,33,0.8965452278329179,5,0.8120290724897528,7,0.9192995613415739,CD4 T Cells,NK Cells,SELPLG,ITGB2,-0.00029314135216862436,-0.0009308399550076346,0.0003445572506703859,56,0.36760495232869017,0.6029760624462895,11,0.9989196247866192,33,0.998826203008023,5,0.9992401918815312,7,0.9994399114551037
CD4 T Cells|Classical Monocytes|CIRBP|TREM1,CD4 T Cells,Classical Monocytes,CIRBP,TREM1,-0.02984328273873116,-0.05152932824530271,-0.008157237232159605,56,0.0069923734851289505,0.062317527052580535,11,0.9621852438515294,33,0.9411060173085738,5,0.9531760458119434,7,0.961940102007719,CD4 T Cells,Classical Monocytes,CIRBP,TREM1,-0.00025660657168269374,-0.0005488981065753669,3.568496320997946e-05,56,0.08530925514042766,0.50748680734841,11,0.9995491498798684,33,0.9991665685315746,5,0.9998070768144574,7,0.9996811020378463
Classical Monocytes|Non-classical Monocytes|HLA-DMA|CD4,Classical Monocytes,Non-classical Monocytes,HLA-DMA,CD4,-0.15193285075696106,-0.2623926985445598,-0.041473002969362266,56,0.007020978095258283,0.06233453936284445,11,0.7088565003073041,33,0.5532739232125231,5,0.7008462548697693,7,0.6971965285319494,Classical Monocytes,Non-classical Monocytes,HLA-DMA,CD4,-0.001747260566239306,-0.003958655590456557,0.0004641344579779448,56,0.12147774856072488,0.5560563594390482,11,0.9967504488634776,33,0.9936264089243652,5,0.9988014073313055,7,0.9974246279584323
Non-classical Monocytes|B Cells|LTB|CD40,Non-classical Monocytes,B Cells,LTB,CD40,-0.4229247929957499,-0.7306156689670602,-0.11523391702443958,56,0.007060144340083272,0.06244483725035773,11,0.6646662773971662,33,0.3380318105302187,5,0.3914453239198007,7,0.48773565004860303,Non-classical Monocytes,B Cells,LTB,CD40,-0.004087640535270776,-0.007041795467593608,-0.0011334856029479438,56,0.006688132103522043,0.1695653809896918,11,0.9963296474456336,33,0.990703390110011,5,0.9975403790303179,7,0.9960017622299661
Non-classical Monocytes|Classical Monocytes|SERPINA1|LRP1,Non-classical Monocytes,Classical Monocytes,SERPINA1,LRP1,-0.05412802478326528,-0.09353184685920722,-0.014724202707323344,56,0.007094991017432951,0.06251624160643751,11,0.9547565272660093,33,0.9247369154965043,5,0.921897094826672,7,0.9460055078404322,Non-classical Monocytes,Classical Monocytes,SERPINA1,LRP1,-0.0003511191658541746,-0.0006693793331961793,-3.285899851216979e-05,56,0.030593375333745156,0.37715104841644687,11,0.9994822169336962,33,0.9990366827052198,5,0.9996884107586311,7,0.999593995696009
CD8 T Cells|CD8 T Cells|HLA-E|CD8A,CD8 T Cells,CD8 T Cells,HLA-E,CD8A,-0.004609155400780107,-0.007981730931644383,-0.0012365798699158314,56,0.007393079880234514,0.06489790045243456,11,0.9957558817979717,33,0.9947808642931557,5,0.9915910613573727,7,0.9952251992533369,CD8 T Cells,CD8 T Cells,HLA-E,CD8A,-1.0958449115694435e-05,-3.5226546471621357e-05,1.3309648240232486e-05,56,0.376136642365952,0.607541278723742,11,0.9999444681767051,33,0.9999335893557992,5,0.9999624368656204,7,0.9999625164938302
CD8 T Cells|NK Cells|GNAS|PTGDR,CD8 T Cells,NK Cells,GNAS,PTGDR,-0.23329618106852357,-0.40412290318975697,-0.06246945894729017,55,0.007435088269802568,0.06502221389508987,11,0.36357011172398357,32,0.3216792698736462,5,0.02009740269236626,7,0.21150274191055243,CD8 T Cells,NK Cells,GNAS,PTGDR,-0.029625039523987873,-0.0894731768911114,0.030223097843135642,56,0.3319522430509637,0.5900226619420714,11,0.9930687219277413,33,0.9612488374096242,5,0.9959083277163892,7,0.9937134827222598
CD4 T Cells|Classical Monocytes|VIM|CD44,CD4 T Cells,Classical Monocytes,VIM,CD44,-0.00926255086732175,-0.016074876405762144,-0.0024502253288813556,56,0.007700786534294372,0.06709453939394537,11,0.9954374782076055,33,0.9874963661647846,5,0.9953586017795203,7,0.9966800406040212,CD4 T Cells,Classical Monocytes,VIM,CD44,-8.134172621865332e-05,-0.0001366522408439909,-2.6031211593315747e-05,56,0.003946623132403486,0.12265279593944935,11,0.9999408149699929,33,0.9998441260027626,5,0.9999808437942139,7,0.9999654965532022
Non-classical Monocytes|NK Cells|IL1B|SIGIRR,Non-classical Monocytes,NK Cells,IL1B,SIGIRR,-0.4234900011794891,-0.7355399364134991,-0.11144006594547912,56,0.00781612316488481,0.06784627356879566,11,0.6787117506430635,33,0.44091092914045965,5,0.556636706525057,7,0.7423258862019422,Non-classical Monocytes,NK Cells,IL1B,SIGIRR,-0.003116977923668829,-0.006197394572941767,-3.656127439589062e-05,56,0.04734211548859276,0.4459010676893301,11,0.9964993959036139,33,0.9926493979085587,5,0.998323879100935,7,0.9975908590295486
Classical Monocytes|Classical Monocytes|GNAI2|ADCY7,Classical Monocytes,Classical Monocytes,GNAI2,ADCY7,-0.2436781940500531,-0.4233315740470415,-0.06402481405306465,56,0.00784997580917799,0.06788775375715041,11,0.5594208157210001,33,0.48135509961191986,5,0.42717264845566627,7,0.5927851263966392,Classical Monocytes,Classical Monocytes,GNAI2,ADCY7,-0.0003202781221923745,-0.0022247802291638866,0.0015842239847791374,56,0.7416983776093931,0.8527700215723305,11,0.9951322897337942,33,0.9937056664341007,5,0.9977618409916328,7,0.9966554958141317
Classical Monocytes|CD4 T Cells|SELPLG|ITGB2,Classical Monocytes,CD4 T Cells,SELPLG,ITGB2,-0.22019283290951652,-0.38269221059034786,-0.05769345522868516,56,0.007911449605840202,0.06816691819054196,11,0.5915584619468427,33,0.5799159413380289,5,0.44925375556417935,7,0.6578040678648821,Classical Monocytes,CD4 T Cells,SELPLG,ITGB2,-8.3387743218033e-05,-0.0014168218073436112,0.0012500463209075452,56,0.9024488232128657,0.9385947820723332,11,0.9954726159324866,33,0.9948676602932947,5,0.9978840945397603,7,0.9973625266437864
CD8 T Cells|Non-classical Monocytes|GNAS|ADCY7,CD8 T Cells,Non-classical Monocytes,GNAS,ADCY7,-0.24756662215967037,-0.4303557348606546,-0.06477750945868616,56,0.00794157837541696,0.06817494671543603,11,0.12273316197314027,33,0.13309247416879982,5,0.05020386140765872,7,0.30812979576298866,CD8 T Cells,Non-classical Monocytes,GNAS,ADCY7,0.0006493596854412198,-0.0023183307750865288,0.0036170501459689684,56,0.6680256347437242,0.8059780585234076,11,0.9895216314386989,33,0.988655630288665,5,0.9958863209470683,7,0.9943709601115932
Classical Monocytes|CD4 T Cells|ARF6|SMAP1,Classical Monocytes,CD4 T Cells,ARF6,SMAP1,-0.35986217309015867,-0.6257304895825959,-0.09399385659772136,54,0.00798080966756597,0.06826077133247817,11,0.23939316481640754,31,0.23814679097042266,5,0.272198338602187,7,0.6308141378463608,Classical Monocytes,CD4 T Cells,ARF6,SMAP1,-0.06097464155385479,-0.14412885491630656,0.022179571808596976,56,0.15066504698701957,0.5560563594390482,11,0.9909324680114758,33,0.9298902457755487,5,0.9972360768095927,7,0.9971684961275203
Classical Monocytes|Non-classical Monocytes|GNAI2|C5AR1,Classical Monocytes,Non-classical Monocytes,GNAI2,C5AR1,-0.1496645576111557,-0.26046965836503755,-0.03885945685727389,56,0.008113127581459191,0.06913924417046427,11,0.8911398986310851,33,0.7911467267694572,5,0.8538869719996234,7,0.9035583577491513,Classical Monocytes,Non-classical Monocytes,GNAI2,C5AR1,-0.001184583791119076,-0.0019265581103130426,-0.0004426094719251094,56,0.001753187181829948,0.09998893760992313,11,0.9987492805480713,33,0.9974010947633674,5,0.9994325225162257,7,0.9992689205226409
B Cells|Classical Monocytes|HLA-DPB1|CD4,B Cells,Classical Monocytes,HLA-DPB1,CD4,-0.010059740445202747,-0.017524519764540898,-0.002594961125864598,56,0.008258831267146355,0.07012498548649723,11,0.9937958581772535,33,0.9796906023773895,5,0.9947216975670459,7,0.9906761822123846,B Cells,Classical Monocytes,HLA-DPB1,CD4,-0.00014300618733054105,-0.00026760535647757486,-1.8407018183507206e-05,56,0.02448011845294278,0.3258405766580238,11,0.9999219506771732,33,0.999709039572175,5,0.999975715347453,7,0.9999058104297855
CD4 T Cells|Non-classical Monocytes|VIM|CD44,CD4 T Cells,Non-classical Monocytes,VIM,CD44,-0.014376928321282012,-0.025095135036748536,-0.0036587216058154882,56,0.008563409925912788,0.07218614504334427,11,0.9934228566152528,33,0.9833681479204964,5,0.9901068643773796,7,0.9944290840039053,CD4 T Cells,Non-classical Monocytes,VIM,CD44,-0.00011400624166857387,-0.00018547330129368278,-4.2539182043464945e-05,56,0.0017684692361748808,0.09998893760992313,11,0.9999171852376413,33,0.9997928004100711,5,0.9999593466814917,7,0.9999489680955901
B Cells|Classical Monocytes|HLA-DQA1|CD4,B Cells,Classical Monocytes,HLA-DQA1,CD4,-0.04801640048148337,-0.08380965275672901,-0.012223148206237724,56,0.00855663454317662,0.07218614504334427,11,0.9595289667381697,33,0.9278313698136669,5,0.9542260144927306,7,0.9705448180497112,B Cells,Classical Monocytes,HLA-DQA1,CD4,-0.0003660091421142653,-0.0006720004643908234,-6.00178198377071e-05,56,0.019057940656132703,0.2913552640468292,11,0.9995450398373662,33,0.9990972845866376,5,0.9998193122432075,7,0.9997375661345932
Non-classical Monocytes|Non-classical Monocytes|ANXA2|TLR2,Non-classical Monocytes,Non-classical Monocytes,ANXA2,TLR2,-0.2128005351889617,-0.3717835347651762,-0.053817535612747186,56,0.008704834349509426,0.07311434606512414,11,0.8296622083597711,33,0.8474084274317077,5,0.64524895625456,7,0.8757957105154583,Non-classical Monocytes,Non-classical Monocytes,ANXA2,TLR2,-0.0005428812842191988,-0.0014980990914783359,0.0004123365230399384,56,0.26531730608645143,0.5900226619420714,11,0.9981623919400024,33,0.9982199249375221,5,0.998536421010409,7,0.9991368352921478
Classical Monocytes|NK Cells|IL1B|SIGIRR,Classical Monocytes,NK Cells,IL1B,SIGIRR,-0.28390072205411787,-0.4964663545888831,-0.07133508951935263,56,0.008852199035270772,0.07408560841346686,11,0.8742761275503816,33,0.6404262909054134,5,0.813933996382483,7,0.8639848817916326,Classical Monocytes,NK Cells,IL1B,SIGIRR,-0.0026157216044409015,-0.004841353263764532,-0.0003900899451172702,56,0.021251292509562182,0.29790136840649406,11,0.9985439780750579,33,0.9953836920474703,5,0.9993003415223758,7,0.9987557770992291
NK Cells|Classical Monocytes|RPS19|C5AR1,NK Cells,Classical Monocytes,RPS19,C5AR1,-0.00332413957628952,-0.0058170001299365295,-0.0008312790226425097,56,0.008960926985836419,0.07446179541611402,11,0.9990377937294604,33,0.996201813314686,5,0.9988828766070161,7,0.9993710357685311,NK Cells,Classical Monocytes,RPS19,C5AR1,-3.479329270850151e-05,-5.8535927991080024e-05,-1.1050657425922994e-05,56,0.004076247077209243,0.1234082103207138,11,0.9999868147478324,33,0.9999507324807475,5,0.9999953832697053,7,0.999994094295329
CD4 T Cells|CD8 T Cells|CALM1|PTPRA,CD4 T Cells,CD8 T Cells,CALM1,PTPRA,-0.11677950852468,-0.20433024298468871,-0.02922877406467128,56,0.008941125045641773,0.07446179541611402,11,0.853529594559016,33,0.7902779245108703,5,0.8078737757465377,7,0.861401614223072,CD4 T Cells,CD8 T Cells,CALM1,PTPRA,-0.000613929264601798,-0.0012211712682221867,-6.6872609814093474e-06,56,0.047529839151858544,0.4459010676893301,11,0.9983504859142612,33,0.9975157334270026,5,0.9992380773032628,7,0.9990172540806059
NK Cells|NK Cells|CD48|CD2,NK Cells,NK Cells,CD48,CD2,-0.11973725561601278,-0.20963010263343107,-0.02984440859859451,56,0.009036460605592348,0.07447955730044867,11,0.867403967361609,33,0.8050251887469998,5,0.9131230680303444,7,0.970481545031748,NK Cells,NK Cells,CD48,CD2,-0.0008996072897009544,-0.001586240851901288,-0.0002129737275006207,56,0.010232029403067198,0.21789521317538826,11,0.99855441720348,33,0.9977973247867891,5,0.9996501813607293,7,0.9997926962337391
Classical Monocytes|Classical Monocytes|HLA-DPA1|CD4,Classical Monocytes,Classical Monocytes,HLA-DPA1,CD4,-0.19585996295442765,-0.3428492689571425,-0.04887065695171275,56,0.009011747233013276,0.07447955730044867,11,0.8053258838880928,33,0.6351584000900232,5,0.8014343463057653,7,0.8271268254621233,Classical Monocytes,Classical Monocytes,HLA-DPA1,CD4,-0.002839290703341102,-0.005197949809553041,-0.00048063159712916255,56,0.018306872388338877,0.2902624868168367,11,0.9978652609529587,33,0.9943760977593875,5,0.9992405788641184,7,0.9985907063738884
CD8 T Cells|Classical Monocytes|CIRBP|TREM1,CD8 T Cells,Classical Monocytes,CIRBP,TREM1,-0.027866994587390947,-0.0487949215846946,-0.006939067590087288,56,0.009058755577442151,0.07447955730044867,11,0.9604581075836084,33,0.9365864211076751,5,0.9571915550423734,7,0.9611868631538311,CD8 T Cells,Classical Monocytes,CIRBP,TREM1,-0.00027376126005806967,-0.0005929730763929069,4.5450556276767536e-05,56,0.09278290719325234,0.5364615330838817,11,0.9995301045954444,33,0.9991041972343089,5,0.9998214312766656,7,0.9996692851755881
B Cells|CD8 T Cells|CD72|CD5,B Cells,CD8 T Cells,CD72,CD5,0.07685591408846217,0.019032191821168755,0.13467963635575558,52,0.009185558665094509,0.07525712099296729,11,0.002202968096824091,30,0.07905888218528626,5,0.0,6,0.0,B Cells,CD8 T Cells,CD72,CD5,0.051812655808536,-0.2635819366779165,0.3672072482949885,56,0.747467393421912,0.8527700215723305,11,0.9837415075568336,33,0.8925329667194758,5,0.9912352424670064,7,0.8482140458211126
Classical Monocytes|B Cells|S100A8|ITGB2,Classical Monocytes,B Cells,S100A8,ITGB2,-0.002592892052909024,-0.0045479102953751085,-0.0006378738104429386,56,0.009337288076092428,0.07623275404781756,11,0.9985297853214596,33,0.9984115218285389,5,0.9964835968766458,7,0.998958225436634,Classical Monocytes,B Cells,S100A8,ITGB2,-1.000427569586293e-05,-2.2103174836037813e-05,2.0946234443119522e-06,56,0.10509380150438886,0.5560563594390482,11,0.999980893649591,33,0.999978404394075,5,0.9999845436581193,7,0.9999920586782992
Classical Monocytes|B Cells|S100A9|ITGB2,Classical Monocytes,B Cells,S100A9,ITGB2,-0.0018565905483980405,-0.0032614704986593853,-0.00045171059813669547,56,0.009593396004755107,0.0777797905246638,11,0.9988632215669397,33,0.9987701291642394,5,0.997280674326305,7,0.9990441724720026,Classical Monocytes,B Cells,S100A9,ITGB2,-6.890031768125304e-06,-1.6199105231163913e-05,2.4190416949133047e-06,56,0.1468771444113169,0.5560563594390482,11,0.9999850862092754,33,0.9999831246409787,5,0.9999878714119271,7,0.9999927998753986
Non-classical Monocytes|B Cells|SELPLG|SELL,Non-classical Monocytes,B Cells,SELPLG,SELL,-0.1411902056135198,-0.24800539790299764,-0.034375013324041984,56,0.009577678116419682,0.0777797905246638,11,0.8786122629833417,33,0.805534506832503,5,0.8202888308028273,7,0.8884012802655085,Non-classical Monocytes,B Cells,SELPLG,SELL,-0.0009484662251632026,-0.0017585146252039124,-0.00013841782512249274,56,0.021740301654719244,0.2993508346379337,11,0.9986069811747023,33,0.9976220722133693,5,0.9992542273234862,7,0.9992177845873166
CD4 T Cells|Classical Monocytes|SELPLG|ITGB2,CD4 T Cells,Classical Monocytes,SELPLG,ITGB2,-0.24253184138720163,-0.4264127235358923,-0.05865095923851091,56,0.009734583536212463,0.07850100914703836,11,0.7147928413256639,33,0.7403869760711695,5,0.5951847483449575,7,0.8633107244776648,CD4 T Cells,Classical Monocytes,SELPLG,ITGB2,-0.0003719699523798692,-0.0016025380670666057,0.0008585981623068673,56,0.553550582136344,0.7216149090530711,11,0.9968475073441948,33,0.9969857858961678,5,0.9984045653113519,7,0.9989148138157048
B Cells|Classical Monocytes|HLA-DRB1|CD4,B Cells,Classical Monocytes,HLA-DRB1,CD4,-0.010996813067901456,-0.01934232661236541,-0.002651299523437506,56,0.009805096213910939,0.07867663113224069,11,0.995984059986948,33,0.9826272676441433,5,0.9925710823962675,7,0.9902111031213643,B Cells,Classical Monocytes,HLA-DRB1,CD4,-0.00012696214671537032,-0.00024248085086979926,-1.1443442560941363e-05,56,0.031230705491022172,0.3809554172840845,11,0.9999474114061734,33,0.9997524856040093,5,0.9999682832330604,7,0.9999003195776117
Non-classical Monocytes|Classical Monocytes|RPS19|C5AR1,Non-classical Monocytes,Classical Monocytes,RPS19,C5AR1,-0.002811462894406702,-0.004948111979015732,-0.0006748138097976723,56,0.009909376407945017,0.07870202011071978,11,0.9993484565951912,33,0.9968584957769387,5,0.9990302909359619,7,0.9993517930121161,Non-classical Monocytes,Classical Monocytes,RPS19,C5AR1,-2.9163091112005546e-05,-4.833046778436028e-05,-9.995714439650813e-06,56,0.0028629924319687017,0.12104049386072421,11,0.9999907548074713,33,0.9999592353295277,5,0.9999960002182242,7,0.9999936438313924
B Cells|CD8 T Cells|HLA-E|CD8B,B Cells,CD8 T Cells,HLA-E,CD8B,-0.006644739394601529,-0.011690878367673917,-0.001598600421529141,56,0.009855048566334939,0.07870202011071978,11,0.9967449955973258,33,0.994918140763452,5,0.9921610585372125,7,0.9969789430979402,B Cells,CD8 T Cells,HLA-E,CD8B,-3.968492865291662e-05,-8.045571270578275e-05,1.085855399949516e-06,56,0.05642173572173861,0.4776247420339505,11,0.9999560234050345,33,0.999929887438673,5,0.999961263516926,7,0.9999748124792174
Non-classical Monocytes|Classical Monocytes|PTPN6|CLEC12A,Non-classical Monocytes,Classical Monocytes,PTPN6,CLEC12A,-0.19226891401496238,-0.3395049237685516,-0.04503290426137313,56,0.010484420098762959,0.08270648963044427,11,0.8819148998154415,33,0.8433236474419972,5,0.7343859224151237,7,0.8880635840566418,Non-classical Monocytes,Classical Monocytes,PTPN6,CLEC12A,-0.001149628314331741,-0.002400774968978153,0.00010151834031467107,56,0.07171359289762382,0.4776247420339505,11,0.9986585409795492,33,0.9978339386278843,5,0.998860119431517,7,0.9991851453941838
Non-classical Monocytes|Classical Monocytes|HLA-DRA|CD4,Non-classical Monocytes,Classical Monocytes,HLA-DRA,CD4,-0.012330929235522703,-0.02182125088030197,-0.0028406075907434353,56,0.01087739645450587,0.08481366543232659,11,0.9956349358143946,33,0.9799396468599298,5,0.9970266654463249,7,0.9936623057273829,Non-classical Monocytes,Classical Monocytes,HLA-DRA,CD4,-0.0001853198166570369,-0.00032689277994677704,-4.374685336729672e-05,56,0.010299632865701559,0.21789521317538826,11,0.9999450360992881,33,0.9997079712984289,5,0.9999860731357597,7,0.9999343281515577
Classical Monocytes|Non-classical Monocytes|HLA-DRB1|CD4,Classical Monocytes,Non-classical Monocytes,HLA-DRB1,CD4,-0.046176431430990816,-0.08170881847452616,-0.010644044387455476,56,0.010862580992097888,0.08481366543232659,11,0.9691611995423833,33,0.9384037817190285,5,0.9552979544681598,7,0.9707169680757958,Classical Monocytes,Non-classical Monocytes,HLA-DRB1,CD4,-0.0005055873438462033,-0.0009151771383144726,-9.599754937793394e-05,56,0.015549115629644793,0.28276642578846495,11,0.999636127746676,33,0.9990737084191823,5,0.9998194618188061,7,0.9997626298351586
Classical Monocytes|Non-classical Monocytes|HLA-F|LILRB2,Classical Monocytes,Non-classical Monocytes,HLA-F,LILRB2,-0.22732342147999707,-0.4023224266523322,-0.052324416307661964,56,0.010896830676530182,0.08481366543232659,11,0.7169064718831206,33,0.6682446644340609,5,0.5789915152669979,7,0.7576531292979353,Classical Monocytes,Non-classical Monocytes,HLA-F,LILRB2,-0.0011092533732403043,-0.002634727908300629,0.0004162211618200203,56,0.15410122369282853,0.5560563594390482,11,0.9968583933904808,33,0.9958247730942,5,0.9983052121994609,7,0.9983808452764205
NK Cells|CD8 T Cells|GNAI2|S1PR4,NK Cells,CD8 T Cells,GNAI2,S1PR4,-0.2583690779161115,-0.45758968573970227,-0.05914847009252075,55,0.011025927341703845,0.08553335662085873,11,0.2664089618797417,32,0.1685992926180828,5,0.0,7,0.16055940865445262,NK Cells,CD8 T Cells,GNAI2,S1PR4,-0.032076026929612866,-0.0917423020320825,0.02759024817285676,56,0.29203945187216873,0.5900226619420714,11,0.9916220644375134,33,0.9580881666219591,5,0.9949775613043922,7,0.9935196904184506
CD4 T Cells|Non-classical Monocytes|CD28|CD86,CD4 T Cells,Non-classical Monocytes,CD28,CD86,-0.24393357314421432,-0.4322981895952248,-0.05556895669320386,53,0.011143451718168669,0.08574620867709883,11,0.12841045249452526,30,0.07716274496911413,5,0.01186325149472384,7,0.20454911711352702,CD4 T Cells,Non-classical Monocytes,CD28,CD86,-0.09116434261548512,-0.19088075519535017,0.008552069964379932,56,0.07315382468871498,0.4776247420339505,11,0.9895588339606661,33,0.8958023460297971,5,0.995817680785213,7,0.9932255354698291
Non-classical Monocytes|CD4 T Cells|CD86|CD28,Non-classical Monocytes,CD4 T Cells,CD86,CD28,-0.24393357314421432,-0.4322981895952248,-0.05556895669320386,53,0.011143451718168669,0.08574620867709883,11,0.12841045249452526,30,0.07716274496911413,5,0.01186325149472384,7,0.20454911711352702,Non-classical Monocytes,CD4 T Cells,CD86,CD28,-0.09116434261548512,-0.19088075519535017,0.008552069964379932,56,0.07315382468871498,0.4776247420339505,11,0.9895588339606661,33,0.8958023460297971,5,0.995817680785213,7,0.9932255354698291
CD4 T Cells|Non-classical Monocytes|GNAI2|S1PR4,CD4 T Cells,Non-classical Monocytes,GNAI2,S1PR4,-0.12288861039654493,-0.2178163018531052,-0.02796091893998466,56,0.01117205280083335,0.08574620867709883,11,0.12136088726986918,33,0.02043978009383611,5,0.0,7,0.021967503220511858,CD4 T Cells,Non-classical Monocytes,GNAI2,S1PR4,-0.0063069869118208555,-0.010794788619855302,-0.0018191852037864097,56,0.00587891995473901,0.1533078350646022,11,0.9898324103039091,33,0.9800136228426544,5,0.9933872609127723,7,0.9898754603633384
NK Cells|Non-classical Monocytes|CD99|PILRA,NK Cells,Non-classical Monocytes,CD99,PILRA,-0.021520794779502195,-0.03815073531146032,-0.004890854247544072,56,0.011200254238336248,0.08574620867709883,11,0.9767613064321925,33,0.9582321324301197,5,0.9718774973683267,7,0.9748691181457562,NK Cells,Non-classical Monocytes,CD99,PILRA,-0.00024200793550810396,-0.00048133561036717114,-2.6802606490367454e-06,56,0.047488881642288545,0.4459010676893301,11,0.9997159087349672,33,0.9994005669854876,5,0.9998840767717248,7,0.9998107429577533
CD4 T Cells|Non-classical Monocytes|LTB|TNFRSF1A,CD4 T Cells,Non-classical Monocytes,LTB,TNFRSF1A,-0.09735746947907187,-0.17262604644911392,-0.022088892509029817,56,0.011239918158827722,0.0857686565387671,11,0.96743868241858,33,0.9537351622821131,5,0.8943182337984956,7,0.9779721831411006,CD4 T Cells,Non-classical Monocytes,LTB,TNFRSF1A,-0.0004662613033662444,-0.0009019334716627695,-3.058913506971927e-05,56,0.03594264181067028,0.40101408534417127,11,0.9996252513837548,33,0.9994717979296925,5,0.9995337644516816,7,0.9998465723009856
Non-classical Monocytes|CD4 T Cells|PSEN1|CD44,Non-classical Monocytes,CD4 T Cells,PSEN1,CD44,-0.22034605889558112,-0.39085890706199555,-0.04983321072916666,56,0.011316420783258927,0.08607114830263712,11,0.7389915179901255,33,0.6252105361231378,5,0.6265332946179449,7,0.7330983716465383,Non-classical Monocytes,CD4 T Cells,PSEN1,CD44,-0.0012838864754057822,-0.002162412869163541,-0.00040536008164802353,56,0.0041791981462304065,0.1234082103207138,11,0.9971667961505236,33,0.9954194849623688,5,0.9985619804546984,7,0.9980985557419493
NK Cells|B Cells|GNAI2|S1PR4,NK Cells,B Cells,GNAI2,S1PR4,-0.2729100560138472,-0.4844041366700437,-0.06141597535765078,52,0.011434896749756807,0.08637915335848248,11,0.2824935586585679,29,0.18609433329175487,5,0.0,7,0.1765108306470342,NK Cells,B Cells,GNAI2,S1PR4,-0.12184433493524616,-0.23538555779961995,-0.008303112070872351,56,0.035440127328137366,0.40101408534417127,11,0.9919738213739963,33,0.8685614385213167,5,0.9945195877983709,7,0.9929515398809375
Non-classical Monocytes|NK Cells|VIM|CD44,Non-classical Monocytes,NK Cells,VIM,CD44,-0.00756007834130934,-0.013421172622185045,-0.0016989840604336335,56,0.011467896163224654,0.08637915335848248,11,0.9918406383908548,33,0.984510679335707,5,0.9956329156409115,7,0.995863034927073,Non-classical Monocytes,NK Cells,VIM,CD44,-9.603000355973279e-05,-0.00017082177194018352,-2.123823517928207e-05,56,0.011851852089598701,0.23962494620394337,11,0.9999002367231455,33,0.9997903437759688,5,0.9999790625744842,7,0.9999651996308672
Classical Monocytes|CD8 T Cells|HLA-F|CD8B,Classical Monocytes,CD8 T Cells,HLA-F,CD8B,-0.15773751656447987,-0.2801735922851235,-0.03530144084383627,56,0.011567473554082951,0.08657345324996289,11,0.884320040795781,33,0.8606153676475288,5,0.7768902082267417,7,0.9109230516429694,Classical Monocytes,CD8 T Cells,HLA-F,CD8B,-0.000696444468401336,-0.0015931313735834426,0.00020024243678077062,56,0.12793962618757584,0.5560563594390482,11,0.9986676805627268,33,0.9982319235879673,5,0.9990424998699907,7,0.9993031873636326
B Cells|CD4 T Cells|HLA-DMA|CD4,B Cells,CD4 T Cells,HLA-DMA,CD4,-0.11205367935704136,-0.19953824044283153,-0.02456911827125119,55,0.012059473162240625,0.08882924237801848,11,0.8576804448876559,32,0.7588159503661116,5,0.7688212967954234,7,0.7820104816309205,B Cells,CD4 T Cells,HLA-DMA,CD4,-0.03044891116419679,-0.09060431480011705,0.02970649247172346,56,0.3211601527495511,0.5900226619420714,11,0.9984149783375329,33,0.9669258991089433,5,0.9990792593187159,7,0.998039091254323
CD8 T Cells|CD8 T Cells|HLA-B|CD8B,CD8 T Cells,CD8 T Cells,HLA-B,CD8B,-0.00015173319467964852,-0.00027012517378402116,-3.33412155752759e-05,56,0.012007510837509495,0.08882924237801848,11,0.9999722717669364,33,0.9999408831295957,5,0.9998645245940285,7,0.9999848691513674,CD8 T Cells,CD8 T Cells,HLA-B,CD8B,-1.0822170730673264e-06,-1.7850063437019414e-06,-3.794278024327115e-07,56,0.002543432300463617,0.11690639545080612,11,0.9999995433039768,33,0.9999989956697043,5,0.9999993229846822,7,0.9999998575674827
Classical Monocytes|NK Cells|ICAM3|ITGAL,Classical Monocytes,NK Cells,ICAM3,ITGAL,-0.1685879864759326,-0.3001583672205564,-0.0370176057313088,56,0.012025198502943054,0.08882924237801848,11,0.5831959301574717,33,0.5595391694668777,5,0.3567884216310057,7,0.5017196474163442,Classical Monocytes,NK Cells,ICAM3,ITGAL,0.00042729203563873774,-0.0016251520778596939,0.0024797361491371694,56,0.6832451296312064,0.8171570822189774,11,0.9954561053780747,33,0.9943894666192438,5,0.9974334012532668,7,0.9959394704587972
Non-classical Monocytes|Non-classical Monocytes|PTPN6|CLEC12A,Non-classical Monocytes,Non-classical Monocytes,PTPN6,CLEC12A,-0.19790190934087826,-0.3522253717238702,-0.04357844695788632,56,0.011956483253858917,0.08882924237801848,11,0.9004066536796497,33,0.8632585156490166,5,0.7153886915365467,7,0.8761424628467919,Non-classical Monocytes,Non-classical Monocytes,PTPN6,CLEC12A,-0.0010740405819053,-0.0023629263385800806,0.00021484517476948054,56,0.10241509105036914,0.5560563594390482,11,0.9988656333325001,33,0.9980861156777038,5,0.9988044764738122,7,0.9990989994009212
CD8 T Cells|Classical Monocytes|GNAS|ADCY7,CD8 T Cells,Classical Monocytes,GNAS,ADCY7,-0.17575897609380817,-0.3132524861428119,-0.03826546604480441,56,0.012230034532252491,0.08980229758745147,11,0.06221596591501145,33,0.09460983421377946,5,0.02471642013433602,7,0.2328692645269122,CD8 T Cells,Classical Monocytes,GNAS,ADCY7,0.0001717745566092166,-0.00267127987486265,0.0030148289880810833,56,0.9057355933742262,0.9398643342647282,11,0.9890917453495831,33,0.9876013974282223,5,0.9955076858512186,7,0.9938455633732486
CD8 T Cells|NK Cells|CD48|CD244,CD8 T Cells,NK Cells,CD48,CD244,-0.2250930698667275,-0.40134979812931193,-0.0488363416041431,53,0.012313820214090446,0.09013407586175923,11,0.8467320158357801,32,0.7402254835244206,5,0.6747720664330858,5,0.7933586039884539,CD8 T Cells,NK Cells,CD48,CD244,0.25397921749634367,-0.1404902214052648,0.6484486563979521,56,0.20697643893230255,0.5900226619420714,11,0.9983278770109937,33,0.9668327145332681,5,0.9987054744335129,7,0.7132310944594437
Non-classical Monocytes|Classical Monocytes|HLA-DRB1|CD4,Non-classical Monocytes,Classical Monocytes,HLA-DRB1,CD4,-0.018298657239098404,-0.032659933705987076,-0.0039373807722097275,56,0.012513582416098184,0.09131004669246644,11,0.9913875372910972,33,0.9679633377824505,5,0.9944372889736188,7,0.9893117467040706,Non-classical Monocytes,Classical Monocytes,HLA-DRB1,CD4,-0.0002718757503139546,-0.00047813815190465674,-6.561334872325246e-05,56,0.009782028750260362,0.21257612818167843,11,0.9998927671147467,33,0.9995386473528886,5,0.9999750761638861,7,0.999892832152342
Classical Monocytes|NK Cells|APP|LRP10,Classical Monocytes,NK Cells,APP,LRP10,0.02643416596225748,0.005677547188936705,0.04719078473557826,55,0.012557713838525815,0.09134661000921425,11,0.00017705518269403635,32,0.026611221144951517,5,0.0,7,0.0,Classical Monocytes,NK Cells,APP,LRP10,-0.026605630510791234,-0.08616956867214795,0.03295830765056549,56,0.38132154444505384,0.6127363189947972,11,0.9863510511011827,33,0.9535415133997294,5,0.9941924509326988,7,0.9879885437420367
Non-classical Monocytes|Classical Monocytes|GNAS|ADCY7,Non-classical Monocytes,Classical Monocytes,GNAS,ADCY7,-0.28736613188605287,-0.5133381802912913,-0.061394083480814404,56,0.01268600742587466,0.09199325260688612,11,0.4830743805710298,33,0.26197355556514695,5,0.39805368403779184,7,0.4643189909179618,Non-classical Monocytes,Classical Monocytes,GNAS,ADCY7,-0.0018280330378460663,-0.004428610577743043,0.0007725445020509104,56,0.16828842037944958,0.5821303290765042,11,0.9943070327537633,33,0.9903653164310946,5,0.997657142669744,7,0.9955434593849214
Classical Monocytes|CD4 T Cells|SIRPA|CD47,Classical Monocytes,CD4 T Cells,SIRPA,CD47,-0.17834808091106166,-0.3188673083533705,-0.03782885346875278,55,0.01286078151638459,0.09211633386735588,10,0.07224890185996019,33,0.05198268237391421,5,0.0145975125227619,7,0.17267937394777758,Classical Monocytes,CD4 T Cells,SIRPA,CD47,0.08926431605565188,-0.09550851629759852,0.27403714840890225,56,0.343707804588158,0.5900226619420714,11,0.8987240243987391,33,0.9855859635325999,5,0.9957837063927067,7,0.9933813294709156
CD8 T Cells|Classical Monocytes|RPS19|C5AR1,CD8 T Cells,Classical Monocytes,RPS19,C5AR1,-0.0021712739411117177,-0.0038808529143151077,-0.0004616949679083274,56,0.0128002537418986,0.09211633386735588,11,0.9993920818934402,33,0.9973849822652747,5,0.9993141879655048,7,0.999478362278451,CD8 T Cells,Classical Monocytes,RPS19,C5AR1,-2.3417096038924612e-05,-4.1044110813611605e-05,-5.790081264237619e-06,56,0.009220502820200219,0.20384011251992804,11,0.99999144306286,33,0.9999656199693566,5,0.9999971590403394,7,0.999994753042875
CD4 T Cells|Classical Monocytes|CD47|SIRPA,CD4 T Cells,Classical Monocytes,CD47,SIRPA,-0.17834808091106166,-0.3188673083533705,-0.03782885346875278,55,0.01286078151638459,0.09211633386735588,10,0.07224890185996019,33,0.05198268237391421,5,0.0145975125227619,7,0.17267937394777758,CD4 T Cells,Classical Monocytes,CD47,SIRPA,0.08926431605565188,-0.09550851629759852,0.27403714840890225,56,0.343707804588158,0.5900226619420714,11,0.8987240243987391,33,0.9855859635325999,5,0.9957837063927067,7,0.9933813294709156
CD8 T Cells|Non-classical Monocytes|MFNG|NOTCH2,CD8 T Cells,Non-classical Monocytes,MFNG,NOTCH2,-0.16389878366552313,-0.2937520858198439,-0.03404548151120235,56,0.013367121678818938,0.09486999732535628,11,0.14023933558248744,33,0.06961324790479245,5,0.0,7,0.09327269598782813,CD8 T Cells,Non-classical Monocytes,MFNG,NOTCH2,-0.0019123340060048788,-0.007064604890332236,0.0032399368783224787,56,0.466940074148011,0.6642847591249715,11,0.9903020238456282,33,0.9854150210240357,5,0.994870348386072,7,0.9918956795704844
Classical Monocytes|Non-classical Monocytes|LGALS9|PTPRC,Classical Monocytes,Non-classical Monocytes,LGALS9,PTPRC,-0.03447911092618705,-0.061793110669196794,-0.0071651111831773084,56,0.013356889644741434,0.09486999732535628,11,0.9515719481243102,33,0.9503289273639204,5,0.9311090019138468,7,0.964345092079644,Classical Monocytes,Non-classical Monocytes,LGALS9,PTPRC,-8.873775490592095e-05,-0.0002958938279506514,0.00011841831813880948,56,0.4011474153551621,0.6358052187308684,11,0.9994480024286481,33,0.9993990481429308,5,0.999702570844315,7,0.9997423543135037
CD4 T Cells|Non-classical Monocytes|CALR|LRP1,CD4 T Cells,Non-classical Monocytes,CALR,LRP1,-0.2270232169883148,-0.4075734123638761,-0.04647302161275346,56,0.013722285949433295,0.095932747580619,11,0.24722092629943726,33,0.2757424140669877,5,0.024699883038593762,7,0.280244587794459,CD4 T Cells,Non-classical Monocytes,CALR,LRP1,0.0005695458640813111,-0.0027900211802036347,0.0039291129083662574,56,0.7396840335042557,0.8527700215723305,11,0.9917282676697954,33,0.9909476767411524,5,0.9953578920917421,7,0.9940077552990177
NK Cells|B Cells|SEMA4D|CD72,NK Cells,B Cells,SEMA4D,CD72,0.06073708216085101,0.012461511559263234,0.1090126527624388,53,0.013667134870200224,0.095932747580619,10,0.0,32,0.06073708216085101,5,0.0,6,0.0,NK Cells,B Cells,SEMA4D,CD72,0.20129443029807947,-0.1544772173461494,0.5570660779423083,56,0.26745555390225595,0.5900226619420714,11,0.8937126560415535,33,0.9508190675330618,5,0.9910105697602857,7,0.8468225509537145
NK Cells|Non-classical Monocytes|PTPN6|CD300LF,NK Cells,Non-classical Monocytes,PTPN6,CD300LF,-0.2840201660825341,-0.5098066410259765,-0.05823369113909169,56,0.013683445183266604,0.095932747580619,11,0.2343854464527591,33,0.15277572190037844,5,0.0,7,0.20241044153015345,NK Cells,Non-classical Monocytes,PTPN6,CD300LF,-0.003927225107617005,-0.007703423821578017,-0.00015102639365599394,56,0.04151480730335609,0.4172588979566835,11,0.9914978434711531,33,0.9865947052669091,5,0.9942664999276947,7,0.9932905868310676
B Cells|CD8 T Cells|HLA-E|CD8A,B Cells,CD8 T Cells,HLA-E,CD8A,-0.008236277971757966,-0.014777480582484237,-0.0016950753610316949,56,0.013592138366649763,0.095932747580619,11,0.9914733413387992,33,0.9906800400144382,5,0.9842806460641473,7,0.9917236227115444,B Cells,CD8 T Cells,HLA-E,CD8A,-9.19467335025459e-06,-5.0785990612259826e-05,3.239664391175065e-05,56,0.6648018882067365,0.8043840638737898,11,0.9998930440417587,33,0.9998887841483484,5,0.9999319721007403,7,0.9999369068806802
Classical Monocytes|Classical Monocytes|HLA-DMA|CD4,Classical Monocytes,Classical Monocytes,HLA-DMA,CD4,-0.1682491358768905,-0.3023350909604743,-0.03416318079330674,56,0.013919476786206296,0.09702083073370657,11,0.6977943591228887,33,0.46238741141595086,5,0.6972118785906983,7,0.630054066760651,Classical Monocytes,Classical Monocytes,HLA-DMA,CD4,-0.0031380180055361473,-0.0063022795016616645,2.624349058936949e-05,56,0.05193060130702698,0.46023889806442564,11,0.9966066035484452,33,0.9914632979155935,5,0.9987944688614773,7,0.9967891812341616
Non-classical Monocytes|NK Cells|HLA-B|CD8A,Non-classical Monocytes,NK Cells,HLA-B,CD8A,-0.019804633675470917,-0.03561432413685796,-0.00399494321408388,42,0.014079590071535404,0.09784477028879514,8,0.9784582954075313,22,0.9608554071303583,5,0.9973196049028872,7,0.9995213503011852,Non-classical Monocytes,NK Cells,HLA-B,CD8A,-0.06080890215327883,-0.3943457141045138,0.27272790979795614,56,0.7208435413206251,0.8425305360743786,11,0.727076736916622,33,0.6662769610598477,5,0.9999874724735335,7,0.999996598770038
Non-classical Monocytes|Non-classical Monocytes|SELPLG|ITGB2,Non-classical Monocytes,Non-classical Monocytes,SELPLG,ITGB2,-0.03677936925905967,-0.06615922224168648,-0.007399516276432854,56,0.01414364593858552,0.09799825895132697,11,0.9607468517703737,33,0.9393031634186065,5,0.9396413979338682,7,0.9549770788411608,Non-classical Monocytes,Non-classical Monocytes,SELPLG,ITGB2,-0.0002240953050260952,-0.0005027001924095673,5.45095823573769e-05,56,0.1149121710196341,0.5560563594390482,11,0.9995429085700036,33,0.9992138478040601,5,0.9997475865054615,7,0.999642621044544
CD8 T Cells|Classical Monocytes|PTPN6|CLEC12A,CD8 T Cells,Classical Monocytes,PTPN6,CLEC12A,-0.4025608294253477,-0.7246767862915571,-0.08044487255913835,56,0.01430772901255179,0.09882011532381563,11,0.3842069331132841,33,0.4645905418584418,5,0.08841299167921618,7,0.5713574298497216,CD8 T Cells,Classical Monocytes,PTPN6,CLEC12A,-0.0017596740505717579,-0.005366084015341945,0.0018467359141984296,56,0.33890837770728965,0.5900226619420714,11,0.9931309271662201,33,0.9929294885232048,5,0.9952088911550941,7,0.9967671265626507
CD4 T Cells|Classical Monocytes|ICAM2|ITGAM_ITGB2,CD4 T Cells,Classical Monocytes,ICAM2,ITGAM_ITGB2,-0.25092207774391095,-0.4517824450655589,-0.050061710422262984,56,0.014346903252579658,0.09882011532381563,11,0.11054076875249576,33,0.15693652575600037,5,0.00568273116200462,7,0.3030005659094202,CD4 T Cells,Classical Monocytes,ICAM2,ITGAM_ITGB2,0.0003161424945595792,-0.0024754650922531253,0.0031077500813722837,56,0.8243442737225207,0.9024140533617093,11,0.9895869066425061,33,0.9888694389846556,5,0.9956765939502528,7,0.9946429837978427
Classical Monocytes|NK Cells|HLA-E|CD8A,Classical Monocytes,NK Cells,HLA-E,CD8A,-0.07671528751080003,-0.1382331671668324,-0.015197407854767662,42,0.01451920849181476,0.09971279949525726,8,0.862334021365028,22,0.8194577851472125,5,0.9384854639634893,7,0.9723245152564738,Classical Monocytes,NK Cells,HLA-E,CD8A,-0.061221245977254424,-0.39425060965163083,0.271808117697122,56,0.7186206495371289,0.8425305360743786,11,0.7260895121171766,33,0.6649270323039953,5,0.9997471661085772,7,0.9998059322726502
B Cells|CD8 T Cells|HLA-F|CD8B,B Cells,CD8 T Cells,HLA-F,CD8B,-0.10813338679587758,-0.19489475217502414,-0.02137202141673103,56,0.014575263264557652,0.09980422206082733,11,0.9047695182428391,33,0.902012555985547,5,0.8251958629611235,7,0.9305722874997089,B Cells,CD8 T Cells,HLA-F,CD8B,-0.00031820395184822825,-0.0009727299922053539,0.0003363220885088974,56,0.3406636395330691,0.5900226619420714,11,0.998895234132321,33,0.9988158758981224,5,0.9992522521712589,7,0.9994910978889086
Classical Monocytes|Non-classical Monocytes|VCAN|ITGB1,Classical Monocytes,Non-classical Monocytes,VCAN,ITGB1,-0.019508982695638832,-0.03518673334753912,-0.003831232043738541,56,0.014730907064785439,0.10057505262068421,11,0.9763457112929786,33,0.958420929698869,5,0.9770358543830128,7,0.978620055484542,Classical Monocytes,Non-classical Monocytes,VCAN,ITGB1,-0.0001227749429613123,-0.0002660785755541342,2.0528689631509577e-05,56,0.09311442261210254,0.5378915425576158,11,0.999716765598725,33,0.9995181728189444,5,0.9998982802237466,7,0.9998224623869272
Classical Monocytes|CD8 T Cells|HLA-E|CD8A,Classical Monocytes,CD8 T Cells,HLA-E,CD8A,-0.02400438897505952,-0.04334022381284407,-0.004668554137274971,56,0.014966492313910734,0.10188559636437773,11,0.9790810123171297,33,0.9768568254849342,5,0.9566346959199679,7,0.9784148980628319,Classical Monocytes,CD8 T Cells,HLA-E,CD8A,-5.0203346112942526e-05,-0.0001388832841820966,3.847659195621155e-05,56,0.2671836286816053,0.5900226619420714,11,0.9997517257443949,33,0.9997236778464753,5,0.9998235247224377,7,0.9998456801706311
NK Cells|Non-classical Monocytes|MFNG|NOTCH2,NK Cells,Non-classical Monocytes,MFNG,NOTCH2,-0.10737416884967649,-0.19396305158964638,-0.02078528610970659,56,0.015080301052509898,0.10236192720235643,11,0.10850745767230308,33,0.030362218549874555,5,0.0,7,0.029228929727247967,NK Cells,Non-classical Monocytes,MFNG,NOTCH2,-0.001935249517852733,-0.006840000921686745,0.002969501885981279,56,0.4393237335594936,0.6642847591249715,11,0.9897500672453163,33,0.9845463899617581,5,0.9946555476295087,7,0.9913871198638032
Non-classical Monocytes|CD8 T Cells|VIM|CD44,Non-classical Monocytes,CD8 T Cells,VIM,CD44,-0.00422747403911905,-0.00764679789221233,-0.0008081501860257695,56,0.015384561976315837,0.10412449917303616,11,0.9964518861971924,33,0.9913317112886556,5,0.9979175327995229,7,0.9970248319301052,Non-classical Monocytes,CD8 T Cells,VIM,CD44,-5.440570183734561e-05,-9.052738122654306e-05,-1.8284022448148154e-05,56,0.0031566579628649937,0.12104049386072421,11,0.9999551986469448,33,0.9998858830885503,5,0.9999893478818095,7,0.9999744380252524
Classical Monocytes|Classical Monocytes|RPS19|C5AR1,Classical Monocytes,Classical Monocytes,RPS19,C5AR1,-0.0037108383508566156,-0.006714629366705952,-0.0007070473350072794,56,0.015464678791493054,0.1043067981997555,11,0.998805692136656,33,0.9954212338550864,5,0.9983934264031351,7,0.998719806472422,Classical Monocytes,Classical Monocytes,RPS19,C5AR1,-3.7180457618024576e-05,-6.586187211318788e-05,-8.49904312286126e-06,56,0.01106143860775681,0.22871045716814972,11,0.9999838527932181,33,0.9999404441769413,5,0.9999930104524895,7,0.9999867822938308
Classical Monocytes|Non-classical Monocytes|HLA-DPA1|CD4,Classical Monocytes,Non-classical Monocytes,HLA-DPA1,CD4,-0.1578423241551925,-0.2856548613821305,-0.03002978692825453,56,0.015500838961591075,0.1043067981997555,11,0.8120829751350036,33,0.6983678308822048,5,0.8085270396068376,7,0.8526542195092313,Classical Monocytes,Non-classical Monocytes,HLA-DPA1,CD4,-0.0016787831078950433,-0.00325092242529422,-0.00010664379049586648,56,0.036356716299293254,0.40101408534417127,11,0.9979528432051118,33,0.995843809675021,5,0.9992618310783403,7,0.9988315806561445
NK Cells|Non-classical Monocytes|HLA-C|LILRB2,NK Cells,Non-classical Monocytes,HLA-C,LILRB2,-0.00029242604139056994,-0.0005295569505183139,-5.52951322628259e-05,56,0.015649179951829215,0.10500239996414144,11,0.9999269607781044,33,0.9996947312368124,5,0.9997385601645306,7,0.9997987566646293,NK Cells,Non-classical Monocytes,HLA-C,LILRB2,-2.8513858914003265e-06,-4.942441325750675e-06,-7.603304570499788e-07,56,0.007525961894910896,0.17871150336793107,11,0.9999989646080284,33,0.9999958804224325,5,0.99999877551435,7,0.9999985427146455
NK Cells|B Cells|SELPLG|ITGB2,NK Cells,B Cells,SELPLG,ITGB2,-0.26678992460277356,-0.4834130041676975,-0.0501668450378496,56,0.015784354728998445,0.1051356009772224,11,0.2823708654595895,33,0.30942485503743555,5,0.01941833433860256,7,0.3132622485192222,NK Cells,B Cells,SELPLG,ITGB2,0.0004219948541730467,-0.0024333327354230452,0.0032773224437691387,56,0.7720708601891617,0.858763145651957,11,0.99215014713258,33,0.9914583158174906,5,0.9952836343852296,7,0.9941698082159671
Non-classical Monocytes|Classical Monocytes|LTB|TNFRSF1A,Non-classical Monocytes,Classical Monocytes,LTB,TNFRSF1A,-0.37847417238950604,-0.6858385688130688,-0.07110977596594331,56,0.015804109611565337,0.1051356009772224,11,0.5346598797330256,33,0.2515914492274108,5,0.23702729404411443,7,0.3324330359280056,Non-classical Monocytes,Classical Monocytes,LTB,TNFRSF1A,-0.004114099132129123,-0.0075524202910963465,-0.0006757779731618998,56,0.0190178347828713,0.2913552640468292,11,0.9949542375149065,33,0.9886857058248066,5,0.9968953124829927,7,0.9947408799250218
Classical Monocytes|CD4 T Cells|VCAN|ITGA4,Classical Monocytes,CD4 T Cells,VCAN,ITGA4,-0.08145588871352294,-0.14756564223451152,-0.015346135192534374,55,0.015738115591684153,0.1051356009772224,11,0.8878216095930906,32,0.9091613208287476,5,0.8335334136833328,7,0.9363290136325126,Classical Monocytes,CD4 T Cells,VCAN,ITGA4,-0.030308452533764463,-0.09056309403078319,0.029946188963254267,56,0.3241950205522458,0.5900226619420714,11,0.9988018310082736,33,0.9687106623035592,5,0.9993156432848203,7,0.9995329271138704
Non-classical Monocytes|Classical Monocytes|ICAM1|ITGAM_ITGB2,Non-classical Monocytes,Classical Monocytes,ICAM1,ITGAM_ITGB2,0.11262209925199836,0.020814838347256767,0.20442936015673996,47,0.016201991911997993,0.10668810803653715,9,0.0015156155652193666,26,0.13386367234690105,5,0.0,7,0.01972595752968333,Non-classical Monocytes,Classical Monocytes,ICAM1,ITGAM_ITGB2,-0.02669826596629188,-0.3115042253430741,0.25810769341049034,56,0.8542246095397932,0.9132767039577688,11,0.8062873378027561,33,0.7754515297247826,5,0.994905618695053,7,0.9907680765833714
CD4 T Cells|Classical Monocytes|RPS19|C5AR1,CD4 T Cells,Classical Monocytes,RPS19,C5AR1,-0.002025074650453207,-0.0036765870801503363,-0.0003735622207560775,56,0.016248025289877704,0.10668810803653715,11,0.9994039867954758,33,0.9975176557088203,5,0.9993352726304078,7,0.9994740161942054,CD4 T Cells,Classical Monocytes,RPS19,C5AR1,-2.1671438135251186e-05,-3.836879709092004e-05,-4.974079179582331e-06,56,0.010964451540218906,0.22818202244449054,11,0.9999916281718758,33,0.9999673867847089,5,0.9999972640244609,7,0.9999946940754292
Classical Monocytes|Non-classical Monocytes|GRN|TNFRSF1A,Classical Monocytes,Non-classical Monocytes,GRN,TNFRSF1A,-0.17431636247122584,-0.3165007078626274,-0.03213201707982427,56,0.016265938527197956,0.10668810803653715,11,0.8954524887973363,33,0.8876847932006489,5,0.76331777803054,7,0.9298664449050784,Classical Monocytes,Non-classical Monocytes,GRN,TNFRSF1A,-0.0006791974838920023,-0.0014804273907281103,0.00012203242294410574,56,0.09662330881204934,0.5519260526775087,11,0.9988445349418708,33,0.998688973117222,5,0.9990031450374882,7,0.9995267806967315
Classical Monocytes|Non-classical Monocytes|RPS19|C5AR1,Classical Monocytes,Non-classical Monocytes,RPS19,C5AR1,-0.00198410519913228,-0.003599795857656846,-0.00036841454060771383,56,0.016089422933998454,0.10668810803653715,11,0.9997280356066451,33,0.9981780909348464,5,0.9990554576433759,7,0.9994896181707095,Classical Monocytes,Non-classical Monocytes,RPS19,C5AR1,-2.090713194857763e-05,-3.352974411797532e-05,-8.28451977917994e-06,56,0.0011690125666889344,0.09753557241920435,11,0.999996020806952,33,0.9999749122126429,5,0.9999957491151863,7,0.9999955476528258
B Cells|Classical Monocytes|RPS19|C5AR1,B Cells,Classical Monocytes,RPS19,C5AR1,-0.002037716759762054,-0.0036998009948201816,-0.000375632524703926,56,0.016264851952916656,0.10668810803653715,11,0.999414622768477,33,0.9974687190563081,5,0.9993541822577157,7,0.9994459953053089,B Cells,Classical Monocytes,RPS19,C5AR1,-2.228611772325806e-05,-4.020980398742726e-05,-4.362431459088854e-06,56,0.014809760098352902,0.2726788393901346,11,0.9999917747730912,33,0.9999663956459864,5,0.9999973243135614,7,0.99999423130418
CD8 T Cells|Non-classical Monocytes|HLA-F|LILRB2,CD8 T Cells,Non-classical Monocytes,HLA-F,LILRB2,-0.09165800555683978,-0.16649956016997347,-0.016816450943706096,56,0.016379124712096405,0.10712409296714903,11,0.8655329658072574,33,0.8463482196828052,5,0.805357965255641,7,0.8778312246880285,CD8 T Cells,Non-classical Monocytes,HLA-F,LILRB2,-0.0003411016034167158,-0.0009493102444416715,0.0002671070376082399,56,0.2716780284294067,0.5900226619420714,11,0.9984952345909196,33,0.9981167987097571,5,0.9992190728444047,7,0.9991817385666589
CD4 T Cells|Classical Monocytes|PTPN6|CLEC12A,CD4 T Cells,Classical Monocytes,PTPN6,CLEC12A,-0.3914781284413499,-0.7112658750567281,-0.07169038182597165,56,0.016424165003100365,0.10712409296714903,11,0.33268776360519053,33,0.3916397511716922,5,0.07727604014137034,7,0.5277061561492219,CD4 T Cells,Classical Monocytes,PTPN6,CLEC12A,-0.0019583940152233525,-0.005929144528590533,0.002012356498143828,56,0.33371200871340034,0.5900226619420714,11,0.9924313582061166,33,0.99192560805144,5,0.9948965322584089,7,0.9963491761189557
Classical Monocytes|Classical Monocytes|TNFSF13B|HLA-DPB1,Classical Monocytes,Classical Monocytes,TNFSF13B,HLA-DPB1,-0.04154543109509723,-0.07555735438229419,-0.007533507807900262,56,0.0166617356271502,0.10837089885625549,11,0.9593184583792688,33,0.9373907995056585,5,0.9506056656754576,7,0.9702234378969445,Classical Monocytes,Classical Monocytes,TNFSF13B,HLA-DPB1,-0.0003606164755501906,-0.0008192106271462363,9.797767604585505e-05,56,0.12326281328260318,0.5560563594390482,11,0.9995426067864311,33,0.9991647603097162,5,0.9997946302100965,7,0.9997774002089318
Classical Monocytes|Classical Monocytes|PSAP|LRP1,Classical Monocytes,Classical Monocytes,PSAP,LRP1,-0.029426088779053505,-0.05353976910110868,-0.005312408456998336,56,0.01676792007084356,0.10875859268172142,11,0.9709002783879285,33,0.945698827643801,5,0.9626692946163216,7,0.9668939326512476,Classical Monocytes,Classical Monocytes,PSAP,LRP1,-0.00022339672124083165,-0.000437005807893415,-9.78763458824833e-06,56,0.04038686656105694,0.412586611417206,11,0.9996676278897066,33,0.9993370310157464,5,0.9998403745751254,7,0.999733174422406
CD8 T Cells|B Cells|SELPLG|SELL,CD8 T Cells,B Cells,SELPLG,SELL,-0.31170072111219316,-0.5676371371637746,-0.055764305060611696,56,0.016986137037465487,0.10888912662548907,11,0.7527325850718923,33,0.6660848165954036,5,0.514021161781511,7,0.7390741144172155,CD8 T Cells,B Cells,SELPLG,SELL,-0.0015534082962193052,-0.003039868847410498,-6.69477450281127e-05,56,0.040536729021032385,0.412586611417206,11,0.997213719485969,33,0.9959990874961377,5,0.9980440312235903,7,0.9983828075299783
Non-classical Monocytes|Non-classical Monocytes|HLA-DPB1|CD4,Non-classical Monocytes,Non-classical Monocytes,HLA-DPB1,CD4,-0.018342422524121105,-0.03338413278628667,-0.0033007122619555344,56,0.01684593305695278,0.10888912662548907,11,0.9804587473610652,33,0.9579562072483813,5,0.9923210465858423,7,0.9881609289972795,Non-classical Monocytes,Non-classical Monocytes,HLA-DPB1,CD4,-0.00030362853688092883,-0.0005460559974855119,-6.120107627634585e-05,56,0.014097905700767152,0.2641393534375406,11,0.9997691641766818,33,0.9993772440310749,5,0.9999659133518692,7,0.9998776217431431
Non-classical Monocytes|Classical Monocytes|GNAI2|FPR1,Non-classical Monocytes,Classical Monocytes,GNAI2,FPR1,-0.08061496374016386,-0.14682867903221708,-0.014401248448110637,56,0.01702121251319208,0.10888912662548907,11,0.8621484530369705,33,0.81577636091005,5,0.8513340014958718,7,0.8855768731091151,Non-classical Monocytes,Classical Monocytes,GNAI2,FPR1,-0.0003305882240356439,-0.0010273962906943305,0.0003662198426230427,56,0.35243832625025495,0.5900226619420714,11,0.9984412527318017,33,0.9978166496104199,5,0.9994061302631827,7,0.9991121153658366
CD4 T Cells|CD8 T Cells|HLA-B|CD8B,CD4 T Cells,CD8 T Cells,HLA-B,CD8B,-0.0003311603243030259,-0.0006032910561802043,-5.902959242584752e-05,56,0.017073916481849843,0.10892785515059941,11,0.9999405154136439,33,0.9998508693984509,5,0.9997282947997832,7,0.9999698091088931,CD4 T Cells,CD8 T Cells,HLA-B,CD8B,-2.4513312320006975e-06,-4.233734209415736e-06,-6.689282545856588e-07,56,0.0070276721757622194,0.16988195027076808,11,0.9999990437149143,33,0.9999976188425256,5,0.9999987064192772,7,0.9999997328781205
B Cells|Classical Monocytes|IL16|CD4,B Cells,Classical Monocytes,IL16,CD4,-0.28644051459799025,-0.5220291399680619,-0.050851889227918556,56,0.017171125520395427,0.1092495315807175,11,0.23693956871220817,33,0.06608130400595437,5,0.16173394491150664,7,0.27731619480324304,B Cells,Classical Monocytes,IL16,CD4,-0.004367679869530905,-0.009723938132652935,0.0009885783935911245,56,0.10999335303457257,0.5560563594390482,11,0.9914168173848451,33,0.9842316341387142,5,0.9965298073382469,7,0.993712303961647
Classical Monocytes|Non-classical Monocytes|CIRBP|TREM1,Classical Monocytes,Non-classical Monocytes,CIRBP,TREM1,-0.2564796196972384,-0.4678446281189907,-0.04511461127548616,56,0.01739235272466251,0.11005729976175328,11,0.6284213277161494,33,0.6056794576125466,5,0.5088376065184848,7,0.7425753561121203,Classical Monocytes,Non-classical Monocytes,CIRBP,TREM1,-0.0011199527316057,-0.0036051090962483604,0.0013652036330369603,56,0.37708976610848155,0.6086979574702094,11,0.9958703558471196,33,0.9945709583139534,5,0.9980691312585531,7,0.9978896864569926
Non-classical Monocytes|B Cells|ADAM10|CD44,Non-classical Monocytes,B Cells,ADAM10,CD44,-0.2901421292429067,-0.5291686677965525,-0.05111559068926094,56,0.017354950228573574,0.11005729976175328,11,0.38668054959927356,33,0.23239732323280973,5,0.2514982611498411,7,0.38735716402628395,Non-classical Monocytes,B Cells,ADAM10,CD44,-0.0012591554102959757,-0.0034400883771873087,0.0009217775565953574,56,0.2578112204792622,0.5900226619420714,11,0.993327241588534,33,0.9903338418333534,5,0.9969994837058191,7,0.9952652393609345
Non-classical Monocytes|Classical Monocytes|SELPLG|ITGAM,Non-classical Monocytes,Classical Monocytes,SELPLG,ITGAM,-0.23182653489340005,-0.4234727109499836,-0.04018035883681645,56,0.017745397472320155,0.11198784621045287,11,0.4445492759421889,33,0.36255964685622216,5,0.2694889229597189,7,0.41932582876715213,Non-classical Monocytes,Classical Monocytes,SELPLG,ITGAM,-0.0001637263455888105,-0.0022050691479993736,0.0018776164568217527,56,0.8750877486615906,0.92413620027509,11,0.9939147436861511,33,0.9921449928706765,5,0.9971134204885409,7,0.9955073960186551
CD4 T Cells|CD4 T Cells|LGALS1|CD69,CD4 T Cells,CD4 T Cells,LGALS1,CD69,0.03166001485292791,0.0054553213713853625,0.05786470833447045,56,0.01788495151922768,0.11256431751319848,11,0.9148456968748533,33,0.9554498758834098,5,0.975760509124264,7,0.9847046732798926,CD4 T Cells,CD4 T Cells,LGALS1,CD69,0.0004148251519450197,0.00010486157001186148,0.0007247887338781779,56,0.008715276728515794,0.1946919685961098,11,0.9990291498889202,33,0.9994369599431844,5,0.9998985232821045,7,0.9998915081844236
CD4 T Cells|CD4 T Cells|HLA-B|CD3D,CD4 T Cells,CD4 T Cells,HLA-B,CD3D,-2.6937931881909627e-05,-4.925127850659843e-05,-4.624585257220818e-06,56,0.017972743471883337,0.11281278496464406,11,0.999992185565987,33,0.9999842897038889,5,0.9999764500132974,7,0.9999954920830811,CD4 T Cells,CD4 T Cells,HLA-B,CD3D,-2.409883789189493e-07,-4.378569700455811e-07,-4.411978779231747e-08,56,0.016430613939600283,0.2891878580168215,11,0.9999998648155465,33,0.9999997101371976,5,0.9999998801179025,7,0.9999999664279325
Non-classical Monocytes|CD8 T Cells|HLA-E|CD8A,Non-classical Monocytes,CD8 T Cells,HLA-E,CD8A,-0.013328805504083108,-0.024374260443265846,-0.0022833505649003695,56,0.01802355833587136,0.11282844159318933,11,0.9926504957990108,33,0.9881626973370681,5,0.9808013458787126,7,0.989642352920853,Non-classical Monocytes,CD8 T Cells,HLA-E,CD8A,-5.7873582163248116e-05,-0.000109382588773964,-6.364575552532238e-06,56,0.027655293404910408,0.3526739911456539,11,0.9999078328702153,33,0.9998556484509641,5,0.9999197520197619,7,0.9999254411826739
B Cells|Non-classical Monocytes|RPS19|C5AR1,B Cells,Non-classical Monocytes,RPS19,C5AR1,-0.000991507967191274,-0.0018160900803353979,-0.00016692585404715033,56,0.01843649578529984,0.11388681920284424,11,0.9999221592081381,33,0.9991407418796879,5,0.9996598464659453,7,0.9998699371046865,B Cells,Non-classical Monocytes,RPS19,C5AR1,-1.1577753219693676e-05,-1.8413905980409293e-05,-4.741600458978057e-06,56,0.0009020856280897469,0.09753557241920435,11,0.999998824972007,33,0.9999878001567872,5,0.9999985942595728,7,0.9999991471975728
NK Cells|CD4 T Cells|HLA-B|CD3D,NK Cells,CD4 T Cells,HLA-B,CD3D,-1.4618918764419675e-06,-2.6776171137248808e-06,-2.46166639159054e-07,56,0.01843177588498889,0.11388681920284424,11,0.9999998213244659,33,0.9999991920297432,5,0.9999989127905868,7,0.9999997453877406,NK Cells,CD4 T Cells,HLA-B,CD3D,-1.498267310218182e-08,-2.4672244142406067e-08,-5.293102061957574e-09,56,0.0024404452177198385,0.11381025179570839,11,0.9999999967177313,33,0.9999999851657442,5,0.9999999947771283,7,0.9999999982078144
Non-classical Monocytes|Non-classical Monocytes|HLA-B|LILRB2,Non-classical Monocytes,Non-classical Monocytes,HLA-B,LILRB2,-0.0008940885520767328,-0.0016372294347012338,-0.00015094766945223184,56,0.01837001946199433,0.11388681920284424,11,0.9998294993134863,33,0.9994902940539281,5,0.9992033515184395,7,0.9997582348109579,Non-classical Monocytes,Non-classical Monocytes,HLA-B,LILRB2,-6.950592975840664e-06,-1.1433661795881245e-05,-2.467524155800083e-06,56,0.0023756427443231165,0.11381025179570839,11,0.9999977433738736,33,0.9999925765866577,5,0.9999964711437002,7,0.9999982549494602
Classical Monocytes|B Cells|CD14|ITGB2,Classical Monocytes,B Cells,CD14,ITGB2,-0.0514234045412546,-0.09427351985137733,-0.008573289231131882,56,0.018667445584105127,0.11500919640866879,11,0.9448902339465781,33,0.9289462737073723,5,0.920804368496194,7,0.9562838127982427,Classical Monocytes,B Cells,CD14,ITGB2,-0.00022777447005506435,-0.0004907246286464502,3.517568853632152e-05,56,0.08955055748290287,0.5259462724384992,11,0.9993629098880834,33,0.9991434176545967,5,0.9996769163756378,7,0.9996851986122062
B Cells|NK Cells|CD48|CD244,B Cells,NK Cells,CD48,CD244,-0.26521580110545495,-0.48666236866208334,-0.04376923354882653,53,0.018907297060172037,0.11612549971541856,11,0.7514519923201713,32,0.6473349706194411,5,0.5195738140647131,5,0.6806725934694379,B Cells,NK Cells,CD48,CD244,0.25396369854571677,-0.14018113156468848,0.648108528656122,56,0.20663041220265055,0.5900226619420714,11,0.9973064422011625,33,0.9658183606222202,5,0.998098582987201,7,0.7126468028625419
B Cells|Non-classical Monocytes|HMGB1|TLR2,B Cells,Non-classical Monocytes,HMGB1,TLR2,-0.27604241181353306,-0.506607744514372,-0.04547707911269411,56,0.018948100810096135,0.11612549971541856,11,0.8018846486198042,33,0.8020746675209565,5,0.577554589029751,7,0.8537870197444363,B Cells,Non-classical Monocytes,HMGB1,TLR2,-0.0009195459959455698,-0.0023200629650551845,0.00048097097316404506,56,0.19814115601818005,0.5900226619420714,11,0.9978522744705124,33,0.99766855781368,5,0.9981990078287047,7,0.998934837167818
CD4 T Cells|Classical Monocytes|CD40LG|CD53,CD4 T Cells,Classical Monocytes,CD40LG,CD53,-0.2506229742777678,-0.4607944313561856,-0.04045151719935003,56,0.01942896675987366,0.1185757063760191,11,0.4951403037987037,33,0.4824839128159212,5,0.3516201794893222,7,0.5895867627843074,CD4 T Cells,Classical Monocytes,CD40LG,CD53,-0.0004824786155392946,-0.002000260773218879,0.0010353035421402895,56,0.5332574943214787,0.718166553798467,11,0.9945449892674509,33,0.9937869919410239,5,0.9974023860008818,7,0.9971268672899941
Non-classical Monocytes|Classical Monocytes|PSAP|LRP1,Non-classical Monocytes,Classical Monocytes,PSAP,LRP1,-0.023665678375818455,-0.04351497241963338,-0.0038163843320035314,56,0.019449462758893067,0.1185757063760191,11,0.9833253171820237,33,0.9659332062084589,5,0.9700923044626902,7,0.976365871864944,Non-classical Monocytes,Classical Monocytes,PSAP,LRP1,-0.00017804566459489468,-0.000315857689116393,-4.0233640073396337e-05,56,0.011335991768872948,0.23363113358493312,11,0.9998062358452472,33,0.9995747759044415,5,0.9998718635647214,7,0.9998184492885106
Classical Monocytes|CD4 T Cells|PSEN1|CD44,Classical Monocytes,CD4 T Cells,PSEN1,CD44,-0.2210652190978658,-0.406774873943996,-0.03535556425173564,56,0.01964270761305113,0.11913174617266074,11,0.6938135607028275,33,0.5755829854749697,5,0.5831609071432411,7,0.685995551013249,Classical Monocytes,CD4 T Cells,PSEN1,CD44,-0.0012390649181013291,-0.0021283091291146965,-0.0003498207070879618,56,0.006314318831335877,0.16201679925062218,11,0.9966889020483656,33,0.9949126936095003,5,0.9983801192960501,7,0.9978429757752861
CD4 T Cells|CD8 T Cells|SELPLG|ITGB2,CD4 T Cells,CD8 T Cells,SELPLG,ITGB2,-0.29486403178305487,-0.5430740741472999,-0.04665398941880977,56,0.019892878552357433,0.12033645445532282,11,0.6543024849849809,33,0.6563519838502911,5,0.4127686898220898,7,0.7096822204704549,CD4 T Cells,CD8 T Cells,SELPLG,ITGB2,-0.0005364452372368378,-0.002212315509562139,0.0011394250350884633,56,0.5304078856764577,0.7158377654387174,11,0.9961162942107561,33,0.995843405847624,5,0.99774645706662,7,0.9980100139407247
CD8 T Cells|Non-classical Monocytes|HLA-B|LILRB2,CD8 T Cells,Non-classical Monocytes,HLA-B,LILRB2,-0.0007161860998798897,-0.00131959446575157,-0.00011277773400820924,56,0.020003428426303406,0.12038145715314034,11,0.9998688852474018,33,0.9996141656685215,5,0.999386353967348,7,0.9998478204883475,CD8 T Cells,Non-classical Monocytes,HLA-B,LILRB2,-5.4886297240486215e-06,-8.895584394450368e-06,-2.0816750536468748e-06,56,0.0015911907171811124,0.09753557241920435,11,0.999998170787081,33,0.9999943211856072,5,0.9999973083471962,7,0.9999989473754466
Non-classical Monocytes|Non-classical Monocytes|RPS19|C5AR1,Non-classical Monocytes,Non-classical Monocytes,RPS19,C5AR1,-0.0015968470773404242,-0.0029417837712659213,-0.00025191038341492713,56,0.019961503188964988,0.12038145715314034,11,0.9998883431738854,33,0.9986227980781975,5,0.9994773802239276,7,0.9998086822055801,Non-classical Monocytes,Non-classical Monocytes,RPS19,C5AR1,-1.7563752668148247e-05,-2.80157087900088e-05,-7.111796546287693e-06,56,0.00098921230296515,0.09753557241920435,11,0.9999983235499103,33,0.9999816139828976,5,0.9999978722528399,7,0.9999987264384955
NK Cells|CD4 T Cells|ARF6|SMAP1,NK Cells,CD4 T Cells,ARF6,SMAP1,-0.25094357455894334,-0.4627047731893318,-0.03918237592855486,54,0.020199683725873288,0.12125002956276125,11,0.5357749457205729,31,0.501058380348378,5,0.5058486127851649,7,0.7220756219719133,NK Cells,CD4 T Cells,ARF6,SMAP1,-0.061278817254850626,-0.14470564599544644,0.022148011485745175,56,0.14997037900978152,0.5560563594390482,11,0.9947192508721038,33,0.9332804585991455,5,0.998132094361764,7,0.9979721193436564
CD4 T Cells|B Cells|CD99|CD81,CD4 T Cells,B Cells,CD99,CD81,-0.2654078090175719,-0.49000397992799527,-0.04081163810714847,51,0.020552188226879257,0.12149204939180523,11,0.20645518450298542,29,0.25695028499581,5,0.17079366548996647,6,0.4866965750003629,CD4 T Cells,B Cells,CD99,CD81,0.021297048623669323,-0.30054517045526463,0.3431392677026033,56,0.8968074394552521,0.9357624644349306,11,0.9911983897587728,33,0.8694244479488806,5,0.9964606906733804,7,0.8533897002398189
Non-classical Monocytes|Non-classical Monocytes|LGALS9|PTPRC,Non-classical Monocytes,Non-classical Monocytes,LGALS9,PTPRC,-0.020440003075538504,-0.03773484639711769,-0.0031451597539593236,56,0.0205367705675088,0.12149204939180523,11,0.9770437022655301,33,0.9707758281443339,5,0.964706256776705,7,0.9788783857310474,Non-classical Monocytes,Non-classical Monocytes,LGALS9,PTPRC,-9.336930431425028e-05,-0.0002151553699919444,2.8416761363443856e-05,56,0.13293219929219183,0.5560563594390482,11,0.9997302666781139,33,0.9996367873739798,5,0.9998430867006671,7,0.9998429767008472
Classical Monocytes|B Cells|VIM|CD44,Classical Monocytes,B Cells,VIM,CD44,-0.003649672484891564,-0.006739425823299394,-0.0005599191464837334,56,0.020605004528272616,0.12149668074120343,11,0.9981571566176616,33,0.9937656367350941,5,0.9980234781037678,7,0.9972816307060919,Classical Monocytes,B Cells,VIM,CD44,-5.017677996599357e-05,-8.205050524436998e-05,-1.8303054687617157e-05,56,0.0020324662469728707,0.10480003988367138,11,0.9999755424020862,33,0.9999140449069553,5,0.9999900825806659,7,0.999978761865501
CD8 T Cells|CD4 T Cells|VIM|CD44,CD8 T Cells,CD4 T Cells,VIM,CD44,-0.01552893110475595,-0.02868604456628228,-0.0023718176432296206,56,0.020707006295416913,0.12179057858891307,11,0.977464431433329,33,0.9696260797066135,5,0.9771529557351233,7,0.9848435351131638,CD8 T Cells,CD4 T Cells,VIM,CD44,-7.752218870382688e-05,-0.00016576565899166816,1.07212815840144e-05,56,0.08509940787076213,0.5071829448566224,11,0.999733107814624,33,0.9996307819593443,5,0.9999050170562362,7,0.9998802133896604
NK Cells|Non-classical Monocytes|VIM|CD44,NK Cells,Non-classical Monocytes,VIM,CD44,-0.029894367731377325,-0.055257206464045874,-0.004531528998708775,56,0.020880020868560948,0.1221926033285459,11,0.963044719174506,33,0.94676089561495,5,0.9679558776020644,7,0.9815664217738858,NK Cells,Non-classical Monocytes,VIM,CD44,-0.00020100947559975602,-0.0004101153913486659,8.096440149153858e-06,56,0.05955476371325666,0.4776247420339505,11,0.9995741098887425,33,0.9993480141984123,5,0.9998714083984936,7,0.9998463221837631
CD4 T Cells|Non-classical Monocytes|HLA-B|LILRB2,CD4 T Cells,Non-classical Monocytes,HLA-B,LILRB2,-0.0012185825223638425,-0.0022540578512768804,-0.00018310719345080448,56,0.021079799167594438,0.12229974232845066,11,0.999748857359945,33,0.9993865885010873,5,0.9989572092433328,7,0.999813522906839,CD4 T Cells,Non-classical Monocytes,HLA-B,LILRB2,-8.30343240998399e-06,-1.330725922160152e-05,-3.299605598366462e-06,56,0.0011443629128863669,0.09753557241920435,11,0.9999965506920044,33,0.9999913518438173,5,0.9999955931397434,7,0.9999986977239661
Classical Monocytes|Classical Monocytes|TIMP2|CD44,Classical Monocytes,Classical Monocytes,TIMP2,CD44,-0.05807511679137867,-0.10740985546184634,-0.00874037812091099,56,0.02104364119734228,0.12229974232845066,11,0.9475021883396582,33,0.8856357980048969,5,0.936600743683887,7,0.9328094701405044,Classical Monocytes,Classical Monocytes,TIMP2,CD44,-0.0004548724556640016,-0.0010258757450587502,0.00011613083373074697,56,0.11844216497303682,0.5560563594390482,11,0.9993965363087188,33,0.9985593997343418,5,0.9997499022673569,7,0.9993676381486438
NK Cells|Non-classical Monocytes|RPS19|C5AR1,NK Cells,Non-classical Monocytes,RPS19,C5AR1,-0.0016046398649243176,-0.0029674970667861508,-0.00024178266306248432,56,0.021017021489293172,0.12229974232845066,11,0.9998076681770077,33,0.9985878377583396,5,0.9994294155530066,7,0.9998142249992626,NK Cells,Non-classical Monocytes,RPS19,C5AR1,-1.7181127586862743e-05,-2.7390730455728883e-05,-6.971524717996605e-06,56,0.0009727017456960913,0.09753557241920435,11,0.9999971416185606,33,0.9999810965431148,5,0.9999976857408441,7,0.9999988217929853
CD8 T Cells|CD8 T Cells|HLA-E|CD8B,CD8 T Cells,CD8 T Cells,HLA-E,CD8B,-0.003529706741790095,-0.006529746354878773,-0.0005296671287014173,56,0.021110506762116746,0.12229974232845066,11,0.9985646396790261,33,0.997572324926181,5,0.9959435690008691,7,0.9984809609898141,CD8 T Cells,CD8 T Cells,HLA-E,CD8B,-2.0885900075762187e-05,-4.2153082979057064e-05,3.8128282753269025e-07,56,0.05425121641763139,0.4761140407860535,11,0.9999795059290526,33,0.9999660201290695,5,0.99997934726998,7,0.9999867473700725
CD4 T Cells|CD8 T Cells|CD40LG|CD53,CD4 T Cells,CD8 T Cells,CD40LG,CD53,-0.20854195640935602,-0.38587490667220564,-0.0312090061465064,56,0.02117217248130817,0.12229974232845066,11,0.6179118368385924,33,0.5693296570060327,5,0.4990932929182813,7,0.6590530694950776,CD4 T Cells,CD8 T Cells,CD40LG,CD53,-0.0005036101125341919,-0.0016912839484940249,0.0006840637234256412,56,0.40592572092003676,0.6412964275179661,11,0.9958461199605856,33,0.99502056746587,5,0.997986797050368,7,0.9976648546681866
CD4 T Cells|NK Cells|HLA-E|CD8A,CD4 T Cells,NK Cells,HLA-E,CD8A,-0.04487960924083323,-0.08305477360290511,-0.006704444878761338,42,0.021212589140480735,0.12229974232845066,8,0.9330465303272146,22,0.899187462203826,5,0.9809096751822359,7,0.9919302162996806,CD4 T Cells,NK Cells,HLA-E,CD8A,-0.061025888781974125,-0.39435355214801737,0.2723017745840691,56,0.7197209696301639,0.8425305360743786,11,0.7266841464712209,33,0.6656807261905127,5,0.9999155042530965,7,0.9999379727543624
CD8 T Cells|Non-classical Monocytes|RPS19|C5AR1,CD8 T Cells,Non-classical Monocytes,RPS19,C5AR1,-0.0010868736462896766,-0.002011800774349502,-0.00016194651822985134,56,0.021271177973731046,0.12233546938094086,11,0.999912369435205,33,0.9990645582490064,5,0.9996281588351137,7,0.9998672212952047,CD8 T Cells,Non-classical Monocytes,RPS19,C5AR1,-1.240821163572825e-05,-1.998537892089709e-05,-4.831044350559411e-06,56,0.0013292152290634968,0.09753557241920435,11,0.9999986915719,33,0.9999869624875826,5,0.9999984731202705,7,0.9999991522475886
B Cells|CD8 T Cells|HLA-B|CD8B,B Cells,CD8 T Cells,HLA-B,CD8B,-0.0003122848589443006,-0.0005785689742421171,-4.6000743646484106e-05,56,0.021530564640528303,0.12280047921182441,11,0.9999234755215965,33,0.9998804494021629,5,0.9996911049111576,7,0.9999603636506684,B Cells,CD8 T Cells,HLA-B,CD8B,-1.9377728754932377e-06,-3.4006807962569933e-06,-4.7486495472948217e-07,56,0.009426802508374054,0.20768221112414426,11,0.9999988885854467,33,0.9999981466933486,5,0.9999984851721369,7,0.9999996810529144
NK Cells|NK Cells|CD48|CD244,NK Cells,NK Cells,CD48,CD244,-0.26498695288218754,-0.4909953501646341,-0.038978555599741005,53,0.021562396778093365,0.12280047921182441,11,0.7182068066047587,32,0.6384043235676823,5,0.5394415389725417,5,0.7246260088176528,NK Cells,NK Cells,CD48,CD244,0.25407339628074377,-0.14018908057048446,0.6483358731319719,56,0.20656985800043037,0.5900226619420714,11,0.99694854237502,33,0.9657120297502053,5,0.9981762751646368,7,0.7128663662590784
Classical Monocytes|NK Cells|HLA-B|CD8A,Classical Monocytes,NK Cells,HLA-B,CD8A,-0.022857936461612383,-0.04233655408011715,-0.003379318843107621,42,0.021448476858551363,0.12280047921182441,8,0.9701510823801726,22,0.9509198332024232,5,0.9954940055687083,7,0.9991206928525713,Classical Monocytes,NK Cells,HLA-B,CD8A,-0.06083360949496508,-0.3943339680370711,0.27266674904714094,56,0.7207056188603422,0.8425305360743786,11,0.7270043555417611,33,0.6661841792870485,5,0.9999800777431782,7,0.9999935109834306
NK Cells|CD4 T Cells|CALM1|PTPRA,NK Cells,CD4 T Cells,CALM1,PTPRA,-0.10097836616175848,-0.18719963557041502,-0.014757096753101953,53,0.021709109646412813,0.12333520930504603,11,0.8716440280942854,30,0.8324331399763256,5,0.8069826561894843,7,0.868750134233283,NK Cells,CD4 T Cells,CALM1,PTPRA,-0.09130443297226543,-0.19224052329287333,0.009631657348342496,56,0.07623903004954584,0.4776247420339505,11,0.9985690959955161,33,0.9071615634414949,5,0.9992121495474555,7,0.9991090499656997
Classical Monocytes|Non-classical Monocytes|ANXA2|TLR2,Classical Monocytes,Non-classical Monocytes,ANXA2,TLR2,-0.3450817617224998,-0.6399525326949487,-0.05021099075005092,56,0.021807203171617707,0.12359179467409549,11,0.701191440368011,33,0.7689035566694516,5,0.38382018590832623,7,0.7966140639322667,Classical Monocytes,Non-classical Monocytes,ANXA2,TLR2,-0.0004618610658162492,-0.0019684723748687695,0.0010447502432362709,56,0.5479471270052061,0.720794723579132,11,0.9967714334730133,33,0.9973298781691882,5,0.9975301785724764,7,0.9985504843344675
CD8 T Cells|Non-classical Monocytes|SELPLG|SELL,CD8 T Cells,Non-classical Monocytes,SELPLG,SELL,0.19719528783861523,0.027543991615842228,0.36684658406138826,56,0.022716040709967973,0.1282076344815475,11,0.08196214810165751,33,0.33118948139636195,5,0.0,7,0.05203204545608921,CD8 T Cells,Non-classical Monocytes,SELPLG,SELL,0.007201667073413853,0.002905762149665335,0.011497571997162372,56,0.0010173322091016287,0.09753557241920435,11,0.986356791395604,33,0.9905606105321625,5,0.9940578929666802,7,0.9910600450298249
Classical Monocytes|CD8 T Cells|IL1B|SIGIRR,Classical Monocytes,CD8 T Cells,IL1B,SIGIRR,-0.321366367564462,-0.5978760981962344,-0.0448566369326896,56,0.022731460674672663,0.1282076344815475,11,0.8240176286281798,33,0.5507367407754521,5,0.7537645698286417,7,0.8018500495403759,Classical Monocytes,CD8 T Cells,IL1B,SIGIRR,-0.0030679036553875605,-0.005791581951591604,-0.0003442253591835172,56,0.027267341706109654,0.35250845984625556,11,0.997991719965627,33,0.9940380918448043,5,0.9990905812911637,7,0.9982048568257286
NK Cells|NK Cells|HLA-E|CD8A,NK Cells,NK Cells,HLA-E,CD8A,-0.031067826104717478,-0.05788797985797005,-0.004247672351464903,42,0.023184809117471793,0.13044946816697983,8,0.9543134990993403,22,0.9284196093337728,5,0.9902439462419415,7,0.9954178825810914,NK Cells,NK Cells,HLA-E,CD8A,-0.06091071462312858,-0.394337033541379,0.27251560429512184,56,0.7203069879943576,0.8425305360743786,11,0.7268678502740455,33,0.6659663673412073,5,0.9999557652097767,7,0.999964996900067
CD4 T Cells|Non-classical Monocytes|RPS19|C5AR1,CD4 T Cells,Non-classical Monocytes,RPS19,C5AR1,-0.0010200391920406338,-0.001901796144307741,-0.00013828223977352654,56,0.023369652634330225,0.13117341082009873,11,0.999920123270817,33,0.9991115748964452,5,0.999650387493863,7,0.9998618783115318,CD4 T Cells,Non-classical Monocytes,RPS19,C5AR1,-1.1727459705790366e-05,-1.8936264234175152e-05,-4.518655177405581e-06,56,0.0014300440436847935,0.09753557241920435,11,0.9999987963469956,33,0.9999876219721464,5,0.999998561641209,7,0.9999991147260655
Classical Monocytes|CD4 T Cells|IL1B|SIGIRR,Classical Monocytes,CD4 T Cells,IL1B,SIGIRR,-0.3334328983650493,-0.621799012938369,-0.045066783791729514,56,0.023434645372246408,0.13122277444651168,11,0.8159496764785857,33,0.5105129677659719,5,0.7597079622624227,7,0.7877041519148581,Classical Monocytes,CD4 T Cells,IL1B,SIGIRR,-0.0033527559306901766,-0.0064605698077897684,-0.0002449420535905844,56,0.03447784435313083,0.40101408534417127,11,0.9978998700012578,33,0.9933804367667991,5,0.9991145424790512,7,0.9979478651752827
CD4 T Cells|Classical Monocytes|ICAM3|ITGAL,CD4 T Cells,Classical Monocytes,ICAM3,ITGAL,-0.2643059531608822,-0.49314307604307883,-0.035468830278685526,53,0.023589465175685876,0.13127800658826902,10,0.5008828559797365,31,0.2962434435775193,5,0.35014691753173627,7,0.4098134582904012,CD4 T Cells,Classical Monocytes,ICAM3,ITGAL,0.029015826356960206,-0.17461005238539742,0.23264170509931784,56,0.7800249066978628,0.8652047098771953,11,0.9040957144988007,33,0.9307123748400491,5,0.9974687461005193,7,0.9950695800848075
CD8 T Cells|NK Cells|HLA-E|CD8A,CD8 T Cells,NK Cells,HLA-E,CD8A,-0.03898745461572384,-0.07274868793296477,-0.005226221298482915,42,0.023613174632579437,0.13127800658826902,8,0.9384880676395383,22,0.9091967285911976,5,0.9839294581151821,7,0.9936255736825651,CD8 T Cells,NK Cells,HLA-E,CD8A,-0.06097846268201634,-0.3943338309828907,0.272376905618858,56,0.7199519049701093,0.8425305360743786,11,0.7267308670384327,33,0.6657745611845821,5,0.9999288867339787,7,0.9999510435621446
B Cells|NK Cells|HLA-B|CD8A,B Cells,NK Cells,HLA-B,CD8A,-0.01903416531469937,-0.03551009902423457,-0.00255823160516417,42,0.023556334390918577,0.13127800658826902,8,0.9755295733421585,22,0.959576557136031,5,0.9964339270411026,7,0.9995150761496744,B Cells,NK Cells,HLA-B,CD8A,-0.0607914631290698,-0.39431925777960536,0.27273633152146576,56,0.7209130208984332,0.8425305360743786,11,0.7270520027103258,33,0.6662731422815357,5,0.9999839737880114,7,0.9999965764882912
CD4 T Cells|CD4 T Cells|ARF6|SMAP1,CD4 T Cells,CD4 T Cells,ARF6,SMAP1,-0.2988801347710384,-0.5580215079224689,-0.03973876161960804,54,0.023788986296777462,0.13162863270847244,11,0.09573809524134944,31,0.11519360412073142,5,0.15142005597258118,7,0.46975569962300157,CD4 T Cells,CD4 T Cells,ARF6,SMAP1,-0.06071044651711277,-0.14362714535202148,0.022206252317795952,56,0.1512705133038673,0.5560563594390482,11,0.987928340526886,33,0.9268658935241394,5,0.9963285949360096,7,0.9959765944503758
B Cells|NK Cells|ICAM3|ITGAL,B Cells,NK Cells,ICAM3,ITGAL,-0.1681081542913122,-0.31381615406596636,-0.022400154516658055,56,0.02374220329085388,0.13162863270847244,11,0.5947802063504836,33,0.5110607945352118,5,0.4833532383224123,7,0.5677419807984527,B Cells,NK Cells,ICAM3,ITGAL,-0.0007168571476401375,-0.0022752151387844654,0.0008415008435041906,56,0.3672698593495858,0.6028068905214804,11,0.9955723489521493,33,0.9936255104149402,5,0.9979392927355075,7,0.9967093113459385
Classical Monocytes|Classical Monocytes|PKM|CD44,Classical Monocytes,Classical Monocytes,PKM,CD44,-0.015408154264713647,-0.028784471217804093,-0.0020318373116231993,56,0.023965690854784553,0.13229287977759321,11,0.982485646988777,33,0.9667728603599893,5,0.9774314872534946,7,0.9771268548894205,Classical Monocytes,Classical Monocytes,PKM,CD44,-8.000812829112025e-05,-0.00023281982229753857,7.280356571529807e-05,56,0.30480444682623065,0.5900226619420714,11,0.999789683173147,33,0.9995957839838432,5,0.9999041114613165,7,0.9997902204003039
NK Cells|NK Cells|HLA-B|CD8A,NK Cells,NK Cells,HLA-B,CD8A,-0.01265794416328403,-0.023673234346571526,-0.0016426539799965327,42,0.024306894405098523,0.13354493749624718,8,0.9858383994133605,22,0.9743750135292634,5,0.9985452098562616,7,0.9997397681354485,NK Cells,NK Cells,HLA-B,CD8A,-0.060738701293458375,-0.3943139800275522,0.27283657744063544,56,0.7211831654951448,0.8425305360743786,11,0.7271413619136302,33,0.6664077129039035,5,0.9999930388503255,7,0.9999980911340572
Classical Monocytes|B Cells|CD99|CD81,Classical Monocytes,B Cells,CD99,CD81,-0.2875743625040327,-0.538068283086659,-0.037080441921406304,51,0.024442845707737425,0.13377163570702347,11,0.23272727647324673,29,0.3003205672175006,5,0.09060898726085,6,0.4457766405091365,Classical Monocytes,B Cells,CD99,CD81,0.022105424547135377,-0.2997138635282359,0.3439247126225067,56,0.8929061279899801,0.9342904113540752,11,0.9911524359169696,33,0.870463654602665,5,0.9959592109754496,7,0.8531650051140096
NK Cells|Non-classical Monocytes|GNAI2|C5AR1,NK Cells,Non-classical Monocytes,GNAI2,C5AR1,-0.38657134241720714,-0.7233442550282847,-0.04979842980612964,56,0.024462735951562748,0.13377163570702347,11,0.7518928251491034,33,0.5440491343359907,5,0.5489850955947617,7,0.7277127471988561,NK Cells,Non-classical Monocytes,GNAI2,C5AR1,-0.002794612293687715,-0.004645120405614312,-0.0009441041817611177,56,0.003077278573293276,0.12104049386072421,11,0.9971723113361641,33,0.9941913895188379,5,0.9982212949653524,7,0.998034985441714
Non-classical Monocytes|NK Cells|HLA-C|CD8A,Non-classical Monocytes,NK Cells,HLA-C,CD8A,-0.023617754739981844,-0.04431598649409722,-0.002919522985866462,42,0.025324243091629558,0.13783708069686484,8,0.9682206073847809,22,0.9467527244326175,5,0.9950582538478283,7,0.9972081256356466,Non-classical Monocytes,NK Cells,HLA-C,CD8A,-0.060844125478936695,-0.39433553937990545,0.27264728842203206,56,0.7206521830809111,0.8425305360743786,11,0.7269908816358465,33,0.6661495504017989,5,0.9999774076005643,7,0.9999802018454534
Non-classical Monocytes|CD8 T Cells|HLA-F|CD8A,Non-classical Monocytes,CD8 T Cells,HLA-F,CD8A,-0.12567473896291959,-0.2360001632071805,-0.015349314718658663,56,0.025572091712591453,0.13855011147722038,11,0.8468312327834763,33,0.8366941432739698,5,0.726451887677269,7,0.8419895371306821,Non-classical Monocytes,CD8 T Cells,HLA-F,CD8A,-7.353314050129178e-05,-0.0008406993972803018,0.0006936331162777183,56,0.8509838920982783,0.9132767039577688,11,0.9982681656880973,33,0.9981487562896745,5,0.998931232909551,7,0.9988853566516295
Non-classical Monocytes|Non-classical Monocytes|CALR|LRP1,Non-classical Monocytes,Non-classical Monocytes,CALR,LRP1,-0.2511569725326765,-0.47164155971187016,-0.03067238535348285,56,0.025573917793011557,0.13855011147722038,11,0.49004119259158957,33,0.3671905327365775,5,0.25352936550120325,7,0.3818356781788676,Non-classical Monocytes,Non-classical Monocytes,CALR,LRP1,-0.0005437371315122341,-0.003358518020172501,0.0022710437571480326,56,0.7049772306185792,0.8308613773145365,11,0.9944542626467093,33,0.9919785785674187,5,0.9969166739539108,7,0.9949847270061324
Classical Monocytes|Classical Monocytes|CD14|ITGB1,Classical Monocytes,Classical Monocytes,CD14,ITGB1,-0.05432857801677249,-0.10207229767864419,-0.006584858354900788,56,0.02572859166776209,0.13906542024126037,11,0.9299305530138683,33,0.8917509492826278,5,0.920763558645986,7,0.936912532931518,Classical Monocytes,Classical Monocytes,CD14,ITGB1,-0.00030927547678960554,-0.0006704205961668474,5.186964258763622e-05,56,0.09325670705558455,0.5382268305132155,11,0.9992040166179458,33,0.9987466837125208,5,0.9996726304610657,7,0.9995245730324304
Classical Monocytes|CD4 T Cells|CD14|ITGB2,Classical Monocytes,CD4 T Cells,CD14,ITGB2,-0.025320069462747896,-0.0475818592852586,-0.0030582796402371937,56,0.025799279038397082,0.1391254423895085,11,0.9755246448375591,33,0.9616031039112908,5,0.9649689077933961,7,0.9763674363298757,Classical Monocytes,CD4 T Cells,CD14,ITGB2,-0.00013449728805348116,-0.0002782799691839281,9.285393076965742e-06,56,0.0667444791108332,0.4776247420339505,11,0.9997046690844024,33,0.9995387585427501,5,0.9998512365428528,7,0.999819823289254
Non-classical Monocytes|Classical Monocytes|MFNG|NOTCH2,Non-classical Monocytes,Classical Monocytes,MFNG,NOTCH2,-0.04210916077966976,-0.07925865846711938,-0.004959663092220137,56,0.026308320727577765,0.14154361497441034,11,0.04210916077966976,33,0.0,5,0.0,7,0.0,Non-classical Monocytes,Classical Monocytes,MFNG,NOTCH2,-0.0017195895442223552,-0.008518490002545172,0.005079310914100461,56,0.6200937761371677,0.7674891777877498,11,0.988651320105878,33,0.9800244903331895,5,0.9951021650062997,7,0.9881949247778335
NK Cells|Non-classical Monocytes|ICAM2|ITGAL_ITGB2,NK Cells,Non-classical Monocytes,ICAM2,ITGAL_ITGB2,-0.14706663096290867,-0.27704279855321734,-0.017090463372600034,55,0.02657678870285057,0.14233211380999103,11,0.2282786726092457,32,0.11087725601088266,5,0.0,7,0.02966521436454563,NK Cells,Non-classical Monocytes,ICAM2,ITGAL_ITGB2,-0.03146813262283632,-0.09111547157949738,0.028179206333824744,56,0.30112787015490283,0.5900226619420714,11,0.9912046009110191,33,0.9560568478881135,5,0.9937912412529364,7,0.9901116208528672
CD4 T Cells|Non-classical Monocytes|GNAS|ADCY7,CD4 T Cells,Non-classical Monocytes,GNAS,ADCY7,-0.1306559630775764,-0.24655730900081008,-0.014754617154342745,56,0.02714170592190012,0.1443641989240018,11,0.059749331354682765,33,0.07586214612323505,5,0.010079732694123041,7,0.15684851054025173,CD4 T Cells,Non-classical Monocytes,GNAS,ADCY7,0.0008555410186222856,-0.00263937181608285,0.0043504538533274215,56,0.6313756346309005,0.7763392859231761,11,0.988330355895341,33,0.9868463584354542,5,0.9952997532868457,7,0.9929602148083366
CD8 T Cells|B Cells|PKM|CD44,CD8 T Cells,B Cells,PKM,CD44,-0.15161424995963468,-0.28622920411487196,-0.016999295804397435,56,0.027281242406115232,0.1447765932233615,11,0.6850920527886424,33,0.6012475032426299,5,0.6754569332316298,7,0.743226633645252,CD8 T Cells,B Cells,PKM,CD44,-0.001020322252700212,-0.0020675816487338875,2.6937143333463252e-05,56,0.05619109343624077,0.4776247420339505,11,0.9965237076418121,33,0.9950427180657404,5,0.9986963618344189,7,0.9982356945110474
NK Cells|CD8 T Cells|CD48|CD2,NK Cells,CD8 T Cells,CD48,CD2,-0.07096276962902315,-0.13411447046860253,-0.007811068789443765,56,0.027637997061072544,0.1460061609448063,11,0.9076152168943327,33,0.8875668783912561,5,0.9067320251336751,7,0.9576464562596217,NK Cells,CD8 T Cells,CD48,CD2,-0.0002501109042942762,-0.0006608451230452093,0.00016062331445665693,56,0.23267640001642698,0.5900226619420714,11,0.9989834797249791,33,0.9988194989962069,5,0.9996234838161626,7,0.9997096139916847
Classical Monocytes|Non-classical Monocytes|GRN|TNFRSF1B,Classical Monocytes,Non-classical Monocytes,GRN,TNFRSF1B,-0.012648833201780119,-0.023971361008971293,-0.001326305394588943,56,0.02855678111998966,0.15051937678369268,11,0.984791303780591,33,0.981153236702551,5,0.9769249195470021,7,0.9859356856707422,Classical Monocytes,Non-classical Monocytes,GRN,TNFRSF1B,-4.4756302315818175e-05,-0.0001288303856914037,3.931778105976735e-05,56,0.2967749565216743,0.5900226619420714,11,0.999815866746448,33,0.9997548569328449,5,0.9999023092240538,7,0.9998860557127666
Non-classical Monocytes|CD4 T Cells|LRPAP1|SORL1,Non-classical Monocytes,CD4 T Cells,LRPAP1,SORL1,-0.14676995925550618,-0.27846777782278553,-0.015072140688226848,56,0.02894228003394845,0.15220771143979647,11,0.17512545121148548,33,0.1239520156683456,5,0.0,7,0.0955965237123663,Non-classical Monocytes,CD4 T Cells,LRPAP1,SORL1,-0.00034480565287930975,-0.004060447879344553,0.0033708365735859334,56,0.8556757063613005,0.9138474060368693,11,0.9905194311166977,33,0.9875497437964655,5,0.995129755363166,7,0.9925048736958131
B Cells|CD4 T Cells|HMGB1|CXCR4,B Cells,CD4 T Cells,HMGB1,CXCR4,-0.0037988766179601896,-0.007209447014642977,-0.00038830622127740237,56,0.029027472569984163,0.15231269314811915,11,0.9972867933940411,33,0.9938469915446004,5,0.9986914628132066,7,0.9990505375817261,B Cells,CD4 T Cells,HMGB1,CXCR4,-6.344741898822726e-05,-0.00013099170894345608,4.09687096700156e-06,56,0.06560937016218565,0.4776247420339505,11,0.9999646075653336,33,0.9999016262251935,5,0.999992384066416,7,0.9999928501452641
Classical Monocytes|Classical Monocytes|COPA|CD74,Classical Monocytes,Classical Monocytes,COPA,CD74,-0.02801678233280125,-0.053214213222601545,-0.0028193514430009496,56,0.0293119726494425,0.152435314335074,11,0.9594983173332019,33,0.9452269433165482,5,0.9512132609646962,7,0.9649586692808437,Classical Monocytes,Classical Monocytes,COPA,CD74,-0.00014596397396804406,-0.0003477663555627752,5.5838407626687046e-05,56,0.15629444270050885,0.5560563594390482,11,0.9995385572592966,33,0.9993488978433219,5,0.9997920397708364,7,0.9997483443288298
Non-classical Monocytes|B Cells|ICAM1|IL2RG,Non-classical Monocytes,B Cells,ICAM1,IL2RG,-0.30313095446846544,-0.5754477528458742,-0.030814156091056644,47,0.029128374026442205,0.152435314335074,9,0.3152155807068238,26,0.329405783459856,5,0.27579261756492884,7,0.5931137747864265,Non-classical Monocytes,B Cells,ICAM1,IL2RG,-0.03074513299053372,-0.3173043015517136,0.25581403557064614,56,0.8334445375321773,0.9071340971538467,11,0.8113260706073325,33,0.780357878258152,5,0.9971829538518842,7,0.9969598944932373
CD4 T Cells|B Cells|CD40LG|CD53,CD4 T Cells,B Cells,CD40LG,CD53,-0.18843581584279645,-0.3578845929409468,-0.01898703874464608,56,0.029288500563579997,0.152435314335074,11,0.7373343318737653,33,0.6436661125873425,5,0.6438294251897917,7,0.7385970217461654,CD4 T Cells,B Cells,CD40LG,CD53,-0.0009190731338396541,-0.0021108251721264123,0.00027267890444710396,56,0.13065746940761977,0.5560563594390482,11,0.9971403410351255,33,0.995881709675261,5,0.998512026091482,7,0.9981724678654572
Non-classical Monocytes|Classical Monocytes|GNAI2|C5AR1,Non-classical Monocytes,Classical Monocytes,GNAI2,C5AR1,-0.1492804903264111,-0.2834984533493276,-0.01506252730349461,56,0.029263412748678722,0.152435314335074,11,0.8769990749918851,33,0.76178696722341,5,0.8468567725368368,7,0.8809251550947728,Non-classical Monocytes,Classical Monocytes,GNAI2,C5AR1,-0.0011243415396823275,-0.00205477743889057,-0.0001939056404740852,56,0.017863935480088213,0.2902624868168367,11,0.9985918546933722,33,0.99708141170368,5,0.9994128233805165,7,0.9990267219305068
NK Cells|Classical Monocytes|MFNG|NOTCH2,NK Cells,Classical Monocytes,MFNG,NOTCH2,-0.09007369994202791,-0.17113690232379275,-0.00901049756026305,56,0.029419307603674016,0.1526535183435085,11,0.08058173678837907,33,0.008511754683795919,5,0.0,7,0.01800371783744476,NK Cells,Classical Monocytes,MFNG,NOTCH2,-0.002341112215968333,-0.007220383969530113,0.002538159537593447,56,0.347009430385506,0.5900226619420714,11,0.9892901999685967,33,0.9829268228279092,5,0.9949912990693086,7,0.9909690341445895
B Cells|CD8 T Cells|CD22|PTPRC,B Cells,CD8 T Cells,CD22,PTPRC,-0.030347736708791206,-0.057698136277224886,-0.002997337140357527,56,0.02964833630885943,0.15350080993611256,11,0.9472900924794352,33,0.9401258989672032,5,0.9392960547531002,7,0.9624795979496594,B Cells,CD8 T Cells,CD22,PTPRC,-0.00012561885850459475,-0.00035829128449387453,0.00010705356748468502,56,0.2899750905018218,0.5900226619420714,11,0.9994000142704853,33,0.9992587623177105,5,0.9997328288981355,7,0.9997171958038653
Classical Monocytes|Non-classical Monocytes|HLA-B|LILRB2,Classical Monocytes,Non-classical Monocytes,HLA-B,LILRB2,-0.0015176389077287133,-0.0028869461561597523,-0.0001483316592976742,56,0.029834612888121493,0.1541234979950524,11,0.9994829463640298,33,0.9990792975287524,5,0.9984040539739475,7,0.9995180440463988,Classical Monocytes,Non-classical Monocytes,HLA-B,LILRB2,-9.433578848194735e-06,-1.7355456855687015e-05,-1.5117008407024528e-06,56,0.019596967786307082,0.29476654426846116,11,0.9999930868979817,33,0.9999870071765539,5,0.9999931178649636,7,0.999996471722384
CD8 T Cells|NK Cells|HLA-B|CD8A,CD8 T Cells,NK Cells,HLA-B,CD8A,-0.016650526986410785,-0.03171020423859579,-0.0015908497342257792,42,0.030234283951429648,0.1551583583001939,8,0.9797042449702011,22,0.9648192821027365,5,0.997846855712724,7,0.9996124198316702,CD8 T Cells,NK Cells,HLA-B,CD8A,-0.06078234171453867,-0.3943267599856975,0.27276207655662016,56,0.7209664715499975,0.8425305360743786,11,0.7270864375491168,33,0.6663113704763417,5,0.9999899243121714,7,0.9999971989539348
Non-classical Monocytes|Non-classical Monocytes|MFNG|NOTCH2,Non-classical Monocytes,Non-classical Monocytes,MFNG,NOTCH2,-0.06839598114724967,-0.13024311621307472,-0.006548846081424621,56,0.0301967564902644,0.1551583583001939,11,0.06351102777163403,33,0.008112056239750177,5,0.0,7,0.012997009615365814,Non-classical Monocytes,Non-classical Monocytes,MFNG,NOTCH2,-0.0011264920062382666,-0.007989601469288517,0.005736617456811983,56,0.7476776102430334,0.8527700215723305,11,0.9890929122018512,33,0.9818324388801534,5,0.9948195644728226,7,0.988685583157363
Non-classical Monocytes|CD8 T Cells|SECTM1|CD7,Non-classical Monocytes,CD8 T Cells,SECTM1,CD7,-0.189344590421197,-0.36069155092465255,-0.01799762991774148,56,0.03032409501509454,0.15527798653562663,11,0.9014722402441852,33,0.8064711129460594,5,0.7656391923230592,7,0.8599826554461305,Non-classical Monocytes,CD8 T Cells,SECTM1,CD7,-0.0011529692572466166,-0.001966430975537498,-0.00033950753895573536,56,0.005469843281999217,0.14594797007290425,11,0.9989095860611686,33,0.997535583652929,5,0.9991361730832841,7,0.9989151399322911
CD4 T Cells|Non-classical Monocytes|CD40LG|CD53,CD4 T Cells,Non-classical Monocytes,CD40LG,CD53,-0.20909715149943708,-0.3984562884491409,-0.019738014549733285,56,0.03044420613822584,0.15555190663623047,11,0.7160580338516085,33,0.666709576640071,5,0.5845107586508268,7,0.7442594529387264,CD4 T Cells,Non-classical Monocytes,CD40LG,CD53,-0.0008268969882315735,-0.0020704760428711224,0.0004166820664079755,56,0.19249109563373923,0.5900226619420714,11,0.9968922806173797,33,0.9960487968331708,5,0.9983156408101888,7,0.9982990540142115
CD4 T Cells|Non-classical Monocytes|ICAM2|ITGAL_ITGB2,CD4 T Cells,Non-classical Monocytes,ICAM2,ITGAL_ITGB2,-0.21271053046187333,-0.40556902838517417,-0.019852032538572484,56,0.030640202308781804,0.15577907951185943,11,0.11639808554868573,33,0.08391901635058747,5,0.0,7,0.18023146126377507,CD4 T Cells,Non-classical Monocytes,ICAM2,ITGAL_ITGB2,-0.004381633269394669,-0.008135854708948809,-0.0006274118298405288,56,0.02216569480972406,0.3043820037303615,11,0.9895217434219745,33,0.984253717252903,5,0.994254158649176,7,0.9933677657494991
NK Cells|CD8 T Cells|CALM1|PTPRA,NK Cells,CD8 T Cells,CALM1,PTPRA,-0.07400917444509214,-0.14118431457593947,-0.0068340343142448134,56,0.030822241856307945,0.15577907951185943,11,0.9190484294256719,33,0.8793302524721737,5,0.86460001513209,7,0.8988910126236839,NK Cells,CD8 T Cells,CALM1,PTPRA,-0.00035949604234231103,-0.0007558514017332563,3.685931704863429e-05,56,0.0754538141623881,0.4776247420339505,11,0.9990856760141085,33,0.9985804906555235,5,0.9994515644273394,7,0.9993058751110967
Non-classical Monocytes|Non-classical Monocytes|ICAM3|ITGAL,Non-classical Monocytes,Non-classical Monocytes,ICAM3,ITGAL,-0.23766016744234175,-0.4534847092351151,-0.021835625649568424,56,0.030907661264835618,0.15587341048248632,11,0.7565004033341289,33,0.5163390580835269,5,0.560799306993748,7,0.5582981291854877,Non-classical Monocytes,Non-classical Monocytes,ICAM3,ITGAL,-0.0020507311670979744,-0.0044735751808750585,0.0003721128466791096,56,0.09712735253679511,0.5530718853454402,11,0.9973166087786839,33,0.993436048898846,5,0.9982298282471535,7,0.9963999995344135
Non-classical Monocytes|B Cells|TNFSF13B|CD40,Non-classical Monocytes,B Cells,TNFSF13B,CD40,-0.18953572804152174,-0.36178457617543225,-0.01728687990761127,56,0.031031713168817657,0.15607072384594323,11,0.6820268373802413,33,0.752546934155912,5,0.5308463348410675,7,0.7909021596582599,Non-classical Monocytes,B Cells,TNFSF13B,CD40,9.484294657846615e-05,-0.001093186412445843,0.0012828723056027753,56,0.8756640202788715,0.9245673382833155,11,0.9965051590345049,33,0.9971431381124743,5,0.9980810510176944,7,0.9986241871490854
Classical Monocytes|Non-classical Monocytes|VIM|CD44,Classical Monocytes,Non-classical Monocytes,VIM,CD44,-0.001189393158002372,-0.0022716865953205686,-0.00010709972068417535,56,0.031246861301107445,0.15656957325769502,11,0.9998530981598903,33,0.9983723608892953,5,0.9997197172651576,7,0.9994283731525649,Classical Monocytes,Non-classical Monocytes,VIM,CD44,-1.984531042587001e-05,-3.52682016468317e-05,-4.422419204908321e-06,56,0.011669912855361566,0.2374492778117995,11,0.9999977852300964,33,0.9999745554768911,5,0.9999984881896289,7,0.9999951037468494
CD4 T Cells|CD4 T Cells|PKM|CD44,CD4 T Cells,CD4 T Cells,PKM,CD44,-0.04708098294794272,-0.09001616221228165,-0.004145803683603795,56,0.03161717690662392,0.15808588453311959,11,0.9153142301019254,33,0.8837358734562047,5,0.9166289123761449,7,0.932131538678367,CD4 T Cells,CD4 T Cells,PKM,CD44,-0.0002936176095178489,-0.0006847280466799933,9.749282764429551e-05,56,0.14118294396609715,0.5560563594390482,11,0.9990273071674971,33,0.9985670983249886,5,0.9996635145438437,7,0.999496923310853
CD4 T Cells|NK Cells|HLA-B|CD8A,CD4 T Cells,NK Cells,HLA-B,CD8A,-0.01940884933459397,-0.03712919657358014,-0.001688502095607801,42,0.03181548132225097,0.15873749762276926,8,0.9750611035857065,22,0.9584067100493502,5,0.9967617173489526,7,0.9995161731471903,CD4 T Cells,NK Cells,HLA-B,CD8A,-0.06080524225054773,-0.3943286361350752,0.2727181516339797,56,0.7208488796456084,0.8425305360743786,11,0.72704661885981,33,0.6662524943523543,5,0.9999854333478032,7,0.9999965510908952
Non-classical Monocytes|Classical Monocytes|ICAM2|ITGAM_ITGB2,Non-classical Monocytes,Classical Monocytes,ICAM2,ITGAM_ITGB2,-0.286829348156757,-0.5493932493039788,-0.024265447009535146,56,0.03226609035030029,0.15996034175785814,11,0.3253287223991957,33,0.32143421393227534,5,0.1645038602518737,7,0.4474386999417103,Non-classical Monocytes,Classical Monocytes,ICAM2,ITGAM_ITGB2,-0.0010897652047120454,-0.0035143892016475586,0.0013348587922234678,56,0.3783609471509347,0.6096716497723385,11,0.9926423176334704,33,0.9910229468443252,5,0.9966665183229393,7,0.9961369127385061
Non-classical Monocytes|Non-classical Monocytes|PKM|CD44,Non-classical Monocytes,Non-classical Monocytes,PKM,CD44,-0.018836623771473993,-0.036071356500481155,-0.0016018910424668263,56,0.032182713589931994,0.15996034175785814,11,0.9795459617139689,33,0.9595966725358833,5,0.9677231304699259,7,0.9666104650633143,Non-classical Monocytes,Non-classical Monocytes,PKM,CD44,-0.00014803176547606434,-0.0003306419039759384,3.457837302380971e-05,56,0.11209820626364267,0.5560563594390482,11,0.9997599615999107,33,0.9994727936334582,5,0.9998618952126697,7,0.9997227590116932
B Cells|Classical Monocytes|HLA-DPA1|CD4,B Cells,Classical Monocytes,HLA-DPA1,CD4,-0.01090969284987553,-0.020906723163239327,-0.0009126625365117342,56,0.032444117047239575,0.16050214683327205,11,0.9898591772999566,33,0.9751177096810041,5,0.9929179020040513,7,0.9890861272349744,B Cells,Classical Monocytes,HLA-DPA1,CD4,-0.00014353953394186103,-0.00029823493543465094,1.1155867550928907e-05,56,0.06896926074564574,0.4776247420339505,11,0.9998766654410925,33,0.9996513121390488,5,0.9999682448779673,7,0.9998864311098653
CD4 T Cells|CD8 T Cells|SELPLG|SELL,CD4 T Cells,CD8 T Cells,SELPLG,SELL,-0.37194825171228607,-0.7130972470233956,-0.030799256401176478,56,0.03260519853579753,0.16095800968517388,11,0.5803144690393821,33,0.5332842117873199,5,0.3396947455638806,7,0.6646127400241044,CD4 T Cells,CD8 T Cells,SELPLG,SELL,-0.0016400910459398732,-0.0044938958036142874,0.001213713711734541,56,0.2599971804483122,0.5900226619420714,11,0.9954286958857727,33,0.9940207715937438,5,0.9973056897773402,7,0.9975378565312513
B Cells|Classical Monocytes|HLA-DOB|CD4,B Cells,Classical Monocytes,HLA-DOB,CD4,-0.20773145726008146,-0.39854924729011115,-0.016913667230051777,56,0.03286809467179797,0.16191350434313978,11,0.4563494766661434,33,0.28735256629359,5,0.30117992292252393,7,0.339914469810052,B Cells,Classical Monocytes,HLA-DOB,CD4,-0.0009175438569526406,-0.004678725804298447,0.0028436380903931664,56,0.6325540876338012,0.7770405817904933,11,0.9939717206465573,33,0.9901960045660062,5,0.9971787058729801,7,0.9943205336493817
B Cells|Non-classical Monocytes|GRN|TNFRSF1B,B Cells,Non-classical Monocytes,GRN,TNFRSF1B,-0.225251745158344,-0.4327092096027011,-0.01779428071398692,54,0.03333076010641072,0.16384699968098743,10,0.7151969832471744,32,0.6461383694573406,5,0.5913574679974662,7,0.7475505993659765,B Cells,Non-classical Monocytes,GRN,TNFRSF1B,0.05907023623636032,-0.13666622599842249,0.2548066984711431,56,0.5541942905030364,0.7223066752394736,11,0.9062689283519358,33,0.9651886196720803,5,0.9984024047331044,7,0.9982518598168885
CD4 T Cells|Non-classical Monocytes|CD99|PILRA,CD4 T Cells,Non-classical Monocytes,CD99,PILRA,-0.11175221384179501,-0.21475970751515727,-0.008744720168432765,56,0.03347386102071585,0.16389285443250254,11,0.8777945201609434,33,0.8017854291528593,5,0.8650531194294823,7,0.9007962422631932,CD4 T Cells,Non-classical Monocytes,CD99,PILRA,-0.0009847544538682529,-0.0019320799744263059,-3.742893331019979e-05,56,0.041609736308954155,0.4172588979566835,11,0.9985715550700285,33,0.9973452567281845,5,0.9994894887865767,7,0.999247944898601
Non-classical Monocytes|Classical Monocytes|SELPLG|ITGB2,Non-classical Monocytes,Classical Monocytes,SELPLG,ITGB2,-0.0911591127210053,-0.175249868397518,-0.007068357044492615,56,0.033610710992735854,0.1640478851309692,11,0.8744991112004553,33,0.8753117117708075,5,0.8284800395744906,7,0.920451752865848,Non-classical Monocytes,Classical Monocytes,SELPLG,ITGB2,-0.00016878025304489785,-0.0008183795217739911,0.00048081901568419543,56,0.6105826214952019,0.7599101035714456,11,0.9986085543609171,33,0.9984668750802044,5,0.9993170810502623,7,0.9993441820225945
CD8 T Cells|CD8 T Cells|VIM|CD44,CD8 T Cells,CD8 T Cells,VIM,CD44,-0.017664432653782813,-0.033963039641619966,-0.0013658256659456573,56,0.033652649669265206,0.1640478851309692,11,0.9693073947274155,33,0.9605052088063193,5,0.9724676705438549,7,0.9813299172765415,CD8 T Cells,CD8 T Cells,VIM,CD44,-0.00010033120442531906,-0.00022626888423852188,2.5606475387883747e-05,56,0.1184173183682444,0.5560563594390482,11,0.99964238226672,33,0.9995136721341906,5,0.9998859722602397,7,0.9998575933321356
Classical Monocytes|Classical Monocytes|IL1B|SIGIRR,Classical Monocytes,Classical Monocytes,IL1B,SIGIRR,-0.41442104020858317,-0.799025134849087,-0.029816945568079345,56,0.0346939286648514,0.16795129424221575,11,0.7022465970389015,33,0.35830930590572174,5,0.5892173750335093,7,0.6597011241089128,Classical Monocytes,Classical Monocytes,IL1B,SIGIRR,-0.005384298076009153,-0.010090462568983813,-0.000678133583034494,56,0.02493653273333652,0.33122558759519133,11,0.9966043426111345,33,0.9894636764386187,5,0.9984812189880404,7,0.9967248508915336
Classical Monocytes|B Cells|ADAM10|CD44,Classical Monocytes,B Cells,ADAM10,CD44,-0.24920539873633482,-0.4804499968204467,-0.01796080065222294,56,0.0346697559732294,0.16795129424221575,11,0.34268055928181246,33,0.22348786776703736,5,0.23413031044043345,7,0.3641430176619932,Classical Monocytes,B Cells,ADAM10,CD44,-0.0009821317132596707,-0.00330669760980947,0.0013424341832901287,56,0.407621234498624,0.6414177436332663,11,0.9928623244175792,33,0.9900371513680124,5,0.9969539031754389,7,0.9951108618391318
CD4 T Cells|Non-classical Monocytes|HMGB1|TLR2,CD4 T Cells,Non-classical Monocytes,HMGB1,TLR2,-0.23239759473021593,-0.4485190148534312,-0.01627617460700065,56,0.035068243149921956,0.16883370671147993,11,0.75664802500933,33,0.7890275172891573,5,0.5634288626701937,7,0.8282059496802369,CD4 T Cells,Non-classical Monocytes,HMGB1,TLR2,-0.00042630245836705605,-0.0017497120514656857,0.0008971071347315736,56,0.5278103088306139,0.71338693952164,11,0.997369465286318,33,0.9975451390010727,5,0.9981692703083814,7,0.9987712464815032
CD4 T Cells|CD8 T Cells|HLA-F|CD8B,CD4 T Cells,CD8 T Cells,HLA-F,CD8B,-0.10423646248988339,-0.2012119076440389,-0.0072610173357278845,56,0.035142213006380915,0.1688417024072005,11,0.9273320647575151,33,0.9096101303014121,5,0.8509655453319624,7,0.9374800733657429,CD4 T Cells,CD8 T Cells,HLA-F,CD8B,-0.0004224923397969649,-0.0010130857194393895,0.00016810103984545987,56,0.1608859977162861,0.5629247751420328,11,0.9991503586214834,33,0.9988758171797251,5,0.9993632925934124,7,0.999511243491451
NK Cells|CD4 T Cells|CD47|SIRPG,NK Cells,CD4 T Cells,CD47,SIRPG,-0.27606104335541526,-0.5331678680039778,-0.01895421870685282,54,0.035338789661225854,0.16909031528475896,11,0.26278169837535803,31,0.23716600760523554,5,0.040414396861366844,7,0.2908597494466596,NK Cells,CD4 T Cells,CD47,SIRPG,-0.06122873675539764,-0.14436401062463672,0.02190653711384144,56,0.1488784839123888,0.5560563594390482,11,0.991681765767228,33,0.9295961175382886,5,0.995580096432007,7,0.9947231849584651
CD4 T Cells|NK Cells|SIRPG|CD47,CD4 T Cells,NK Cells,SIRPG,CD47,-0.27606104335541526,-0.5331678680039778,-0.01895421870685282,54,0.035338789661225854,0.16909031528475896,11,0.26278169837535803,31,0.23716600760523554,5,0.040414396861366844,7,0.2908597494466596,CD4 T Cells,NK Cells,SIRPG,CD47,-0.06122873675539764,-0.14436401062463672,0.02190653711384144,56,0.1488784839123888,0.5560563594390482,11,0.991681765767228,33,0.9295961175382886,5,0.995580096432007,7,0.9947231849584651
Classical Monocytes|Classical Monocytes|LGALS1|ITGB1,Classical Monocytes,Classical Monocytes,LGALS1,ITGB1,-0.009925878586600323,-0.01917710964156686,-0.0006746475316337878,56,0.03547497721894685,0.16925943708371805,11,0.9866326935723713,33,0.9817441931655881,5,0.9824968722033098,7,0.987534250383127,Classical Monocytes,Classical Monocytes,LGALS1,ITGB1,-3.088300639586539e-05,-0.00011289714152273708,5.1131128731006305e-05,56,0.46049112059972763,0.6642847591249715,11,0.9998430225373537,33,0.9997857397544526,5,0.9999227434952431,7,0.9998963437187379
B Cells|Non-classical Monocytes|HLA-DRA|CD4,B Cells,Non-classical Monocytes,HLA-DRA,CD4,-0.0012611881643329603,-0.002436937274688189,-8.543905397773188e-05,56,0.035519110994013635,0.16925943708371805,11,0.9984493009445004,33,0.9972078109769221,5,0.997860619525588,7,0.9978803177223428,B Cells,Non-classical Monocytes,HLA-DRA,CD4,-1.169040325121884e-05,-3.200159209772573e-05,8.620785595288046e-06,56,0.2592835687187459,0.5900226619420714,11,0.9999793244438301,33,0.9999571722631644,5,0.9999897427801852,7,0.9999792810027708
NK Cells|NK Cells|HLA-C|CD8A,NK Cells,NK Cells,HLA-C,CD8A,-0.013248276249943514,-0.025623643005893044,-0.0008729094939939827,42,0.03588641293834728,0.1703145817297579,8,0.9817392179732604,22,0.9702332319682551,5,0.997711252809576,7,0.9994535430545141,NK Cells,NK Cells,HLA-C,CD8A,-0.06073947896315768,-0.39429835355179377,0.2728193956254784,56,0.7211666048737931,0.8425305360743786,11,0.7271060676199773,33,0.6663736410643363,5,0.9999891038442839,7,0.9999961562518004
Non-classical Monocytes|Classical Monocytes|COPA|CD74,Non-classical Monocytes,Classical Monocytes,COPA,CD74,-0.029149444477378883,-0.05642165202523416,-0.0018772369295236083,56,0.03618212024268169,0.1712468181195559,11,0.945291973412533,33,0.9368591555445803,5,0.9397813853709046,7,0.9604980119803308,Non-classical Monocytes,Classical Monocytes,COPA,CD74,-0.00011023037426649562,-0.0003458940392818805,0.00012543329074888926,56,0.3592672119551561,0.5935759547922141,11,0.9994131967697183,33,0.9992511189137601,5,0.9997498919459797,7,0.999698044464288
Non-classical Monocytes|Non-classical Monocytes|ICAM2|ITGAL_ITGB2,Non-classical Monocytes,Non-classical Monocytes,ICAM2,ITGAL_ITGB2,-0.3331264340287141,-0.6454093595705845,-0.020843508486843687,56,0.03654752613059685,0.17240095659584576,11,0.3165487337601544,33,0.2239947029481926,5,0.06960139422125342,7,0.3101737974380057,Non-classical Monocytes,Non-classical Monocytes,ICAM2,ITGAL_ITGB2,-0.005452329811110768,-0.010175446413806638,-0.0007292132084148976,56,0.023662364276444792,0.31827125339411744,11,0.992517174282425,33,0.9863875504956529,5,0.9955836105530315,7,0.99490631657737
Classical Monocytes|Non-classical Monocytes|ICAM1|SPN,Classical Monocytes,Non-classical Monocytes,ICAM1,SPN,-0.3475861256447842,-0.6743380822074407,-0.020834169082127596,46,0.03707528523681482,0.17446497648085751,10,0.3889840578208602,24,0.18540179736721574,5,0.19183410208714272,7,0.33583796727828247,Classical Monocytes,Non-classical Monocytes,ICAM1,SPN,-0.18467730275419025,-0.4261313906647415,0.05677678515636095,56,0.13385087256145037,0.5560563594390482,11,0.9028672001880881,33,0.7165311561244181,5,0.9965396120108517,7,0.994880870701372
CD4 T Cells|B Cells|HLA-A|APLP2,CD4 T Cells,B Cells,HLA-A,APLP2,-0.0364259547639052,-0.0706796168481925,-0.002172292679617896,51,0.037136466086619975,0.17446497648085751,11,0.9882965891631218,30,0.9727765978811632,5,0.9630401025294585,5,0.9839460660114051,CD4 T Cells,B Cells,HLA-A,APLP2,0.19452746880545402,-0.20874135906206986,0.597796296672978,56,0.3444338433249705,0.5900226619420714,11,0.9998609066124353,33,0.9087526736399724,5,0.9998354402575762,7,0.7141997384796592
NK Cells|Non-classical Monocytes|LRPAP1|LRP1,NK Cells,Non-classical Monocytes,LRPAP1,LRP1,0.05482369782904729,0.003181228488569221,0.10646616716952535,56,0.03746139663306547,0.17529531290222017,11,0.011259254034868153,33,0.06608295186391544,5,0.0,7,0.0,NK Cells,Non-classical Monocytes,LRPAP1,LRP1,0.002909094658121947,-0.0017295895491493294,0.007547778865393223,56,0.21900893975692903,0.5900226619420714,11,0.9866177565828198,33,0.9852378521525554,5,0.9928082327805804,7,0.9885192336921941
Classical Monocytes|NK Cells|HLA-C|CD8A,Classical Monocytes,NK Cells,HLA-C,CD8A,-0.03199472629402389,-0.062180398660081224,-0.0018090539279665557,42,0.03776222609327575,0.17599760065428918,8,0.9465738857646518,22,0.9207787762329942,5,0.9859811100391165,7,0.9921807268014827,Classical Monocytes,NK Cells,HLA-C,CD8A,-0.06090214394818594,-0.39430230167583225,0.27249801377946037,56,0.7203236681140597,0.8425305360743786,11,0.7268106777095941,33,0.665914553331485,5,0.9999392016922529,7,0.9999452212623297
B Cells|Non-classical Monocytes|HLA-DOB|CD4,B Cells,Non-classical Monocytes,HLA-DOB,CD4,-0.19319838822116897,-0.3758447078197342,-0.010552068622603716,56,0.03815390825991141,0.17746887606950826,11,0.47452323941479724,33,0.4193435082993559,5,0.30733795934012587,7,0.4453566164458535,B Cells,Non-classical Monocytes,HLA-DOB,CD4,-1.3094308695338341e-05,-0.002869139123364934,0.002842950505974257,56,0.9928303184701787,0.9970438391552926,11,0.9942064850193273,33,0.9923857245976847,5,0.9971929559002997,7,0.9953852897873524
NK Cells|CD8 T Cells|HLA-B|CD8A,NK Cells,CD8 T Cells,HLA-B,CD8A,-0.00019974447639459214,-0.0003889836761806934,-1.0505276608490895e-05,56,0.038567873063863854,0.17903774076366225,11,0.9999610654335587,33,0.9999337445265403,5,0.9997710915695773,7,0.9999435151389535,NK Cells,CD8 T Cells,HLA-B,CD8A,-9.002725035456294e-07,-1.8258772809622632e-06,2.5332273871004472e-08,56,0.05660831096939879,0.4776247420339505,11,0.9999994364517675,33,0.9999990944116951,5,0.9999990142907951,7,0.9999995725232262
NK Cells|CD8 T Cells|HLA-E|CD8B,NK Cells,CD8 T Cells,HLA-E,CD8B,-0.001982774125503961,-0.0038672557787155616,-9.829247229236064e-05,56,0.03918931431053511,0.18120207705960292,11,0.9995195367037742,33,0.9988640892609434,5,0.9978206707799308,7,0.9991479974626039,NK Cells,CD8 T Cells,HLA-E,CD8B,-1.2957034117522248e-05,-2.5287424666439614e-05,-6.26643568604882e-07,56,0.03943952889321408,0.4070745558945796,11,0.999992823022314,33,0.9999837175219499,5,0.9999885086458674,7,0.999992360179621
Classical Monocytes|Classical Monocytes|VCAN|ITGB1,Classical Monocytes,Classical Monocytes,VCAN,ITGB1,-0.030457241443846095,-0.059444315098243564,-0.001470167789448626,56,0.03945885220034339,0.18137090529094846,11,0.9580763980950763,33,0.9362373057085134,5,0.9575884947828444,7,0.9662066438401276,Classical Monocytes,Classical Monocytes,VCAN,ITGB1,-0.0001413209788142522,-0.00038278336245176265,0.00010014140482325826,56,0.25133596661017,0.5900226619420714,11,0.9995214507523208,33,0.999273074323817,5,0.9998263468824999,7,0.9997192914328104
Classical Monocytes|CD4 T Cells|LGALS9|CD47,Classical Monocytes,CD4 T Cells,LGALS9,CD47,-0.22828468131635926,-0.44595705192342494,-0.01061231070929361,56,0.039828875804836,0.18199691781661853,11,0.5052810601785115,33,0.6050274161305478,5,0.31645854208700575,7,0.6444895793554013,Classical Monocytes,CD4 T Cells,LGALS9,CD47,0.00037703664591659525,-0.0010227416556776122,0.0017768149475108027,56,0.5975512498773046,0.7593717729051237,11,0.9945198664075068,33,0.9951585880474669,5,0.9973410870165307,7,0.9976027720105742
B Cells|CD4 T Cells|HLA-DOB|CD4,B Cells,CD4 T Cells,HLA-DOB,CD4,-0.1625689497507046,-0.3177044597040541,-0.0074334397973551125,55,0.039987578751868126,0.18236522731564858,11,0.1380238142389436,32,0.11529667781097455,5,0.0,7,0.13984181332273554,B Cells,CD4 T Cells,HLA-DOB,CD4,-0.030005193875926817,-0.0896964774286983,0.029686089676844662,56,0.3245155829198936,0.5900226619420714,11,0.9902343703118993,33,0.9573455305748437,5,0.9951683816044868,7,0.9922847357433582
Non-classical Monocytes|Non-classical Monocytes|HLA-F|LILRB1,Non-classical Monocytes,Non-classical Monocytes,HLA-F,LILRB1,-0.347813588841524,-0.6800974680520245,-0.015529709631023514,56,0.04021191828117541,0.18267476495436688,11,0.5412012054351444,33,0.4242816499422558,5,0.2021022058863796,7,0.4329962392350151,Non-classical Monocytes,Non-classical Monocytes,HLA-F,LILRB1,-0.001688594993137893,-0.004101295979411995,0.0007241059931362087,56,0.17014607972469475,0.5840374598063371,11,0.9949896043295539,33,0.992512076370909,5,0.9967808598314376,7,0.9959919268659306
Non-classical Monocytes|CD8 T Cells|PSEN1|CD44,Non-classical Monocytes,CD8 T Cells,PSEN1,CD44,-0.19917496075268137,-0.389448125601486,-0.008901795903876741,56,0.040202763564487626,0.18267476495436688,11,0.6399976998084171,33,0.52596133945306,5,0.5755002919836675,7,0.6606388923809917,Non-classical Monocytes,CD8 T Cells,PSEN1,CD44,-0.0012860285726034038,-0.002499570353228749,-7.24867919780583e-05,56,0.0377982580230754,0.40101408534417127,11,0.9960964706905725,33,0.9940623048047689,5,0.9983647380070184,7,0.9976166006938182
B Cells|CD4 T Cells|ARF6|SMAP1,B Cells,CD4 T Cells,ARF6,SMAP1,-0.2620919724261924,-0.512961623587231,-0.011222321265153823,54,0.040595250139284764,0.18398753625655426,11,0.34487238735993825,31,0.3167280561381694,5,0.39353705154505014,7,0.6274846927494737,B Cells,CD4 T Cells,ARF6,SMAP1,-0.06110147600231586,-0.14432967017245635,0.02212671816782462,56,0.15018007038635794,0.5560563594390482,11,0.9924754529597718,33,0.9308653485097159,5,0.9977124091582985,7,0.9972037807105584
NK Cells|Classical Monocytes|CIRBP|TREM1,NK Cells,Classical Monocytes,CIRBP,TREM1,-0.02371292264411684,-0.04641764544357155,-0.0010081998446621332,56,0.04065848766954261,0.18398753625655426,11,0.9683841614766805,33,0.9506084284812727,5,0.9535530151004641,7,0.9594902047491731,NK Cells,Classical Monocytes,CIRBP,TREM1,-0.00017659397664726573,-0.0004547187076491391,0.00010153075435460765,56,0.21332669991104702,0.5900226619420714,11,0.9996191192838393,33,0.9992893264084141,5,0.999808920847498,7,0.99965572194872
CD4 T Cells|Non-classical Monocytes|SIRPG|CD47,CD4 T Cells,Non-classical Monocytes,SIRPG,CD47,-0.30390466593921706,-0.5954568954790975,-0.012352436399336642,54,0.041052100275122815,0.1850514558733818,11,0.2736239231552995,31,0.18096648860558834,5,0.07372542656908121,7,0.2849726579585871,CD4 T Cells,Non-classical Monocytes,SIRPG,CD47,-0.06331886474591286,-0.14627501986941205,0.01963729037758631,56,0.13465275556908998,0.5560563594390482,11,0.9917605018196664,33,0.9274746395235127,5,0.9959249236840257,7,0.994957926133785
Non-classical Monocytes|CD4 T Cells|CD47|SIRPG,Non-classical Monocytes,CD4 T Cells,CD47,SIRPG,-0.30390466593921706,-0.5954568954790975,-0.012352436399336642,54,0.041052100275122815,0.1850514558733818,11,0.2736239231552995,31,0.18096648860558834,5,0.07372542656908121,7,0.2849726579585871,Non-classical Monocytes,CD4 T Cells,CD47,SIRPG,-0.06331886474591286,-0.14627501986941205,0.01963729037758631,56,0.13465275556908998,0.5560563594390482,11,0.9917605018196664,33,0.9274746395235127,5,0.9959249236840257,7,0.994957926133785
Classical Monocytes|Classical Monocytes|VCAN|CD44,Classical Monocytes,Classical Monocytes,VCAN,CD44,-0.003461091809412342,-0.006783486559795233,-0.00013869705902945203,56,0.041172876907744856,0.1852382805001623,11,0.9977756589259723,33,0.993273848681658,5,0.9983562678351307,7,0.9973155494002288,Classical Monocytes,Classical Monocytes,VCAN,CD44,-3.531293247138745e-05,-7.385003758685608e-05,3.224172644081182e-06,56,0.07249684859197687,0.4776247420339505,11,0.9999705213973925,33,0.9999148278245487,5,0.9999922114641647,7,0.9999718308237924
NK Cells|Non-classical Monocytes|GNAS|ADCY7,NK Cells,Non-classical Monocytes,GNAS,ADCY7,-0.15746768483954673,-0.30926394390771117,-0.005671425771382327,56,0.04203309476245096,0.18802160205042717,11,0.050227547029472075,33,0.09625882663712054,5,0.01093240672104504,7,0.21443137116824024,NK Cells,Non-classical Monocytes,GNAS,ADCY7,0.001611490859308451,-0.0017987551480462866,0.005021736866663188,56,0.3543581736064153,0.5900226619420714,11,0.9871502709005362,33,0.9872204526355924,5,0.9952507692004791,7,0.9937094600762268
Classical Monocytes|CD8 T Cells|VCAN|SELL,Classical Monocytes,CD8 T Cells,VCAN,SELL,-0.009074511565773324,-0.01781924274835346,-0.000329780383193189,56,0.041963903643097926,0.18802160205042717,11,0.9888610936082891,33,0.9848025541230684,5,0.9860453135204512,7,0.9910612856010038,Classical Monocytes,CD8 T Cells,VCAN,SELL,-3.5477252031124173e-05,-0.00011862914348829132,4.7674639426042976e-05,56,0.4030253210282003,0.6383065880141725,11,0.9998640159267418,33,0.9998161475797179,5,0.9999357751434879,7,0.9999233840484951
Classical Monocytes|Non-classical Monocytes|HMGB1|TLR2,Classical Monocytes,Non-classical Monocytes,HMGB1,TLR2,-0.3086220644401608,-0.6060929088749705,-0.011151220005351237,56,0.0420084230759852,0.18802160205042717,11,0.6899974266860659,33,0.7074733124283427,5,0.42721414119445233,7,0.7533120913768899,Classical Monocytes,Non-classical Monocytes,HMGB1,TLR2,-0.0008060667548621669,-0.0025417458157209827,0.0009296123059966488,56,0.3627028490501396,0.598159980952163,11,0.9966977355760324,33,0.9964102670092614,5,0.9976036154997601,7,0.9981222136878513
NK Cells|Classical Monocytes|IL16|CD4,NK Cells,Classical Monocytes,IL16,CD4,-0.202816230218128,-0.39850526434522326,-0.007127196091032767,56,0.04221971647210649,0.18847068632330932,11,0.2538962176852237,33,0.06284012445962642,5,0.11025083565108673,7,0.12201097264361746,NK Cells,Classical Monocytes,IL16,CD4,-0.00399322991237494,-0.009526118796284306,0.0015396589715344243,56,0.15719841809267088,0.5560563594390482,11,0.9915291856914681,33,0.9837386983912126,5,0.9963033734630974,7,0.992506116075217
CD8 T Cells|CD8 T Cells|HLA-F|CD8B,CD8 T Cells,CD8 T Cells,HLA-F,CD8B,-0.07550712187401332,-0.14838743338068766,-0.002626810367338972,56,0.042294920613881834,0.18847068632330932,11,0.9439735324506102,33,0.9349603507342217,5,0.888111994999608,7,0.9546059351572328,CD8 T Cells,CD8 T Cells,HLA-F,CD8B,-0.00027536727728583177,-0.0007030998931260141,0.00015236533855435058,56,0.20702334440047554,0.5900226619420714,11,0.9993445219937079,33,0.9991961905423526,5,0.9995210740320826,7,0.9996481098580131
CD4 T Cells|NK Cells|GNAS|PTGDR,CD4 T Cells,NK Cells,GNAS,PTGDR,-0.13921991775983186,-0.27371100403067905,-0.004728831488984675,55,0.042470703980656534,0.1888935119901581,11,0.2964665381303206,32,0.23568371399707413,5,0.00134893414127792,7,0.07978602776786334,CD4 T Cells,NK Cells,GNAS,PTGDR,-0.02912901503996257,-0.08893197461783335,0.030673944537908213,56,0.3397468982215074,0.5900226619420714,11,0.9922973261287403,33,0.9599598274496499,5,0.9953393378443127,7,0.9921308542051849
Classical Monocytes|Non-classical Monocytes|VCAN|CD44,Classical Monocytes,Non-classical Monocytes,VCAN,CD44,-0.005739763426841571,-0.01128936024378967,-0.00019016660989347022,56,0.04264957274924479,0.18932842655795928,11,0.9966470617445213,33,0.9908323411202146,5,0.9954768700207065,7,0.9954019128232413,Classical Monocytes,Non-classical Monocytes,VCAN,CD44,-5.093031808045545e-05,-0.00010165217176189096,-2.0846439901993314e-07,56,0.04906581214891418,0.4497776929557514,11,0.999956927261985,33,0.9998841657576261,5,0.9999794467061183,7,0.9999576155198399
B Cells|B Cells|HLA-A|APLP2,B Cells,B Cells,HLA-A,APLP2,-0.041411772972040906,-0.08148288175533047,-0.0013406641887513324,51,0.04281207375109708,0.1896891692766825,11,0.9841520738327337,30,0.9682331377693526,5,0.9531617874071108,5,0.9786546243157705,B Cells,B Cells,HLA-A,APLP2,0.19450758230916532,-0.20874810162032786,0.5977632662386585,56,0.3444674432814475,0.5900226619420714,11,0.9998147895251034,33,0.9087063641794716,5,0.999793314607403,7,0.7141773069526058
Non-classical Monocytes|B Cells|TIMP2|CD44,Non-classical Monocytes,B Cells,TIMP2,CD44,-0.2668763929481732,-0.5263607124480558,-0.007392073448290681,56,0.043821043843229,0.19300640936700772,11,0.39577671847206536,33,0.3026142149401323,5,0.20720540925052572,7,0.3809192986667659,Non-classical Monocytes,B Cells,TIMP2,CD44,-0.0009517309032334165,-0.0034085445907174306,0.0015050827842505977,56,0.44769754359960234,0.6642847591249715,11,0.9934675934349866,33,0.991100304744188,5,0.9967031026239275,7,0.9952875448363623
Classical Monocytes|Non-classical Monocytes|IL1B|SIGIRR,Classical Monocytes,Non-classical Monocytes,IL1B,SIGIRR,-0.39677205583256214,-0.7829662885370876,-0.010577823128036623,56,0.044046586021466834,0.19300640936700772,11,0.7738826208461222,33,0.39990310429285486,5,0.6821215798986834,7,0.7049141191779781,Classical Monocytes,Non-classical Monocytes,IL1B,SIGIRR,-0.004815611353228388,-0.008884307099392724,-0.0007469156070640517,56,0.02035350257418075,0.29748140310290355,11,0.9974614776474976,33,0.9909181959390094,5,0.9988357650611949,7,0.9971080947059351
NK Cells|B Cells|LTB|CD40,NK Cells,B Cells,LTB,CD40,-0.45536873506757725,-0.8981285613786316,-0.012608908756522874,56,0.0438230052513179,0.19300640936700772,11,0.35931290640431235,33,0.2607573516330432,5,0.15628107303762254,7,0.5130942533339307,NK Cells,B Cells,LTB,CD40,-0.0025473489004530503,-0.006316354109242707,0.0012216563083366056,56,0.18527851716956578,0.5900226619420714,11,0.9930027962323891,33,0.9899777945247236,5,0.9962553742240017,7,0.9957777214167892
CD8 T Cells|B Cells|HLA-A|APLP2,CD8 T Cells,B Cells,HLA-A,APLP2,-0.029089515651260167,-0.05740404452360473,-0.000774986778915604,51,0.044050553146354594,0.19300640936700772,11,0.9903727768760672,30,0.9783331708320887,5,0.9688678780764064,5,0.9859177876836881,CD8 T Cells,B Cells,HLA-A,APLP2,0.19458515534849963,-0.20869089774064375,0.597861208437643,56,0.3442994300509834,0.5900226619420714,11,0.9998848626167688,33,0.9088188178591519,5,0.9998611467093733,7,0.7142099466032568
Non-classical Monocytes|CD8 T Cells|IL1B|SIGIRR,Non-classical Monocytes,CD8 T Cells,IL1B,SIGIRR,-0.40663961445286534,-0.8024572776233242,-0.010821951282406483,56,0.04405670929019919,0.19300640936700772,11,0.5144760984670026,33,0.30326773307678256,5,0.44055010913108816,7,0.6359813581937335,Non-classical Monocytes,CD8 T Cells,IL1B,SIGIRR,-0.0029556684139422362,-0.006910837376723242,0.00099950054883877,56,0.1430119179812002,0.5560563594390482,11,0.9945271420312923,33,0.9903785822963014,5,0.9978540684697572,7,0.9966611771487085
Non-classical Monocytes|Non-classical Monocytes|ICAM1|IL2RG,Non-classical Monocytes,Non-classical Monocytes,ICAM1,IL2RG,0.03109734291945435,0.0007803715044858058,0.06141431433442289,47,0.04438736078088284,0.19409080041827984,9,0.0,26,0.03109734291945435,5,0.0,7,0.0,Non-classical Monocytes,Non-classical Monocytes,ICAM1,IL2RG,-0.02351221216179067,-0.30598631678895655,0.2589618924653752,56,0.8704074714632959,0.9216163962842222,11,0.7998178143815214,33,0.768431819997733,5,0.9929535730780495,7,0.9850797908560518
Classical Monocytes|B Cells|IL1B|SIGIRR,Classical Monocytes,B Cells,IL1B,SIGIRR,-0.39761496243995814,-0.7859871075640044,-0.009242817315911922,49,0.04479132204647602,0.19549109715611496,11,0.5563065708010325,27,0.2780428495388229,5,0.37793177190723454,6,0.49728301308498307,Classical Monocytes,B Cells,IL1B,SIGIRR,-0.04320534893639294,-0.3726274047127314,0.28621670683994554,56,0.7971331721250494,0.8800559593410991,11,0.9946328396358045,33,0.8069621162745629,5,0.997422832474396,7,0.8529574580495474
B Cells|Non-classical Monocytes|HLA-B|LILRB2,B Cells,Non-classical Monocytes,HLA-B,LILRB2,-0.0011426790919907281,-0.0022618367192833552,-2.352146469810105e-05,56,0.045375497694667116,0.1964953578072941,11,0.9996900881179677,33,0.9994477802460243,5,0.9988702631865044,7,0.9997706344065518,B Cells,Non-classical Monocytes,HLA-B,LILRB2,-6.67122130815212e-06,-1.2053238577884541e-05,-1.289204038419698e-06,56,0.015121660293748444,0.27762151614011155,11,0.9999959193972994,33,0.9999924460532121,5,0.9999952229001515,7,0.9999984207773726
Non-classical Monocytes|Non-classical Monocytes|ICAM1|SPN,Non-classical Monocytes,Non-classical Monocytes,ICAM1,SPN,-0.2970022792481373,-0.5884379548975072,-0.005566603598767539,47,0.04578169117624089,0.1964953578072941,9,0.268407979562837,26,0.12155032288368967,5,0.13684387097693584,7,0.2869884935459258,Non-classical Monocytes,Non-classical Monocytes,ICAM1,SPN,-0.03435691183344369,-0.3203781403940685,0.2516643167271811,56,0.8138741029549033,0.8949813500479994,11,0.8111204691055071,33,0.7748240089908947,5,0.996490506868912,7,0.9945509585877433
CD4 T Cells|Non-classical Monocytes|PTPN6|CD300LF,CD4 T Cells,Non-classical Monocytes,PTPN6,CD300LF,-0.07976021225755972,-0.15802147964540175,-0.001498944869717675,56,0.04577053140655903,0.1964953578072941,11,0.049403699855855236,33,0.010700937549109727,5,0.0,7,0.04105744995081422,CD4 T Cells,Non-classical Monocytes,PTPN6,CD300LF,-0.007134830911619594,-0.012129419376840984,-0.0021402424463982037,56,0.005112911330663001,0.13821108301266966,11,0.9877510430444932,33,0.9780967793277353,5,0.9929322757034612,7,0.990412842898323
B Cells|Classical Monocytes|CD99|PILRA,B Cells,Classical Monocytes,CD99,PILRA,-0.24612999349121223,-0.4874186129539878,-0.004841374028436624,56,0.04557698608107224,0.1964953578072941,11,0.2702237043298536,33,0.28265251536164826,5,0.2312251239700458,7,0.4897839284930527,B Cells,Classical Monocytes,CD99,PILRA,-0.0004744785156686193,-0.0032537446984825962,0.0023047876671453576,56,0.737921867132831,0.8527700215723305,11,0.9918262486816212,33,0.9902686398230024,5,0.9969843609017858,7,0.9959012305588356
Non-classical Monocytes|CD8 T Cells|LRPAP1|SORL1,Non-classical Monocytes,CD8 T Cells,LRPAP1,SORL1,-0.09909156234318328,-0.19628494002023905,-0.0018981846661275253,55,0.04569042572882906,0.1964953578072941,11,0.15451465564514524,32,0.09851206640938083,5,0.0,7,0.04308897310741886,Non-classical Monocytes,CD8 T Cells,LRPAP1,SORL1,-0.030140846860457815,-0.0898072101342309,0.029525516413315273,56,0.3221309113673778,0.5900226619420714,11,0.9902160851302547,33,0.9568383567597696,5,0.99460516896888,7,0.9913682874588526
Classical Monocytes|Non-classical Monocytes|HLA-C|LILRB1,Classical Monocytes,Non-classical Monocytes,HLA-C,LILRB1,-0.040278868420712044,-0.07975953532438013,-0.0007982015170439685,56,0.0455445965012562,0.1964953578072941,11,0.9886762263854645,33,0.9687977686554148,5,0.9579813101554395,7,0.9783817208461019,Classical Monocytes,Non-classical Monocytes,HLA-C,LILRB1,-0.00021329320297380772,-0.0004195937172149487,-6.992688732666781e-06,56,0.04272399265761087,0.41836701729317105,11,0.9998680397326777,33,0.9996604584809452,5,0.9998397660769737,7,0.9998454780282149
B Cells|NK Cells|HLA-E|CD8A,B Cells,NK Cells,HLA-E,CD8A,-0.04141204824443301,-0.08215683500266718,-0.0006672614861988405,42,0.046364304973795484,0.19827958262603015,8,0.918875247086333,22,0.8925181436960101,5,0.974384592136072,7,0.9894395369901822,B Cells,NK Cells,HLA-E,CD8A,-0.0609663578346471,-0.39424467611743297,0.27231196044813877,56,0.71994315131256,0.8425305360743786,11,0.7265603000058894,33,0.6656274901253912,5,0.9998870897989998,7,0.9999206377531488
NK Cells|CD4 T Cells|LGALS1|CD69,NK Cells,CD4 T Cells,LGALS1,CD69,0.009476875007865981,0.00012758008933553243,0.01882616992639643,56,0.04695459052432303,0.2000711110844786,11,0.9833637666158537,33,0.9929042253229335,5,0.9956577094173553,7,0.9957212931165692,NK Cells,CD4 T Cells,LGALS1,CD69,0.00012060832172011704,2.692029213895507e-05,0.00021429635130127902,56,0.011631225466428554,0.2374182092811886,11,0.9998011967272018,33,0.9999137414314063,5,0.9999803870538008,7,0.9999723234362852
Non-classical Monocytes|Non-classical Monocytes|ICAM1|ITGAX_ITGB2,Non-classical Monocytes,Non-classical Monocytes,ICAM1,ITGAX_ITGB2,0.026638448942237856,0.0002969863700948115,0.052979911514380904,47,0.04747235058999751,0.20190881352940654,9,0.0,26,0.026638448942237856,5,0.0,7,0.0,Non-classical Monocytes,Non-classical Monocytes,ICAM1,ITGAX_ITGB2,-0.025522289764963957,-0.3079729495870248,0.2569283700570969,56,0.8594277370897906,0.9151473020444453,11,0.8002700645495593,33,0.765944865220353,5,0.9921299363144737,7,0.9833270267502313
Classical Monocytes|B Cells|SELPLG|SELL,Classical Monocytes,B Cells,SELPLG,SELL,-0.13088732184868213,-0.2603840079555194,-0.0013906357418448367,56,0.0475899731502941,0.20204106782897585,11,0.784984571366499,33,0.7572128529773128,5,0.7282301718058335,7,0.8313457752653294,Classical Monocytes,B Cells,SELPLG,SELL,-0.0004419017855145091,-0.0013217927156209093,0.00043798914459189104,56,0.32494851014994486,0.5900226619420714,11,0.9975991482900354,33,0.9970643964477968,5,0.9989119836039893,7,0.9988191335472651
Classical Monocytes|NK Cells|VIM|CD44,Classical Monocytes,NK Cells,VIM,CD44,-0.002984034161594429,-0.005946085665966987,-2.1982657221870927e-05,56,0.048323813352996216,0.20478421811115455,11,0.9971683842875372,33,0.9939783724644466,5,0.9985523638647514,7,0.9983463862032552,Classical Monocytes,NK Cells,VIM,CD44,-4.726053379822126e-05,-8.786352984610035e-05,-6.657537750342174e-06,56,0.022528764902247395,0.306900381578803,11,0.9999635459835144,33,0.9999113395448783,5,0.9999930269175084,7,0.9999880810126703
CD4 T Cells|Non-classical Monocytes|HLA-F|LILRB1,CD4 T Cells,Non-classical Monocytes,HLA-F,LILRB1,-0.25363210126902797,-0.5060511945774364,-0.001213007960619461,56,0.04890916616742611,0.20651519530007226,11,0.485585572215033,33,0.4279493184274596,5,0.2404699763899361,7,0.43646582387139066,CD4 T Cells,Non-classical Monocytes,HLA-F,LILRB1,-0.0004154535540726867,-0.002148691924356516,0.0013177848162111425,56,0.6384984845970454,0.7823230605643685,11,0.9943944410123138,33,0.9928795009726208,5,0.9970460331184844,7,0.9959465466328641
Non-classical Monocytes|Classical Monocytes|LGALS1|ITGB1,Non-classical Monocytes,Classical Monocytes,LGALS1,ITGB1,-0.01187406974319516,-0.02370167202517528,-4.646746121503981e-05,56,0.049106692770362906,0.20697495960071732,11,0.9831463267857425,33,0.9784518762780768,5,0.9775469035349783,7,0.9847265227705078,Non-classical Monocytes,Classical Monocytes,LGALS1,ITGB1,-3.031518769081032e-05,-0.00013043098657126664,6.980061118964599e-05,56,0.5528602863613984,0.7210183474920274,11,0.9998052355220836,33,0.9997484422443658,5,0.999902019560056,7,0.999875541470029
Classical Monocytes|NK Cells|GNAI2|S1PR4,Classical Monocytes,NK Cells,GNAI2,S1PR4,-0.19002500405384082,-0.37941715461272557,-0.0006328534949560649,54,0.04923935903446787,0.20716018620807655,11,0.63844409331351,31,0.5796462294246736,5,0.5410379306791049,7,0.6722650708441092,Classical Monocytes,NK Cells,GNAI2,S1PR4,-0.06095209467240159,-0.1444877751383879,0.0225835857935847,56,0.15268992207086252,0.5560563594390482,11,0.9959881316157078,33,0.9345881118382438,5,0.9981007671522015,7,0.997652842047139
CD4 T Cells|Non-classical Monocytes|HLA-C|LILRB1,CD4 T Cells,Non-classical Monocytes,HLA-C,LILRB1,-0.02589434249494693,-0.05176103872057758,-2.7646269316283778e-05,56,0.04975564007851843,0.2084556934388741,11,0.9954461460554882,33,0.9815965519076288,5,0.9780012885938214,7,0.9900460369409091,CD4 T Cells,Non-classical Monocytes,HLA-C,LILRB1,-0.00014480699197882974,-0.00026384871272673946,-2.5765271230920002e-05,56,0.01711738421657078,0.2902624868168367,11,0.9999433603545641,33,0.9998122900393938,5,0.9999165085766059,7,0.9999302452534143
CD8 T Cells|Non-classical Monocytes|HMGB1|TLR2,CD8 T Cells,Non-classical Monocytes,HMGB1,TLR2,-0.2165056151602408,-0.43339010398798683,0.00037887366750521956,56,0.050401558712311,0.20940861137588287,11,0.7480038353310378,33,0.7970513542214278,5,0.5670969904769685,7,0.8326501245275993,CD8 T Cells,Non-classical Monocytes,HMGB1,TLR2,-0.0003093992915468302,-0.001595575420321672,0.0009767768372280115,56,0.6372951415344057,0.7813622451090612,11,0.9972794211223802,33,0.9976400549628581,5,0.9981907377732913,7,0.998860770905316
CD8 T Cells|Classical Monocytes|CALR|LRP1,CD8 T Cells,Classical Monocytes,CALR,LRP1,-0.2266197085838088,-0.453569384838196,0.00032996767057832943,56,0.050334026233385634,0.20940861137588287,11,0.4688799301993758,33,0.4499005960261128,5,0.28862696936552484,7,0.4962673437760706,CD8 T Cells,Classical Monocytes,CALR,LRP1,0.0006717883302470584,-0.0015419000415554975,0.0028854767020496143,56,0.5519834826218497,0.720794723579132,11,0.9940843086198747,33,0.9935216281941395,5,0.997260542194536,7,0.9960260734385536
CD4 T Cells|Non-classical Monocytes|ICAM3|ITGAL,CD4 T Cells,Non-classical Monocytes,ICAM3,ITGAL,-0.2573721123566226,-0.5150591376050542,0.00031491289180901605,56,0.050280635913827997,0.20940861137588287,11,0.722486751025573,33,0.49844554124837875,5,0.5605915846316338,7,0.5939224872110621,CD4 T Cells,Non-classical Monocytes,ICAM3,ITGAL,-0.002157944185228411,-0.0037911778780747914,-0.0005247104923820306,56,0.009607539319111354,0.21021427640343301,11,0.9968934729963554,33,0.993502377294794,5,0.9983007851570351,7,0.997067633640702
NK Cells|Non-classical Monocytes|HLA-F|LILRB2,NK Cells,Non-classical Monocytes,HLA-F,LILRB2,-0.06726660649991856,-0.13475010782001495,0.0002168948201778237,56,0.05074089804883506,0.21044404430555927,11,0.8909474483013522,33,0.8867697928452316,5,0.8332211563509503,7,0.8963101073947483,NK Cells,Non-classical Monocytes,HLA-F,LILRB2,-0.0001521177504908433,-0.0006633244516200601,0.0003590889506383735,56,0.5597460779636199,0.7289477562392106,11,0.9987821074956272,33,0.9986156313503243,5,0.9993239871976087,7,0.9993096288027966
Classical Monocytes|Non-classical Monocytes|CD14|ITGB1,Classical Monocytes,Non-classical Monocytes,CD14,ITGB1,-0.040707370388434416,-0.08161319723769744,0.00019845646082861795,56,0.05112189631175789,0.21164827639708275,11,0.9557540471840092,33,0.9196498663948831,5,0.9494142324740482,7,0.9540174220733565,Classical Monocytes,Non-classical Monocytes,CD14,ITGB1,-0.00029263480404584374,-0.0005756179838454641,-9.651624246223296e-06,56,0.042681652918907104,0.41836701729317105,11,0.9994836691650107,33,0.9990663456345138,5,0.9997845222302008,7,0.9996598335037495
Classical Monocytes|Non-classical Monocytes|CD52|SIGLEC10,Classical Monocytes,Non-classical Monocytes,CD52,SIGLEC10,-0.16601107964895978,-0.3331929585069978,0.0011707992090782826,55,0.051626148919504115,0.21335762429564975,11,0.9757521643627005,32,0.8157090523891057,5,0.9090693838551809,7,0.915037351530546,Classical Monocytes,Non-classical Monocytes,CD52,SIGLEC10,-0.032369052636462725,-0.09253418742690687,0.027796082153981425,56,0.2916689469943198,0.5900226619420714,11,0.9997273424774675,33,0.9670720401808964,5,0.9996599100491675,7,0.9993736603890592
NK Cells|Classical Monocytes|HLA-B|LILRB2,NK Cells,Classical Monocytes,HLA-B,LILRB2,-0.0035272348254840047,-0.007083044972764515,2.8575321796505977e-05,56,0.051869739940402636,0.2136463229680008,11,0.9979120624587551,33,0.9976186657420695,5,0.9951554985580344,7,0.9983893366668328,NK Cells,Classical Monocytes,HLA-B,LILRB2,-9.814846419375911e-06,-2.665509179824476e-05,7.025398959492939e-06,56,0.25332605465100944,0.5900226619420714,11,0.9999727626714487,33,0.9999707909613973,5,0.9999798902397348,7,0.9999877333761027
CD4 T Cells|NK Cells|CD40LG|CD53,CD4 T Cells,NK Cells,CD40LG,CD53,-0.1413615471302606,-0.28387394263342725,0.0011508483729060492,56,0.051879000052615185,0.2136463229680008,11,0.8259040733769393,33,0.7738853450388108,5,0.6973220531589469,7,0.786664871951079,CD4 T Cells,NK Cells,CD40LG,CD53,-0.0005274973676046013,-0.0014671897224144994,0.00041219498720529674,56,0.2712327926924293,0.5900226619420714,11,0.9980603956918341,33,0.9973578620573041,5,0.9987313449505588,7,0.9985563086836334
NK Cells|Non-classical Monocytes|LRPAP1|SORL1,NK Cells,Non-classical Monocytes,LRPAP1,SORL1,0.03628999304861112,-0.0004244418443427739,0.07300442794156502,51,0.05270800127777009,0.21421062057468404,11,0.0,29,0.03628999304861112,5,0.0,6,0.0,NK Cells,Non-classical Monocytes,LRPAP1,SORL1,0.02363785271816443,-0.2955669587586013,0.34284266419493015,56,0.884600451823359,0.9294055394234644,11,0.9850453564803172,33,0.862292706413533,5,0.9926286641949691,7,0.8462381614100204
NK Cells|Classical Monocytes|VIM|CD44,NK Cells,Classical Monocytes,VIM,CD44,-0.016502981907366765,-0.03318251571496567,0.0001765519002321428,56,0.05247481342759865,0.21421062057468404,11,0.9723990086247798,33,0.9604640028676279,5,0.9830700021523651,7,0.9876379783025799,NK Cells,Classical Monocytes,VIM,CD44,-0.00011074182039194636,-0.0002706912380837452,4.9207597299852514e-05,56,0.17478395243346656,0.5900226619420714,11,0.9996755125288002,33,0.9995204323638789,5,0.999931060449977,7,0.9998867221054477
Non-classical Monocytes|NK Cells|HLA-F|CD8A,Non-classical Monocytes,NK Cells,HLA-F,CD8A,-0.28583631755333394,-0.5753972822943463,0.0037246471876784537,42,0.053020637443709696,0.21421062057468404,8,0.2935798111115125,22,0.22596923151152068,5,0.5543629743965743,7,0.7725887123499164,Non-classical Monocytes,NK Cells,HLA-F,CD8A,-0.06323759315380706,-0.39380777721316174,0.2673325909055476,56,0.7077063941317243,0.8336165472174755,11,0.7212985072985142,33,0.658341803047682,5,0.9981648788919383,7,0.998445767794913
CD4 T Cells|NK Cells|VIM|CD44,CD4 T Cells,NK Cells,VIM,CD44,-0.022875295253887096,-0.04598891680250638,0.00023832629473218708,56,0.052409514677504425,0.21421062057468404,11,0.9628523061796315,33,0.95605958645226,5,0.9711971140308588,7,0.9872796895573744,CD4 T Cells,NK Cells,VIM,CD44,-0.00012860018310445476,-0.0002952723289403917,3.807196273148219e-05,56,0.1304675677717776,0.5560563594390482,11,0.9995667470992671,33,0.9994551254198408,5,0.9998849865462611,7,0.9999019650499392
Classical Monocytes|Classical Monocytes|ICAM3|ITGAL,Classical Monocytes,Classical Monocytes,ICAM3,ITGAL,-0.17128921558549232,-0.3441618174785227,0.0015833863075380428,53,0.052135629293307104,0.21421062057468404,10,0.27830843761626783,31,0.20009274403543395,5,0.040540138226385594,7,0.133613660231044,Classical Monocytes,Classical Monocytes,ICAM3,ITGAL,0.03108046700962208,-0.17209949304902697,0.23426042706827113,56,0.7643175362794037,0.858763145651957,11,0.9018808239147847,33,0.9289869247461335,5,0.996058171107355,7,0.9920838049290817
Non-classical Monocytes|Non-classical Monocytes|HLA-C|LILRB1,Non-classical Monocytes,Non-classical Monocytes,HLA-C,LILRB1,-0.025418566023882372,-0.05114799155361179,0.0003108595058470484,56,0.052832932249153725,0.21421062057468404,11,0.9960917581951219,33,0.9811275939608118,5,0.9776732080324921,7,0.9881276098220644,Non-classical Monocytes,Non-classical Monocytes,HLA-C,LILRB1,-0.00015844259623387646,-0.0002924029189990718,-2.448227346868109e-05,56,0.020440497098477797,0.29748140310290355,11,0.9999526148103783,33,0.9997977043122342,5,0.9999148059610802,7,0.99991833805917
Classical Monocytes|Non-classical Monocytes|ADAM17|IL6R,Classical Monocytes,Non-classical Monocytes,ADAM17,IL6R,0.06658041232717164,-0.0006349716349472595,0.13379579628929056,43,0.05220389338381391,0.21421062057468404,8,0.0,24,0.06658041232717164,5,0.0,6,0.0,Classical Monocytes,Non-classical Monocytes,ADAM17,IL6R,0.14374501672666062,-0.29647548767054577,0.583965521123867,56,0.5221815593733423,0.7080258876987021,11,0.7141673626350751,33,0.7120595132568966,5,0.9932606031780727,7,0.8474077370732337
Classical Monocytes|Non-classical Monocytes|ICAM1|IL2RG,Classical Monocytes,Non-classical Monocytes,ICAM1,IL2RG,0.015708980156782414,-0.00018596577950793364,0.03160392609307276,46,0.05274130553263836,0.21421062057468404,10,0.0,24,0.015708980156782414,5,0.0,7,0.0,Classical Monocytes,Non-classical Monocytes,ICAM1,IL2RG,-0.17303279930757776,-0.4117919767051457,0.06572637808999021,56,0.1554857555729773,0.5560563594390482,11,0.8908092737615931,33,0.7105571286886939,5,0.9930830114821776,7,0.985863665716856
B Cells|Non-classical Monocytes|HLA-C|LILRB1,B Cells,Non-classical Monocytes,HLA-C,LILRB1,-0.031239171949993483,-0.06297652041628346,0.0004981765162964877,56,0.053706197453703926,0.21658716935129302,11,0.9932611021220205,33,0.9780556531984812,5,0.9696796501630894,7,0.9857133731895438,B Cells,Non-classical Monocytes,HLA-C,LILRB1,-0.00015738082406868692,-0.000309977863928972,-4.783784208401841e-06,56,0.04323763544238663,0.42069664457732975,11,0.9999190543780068,33,0.9997793681129711,5,0.9998834969445911,7,0.999901191503624
CD4 T Cells|CD4 T Cells|VIM|CD44,CD4 T Cells,CD4 T Cells,VIM,CD44,-0.01248129603119319,-0.025170388179337075,0.00020779611695069707,56,0.05387158614530793,0.21687031576253119,11,0.9848354741554654,33,0.9787336506749174,5,0.9857477354653839,7,0.992127208016029,CD4 T Cells,CD4 T Cells,VIM,CD44,-6.69761054014062e-05,-0.00013819282218204126,4.240611379228873e-06,56,0.06529140866206179,0.4776247420339505,11,0.9998160800201187,33,0.9997433618452318,5,0.9999419903487506,7,0.9999362482792652
Classical Monocytes|Non-classical Monocytes|SELPLG|SELL,Classical Monocytes,Non-classical Monocytes,SELPLG,SELL,0.1871328053764244,-0.0033509227385242757,0.3776165334913731,56,0.054168712307178624,0.2171309904650797,11,0.13025802820418228,33,0.3907676872802786,5,0.02697002592315002,7,0.10034687962282197,Classical Monocytes,Non-classical Monocytes,SELPLG,SELL,0.007863674609376536,0.0035818690261204596,0.012145480192632613,56,0.0003187838740794807,0.07159490888903197,11,0.987730885785827,33,0.9922489538273727,5,0.9955973128224743,7,0.9922517062546434
Non-classical Monocytes|CD8 T Cells|ICAM1|SPN,Non-classical Monocytes,CD8 T Cells,ICAM1,SPN,0.04234330554489983,-0.0007661584262089807,0.08545276951600864,47,0.05421300532811198,0.2171309904650797,9,0.0,26,0.04234330554489983,5,0.0,7,0.0,Non-classical Monocytes,CD8 T Cells,ICAM1,SPN,-0.025623565311711505,-0.30818573385575543,0.2569386032323324,56,0.8589308796338053,0.9149941083667397,11,0.8001778946362463,33,0.7684966538426902,5,0.9912760266052946,7,0.9852183511234498
CD4 T Cells|CD8 T Cells|VIM|CD44,CD4 T Cells,CD8 T Cells,VIM,CD44,-0.013654324461643386,-0.027566715215871652,0.0002580662925848829,56,0.05440375535074125,0.21748246563465087,11,0.9800518182407035,33,0.9732104914663746,5,0.9831018496115576,7,0.989914847298872,CD4 T Cells,CD8 T Cells,VIM,CD44,-7.714600860875276e-05,-0.0001602618184385593,5.9698012210537875e-06,56,0.0688825427416123,0.4776247420339505,11,0.9997617899770916,33,0.9996747079040926,5,0.9999311103656586,7,0.9999211743012684
Non-classical Monocytes|Non-classical Monocytes|TIMP2|CD44,Non-classical Monocytes,Non-classical Monocytes,TIMP2,CD44,-0.20496857006428937,-0.41406229310822157,0.004125152979642832,56,0.05469435198924194,0.21793739231208178,11,0.8618113586989987,33,0.7869017674842355,5,0.6951981588812454,7,0.8252571377307715,Non-classical Monocytes,Non-classical Monocytes,TIMP2,CD44,-0.0009372018884387101,-0.0021912456537153935,0.0003168418768379733,56,0.14298449300883412,0.5560563594390482,11,0.998498539648362,33,0.9972399158813516,5,0.9988594200254616,7,0.9985379981468899
Non-classical Monocytes|Classical Monocytes|CD47|SIRPA,Non-classical Monocytes,Classical Monocytes,CD47,SIRPA,-0.24198858146384744,-0.4891419213321423,0.005164758404447384,55,0.05498349145703772,0.21797360365396107,10,0.3332330448100559,33,0.2244954772739143,5,0.2380166955951693,7,0.37126770952287513,Non-classical Monocytes,Classical Monocytes,CD47,SIRPA,0.08834799286197015,-0.09715393972963102,0.27384992545357134,56,0.35058181798479604,0.5900226619420714,11,0.902333919787154,33,0.9892562644520219,5,0.9969935426534615,7,0.9955678944563592
NK Cells|Non-classical Monocytes|HMGB1|TLR2,NK Cells,Non-classical Monocytes,HMGB1,TLR2,-0.17402559043331112,-0.35164043802740874,0.0035892571607865353,56,0.054812839725506414,0.21797360365396107,11,0.8424240792267284,33,0.8661532979578025,5,0.6730961173115957,7,0.870850926475981,NK Cells,Non-classical Monocytes,HMGB1,TLR2,-0.0003278976812497447,-0.0013466105647064438,0.0006908152022069543,56,0.5281305041811988,0.713668737566345,11,0.9983001976495846,33,0.9984454345558822,5,0.9986261602536315,7,0.9990992948411789
Classical Monocytes|Non-classical Monocytes|SIRPA|CD47,Classical Monocytes,Non-classical Monocytes,SIRPA,CD47,-0.24198858146384744,-0.4891419213321423,0.005164758404447384,55,0.05498349145703772,0.21797360365396107,10,0.3332330448100559,33,0.2244954772739143,5,0.2380166955951693,7,0.37126770952287513,Classical Monocytes,Non-classical Monocytes,SIRPA,CD47,0.08834799286197015,-0.09715393972963102,0.27384992545357134,56,0.35058181798479604,0.5900226619420714,11,0.902333919787154,33,0.9892562644520219,5,0.9969935426534615,7,0.9955678944563592
NK Cells|Non-classical Monocytes|HLA-C|LILRB1,NK Cells,Non-classical Monocytes,HLA-C,LILRB1,-0.013434427974449048,-0.027173869729677544,0.0003050137807794496,56,0.05530745451314421,0.21851591588526517,11,0.9983169924292317,33,0.990460783931208,5,0.9890387853709784,7,0.9946170048474038,NK Cells,Non-classical Monocytes,HLA-C,LILRB1,-7.980410362451451e-05,-0.00014574270584544446,-1.3865501403584563e-05,56,0.017687150034701178,0.2902624868168367,11,0.9999780143435683,33,0.9999026927256806,5,0.9999570100577084,7,0.9999614925434452
B Cells|B Cells|VIM|CD44,B Cells,B Cells,VIM,CD44,-0.11312802441020997,-0.22913671326884288,0.0028806644484229565,56,0.05596665190010469,0.22037459053413908,11,0.8211363288411971,33,0.7866012914122014,5,0.8058976453589268,7,0.884490632340141,B Cells,B Cells,VIM,CD44,-0.0004665678582520538,-0.001113825575050068,0.00018068985854596028,56,0.15770976886464894,0.5560563594390482,11,0.9980506184310435,33,0.9976006457214587,5,0.9992378311624327,7,0.9992544263111
NK Cells|Non-classical Monocytes|HLA-A|LILRB1,NK Cells,Non-classical Monocytes,HLA-A,LILRB1,-0.015466015248114973,-0.0313230430140006,0.0003910125177706593,56,0.055923159582006526,0.22037459053413908,11,0.9980261315637101,33,0.9899902977103066,5,0.9870879060289994,7,0.9945180874237108,NK Cells,Non-classical Monocytes,HLA-A,LILRB1,-8.701405129063478e-05,-0.00015985618225076805,-1.4171920330501502e-05,56,0.019217336834029975,0.2915550132590449,11,0.9999740738108933,33,0.9998981979805703,5,0.9999494088849706,7,0.9999605471059383
Non-classical Monocytes|B Cells|SEMA4D|CD72,Non-classical Monocytes,B Cells,SEMA4D,CD72,0.03558867316169001,-0.0009501458563560342,0.07212749217973605,54,0.05626240182763488,0.2209651232850913,10,0.0,33,0.03558867316169001,5,0.0,6,0.0,Non-classical Monocytes,B Cells,SEMA4D,CD72,0.23306376863886347,-0.11693397332384642,0.5830615106015733,56,0.1918446554467378,0.5900226619420714,11,0.8893349666890882,33,0.9783401506428319,5,0.9896871969102172,7,0.8456286122250974
Non-classical Monocytes|Classical Monocytes|GRN|TNFRSF1A,Non-classical Monocytes,Classical Monocytes,GRN,TNFRSF1A,-0.09204098551177309,-0.18659225498228502,0.0025102839587388404,56,0.056400519690755636,0.2209651232850913,11,0.839027998104281,33,0.8723416873303457,5,0.8065341269694049,7,0.9318888017072426,Non-classical Monocytes,Classical Monocytes,GRN,TNFRSF1A,-1.7229793883299926e-05,-0.0006910127805090919,0.000656553192742492,56,0.9600270315105518,0.9805935578450704,11,0.9982281772316632,33,0.9985238710043383,5,0.9991963336374436,7,0.999509257204002
CD4 T Cells|NK Cells|LGALS1|CD69,CD4 T Cells,NK Cells,LGALS1,CD69,0.04366780039246876,-0.0011872455022691256,0.08852284628720664,56,0.05638001270044996,0.2209651232850913,11,0.8749989336776184,33,0.9354135958564789,5,0.951058833164133,7,0.9678056949505247,CD4 T Cells,NK Cells,LGALS1,CD69,0.0005886599409460347,0.00016115357781517947,0.00101616630407689,56,0.0069590908168679615,0.16988195027076808,11,0.998615746116349,33,0.999189926985624,5,0.999792822323659,7,0.999778343251988
Classical Monocytes|Non-classical Monocytes|CD99|PILRA,Classical Monocytes,Non-classical Monocytes,CD99,PILRA,-0.10893727739731907,-0.2208915950839922,0.003017040289354067,56,0.056501786691846814,0.22099107525203068,11,0.8769858756026142,33,0.8233865780479545,5,0.8409539652004752,7,0.8962919450431345,Classical Monocytes,Non-classical Monocytes,CD99,PILRA,-0.0007024690283202739,-0.0015978878452282954,0.0001929497885877476,56,0.12414152312359826,0.5560563594390482,11,0.9985549340593334,33,0.9976959837082764,5,0.9993925426962736,7,0.9992360613735369
B Cells|CD8 T Cells|HMGB1|CXCR4,B Cells,CD8 T Cells,HMGB1,CXCR4,-0.003083665735378771,-0.006254125284488928,8.679381373138647e-05,56,0.05661020050207622,0.22104484644205347,11,0.997939624205209,33,0.9949018284124692,5,0.9994214083505157,7,0.9994672782931546,B Cells,CD8 T Cells,HMGB1,CXCR4,-6.0193046854895016e-05,-0.00013675276071264811,1.636666700285807e-05,56,0.1233241457529405,0.5560563594390482,11,0.9999729887019566,33,0.9999120602058608,5,0.9999964823517626,7,0.9999957469025217
Classical Monocytes|Non-classical Monocytes|GNAI2|ADCY7,Classical Monocytes,Non-classical Monocytes,GNAI2,ADCY7,-0.1380026721915516,-0.2803690738810819,0.0043637294979787244,56,0.05744777387586371,0.22394082136918492,11,0.5699256687319815,33,0.5336172140294361,5,0.5358823432287927,7,0.6375765607177989,Classical Monocytes,Non-classical Monocytes,GNAI2,ADCY7,0.00021875740681875921,-0.0016205452640605318,0.0020580600776980503,56,0.815677343769953,0.8963471877100498,11,0.9953173471440739,33,0.9943241131041911,5,0.9981665717149919,7,0.9969545802682903
B Cells|Non-classical Monocytes|HLA-A|LILRB1,B Cells,Non-classical Monocytes,HLA-A,LILRB1,-0.03401922937828972,-0.06913216446875449,0.0010937057121750554,56,0.057575708118405455,0.22396075146071465,11,0.9926057110595186,33,0.9782247425917375,5,0.968400735805371,7,0.9880389967158798,B Cells,Non-classical Monocytes,HLA-A,LILRB1,-0.00016976558216463822,-0.00031756702021141565,-2.1964144117860788e-05,56,0.024371232646857338,0.32506848722499276,11,0.9999086824681296,33,0.9997778499497869,5,0.9998773406337389,7,0.9999162736975608
CD4 T Cells|CD8 T Cells|HLA-C|CD8B,CD4 T Cells,CD8 T Cells,HLA-C,CD8B,-0.0004970803186524764,-0.0010102833395272321,1.612270222227949e-05,56,0.05764471590059508,0.22396075146071465,11,0.9998068482615942,33,0.9996292157304972,5,0.9994375517972331,7,0.9997569995847887,CD4 T Cells,CD8 T Cells,HLA-C,CD8B,-3.344122797899196e-06,-6.914131148438213e-06,2.2588555263982024e-07,56,0.06636491045243187,0.4776247420339505,11,0.9999970785925686,33,0.9999947971087783,5,0.9999968603202015,7,0.9999979229592091
NK Cells|CD8 T Cells|HLA-B|CD3D,NK Cells,CD8 T Cells,HLA-B,CD3D,-9.758587167230104e-07,-1.985071683747861e-06,3.335425030184022e-08,56,0.058067547374468446,0.22485526222120036,11,0.9999997847747064,33,0.9999995890847916,5,0.9999991228275771,7,0.999999902996379,NK Cells,CD8 T Cells,HLA-B,CD3D,-6.537286711960633e-09,-1.4701838867306932e-08,1.6272654433856666e-09,56,0.11657192467731661,0.5560563594390482,11,0.9999999957543687,33,0.9999999923958143,5,0.9999999960027237,7,0.9999999991814559
CD4 T Cells|Classical Monocytes|HLA-C|LILRB2,CD4 T Cells,Classical Monocytes,HLA-C,LILRB2,-0.005453953265191602,-0.011093846422875628,0.0001859398924924224,56,0.05804650643457911,0.22485526222120036,11,0.9931912874388917,33,0.9927709622703104,5,0.9893151797319373,7,0.9943488078285475,CD4 T Cells,Classical Monocytes,HLA-C,LILRB2,-1.6961354255551342e-06,-4.3073251772229705e-05,3.9680980921119437e-05,56,0.9359644080011471,0.9640297602320376,11,0.9999163708489028,33,0.9999181558628468,5,0.9999549140341975,7,0.999958395183567
B Cells|CD8 T Cells|HLA-C|CD8B,B Cells,CD8 T Cells,HLA-C,CD8B,-0.0011758615721146892,-0.002393589053776079,4.1865909546700414e-05,56,0.05841378326383292,0.22582149655802958,11,0.9996536867631434,33,0.9992632885176723,5,0.9985896881542644,7,0.999375151480908,B Cells,CD8 T Cells,HLA-C,CD8B,-7.376662021663094e-06,-1.5743496895297242e-05,9.90172851971054e-07,56,0.0839860553141553,0.5025993029689783,11,0.9999951457086802,33,0.9999904502594207,5,0.9999925830782963,7,0.9999952642910584
Non-classical Monocytes|B Cells|ADAM17|ITGB1,Non-classical Monocytes,B Cells,ADAM17,ITGB1,-0.1653334046232223,-0.33682521962382794,0.006158410377383322,45,0.05881414261151998,0.2258733930886499,8,0.0,25,0.02615895301218128,5,0.0,7,0.19149235763540357,Non-classical Monocytes,B Cells,ADAM17,ITGB1,0.03315222587494715,-0.28669715334313667,0.35300160509303097,56,0.8390183606293604,0.9091737289791356,11,0.7121855633610511,33,0.7437398516719602,5,0.9938883700724407,7,0.9922904325084027
Classical Monocytes|CD4 T Cells|HMGB1|CXCR4,Classical Monocytes,CD4 T Cells,HMGB1,CXCR4,-0.005141728496627862,-0.010468979371840069,0.0001855223785843449,56,0.05852990753665096,0.2258733930886499,11,0.9944464382121229,33,0.9891817103885416,5,0.9975062470866384,7,0.9973832477596851,Classical Monocytes,CD4 T Cells,HMGB1,CXCR4,-9.634943218328473e-05,-0.00020490642129197188,1.2207556925402415e-05,56,0.08193627402777912,0.49254324941623734,11,0.9999307690001594,33,0.9998278353315602,5,0.999986779213615,7,0.999980194977199
Classical Monocytes|NK Cells|CD14|ITGA4,Classical Monocytes,NK Cells,CD14,ITGA4,-0.09142265113339776,-0.18631089273754903,0.0034655904707534962,56,0.05897488943645907,0.22611882895588165,11,0.8825819800688577,33,0.8563102886084166,5,0.8579034314598243,7,0.923054391132781,Classical Monocytes,NK Cells,CD14,ITGA4,-0.000455304926424982,-0.0010068477011898674,9.623784833990331e-05,56,0.10566844003051251,0.5560563594390482,11,0.9987293926529659,33,0.9983466166039695,5,0.9994072357920432,7,0.9994797646694717
Classical Monocytes|Non-classical Monocytes|VCAN|TLR2,Classical Monocytes,Non-classical Monocytes,VCAN,TLR2,-0.13634780093864007,-0.2779373122414365,0.0052417103641563545,56,0.0591058469049357,0.22624943036561454,11,0.8811899396349869,33,0.9000106628908786,5,0.762593335369152,7,0.9177618595636837,Classical Monocytes,Non-classical Monocytes,VCAN,TLR2,-0.00020302709652098017,-0.0009808626578957148,0.0005748084648537543,56,0.6089443732867019,0.7593717729051237,11,0.9987156514836765,33,0.9989030294745613,5,0.9990289974647795,7,0.9994194025521853
Non-classical Monocytes|Non-classical Monocytes|HMGB1|TLR2,Non-classical Monocytes,Non-classical Monocytes,HMGB1,TLR2,-0.2220441789531613,-0.45308910908211725,0.00900075117579463,56,0.05961771722480746,0.22709195712875274,11,0.7191624664912422,33,0.7293264864391495,5,0.5440771536114445,7,0.7762853525125132,Non-classical Monocytes,Non-classical Monocytes,HMGB1,TLR2,-0.0004583931529281715,-0.0019283759511312133,0.0010115896452748702,56,0.5410759264895568,0.720794723579132,11,0.9969960386267339,33,0.9967184465281647,5,0.9980891538185906,7,0.9982699548729496
CD8 T Cells|NK Cells|LGALS1|ITGB1,CD8 T Cells,NK Cells,LGALS1,ITGB1,0.32998377041804977,-0.013661879920286057,0.6736294207563855,56,0.05983001365574641,0.2275294493260063,11,0.3296366232398317,33,0.7014297698097466,5,0.557822125103736,7,0.599631501255601,CD8 T Cells,NK Cells,LGALS1,ITGB1,0.005050525890171742,0.0021449477873150976,0.007956103993028386,56,0.0006571888249729309,0.09753557241920435,11,0.9922549556776054,33,0.9964958408266501,5,0.9982746127596187,7,0.9974649720184917
Non-classical Monocytes|Classical Monocytes|HLA-B|LILRB2,Non-classical Monocytes,Classical Monocytes,HLA-B,LILRB2,-0.00571844338898686,-0.011684865989029177,0.00024797921105545583,56,0.060312379337557204,0.22899090366373345,11,0.9963466016878872,33,0.9958458766282381,5,0.9919082760860534,7,0.9971259944153911,Non-classical Monocytes,Classical Monocytes,HLA-B,LILRB2,-1.6033745166232904e-05,-4.6350109479643235e-05,1.4282619147177422e-05,56,0.2999281602160997,0.5900226619420714,11,0.9999543124498115,33,0.9999497905285115,5,0.9999670855813276,7,0.9999785974051939
B Cells|CD4 T Cells|HLA-B|CD3D,B Cells,CD4 T Cells,HLA-B,CD3D,-2.2766769911086726e-05,-4.6551980639346346e-05,1.0184408171728943e-06,56,0.060649543122098734,0.22949437431247366,11,0.9999888723794768,33,0.9999851797313051,5,0.9999746044152313,7,0.9999936785369707,B Cells,CD4 T Cells,HLA-B,CD3D,-1.6168447447562073e-07,-3.849444685649501e-07,6.157551961370859e-08,56,0.15578176523919077,0.5560563594390482,11,0.999999821842266,33,0.9999997481724084,5,0.9999998643457431,7,0.99999995236036
CD8 T Cells|NK Cells|HLA-C|CD8A,CD8 T Cells,NK Cells,HLA-C,CD8A,-0.016552711311878854,-0.03385194627062535,0.0007465236468676417,42,0.06073983868313007,0.22949437431247366,8,0.9720851335094898,22,0.9580831053999365,5,0.9962775419040664,7,0.9988282251063919,CD8 T Cells,NK Cells,HLA-C,CD8A,-0.06077107048886077,-0.3942862571693781,0.27274411619165656,56,0.7209926217609913,0.8425305360743786,11,0.727020807702069,33,0.6662582988468857,5,0.9999827881555928,7,0.9999913497892703
Classical Monocytes|B Cells|VCAN|SELL,Classical Monocytes,B Cells,VCAN,SELL,-0.005261999884714763,-0.010760759033727006,0.00023675926429748018,56,0.060713785159852963,0.22949437431247366,11,0.99239727605323,33,0.9886040780426215,5,0.9931228392987347,7,0.9945916411728409,Classical Monocytes,B Cells,VCAN,SELL,-2.7988034745907164e-05,-8.26981013683744e-05,2.6722031876560073e-05,56,0.3160254235502473,0.5900226619420714,11,0.9999030560872977,33,0.9998644439061621,5,0.9999670687420066,7,0.999956444595617
CD4 T Cells|Non-classical Monocytes|HLA-A|LILRB1,CD4 T Cells,Non-classical Monocytes,HLA-A,LILRB1,-0.02820002696788848,-0.05776105255208893,0.0013609986163119689,56,0.06152178729839297,0.23207330103674892,11,0.9950528200984908,33,0.9816351187441104,5,0.976255988838251,7,0.991038314451759,CD4 T Cells,Non-classical Monocytes,HLA-A,LILRB1,-0.0001517164533877402,-0.0002786213936118867,-2.481151316359372e-05,56,0.0191210984596718,0.2915550132590449,11,0.9999372766861391,33,0.9998116940412224,5,0.9999091357956023,7,0.9999352696040733
Non-classical Monocytes|Non-classical Monocytes|TIMP2|ITGB1,Non-classical Monocytes,Non-classical Monocytes,TIMP2,ITGB1,-0.12895854400977635,-0.2643919602056304,0.006474872186077646,56,0.062004859384709156,0.23314226515828643,11,0.15489468127609374,33,0.09217425773574729,5,0.03866844771442176,7,0.10490656818385168,Non-classical Monocytes,Non-classical Monocytes,TIMP2,ITGB1,-0.00022384868560332283,-0.004667731401824909,0.004220034030618263,56,0.9213542886842531,0.9525133576705005,11,0.9904258645627121,33,0.9864990790710089,5,0.9957349881645067,7,0.9920320513584068
Classical Monocytes|Non-classical Monocytes|LGALS1|ITGB1,Classical Monocytes,Non-classical Monocytes,LGALS1,ITGB1,-0.0053737536007202324,-0.011025155592291131,0.0002776483908506662,56,0.062367683629081364,0.23412948757862537,11,0.9961875691686489,33,0.9915135640674565,5,0.9944501360054747,7,0.9951498845050025,Classical Monocytes,Non-classical Monocytes,LGALS1,ITGB1,-3.833223078408832e-05,-8.253238376220595e-05,5.867922194029307e-06,56,0.0891754832899734,0.5251079840918341,11,0.9999507871807574,33,0.9998989274791232,5,0.9999727633855958,7,0.9999592359147458
NK Cells|B Cells|HLA-A|APLP2,NK Cells,B Cells,HLA-A,APLP2,-0.024197797110796615,-0.049671221611130724,0.001275627389537494,51,0.0626291326491826,0.23473358705592515,11,0.9941186833876346,30,0.9842053996439114,5,0.9749167504405698,5,0.9892012638076432,NK Cells,B Cells,HLA-A,APLP2,0.19461581463054645,-0.20867127416899628,0.5979029034300891,56,0.344236616606429,0.5900226619420714,11,0.9999285402625134,33,0.9088845225562271,5,0.9998871894488126,7,0.7142273571119798
Classical Monocytes|CD4 T Cells|S100A9|ITGB2,Classical Monocytes,CD4 T Cells,S100A9,ITGB2,-5.817392273166355e-05,-0.00011944786750897166,3.10002204564456e-06,56,0.06277187920835181,0.2348915672299703,11,0.9999666026523406,33,0.9999372729281575,5,0.9999243392124788,7,0.9999531834110273,Classical Monocytes,CD4 T Cells,S100A9,ITGB2,-3.919303983579425e-07,-9.221379925478303e-07,1.3827719583194526e-07,56,0.14739096610267438,0.5560563594390482,11,0.9999995004282517,33,0.9999990740581984,5,0.9999996393245496,7,0.9999996048848947
Classical Monocytes|Non-classical Monocytes|HLA-F|LILRB1,Classical Monocytes,Non-classical Monocytes,HLA-F,LILRB1,-0.23198419709985163,-0.4764500937847804,0.012481699585077194,56,0.06290051465023869,0.2349963227332917,11,0.21426255312270392,33,0.21612295401325715,5,0.035186167843811,7,0.26903076583421587,Classical Monocytes,Non-classical Monocytes,HLA-F,LILRB1,-0.001044135073557162,-0.004705883865714071,0.002617613718599747,56,0.5762456748439306,0.7415173447286753,11,0.9908643074534271,33,0.988289312023739,5,0.9954885184083745,7,0.9939576580522436
Classical Monocytes|B Cells|LTB|CD40,Classical Monocytes,B Cells,LTB,CD40,-0.23157152100202977,-0.4762839380876275,0.013140896083567943,55,0.06363690619661078,0.23736769324135168,11,0.24033494529420849,33,0.15691675519430429,5,0.052340623345777715,6,0.20049395424790328,Classical Monocytes,B Cells,LTB,CD40,0.14017479085257167,-0.159720331874381,0.44006991357952435,56,0.3596081178588192,0.5939855907445698,11,0.9916119791716916,33,0.9867767443075675,5,0.9948498129149688,7,0.8498397871982729
Classical Monocytes|Classical Monocytes|PTPN6|CD300LF,Classical Monocytes,Classical Monocytes,PTPN6,CD300LF,-0.1643212552783349,-0.3382457692670258,0.009603258710356,51,0.06406253714816999,0.2378156188250826,11,0.06314961733300893,28,0.0865434469019285,5,0.0,7,0.18771508484725447,Classical Monocytes,Classical Monocytes,PTPN6,CD300LF,-0.15074914412902007,-0.2751730318203108,-0.026325256437729358,56,0.017565708999673132,0.2902624868168367,11,0.9886017497946316,33,0.8365864713945539,5,0.9947636537068105,7,0.9934975194357529
Non-classical Monocytes|CD8 T Cells|CD58|CD2,Non-classical Monocytes,CD8 T Cells,CD58,CD2,-0.19292454495328393,-0.39711583625965446,0.01126674635308661,56,0.06405192600894359,0.2378156188250826,11,0.5380173184139515,33,0.535509821583574,5,0.5344175759349155,7,0.7248346240578218,Non-classical Monocytes,CD8 T Cells,CD58,CD2,-0.0006501938131965312,-0.0024379366982548683,0.0011375490718618059,56,0.4759510644380419,0.6642847591249715,11,0.9948363394341432,33,0.9942892766246283,5,0.9980871438113559,7,0.9981902748150375
B Cells|B Cells|HMGB1|CXCR4,B Cells,B Cells,HMGB1,CXCR4,-0.0015310982304745924,-0.0031533607107001307,9.116424975094575e-05,56,0.06433915889013031,0.23846339048960996,11,0.9996531473045603,33,0.9979876682711706,5,0.999502525109482,7,0.999368144306567,B Cells,B Cells,HMGB1,CXCR4,-2.385156818773826e-05,-4.738725287198856e-05,-3.1588350348795937e-07,56,0.04700339807200916,0.44555594997339243,11,0.9999948893470608,33,0.9999686604596589,5,0.9999967951867349,7,0.9999944178675207
Classical Monocytes|Classical Monocytes|ANXA2|TLR2,Classical Monocytes,Classical Monocytes,ANXA2,TLR2,-0.07633342834864609,-0.15725282243217303,0.004585965734880862,56,0.06447421224595305,0.23858523865974704,11,0.7995212050988472,33,0.8484206100744635,5,0.7579050980886584,7,0.8831379314129207,Classical Monocytes,Classical Monocytes,ANXA2,TLR2,0.00033213857844849315,-0.0003045300460161086,0.0009688072029130949,56,0.30655472752483015,0.5900226619420714,11,0.9977757858892526,33,0.9982107981685319,5,0.9990290259019166,7,0.9991318996027473
Classical Monocytes|B Cells|VCAN|CD44,Classical Monocytes,B Cells,VCAN,CD44,-0.010528443962775746,-0.021722914786601863,0.0006660268610503717,56,0.06527736237951905,0.24079406185809948,11,0.9824130945809494,33,0.9742792653924558,5,0.9816551967983711,7,0.9840498115726533,Classical Monocytes,B Cells,VCAN,CD44,-5.2830435626205485e-05,-0.0001408792980465178,3.5218426794106825e-05,56,0.23959356486499228,0.5900226619420714,11,0.9997889004728718,33,0.9996906675123286,5,0.9999195791422221,7,0.999874176617305
Non-classical Monocytes|NK Cells|LGALS9|PTPRC,Non-classical Monocytes,NK Cells,LGALS9,PTPRC,-0.016709942685983248,-0.0344709294014847,0.0010510440295182014,56,0.06518620622616236,0.24079406185809948,11,0.9669561528398257,33,0.965739787236255,5,0.9651821981994055,7,0.980675775281818,Non-classical Monocytes,NK Cells,LGALS9,PTPRC,-6.036139564402632e-05,-0.0001975731138594954,7.685032257144275e-05,56,0.38856857570727865,0.6195569329158481,11,0.9996238871931754,33,0.9995765157868222,5,0.9998455373484058,7,0.9998585273376965
Classical Monocytes|B Cells|LGALS9|PTPRC,Classical Monocytes,B Cells,LGALS9,PTPRC,-0.10476715014549187,-0.21626718547763857,0.006732885186654811,56,0.065531874631067,0.24097153899770304,11,0.7842363452392965,33,0.8128216218205493,5,0.7422211996485528,7,0.8755736263752975,Classical Monocytes,B Cells,LGALS9,PTPRC,-6.616142259563418e-05,-0.0008345388899693104,0.000702216044778042,56,0.8659827360470158,0.9189110946029537,11,0.997631186721329,33,0.9978143964691331,5,0.9989137104806189,7,0.9991630816510186
Classical Monocytes|Classical Monocytes|SERPINA1|LRP1,Classical Monocytes,Classical Monocytes,SERPINA1,LRP1,-0.04795146283081331,-0.09902525623699007,0.003122330575363451,56,0.06574708268906229,0.24138276427509506,11,0.8945177446095806,33,0.8736332747194949,5,0.8974542243286772,7,0.9245212172694048,Classical Monocytes,Classical Monocytes,SERPINA1,LRP1,-0.00021506489461187162,-0.0007591007116827442,0.00032897092245900094,56,0.43845730970718777,0.6642847591249715,11,0.998792573500462,33,0.9983989486718416,5,0.9995835989406376,7,0.9994050390066291
CD8 T Cells|CD4 T Cells|CALM1|PTPRA,CD8 T Cells,CD4 T Cells,CALM1,PTPRA,-0.11637511157028724,-0.2405296926127924,0.007779469472217915,53,0.06618723297279737,0.24185970704679347,11,0.7884141562090203,30,0.7583485408696969,5,0.7342994093455925,7,0.8206089055765563,CD8 T Cells,CD4 T Cells,CALM1,PTPRA,-0.09116964921955784,-0.19201270522287062,0.009673406783754945,56,0.07640223869126357,0.4776247420339505,11,0.9976463253326561,33,0.9063155622560821,5,0.9989468806458394,7,0.9987857667888232
Non-classical Monocytes|Classical Monocytes|TIMP2|CD44,Non-classical Monocytes,Classical Monocytes,TIMP2,CD44,-0.13580151405155216,-0.28079202140408244,0.009188993300978082,56,0.06639489174175359,0.24185970704679347,11,0.8880821763694162,33,0.8344796761771571,5,0.794944455534204,7,0.8771434693934971,Non-classical Monocytes,Classical Monocytes,TIMP2,CD44,-0.0005184389791750288,-0.0015017601981316773,0.0004648822397816197,56,0.3014369270389521,0.5900226619420714,11,0.9987761410436797,33,0.9979317220361488,5,0.9992306654859873,7,0.9989046854576313
Non-classical Monocytes|CD8 T Cells|SELPLG|ITGB2,Non-classical Monocytes,CD8 T Cells,SELPLG,ITGB2,-0.12133116042527947,-0.2508656952289763,0.00820337437841731,56,0.06638129593527234,0.24185970704679347,11,0.8451327892036956,33,0.8205514379748706,5,0.7133228324088675,7,0.810072641605322,Non-classical Monocytes,CD8 T Cells,SELPLG,ITGB2,-0.0003088346934639885,-0.001210410012648865,0.0005927406257208879,56,0.5019747819462876,0.6916361617111993,11,0.9982474975755514,33,0.997731849096073,5,0.9988925296739289,7,0.9986857158879145
NK Cells|CD8 T Cells|HLA-F|CD8B,NK Cells,CD8 T Cells,HLA-F,CD8B,-0.059537534051289254,-0.12307877406134522,0.004003705958766715,56,0.06628854383055947,0.24185970704679347,11,0.9546776036770299,33,0.9499399370641053,5,0.9036239525443621,7,0.9584238199827267,NK Cells,CD8 T Cells,HLA-F,CD8B,-0.00018865747528118426,-0.000557352488531207,0.0001800375379688385,56,0.3159122168192965,0.5900226619420714,11,0.9994691962014517,33,0.999380918391164,5,0.999580814900737,7,0.9996811945657306
Non-classical Monocytes|NK Cells|ICAM2|ITGAL_ITGB2,Non-classical Monocytes,NK Cells,ICAM2,ITGAL_ITGB2,-0.2849021073258927,-0.5894342724125994,0.019630057760813946,56,0.0667096404004099,0.24225176709996077,11,0.31451752676574685,33,0.3329466891193796,5,0.0696999213888077,7,0.37303119106833316,Non-classical Monocytes,NK Cells,ICAM2,ITGAL_ITGB2,-0.0014302399396403098,-0.004189564689183761,0.0013290848099031414,56,0.30967342616610893,0.5900226619420714,11,0.9925516736523331,33,0.9907690929663018,5,0.9960409411932035,7,0.9956886004468125
Classical Monocytes|B Cells|HLA-A|APLP2,Classical Monocytes,B Cells,HLA-A,APLP2,-0.04155819128657079,-0.08597984726686089,0.002863464693719321,51,0.06671001552260163,0.24225176709996077,11,0.9796507084775077,30,0.9626900079266112,5,0.9472508938053614,5,0.9718483845410357,Classical Monocytes,B Cells,HLA-A,APLP2,0.19448345347350404,-0.2087494499713914,0.5977163569183994,56,0.34450004167013837,0.5900226619420714,11,0.9997640533015578,33,0.9086175954997677,5,0.9997687608485922,7,0.7141388495732981
CD4 T Cells|NK Cells|ICAM3|ITGAL,CD4 T Cells,NK Cells,ICAM3,ITGAL,-0.13742482948303758,-0.28459231556014214,0.009742656594066978,56,0.06721822648079274,0.24346908036463205,11,0.7198310338676572,33,0.6272387551248176,5,0.6224809890177131,7,0.6673135397579111,CD4 T Cells,NK Cells,ICAM3,ITGAL,-0.0006817315389765488,-0.001702655400467285,0.00033919232251418733,56,0.19060737941687822,0.5900226619420714,11,0.9968880175246511,33,0.9952851612297364,5,0.998514417849026,7,0.9975932930930879
Non-classical Monocytes|Non-classical Monocytes|HLA-A|LILRB1,Non-classical Monocytes,Non-classical Monocytes,HLA-A,LILRB1,-0.02927877045408922,-0.06063731655599785,0.002079775647819408,56,0.06725377166389193,0.24346908036463205,11,0.9935488237586552,33,0.9796452215699712,5,0.9717206182241312,7,0.9870957864895367,Non-classical Monocytes,Non-classical Monocytes,HLA-A,LILRB1,-0.00015584610161945012,-0.0003002738595642537,-1.141834367464654e-05,56,0.03443700680960022,0.40101408534417127,11,0.9999201471531515,33,0.9997834611233046,5,0.999890126316424,7,0.9999092863881965
Non-classical Monocytes|Non-classical Monocytes|GNAS|ADCY7,Non-classical Monocytes,Non-classical Monocytes,GNAS,ADCY7,-0.18098288230687742,-0.3753083814087639,0.01334261679500906,56,0.06794211320804602,0.24520067131497292,11,0.48913109687029765,33,0.31316838556938925,5,0.5178826479943078,7,0.5229028190002769,Non-classical Monocytes,Non-classical Monocytes,GNAS,ADCY7,-0.0010015963740908074,-0.003544264208651721,0.0015410714604701062,56,0.44007873062745473,0.6642847591249715,11,0.9944381761091137,33,0.9912665406127332,5,0.9980996660203676,7,0.995929626898078
CD8 T Cells|CD4 T Cells|GNAI2|S1PR4,CD8 T Cells,CD4 T Cells,GNAI2,S1PR4,-0.14925364508508643,-0.30950175277401515,0.01099446260384232,56,0.0679266947182113,0.24520067131497292,11,0.11961352083993053,33,0.07891162795316699,5,0.0,7,0.10855175219832289,CD8 T Cells,CD4 T Cells,GNAI2,S1PR4,-0.004385427628217697,-0.007701832912411525,-0.00106902234402387,56,0.00954902377149438,0.2096519342820536,11,0.989734513133702,33,0.9844952286037538,5,0.9933958559265141,7,0.9925419990247837
Non-classical Monocytes|NK Cells|ICAM1|ITGAM_ITGB2,Non-classical Monocytes,NK Cells,ICAM1,ITGAM_ITGB2,0.05184400370322724,-0.0038441982152360027,0.10753220562169048,46,0.06805141602522163,0.24521613644890822,9,0.0,26,0.05184400370322724,5,0.0,6,0.0,Non-classical Monocytes,NK Cells,ICAM1,ITGAM_ITGB2,0.11530156454996976,-0.29537604703324566,0.5259791761331851,56,0.5821286126283893,0.7484845453980237,11,0.8030603560927044,33,0.7691185465451894,5,0.9914918368734588,7,0.842248462775974
CD4 T Cells|CD4 T Cells|SIRPG|CD47,CD4 T Cells,CD4 T Cells,SIRPG,CD47,-0.13210939690495715,-0.2746155545365746,0.01039676072666032,54,0.06922144194921018,0.2479670095200463,11,0.06338097145342951,31,0.0268850300319968,5,0.0,7,0.09561345548352444,CD4 T Cells,CD4 T Cells,SIRPG,CD47,-0.0620391068633519,-0.14468589371841586,0.020607679991712063,56,0.14122244058066452,0.5560563594390482,11,0.987776595301865,33,0.9238262080304205,5,0.9946357174376876,7,0.9927244370295949
CD4 T Cells|CD4 T Cells|CD47|SIRPG,CD4 T Cells,CD4 T Cells,CD47,SIRPG,-0.13210939690495715,-0.2746155545365746,0.01039676072666032,54,0.06922144194921018,0.2479670095200463,11,0.06338097145342951,31,0.0268850300319968,5,0.0,7,0.09561345548352444,CD4 T Cells,CD4 T Cells,CD47,SIRPG,-0.0620391068633519,-0.14468589371841586,0.020607679991712063,56,0.14122244058066452,0.5560563594390482,11,0.987776595301865,33,0.9238262080304205,5,0.9946357174376876,7,0.9927244370295949
Non-classical Monocytes|Non-classical Monocytes|LGALS9|LRP1,Non-classical Monocytes,Non-classical Monocytes,LGALS9,LRP1,-0.22488776670725963,-0.4674896173983555,0.017714083983836254,56,0.06923961036705362,0.2479670095200463,11,0.5904882489358512,33,0.6586727682389242,5,0.3042206500598351,7,0.5972929360701678,Non-classical Monocytes,Non-classical Monocytes,LGALS9,LRP1,0.0006387470982038845,-0.0008661259007931462,0.0021436200972009154,56,0.4054588424842337,0.640731274952206,11,0.995545862687645,33,0.9958026394060274,5,0.9973086582820947,7,0.9969266879022732
NK Cells|Classical Monocytes|CD47|SIRPA,NK Cells,Classical Monocytes,CD47,SIRPA,-0.22807967036974955,-0.47461817773206655,0.01845883699256745,55,0.06979827952921518,0.24920333746287068,10,0.3355607696683968,33,0.3045178039521738,5,0.16906522450037256,7,0.3661019291538991,NK Cells,Classical Monocytes,CD47,SIRPA,0.09012501988064447,-0.09537278519953293,0.2756228249608219,56,0.3409660864292875,0.5900226619420714,11,0.9023068834789985,33,0.991129065094089,5,0.9966569832890873,7,0.9953541450235334
Classical Monocytes|NK Cells|SIRPA|CD47,Classical Monocytes,NK Cells,SIRPA,CD47,-0.22807967036974955,-0.47461817773206655,0.01845883699256745,55,0.06979827952921518,0.24920333746287068,10,0.3355607696683968,33,0.3045178039521738,5,0.16906522450037256,7,0.3661019291538991,Classical Monocytes,NK Cells,SIRPA,CD47,0.09012501988064447,-0.09537278519953293,0.2756228249608219,56,0.3409660864292875,0.5900226619420714,11,0.9023068834789985,33,0.991129065094089,5,0.9966569832890873,7,0.9953541450235334
Non-classical Monocytes|Classical Monocytes|LRPAP1|SORL1,Non-classical Monocytes,Classical Monocytes,LRPAP1,SORL1,-0.15909930256730215,-0.3314748188313866,0.01327621369678228,54,0.07044956667611578,0.2511446384560769,11,0.26632790003744833,31,0.12595351957552195,5,0.06563431010162686,7,0.08435923220700262,Non-classical Monocytes,Classical Monocytes,LRPAP1,SORL1,-0.06154928721238373,-0.1445113340226472,0.021412759597879735,56,0.1459210096187677,0.5560563594390482,11,0.9920610900088312,33,0.9264763982363902,5,0.9960095223988426,7,0.9919741178387851
Classical Monocytes|CD8 T Cells|HMGB1|CXCR4,Classical Monocytes,CD8 T Cells,HMGB1,CXCR4,-0.00461068737819148,-0.009623537018146399,0.00040216226176343923,56,0.07143166976405564,0.25425754405346024,11,0.9958589637069456,33,0.9909719941019675,5,0.9987912106850094,7,0.9985149284582228,Classical Monocytes,CD8 T Cells,HMGB1,CXCR4,-9.60006555252857e-05,-0.00021644143722444252,2.4440126173871145e-05,56,0.11823063853181526,0.5560563594390482,11,0.9999481560320608,33,0.9998464890763403,5,0.9999934370355497,7,0.9999877707353545
CD4 T Cells|CD4 T Cells|TIMP1|CD63,CD4 T Cells,CD4 T Cells,TIMP1,CD63,-0.17165272705285595,-0.3583498095142419,0.015044355408530025,55,0.07154117499856644,0.25425973153980613,11,0.0,32,0.031935653737592024,5,0.019811324934360337,7,0.2233997057248083,CD4 T Cells,CD4 T Cells,TIMP1,CD63,-0.02874827831546567,-0.08800250731363293,0.030505950682701587,56,0.34164876939196265,0.5900226619420714,11,0.9795418835368307,33,0.9496802860319226,5,0.9940886753660582,7,0.9929753561766156
Non-classical Monocytes|Classical Monocytes|HLA-F|LILRB2,Non-classical Monocytes,Classical Monocytes,HLA-F,LILRB2,-0.25184103893491977,-0.5259078608508363,0.02222578298099681,56,0.07169999307225207,0.25443690550715586,11,0.4701459682429742,33,0.4827064107449907,5,0.26444380734878475,7,0.528845288785721,Non-classical Monocytes,Classical Monocytes,HLA-F,LILRB2,6.160722284975773e-05,-0.0020426579618500204,0.002165872407549536,56,0.9542405253372412,0.9760875306403513,11,0.9941852465116509,33,0.9936899176167538,5,0.9971315987218048,7,0.996574662604058
Classical Monocytes|Non-classical Monocytes|HLA-A|LILRB1,Classical Monocytes,Non-classical Monocytes,HLA-A,LILRB1,-0.03519378760240932,-0.07354079027777138,0.003153215072952735,56,0.07205045635488536,0.25529258814667266,11,0.989673623105955,33,0.9741428269017602,5,0.9637093791409788,7,0.9833723705391934,Classical Monocytes,Non-classical Monocytes,HLA-A,LILRB1,-0.000173814511284065,-0.00035003291320275236,2.4038906346223647e-06,56,0.053208233319183854,0.46824711112433287,11,0.9998746939966504,33,0.9997199865817784,5,0.9998588368669635,7,0.9998779439633756
Non-classical Monocytes|B Cells|HLA-A|APLP2,Non-classical Monocytes,B Cells,HLA-A,APLP2,-0.035303323794198316,-0.07382342811687405,0.003216780528477417,51,0.07244855195588329,0.2562380325467281,11,0.9849066359805206,30,0.9699578584033655,5,0.956794444173919,5,0.9771489903909621,Non-classical Monocytes,B Cells,HLA-A,APLP2,0.1945232423081531,-0.2087282067955465,0.5977746914118527,56,0.3444235335607918,0.5900226619420714,11,0.9998223576664889,33,0.9087058373545167,5,0.9998090722790662,7,0.714169309658941
Classical Monocytes|NK Cells|LGALS1|ITGB1,Classical Monocytes,NK Cells,LGALS1,ITGB1,0.0021883626452952054,-0.00020412015795446756,0.004580845448544878,56,0.07301368165803616,0.257144715944969,11,0.9946640636035241,33,0.9974043720762484,5,0.9978525767765027,7,0.9984045226039319,Classical Monocytes,NK Cells,LGALS1,ITGB1,3.341270540191399e-05,2.8124192773491808e-06,6.40129915264788e-05,56,0.032346615127267206,0.3877345666943906,11,0.9999322399505338,33,0.9999648388379543,5,0.9999889751643026,7,0.9999881613463212
B Cells|Classical Monocytes|ANXA2|TLR2,B Cells,Classical Monocytes,ANXA2,TLR2,-0.1881378329791739,-0.39410270221957167,0.01782703626122384,52,0.07340220821820866,0.2581237292010802,10,0.0,30,0.08112561369009395,5,0.0,7,0.2692634466692679,B Cells,Classical Monocytes,ANXA2,TLR2,0.0010568560319895726,-0.20789803899106002,0.21001175105503916,56,0.9920905857773576,0.9966142692659651,11,0.8934803704676575,33,0.8947424502108609,5,0.9940950127530523,7,0.9943002364642661
B Cells|Non-classical Monocytes|HLA-DQA1|CD4,B Cells,Non-classical Monocytes,HLA-DQA1,CD4,-0.028242111200816544,-0.05918784014428699,0.0027036177426538986,56,0.07365848052862027,0.25824707512661915,11,0.9608037294007457,33,0.9531459573383334,5,0.9553868249729763,7,0.9759711641113806,B Cells,Non-classical Monocytes,HLA-DQA1,CD4,-0.00010838436322635481,-0.0003271117514375856,0.00011034302498487598,56,0.33144548672969676,0.5900226619420714,11,0.999559411736776,33,0.9994265377924062,5,0.9998220988009564,7,0.999797609219813
B Cells|Non-classical Monocytes|HLA-F|LILRB2,B Cells,Non-classical Monocytes,HLA-F,LILRB2,-0.1417035011457739,-0.2969650955092191,0.013558093217671346,56,0.07364514377840323,0.25824707512661915,11,0.7648531785577919,33,0.7675783841454985,5,0.6625056389548467,7,0.8069343456883272,B Cells,Non-classical Monocytes,HLA-F,LILRB2,-0.0002663430188198923,-0.0013670403308674761,0.0008343542932276915,56,0.6353106140088163,0.7796772018636817,11,0.997391377053705,33,0.9972371314002383,5,0.9986520641504878,7,0.998764161515841
Classical Monocytes|CD8 T Cells|PSEN1|CD44,Classical Monocytes,CD8 T Cells,PSEN1,CD44,-0.1954383892577617,-0.40982225683863194,0.018945478323108583,56,0.07397652456733876,0.25897329065177815,11,0.5870860478522828,33,0.4729508078735228,5,0.5263852280664777,7,0.6076883773454794,Classical Monocytes,CD8 T Cells,PSEN1,CD44,-0.0011589773137740123,-0.0023904266596723603,7.247203212433603e-05,56,0.0650931072823984,0.4776247420339505,11,0.9955331256296408,33,0.9935342483866745,5,0.9981602294133411,7,0.9973203294841488
NK Cells|Classical Monocytes|ICAM2|ITGAL_ITGB2,NK Cells,Classical Monocytes,ICAM2,ITGAL_ITGB2,0.021663902930113096,-0.0021117483062494807,0.045439554166475674,52,0.07411862535313671,0.25899061356106484,10,0.0,30,0.021663902930113096,5,0.0,7,0.0,NK Cells,Classical Monocytes,ICAM2,ITGAL_ITGB2,0.0036929862521735135,-0.20541462450202586,0.21280059700637288,56,0.9723872738764937,0.9836853264278779,11,0.8947380880236401,33,0.8917694787277812,5,0.9912282426089899,7,0.9845666470609575
B Cells|Classical Monocytes|CD22|PTPRC,B Cells,Classical Monocytes,CD22,PTPRC,-0.030622143992512285,-0.06428048387983468,0.0030361958948100995,56,0.07455980723235991,0.25984649236949314,11,0.9408657751659818,33,0.9347379424141119,5,0.9242836803603348,7,0.9487779916009772,B Cells,Classical Monocytes,CD22,PTPRC,-4.9233993545505506e-05,-0.00035479536628353734,0.0002563273791925263,56,0.7521528955309571,0.8530746564954412,11,0.9993438269164184,33,0.9992046918936748,5,0.9996778773930372,7,0.999587976363839
CD4 T Cells|Classical Monocytes|HLA-B|LILRB2,CD4 T Cells,Classical Monocytes,HLA-B,LILRB2,-0.007470445074072463,-0.015685109076522617,0.0007442189283776903,56,0.074684299756896,0.259892458915577,11,0.9958321817710118,33,0.9952008093001221,5,0.9904263295702229,7,0.9972654021734056,CD4 T Cells,Classical Monocytes,HLA-B,LILRB2,-2.28004553413097e-05,-5.656545276226267e-05,1.096454207964327e-05,56,0.18566819946725266,0.5900226619420714,11,0.9999478510135361,33,0.9999424773435512,5,0.9999621087878283,7,0.9999795355731848
CD8 T Cells|Non-classical Monocytes|HLA-A|LILRB1,CD8 T Cells,Non-classical Monocytes,HLA-A,LILRB1,-0.021667222445137746,-0.045510425055141995,0.0021759801648665,56,0.07489716065648287,0.2600883910275075,11,0.9964332866223184,33,0.9860363800870589,5,0.981104088792945,7,0.9923744047028231,CD8 T Cells,Non-classical Monocytes,HLA-A,LILRB1,-0.0001148887098122442,-0.0002170724712758485,-1.2704948348639912e-05,56,0.027548632252528304,0.35250845984625556,11,0.9999542987472494,33,0.999857201082911,5,0.9999277412532696,7,0.9999455322987435
Classical Monocytes|B Cells|LGALS9|CD47,Classical Monocytes,B Cells,LGALS9,CD47,-0.2410767565955831,-0.5068933709922412,0.024739857801074933,56,0.07547813977203405,0.26109845387807334,11,0.4965210444202311,33,0.6293251517572571,5,0.24522204417763568,7,0.6191029081102448,Classical Monocytes,B Cells,LGALS9,CD47,0.000666501216071036,-0.0010881955346725175,0.0024211979668145893,56,0.4565924290820793,0.6642847591249715,11,0.9944325506600472,33,0.9954132566324831,5,0.9969966882291228,7,0.9973108929854877
CD4 T Cells|B Cells|LGALS1|CD69,CD4 T Cells,B Cells,LGALS1,CD69,0.017049277275767882,-0.0017689768255025606,0.035867531377038325,56,0.07577891054442516,0.26175111852253363,11,0.9531002159313468,33,0.9737535587601447,5,0.9861109551393957,7,0.9897150206924258,CD4 T Cells,B Cells,LGALS1,CD69,0.00020497026743937496,-1.6676660688075485e-05,0.00042661719556682544,56,0.06990947203252333,0.4776247420339505,11,0.9994610554504667,33,0.999649754872016,5,0.9999393229946982,7,0.9999230521488082
B Cells|Non-classical Monocytes|GNAS|ADCY7,B Cells,Non-classical Monocytes,GNAS,ADCY7,-0.14646789190165993,-0.30822125167243974,0.015285467869119912,56,0.0759391573349345,0.2619171822408745,11,0.11708907096547629,33,0.19268558224213278,5,0.0429641337040671,7,0.26502853688238354,B Cells,Non-classical Monocytes,GNAS,ADCY7,0.0014728196553357442,-0.001552834084524119,0.004498473395195607,56,0.34005021515631506,0.5900226619420714,11,0.9897266121214785,33,0.9892250677690828,5,0.9961535685802616,7,0.9941792045725302
CD8 T Cells|Non-classical Monocytes|HLA-C|LILRB1,CD8 T Cells,Non-classical Monocytes,HLA-C,LILRB1,-0.019861738383927574,-0.041817152333120264,0.002093675565265119,56,0.07621857165887362,0.26249316345644524,11,0.9969327022396706,33,0.986544720096357,5,0.9818910845764005,7,0.9913648408170144,CD8 T Cells,Non-classical Monocytes,HLA-C,LILRB1,-0.00010666890940502771,-0.00020425628212438507,-9.081536685670355e-06,56,0.03216457607587894,0.38700466393369226,11,0.9999613514967536,33,0.9998629954706107,5,0.9999311441639444,7,0.9999394570472065
Non-classical Monocytes|CD4 T Cells|IL1B|SIGIRR,Non-classical Monocytes,CD4 T Cells,IL1B,SIGIRR,-0.38161945268699426,-0.804817145291203,0.04157823991721449,56,0.07716095404420044,0.2641800992569033,11,0.5035845048374933,33,0.2884423694498499,5,0.4425399546256257,7,0.6090172719249766,Non-classical Monocytes,CD4 T Cells,IL1B,SIGIRR,-0.0032536791818047472,-0.007755450951451519,0.0012480925878420243,56,0.15660743851963077,0.5560563594390482,11,0.9944792589899216,33,0.989504336338053,5,0.9978943466342252,7,0.9961731031641613
NK Cells|CD8 T Cells|LGALS1|CD69,NK Cells,CD8 T Cells,LGALS1,CD69,0.013505692818261195,-0.0014698922247285955,0.028481277861250986,56,0.07712972632797195,0.2641800992569033,11,0.9766152791043077,33,0.9907680213761024,5,0.9939718766012782,7,0.9946189260548117,NK Cells,CD8 T Cells,LGALS1,CD69,0.00017016648298429082,2.902909847304818e-05,0.0003113038674955335,56,0.018123324545603472,0.2902624868168367,11,0.9997289512549425,33,0.9998893618892827,5,0.9999738955150024,7,0.9999641396663582
Non-classical Monocytes|NK Cells|LGALS1|ITGB1,Non-classical Monocytes,NK Cells,LGALS1,ITGB1,0.0031552168945280235,-0.0003485054587604435,0.00665893924781649,56,0.07756177396948213,0.265163605005477,11,0.9919517658077115,33,0.9963186361134196,5,0.9961002144686718,7,0.9973118678798519,Non-classical Monocytes,NK Cells,LGALS1,ITGB1,4.90270180135699e-05,1.162328543654033e-05,8.643075059059946e-05,56,0.01019845843894228,0.21789521317538826,11,0.999901698068625,33,0.9999504396480429,5,0.9999806444876631,7,0.9999803590490675
NK Cells|NK Cells|HLA-A|CD8A,NK Cells,NK Cells,HLA-A,CD8A,-0.012473887059317623,-0.026347506618104928,0.00139973249946968,42,0.07803214001839585,0.2659927692597873,8,0.9788990724868829,22,0.9691786058275906,5,0.9967574710462698,7,0.9995108914462951,NK Cells,NK Cells,HLA-A,CD8A,-0.06072801099564029,-0.39427589282471726,0.2728198708334367,56,0.7212082488324896,0.8425305360743786,11,0.7270784432367597,33,0.6663618561333191,5,0.9999849944506114,7,0.999996418342811
Classical Monocytes|B Cells|PKM|CD44,Classical Monocytes,B Cells,PKM,CD44,-0.05016113569224068,-0.10606209220001588,0.0057398208155345215,56,0.07862541561755527,0.26723485511934725,11,0.8855543350853838,33,0.8681220376085056,5,0.8510176857314626,7,0.8837465239468251,Classical Monocytes,B Cells,PKM,CD44,-8.497622949943384e-05,-0.0004376979424679794,0.0002677454834691117,56,0.6367938402973206,0.7808974751745837,11,0.9987438157695131,33,0.9984157673253247,5,0.9994025502014786,7,0.9991594779867896
Non-classical Monocytes|B Cells|LGALS9|PTPRC,Non-classical Monocytes,B Cells,LGALS9,PTPRC,-0.06087740347135784,-0.12888219385657185,0.007127386913856157,56,0.0793370319933679,0.2688707833156953,11,0.9087831766936728,33,0.901118292657755,5,0.884975700479535,7,0.938188219914975,Non-classical Monocytes,B Cells,LGALS9,PTPRC,-0.00023408261514457074,-0.0006746151750385954,0.00020644994474945395,56,0.2976658410457249,0.5900226619420714,11,0.9989805485845094,33,0.998811733065047,5,0.9995075547178919,7,0.9995728218135741
NK Cells|NK Cells|GNAI2|S1PR4,NK Cells,NK Cells,GNAI2,S1PR4,-0.20373546916519247,-0.43216118721780333,0.024690248887418387,54,0.08044429964800527,0.2711685975016812,11,0.21561095912395697,31,0.17647302625692007,5,0.0,7,0.16459753629815557,NK Cells,NK Cells,GNAI2,S1PR4,-0.061734712525817304,-0.1447361142739503,0.0212666892223157,56,0.1449010940270987,0.5560563594390482,11,0.9908485088745528,33,0.928223320486435,5,0.9944801884860525,7,0.993589712623752
Classical Monocytes|CD8 T Cells|CD14|ITGB2,Classical Monocytes,CD8 T Cells,CD14,ITGB2,-0.01397542239334204,-0.029646322097971016,0.0016954773112869345,56,0.0804795880379722,0.2711685975016812,11,0.9821902600608151,33,0.9776007388327186,5,0.9716887315967039,7,0.9810746327619494,Classical Monocytes,CD8 T Cells,CD14,ITGB2,-4.2006771424962785e-05,-0.00015956366879085428,7.555012594092871e-05,56,0.483704578809834,0.6718235986991368,11,0.9997822961029226,33,0.9997222995467188,5,0.999878499951653,7,0.9998605101668742
Non-classical Monocytes|Non-classical Monocytes|LGALS1|ITGB1,Non-classical Monocytes,Non-classical Monocytes,LGALS1,ITGB1,-0.0060601661039965116,-0.012907135793978213,0.0007868035859851909,56,0.08278699460928231,0.27814047829161753,11,0.9936827329635292,33,0.9894405034113424,5,0.9917489284045986,7,0.9935668649564083,Non-classical Monocytes,Non-classical Monocytes,LGALS1,ITGB1,-3.561811183583341e-05,-9.139688134660674e-05,2.0160657674939916e-05,56,0.2107319395557573,0.5900226619420714,11,0.9999221678423775,33,0.9998737845233245,5,0.9999599563439464,7,0.9999471911367293
B Cells|Classical Monocytes|HLA-B|LILRB2,B Cells,Classical Monocytes,HLA-B,LILRB2,-0.007244396603872216,-0.015451381905906668,0.000962588698162235,56,0.08361564992077786,0.2803841081052116,11,0.9954756873532206,33,0.9953809809242197,5,0.9900401422358704,7,0.9971898324107418,B Cells,Classical Monocytes,HLA-B,LILRB2,-1.733193249298104e-05,-5.180930424692513e-05,1.7145439260963052e-05,56,0.3244851491713612,0.5900226619420714,11,0.9999442459980398,33,0.9999459099857753,5,0.9999601402311405,7,0.999979136151369
Classical Monocytes|CD8 T Cells|VIM|CD44,Classical Monocytes,CD8 T Cells,VIM,CD44,-0.0013209817477135566,-0.0028178709911082867,0.0001759074956811735,56,0.08369495646652353,0.2803841081052116,11,0.9990426012260873,33,0.9972988767512176,5,0.9994118489224855,7,0.9989891061953294,Classical Monocytes,CD8 T Cells,VIM,CD44,-2.1502759855906994e-05,-3.984268807675132e-05,-3.1628316350626687e-06,56,0.02156340343489395,0.29790136840649406,11,0.9999868309246996,33,0.9999604250662396,5,0.999996921592094,7,0.99999201849349
Non-classical Monocytes|CD8 T Cells|HLA-B|CD8A,Non-classical Monocytes,CD8 T Cells,HLA-B,CD8A,-0.0006138702444001831,-0.0013105425024400401,8.280201363967401e-05,56,0.08416493596536176,0.28155462103025747,11,0.9998258573884153,33,0.9997918892839328,5,0.9992266266167154,7,0.999806528756633,Non-classical Monocytes,CD8 T Cells,HLA-B,CD8A,-2.5574329776123506e-06,-5.991056630757236e-06,8.76190675532535e-07,56,0.14433922632001986,0.5560563594390482,11,0.999997626765267,33,0.9999969854312426,5,0.9999966028584474,7,0.9999985189574006
Non-classical Monocytes|Non-classical Monocytes|HLA-B|LILRB1,Non-classical Monocytes,Non-classical Monocytes,HLA-B,LILRB1,-0.02423743375668519,-0.05175536217612929,0.003280494662758912,56,0.08429151201407165,0.2815746502902107,11,0.9976560976344762,33,0.9885349815837179,5,0.9792125865727112,7,0.9943289042786382,Non-classical Monocytes,Non-classical Monocytes,HLA-B,LILRB1,-0.0001313055738841884,-0.0002362911829917637,-2.631996477661311e-05,56,0.014233006820561547,0.2647078955118446,11,0.9999707666779397,33,0.9998747858884894,5,0.9999249440861829,7,0.9999602688706168
Classical Monocytes|Classical Monocytes|HLA-B|LILRB2,Classical Monocytes,Classical Monocytes,HLA-B,LILRB2,-0.007356809081069393,-0.015736920537403862,0.0010233023752650762,56,0.08531777660429224,0.2844275124643318,11,0.9942375723679131,33,0.9941713018974685,5,0.9888646748534731,7,0.9961552134640979,Classical Monocytes,Classical Monocytes,HLA-B,LILRB2,-1.532506800172584e-05,-5.7231671996276124e-05,2.6581535992824446e-05,56,0.4735280305644647,0.6642847591249715,11,0.9999294434175083,33,0.9999299224965768,5,0.9999554899999504,7,0.9999712941470206
Non-classical Monocytes|Classical Monocytes|PKM|CD44,Non-classical Monocytes,Classical Monocytes,PKM,CD44,-0.01010499900998496,-0.021618192108968197,0.0014081940889982738,56,0.08538915898822123,0.2844275124643318,11,0.9841876337206714,33,0.9693304516882825,5,0.9820906097338389,7,0.9773384267114349,Non-classical Monocytes,Classical Monocytes,PKM,CD44,-7.503251336726802e-05,-0.00022450090210959133,7.44358753750553e-05,56,0.32516772294759544,0.5900226619420714,11,0.9998110203068419,33,0.9996089069544625,5,0.99992224835612,7,0.9997951675171078
Non-classical Monocytes|Classical Monocytes|ADAM17|IL6R,Non-classical Monocytes,Classical Monocytes,ADAM17,IL6R,0.018435812456087133,-0.002626753385283509,0.039498378297457774,52,0.08624753591715903,0.28687748770166144,11,0.0,29,0.018435812456087133,5,0.0,7,0.0,Non-classical Monocytes,Classical Monocytes,ADAM17,IL6R,-0.11622149755137812,-0.2286947998759123,-0.0037481952268439284,56,0.04283860302517581,0.41849516013432453,11,0.9809259827858984,33,0.8594468715766743,5,0.992452288569465,7,0.987194674911619
CD4 T Cells|Non-classical Monocytes|SELPLG|SELL,CD4 T Cells,Non-classical Monocytes,SELPLG,SELL,0.15396139986503668,-0.02212531450924063,0.330048114239314,56,0.08658488428371962,0.28729768029625213,11,0.07607555348263319,33,0.30061338933583026,5,0.0,7,0.07057643598816041,CD4 T Cells,Non-classical Monocytes,SELPLG,SELL,0.007058095810855369,0.002650451607495309,0.01146574001421543,56,0.001697857195664603,0.09905845614528985,11,0.9858219407682579,33,0.9901879409674892,5,0.9944490694456377,7,0.9917569738340136
NK Cells|NK Cells|LGALS1|ITGB1,NK Cells,NK Cells,LGALS1,ITGB1,0.08818709889487886,-0.012961973064163093,0.1893361708539208,56,0.08748799619945792,0.2891679743431162,11,0.8398800524547002,33,0.9271091665099539,5,0.9321536135813016,7,0.9311956287416764,NK Cells,NK Cells,LGALS1,ITGB1,0.0011790861468441438,0.00028192117093439834,0.0020762511227538894,56,0.009999273223243356,0.2155634383956787,11,0.9981892600159168,33,0.9991951534649938,5,0.9997311838355898,7,0.9995579911378226
Classical Monocytes|NK Cells|ADAM17|ITGB1,Classical Monocytes,NK Cells,ADAM17,ITGB1,0.2232285015701893,-0.032965281893381715,0.47942228503376033,56,0.08767919735971147,0.2891679743431162,11,0.2513402046788996,33,0.48057609033085763,5,0.6612919355675363,7,0.667299319649305,Classical Monocytes,NK Cells,ADAM17,ITGB1,0.0027421942157377366,0.0005839256955310116,0.004900462735944461,56,0.012765764158728729,0.24640624534778804,11,0.9916839776890569,33,0.9934672849919252,5,0.9986220037049621,7,0.9976631167920926
Classical Monocytes|CD8 T Cells|ICAM1|SPN,Classical Monocytes,CD8 T Cells,ICAM1,SPN,0.03723615729694489,-0.0056026570148509786,0.08007497160874076,46,0.08845006733072013,0.289664666503831,10,0.0,24,0.03723615729694489,5,0.0,7,0.0,Classical Monocytes,CD8 T Cells,ICAM1,SPN,-0.17614975290939106,-0.4149206532590477,0.06262114744026559,56,0.14819546942571982,0.5560563594390482,11,0.8914891286443158,33,0.7099015912737066,5,0.9914205936147932,7,0.985982809153575
CD4 T Cells|CD8 T Cells|HLA-B|CD8A,CD4 T Cells,CD8 T Cells,HLA-B,CD8A,-0.0009832124355231286,-0.002114054419014703,0.00014762954796844583,56,0.08836353997846981,0.289664666503831,11,0.9997584377803228,33,0.9996868209364637,5,0.9989413307935469,7,0.9998529263852108,CD4 T Cells,CD8 T Cells,HLA-B,CD8A,-4.490140965374145e-06,-9.318414139274755e-06,3.3813220852646416e-07,56,0.06834817921685754,0.4776247420339505,11,0.9999966472692807,33,0.9999954557053078,5,0.999995557484667,7,0.9999988560616595
Classical Monocytes|Non-classical Monocytes|HLA-B|LILRB1,Classical Monocytes,Non-classical Monocytes,HLA-B,LILRB1,-0.030316959545905187,-0.06518411072967968,0.004550191637869308,56,0.08834614073421831,0.289664666503831,11,0.9962457679873968,33,0.9851339457200778,5,0.9734675954679499,7,0.9926727327465361,Classical Monocytes,Non-classical Monocytes,HLA-B,LILRB1,-0.00016006039131655214,-0.0002925448256459366,-2.7575956987167685e-05,56,0.017888381324905517,0.2902624868168367,11,0.9999541103163954,33,0.9998384861065363,5,0.9999042154012112,7,0.9999486515826687
Classical Monocytes|B Cells|TIMP2|ITGB1,Classical Monocytes,B Cells,TIMP2,ITGB1,-0.19195303192509608,-0.41292716933606693,0.029021105485874776,45,0.08865103271129691,0.28991619241019373,8,0.03328886115946891,25,0.07954047510781675,5,0.01343945977638632,7,0.25164410564983025,Classical Monocytes,B Cells,TIMP2,ITGB1,0.03187563055539144,-0.2895678017998978,0.35331906291068066,56,0.8458956098683037,0.912755793185035,11,0.7160354373033918,33,0.7463744677951003,5,0.9953939349751357,7,0.9938573349114528
CD8 T Cells|CD4 T Cells|HLA-B|CD3D,CD8 T Cells,CD4 T Cells,HLA-B,CD3D,-1.0787153635338775e-05,-2.3225219578423974e-05,1.6509123077464253e-06,56,0.0891654030000841,0.2900050706319763,11,0.9999966618834961,33,0.9999948507983571,5,0.9999885949477798,7,0.9999975710162762,CD8 T Cells,CD4 T Cells,HLA-B,CD3D,-9.665651745649484e-08,-2.025489235519716e-07,9.235888638981904e-09,56,0.07361211061237048,0.4776247420339505,11,0.9999999407337724,33,0.9999998885509116,5,0.9999999379694628,7,0.9999999824431196
B Cells|Non-classical Monocytes|HLA-DRB1|CD4,B Cells,Non-classical Monocytes,HLA-DRB1,CD4,-0.00427497404826882,-0.009202448272621216,0.0006525001760835751,56,0.08905121059498022,0.2900050706319763,11,0.9963145667329318,33,0.9933268551468223,5,0.9926985601834908,7,0.99398582264565,B Cells,Non-classical Monocytes,HLA-DRB1,CD4,-1.9795793542720652e-05,-7.584736455268967e-05,3.625577746724836e-05,56,0.48881011509832795,0.6769398192185094,11,0.9999517012216388,33,0.9999052164295947,5,0.9999685518721637,7,0.9999418628736624
Classical Monocytes|CD4 T Cells|VIM|CD44,Classical Monocytes,CD4 T Cells,VIM,CD44,-0.0009696931149854038,-0.002089587889721842,0.0001502016597510346,56,0.08967941726711581,0.29083533238710474,11,0.9994526204638755,33,0.9982009962771231,5,0.9995343448347349,7,0.9992524137629679,Classical Monocytes,CD4 T Cells,VIM,CD44,-1.468614297017723e-05,-2.61069462598322e-05,-3.265339680522259e-06,56,0.011724141153410958,0.23779535818775432,11,0.9999922149708343,33,0.9999739339358424,5,0.9999975677404507,7,0.999993972848429
CD8 T Cells|Non-classical Monocytes|HLA-A|LILRB2,CD8 T Cells,Non-classical Monocytes,HLA-A,LILRB2,-0.0004801975047028506,-0.0010357874160116698,7.53924066059686e-05,56,0.09026511035029279,0.2909452117360424,11,0.9995045178637948,33,0.9993021340583663,5,0.9992308316188219,7,0.9995086453180962,CD8 T Cells,Non-classical Monocytes,HLA-A,LILRB2,-1.9817286714962634e-06,-8.08043132038552e-06,4.116973977392992e-06,56,0.5242056728678834,0.7098300374631545,11,0.9999926350792582,33,0.9999908497175228,5,0.9999959156707481,7,0.9999961120376842
B Cells|CD4 T Cells|GNAI2|S1PR4,B Cells,CD4 T Cells,GNAI2,S1PR4,-0.12610994217204183,-0.27201872795949344,0.019798843615409817,54,0.09026337952486124,0.2909452117360424,11,0.056702338329268104,31,0.05465200287295721,5,0.0,7,0.12405960671573094,B Cells,CD4 T Cells,GNAI2,S1PR4,-0.06388626654955276,-0.14650579369403813,0.018733260594932605,56,0.12963085927701776,0.5560563594390482,11,0.9878327515842851,33,0.9234694131341455,5,0.9928764264197971,7,0.9923993545192105
CD8 T Cells|CD4 T Cells|PKM|CD44,CD8 T Cells,CD4 T Cells,PKM,CD44,-0.048067447526150886,-0.10368060961048435,0.0075457145581825785,56,0.09025923736056911,0.2909452117360424,11,0.8719235847202981,33,0.8455185613190178,5,0.8833612080190683,7,0.9050236321439389,CD8 T Cells,CD4 T Cells,PKM,CD44,-0.000300490536932263,-0.0007724342957373558,0.0001714532218728298,56,0.2120583576152032,0.5900226619420714,11,0.9985539307910657,33,0.9980422375651814,5,0.999534973012534,7,0.999323770323582
NK Cells|CD8 T Cells|HLA-C|CD8B,NK Cells,CD8 T Cells,HLA-C,CD8B,-5.6456007904714944e-05,-0.00012179021944346448,8.878203634034594e-06,56,0.0903363077124757,0.2909452117360424,11,0.9999913501133723,33,0.9999615830123498,5,0.9999399350234353,7,0.9999666239303175,NK Cells,CD8 T Cells,HLA-C,CD8B,-5.331245636064352e-07,-1.032239642894357e-06,-3.400948431851351e-08,56,0.03630319955477456,0.40101408534417127,11,0.9999998320340986,33,0.9999993917050413,5,0.9999996084636331,7,0.9999997012591394
NK Cells|Classical Monocytes|CD99|PILRA,NK Cells,Classical Monocytes,CD99,PILRA,-0.03064833324251981,-0.06617075389199302,0.004874087406953401,56,0.09083026474949622,0.292133151776961,11,0.9278888111226418,33,0.9106526784691815,5,0.9315107791943124,7,0.9449229797833719,NK Cells,Classical Monocytes,CD99,PILRA,-0.00021667154454874105,-0.0006212071724471076,0.00018786408334962553,56,0.29382494252138014,0.5900226619420714,11,0.9991741188736719,33,0.998795597512765,5,0.9997300339765005,7,0.9995681841601424
Non-classical Monocytes|CD4 T Cells|HMGB1|CXCR4,Non-classical Monocytes,CD4 T Cells,HMGB1,CXCR4,-0.004403813510837962,-0.009524404030400013,0.0007167770087240883,56,0.09187104384295913,0.2942645917329349,11,0.9950528585678711,33,0.9899975646606061,5,0.9985634341375971,7,0.9979119537411699,Non-classical Monocytes,CD4 T Cells,HMGB1,CXCR4,-8.82834051796344e-05,-0.0001911035872902856,1.453677693101682e-05,56,0.0924015884727623,0.5347407144497086,11,0.9999381980185551,33,0.9998413045255243,5,0.999992026371908,7,0.999983416284057
Classical Monocytes|Non-classical Monocytes|S100A8|CD68,Classical Monocytes,Non-classical Monocytes,S100A8,CD68,-1.5498491321430663e-06,-3.3537463338947052e-06,2.5404806960857264e-07,56,0.09219392637620127,0.2948942713540137,11,0.9999998439558723,33,0.9999997174614066,5,0.9999982707186625,7,0.999999694073329,Classical Monocytes,Non-classical Monocytes,S100A8,CD68,-9.401254996710406e-09,-1.8871055931920447e-08,6.8545938499634e-11,56,0.051681528152469604,0.4598792247439113,11,0.9999999979771761,33,0.9999999935705858,5,0.999999992642086,7,0.9999999976367507
NK Cells|B Cells|SELPLG|SELL,NK Cells,B Cells,SELPLG,SELL,-0.10761817534515405,-0.23312715260897698,0.017890801918668875,56,0.09284472343414635,0.2961645207906171,11,0.8582463820322271,33,0.8034357894473457,5,0.7727315281077695,7,0.8255391108680421,NK Cells,B Cells,SELPLG,SELL,-0.0004783967464094818,-0.001383968323970625,0.0004271748311516614,56,0.30047617537176474,0.5900226619420714,11,0.9983840288197843,33,0.9976288097062549,5,0.9990592084458587,7,0.9987823860787388
CD8 T Cells|CD4 T Cells|SELPLG|SELL,CD8 T Cells,CD4 T Cells,SELPLG,SELL,-0.25365070111938715,-0.5501380790638408,0.04283667682506648,56,0.09358410257608273,0.2981157974285855,11,0.7836369557402407,33,0.7386113132647761,5,0.48412119886966387,7,0.6927462575135864,CD8 T Cells,CD4 T Cells,SELPLG,SELL,-0.0008605142850540703,-0.0023141877000244166,0.0005931591299162761,56,0.2459603556868215,0.5900226619420714,11,0.9975979614280258,33,0.9969632238201327,5,0.9979151927618309,7,0.9981409694389919
CD4 T Cells|Classical Monocytes|CD40LG|ITGAM_ITGB2,CD4 T Cells,Classical Monocytes,CD40LG,ITGAM_ITGB2,-0.1402395042635846,-0.30441677924828,0.02393777072111075,56,0.09409275492306968,0.2989205207419969,11,0.18400877488288223,33,0.11733617737462505,5,0.04504501585334268,7,0.11861192260867014,CD4 T Cells,Classical Monocytes,CD40LG,ITGAM_ITGB2,0.0004956742961308436,-0.00391085843555104,0.004902207027812727,56,0.8255059298600707,0.9033212271140124,11,0.9906633639451647,33,0.9874827286495983,5,0.9959159282667459,7,0.9922396186750486
Classical Monocytes|Classical Monocytes|CD1D|LILRB2,Classical Monocytes,Classical Monocytes,CD1D,LILRB2,-0.12576722090252632,-0.27307328504573186,0.02153884324067923,52,0.09425224301892013,0.299020363382036,10,0.02274620949812873,30,0.05656832149989301,5,0.0,7,0.1595893329042906,Classical Monocytes,Classical Monocytes,CD1D,LILRB2,0.0007243712508369082,-0.20878561746141674,0.21023435996309056,56,0.9945931876051921,0.9979036284620029,11,0.8963151298148578,33,0.8954184567046667,5,0.994026413189791,7,0.992405368828763
NK Cells|Non-classical Monocytes|HLA-B|LILRB1,NK Cells,Non-classical Monocytes,HLA-B,LILRB1,-0.01597183241807143,-0.03471035769857746,0.0027666928624346006,56,0.09480455229882227,0.30036449066180465,11,0.9987113425286438,33,0.9927525841663531,5,0.9867647197494763,7,0.996777793805257,NK Cells,Non-classical Monocytes,HLA-B,LILRB1,-8.54060923664024e-05,-0.0001545523443525672,-1.625984038023759e-05,56,0.015484166016620818,0.28276642578846495,11,0.9999829862237827,33,0.9999226181524351,5,0.9999519951186896,7,0.9999770331397084
Non-classical Monocytes|NK Cells|ICAM3|ITGAL,Non-classical Monocytes,NK Cells,ICAM3,ITGAL,-0.11742209701402406,-0.25559113066349737,0.02074693663544927,56,0.09578050629634279,0.3026352939133429,11,0.7502219005737907,33,0.6453756368624196,5,0.6263944239545782,7,0.6389702572572312,Non-classical Monocytes,NK Cells,ICAM3,ITGAL,-0.0005038077916126316,-0.0020846762571905915,0.0010770606739653283,56,0.5322192169630686,0.7173731175478999,11,0.997272271288805,33,0.9953750254205319,5,0.9984705391957929,7,0.9970771011191324
CD8 T Cells|Classical Monocytes|GNAI2|FPR1,CD8 T Cells,Classical Monocytes,GNAI2,FPR1,-0.24681423869893873,-0.5372216237708498,0.043593146372972374,56,0.09576258945018998,0.3026352939133429,11,0.2600434675253011,33,0.3377988071156068,5,0.15940199393378404,7,0.48397157222302845,CD8 T Cells,Classical Monocytes,GNAI2,FPR1,0.0010637533526270948,-0.0020958797877115155,0.0042233864929657056,56,0.5093431197016265,0.6980251376605945,11,0.9913687248438973,33,0.9918644905588133,5,0.9967209094174988,7,0.9961529217797878
CD8 T Cells|CD8 T Cells|CALM1|PTPRA,CD8 T Cells,CD8 T Cells,CALM1,PTPRA,-0.08844796431760038,-0.1925960892388018,0.01570016060360105,56,0.09601203219688147,0.3029568853779976,11,0.855458703198012,33,0.8188158258775079,5,0.8078518315891454,7,0.8596569185862417,CD8 T Cells,CD8 T Cells,CALM1,PTPRA,-0.0003081422451080007,-0.0009279491213159839,0.0003116646310999825,56,0.3298516575115992,0.5900226619420714,11,0.9983722452039452,33,0.9978599666382281,5,0.999245050504755,7,0.9990409141841459
Classical Monocytes|NK Cells|SELPLG|ITGAM,Classical Monocytes,NK Cells,SELPLG,ITGAM,0.02753356760488392,-0.004938184654916366,0.0600053198646842,55,0.09653285269798927,0.3037792601749393,11,0.011595709036329328,33,0.03912927664121325,5,0.0,6,0.0,Classical Monocytes,NK Cells,SELPLG,ITGAM,0.14606985858369903,-0.15238531565443209,0.44452503282183015,56,0.33743528760016483,0.5900226619420714,11,0.9860418127343135,33,0.9847457529910334,5,0.9930997383855626,7,0.8457338200585836
B Cells|Non-classical Monocytes|HMGB1|HAVCR2,B Cells,Non-classical Monocytes,HMGB1,HAVCR2,-0.14030083287572082,-0.3059322663245415,0.02533060057309991,53,0.0968702499672409,0.3044307317274664,11,0.7191514821629408,30,0.6519971100773745,5,0.7873783015580482,7,0.8605247623482027,B Cells,Non-classical Monocytes,HMGB1,HAVCR2,-0.09133608316968145,-0.19207561228547526,0.009403445946112365,56,0.07556613255597999,0.4776247420339505,11,0.9968196640541817,33,0.9053056053795485,5,0.9990850474215778,7,0.9989070719166262
Classical Monocytes|CD4 T Cells|ADAM10|CD44,Classical Monocytes,CD4 T Cells,ADAM10,CD44,-0.10167035709719696,-0.22187756979911533,0.01853685560472139,56,0.09737342799320961,0.30560074511309737,11,0.7030308825614743,33,0.6716378936590236,5,0.6852678921784643,7,0.7555452603732106,Classical Monocytes,CD4 T Cells,ADAM10,CD44,-8.761983152416608e-05,-0.0009575691734187076,0.0007823295103703754,56,0.8435111889800662,0.9112602276620972,11,0.9967239626095843,33,0.9960242803447212,5,0.9987789232617252,7,0.9981668608283863
CD4 T Cells|Non-classical Monocytes|HLA-B|LILRB1,CD4 T Cells,Non-classical Monocytes,HLA-B,LILRB1,-0.029127856156825116,-0.06359189731766408,0.005336185004013852,56,0.09762139865832997,0.305967739419061,11,0.9972488544149761,33,0.987099350077893,5,0.9758499932931726,7,0.9948283451129145,CD4 T Cells,Non-classical Monocytes,HLA-B,LILRB1,-0.00015282105362723897,-0.0002773799815923173,-2.8262125662160644e-05,56,0.016186846540890403,0.28727156263819104,11,0.9999656797202511,33,0.999862238631596,5,0.9999139433320696,7,0.9999633232970416
CD8 T Cells|Classical Monocytes|HLA-B|LILRB2,CD8 T Cells,Classical Monocytes,HLA-B,LILRB2,-0.005236709587650212,-0.011438394202287573,0.0009649750269871485,56,0.0979253433540158,0.3060986301628205,11,0.9966297124280531,33,0.996432333043743,5,0.9925840690468535,7,0.9976233992501936,CD8 T Cells,Classical Monocytes,HLA-B,LILRB2,-1.2830586214263029e-05,-3.9988482806123224e-05,1.4327310377597166e-05,56,0.3544598607940467,0.5900226619420714,11,0.9999575212070397,33,0.9999564717303298,5,0.9999702623662688,7,0.9999820434757731
CD4 T Cells|CD8 T Cells|HLA-B|CD3D,CD4 T Cells,CD8 T Cells,HLA-B,CD3D,-1.5725004022471012e-05,-3.4357855897493595e-05,2.9078478525515682e-06,56,0.0981089268843685,0.3062624923462573,11,0.9999913462080644,33,0.9999906137636001,5,0.9999827919417816,7,0.9999977845013398,CD4 T Cells,CD8 T Cells,HLA-B,CD3D,-1.1178948078338635e-07,-3.0326652903919555e-07,7.968756747242284e-08,56,0.25250753616949906,0.5900226619420714,11,0.9999998523521865,33,0.9999998121378625,5,0.9999999101600698,7,0.9999999817352266
Non-classical Monocytes|CD8 T Cells|HMGB1|CXCR4,Non-classical Monocytes,CD8 T Cells,HMGB1,CXCR4,-0.004067958672321348,-0.008910486847353509,0.0007745695027108132,56,0.09966808843560299,0.30911931922914404,11,0.9963204306644023,33,0.9916554728550351,5,0.999351329086454,7,0.998754329949408,Non-classical Monocytes,CD8 T Cells,HMGB1,CXCR4,-8.924995691050874e-05,-0.0002032482989131104,2.474838509209294e-05,56,0.12491478991821542,0.5560563594390482,11,0.9999538168517156,33,0.9998576567969963,5,0.9999963182753195,7,0.9999894081775109
Classical Monocytes|CD4 T Cells|CD14|ITGA4,Classical Monocytes,CD4 T Cells,CD14,ITGA4,-0.11481425821700786,-0.25149723653702016,0.021868720103004446,55,0.09968601600837064,0.30911931922914404,11,0.8384320121610318,32,0.8598206644074856,5,0.7457299563584954,7,0.881932866821957,Classical Monocytes,CD4 T Cells,CD14,ITGA4,-0.030319073180593348,-0.09054432335882383,0.029906176997637132,56,0.32378942776293573,0.5900226619420714,11,0.998272151493105,33,0.9681555991865921,5,0.9989512516475669,7,0.9991537725216473
Classical Monocytes|Classical Monocytes|GNAI2|C5AR1,Classical Monocytes,Classical Monocytes,GNAI2,C5AR1,-0.12131521017091207,-0.26561195621251005,0.02298153587068591,56,0.09939192009305178,0.30911931922914404,11,0.80620322787274,33,0.7100510580947456,5,0.8205934591348705,7,0.8457564995277881,Classical Monocytes,Classical Monocytes,GNAI2,C5AR1,-0.0007266322405278247,-0.0019190841101492644,0.000465819629093615,56,0.23235153676199227,0.5900226619420714,11,0.997810960021788,33,0.9964799963488905,5,0.9993013695606402,7,0.9986970381282706
CD4 T Cells|B Cells|SEMA4D|CD72,CD4 T Cells,B Cells,SEMA4D,CD72,0.03412078705319088,-0.006583528118326527,0.07482510222470828,54,0.10039145308674233,0.3100714853935758,11,0.001835734771412427,32,0.037278880973350526,5,0.0,6,0.0013223591487472165,CD4 T Cells,B Cells,SEMA4D,CD72,0.10954687675668184,-0.19524822319048724,0.4143419767038509,56,0.4811627394279342,0.6697491813082944,11,0.983689533322294,33,0.9490752666451988,5,0.9913805467972441,7,0.847219403363467
CD8 T Cells|Non-classical Monocytes|HLA-F|LILRB1,CD8 T Cells,Non-classical Monocytes,HLA-F,LILRB1,-0.17977026302203591,-0.39466684811419916,0.03512632207012731,56,0.101089524834876,0.3107306046091008,11,0.607277923459518,33,0.5852414780287094,5,0.451922157174812,7,0.6096559747660393,CD8 T Cells,Non-classical Monocytes,HLA-F,LILRB1,-0.00018271228734267897,-0.0015237682342415094,0.0011583436595561515,56,0.789441852611421,0.8736781563025062,11,0.9957182865192228,33,0.9949232413181496,5,0.997881063082956,7,0.9972687301692255
Non-classical Monocytes|Non-classical Monocytes|GRN|TNFRSF1A,Non-classical Monocytes,Non-classical Monocytes,GRN,TNFRSF1A,-0.16751667279957383,-0.3677691585080717,0.03273581290892405,56,0.10109597914335015,0.3107306046091008,11,0.8451108367294732,33,0.8787821995714905,5,0.7119702434068336,7,0.9131582790484247,Non-classical Monocytes,Non-classical Monocytes,GRN,TNFRSF1A,-0.0003407996061758345,-0.0014096804411091678,0.0007280812287574988,56,0.5320297409580583,0.7172690472633539,11,0.9982875577549045,33,0.9985845407977901,5,0.998784523349733,7,0.9994223059987944
CD4 T Cells|NK Cells|HLA-C|CD8A,CD4 T Cells,NK Cells,HLA-C,CD8A,-0.0189098991715706,-0.0415079473042253,0.0036881489610841034,42,0.10098748047997157,0.3107306046091008,8,0.9635273367296813,22,0.9482172606050738,5,0.9947412622201057,7,0.998341085267069,CD4 T Cells,NK Cells,HLA-C,CD8A,-0.060790779249544236,-0.3942700831623575,0.27268852466326904,56,0.720877145471439,0.8425305360743786,11,0.7269487495952454,33,0.6661692495308156,5,0.9999761407147704,7,0.9999874198998847
CD8 T Cells|Classical Monocytes|GNAI2|C5AR1,CD8 T Cells,Classical Monocytes,GNAI2,C5AR1,-0.3042068183724912,-0.6683281060644306,0.05991446931944827,56,0.10153418145789614,0.31154049106989157,11,0.37410303171359166,33,0.21021875953443633,5,0.3232363904761343,7,0.4635589366694702,CD8 T Cells,Classical Monocytes,GNAI2,C5AR1,-0.002468163564569359,-0.00624139962103943,0.001305072491900712,56,0.19982190834865587,0.5900226619420714,11,0.992688846493481,33,0.9890443184560469,5,0.9968995003016374,7,0.9957231358287727
CD8 T Cells|Non-classical Monocytes|PTPN6|CD300LF,CD8 T Cells,Non-classical Monocytes,PTPN6,CD300LF,-0.11504431410830951,-0.2528627359163,0.022774107699680968,56,0.10182170852287054,0.31201271574921613,11,0.08154952573035903,33,0.04893116124187757,5,0.0,7,0.08242594961982803,CD8 T Cells,Non-classical Monocytes,PTPN6,CD300LF,-0.005904288619983378,-0.010269377703218487,-0.0015391995367482697,56,0.008023523252872854,0.18846430170075246,11,0.9889288800362077,33,0.9809967907436121,5,0.9934200006828877,7,0.9913922000102755
CD8 T Cells|CD8 T Cells|HLA-B|CD8A,CD8 T Cells,CD8 T Cells,HLA-B,CD8A,-0.0004955699552552373,-0.0010904673064172645,9.932739590678996e-05,56,0.102528443466313,0.3137665995987429,11,0.9998617346261525,33,0.9998364010530292,5,0.9994179497510428,7,0.9998881861331748,CD8 T Cells,CD8 T Cells,HLA-B,CD8A,-2.0932771452875087e-06,-4.785989869268249e-06,5.994355786932315e-07,56,0.12759653039958083,0.5560563594390482,11,0.9999980471316386,33,0.9999976004522115,5,0.9999974899726227,7,0.9999991365703409
Non-classical Monocytes|Non-classical Monocytes|S100A8|CD68,Non-classical Monocytes,Non-classical Monocytes,S100A8,CD68,-0.014555296559421227,-0.032112509296393366,0.0030019161775509083,56,0.10419428233418994,0.31803091405272355,11,0.9962012128570862,33,0.999561614427114,5,0.9802704330923173,7,0.9981861312217664,Non-classical Monocytes,Non-classical Monocytes,S100A8,CD68,-2.225100592490037e-05,-9.124156021401686e-05,4.6739548364216124e-05,56,0.5273003125077753,0.7133012273157265,11,0.9999546156978486,33,0.9999948724469864,5,0.999924296484523,7,0.9999868042395856
B Cells|Non-classical Monocytes|HLA-B|LILRB1,B Cells,Non-classical Monocytes,HLA-B,LILRB1,-0.02864925732922985,-0.06324650366518045,0.005947989006720743,56,0.10458828189976593,0.318816760099156,11,0.9971060596184664,33,0.9876132564117122,5,0.9752459131834146,7,0.9944023673058903,B Cells,Non-classical Monocytes,HLA-B,LILRB1,-0.00014482295958484492,-0.0002682491896108953,-2.139672955879453e-05,56,0.021463162712156245,0.29790136840649406,11,0.9999644413689357,33,0.9998693847114895,5,0.9999111414447281,7,0.9999609077468667
Classical Monocytes|CD4 T Cells|CD47|SIRPG,Classical Monocytes,CD4 T Cells,CD47,SIRPG,0.024625363204350763,-0.005140437174220955,0.05439116358292248,54,0.10491347604402791,0.3189169482449725,11,0.0,31,0.025183817546356135,5,0.0,7,0.0005584543420053715,Classical Monocytes,CD4 T Cells,CD47,SIRPG,-0.05767033217282003,-0.14007383481241714,0.024733170466777088,56,0.17016104557706258,0.5840374598063371,11,0.9814663368935951,33,0.9201508548014437,5,0.9923546510145023,7,0.9887095010951708
Classical Monocytes|Non-classical Monocytes|ICAM1|ITGAX_ITGB2,Classical Monocytes,Non-classical Monocytes,ICAM1,ITGAX_ITGB2,0.016547004950034336,-0.0034608729887900015,0.03655488288885868,46,0.10503089216290529,0.3189169482449725,10,0.0,24,0.016547004950034336,5,0.0,7,0.0,Classical Monocytes,Non-classical Monocytes,ICAM1,ITGAX_ITGB2,-0.17509179966466082,-0.4137125637020037,0.06352896437268205,56,0.15039010808964492,0.5560563594390482,11,0.8913977499892275,33,0.7082203479402134,5,0.9922298136843279,7,0.9841442112999746
CD4 T Cells|Classical Monocytes|SIRPG|CD47,CD4 T Cells,Classical Monocytes,SIRPG,CD47,0.024625363204350763,-0.005140437174220955,0.05439116358292248,54,0.10491347604402791,0.3189169482449725,11,0.0,31,0.025183817546356135,5,0.0,7,0.0005584543420053715,CD4 T Cells,Classical Monocytes,SIRPG,CD47,-0.05767033217282003,-0.14007383481241714,0.024733170466777088,56,0.17016104557706258,0.5840374598063371,11,0.9814663368935951,33,0.9201508548014437,5,0.9923546510145023,7,0.9887095010951708
NK Cells|Classical Monocytes|HLA-C|LILRB2,NK Cells,Classical Monocytes,HLA-C,LILRB2,-0.002404707674604878,-0.00531390701029699,0.000504491661087235,56,0.10521474045594006,0.31906028436963646,11,0.9970986164648356,33,0.9967811302095146,5,0.9950876550704975,7,0.9971748764897814,NK Cells,Classical Monocytes,HLA-C,LILRB2,-1.307652468751641e-06,-2.2859390150330448e-05,2.0244085212827166e-05,56,0.9053380344317532,0.9396044025315905,11,0.9999627619806394,33,0.9999623074620272,5,0.9999780224377274,7,0.9999788755715839
Non-classical Monocytes|B Cells|TNFSF13B|TNFRSF13C,Non-classical Monocytes,B Cells,TNFSF13B,TNFRSF13C,-0.22645961552480876,-0.5007162833144029,0.04779705226478537,51,0.10557979938992862,0.3197520513300692,11,0.501942414318114,29,0.5474806761421944,5,0.2778838388530003,6,0.5498817162018894,Non-classical Monocytes,B Cells,TNFSF13B,TNFRSF13C,0.022603352836508273,-0.29966729584193685,0.3448740015149534,56,0.8906612381548537,0.9332794389773849,11,0.9945056322133261,33,0.8740378094916667,5,0.9971403763874219,7,0.8540692008292542
Classical Monocytes|CD8 T Cells|VCAN|ITGA4,Classical Monocytes,CD8 T Cells,VCAN,ITGA4,-0.044854201341495537,-0.09922064674351308,0.009512244060522007,56,0.1058700347194706,0.3202157138211967,11,0.8894157984709284,33,0.9190064672913785,5,0.8615931700402655,7,0.936038040202211,Classical Monocytes,CD8 T Cells,VCAN,ITGA4,0.00018423998792116425,-0.00028410121303158915,0.0006525811888739177,56,0.44069089040333365,0.6642847591249715,11,0.9988133540811465,33,0.9991177825877621,5,0.999428147719186,7,0.9995483362378804
NK Cells|CD4 T Cells|SELPLG|ITGB2,NK Cells,CD4 T Cells,SELPLG,ITGB2,-0.19401260440870005,-0.4296349581187161,0.04160974930131603,56,0.10656127219302611,0.3218894832738887,11,0.7182966116901954,33,0.6632828865024168,5,0.5102695431410851,7,0.6492684223620065,NK Cells,CD4 T Cells,SELPLG,ITGB2,-0.00024401497717974063,-0.0018091618049797325,0.0013211318506202512,56,0.7599327215093549,0.8570538672062257,11,0.9968336676811766,33,0.9959357821624651,5,0.9980819813841781,7,0.9974281108426464
Classical Monocytes|CD8 T Cells|HLA-F|CD8A,Classical Monocytes,CD8 T Cells,HLA-F,CD8A,-0.1320012658783175,-0.2926186657492899,0.02861613399265489,56,0.10722981075123833,0.32349044974695285,11,0.7202332862791514,33,0.7625609790802519,5,0.5971867772559293,7,0.7715157359353473,Classical Monocytes,CD8 T Cells,HLA-F,CD8A,0.00045978818744796257,-0.0007474472217463177,0.0016670235966422429,56,0.45538191073560175,0.6642847591249715,11,0.9968669788850792,33,0.9972806525443733,5,0.9984106640123601,7,0.9983645494842062
CD4 T Cells|NK Cells|CALM1|PTPRA,CD4 T Cells,NK Cells,CALM1,PTPRA,-0.034629106468069715,-0.07688193053071135,0.007623717594571915,56,0.10820234407090314,0.3251640584370126,11,0.9172697317871119,33,0.8874430002704604,5,0.9121795977556111,7,0.9169819727070293,CD4 T Cells,NK Cells,CALM1,PTPRA,-0.00019968885927279523,-0.0005039948075895053,0.00010461708904391476,56,0.19839085823858316,0.5900226619420714,11,0.9990542821958889,33,0.9986201290952604,5,0.9996426594428213,7,0.9994081952014656
Classical Monocytes|B Cells|TNFSF13B|TNFRSF13C,Classical Monocytes,B Cells,TNFSF13B,TNFRSF13C,-0.22826722164000673,-0.5071036823482196,0.050569239068206095,51,0.10860196343701639,0.3259454815236931,11,0.6679692570279652,29,0.6078064931867885,5,0.4766060090649707,6,0.6447104668638007,Classical Monocytes,B Cells,TNFSF13B,TNFRSF13C,0.02159390061280464,-0.300929804116772,0.3441176053423813,56,0.8955970884499598,0.9352517579875734,11,0.9963066867650047,33,0.8747054501104338,5,0.9979410738696943,7,0.8547459366023188
B Cells|Classical Monocytes|HMGB1|TLR2,B Cells,Classical Monocytes,HMGB1,TLR2,-0.06482347784716636,-0.1442149649411285,0.014568009246795785,56,0.10952789904258398,0.32830249584651294,11,0.8848226396574802,33,0.8778241120532063,5,0.8711587144223831,7,0.9289836646652756,B Cells,Classical Monocytes,HMGB1,TLR2,-0.00019230955132176764,-0.0008437957616392023,0.000459176658995667,56,0.5628903150285476,0.7319980099160168,11,0.9986991288475155,33,0.9985109292016421,5,0.9994348263380249,7,0.9994389362434732
Classical Monocytes|B Cells|TIMP2|CD44,Classical Monocytes,B Cells,TIMP2,CD44,-0.16634810498931707,-0.3707803716057819,0.038084161627147756,56,0.11074852452098383,0.3308209440041305,11,0.5605629702442246,33,0.45629991142663057,5,0.5177646817531071,7,0.57984972792483,Classical Monocytes,B Cells,TIMP2,CD44,-0.0007180163587650057,-0.002459661664657874,0.0010236289471278629,56,0.4190784199037214,0.6492463687596693,11,0.9952158813460374,33,0.9932535306512933,5,0.9980855382939792,7,0.996841203958
NK Cells|NK Cells|LGALS1|CD69,NK Cells,NK Cells,LGALS1,CD69,0.01199377572437954,-0.0027477290884231186,0.0267352805371822,56,0.11079313842022699,0.3308209440041305,11,0.9763769077604177,33,0.9892052584411821,5,0.9888223324707284,7,0.9896569074271132,NK Cells,NK Cells,LGALS1,CD69,0.0001612762586494787,4.095073046639334e-05,0.0002816017868325641,56,0.00861402905667062,0.193988728519849,11,0.9997266873937151,33,0.9998695163475089,5,0.9999499597246932,7,0.9999315124198376
CD4 T Cells|NK Cells|CLEC2B|KLRF1,CD4 T Cells,NK Cells,CLEC2B,KLRF1,0.22467112898537922,-0.05230480786771807,0.5016470658384765,55,0.11187095822268295,0.3323392970101332,11,0.9547307635460218,33,0.875897875252877,5,0.8175743559768278,6,0.5140703386983038,CD4 T Cells,NK Cells,CLEC2B,KLRF1,0.1448729468844745,-0.1562626079537196,0.4460085017226686,56,0.345723487386032,0.5900226619420714,11,0.9994664980079367,33,0.9985437534743752,5,0.999236020695918,7,0.8534403292778819
Classical Monocytes|Non-classical Monocytes|SELPLG|ITGB2,Classical Monocytes,Non-classical Monocytes,SELPLG,ITGB2,-0.03995065271153719,-0.089180552183406,0.009279246760331608,56,0.11171443521270188,0.3323392970101332,11,0.9111470603390811,33,0.9142329348832569,5,0.8858596588931453,7,0.9288961861488583,Classical Monocytes,Non-classical Monocytes,SELPLG,ITGB2,1.0935559629721148e-05,-0.0003874031268828354,0.0004092742461422777,56,0.9570891457819256,0.9785313734038603,11,0.9990303034251323,33,0.998941653619032,5,0.9995549358752666,7,0.9994553505095365
Non-classical Monocytes|Classical Monocytes|ANXA1|FPR1,Non-classical Monocytes,Classical Monocytes,ANXA1,FPR1,-0.051161400041851546,-0.1144648748691261,0.012142074785423007,56,0.11318725806617405,0.33515574825422156,11,0.9291123425003099,33,0.9257524859506772,5,0.9220460051500048,7,0.9698475486422236,Non-classical Monocytes,Classical Monocytes,ANXA1,FPR1,-0.00016452368020469788,-0.0005560291631815664,0.0002269818027721707,56,0.4101428170839899,0.6414177436332663,11,0.9991807701981243,33,0.9991279211406892,5,0.9996733258856583,7,0.9997850005084278
B Cells|NK Cells|HLA-C|CD8A,B Cells,NK Cells,HLA-C,CD8A,-0.023194025509150284,-0.05189762746091181,0.005509576442611238,42,0.11324962970988472,0.33515574825422156,8,0.9576496959940843,22,0.9392709979788155,5,0.9914567397114491,7,0.9962720672053305,B Cells,NK Cells,HLA-C,CD8A,-0.06080573550401602,-0.39426260220369264,0.2726511311956606,56,0.7207933476348563,0.8425305360743786,11,0.7269048375955047,33,0.6661103908460402,5,0.9999621828811275,7,0.999973471635679
Classical Monocytes|NK Cells|LGALS9|CD47,Classical Monocytes,NK Cells,LGALS9,CD47,-0.1793044450727524,-0.40156589647941787,0.04295700633391311,56,0.11384213943642678,0.3364827792203247,11,0.679136912897155,33,0.7431280558009359,5,0.4808007209163649,7,0.7240963088928981,Classical Monocytes,NK Cells,LGALS9,CD47,0.00014394327279443342,-0.0012218055855992436,0.0015096921311881105,56,0.8363451831437311,0.9084934054519296,11,0.9964112282229473,33,0.9968354419284703,5,0.9979263725456216,7,0.9982066429783502
CD8 T Cells|Non-classical Monocytes|HLA-B|LILRB1,CD8 T Cells,Non-classical Monocytes,HLA-B,LILRB1,-0.023739525867164657,-0.053316098268765016,0.005837046534435706,56,0.11568228293926625,0.340628159726591,11,0.99788635934436,33,0.9900902188281816,5,0.9794541341507068,7,0.9953975195016931,CD8 T Cells,Non-classical Monocytes,HLA-B,LILRB1,-0.00011979656583405163,-0.0002246960695194111,-1.4897062148692161e-05,56,0.025201252480335355,0.33390651452050824,11,0.9999732085180437,33,0.9998936906521381,5,0.9999269248894654,7,0.9999672035893938
CD4 T Cells|NK Cells|SELPLG|ITGAM,CD4 T Cells,NK Cells,SELPLG,ITGAM,0.012415601538178524,-0.003084526729924387,0.027915729806281438,55,0.11643116481819182,0.3424014733633223,11,0.0,33,0.012415601538178524,5,0.0,6,0.0,CD4 T Cells,NK Cells,SELPLG,ITGAM,0.14264221685387735,-0.15574393773724815,0.44102837144500284,56,0.34878307089120086,0.5900226619420714,11,0.983312372857203,33,0.9799753987848028,5,0.9915089908270349,7,0.8455297999007574
Non-classical Monocytes|Classical Monocytes|TIMP2|ITGB1,Non-classical Monocytes,Classical Monocytes,TIMP2,ITGB1,0.0340879363923168,-0.00864805447528974,0.07682392725992335,56,0.1179713042045822,0.34598250165504313,11,0.0,33,0.036677484127463904,5,0.0,7,0.0025895477351471,Non-classical Monocytes,Classical Monocytes,TIMP2,ITGB1,0.0031071941943342507,-0.0030226298859668413,0.009237018274635342,56,0.32046567583525165,0.5900226619420714,11,0.9843295348293232,33,0.9824514535007738,5,0.9936733309421578,7,0.9886880554192742
NK Cells|CD4 T Cells|LGALS1|ITGB1,NK Cells,CD4 T Cells,LGALS1,ITGB1,0.08146090654471883,-0.021119778384153964,0.18404159147359161,56,0.11960405171011038,0.3490943259288847,11,0.8119429054832065,33,0.9017356488406365,5,0.9258136184095072,7,0.9341454552222184,NK Cells,CD4 T Cells,LGALS1,ITGB1,0.0011718593332042948,0.0001222038576898718,0.002221514808718718,56,0.02865878470454855,0.36329558626460456,11,0.9978680204752961,33,0.9988933121579602,5,0.999709777919507,7,0.9995632102689668
NK Cells|Classical Monocytes|HLA-A|LILRB2,NK Cells,Classical Monocytes,HLA-A,LILRB2,-0.003246126575572661,-0.007337391180780384,0.0008451380296350623,56,0.11992425776986818,0.34959193744399775,11,0.9963372838790693,33,0.9965526998615444,5,0.9937301833588228,7,0.9971917259168706,NK Cells,Classical Monocytes,HLA-A,LILRB2,3.353208442025135e-07,-3.1610779481420264e-05,3.228142116982529e-05,56,0.983586537084535,0.9908758097497784,11,0.99995304535156,33,0.9999597916690499,5,0.9999721626091725,7,0.9999785736058182
Non-classical Monocytes|Classical Monocytes|ANXA2|TLR2,Non-classical Monocytes,Classical Monocytes,ANXA2,TLR2,-0.03964029307443939,-0.08969107603142393,0.010410489882545143,56,0.12059181319852436,0.351099605758796,11,0.9033516192163219,33,0.9101770566230315,5,0.8964722470350341,7,0.9429379775161831,Non-classical Monocytes,Classical Monocytes,ANXA2,TLR2,-2.4962635534531152e-05,-0.0005080226297999608,0.0004580973587308985,56,0.9193256445151324,0.9508776983660646,11,0.9989120179135866,33,0.9989090783510564,5,0.9995622271644539,7,0.9995842502374581
NK Cells|Classical Monocytes|ICAM3|ITGAL,NK Cells,Classical Monocytes,ICAM3,ITGAL,-0.19494831716021616,-0.4415605390136405,0.051663904693208196,53,0.12129464995253839,0.3527061116303576,10,0.5457055072544831,31,0.46378526283564636,5,0.384472611296727,7,0.4975006840381065,NK Cells,Classical Monocytes,ICAM3,ITGAL,0.02998656427460522,-0.17380965440492493,0.23378278295413538,56,0.7730489933812522,0.8594066502023352,11,0.9045866002394152,33,0.9328385982276434,5,0.99756489945702,7,0.995830333170643
CD4 T Cells|CD4 T Cells|HMGB1|CXCR4,CD4 T Cells,CD4 T Cells,HMGB1,CXCR4,-0.002518770161266781,-0.0057167856825956435,0.0006792453600620815,56,0.1226669195526404,0.35450296485607063,11,0.9963047821988191,33,0.9937405877262298,5,0.9986246910459247,7,0.9985792667346021,CD4 T Cells,CD4 T Cells,HMGB1,CXCR4,-4.3528028311201616e-05,-9.341323202942747e-05,6.3571754070242465e-06,56,0.08723003553593495,0.5174676852730625,11,0.99995268204767,33,0.9999068183648787,5,0.9999922352197878,7,0.9999898995653078
Non-classical Monocytes|CD8 T Cells|SELPLG|SELL,Non-classical Monocytes,CD8 T Cells,SELPLG,SELL,-0.1971071777733533,-0.4477799509143498,0.053565595367643215,56,0.12328161772138627,0.35450296485607063,11,0.8010169961428001,33,0.715926533923996,5,0.6629480689319612,7,0.7749647844865104,Non-classical Monocytes,CD8 T Cells,SELPLG,SELL,-0.0012936325299029994,-0.0029819863922892825,0.00039472133248328396,56,0.1331635594026469,0.5560563594390482,11,0.9978357620225403,33,0.9964271016172868,5,0.9985950951859829,7,0.9984800673106323
B Cells|CD8 T Cells|LGALS1|CD69,B Cells,CD8 T Cells,LGALS1,CD69,0.044509147877821675,-0.011992767844738357,0.1010110636003817,53,0.12259961386261767,0.35450296485607063,9,0.831399513021817,33,0.9028776119568696,5,0.9545380267552194,6,0.9815069778124502,B Cells,CD8 T Cells,LGALS1,CD69,0.3250130006358425,-0.06749225929259423,0.7175182605642791,56,0.10460152947123699,0.5560563594390482,11,0.816631857279608,33,0.9988490919398848,5,0.9998190626475354,7,0.8570232966719697
Classical Monocytes|Classical Monocytes|GNAS|ADCY7,Classical Monocytes,Classical Monocytes,GNAS,ADCY7,-0.16645781155094347,-0.3780805740541503,0.04516495095226336,56,0.12315512534471867,0.35450296485607063,11,0.21308752863679506,33,0.15951514511455983,5,0.126547831899482,7,0.23943325992819023,Classical Monocytes,Classical Monocytes,GNAS,ADCY7,-7.973282687412375e-05,-0.0035514663176569802,0.0033920006639087327,56,0.9640968713204492,0.9818425957416858,11,0.9909732377806992,33,0.9881933234499334,5,0.9962728039406101,7,0.9935726224367184
Classical Monocytes|CD8 T Cells|HLA-B|CD8A,Classical Monocytes,CD8 T Cells,HLA-B,CD8A,-0.0010686480032817691,-0.002427592784235008,0.00029029677767146997,56,0.12324915797493535,0.35450296485607063,11,0.999440217861331,33,0.9995458791002422,5,0.9984364046259631,7,0.999610713868156,Classical Monocytes,CD8 T Cells,HLA-B,CD8A,-2.6376955587492645e-06,-9.39858669045826e-06,4.123195572959732e-06,56,0.4444735652752817,0.6642847591249715,11,0.9999925212520683,33,0.9999935710064627,5,0.9999933146014109,7,0.9999970020513641
B Cells|B Cells|LGALS1|ITGB1,B Cells,B Cells,LGALS1,ITGB1,-0.27066532611279936,-0.6150232408304132,0.07369258860481442,44,0.12343079675716721,0.35450296485607063,8,0.010470444557245462,25,0.17634045333063814,5,0.00343402468492984,6,0.4399693595711218,B Cells,B Cells,LGALS1,ITGB1,0.1770286171323624,-0.2619344270630794,0.6159916613278043,56,0.42927648186791056,0.6600836203740267,11,0.7109968844236821,33,0.7457440121833411,5,0.9950098703676605,7,0.8527283809949571
CD8 T Cells|NK Cells|VIM|CD44,CD8 T Cells,NK Cells,VIM,CD44,-0.028103616445424473,-0.06403556712796403,0.007828334237115084,56,0.1252868564110366,0.35726538593628504,11,0.937462904759941,33,0.9328914391614339,5,0.9529813659163695,7,0.9765135167632869,CD8 T Cells,NK Cells,VIM,CD44,-0.00015504963431811625,-0.0004540591952924097,0.00014395992665617723,56,0.30947336258354685,0.5900226619420714,11,0.9992927935659367,33,0.9991507960621948,5,0.9998120861277092,7,0.9998251382582855
B Cells|B Cells|PKM|CD44,B Cells,B Cells,PKM,CD44,-0.171322339669003,-0.39038074868580314,0.047736069347797117,56,0.12531064286159205,0.35726538593628504,11,0.5890259489491307,33,0.5026792971369737,5,0.5959367364932979,7,0.6809124243501439,B Cells,B Cells,PKM,CD44,-0.0010457068634327493,-0.0025589925395222814,0.00046757881265678254,56,0.17561855978397367,0.5900226619420714,11,0.9955414872707015,33,0.9938897979228885,5,0.998369825054559,7,0.9977638425701787
Classical Monocytes|CD4 T Cells|PKM|CD44,Classical Monocytes,CD4 T Cells,PKM,CD44,-0.015036083674052847,-0.034280271353359495,0.004208104005253798,56,0.12567526868023618,0.3578679906931116,11,0.9526060492152202,33,0.9465195281436056,5,0.9447994403594248,7,0.953749002961863,Classical Monocytes,CD4 T Cells,PKM,CD44,2.6045386666284642e-06,-0.00012253824722225745,0.00012774732455551438,56,0.967461860712053,0.9831115443783929,11,0.9994605428978278,33,0.9993388901527864,5,0.9997749613685853,7,0.9996507040848773
B Cells|CD8 T Cells|GNAI2|S1PR4,B Cells,CD8 T Cells,GNAI2,S1PR4,-0.1040140720137587,-0.23726345166210328,0.029235307634585872,53,0.12603106257670788,0.35844400866822523,11,0.009613239016267554,30,0.038335583973393664,5,0.0,7,0.1327364169708848,B Cells,CD8 T Cells,GNAI2,S1PR4,-0.09275748940801143,-0.19205890507868556,0.006543926262662703,56,0.06712993915079912,0.4776247420339505,11,0.9850332296850556,33,0.8916003021307224,5,0.992765438282114,7,0.9920900001357923
Non-classical Monocytes|B Cells|IL1B|SIGIRR,Non-classical Monocytes,B Cells,IL1B,SIGIRR,-0.2461799429706182,-0.5617552505923504,0.06939536465111398,49,0.12627294662270372,0.3586950491046389,11,0.2226161073469544,27,0.11040357354851277,5,0.09151020058888867,6,0.22547760976106526,Non-classical Monocytes,B Cells,IL1B,SIGIRR,-0.04241424451090381,-0.37042536497412215,0.28559687595231453,56,0.7999299797546626,0.8826861210108014,11,0.9880980153148505,33,0.8001089268615925,5,0.9954301117033794,7,0.849855267761025
CD4 T Cells|Non-classical Monocytes|CIRBP|TREM1,CD4 T Cells,Non-classical Monocytes,CIRBP,TREM1,-0.08582379859667111,-0.19605641255077383,0.0244088153574316,56,0.1270175791773838,0.3603718680184583,11,0.8724601676292584,33,0.8799564156487083,5,0.8426405825592411,7,0.9359606291753622,CD4 T Cells,Non-classical Monocytes,CIRBP,TREM1,-0.0002922922590217203,-0.0014431397280037614,0.0008585552099603208,56,0.6186308773114714,0.7666090902476292,11,0.9985447384838555,33,0.9983479258827685,5,0.9993849144896412,7,0.999480394147576
Classical Monocytes|Non-classical Monocytes|HBEGF|CD44,Classical Monocytes,Non-classical Monocytes,HBEGF,CD44,-0.12766973369716317,-0.2917999718756287,0.03646050448130239,50,0.12736631984685387,0.3604852810210955,10,0.8711795006068954,28,0.7374092764739569,5,0.8244727464276211,7,0.8183722559918458,Classical Monocytes,Non-classical Monocytes,HBEGF,CD44,-0.061537870468390876,-0.2865369825768169,0.1634612416400352,56,0.5919201991018039,0.7588584889751074,11,0.9077996453557362,33,0.8453684534014897,5,0.999330098758408,7,0.9984367772725522
NK Cells|Non-classical Monocytes|IFNG|IFNGR1_IFNGR2,NK Cells,Non-classical Monocytes,IFNG,IFNGR1_IFNGR2,-0.2510510424033154,-0.5746979077389354,0.07259582293230465,49,0.12842731062988003,0.3630481480880991,9,0.20746018518714907,29,0.32570271405843565,5,0.07782215792862086,6,0.44711572920322284,NK Cells,Non-classical Monocytes,IFNG,IFNGR1_IFNGR2,0.20223414097999026,-0.20464289787223977,0.6091111798322203,56,0.32996697919967555,0.5900226619420714,11,0.811211691113842,33,0.8713472478319167,5,0.9960630873355368,7,0.8539645030736214
Classical Monocytes|CD8 T Cells|HLA-C|CD8B,Classical Monocytes,CD8 T Cells,HLA-C,CD8B,-0.002547982964061446,-0.005838665627010024,0.0007426996988871321,56,0.12911412981548204,0.36454835927345897,11,0.9990832643496567,33,0.998512059976458,5,0.9962158276469735,7,0.9981926062378362,Classical Monocytes,CD8 T Cells,HLA-C,CD8B,-1.3026837862972762e-05,-3.1422054548551906e-05,5.368378822606381e-06,56,0.16514412544592327,0.5746763711732046,11,0.9999875988450829,33,0.9999792482521336,5,0.9999818180938735,7,0.9999864943387872
Classical Monocytes|NK Cells|LGALS9|PTPRC,Classical Monocytes,NK Cells,LGALS9,PTPRC,-0.024391759735935326,-0.05592597815563664,0.007142458683765986,56,0.12951056845026301,0.36478549738403393,11,0.9275980950296805,33,0.9402816805064802,5,0.9298030014867085,7,0.9668783466994435,Classical Monocytes,NK Cells,LGALS9,PTPRC,2.272033414119079e-05,-0.00021361131987820766,0.0002590519881605892,56,0.8505426918299109,0.9132767039577688,11,0.9991990276049356,33,0.9992837882273533,5,0.9996982948027057,7,0.9997603350909822
CD4 T Cells|Classical Monocytes|HLA-A|LILRB2,CD4 T Cells,Classical Monocytes,HLA-A,LILRB2,-0.005640855251094479,-0.012931740619944553,0.0016500301177555955,56,0.12941912081485527,0.36478549738403393,11,0.9921761780676328,33,0.9926991487311726,5,0.9890142536721662,7,0.9951780795868005,CD4 T Cells,Classical Monocytes,HLA-A,LILRB2,5.8820560011607625e-06,-5.1657442549108765e-05,6.342155455143029e-05,56,0.8411989863250594,0.9098392286491966,11,0.999902198716883,33,0.9999173184019499,5,0.9999532670442373,7,0.9999625046733029
NK Cells|Classical Monocytes|LTB|TNFRSF1A,NK Cells,Classical Monocytes,LTB,TNFRSF1A,-0.32591516517302466,-0.7475464092787005,0.09571607893265122,56,0.1297660069904087,0.36506461002723406,11,0.15021285887195876,33,0.17519048190614017,5,0.0907726752146686,7,0.4416654634218746,NK Cells,Classical Monocytes,LTB,TNFRSF1A,-0.0016260899262890982,-0.006230996468213974,0.002978816615635777,56,0.48887154889250317,0.6769398192185094,11,0.9899988856478185,33,0.9877021229790347,5,0.9953691599667216,7,0.9946984872242269
CD4 T Cells|CD8 T Cells|PKM|CD44,CD4 T Cells,CD8 T Cells,PKM,CD44,-0.041908245707702574,-0.09624149479195923,0.01242500337655409,56,0.13059577358375998,0.36607578789685424,11,0.8790619917576147,33,0.8480048039471231,5,0.8994116303313575,7,0.9102626882285685,CD4 T Cells,CD8 T Cells,PKM,CD44,-0.00026589741360905084,-0.0007380160471358245,0.0002062212199177229,56,0.2696571079361575,0.5900226619420714,11,0.998626450781983,33,0.9981209222295588,5,0.9995961736984537,7,0.9993565425596386
B Cells|CD8 T Cells|HLA-B|CD8A,B Cells,CD8 T Cells,HLA-B,CD8A,-0.0009091182656085772,-0.002092845602586369,0.00027460907136921467,56,0.13225254506746817,0.3702754109502856,11,0.9996719720250009,33,0.9997309038246648,5,0.9988524725217888,7,0.9998205225870612,B Cells,CD8 T Cells,HLA-B,CD8A,-2.936144402942986e-06,-8.413988660622017e-06,2.541699854736044e-06,56,0.2934663221557937,0.5900226619420714,11,0.9999957474420861,33,0.999996314634545,5,0.9999951513838138,7,0.9999986547206756
CD4 T Cells|Non-classical Monocytes|CALM1|PTPRA,CD4 T Cells,Non-classical Monocytes,CALM1,PTPRA,-0.15499063802044577,-0.35701602645035146,0.04703475040945995,51,0.13267075333987785,0.3710014479624129,11,0.7134866345861035,28,0.6354302963906191,5,0.6627435304368834,7,0.7396778302618447,CD4 T Cells,Non-classical Monocytes,CALM1,PTPRA,-0.15171379309306787,-0.27730310140887166,-0.02612448477726409,56,0.01790067418374551,0.2902624868168367,11,0.9968903786546662,33,0.844653402866264,5,0.9986826581548975,7,0.9981594754595633
B Cells|CD8 T Cells|HLA-F|CD8A,B Cells,CD8 T Cells,HLA-F,CD8A,-0.09482761688843944,-0.21856353838551723,0.028908304608638358,56,0.1330817484108573,0.37123662507295474,11,0.772399553745025,33,0.8187602710678468,5,0.6835436985255706,7,0.8247320327368318,B Cells,CD8 T Cells,HLA-F,CD8A,0.000531117118592217,-0.0003868798252890819,0.001449114062473516,56,0.2568119624737698,0.5900226619420714,11,0.9974488599723051,33,0.9980152534503337,5,0.9987590031060665,7,0.9987942794655028
Non-classical Monocytes|Classical Monocytes|TNFSF13B|HLA-DPB1,Non-classical Monocytes,Classical Monocytes,TNFSF13B,HLA-DPB1,-0.037259883893148604,-0.08591721887684778,0.011397451090550563,56,0.13339080446946852,0.37123662507295474,11,0.9369259233375431,33,0.9274796148025996,5,0.9268632259469548,7,0.9546768013051599,Non-classical Monocytes,Classical Monocytes,TNFSF13B,HLA-DPB1,-0.00025693797404313656,-0.0008464833927122567,0.00033260744462598356,56,0.3929946729988092,0.6251502423505321,11,0.9993050752760181,33,0.9990224236950305,5,0.9996988903062032,7,0.9996731766992587
NK Cells|Classical Monocytes|CALR|LRP1,NK Cells,Classical Monocytes,CALR,LRP1,-0.0994381046134154,-0.22929050094470166,0.030414291717870856,56,0.13338214122314002,0.37123662507295474,11,0.7506989842463242,33,0.7219946974948354,5,0.6590939110193064,7,0.7298277288812329,NK Cells,Classical Monocytes,CALR,LRP1,0.00029499192526638573,-0.0008696999304383453,0.0014596837809711168,56,0.6195998020044982,0.7673237323137698,11,0.997213171131034,33,0.9967849736092644,5,0.998656618894491,7,0.997933429447455
Classical Monocytes|Non-classical Monocytes|TIMP2|ITGB1,Classical Monocytes,Non-classical Monocytes,TIMP2,ITGB1,-0.14660494984584893,-0.33825551053845115,0.04504561084675332,56,0.13379753260362054,0.37192528408268327,11,0.3599293884555927,33,0.2190655529060051,5,0.35511261792129833,7,0.3608537322175596,Classical Monocytes,Non-classical Monocytes,TIMP2,ITGB1,-0.0005159585531900879,-0.003732452319689993,0.0027005352133098173,56,0.7532185448728895,0.8532730068271269,11,0.9929650818779059,33,0.9897178191492977,5,0.99740486646237,7,0.9946735622869519
CD8 T Cells|Non-classical Monocytes|CIRBP|TREM1,CD8 T Cells,Non-classical Monocytes,CIRBP,TREM1,-0.07961940466429329,-0.18410831274724243,0.024869503418655833,56,0.13531391092055045,0.3743577985775892,11,0.8709160727785488,33,0.8730695029975446,5,0.8528647091605869,7,0.934637544043876,CD8 T Cells,Non-classical Monocytes,CIRBP,TREM1,-0.00031196546428635674,-0.0014471184158946233,0.0008231874873219098,56,0.5901338902033406,0.7569494929751343,11,0.9985283579478872,33,0.9982530019312771,5,0.9994226264589084,7,0.9994592359065847
CD8 T Cells|Non-classical Monocytes|CALR|LRP1,CD8 T Cells,Non-classical Monocytes,CALR,LRP1,-0.18834401037550288,-0.43598034374289796,0.05929232299189216,56,0.13604452428727262,0.3758321989213347,11,0.39360451669604546,33,0.45362182229956877,5,0.11916754146012745,7,0.36752885743915364,CD8 T Cells,Non-classical Monocytes,CALR,LRP1,0.0014752044179631163,-0.0012677162313285933,0.004218125067254826,56,0.29183131608130086,0.5900226619420714,11,0.993308094988858,33,0.9934477880921354,5,0.9962448097477875,7,0.9949092984331018
B Cells|B Cells|GNAI2|S1PR4,B Cells,B Cells,GNAI2,S1PR4,-0.10219728382625193,-0.2366097864436729,0.03221521879116904,52,0.1361687538704279,0.3758321989213347,11,0.02574852121588983,29,0.024775169768130913,5,0.0,7,0.10122393237849302,B Cells,B Cells,GNAI2,S1PR4,-0.12330809528829756,-0.2360397373515799,-0.010576453225015228,56,0.03204512446720205,0.3862949060772715,11,0.9858078533369973,33,0.8622073781821922,5,0.9920990360259635,7,0.991806656159456
Non-classical Monocytes|Non-classical Monocytes|LGALS9|CD47,Non-classical Monocytes,Non-classical Monocytes,LGALS9,CD47,-0.08525646040586954,-0.19754941405377835,0.02703649324203926,56,0.1367328654732467,0.3763242692403658,11,0.8630319331725924,33,0.8351099352977754,5,0.8096506779686432,7,0.8669851404996958,Non-classical Monocytes,Non-classical Monocytes,LGALS9,CD47,-0.00041659453471643015,-0.001256460852934942,0.0004232717835020817,56,0.3309556505815445,0.5900226619420714,11,0.9984617135896715,33,0.9979188575970015,5,0.9992404469196824,7,0.9991141854617288
Classical Monocytes|Non-classical Monocytes|GNAS|ADCY7,Classical Monocytes,Non-classical Monocytes,GNAS,ADCY7,-0.1925721332788556,-0.4461693433669375,0.061025076809226225,56,0.1366658515858792,0.3763242692403658,11,0.2543895263972027,33,0.18829832395630236,5,0.17913459871062024,7,0.3056155295485755,Classical Monocytes,Non-classical Monocytes,GNAS,ADCY7,0.00048473617648370215,-0.003099516812504712,0.004068989165472116,56,0.7909582222676474,0.8749016762583102,11,0.9913119323546716,33,0.9892400701094037,5,0.9966583215349643,7,0.9941017231132127
Non-classical Monocytes|Non-classical Monocytes|IL1B|SIGIRR,Non-classical Monocytes,Non-classical Monocytes,IL1B,SIGIRR,-0.3379219641454899,-0.7844981880884654,0.10865425979748561,56,0.13804922315415183,0.3783391268367894,11,0.42059253116091616,33,0.192179511363349,5,0.35507118647699987,7,0.46458013082492255,Non-classical Monocytes,Non-classical Monocytes,IL1B,SIGIRR,-0.004769506050822492,-0.01099881488430262,0.0014598027826576371,56,0.13344412671651446,0.5560563594390482,11,0.9928118940297789,33,0.9854177683449771,5,0.9972583740142765,7,0.9946337543802973
CD4 T Cells|Non-classical Monocytes|MIF|CD74_CXCR4,CD4 T Cells,Non-classical Monocytes,MIF,CD74_CXCR4,0.060526193580297316,-0.019538520347978205,0.14059090750857284,56,0.1384292043719247,0.3784060000167482,11,0.9047465721518667,33,0.9278191589078602,5,0.9392647089576283,7,0.9018111021333244,CD4 T Cells,Non-classical Monocytes,MIF,CD74_CXCR4,1.7418946126612767e-06,-4.319694703005001e-06,7.803483928327555e-06,56,0.5732803263488415,0.7388920728349301,11,0.999995413908951,33,0.9999933630437595,5,0.9999986595286714,7,0.9999948667688673
CD4 T Cells|Classical Monocytes|ANXA1|FPR1,CD4 T Cells,Classical Monocytes,ANXA1,FPR1,-0.09159207161994842,-0.2127911834868913,0.029607040246994468,56,0.13855979872133606,0.3784060000167482,11,0.7866090921848126,33,0.7319836751680899,5,0.9018761083677393,7,0.9388427629709651,CD4 T Cells,Classical Monocytes,ANXA1,FPR1,-0.0007204308669555015,-0.0020337477596791384,0.0005928860257681354,56,0.28230556744417534,0.5900226619420714,11,0.9975525096202227,33,0.9967330745497264,5,0.9996032363723157,7,0.9995042321687748
B Cells|Classical Monocytes|HLA-C|LILRB2,B Cells,Classical Monocytes,HLA-C,LILRB2,-0.007134525802529601,-0.016583287645648148,0.002314236040588948,56,0.13889454128622594,0.3788770489524972,11,0.9907096333300864,33,0.990570205380732,5,0.9837426934568994,7,0.9907377913100746,B Cells,Classical Monocytes,HLA-C,LILRB2,4.46050523172925e-06,-5.9457662865662e-05,6.83786733291205e-05,56,0.8912083709004944,0.9332794389773849,11,0.999888940227445,33,0.9998962394541451,5,0.9999326479223477,7,0.999935486643816
Non-classical Monocytes|CD4 T Cells|LGALS9|PTPRC,Non-classical Monocytes,CD4 T Cells,LGALS9,PTPRC,-0.018362591322624522,-0.04270111450426777,0.005975931859018728,56,0.1392134437416182,0.3793038402995082,11,0.9559991331066253,33,0.9529168635549556,5,0.9541727978591077,7,0.9694531196300625,Non-classical Monocytes,CD4 T Cells,LGALS9,PTPRC,-3.858840353310189e-05,-0.0002301308140985539,0.0001529540070323501,56,0.6929483504750038,0.8229987882315104,11,0.99949877490609,33,0.9994322113434927,5,0.9997969210049524,7,0.9997689458458883
CD4 T Cells|NK Cells|ICAM2|ITGAL_ITGB2,CD4 T Cells,NK Cells,ICAM2,ITGAL_ITGB2,-0.16207187358930403,-0.37738721534708686,0.053243468168478775,56,0.1401315177319377,0.38100544112411394,11,0.08397357968383957,33,0.18178582101062568,5,0.0,7,0.25988411491609015,CD4 T Cells,NK Cells,ICAM2,ITGAL_ITGB2,-0.00043839722397986947,-0.0030426546299532576,0.0021658601819935187,56,0.7414470159118731,0.8527700215723305,11,0.9894409815445037,33,0.9887754828093309,5,0.9946997479589961,7,0.9944726464478032
NK Cells|Classical Monocytes|GNAS|ADCY7,NK Cells,Classical Monocytes,GNAS,ADCY7,-0.0916774504624253,-0.2134826351957645,0.030127734270913878,56,0.14016431431503806,0.38100544112411394,11,0.012472654863567608,33,0.06520391444656538,5,0.0,7,0.14440871004542308,NK Cells,Classical Monocytes,GNAS,ADCY7,0.0012456347782791033,-0.0020579199054263256,0.004549189461984533,56,0.45989369105947164,0.6642847591249715,11,0.9866369632381313,33,0.9860937313297059,5,0.9948250503381548,7,0.9930361836514503
Classical Monocytes|Non-classical Monocytes|LGALS9|CD47,Classical Monocytes,Non-classical Monocytes,LGALS9,CD47,-0.18228243139201772,-0.42458191557608466,0.06001705279204922,56,0.1403510028248279,0.3810692925534572,11,0.6782369415272226,33,0.6894830089618291,5,0.5280938756786575,7,0.7216223745052818,Classical Monocytes,Non-classical Monocytes,LGALS9,CD47,-0.0003478891520981575,-0.0018125992871654768,0.0011168209829691617,56,0.6415599260174631,0.7845132949489919,11,0.996419444676646,33,0.9961447922447039,5,0.9981556083053327,7,0.9982288450254887
NK Cells|CD4 T Cells|HMGB1|CXCR4,NK Cells,CD4 T Cells,HMGB1,CXCR4,-0.001653704217977392,-0.0038595734132897464,0.0005521649773349625,56,0.1417370451238769,0.38438559856475324,11,0.99842401784495,33,0.9965918964475714,5,0.9994395576929449,7,0.9992611405135438,NK Cells,CD4 T Cells,HMGB1,CXCR4,-3.600842658291192e-05,-8.571007973070747e-05,1.3693226564883627e-05,56,0.15561428977041195,0.5560563594390482,11,0.9999788991709658,33,0.9999411032917802,5,0.9999966777210643,7,0.9999948902684614
B Cells|NK Cells|LGALS1|ITGB1,B Cells,NK Cells,LGALS1,ITGB1,0.21118396086999458,-0.07123090261032394,0.4935988243503131,53,0.14275175729741962,0.38668834488338144,9,0.11488694905953739,33,0.4462068943460937,5,0.5780543967216788,6,0.6981903811382405,B Cells,NK Cells,LGALS1,ITGB1,0.3279384316417514,-0.06249059013825742,0.7183674534217602,56,0.09971032862158245,0.5560563594390482,11,0.8081280234098689,33,0.9931504794821044,5,0.9983584724014015,7,0.8554424968318857
Classical Monocytes|CD4 T Cells|CD14|ITGB1,Classical Monocytes,CD4 T Cells,CD14,ITGB1,-0.028217579209416255,-0.06600347818873609,0.00956831976990357,56,0.1432888226238801,0.3869037053449242,11,0.9381957275710977,33,0.9210704240295398,5,0.9590348086022406,7,0.9701270842700989,Classical Monocytes,CD4 T Cells,CD14,ITGB1,-0.00017747737131945662,-0.0005422536080486734,0.0001872988654097601,56,0.34028804855233086,0.5900226619420714,11,0.9992704763194695,33,0.9990452810609451,5,0.9998264142616387,7,0.9997786963744336
NK Cells|NK Cells|GNAI2|S1PR5,NK Cells,NK Cells,GNAI2,S1PR5,-0.17033735814840528,-0.398551528077326,0.05787681178051546,56,0.14349405089023742,0.3869037053449242,11,0.5762109164397716,33,0.5594776696202461,5,0.1243338472463849,7,0.2779379585752647,NK Cells,NK Cells,GNAI2,S1PR5,0.0031887851052200267,-0.000470680306563553,0.006848250517003607,56,0.0876598193072696,0.5190533693736288,11,0.9953271556891145,33,0.994734476289414,5,0.9963948900290995,7,0.9926134255241791
Non-classical Monocytes|CD4 T Cells|HLA-B|CD3D,Non-classical Monocytes,CD4 T Cells,HLA-B,CD3D,-1.6867205839488086e-05,-3.945752203260923e-05,5.723110353633057e-06,56,0.14335254453214236,0.3869037053449242,11,0.9999950252264185,33,0.9999900417094073,5,0.9999818777901032,7,0.9999937614789315,Non-classical Monocytes,CD4 T Cells,HLA-B,CD3D,-1.6006319625283538e-07,-3.399313351428524e-07,1.9804942637181632e-08,56,0.08113188531108718,0.48980667638112424,11,0.9999999177169973,33,0.9999998065191282,5,0.9999998977714253,7,0.9999999466367526
NK Cells|B Cells|LGALS1|CD69,NK Cells,B Cells,LGALS1,CD69,0.0047129842118639464,-0.0016060807351968463,0.01103204915892474,56,0.14379298004923247,0.38726252412336537,11,0.9921515633058373,33,0.9962250256917403,5,0.998088257267297,7,0.997448735441336,NK Cells,B Cells,LGALS1,CD69,5.258713610400978e-05,-1.0871390817417882e-05,0.00011604566302543744,56,0.10433463244937938,0.5560563594390482,11,0.9999038513079185,33,0.9999486545893517,5,0.9999911678931663,7,0.9999833840384955
NK Cells|Non-classical Monocytes|LTB|TNFRSF1A,NK Cells,Non-classical Monocytes,LTB,TNFRSF1A,-0.32078611441114113,-0.7514621629297451,0.10988993410746278,56,0.14432696213892954,0.38825283017788076,11,0.18052976607732116,33,0.20177662008864308,5,0.09002304059966582,7,0.4320560090221289,NK Cells,Non-classical Monocytes,LTB,TNFRSF1A,-0.0018031647212670698,-0.006766936209121585,0.0031606067665874453,56,0.476473182770083,0.6646696866196637,11,0.9902585075671588,33,0.988243401659467,5,0.9945833328431479,7,0.9943713916567232
Classical Monocytes|NK Cells|HLA-A|CD8A,Classical Monocytes,NK Cells,HLA-A,CD8A,-0.021877187438654522,-0.051302400853048505,0.007548025975739458,42,0.14506044465132054,0.3897769139940546,8,0.9465259648703725,22,0.9301600752662924,5,0.9892582064602118,7,0.9947695042947863,Classical Monocytes,NK Cells,HLA-A,CD8A,-0.060811412104951335,-0.3942161464492897,0.27259332223938704,56,0.7207265397661144,0.8425305360743786,11,0.7267950932576616,33,0.6659949716614709,5,0.9999505920861459,7,0.9999618825949065
B Cells|Non-classical Monocytes|CIRBP|TREM1,B Cells,Non-classical Monocytes,CIRBP,TREM1,-0.07822070399374659,-0.18380048446451974,0.027359076477026553,56,0.1464807446395624,0.39167288655375215,11,0.8826963144444894,33,0.8934831937862766,5,0.8587620276868192,7,0.947769611022353,B Cells,Non-classical Monocytes,CIRBP,TREM1,-0.0002429367509156899,-0.001365310097296586,0.0008794365954652062,56,0.6713962404036613,0.8061549670999797,11,0.9986588300548916,33,0.9985329464476467,5,0.9994427008579386,7,0.9995597540016093
B Cells|NK Cells|GNAI2|S1PR4,B Cells,NK Cells,GNAI2,S1PR4,-0.12606662971037869,-0.29635026152165,0.04421700210089266,53,0.14677249496125616,0.39167288655375215,11,0.0,30,0.042105926778502514,5,0.0,7,0.1681725564888812,B Cells,NK Cells,GNAI2,S1PR4,-0.09179153132083673,-0.19112417308536372,0.007541110443690255,56,0.07011486037046404,0.4776247420339505,11,0.9835595346569002,33,0.8918307975663549,5,0.9920507828355379,7,0.9921135770658294
B Cells|CD4 T Cells|PKM|CD44,B Cells,CD4 T Cells,PKM,CD44,-0.053912461570776116,-0.126956720702792,0.019131797561239755,56,0.14800646279899357,0.393219705156132,11,0.8358550892174289,33,0.8101320646915284,5,0.8605228146210505,7,0.8887122516659262,B Cells,CD4 T Cells,PKM,CD44,-0.00031275647600037537,-0.0008854508775827447,0.000259937925581994,56,0.28445552963979914,0.5900226619420714,11,0.9981830027851146,33,0.9976225993669933,5,0.9994425517047274,7,0.9991949047626064
CD4 T Cells|Non-classical Monocytes|HLA-A|LILRB2,CD4 T Cells,Non-classical Monocytes,HLA-A,LILRB2,-0.0008636193642405088,-0.0020331948431514648,0.0003059561146704472,56,0.14782817687234567,0.393219705156132,11,0.9989511499768938,33,0.9986199393806853,5,0.9986098169913917,7,0.9991422257594237,CD4 T Cells,Non-classical Monocytes,HLA-A,LILRB2,-3.347362129368925e-06,-1.5071332957731299e-05,8.376608698993449e-06,56,0.5757537514707687,0.7411828970676488,11,0.9999849368999082,33,0.9999823377440216,5,0.9999927137684352,7,0.999993461974678
CD4 T Cells|CD8 T Cells|HLA-F|CD8A,CD4 T Cells,CD8 T Cells,HLA-F,CD8A,-0.09267664311310408,-0.2184331956685458,0.03307990944233763,56,0.14862622649956594,0.3934719261638169,11,0.8262164044320884,33,0.8369607310247629,5,0.7352462029169364,7,0.838667172622715,CD4 T Cells,CD8 T Cells,HLA-F,CD8A,0.00022711146934562,-0.0005505420390203606,0.0010047649777116005,56,0.5670497684369449,0.7341197508700387,11,0.9980465166021879,33,0.9981763807095958,5,0.9989501965512091,7,0.9988529491892714
B Cells|CD4 T Cells|VIM|CD44,B Cells,CD4 T Cells,VIM,CD44,-0.03569665198614247,-0.08413254596115616,0.012739241988871212,56,0.14860706511412,0.3934719261638169,11,0.9270461241213681,33,0.9192080108864428,5,0.9252208019049195,7,0.9530793406561366,B Cells,CD4 T Cells,VIM,CD44,-9.35548322213986e-05,-0.00034472039110731273,0.00015761072666451554,56,0.46535795427385507,0.6642847591249715,11,0.9991800047584188,33,0.9990650616763845,5,0.9997051062629667,7,0.9996837180131538
Non-classical Monocytes|NK Cells|LRPAP1|SORL1,Non-classical Monocytes,NK Cells,LRPAP1,SORL1,-0.10696006378977169,-0.2520526796085327,0.038132552028989325,55,0.14849846089370142,0.3934719261638169,11,0.3571463976518549,32,0.26004969746753004,5,0.02537798588772544,7,0.035241349493172244,Non-classical Monocytes,NK Cells,LRPAP1,SORL1,-0.0291500173380822,-0.08897826851063934,0.030678233834474933,56,0.3396030193286087,0.5900226619420714,11,0.992940863327988,33,0.9601329110780659,5,0.9952908805697559,7,0.9916329456579158
Classical Monocytes|CD8 T Cells|LGALS9|CD47,Classical Monocytes,CD8 T Cells,LGALS9,CD47,-0.20374746821262388,-0.480338381793054,0.07284344536780621,56,0.14879957714349332,0.3934847255153532,11,0.42374913452099777,33,0.5857843212530183,5,0.1951163498985212,7,0.5608990048431656,Classical Monocytes,CD8 T Cells,LGALS9,CD47,0.000960784472473275,-0.000618623204735131,0.0025401921496816813,56,0.23314979189911678,0.5900226619420714,11,0.9936339287524194,33,0.9949328903529364,5,0.9967780148918056,7,0.9971161920198494
Classical Monocytes|NK Cells|TIMP1|CD63,Classical Monocytes,NK Cells,TIMP1,CD63,0.021889637709658016,-0.00794777834325544,0.05172705376257147,56,0.1504654636412133,0.397439884165422,11,0.9677103634200358,33,0.9698170772952709,5,0.9473933199510883,7,0.9276103961166654,Classical Monocytes,NK Cells,TIMP1,CD63,0.0003237777196026803,0.00014615249526228654,0.0005014029439430741,56,0.0003533876111910831,0.07159490888903197,11,0.9996183033722628,33,0.9996286693822176,5,0.9997827680492961,7,0.9994693563396483
Non-classical Monocytes|Classical Monocytes|IL1B|SIGIRR,Non-classical Monocytes,Classical Monocytes,IL1B,SIGIRR,-0.3092771184379121,-0.7321831504126453,0.11362891353682097,56,0.15175807442969536,0.4000190364165811,11,0.3452979561018767,33,0.15850836649139083,5,0.27871918414034375,7,0.40120671296777,Non-classical Monocytes,Classical Monocytes,IL1B,SIGIRR,-0.004822921174420514,-0.012240785997719321,0.0025949436488782937,56,0.2025491573432936,0.5900226619420714,11,0.9906297403450762,33,0.9830045402441261,5,0.9967265582170081,7,0.9939242792904783
Non-classical Monocytes|Classical Monocytes|LGALS9|LRP1,Non-classical Monocytes,Classical Monocytes,LGALS9,LRP1,-0.14442747269687706,-0.3419305914887689,0.05307564609501483,56,0.15178452516706245,0.4000190364165811,11,0.6548165846357122,33,0.6624440483368427,5,0.5521203060913601,7,0.7041752424893676,Non-classical Monocytes,Classical Monocytes,LGALS9,LRP1,1.2174376916584961e-06,-0.0013248218682654492,0.0013272567436487662,56,0.9985642518545257,0.9999985312351044,11,0.996199826595592,33,0.9958581538567217,5,0.99821161761403,7,0.997868727437468
Non-classical Monocytes|Classical Monocytes|ICAM3|ITGAL,Non-classical Monocytes,Classical Monocytes,ICAM3,ITGAL,-0.1689989375888285,-0.4005000255679625,0.06250215039030546,53,0.1524874509450425,0.4000957415317005,10,0.5324762886481949,31,0.31859074330388143,5,0.35846714705586774,7,0.3135805393003828,Non-classical Monocytes,Classical Monocytes,ICAM3,ITGAL,0.029583994797663826,-0.17412880573864323,0.23329679533397088,56,0.7759246538258457,0.8618966471725338,11,0.9044881689576383,33,0.93072810109448,5,0.9974250360744698,7,0.9940809734136477
Non-classical Monocytes|CD4 T Cells|LGALS9|CD47,Non-classical Monocytes,CD4 T Cells,LGALS9,CD47,-0.11443459720707039,-0.271195824672748,0.04232663025860722,56,0.1524990192561942,0.4000957415317005,11,0.7859315018584087,33,0.7909662154809436,5,0.7157899381155951,7,0.8352592489452004,Non-classical Monocytes,CD4 T Cells,LGALS9,CD47,-0.0002011406270830962,-0.0012342087936821281,0.0008319275395159357,56,0.7027512101164302,0.8293087331795109,11,0.9976087030767335,33,0.9973789149277555,5,0.9988783119800008,7,0.9988496644581059
Classical Monocytes|Classical Monocytes|ICAM1|ITGAL_ITGB2,Classical Monocytes,Classical Monocytes,ICAM1,ITGAL_ITGB2,0.009662397010946093,-0.00357284661058474,0.022897640632476925,43,0.15246667281873374,0.4000957415317005,9,0.0,22,0.009662397010946093,5,0.0,7,0.0,Classical Monocytes,Classical Monocytes,ICAM1,ITGAL_ITGB2,-0.14370407644718108,-0.43734818010749726,0.1499400272131351,56,0.33747276899582423,0.5900226619420714,11,0.8001971660342531,33,0.6485162956834999,5,0.9908867599784825,7,0.9829099660749104
Non-classical Monocytes|Classical Monocytes|LGALS9|PTPRC,Non-classical Monocytes,Classical Monocytes,LGALS9,PTPRC,-0.015860650531039355,-0.03764561481781284,0.005924313755734125,56,0.15359101213883578,0.40160695783223016,11,0.9535973678376539,33,0.9573636057737023,5,0.9482666189420523,7,0.96789350740914,Non-classical Monocytes,Classical Monocytes,LGALS9,PTPRC,2.8582054081627284e-05,-0.00013136178781648824,0.0001885258959797428,56,0.7261535911731927,0.8475329364277545,11,0.9994794549771885,33,0.9994859344388484,5,0.9997783586450998,7,0.999756256052678
NK Cells|Non-classical Monocytes|LGALS1|CD69,NK Cells,Non-classical Monocytes,LGALS1,CD69,0.11598600062480369,-0.04328391506274479,0.27525591631235213,56,0.15348903888982807,0.40160695783223016,11,0.7653856967771767,33,0.8737075133289741,5,0.8736055784932623,7,0.865941394420256,NK Cells,Non-classical Monocytes,LGALS1,CD69,0.0014977920436550773,0.0002814160506420043,0.0027141680366681506,56,0.015803870857025757,0.284271718428537,11,0.9974239543051199,33,0.9985718037744985,5,0.9995103075304541,7,0.9991603649561777
Classical Monocytes|CD4 T Cells|S100A8|ITGB2,Classical Monocytes,CD4 T Cells,S100A8,ITGB2,-7.865617531666036e-05,-0.00018680360256503788,2.9491251931717166e-05,56,0.1540150886372584,0.40226536014317493,11,0.9999325486606344,33,0.99990731793061,5,0.9998776249029776,7,0.9999310503482699,Classical Monocytes,CD4 T Cells,S100A8,ITGB2,-3.542847527571169e-07,-1.3627634697193817e-06,6.541939642051479e-07,56,0.49110815856461343,0.6790067139297371,11,0.9999989950552941,33,0.9999986442335074,5,0.9999994088183868,7,0.9999994122813528
CD8 T Cells|Classical Monocytes|ICAM3|ITGAL,CD8 T Cells,Classical Monocytes,ICAM3,ITGAL,-0.1835126139187751,-0.43604463059794407,0.06901940276039387,53,0.15436335694710843,0.4027245122586572,10,0.4890890332337919,31,0.3532140398193613,5,0.36877145258540694,7,0.41640907308975145,CD8 T Cells,Classical Monocytes,ICAM3,ITGAL,0.029825603713102056,-0.17381261933627543,0.23346382676247954,56,0.7740636689855943,0.8600857010693846,11,0.9040161765662479,33,0.9314715302912312,5,0.9975525798967471,7,0.9951823299086283
Non-classical Monocytes|NK Cells|ADAM17|ITGB1,Non-classical Monocytes,NK Cells,ADAM17,ITGB1,0.1948347501215466,-0.07494739715658078,0.464616897399674,56,0.15693013321510607,0.4071502877328753,11,0.06360024417407457,33,0.35795117286478195,5,0.4866745899160289,7,0.5861907684851897,Non-classical Monocytes,NK Cells,ADAM17,ITGB1,0.004032456623434766,0.001689271531067986,0.006375641715801546,56,0.0007436473628697138,0.09753557241920435,11,0.988692269974144,33,0.9918315703590963,5,0.9979898016819917,7,0.9970966454435093
CD8 T Cells|CD8 T Cells|HLA-C|CD8B,CD8 T Cells,CD8 T Cells,HLA-C,CD8B,-0.00013946334113479342,-0.0003325524655169949,5.3625783247408055e-05,56,0.1568833037436591,0.4071502877328753,11,0.9999180698158718,33,0.9998769021296205,5,0.9997502604372814,7,0.9998485560921649,CD8 T Cells,CD8 T Cells,HLA-C,CD8B,-7.660729292036095e-07,-2.1979065799455768e-06,6.65760721538358e-07,56,0.2943447032377453,0.5900226619420714,11,0.999998669410466,33,0.9999981272059663,5,0.999998535285765,7,0.9999987591541944
Non-classical Monocytes|NK Cells|LGALS9|CD47,Non-classical Monocytes,NK Cells,LGALS9,CD47,-0.07561960854778349,-0.18032830111249737,0.02908908401693039,56,0.15693158841952368,0.4071502877328753,11,0.8599476436484824,33,0.8650902168475856,5,0.7890664619190134,7,0.8698286436659001,Non-classical Monocytes,NK Cells,LGALS9,CD47,-0.00010181923753593836,-0.0009087117778621544,0.0007050733027902777,56,0.8046592626057086,0.8872916860179276,11,0.9984174430673501,33,0.9982909687232815,5,0.9991419336358993,7,0.9991172785293666
CD8 T Cells|Classical Monocytes|LRPAP1|LRP1,CD8 T Cells,Classical Monocytes,LRPAP1,LRP1,0.00677998987058469,-0.0026261392717335996,0.01618611901290298,56,0.1577283996086889,0.40876338855303945,11,0.0,33,0.00677998987058469,5,0.0,7,0.0,CD8 T Cells,Classical Monocytes,LRPAP1,LRP1,0.0015175161507658963,-0.004145232594147158,0.007180264895678951,56,0.5994194484608293,0.7593717729051237,11,0.9832234935906562,33,0.9796561272585027,5,0.9933453364421204,7,0.988260453959201
CD4 T Cells|Classical Monocytes|GNAS|ADCY7,CD4 T Cells,Classical Monocytes,GNAS,ADCY7,-0.05432336024699118,-0.12980921108712998,0.02116249059314762,56,0.15839586079851886,0.41003806537088866,11,0.01973513032659097,33,0.04356800598588576,5,0.0,7,0.07815623590628597,CD4 T Cells,Classical Monocytes,GNAS,ADCY7,0.00041306689347486714,-0.0030977565763864756,0.003923890363336209,56,0.8176254918662338,0.8976792583022692,11,0.9878100629964486,33,0.9855998956589459,5,0.9948901706360014,7,0.9922669364050238
Non-classical Monocytes|CD8 T Cells|HLA-C|CD8B,Non-classical Monocytes,CD8 T Cells,HLA-C,CD8B,-0.0003353361346163375,-0.0008028262069501876,0.00013215393771751261,56,0.1597522624445309,0.4126344389468801,11,0.9998622196687991,33,0.9996418750534986,5,0.9994702519052145,7,0.9995852434245304,Non-classical Monocytes,CD8 T Cells,HLA-C,CD8B,-3.237164147962268e-06,-7.025086118485104e-06,5.507578225605677e-07,56,0.0939365189692544,0.5416610286052043,11,0.9999979492332851,33,0.9999945514844191,5,0.9999970424278887,7,0.9999968818431706
CD8 T Cells|Non-classical Monocytes|LRPAP1|LRP1,CD8 T Cells,Non-classical Monocytes,LRPAP1,LRP1,0.011338275720828468,-0.004475512474751395,0.027152063916408332,56,0.15994157103799256,0.41266692637979296,11,0.0,33,0.011338275720828468,5,0.0,7,0.0,CD8 T Cells,Non-classical Monocytes,LRPAP1,LRP1,0.004872169187404185,-0.0015203289305817467,0.011264667305390117,56,0.13522125773706975,0.5560563594390482,11,0.98094293540195,33,0.9799727706017773,5,0.9916019989817582,7,0.9857596649941813
Classical Monocytes|CD8 T Cells|ADAM15|ITGB1,Classical Monocytes,CD8 T Cells,ADAM15,ITGB1,0.04299533557290124,-0.017017431317907124,0.10300810246370962,50,0.16026236772413704,0.4130382214523841,8,0.007969995640629375,30,0.05096533121353062,5,0.0,7,0.0,Classical Monocytes,CD8 T Cells,ADAM15,ITGB1,0.1844526890071564,-0.1164913123260376,0.4853966903403504,56,0.22963923330498404,0.5900226619420714,11,0.7135592097685313,33,0.8914062192763441,5,0.9912566470157698,7,0.9846509675164262
Non-classical Monocytes|CD8 T Cells|ADAM15|ITGB1,Non-classical Monocytes,CD8 T Cells,ADAM15,ITGB1,0.04637914896877439,-0.01840280981022141,0.11116110774777019,49,0.16055989023866457,0.41334878027263705,6,0.00993931053757275,31,0.05631845950634714,5,0.0,7,0.0,Non-classical Monocytes,CD8 T Cells,ADAM15,ITGB1,0.39338413775916115,0.06550385463740815,0.7212644208809141,56,0.01869662409352979,0.29063924898676846,11,0.5346670206537836,33,0.920980592387929,5,0.9915898773210428,7,0.984519311296027
CD4 T Cells|CD4 T Cells|LRPAP1|SORL1,CD4 T Cells,CD4 T Cells,LRPAP1,SORL1,0.003566145945567088,-0.0014195224626873046,0.00855181435382148,56,0.16093857659615318,0.4138673748370239,11,0.0,33,0.003566145945567088,5,0.0,7,0.0,CD4 T Cells,CD4 T Cells,LRPAP1,SORL1,0.0010479925105219001,-0.004286359565227198,0.006382344586270999,56,0.7001954673113677,0.8273624635939205,11,0.9830987401729776,33,0.9793112087452774,5,0.9930525477850095,7,0.9882170238467874
Classical Monocytes|NK Cells|TIMP2|ITGB1,Classical Monocytes,NK Cells,TIMP2,ITGB1,0.1673385722610528,-0.06704757496515915,0.40172471948726474,56,0.16172171085708542,0.41542375671209514,11,0.2781955910823737,33,0.48469728766446857,5,0.6399913593076589,7,0.679154483628701,Classical Monocytes,NK Cells,TIMP2,ITGB1,0.002335166667238764,0.0005097403460046159,0.004160592988472912,56,0.01216666195004655,0.24291500999639815,11,0.9920304400405239,33,0.9935162512810432,5,0.9985776822520821,7,0.9977283268253626
NK Cells|Non-classical Monocytes|CIRBP|TREM1,NK Cells,Non-classical Monocytes,CIRBP,TREM1,-0.07900095075694791,-0.18985919480136493,0.03185729328746911,56,0.16249482526194392,0.41695100767762533,11,0.8868666282027443,33,0.8949233768418804,5,0.8439807209088899,7,0.9310384203049739,NK Cells,Non-classical Monocytes,CIRBP,TREM1,-0.00020185831952501676,-0.001259687595725374,0.0008559709566753405,56,0.7083994724819727,0.8342791206796909,11,0.998707817798119,33,0.9985466760753606,5,0.9993910065306958,7,0.9994317231274624
CD4 T Cells|CD8 T Cells|HLA-A|CD8B,CD4 T Cells,CD8 T Cells,HLA-A,CD8B,-0.0006677764936384722,-0.001606216941227795,0.0002706639539508506,56,0.16311436663786538,0.41716543932028,11,0.9997097899175503,33,0.9996439511337222,5,0.9992189291307814,7,0.9998208668405917,CD4 T Cells,CD8 T Cells,HLA-A,CD8B,-3.184735964500973e-06,-9.32618241981768e-06,2.956710490815735e-06,56,0.309454322245171,0.5900226619420714,11,0.9999954281440872,33,0.9999949449062383,5,0.9999956250837284,7,0.9999983265818441
Non-classical Monocytes|CD4 T Cells|SELPLG|SELL,Non-classical Monocytes,CD4 T Cells,SELPLG,SELL,-0.09668928814127031,-0.232523074840068,0.039144498557527385,56,0.16297279751508575,0.41716543932028,11,0.9011631769924254,33,0.8534609104445323,5,0.8016104211686512,7,0.8505974427620284,Non-classical Monocytes,CD4 T Cells,SELPLG,SELL,-0.0005110264679460963,-0.0013671713624977154,0.0003451184266055229,56,0.24204612170233852,0.5900226619420714,11,0.9988858816981904,33,0.998197891257198,5,0.9991718263919322,7,0.998994862418886
Non-classical Monocytes|B Cells|S100A9|ITGB2,Non-classical Monocytes,B Cells,S100A9,ITGB2,-0.020047792174387347,-0.04828572203458784,0.00819013768581315,56,0.16407524150591057,0.4191637734314017,11,0.9841554394203584,33,0.9937305939082991,5,0.9613573351664932,7,0.9909802818288213,Non-classical Monocytes,B Cells,S100A9,ITGB2,3.124988537828166e-05,-0.00011853104050362127,0.0001810308112601846,56,0.6825972263829743,0.8168409214011655,11,0.9998237238924698,33,0.9999244420686649,5,0.9998526923065644,7,0.9999221605973813
Non-classical Monocytes|B Cells|LGALS9|CD47,Non-classical Monocytes,B Cells,LGALS9,CD47,-0.13185082634538658,-0.3176910915555774,0.05398943886480426,56,0.1643575349769716,0.41942605920352855,11,0.784488068823537,33,0.8044565857944146,5,0.6745010422551754,7,0.8263203855714395,Non-classical Monocytes,B Cells,LGALS9,CD47,-0.00016780783717085246,-0.0013444455375240985,0.0010088298631823936,56,0.779843478459795,0.8651536697134277,11,0.997598857426449,33,0.9975066855387231,5,0.9986770681456111,7,0.998752704095056
Non-classical Monocytes|Non-classical Monocytes|HLA-DRA|CD4,Non-classical Monocytes,Non-classical Monocytes,HLA-DRA,CD4,-0.0025194598447146888,-0.006080001384107404,0.0010410816946780266,56,0.16547778297218796,0.4209048183442907,11,0.9958995284678026,33,0.9930074766630287,5,0.996995791272331,7,0.9966231993122717,Non-classical Monocytes,Non-classical Monocytes,HLA-DRA,CD4,-3.4471603370112014e-05,-8.540751667536278e-05,1.646430993513875e-05,56,0.18469615291686547,0.5900226619420714,11,0.9999487923696577,33,0.9998950865399439,5,0.9999858170832358,7,0.9999665828568919
Non-classical Monocytes|NK Cells|S100A8|ITGB2,Non-classical Monocytes,NK Cells,S100A8,ITGB2,-0.007677235691806117,-0.018523748837296322,0.0031692774536840867,56,0.16535767227648135,0.4209048183442907,11,0.9975512695307241,33,0.9997401177067186,5,0.9892124838528413,7,0.9990785677206419,Non-classical Monocytes,NK Cells,S100A8,ITGB2,-1.0075628318229057e-05,-6.469377723666567e-05,4.454252060020755e-05,56,0.7176790719241317,0.8425305360743786,11,0.9999698285156199,33,0.9999969948220248,5,0.9999546296038913,7,0.9999918715386144
Non-classical Monocytes|Non-classical Monocytes|HLA-DRB1|CD4,Non-classical Monocytes,Non-classical Monocytes,HLA-DRB1,CD4,-0.004294093930808929,-0.010371700406831288,0.00178351254521343,56,0.16611363081886155,0.4214192831293759,11,0.991640768659286,33,0.9862871570326027,5,0.9943240710557415,7,0.9932645533598672,Non-classical Monocytes,Non-classical Monocytes,HLA-DRB1,CD4,-6.628976953437782e-05,-0.0001557241104522416,2.314457138348597e-05,56,0.14629373159047254,0.5560563594390482,11,0.9998962159165807,33,0.9997915407127517,5,0.9999745733029975,7,0.999936187868703
NK Cells|Classical Monocytes|GNAI2|C5AR1,NK Cells,Classical Monocytes,GNAI2,C5AR1,-0.24542127316482204,-0.5928644707564621,0.10202192442681807,56,0.16622148169685447,0.4214192831293759,11,0.556457357451073,33,0.38339516317696215,5,0.48192478917846343,7,0.5542838680691745,NK Cells,Classical Monocytes,GNAI2,C5AR1,-0.0013071061456104704,-0.0042628289457936445,0.0016486166545727032,56,0.3860774768024222,0.6168164539361529,11,0.9950067007433769,33,0.9922890069580906,5,0.99776810212718,7,0.9963575144875042
CD4 T Cells|CD4 T Cells|HLA-DPA1|CD4,CD4 T Cells,CD4 T Cells,HLA-DPA1,CD4,0.017930523290107917,-0.007468524863135342,0.04332957144335117,51,0.16646822077454493,0.4215870884040807,8,0.0,31,0.017930523290107917,5,0.0,7,0.0,CD4 T Cells,CD4 T Cells,HLA-DPA1,CD4,0.21270346518316696,-0.08192920622333538,0.5073361365896694,56,0.15708252679687806,0.5560563594390482,11,0.71081009491823,33,0.9175100097914,5,0.9917997150645231,7,0.9857961647545261
B Cells|CD4 T Cells|CALM1|PTPRA,B Cells,CD4 T Cells,CALM1,PTPRA,-0.18333300144780718,-0.4433192101904841,0.07665320729486974,53,0.16694201295084188,0.42221694712123076,11,0.5492280151848713,30,0.498517858364859,5,0.4336992376288862,7,0.5663220822566811,B Cells,CD4 T Cells,CALM1,PTPRA,-0.09115058690559485,-0.1916576165714634,0.009356442760273712,56,0.07548499307722097,0.4776247420339505,11,0.9950683108371208,33,0.9032023957509845,5,0.9976897841553669,7,0.9969744559748254
NK Cells|Non-classical Monocytes|SEMA4D|PLXNB2,NK Cells,Non-classical Monocytes,SEMA4D,PLXNB2,0.003425535674198162,-0.0014338112454300982,0.008284882593826422,54,0.16707856922484676,0.42221694712123076,10,0.0,32,0.003425535674198162,5,0.0,7,0.0,NK Cells,Non-classical Monocytes,SEMA4D,PLXNB2,0.06225544718424114,-0.13058432363720038,0.2550952180056827,56,0.5269000648895473,0.712910740063388,11,0.8924318713777936,33,0.948869525720774,5,0.9920754820897055,7,0.9862576892484448
CD4 T Cells|Classical Monocytes|HLA-DPA1|CD4,CD4 T Cells,Classical Monocytes,HLA-DPA1,CD4,0.043022651378135476,-0.01822453904343791,0.10426984179970886,52,0.1685856266251139,0.4255647980212335,8,0.013016467097102875,32,0.04343507417207214,5,0.02472785138038294,7,0.01212380707721673,CD4 T Cells,Classical Monocytes,HLA-DPA1,CD4,0.2412174713644899,-0.050145093712121724,0.5325800364411015,56,0.10466564760931028,0.5560563594390482,11,0.7165439957547288,33,0.9524192288307378,5,0.9951332098662202,7,0.9897909715777393
B Cells|Classical Monocytes|HLA-A|LILRB2,B Cells,Classical Monocytes,HLA-A,LILRB2,-0.006497371620293735,-0.01577941730713281,0.002784674066545338,56,0.1700752541019669,0.4274765536362677,11,0.9888963509601748,33,0.9905068598716096,5,0.9842048194738515,7,0.99231270000558,B Cells,Classical Monocytes,HLA-A,LILRB2,1.7744121317719852e-05,-5.424533842216248e-05,8.973358105760218e-05,56,0.6290273898800829,0.7744952773065811,11,0.9998643817652155,33,0.9998933486173986,5,0.9999333819829308,7,0.9999446047137962
Non-classical Monocytes|Non-classical Monocytes|GRN|TNFRSF1B,Non-classical Monocytes,Non-classical Monocytes,GRN,TNFRSF1B,-0.0071170837394042286,-0.01729198382706006,0.0030578163482516026,56,0.17039212021165673,0.42779370108700576,11,0.9775509148922428,33,0.9807921989403268,5,0.9708182909765997,7,0.9811766587640879,Non-classical Monocytes,Non-classical Monocytes,GRN,TNFRSF1B,3.6313460115899865e-05,-5.1645837539751214e-05,0.00012427275777155094,56,0.41842358597749085,0.6490187644598663,11,0.9997327853545528,33,0.9997457859642358,5,0.9998754154704143,7,0.9998521026199814
Non-classical Monocytes|NK Cells|ICAM2|ITGAM_ITGB2,Non-classical Monocytes,NK Cells,ICAM2,ITGAM_ITGB2,-0.1816169370754335,-0.44137136517375597,0.078137491022889,55,0.17056785255332008,0.42779370108700576,11,0.16427934941982034,33,0.15725656314502742,5,0.0,6,0.17459415080064059,Non-classical Monocytes,NK Cells,ICAM2,ITGAM_ITGB2,0.13887092957865,-0.1613963639804737,0.4391382231377737,56,0.3646893799925599,0.6000516221407327,11,0.9903742855929946,33,0.9857120499655134,5,0.9944598746369466,7,0.8509267094308155
Non-classical Monocytes|CD4 T Cells|ADAM10|CD44,Non-classical Monocytes,CD4 T Cells,ADAM10,CD44,-0.09760168210460551,-0.2376514924403229,0.04244812823111188,56,0.1719664396188454,0.4299160990471135,11,0.7391282330305273,33,0.6860958559328932,5,0.7025105597529999,7,0.7470798647599713,Non-classical Monocytes,CD4 T Cells,ADAM10,CD44,-0.00033830531029865885,-0.001218856298223876,0.0005422456776265585,56,0.45144218203414865,0.6642847591249715,11,0.9971026159954977,33,0.9961657775313748,5,0.998826028917704,7,0.9982274957638798
Non-classical Monocytes|CD4 T Cells|HLA-DMA|CD4,Non-classical Monocytes,CD4 T Cells,HLA-DMA,CD4,-0.10621805832819553,-0.2586267929840849,0.04619067632769386,55,0.17195289100853872,0.4299160990471135,11,0.6757932385182913,32,0.5838320117468311,5,0.7254225094442055,7,0.7396793410009408,Non-classical Monocytes,CD4 T Cells,HLA-DMA,CD4,-0.03046906300205665,-0.0905042905685669,0.029566164564453608,56,0.31987226540249625,0.5900226619420714,11,0.9964310043530471,33,0.9645500075745637,5,0.998905433463657,7,0.9974934996872301
B Cells|Non-classical Monocytes|HLA-F|LILRB1,B Cells,Non-classical Monocytes,HLA-F,LILRB1,-0.22985955433074817,-0.5596823792990464,0.09996327063755,56,0.17195945395944068,0.4299160990471135,11,0.3153860880190314,33,0.3826426698637013,5,0.11037956324164078,7,0.4074956994170589,B Cells,Non-classical Monocytes,HLA-F,LILRB1,0.0005086805483549561,-0.001804281356514439,0.0028216424532243514,56,0.6664341134140913,0.8053428315874086,11,0.9925557729679249,33,0.9924367575829591,5,0.9963148986299366,7,0.9956872026966159
NK Cells|CD8 T Cells|HLA-C|CD8A,NK Cells,CD8 T Cells,HLA-C,CD8A,-0.00012638683888732682,-0.0003078242602448238,5.505058247017014e-05,56,0.1721637296901397,0.42994899339730075,11,0.9999357072212899,33,0.9998848746760017,5,0.9997530348496522,7,0.9998285891432513,NK Cells,CD8 T Cells,HLA-C,CD8A,-4.040836176777418e-07,-1.6736627051961598e-06,8.654954698406762e-07,56,0.5327455390863758,0.7179310797770206,11,0.999999010365827,33,0.999998513088935,5,0.9999987658835835,7,0.9999986726903092
Non-classical Monocytes|Non-classical Monocytes|PSAP|LRP1,Non-classical Monocytes,Non-classical Monocytes,PSAP,LRP1,-0.04294013127493923,-0.10479954896992537,0.018919286420046907,56,0.17366473393975312,0.4308418416553408,11,0.9682892053978969,33,0.9662048099762518,5,0.9088871095636746,7,0.9497428454169687,Non-classical Monocytes,Non-classical Monocytes,PSAP,LRP1,-1.0364664669415546e-05,-0.00029681310509104176,0.00027608377575221067,56,0.943462964820078,0.9678524216819971,11,0.9996547331446762,33,0.9995830874345015,5,0.9996468104576401,7,0.9995855294121349
Non-classical Monocytes|CD4 T Cells|S100A8|ITGB2,Non-classical Monocytes,CD4 T Cells,S100A8,ITGB2,-0.033314815344574034,-0.0813213636193787,0.014691732930230635,56,0.1737842302429805,0.4308418416553408,11,0.9764755063343219,33,0.9934534007777861,5,0.9410790110895506,7,0.9913717208775888,Non-classical Monocytes,CD4 T Cells,S100A8,ITGB2,4.358538785464994e-05,-0.00019918200436885817,0.000286352780078158,56,0.7249257859502078,0.8465638542196816,11,0.9997340635262233,33,0.9999282340917873,5,0.9997773842612376,7,0.999927969438947
NK Cells|Non-classical Monocytes|MIF|CD74_CXCR4,NK Cells,Non-classical Monocytes,MIF,CD74_CXCR4,0.07623892249021524,-0.03340616278538111,0.1858840077658116,56,0.1729420432367853,0.4308418416553408,11,0.9036519363056055,33,0.9281991851764433,5,0.9320808896633382,7,0.8803892160439608,NK Cells,Non-classical Monocytes,MIF,CD74_CXCR4,6.866209724787353e-06,-5.087975021268868e-06,1.8820394470843576e-05,56,0.26026780119350745,0.5900226619420714,11,0.9999951744005682,33,0.9999937881906534,5,0.9999983798215233,7,0.9999901274018838
Non-classical Monocytes|NK Cells|HLA-A|CD8A,Non-classical Monocytes,NK Cells,HLA-A,CD8A,-0.017652686764183745,-0.043056228822661455,0.007750855294293969,42,0.17321023389753842,0.4308418416553408,8,0.9570399490901481,22,0.9431824384606308,5,0.9928730665855676,7,0.9966682427202339,Non-classical Monocytes,NK Cells,HLA-A,CD8A,-0.060776794601696604,-0.39422823637539717,0.27267464717200396,56,0.7209163289118924,0.8425305360743786,11,0.7268860059838389,33,0.6661190163952614,5,0.9999669724957849,7,0.9999767775089039
NK Cells|CD8 T Cells|HLA-A|CD8A,NK Cells,CD8 T Cells,HLA-A,CD8A,-0.0002228277046031346,-0.0005437951690337347,9.81397598274655e-05,56,0.17361457537957703,0.4308418416553408,11,0.9998828417053246,33,0.9998718996410755,5,0.9996124312178243,7,0.9998243168581783,NK Cells,CD8 T Cells,HLA-A,CD8A,-3.7188002977028844e-07,-2.5974602261811075e-06,1.8537001666405307e-06,56,0.7432917984691356,0.8527700215723305,11,0.9999981660952136,33,0.9999983263205643,5,0.9999980149867372,7,0.9999985470921177
Non-classical Monocytes|B Cells|S100A8|ITGB2,Non-classical Monocytes,B Cells,S100A8,ITGB2,-0.07208522682870366,-0.17622793209456603,0.0320574784371587,56,0.17489474419297046,0.432147330889509,11,0.939941351654626,33,0.9847285408880513,5,0.8653145066483949,7,0.9821869227105239,Non-classical Monocytes,B Cells,S100A8,ITGB2,0.00010984362391819325,-0.00047433723666722165,0.0006940244845036081,56,0.7124763262242035,0.8383077805242055,11,0.9993496454796809,33,0.9998309742242203,5,0.9994905827288088,7,0.99986206784943
CD8 T Cells|Classical Monocytes|SELPLG|SELL,CD8 T Cells,Classical Monocytes,SELPLG,SELL,-0.2135943384197695,-0.5221505863977294,0.09496190955819045,56,0.17485703227995875,0.432147330889509,11,0.546531562463156,33,0.6623422245995174,5,0.2885447728894387,7,0.6179497734455696,CD8 T Cells,Classical Monocytes,SELPLG,SELL,0.0007142661351079438,-0.0010505811081361906,0.002479113378352078,56,0.4276418113585271,0.6583612729315558,11,0.9951231422259156,33,0.9962293098903243,5,0.997207823302379,7,0.9975997248316798
Non-classical Monocytes|Non-classical Monocytes|VCAN|CD44,Non-classical Monocytes,Non-classical Monocytes,VCAN,CD44,-0.046062582362885185,-0.11268961376953174,0.020564449043761368,55,0.17541098241764097,0.4329647398997798,10,0.9498488085060682,33,0.9271051175370968,5,0.9060580570629144,7,0.9293769484568282,Non-classical Monocytes,Non-classical Monocytes,VCAN,CD44,0.09080927604976574,-0.09596044442478754,0.27757899652431905,56,0.34061349111167294,0.5900226619420714,11,0.9085743981718366,33,0.9991323291017569,5,0.9996262934847436,7,0.9993749483648982
CD4 T Cells|Classical Monocytes|LRPAP1|LRP1,CD4 T Cells,Classical Monocytes,LRPAP1,LRP1,0.0070472732503569484,-0.0031693758523680116,0.01726392235308191,56,0.17639121676631664,0.4340078937295567,11,0.0,33,0.0070472732503569484,5,0.0,7,0.0,CD4 T Cells,Classical Monocytes,LRPAP1,LRP1,0.0011766757758223667,-0.004155132782144899,0.006508484333789632,56,0.6653460337093562,0.804560937662301,11,0.9828785477002573,33,0.9786734933595242,5,0.9935868782126807,7,0.9882051480961253
Non-classical Monocytes|Classical Monocytes|ICAM1|SPN,Non-classical Monocytes,Classical Monocytes,ICAM1,SPN,0.015021799335744893,-0.006753097098049089,0.036796695769538874,45,0.17633821238775838,0.4340078937295567,9,0.0,24,0.015021799335744893,5,0.0,7,0.0,Non-classical Monocytes,Classical Monocytes,ICAM1,SPN,-0.08494799734977776,-0.37346896815403624,0.20357297345448072,56,0.5638963396923032,0.7328587701981542,11,0.7996138799053006,33,0.7058485520490788,5,0.9915133672959293,7,0.9826960367894854
CD8 T Cells|Classical Monocytes|PTPN6|CD300LF,CD8 T Cells,Classical Monocytes,PTPN6,CD300LF,0.010253556853649424,-0.004610468826147674,0.025117582533446522,51,0.1763658581859725,0.4340078937295567,11,0.0,28,0.010688509030083667,5,0.0,7,0.00043495217643424287,CD8 T Cells,Classical Monocytes,PTPN6,CD300LF,-0.1513185083801999,-0.2744542974194205,-0.028182719340979254,56,0.016015988821387495,0.2850310656820187,11,0.9818668562852477,33,0.8274406283397027,5,0.9914871518542755,7,0.9883794322889303
CD8 T Cells|CD8 T Cells|HLA-F|CD8A,CD8 T Cells,CD8 T Cells,HLA-F,CD8A,-0.06773076871136541,-0.16626927023880783,0.030807732816077002,56,0.1779197554033083,0.43684819018583054,11,0.8654528774093802,33,0.8807034114077,5,0.8008316185113882,7,0.8838129212210735,CD8 T Cells,CD8 T Cells,HLA-F,CD8A,0.00020673007456406545,-0.0004042439705021605,0.0008177041196302914,56,0.5072176546181565,0.6970560540665524,11,0.9984887368166017,33,0.9986713053203599,5,0.9992073373154137,7,0.9991831757446078
B Cells|Non-classical Monocytes|FCER2|ITGAX_ITGB2,B Cells,Non-classical Monocytes,FCER2,ITGAX_ITGB2,-0.20153442895431167,-0.4954283837541305,0.09235952584550716,55,0.17894096317865593,0.43843352468222624,11,0.5774238561193722,33,0.257693801184893,5,0.36027991486958716,6,0.24208428888941966,B Cells,Non-classical Monocytes,FCER2,ITGAX_ITGB2,0.13791774638181242,-0.16260360821276815,0.438439100976393,56,0.36839550683268474,0.6029760624462895,11,0.9953845363167627,33,0.9874885244627472,5,0.9974078854441005,7,0.8515941272082725
Non-classical Monocytes|Non-classical Monocytes|CD1D|LILRB2,Non-classical Monocytes,Non-classical Monocytes,CD1D,LILRB2,-0.16905161598009105,-0.41589297180152796,0.07778973984134585,51,0.17949883938003353,0.43855238542077596,9,0.4071960131475262,30,0.41382714234486245,5,0.3522559672637657,7,0.5279387124411931,Non-classical Monocytes,Non-classical Monocytes,CD1D,LILRB2,0.09054351442763076,-0.1779419854048671,0.3590290142601286,56,0.5086287665520008,0.6977640766883648,11,0.8125789220987202,33,0.9020375552570206,5,0.9974074892640814,7,0.996322607994751
B Cells|Classical Monocytes|HLA-DQB1|CD4,B Cells,Classical Monocytes,HLA-DQB1,CD4,-0.010383391500482064,-0.025553170503407788,0.0047863875024436574,56,0.17974074211892188,0.43855238542077596,11,0.9796103983927019,33,0.9640929755062178,5,0.9796764863272911,7,0.974542454941289,B Cells,Classical Monocytes,HLA-DQB1,CD4,-0.00012028593941837418,-0.00034273974085273707,0.00010216786201598871,56,0.2892364756953226,0.5900226619420714,11,0.9997508316121801,33,0.9994963282410193,5,0.9999073167478588,7,0.9997730993161162
B Cells|Classical Monocytes|HMGB1|CXCR4,B Cells,Classical Monocytes,HMGB1,CXCR4,-0.022671217580751857,-0.05585093116641614,0.010508496004912424,56,0.18050069243620637,0.4392130201718824,11,0.9716974498531029,33,0.9551120756027094,5,0.9586155143793628,7,0.9647013577097211,B Cells,Classical Monocytes,HMGB1,CXCR4,-0.00021851976505404824,-0.000508629276226749,7.158974611865243e-05,56,0.1398613410794579,0.5560563594390482,11,0.999665311443035,33,0.9993693033023209,5,0.9998059584693649,7,0.9997284700937049
CD8 T Cells|NK Cells|HLA-A|CD8A,CD8 T Cells,NK Cells,HLA-A,CD8A,-0.013189629675757764,-0.03249620425069943,0.0061169448991839,42,0.18057580272591311,0.4392130201718824,8,0.967825664180026,22,0.9578522808141288,5,0.9959049264526169,7,0.9991211727624772,CD8 T Cells,NK Cells,HLA-A,CD8A,-0.06073544017129684,-0.3942359172931763,0.27276503695058263,56,0.7211375879815141,0.8425305360743786,11,0.7269790592612458,33,0.6662558661411634,5,0.9999809988674441,7,0.9999932459186585
CD8 T Cells|Non-classical Monocytes|MIF|CD74_CXCR4,CD8 T Cells,Non-classical Monocytes,MIF,CD74_CXCR4,0.0855871768972476,-0.03987390717988687,0.21104826097438206,56,0.181206207746906,0.43986572579377686,11,0.9012712283717229,33,0.9171598720504178,5,0.9376427903858392,7,0.8679442571672865,CD8 T Cells,Non-classical Monocytes,MIF,CD74_CXCR4,1.0303934445121676e-05,-9.949920589323816e-06,3.055778947956717e-05,56,0.318710663883793,0.5900226619420714,11,0.9999951555475438,33,0.999992500832004,5,0.9999984390494774,7,0.9999854803994924
Non-classical Monocytes|B Cells|COPA|CD74,Non-classical Monocytes,B Cells,COPA,CD74,-0.006395186289920751,-0.015774166008834113,0.0029837934289926125,56,0.18140929076634138,0.43986572579377686,11,0.9868275465495882,33,0.9848591836743931,5,0.9855618430704978,7,0.9899886664852234,Non-classical Monocytes,B Cells,COPA,CD74,-1.264299736070118e-05,-9.637132592845491e-05,7.108533120705255e-05,56,0.7672644292045674,0.858763145651957,11,0.9998539327591675,33,0.9998254240719099,5,0.9999338301038556,7,0.9999179644139587
Non-classical Monocytes|Classical Monocytes|PSEN1|NOTCH2,Non-classical Monocytes,Classical Monocytes,PSEN1,NOTCH2,-0.006600150383467355,-0.016284290896505217,0.003083990129570508,56,0.1816152557252565,0.4399083216996617,11,0.006600150383467355,33,0.0,5,0.0,7,0.0,Non-classical Monocytes,Classical Monocytes,PSEN1,NOTCH2,-0.002484608431471358,-0.008157528275819002,0.003188311412876286,56,0.39066105595557254,0.6216521759651689,11,0.9860303960598839,33,0.9783516449587437,5,0.9935101795817912,7,0.9883160369121224
Classical Monocytes|NK Cells|PSEN1|CD44,Classical Monocytes,NK Cells,PSEN1,CD44,-0.2200141780699506,-0.5438063996081826,0.10377804346828134,56,0.182932633696277,0.44218188372754325,11,0.1885447014510344,33,0.1959771678725221,5,0.2865175414752428,7,0.513964185966681,Classical Monocytes,NK Cells,PSEN1,CD44,-0.0017045069255539058,-0.004722976263022647,0.0013139624119148353,56,0.2683903908308183,0.5900226619420714,11,0.9908397295849852,33,0.9883876449046721,5,0.9971943496018735,7,0.9964467718471143
NK Cells|Non-classical Monocytes|CALM1|PTPRA,NK Cells,Non-classical Monocytes,CALM1,PTPRA,-0.11222772063974185,-0.2774770897353578,0.05302164845587409,51,0.18315838796246608,0.4422697372206394,11,0.8265818089381411,28,0.7639632957595653,5,0.7544590284124871,7,0.8040682358736532,NK Cells,Non-classical Monocytes,CALM1,PTPRA,-0.151700556589358,-0.2774939370766591,-0.025907176102056895,56,0.018097412267671555,0.2902624868168367,11,0.998123288001359,33,0.8460333186337915,5,0.999026809459337,7,0.9986373966811275
B Cells|Non-classical Monocytes|ANXA2|TLR2,B Cells,Non-classical Monocytes,ANXA2,TLR2,-0.10702793882511473,-0.26489280857575104,0.050836930925521565,52,0.18391382316094884,0.4435403597217549,10,0.0,30,0.044435499114210145,5,0.0,7,0.15146343793932487,B Cells,Non-classical Monocytes,ANXA2,TLR2,0.0006027484281228013,-0.20757072089539427,0.20877621775163988,56,0.9954721031157352,0.9985980949609723,11,0.8901133531956017,33,0.8913570438177133,5,0.9913767035479137,7,0.9920176457419025
Classical Monocytes|Non-classical Monocytes|CD14|ITGB2,Classical Monocytes,Non-classical Monocytes,CD14,ITGB2,-0.005310982326892089,-0.01314730659579475,0.0025253419420105724,56,0.18406450045840705,0.4435403597217549,11,0.9954698459791654,33,0.9924163621529074,5,0.9923682420875132,7,0.9946257405881472,Classical Monocytes,Non-classical Monocytes,CD14,ITGB2,-3.084668172004257e-05,-8.878784283401363e-05,2.70944793939285e-05,56,0.2967424780694402,0.5900226619420714,11,0.9999407649122616,33,0.9998978329924902,5,0.9999644515265027,7,0.9999523662884514
NK Cells|Classical Monocytes|SPON2|ITGAM,NK Cells,Classical Monocytes,SPON2,ITGAM,0.2213538092418058,-0.10636209605979352,0.5490697145434051,56,0.1855540903671984,0.4455308387825771,11,0.9578684148223405,33,0.9336073531673359,5,0.8004672474610771,7,0.5548523765642667,NK Cells,Classical Monocytes,SPON2,ITGAM,0.002310425038032582,5.981575779971356e-05,0.004561034318265451,56,0.04421412981112057,0.42671310477832225,11,0.9995121940143666,33,0.9991609500893412,5,0.9991881909659757,7,0.9965265220029177
Non-classical Monocytes|Non-classical Monocytes|MIF|CD74_CXCR4,Non-classical Monocytes,Non-classical Monocytes,MIF,CD74_CXCR4,0.08678424430794918,-0.04176769607479491,0.21533618469069327,56,0.18578422381896764,0.4455308387825771,11,0.8436398719782319,33,0.849746115295893,5,0.9212217300226578,7,0.8405437290323697,Non-classical Monocytes,Non-classical Monocytes,MIF,CD74_CXCR4,7.1116970191686946e-06,-8.5093119514264e-06,2.273270598976379e-05,56,0.37223065445130765,0.6034462449351445,11,0.9999886639351185,33,0.9999812969851409,5,0.999997405748023,7,0.9999829271010262
NK Cells|Non-classical Monocytes|HLA-F|LILRB1,NK Cells,Non-classical Monocytes,HLA-F,LILRB1,-0.11934383458189324,-0.29614995466297156,0.05746228549918511,56,0.18584455544934908,0.4455308387825771,11,0.6784591214656348,33,0.6838113817156671,5,0.5373848580511312,7,0.6620809528830568,NK Cells,Non-classical Monocytes,HLA-F,LILRB1,0.00024648502999891075,-0.0008828351695082473,0.0013758052295060688,56,0.6688105342423163,0.8059780585234076,11,0.9965116410732726,33,0.9962369171130572,5,0.9981863959833449,7,0.9976651869931306
Non-classical Monocytes|CD8 T Cells|LGALS1|CD69,Non-classical Monocytes,CD8 T Cells,LGALS1,CD69,0.00025141872071554605,-0.0001222748132961757,0.0006251122547272679,56,0.1872855598581673,0.4480653506852671,11,0.9995096533270726,33,0.9998221350315751,5,0.9998740088278067,7,0.9999350718115937,Non-classical Monocytes,CD8 T Cells,LGALS1,CD69,2.437162565982476e-06,-3.33591463487921e-06,8.210239766844162e-06,56,0.40799990077901116,0.6414177436332663,11,0.9999933708480392,33,0.9999961674914782,5,0.9999992041212298,7,0.9999995636021028
NK Cells|CD8 T Cells|LRPAP1|SORL1,NK Cells,CD8 T Cells,LRPAP1,SORL1,0.03304919524650726,-0.016163864240191388,0.08226225473320592,55,0.1881000815908409,0.4495534191551827,11,0.020529786456991,32,0.053578981703498264,5,0.0,7,0.0,NK Cells,CD8 T Cells,LRPAP1,SORL1,-0.029023518962419725,-0.0886140256970851,0.03056698777224564,56,0.339780406491371,0.5900226619420714,11,0.9878942332872577,33,0.9547094210873498,5,0.9932983234926844,7,0.9891370302551962
Classical Monocytes|NK Cells|HLA-F|CD8A,Classical Monocytes,NK Cells,HLA-F,CD8A,-0.22789301805007878,-0.5680515559379324,0.11226551983777489,42,0.18914932161664422,0.44975933398662343,8,0.01556837845774075,22,0.08663090335939781,5,0.366301901057174,7,0.6652574440089098,Classical Monocytes,NK Cells,HLA-F,CD8A,-0.06181920850942224,-0.38978512445630525,0.26614670743746077,56,0.7118004825081818,0.8378211648387571,11,0.7153023893957644,33,0.6539142347011213,5,0.9972455428018121,7,0.9976765966165912
Classical Monocytes|CD8 T Cells|CD14|ITGA4,Classical Monocytes,CD8 T Cells,CD14,ITGA4,-0.07002200393566982,-0.1744167543284949,0.034372746457155254,56,0.18863384736311606,0.44975933398662343,11,0.8345863693469614,33,0.8682358149972066,5,0.7871852868343601,7,0.8908567364202751,Classical Monocytes,CD8 T Cells,CD14,ITGA4,0.00019946146195060077,-0.0005883349347158399,0.0009872578586170415,56,0.6197240200638651,0.7673288302689988,11,0.9982250905287272,33,0.9985497567043101,5,0.9991189982412729,7,0.9992442029549052
B Cells|NK Cells|FCER2|ITGAM_ITGB2,B Cells,NK Cells,FCER2,ITGAM_ITGB2,-0.20502760238832107,-0.5109551611397829,0.1008999563631407,54,0.18900255833975554,0.44975933398662343,11,0.6530423573806378,33,0.37888109132205444,5,0.3097495564638676,5,0.24061589279360537,B Cells,NK Cells,FCER2,ITGAM_ITGB2,0.2814553946768903,-0.10647992837478176,0.6693907177285623,56,0.15502744269846416,0.5560563594390482,11,0.996164886717163,33,0.990071952528775,5,0.9972091266611989,7,0.7096607977959206
B Cells|Classical Monocytes|FCER2|ITGAM_ITGB2,B Cells,Classical Monocytes,FCER2,ITGAM_ITGB2,-0.15134228153858553,-0.37705398643743604,0.07436942336026495,55,0.18878621442899468,0.44975933398662343,11,0.7231843353383737,33,0.5268499722829726,5,0.5830257296180273,6,0.5380336481012118,B Cells,Classical Monocytes,FCER2,ITGAM_ITGB2,0.14072627301064122,-0.1606536196304167,0.44210616565169913,56,0.3600943964487122,0.5944814209071893,11,0.9969359560359042,33,0.9934813100835928,5,0.9983152534028333,7,0.8541343344398806
Classical Monocytes|Non-classical Monocytes|ADAM10|TSPAN14,Classical Monocytes,Non-classical Monocytes,ADAM10,TSPAN14,0.020097576348746,-0.009922428900331907,0.05011758159782391,56,0.1894720462879087,0.45004892248531186,11,0.0,33,0.020097576348746,5,0.0,7,0.0,Classical Monocytes,Non-classical Monocytes,ADAM10,TSPAN14,0.00018016549950505834,-0.004665249655845164,0.005025580654855281,56,0.9419042314559267,0.9672936570793865,11,0.9843272763496681,33,0.9803380642748368,5,0.9932715759794949,7,0.9891021984051586
Classical Monocytes|B Cells|COPA|CD74,Classical Monocytes,B Cells,COPA,CD74,-0.006047189944880849,-0.015092043712866297,0.0029976638231045995,56,0.19006436207865707,0.450101709385055,11,0.9912730544453008,33,0.9874744894958994,5,0.9886373022774826,7,0.9908859272729621,Classical Monocytes,B Cells,COPA,CD74,-2.4392151190655298e-05,-8.934594003437343e-05,4.056163765306283e-05,56,0.4617143086778228,0.6642847591249715,11,0.9998948744714394,33,0.999855459411024,5,0.999947087618013,7,0.9999320647087883
B Cells|CD4 T Cells|IL16|CD4,B Cells,CD4 T Cells,IL16,CD4,-0.08517817781412718,-0.21313712448843522,0.04278076886018087,55,0.19200001823819834,0.4542249671592635,11,0.013765935807791028,32,0.012065110113109664,5,0.00681617321887912,7,0.09029352533832494,B Cells,CD4 T Cells,IL16,CD4,-0.03302559793931059,-0.09244882769540637,0.026397631816785186,56,0.27602711478442565,0.5900226619420714,11,0.9856098616189674,33,0.9500650362552082,5,0.9938908196223062,7,0.9913715921978578
Classical Monocytes|CD4 T Cells|VCAN|SELL,Classical Monocytes,CD4 T Cells,VCAN,SELL,-0.003667075774681283,-0.009209659156519095,0.0018755076071565293,56,0.19471775063196117,0.4583326085943844,11,0.9941308660318249,33,0.9912418688339684,5,0.992583236821108,7,0.9933613153979328,Classical Monocytes,CD4 T Cells,VCAN,SELL,-1.1597555583553465e-05,-5.583277382206693e-05,3.263766265496e-05,56,0.6073485789889783,0.7593717729051237,11,0.9999251739217143,33,0.9998987195672008,5,0.999964363479803,7,0.999949506680873
Non-classical Monocytes|Classical Monocytes|ICAM1|ITGAL_ITGB2,Non-classical Monocytes,Classical Monocytes,ICAM1,ITGAL_ITGB2,0.0149877939542876,-0.0076651511132424695,0.037640739021817665,44,0.19471220794022737,0.4583326085943844,8,0.0,24,0.0149877939542876,5,0.0,7,0.0,Non-classical Monocytes,Classical Monocytes,ICAM1,ITGAL_ITGB2,0.005656489931054054,-0.31531153339477463,0.32662451325688274,56,0.9724458478194516,0.9836853264278779,11,0.7095435156413618,33,0.7065152274303163,5,0.9908010639921061,7,0.9821162858500065
Classical Monocytes|Non-classical Monocytes|TNFSF13B|HLA-DPB1,Classical Monocytes,Non-classical Monocytes,TNFSF13B,HLA-DPB1,-0.003432199124243862,-0.008613444124140997,0.0017490458756532741,56,0.19417257951223266,0.4583326085943844,11,0.9935622071389788,33,0.9900043481937983,5,0.9986490751140138,7,0.9985234152930772,Classical Monocytes,Non-classical Monocytes,TNFSF13B,HLA-DPB1,-5.714048198157684e-05,-0.0001365216324180388,2.2240668454885117e-05,56,0.15829482709538756,0.5566018989061261,11,0.9999218558087261,33,0.9998568108896049,5,0.9999931780152302,7,0.9999852735780906
NK Cells|CD8 T Cells|TIMP1|CD63,NK Cells,CD8 T Cells,TIMP1,CD63,-0.09215294927850073,-0.2313766514100876,0.04707075285308612,54,0.19452414816524533,0.4583326085943844,11,0.13614346332331498,32,0.05780894199208319,5,0.023903404204953523,6,0.03772183215222248,NK Cells,CD8 T Cells,TIMP1,CD63,0.1127310673365054,-0.1925502342266756,0.4180123688996864,56,0.46921623391569545,0.6642847591249715,11,0.9889525284671774,33,0.9549289033694085,5,0.9953455156521323,7,0.848590823217858
Non-classical Monocytes|Classical Monocytes|GRN|TNFRSF1B,Non-classical Monocytes,Classical Monocytes,GRN,TNFRSF1B,0.012787647557374382,-0.006536962881219514,0.03211225799596828,56,0.19464349176082663,0.4583326085943844,11,0.9421917377150781,33,0.9649415066031505,5,0.9558720022549754,7,0.9658341235856733,Non-classical Monocytes,Classical Monocytes,GRN,TNFRSF1B,0.0002922440425201511,0.00010060826999145711,0.00048387981504884514,56,0.00279947233203954,0.12104049386072421,11,0.9993463994593959,33,0.9995507313905048,5,0.9998161814559572,7,0.999728269344546
B Cells|Classical Monocytes|GNAI2|C5AR1,B Cells,Classical Monocytes,GNAI2,C5AR1,-0.23271625933752743,-0.584837062210092,0.11940454353503716,54,0.19520362610529107,0.4590135618890782,11,0.2972605645283281,31,0.16123843178903527,5,0.3448635532911711,7,0.4415576798894057,B Cells,Classical Monocytes,GNAI2,C5AR1,-0.06279946507108736,-0.14579949415924426,0.02020056401706956,56,0.13808834659787292,0.5560563594390482,11,0.9916614106742504,33,0.9276494556875327,5,0.996856492013468,7,0.9956440020978377
Non-classical Monocytes|Classical Monocytes|HLA-C|LILRB2,Non-classical Monocytes,Classical Monocytes,HLA-C,LILRB2,-0.00459094496374457,-0.011548941895121876,0.002367051967632737,56,0.19594163963402744,0.4602854411926097,11,0.9939824562826403,33,0.9927878131797154,5,0.9894824973045072,7,0.992878799165327,Non-classical Monocytes,Classical Monocytes,HLA-C,LILRB2,-5.808541944651857e-06,-5.8128476463874685e-05,4.651139257457097e-05,56,0.8277450251694808,0.9043199325936752,11,0.9999266267944109,33,0.9999145865602148,5,0.9999554530191812,7,0.9999492213269298
CD4 T Cells|Non-classical Monocytes|LRPAP1|LRP1,CD4 T Cells,Non-classical Monocytes,LRPAP1,LRP1,0.010960355983083406,-0.005707400721167976,0.02762811268733479,56,0.19745723337971244,0.46122074053583184,11,0.0,33,0.010960355983083406,5,0.0,7,0.0,CD4 T Cells,Non-classical Monocytes,LRPAP1,LRP1,0.004719180918126065,-0.0016042054469392487,0.011042567283191378,56,0.14354050767790105,0.5560563594390482,11,0.9805882227765174,33,0.9790008841298644,5,0.9918673968723153,7,0.9855608773075363
CD4 T Cells|Non-classical Monocytes|S100A9|CD36,CD4 T Cells,Non-classical Monocytes,S100A9,CD36,0.3087129326060508,-0.1608274250413761,0.7782532902534778,54,0.1975249424136325,0.46122074053583184,11,0.19324542898496677,32,0.69857357866727,5,0.18679051013135123,6,0.38340572720760363,CD4 T Cells,Non-classical Monocytes,S100A9,CD36,0.12166770244929415,-0.18510903645531035,0.42844444135389864,56,0.4369688057141947,0.6642847591249715,11,0.9871738902627215,33,0.9663715792538874,5,0.9949109879020736,7,0.8524409744439453
Non-classical Monocytes|Classical Monocytes|HLA-A|APLP2,Non-classical Monocytes,Classical Monocytes,HLA-A,APLP2,0.00083241817508517,-0.0004328830759082012,0.002097719426078541,56,0.19725076531392194,0.46122074053583184,11,0.9987125985304705,33,0.9991790066251501,5,0.9988374845253254,7,0.9984714744449199,Non-classical Monocytes,Classical Monocytes,HLA-A,APLP2,1.2136215776115122e-05,1.1471458214789197e-06,2.3125285730751325e-05,56,0.030421086159120363,0.37715104841644687,11,0.9999825719486654,33,0.9999888657889958,5,0.9999938958313039,7,0.9999880534558583
Classical Monocytes|Classical Monocytes|HMGB1|TLR2,Classical Monocytes,Classical Monocytes,HMGB1,TLR2,-0.05742514795775344,-0.14492463916345266,0.030074343247945765,56,0.1983358855704851,0.4626516411659168,11,0.7928422451292122,33,0.7981381421749798,5,0.7841818447429539,7,0.846902889746475,Classical Monocytes,Classical Monocytes,HMGB1,TLR2,1.8891019603506365e-05,-0.0007304354425744213,0.000768217481781434,56,0.9605909663918368,0.9806218168593567,11,0.9977429586742527,33,0.9974563500254867,5,0.9990917534571422,7,0.9987862537887727
Classical Monocytes|Classical Monocytes|ADAM17|IL6R,Classical Monocytes,Classical Monocytes,ADAM17,IL6R,0.06957330869634115,-0.03708342037173043,0.17623003776441273,52,0.20107136367423017,0.4676129701413743,11,0.04783099514136595,29,0.09311244158069432,5,0.025656209592139677,7,0.0013643473351268858,Classical Monocytes,Classical Monocytes,ADAM17,IL6R,-0.11743340508887612,-0.23044127102071826,-0.004425539157033975,56,0.04167822992706116,0.4172588979566835,11,0.9856477061439421,33,0.8634464457901846,5,0.9943948957681747,7,0.9896270405032933
Classical Monocytes|CD8 T Cells|SELPLG|SELL,Classical Monocytes,CD8 T Cells,SELPLG,SELL,-0.202525341882983,-0.5129923015177346,0.10794161775176858,56,0.20106141748431794,0.4676129701413743,11,0.6619444740725314,33,0.654462532220414,5,0.4903480717408062,7,0.6853914717716717,Classical Monocytes,CD8 T Cells,SELPLG,SELL,-0.0004710193108899974,-0.002792227033056405,0.00185018841127641,56,0.6908397214688399,0.8223604119625911,11,0.9963627463570162,33,0.9955882441876849,5,0.9979280253324768,7,0.9976245424740355
Classical Monocytes|NK Cells|VCAN|CD44,Classical Monocytes,NK Cells,VCAN,CD44,-0.006855729747206829,-0.017370137257113616,0.003658677762699956,56,0.20126382654907116,0.4676129701413743,11,0.9787212496132227,33,0.9754376169132404,5,0.9853931403160215,7,0.988965237363246,Classical Monocytes,NK Cells,VCAN,CD44,-2.9571240322989745e-05,-0.00012865646573885611,6.951398509287661e-05,56,0.5585904077146544,0.7277339608529636,11,0.9997454342445796,33,0.9996901553981677,5,0.9999372105871684,7,0.9999115029810796
B Cells|CD8 T Cells|CALM1|PTPRA,B Cells,CD8 T Cells,CALM1,PTPRA,-0.13143961585739017,-0.3331329278269788,0.07025369611219848,56,0.20150677206564604,0.4677120405301029,11,0.6500889576921576,33,0.5860912855139566,5,0.5667098684740753,7,0.6341518121532645,B Cells,CD8 T Cells,CALM1,PTPRA,-0.000404413108984758,-0.0017314397695951714,0.0009226135516256554,56,0.5503060460629661,0.720794723579132,11,0.9961562035568676,33,0.994893450315993,5,0.9982431988412607,7,0.9973848587093708
B Cells|NK Cells|CLEC2B|KLRF1,B Cells,NK Cells,CLEC2B,KLRF1,0.2407261948994776,-0.1294786572322278,0.6109310470311831,55,0.20249719061460092,0.46907831357648133,11,0.9478359111347973,33,0.8757685629480553,5,0.6901999283957709,6,0.37740638530955134,B Cells,NK Cells,CLEC2B,KLRF1,0.14762885640637058,-0.15244248540382438,0.44770019821656554,56,0.3349148387467068,0.5900226619420714,11,0.9993962922674836,33,0.9984911447665633,5,0.9986912260731646,7,0.8501572221658737
B Cells|B Cells|FAM3C|LAMP1,B Cells,B Cells,FAM3C,LAMP1,0.05185309900631178,-0.02815171680192618,0.13185791481454973,56,0.2039773920166198,0.47203886061328765,11,0.0,33,0.08926190092655636,5,0.0,7,0.03740880192024459,B Cells,B Cells,FAM3C,LAMP1,0.001179329842987742,-0.0043272102709500165,0.0066858699569255,56,0.6746583022331045,0.8092343923899712,11,0.9854300719549219,33,0.9838769918171684,5,0.9930482550285584,7,0.9903158450478171
CD8 T Cells|Classical Monocytes|HLA-C|LILRB2,CD8 T Cells,Classical Monocytes,HLA-C,LILRB2,-0.0030058132448391728,-0.007648418013465857,0.001636791523787511,56,0.20445487317022393,0.4723954340333327,11,0.9948640153699443,33,0.9950476498657356,5,0.9920092995186082,7,0.9951987472592386,CD8 T Cells,Classical Monocytes,HLA-C,LILRB2,7.398310153505783e-06,-2.7883527848063135e-05,4.26801481550747e-05,56,0.6810811382864255,0.8154848936491702,11,0.9999361798428521,33,0.9999429251408597,5,0.9999654367323331,7,0.9999647837201872
B Cells|Classical Monocytes|GNAI2|FPR1,B Cells,Classical Monocytes,GNAI2,FPR1,-0.2044457056003346,-0.5203857937650058,0.11149438256433658,54,0.2046915082851195,0.4723954340333327,11,0.1826609791239371,31,0.2969069146215619,5,0.1596538974966406,7,0.47834553859459994,B Cells,Classical Monocytes,GNAI2,FPR1,-0.05881907855392132,-0.1420693598110924,0.02443120270324975,56,0.16611992794005026,0.5774429921702835,11,0.9902165679434802,33,0.9307600200879602,5,0.9966012145194716,7,0.995963745217873
B Cells|CD8 T Cells|HLA-A|CD8B,B Cells,CD8 T Cells,HLA-A,CD8B,-0.0013974064595928537,-0.0035571116576089217,0.0007622987384232143,56,0.20473840652750863,0.4723954340333327,11,0.9994100735918313,33,0.9993105120509396,5,0.9980688683139587,7,0.9993667132326598,B Cells,CD8 T Cells,HLA-A,CD8B,-6.617499977434882e-06,-1.9593045138940254e-05,6.358045184070489e-06,56,0.31751506744385904,0.5900226619420714,11,0.9999913184534119,33,0.999990694582102,5,0.9999896362015152,7,0.9999956298301826
CD8 T Cells|Non-classical Monocytes|ICAM3|ITGAL,CD8 T Cells,Non-classical Monocytes,ICAM3,ITGAL,-0.17313922283457006,-0.44109500856605166,0.09481656289691154,56,0.20535998345554252,0.47336185722476976,11,0.7163896760967554,33,0.550790406803781,5,0.5769242992259019,7,0.5844642527674976,CD8 T Cells,Non-classical Monocytes,ICAM3,ITGAL,-0.0014979740113404416,-0.0030558707478251022,5.992272514421899e-05,56,0.05948707802896278,0.4776247420339505,11,0.9968597181379725,33,0.9940799333177914,5,0.9983765772853245,7,0.9970947664764839
NK Cells|CD8 T Cells|HLA-A|CD8B,NK Cells,CD8 T Cells,HLA-A,CD8B,-0.00016217495319204023,-0.0004136004664173537,8.925056003327326e-05,56,0.20615120964292788,0.47471703601206766,11,0.9999784157132623,33,0.9999538489428629,5,0.9998256514430975,7,0.9999632596258902,NK Cells,CD8 T Cells,HLA-A,CD8B,-1.0319149884585599e-06,-2.5539082582264736e-06,4.900782813093539e-07,56,0.1838941114901722,0.5900226619420714,11,0.9999995897168442,33,0.9999992788173294,5,0.9999989327424779,7,0.9999996537579515
NK Cells|B Cells|TIMP1|CD63,NK Cells,B Cells,TIMP1,CD63,0.014843139478875316,-0.008293591519010341,0.03797987047676098,52,0.20861049928799558,0.4775544272916369,11,0.0,31,0.014843139478875316,5,0.0,5,0.0,NK Cells,B Cells,TIMP1,CD63,0.22344285141154985,-0.1704535804914405,0.6173392833145401,56,0.26621772300869995,0.5900226619420714,11,0.9829929669886528,33,0.9173592665426469,5,0.9938420868440426,7,0.7047655349864869
Non-classical Monocytes|CD8 T Cells|APP|CD74,Non-classical Monocytes,CD8 T Cells,APP,CD74,0.13642104237501873,-0.07651348299552546,0.3493555677455629,49,0.2092274057415029,0.4780293467773085,6,0.48469703992305924,31,0.6561177037951929,5,0.624409397454347,7,0.6594090189514619,Non-classical Monocytes,CD8 T Cells,APP,CD74,0.39404091454279355,0.06160377863383393,0.7264780504517532,56,0.02017034156541126,0.29748140310290355,11,0.5422134021595034,33,0.9352881485540153,5,0.9985120092283163,7,0.9975458410800346
NK Cells|CD8 T Cells|HMGB1|CXCR4,NK Cells,CD8 T Cells,HMGB1,CXCR4,-0.001404451307401855,-0.003596385128794498,0.0007874825139907882,56,0.2091812967274599,0.4780293467773085,11,0.9987694247820234,33,0.9972682781790535,5,0.9997631313293447,7,0.9996664360337767,NK Cells,CD8 T Cells,HMGB1,CXCR4,-3.5321040499081136e-05,-9.3772180103571e-05,2.3130099105408725e-05,56,0.23626533695397656,0.5900226619420714,11,0.999983400183918,33,0.9999470512604192,5,0.9999985062284591,7,0.9999974783454594
Non-classical Monocytes|NK Cells|PSEN1|CD44,Non-classical Monocytes,NK Cells,PSEN1,CD44,-0.2442398950977075,-0.6260221947479595,0.13754240455254452,56,0.2098930449592996,0.4781465951024045,11,0.2482694634417969,33,0.21469646312009047,5,0.3265533658905685,7,0.5372202606665696,Non-classical Monocytes,NK Cells,PSEN1,CD44,-0.0018681283498905854,-0.004998568844169237,0.0012623121443880664,56,0.24214897710573458,0.5900226619420714,11,0.9915575716096559,33,0.9890831438318818,5,0.9974088092730454,7,0.9968025098451619
NK Cells|CD8 T Cells|SELPLG|SELL,NK Cells,CD8 T Cells,SELPLG,SELL,-0.19668464507788608,-0.5040423711555866,0.11067308099981438,56,0.20976132706551853,0.4781465951024045,11,0.7660615740332304,33,0.7175439647920303,5,0.5423690854578055,7,0.6905361212944915,NK Cells,CD8 T Cells,SELPLG,SELL,-0.0007544119903578617,-0.0027532842270968465,0.0012444602463811232,56,0.45946548929234654,0.6642847591249715,11,0.9974563939935682,33,0.9964396155282582,5,0.9980988280282107,7,0.9978364615532586
Classical Monocytes|CD8 T Cells|HLA-A|CD8B,Classical Monocytes,CD8 T Cells,HLA-A,CD8B,-0.0016724034582237257,-0.0042904755459054,0.0009456686294579486,56,0.21056648300848602,0.47855690355331226,11,0.998948115400549,33,0.9989121648538523,5,0.9973023045047839,7,0.9989387574163109,Classical Monocytes,CD8 T Cells,HLA-A,CD8B,-6.238989369800052e-06,-2.486201512258967e-05,1.2384036382989566e-05,56,0.5114272440101577,0.7002674012567334,11,0.9999851047381045,33,0.9999845772919657,5,0.9999858347774104,7,0.9999915463206414
Classical Monocytes|Non-classical Monocytes|MIF|CD74_CXCR4,Classical Monocytes,Non-classical Monocytes,MIF,CD74_CXCR4,0.1196885243548611,-0.06792289948017322,0.3072999481898954,56,0.21116149688283048,0.4791662732958301,11,0.796463062884677,33,0.8032393116094979,5,0.87816521813068,7,0.7652529425006398,Classical Monocytes,Non-classical Monocytes,MIF,CD74_CXCR4,2.9636563034562968e-05,-1.6073440442534136e-05,7.534656651166007e-05,56,0.2038128583861042,0.5900226619420714,11,0.9999767980644563,33,0.9999662820282508,5,0.9999864489291319,7,0.9999462963298918
Non-classical Monocytes|Non-classical Monocytes|S100A9|CD68,Non-classical Monocytes,Non-classical Monocytes,S100A9,CD68,-0.004628375351320102,-0.011895920337766736,0.0026391696351265306,56,0.21195281934243648,0.47957816222263927,11,0.9993731034640553,33,0.9999455654994215,5,0.9943181715233518,7,0.9995190089100381,Non-classical Monocytes,Non-classical Monocytes,S100A9,CD68,-1.1084429909491433e-05,-3.73646832843733e-05,1.5195823465390432e-05,56,0.40842442405957613,0.6414177436332663,11,0.9999920277712284,33,0.9999992094291789,5,0.9999776106182944,7,0.9999958767061543
B Cells|B Cells|LGALS1|PTPRC,B Cells,B Cells,LGALS1,PTPRC,-0.10852728915911991,-0.27908402906996505,0.062029450751725224,53,0.21234306141316817,0.47957816222263927,9,0.5863159473545658,33,0.6137704090626973,5,0.71741554860232,6,0.8533972994695714,B Cells,B Cells,LGALS1,PTPRC,0.3237784751089223,-0.06808868695035458,0.7156456371681992,56,0.1053587752722983,0.5560563594390482,11,0.8144420672156606,33,0.995650503173327,5,0.9988141096606368,7,0.8562440705093809
CD8 T Cells|CD4 T Cells|ARF6|SMAP1,CD8 T Cells,CD4 T Cells,ARF6,SMAP1,-0.22694801156396208,-0.5833425325488736,0.12944650942094946,54,0.21200067747452078,0.47957816222263927,11,0.17406352493494429,31,0.2144301935746323,5,0.21759339334018155,7,0.48490807354383164,CD8 T Cells,CD4 T Cells,ARF6,SMAP1,-0.06013452514780404,-0.14323853044112356,0.02296948014551549,56,0.15612042971834425,0.5560563594390482,11,0.9899044912233342,33,0.9292340677680062,5,0.9969177589742655,7,0.9963818606667416
Non-classical Monocytes|NK Cells|CD14|ITGB1,Non-classical Monocytes,NK Cells,CD14,ITGB1,0.16831861098731904,-0.0958753148881456,0.4325125368627837,56,0.21177556843621537,0.47957816222263927,11,0.5759998356423532,33,0.8481069979667404,5,0.7166358503111372,7,0.8204244016482053,Non-classical Monocytes,NK Cells,CD14,ITGB1,0.002922326561321409,0.0011095111342231355,0.004735141988419682,56,0.0015802081383161008,0.09753557241920435,11,0.9953528748017451,33,0.9982323737547192,5,0.9988761577217413,7,0.998833330113394
CD8 T Cells|CD4 T Cells|LRPAP1|SORL1,CD8 T Cells,CD4 T Cells,LRPAP1,SORL1,0.004679088241141867,-0.0026895798560604154,0.012047756338344151,56,0.21328879650641885,0.4811877679637565,11,0.0,33,0.004679088241141867,5,0.0,7,0.0,CD8 T Cells,CD4 T Cells,LRPAP1,SORL1,0.0012497948341112508,-0.004152357571530426,0.006651947239752928,56,0.6502318220623418,0.7922065429359842,11,0.983436038706608,33,0.9801957854146527,5,0.9928052310177646,7,0.9883151828916981
Non-classical Monocytes|NK Cells|VCAN|ITGB1,Non-classical Monocytes,NK Cells,VCAN,ITGB1,0.20588448556762312,-0.11890644408969281,0.5306754152249391,55,0.21408228757112624,0.48208725935525343,10,0.48184630446662197,33,0.7623164793636017,5,0.702593543530196,7,0.7771792328595526,Non-classical Monocytes,NK Cells,VCAN,ITGB1,0.09360699622352564,-0.09222910633473058,0.27944309878178186,56,0.3235210212119827,0.5900226619420714,11,0.9039771174147301,33,0.9972088382124387,5,0.9988024693276728,7,0.9984271939018557
Non-classical Monocytes|CD4 T Cells|TIMP2|CD44,Non-classical Monocytes,CD4 T Cells,TIMP2,CD44,-0.15192176656303868,-0.3915938566112709,0.08775032348519352,56,0.21410042310552369,0.48208725935525343,11,0.7365660734506861,33,0.730152680414676,5,0.6156431276483683,7,0.7611515011753968,Non-classical Monocytes,CD4 T Cells,TIMP2,CD44,-0.00015377813874550839,-0.001212882123745763,0.0009053258462547462,56,0.7759660792399432,0.8618966471725338,11,0.997118392052947,33,0.9965939123490605,5,0.9985698479862976,7,0.9981991464211566
CD4 T Cells|NK Cells|HLA-A|CD8A,CD4 T Cells,NK Cells,HLA-A,CD8A,-0.014945690154309021,-0.038547397926471494,0.008656017617853451,42,0.2145541784404441,0.4826435516940626,8,0.9605061875491004,22,0.949727847489805,5,0.9944861274988888,7,0.9986534775939022,CD4 T Cells,NK Cells,HLA-A,CD8A,-0.06074897846822991,-0.3942187786989963,0.2727208217625365,56,0.7210534370189976,0.8425305360743786,11,0.726916544038276,33,0.6661822678693291,5,0.9999747590248379,7,0.9999894613241208
CD4 T Cells|CD8 T Cells|HMGB1|CXCR4,CD4 T Cells,CD8 T Cells,HMGB1,CXCR4,-0.0017489594126279817,-0.004523189425472866,0.0010252706002169027,56,0.21659939507222914,0.48677534888705976,11,0.9970369219112967,33,0.9951335231631984,5,0.9993652428115741,7,0.9992108034761039,CD4 T Cells,CD8 T Cells,HMGB1,CXCR4,-3.882610541228182e-05,-9.375946762634023e-05,1.6107256801776594e-05,56,0.16596864588840043,0.5772311805013557,11,0.9999622109957828,33,0.9999210724814138,5,0.999996345972346,7,0.9999940335633892
B Cells|NK Cells|HLA-A|CD8A,B Cells,NK Cells,HLA-A,CD8A,-0.016431523119017077,-0.0425416133260565,0.009678567088022345,42,0.21741216527688745,0.4881321210783964,8,0.9537463768303085,22,0.942919102906032,5,0.991218480334016,7,0.9968227295287566,B Cells,NK Cells,HLA-A,CD8A,-0.060754444693557286,-0.39419737649547343,0.27268848710835886,56,0.7210078462748536,0.8425305360743786,11,0.7268595298104461,33,0.6661241558850564,5,0.9999599194539275,7,0.999978990222095
CD8 T Cells|CD8 T Cells|HLA-A|CD8B,CD8 T Cells,CD8 T Cells,HLA-A,CD8B,-0.00025449513348252406,-0.0006598646763385406,0.00015087440937349252,56,0.21851539855662538,0.4891979440361652,11,0.999856791940767,33,0.9998623191048561,5,0.9996416729282952,7,0.9999016952258668,CD8 T Cells,CD8 T Cells,HLA-A,CD8B,-9.193033051468902e-07,-3.778594079047969e-06,1.9399874687541887e-06,56,0.5285920359511067,0.7139903842899832,11,0.9999976349919336,33,0.9999979297308078,5,0.999997868244094,7,0.9999990822862733
Non-classical Monocytes|B Cells|TGFB1|CXCR4,Non-classical Monocytes,B Cells,TGFB1,CXCR4,0.03429969193591742,-0.020295108757692262,0.0888944926295271,56,0.21818614754476584,0.4891979440361652,11,0.9975470994532223,33,0.9903822471733527,5,0.9904219600223854,7,0.9489574158065983,Non-classical Monocytes,B Cells,TGFB1,CXCR4,0.00011468766461941726,-0.00013443103631780625,0.0003638063655566408,56,0.36688923666597695,0.6025849185241456,11,0.9999686695745457,33,0.9998527817830155,5,0.9999608163218742,7,0.9997302408657246
NK Cells|Non-classical Monocytes|SELPLG|SELL,NK Cells,Non-classical Monocytes,SELPLG,SELL,0.16463776169912642,-0.09757575435921562,0.42685127775746845,56,0.21846661074328189,0.4891979440361652,11,0.2866449561947357,33,0.499690459791282,5,0.12137084616446166,7,0.16977858806188156,NK Cells,Non-classical Monocytes,SELPLG,SELL,0.004895376513163074,0.0015325846189024905,0.008258168407423659,56,0.004327959742883634,0.12344345891644436,11,0.9920688308209686,33,0.9939442247909869,5,0.9958542731802631,7,0.9928342906371183
Classical Monocytes|Classical Monocytes|HLA-C|LILRB2,Classical Monocytes,Classical Monocytes,HLA-C,LILRB2,-0.00845871797378317,-0.02196166003026135,0.0050442240826950105,56,0.21952566159810072,0.490988907884641,11,0.9850661228812153,33,0.9848376039859993,5,0.9764758395609595,7,0.9847060386395267,Classical Monocytes,Classical Monocytes,HLA-C,LILRB2,3.1869224313973987e-06,-8.570847250103141e-05,9.208231736382621e-05,56,0.9439825760731247,0.9681403648973638,11,0.999827013739308,33,0.9998148042061896,5,0.9999046656278943,7,0.9998892691723444
Classical Monocytes|Classical Monocytes|CD14|ITGB2,Classical Monocytes,Classical Monocytes,CD14,ITGB2,-0.012040200023986869,-0.031271094137422885,0.007190694089449147,56,0.21978250169908287,0.49109295834196987,11,0.9857123696785948,33,0.984573257845937,5,0.9798344323434977,7,0.9907355205348267,Classical Monocytes,Classical Monocytes,CD14,ITGB2,-2.8618244959144334e-05,-0.00015089389685577533,9.365740693748667e-05,56,0.6464326515377834,0.7884799944014697,11,0.9998254017220713,33,0.9998024479704608,5,0.999912579453113,7,0.9999182439464616
CD4 T Cells|Classical Monocytes|GNAI2|ADCY7,CD4 T Cells,Classical Monocytes,GNAI2,ADCY7,0.0036142820461552184,-0.002163397040992483,0.00939196113330292,56,0.22017079439770348,0.49149025326829604,11,0.0,33,0.0036142820461552184,5,0.0,7,0.0,CD4 T Cells,Classical Monocytes,GNAI2,ADCY7,-0.0004611320103820038,-0.006496547514214861,0.005574283493450853,56,0.8809620336941634,0.9277182187690802,11,0.9817258027842939,33,0.9767549952243989,5,0.9918898671208847,7,0.9873801915713717
CD4 T Cells|CD8 T Cells|LGALS1|PTPRC,CD4 T Cells,CD8 T Cells,LGALS1,PTPRC,0.03360275231971288,-0.020172547145274382,0.08737805178470015,56,0.2206772345452478,0.49154698081514453,11,0.8415318603001288,33,0.8918561866705521,5,0.9291553100206056,7,0.945876884071316,CD4 T Cells,CD8 T Cells,LGALS1,PTPRC,0.0005749514176190962,4.7511366979142685e-05,0.0011023914682590497,56,0.032637383774414844,0.38975746716773163,11,0.9982439707628701,33,0.9987419476433397,5,0.9997022945451348,7,0.9996253200079853
Classical Monocytes|CD4 T Cells|LGALS9|PTPRC,Classical Monocytes,CD4 T Cells,LGALS9,PTPRC,-0.025007051295459548,-0.06503949172043724,0.015025389129518146,56,0.2208277442719857,0.49154698081514453,11,0.900671332503356,33,0.915679604861545,5,0.9070024216484386,7,0.9470177453020872,Classical Monocytes,CD4 T Cells,LGALS9,PTPRC,0.00010673838133168356,-0.00020075274575121827,0.0004142295084145854,56,0.496279177142117,0.6852664064752508,11,0.9988929920397662,33,0.9990124752500482,5,0.9996021602150693,7,0.9996149050440196
Classical Monocytes|CD8 T Cells|LGALS1|CD69,Classical Monocytes,CD8 T Cells,LGALS1,CD69,0.00010941057339730609,-6.635045673930075e-05,0.0002851716035339129,56,0.2224382896336734,0.49466038694726416,11,0.9997711158586113,33,0.999897464587692,5,0.9999386134681092,7,0.9999555516237926,Classical Monocytes,CD8 T Cells,LGALS1,CD69,9.966494243229818e-07,-1.789861524018936e-06,3.7831603726648996e-06,56,0.4832911896634292,0.6715414116484666,11,0.9999967102808561,33,0.9999978279599002,5,0.9999995935163145,7,0.9999997145459343
Classical Monocytes|CD8 T Cells|SELPLG|ITGB2,Classical Monocytes,CD8 T Cells,SELPLG,ITGB2,-0.12157184500652818,-0.317225612659189,0.07408192264613267,56,0.2232819572074758,0.49606410093192765,11,0.7168614024560552,33,0.7691168431183488,5,0.5667316605246215,7,0.7405589461934433,Classical Monocytes,CD8 T Cells,SELPLG,ITGB2,0.000420614102137451,-0.0007685942528799674,0.0016098224571548694,56,0.4881686096540536,0.6765529820129607,11,0.9968573095574645,33,0.9971148596451632,5,0.9983565339905617,7,0.9981934699761229
CD8 T Cells|NK Cells|GNAI2|S1PR5,CD8 T Cells,NK Cells,GNAI2,S1PR5,-0.12058252880681294,-0.3151629642608227,0.0739979066471968,56,0.22451865607661214,0.4978642563522216,11,0.390531983000297,33,0.39995948434938955,5,0.026596760966218803,7,0.15660679112212428,CD8 T Cells,NK Cells,GNAI2,S1PR5,0.0026148493229350978,-0.000592998135491751,0.005822696781361946,56,0.11012137766534198,0.5560563594390482,11,0.9932595020916001,33,0.9926418935253695,5,0.9951395727151388,7,0.991907114825973
CD8 T Cells|NK Cells|SELPLG|ITGAM,CD8 T Cells,NK Cells,SELPLG,ITGAM,0.012203120470807743,-0.007512054683208426,0.031918295624823914,55,0.22506836830071353,0.4986097153530987,11,0.0,33,0.012203120470807743,5,0.0,6,0.0,CD8 T Cells,NK Cells,SELPLG,ITGAM,0.143268755676208,-0.15481232595247552,0.4413498373048915,56,0.3461768000318176,0.5900226619420714,11,0.9840428721457396,33,0.9809513449615509,5,0.9910360384534119,7,0.8446757555930152
Non-classical Monocytes|B Cells|ADAM15|ITGB1,Non-classical Monocytes,B Cells,ADAM15,ITGB1,-0.057230211620066467,-0.14998333849090473,0.03552291525077179,41,0.2265360289186925,0.49985284837849536,5,0.0,24,0.009039019755056438,5,0.0,7,0.0662692313751229,Non-classical Monocytes,B Cells,ADAM15,ITGB1,0.2693362991725444,-0.08065222843514935,0.6193248267802383,56,0.1314764841531662,0.5560563594390482,11,0.4422625803280329,33,0.7079267468946059,5,0.9922924604057662,7,0.9886203277997948
Classical Monocytes|Classical Monocytes|HLA-F|LILRB2,Classical Monocytes,Classical Monocytes,HLA-F,LILRB2,-0.17066859069068108,-0.44692695730507237,0.10558977592371022,56,0.22595727219711448,0.49985284837849536,11,0.12639475248229692,33,0.26006871095695283,5,0.038054868104024184,7,0.3423974172693612,Classical Monocytes,Classical Monocytes,HLA-F,LILRB2,0.0025159118323211382,-0.0011956452995900788,0.006227468964232355,56,0.1839869292974351,0.5900226619420714,11,0.9888439301829718,33,0.9902414479702004,5,0.9959629305441171,7,0.9948445364990246
Classical Monocytes|NK Cells|ICAM1|IL2RG,Classical Monocytes,NK Cells,ICAM1,IL2RG,-0.08567039332851722,-0.22462958731103394,0.05328880065399949,46,0.22691392688702572,0.49985284837849536,10,0.7742044745721102,24,0.7998854864224145,5,0.7219123253810511,7,0.8332637305598727,Classical Monocytes,NK Cells,ICAM1,IL2RG,-0.18153164605201677,-0.4247840820877594,0.06172078998372585,56,0.14356057133197875,0.5560563594390482,11,0.9069128150968336,33,0.7252044481426966,5,0.9989148643612488,7,0.9987381434591285
Non-classical Monocytes|Non-classical Monocytes|SERPINA1|LRP1,Non-classical Monocytes,Non-classical Monocytes,SERPINA1,LRP1,-0.09846477907380258,-0.2580865996846802,0.061157041537075046,56,0.22665167875574022,0.49985284837849536,11,0.9268622271758684,33,0.9269386086471556,5,0.7974240246282971,7,0.8959651851733869,Non-classical Monocytes,Non-classical Monocytes,SERPINA1,LRP1,-6.396073323122753e-05,-0.0006789754792546637,0.0005510540127922086,56,0.8384834539175451,0.909125608101884,11,0.9992081671964462,33,0.9990755311010204,5,0.9992386020767491,7,0.9991699267145545
CD4 T Cells|Classical Monocytes|GNAI2|FPR1,CD4 T Cells,Classical Monocytes,GNAI2,FPR1,-0.18169183680955223,-0.47586063315567473,0.1124769595365703,56,0.22606345879508238,0.49985284837849536,11,0.23097412087711797,33,0.28561667709732136,5,0.2036662797486263,7,0.44000067277838195,CD4 T Cells,Classical Monocytes,GNAI2,FPR1,0.0015231564290025812,-0.0022941893843695374,0.0053405022423747,56,0.43418881500492557,0.6626928664755063,11,0.9907067138664059,33,0.9909191131004615,5,0.9968581734168571,7,0.9955474162219102
CD4 T Cells|NK Cells|CD40LG|ITGAM_ITGB2,CD4 T Cells,NK Cells,CD40LG,ITGAM_ITGB2,-0.04359523505186498,-0.11478984203379554,0.027599371930065578,55,0.23007627377632534,0.5049136271313155,11,0.05091987752732707,33,0.007324642475462094,5,0.0,6,0.0,CD4 T Cells,NK Cells,CD40LG,ITGAM_ITGB2,0.1413209766121376,-0.15681758699270604,0.43945954021698125,56,0.3528659699737754,0.5900226619420714,11,0.9876613666136896,33,0.9807350255779687,5,0.9930216905434828,7,0.8447743728956242
Non-classical Monocytes|CD4 T Cells|CALM1|PTPRA,Non-classical Monocytes,CD4 T Cells,CALM1,PTPRA,-0.15931587522201118,-0.4196353183038992,0.10100356785987685,53,0.23033327780234125,0.5050030081394055,11,0.6735943003346598,30,0.6105858038410656,5,0.5441419900477056,7,0.6404493687761226,Non-classical Monocytes,CD4 T Cells,CALM1,PTPRA,-0.09130037210884923,-0.19195302898600936,0.00935228476831089,56,0.07542830617524611,0.4776247420339505,11,0.9963881015686001,33,0.9045559949943917,5,0.9981800248771673,7,0.997648290411808
B Cells|CD4 T Cells|LGALS1|CD69,B Cells,CD4 T Cells,LGALS1,CD69,0.027803124547340574,-0.01795790045851734,0.07356414955319848,53,0.23372443608469717,0.5058084835132265,9,0.8666254145189268,33,0.916551366785996,5,0.9618727671987823,6,0.983995594918511,B Cells,CD4 T Cells,LGALS1,CD69,0.32488888732078103,-0.06768106475037883,0.7174588393919409,56,0.10479131889538362,0.5560563594390482,11,0.8169363987891122,33,0.9990223219470089,5,0.9998456746329462,7,0.8570427104700619
Classical Monocytes|Classical Monocytes|SELPLG|ITGB2,Classical Monocytes,Classical Monocytes,SELPLG,ITGB2,-0.08395330972160753,-0.2221342783047788,0.05422765886156375,56,0.2337333420602875,0.5058084835132265,11,0.7692349564709329,33,0.832430492052892,5,0.7314245814946703,7,0.8785734267982369,Classical Monocytes,Classical Monocytes,SELPLG,ITGB2,0.00046587677243192793,-0.0006204222336896031,0.001552175778553459,56,0.4005933389744102,0.6353210320427096,11,0.9974887899504501,33,0.9979840258819669,5,0.9989622803118172,7,0.9989916394709021
CD8 T Cells|Classical Monocytes|HLA-A|LILRB2,CD8 T Cells,Classical Monocytes,HLA-A,LILRB2,-0.0034158829983947925,-0.00903605108024461,0.0022042850834550253,56,0.23355668343328229,0.5058084835132265,11,0.9937159181119273,33,0.9947076753979524,5,0.9915289930455545,7,0.9959366333299744,CD8 T Cells,Classical Monocytes,HLA-A,LILRB2,1.2343322282171165e-05,-3.507127986736997e-05,5.97579244317123e-05,56,0.6098886428847321,0.7594963649517066,11,0.9999209236497503,33,0.9999392399823979,5,0.9999634564455283,7,0.9999694294558937
NK Cells|NK Cells|TIMP1|CD63,NK Cells,NK Cells,TIMP1,CD63,0.08583888455451971,-0.05533546624877467,0.2270132353578141,54,0.2333687614679395,0.5058084835132265,11,0.8948682970955832,32,0.8148253987032252,5,0.7888651326443963,6,0.6229833496975186,NK Cells,NK Cells,TIMP1,CD63,0.11337434475955066,-0.19398947976146513,0.42073816928056645,56,0.46970869323830167,0.6642847591249715,11,0.9987937526118529,33,0.9672887841066268,5,0.9991432813036647,7,0.8542639680388879
CD4 T Cells|CD8 T Cells|TIMP1|CD63,CD4 T Cells,CD8 T Cells,TIMP1,CD63,-0.1817142342283196,-0.48072945056037164,0.11730098210373244,56,0.23361914712552745,0.5058084835132265,11,0.0835988756074101,33,0.12003399414441815,5,0.06875375246695845,7,0.28690310523228607,CD4 T Cells,CD8 T Cells,TIMP1,CD63,0.0009807025759024368,-0.002839902391474923,0.0048013075432797965,56,0.614894818835842,0.7633068421183709,11,0.9877218232532637,33,0.9872487933451125,5,0.995397648999016,7,0.9939439165149623
Non-classical Monocytes|Classical Monocytes|SEMA4A|LILRB2,Non-classical Monocytes,Classical Monocytes,SEMA4A,LILRB2,-0.07988360768627312,-0.21078995121694777,0.051022735844401534,55,0.23168163285175458,0.5058084835132265,11,0.007112760536737455,32,0.05007581166974794,5,0.0,7,0.12284665881928361,Non-classical Monocytes,Classical Monocytes,SEMA4A,LILRB2,-0.02802477466588471,-0.08759399313537056,0.031544443803601135,56,0.3564871630668216,0.590662988805478,11,0.9844740551609078,33,0.9538083333257438,5,0.9948985605477011,7,0.9922576133784219
Classical Monocytes|Classical Monocytes|HLA-A|APLP2,Classical Monocytes,Classical Monocytes,HLA-A,APLP2,0.0012965310828824128,-0.0008311895088451743,0.00342425167461,56,0.23235741699549706,0.5058084835132265,11,0.9972832709967796,33,0.9982867115841629,5,0.9976886647220986,7,0.9973955742265995,Classical Monocytes,Classical Monocytes,HLA-A,APLP2,2.1702480169527583e-05,2.0197253462333183e-06,4.1385234992821844e-05,56,0.030688878820299068,0.37715104841644687,11,0.9999652040544006,33,0.9999775321337733,5,0.9999882304786343,7,0.9999788560778374
NK Cells|Classical Monocytes|GNAI2|FPR1,NK Cells,Classical Monocytes,GNAI2,FPR1,-0.13831607759712555,-0.3652975718025062,0.08866541660825508,56,0.2323424941111799,0.5058084835132265,11,0.488954278597646,33,0.5172704876889578,5,0.40670640921442497,7,0.5733386959028622,NK Cells,Classical Monocytes,GNAI2,FPR1,0.0008536335647604254,-0.001398189830731865,0.003105456960252716,56,0.457485374586878,0.6642847591249715,11,0.99432610633644,33,0.9942676864993574,5,0.9976497708943098,7,0.9967377174924668
CD8 T Cells|NK Cells|GNAI2|S1PR4,CD8 T Cells,NK Cells,GNAI2,S1PR4,-0.10893189151259589,-0.28801389602431027,0.0701501129991185,54,0.23318060426031795,0.5058084835132265,11,0.016263270988811498,31,0.060402274364525325,5,0.0,7,0.15307089488830972,CD8 T Cells,NK Cells,GNAI2,S1PR4,-0.06243187352502555,-0.14503496139849087,0.02017121434843977,56,0.1385128817433744,0.5560563594390482,11,0.9861410270461369,33,0.9233418669269503,5,0.9926323536244797,7,0.9922650670303187
CD8 T Cells|CD4 T Cells|HMGB1|CXCR4,CD8 T Cells,CD4 T Cells,HMGB1,CXCR4,-0.0020068742250706206,-0.00530277629747669,0.001289027847335449,56,0.23270424298147274,0.5058084835132265,11,0.9960116119282318,33,0.9939191941988115,5,0.9986930861208675,7,0.9986075426165177,CD8 T Cells,CD4 T Cells,HMGB1,CXCR4,-4.0975062451931166e-05,-9.936847423332816e-05,1.741834932946582e-05,56,0.16903215477385036,0.5828945818428134,11,0.9999490884712459,33,0.999906069658924,5,0.9999926848810459,7,0.999990641131176
NK Cells|B Cells|LGALS1|ITGB1,NK Cells,B Cells,LGALS1,ITGB1,0.1295313278862592,-0.08420941623555583,0.34327207200807425,45,0.2349205449077555,0.5079069188514899,8,0.6728128830156761,25,0.8256279079970925,5,0.794897459262266,7,0.8181811563574232,NK Cells,B Cells,LGALS1,ITGB1,0.03179606798703016,-0.2935048071753493,0.35709694314940965,56,0.8480760108048226,0.9132767039577688,11,0.7245005712252184,33,0.7560165947720318,5,0.9991753215765758,7,0.9988952771363591
NK Cells|CD8 T Cells|HLA-F|CD8A,NK Cells,CD8 T Cells,HLA-F,CD8A,-0.049561912419724186,-0.1314869920718697,0.032363167232421344,56,0.23573598979431587,0.5091984608415611,11,0.8915958033635836,33,0.9116897900115861,5,0.8301530221345157,7,0.8998089212022424,NK Cells,CD8 T Cells,HLA-F,CD8A,0.00024700669422195176,-0.0002733118275225014,0.0007673252159664049,56,0.35214425197167165,0.5900226619420714,11,0.9987841329581926,33,0.9990154348624115,5,0.9993146294927545,7,0.9992989247027515
B Cells|Non-classical Monocytes|MIF|CD74_CXCR4,B Cells,Non-classical Monocytes,MIF,CD74_CXCR4,0.07845136880288706,-0.05177841260191049,0.2086811502076846,56,0.23772328100840223,0.5130165075366167,11,0.8735181828072608,33,0.8914480816954958,5,0.9224101445507802,7,0.8618886746361282,B Cells,Non-classical Monocytes,MIF,CD74_CXCR4,1.0442870254312453e-05,-1.216565910884929e-05,3.3051399617474195e-05,56,0.3653030102700294,0.6007518488070059,11,0.9999909121725864,33,0.999987860513417,5,0.9999978171954684,7,0.9999843226660448
Non-classical Monocytes|B Cells|TIMP2|ITGB1,Non-classical Monocytes,B Cells,TIMP2,ITGB1,-0.07182907490223586,-0.19115280526712086,0.04749465546264914,45,0.23806555796614004,0.5132807736389077,8,0.0,25,0.02917371331640155,5,0.0,7,0.10100278821863741,Non-classical Monocytes,B Cells,TIMP2,ITGB1,0.032983389739498215,-0.28653694950055747,0.3525037289795539,56,0.839664361339006,0.9092951514878989,11,0.711490924912551,33,0.7427335993523668,5,0.992417219746582,7,0.9906765044468997
Classical Monocytes|Classical Monocytes|APP|CD74,Classical Monocytes,Classical Monocytes,APP,CD74,-0.021835008754703122,-0.05820700558818287,0.014536988078776625,55,0.2393492770905712,0.5139235246057846,11,0.9354022786211703,32,0.9283565314370059,5,0.9375420065422109,7,0.9523312681127496,Classical Monocytes,Classical Monocytes,APP,CD74,-0.030403754393090954,-0.09065956925082366,0.029852060464641762,56,0.32268536838092476,0.5900226619420714,11,0.9992934117627243,33,0.9687494778595623,5,0.9997271645959843,7,0.9995869850859133
CD8 T Cells|Classical Monocytes|TIMP1|CD63,CD8 T Cells,Classical Monocytes,TIMP1,CD63,-0.20112089204354555,-0.5362387775108238,0.13399699342373272,55,0.23948629682702172,0.5139235246057846,11,0.4948620473764129,32,0.5563892971150912,5,0.37838898740165583,7,0.6410371291838798,CD8 T Cells,Classical Monocytes,TIMP1,CD63,-0.030013665263461276,-0.09003014959608366,0.030002819069161107,56,0.3270075925324757,0.5900226619420714,11,0.9944033876455397,33,0.9642484431376139,5,0.9974518113653612,7,0.9973105321208966
Non-classical Monocytes|B Cells|LGALS9|CD44,Non-classical Monocytes,B Cells,LGALS9,CD44,-0.07667328452966404,-0.2043882411437702,0.0510416720844421,56,0.23933187892633445,0.5139235246057846,11,0.85378963270108,33,0.8506090061086737,5,0.7961694442256808,7,0.8696621021629386,Non-classical Monocytes,B Cells,LGALS9,CD44,-0.0001513409243442121,-0.0008263610491427781,0.000523679200454354,56,0.660351422743763,0.8011190230761629,11,0.998389613632209,33,0.998185018969454,5,0.9991817992423332,7,0.9991285455039224
NK Cells|Non-classical Monocytes|SPON2|ITGB1,NK Cells,Non-classical Monocytes,SPON2,ITGB1,0.1810915865914431,-0.12045083037338095,0.4826340035562671,56,0.23917226007766135,0.5139235246057846,11,0.963092888488988,33,0.9214597592584538,5,0.8144964444492675,7,0.5917717286272902,NK Cells,Non-classical Monocytes,SPON2,ITGB1,0.002007918363865824,-0.0002758656857271831,0.004291702413458831,56,0.08484990971563304,0.5066411898814761,11,0.9995717727058623,33,0.9990285188233741,5,0.9992397853356663,7,0.9966886130893122
B Cells|NK Cells|LGALS1|CD69,B Cells,NK Cells,LGALS1,CD69,0.050184702547888094,-0.03362262652383273,0.13399203161960893,53,0.2405364987984333,0.5146224169415391,9,0.8014311026994954,33,0.8894872425962634,5,0.9268493304989901,6,0.9647207678478701,B Cells,NK Cells,LGALS1,CD69,0.3250646541799337,-0.06736866398742275,0.7174979723472901,56,0.10448282309869455,0.5560563594390482,11,0.8163903519415812,33,0.9986935859212813,5,0.9996931055313037,7,0.8569316853310702
NK Cells|Non-classical Monocytes|ICAM3|ITGAL,NK Cells,Non-classical Monocytes,ICAM3,ITGAL,-0.17811377567502462,-0.4754034554851475,0.11917590413509827,56,0.24028927538892164,0.5146224169415391,11,0.7572691965855237,33,0.6447971497931476,5,0.5834123725972671,7,0.6490541014799156,NK Cells,Non-classical Monocytes,ICAM3,ITGAL,-0.0012823849817269473,-0.003014351488371584,0.0004495815249176893,56,0.14672440448457816,0.5560563594390482,11,0.997301068378344,33,0.9952598007172248,5,0.9983537063317005,7,0.9975948236523082
Classical Monocytes|NK Cells|COPA|CD74,Classical Monocytes,NK Cells,COPA,CD74,-0.05187269648849513,-0.13867133906334284,0.03492594608635259,56,0.2414718839622273,0.5146224169415391,11,0.8668994023969994,33,0.8791055262013975,5,0.8223714164972694,7,0.8864502367901627,Classical Monocytes,NK Cells,COPA,CD74,0.00012927045923327718,-0.00033230104546099295,0.0005908419639275473,56,0.5830609261306506,0.7495324460862629,11,0.9985191632046935,33,0.9986146341809577,5,0.9992988155387328,7,0.9992650160557638
NK Cells|NK Cells|GNAS|PTGDR,NK Cells,NK Cells,GNAS,PTGDR,-0.10043978783248166,-0.268534754899464,0.06765517923450066,55,0.24155296315542907,0.5146224169415391,11,0.23222404574043806,32,0.25406959333445583,5,0.0,7,0.12228533542649943,NK Cells,NK Cells,GNAS,PTGDR,-0.0290552162796891,-0.08885611051466198,0.03074567795528378,56,0.3409551514638445,0.5900226619420714,11,0.9915031383255047,33,0.9600862442238102,5,0.99530719484198,7,0.9929455170199745
Non-classical Monocytes|CD8 T Cells|S100A8|ITGB2,Non-classical Monocytes,CD8 T Cells,S100A8,ITGB2,-0.023370720183009897,-0.06243799964622859,0.0156965592802088,56,0.24100269196518764,0.5146224169415391,11,0.9801088399796865,33,0.9964347473689411,5,0.9536324154312081,7,0.9933290430034727,Non-classical Monocytes,CD8 T Cells,S100A8,ITGB2,6.35983387725636e-05,-0.00015213572106252956,0.00027933239860765673,56,0.5634013033231673,0.7323643798436857,11,0.9997753669799786,33,0.9999612404294362,5,0.9998255021599911,7,0.9999477772706762
NK Cells|Non-classical Monocytes|CALR|LRP1,NK Cells,Non-classical Monocytes,CALR,LRP1,-0.1688958400530119,-0.45251172189847394,0.11472004179245016,56,0.2431391398964442,0.5151813898894712,11,0.6962551401580499,33,0.7154528558413701,5,0.43398560807253067,7,0.6220791638088627,NK Cells,Non-classical Monocytes,CALR,LRP1,0.0009487385001819559,-0.0008113028345308286,0.0027087798348947407,56,0.29073734477214064,0.5900226619420714,11,0.9966662160611413,33,0.9967114797605227,5,0.9978468059021808,7,0.9969433311013802
CD4 T Cells|B Cells|SELPLG|ITGB2,CD4 T Cells,B Cells,SELPLG,ITGB2,-0.10504941675130362,-0.2814338964384076,0.07133506293580037,56,0.24309045103971894,0.5151813898894712,11,0.009352453153635346,33,0.09423825509218167,5,0.0,7,0.18993521868984994,CD4 T Cells,B Cells,SELPLG,ITGB2,-0.00088750724094111,-0.0037689526017401008,0.001993938119857881,56,0.5460538074120347,0.720794723579132,11,0.9861190547713736,33,0.9852740764895866,5,0.9935828655963537,7,0.9936253945555078
NK Cells|CD4 T Cells|IL16|CD4,NK Cells,CD4 T Cells,IL16,CD4,-0.049900132999380994,-0.13368351683136304,0.03388325083260103,55,0.24307902602850495,0.5151813898894712,11,0.018248135838695227,32,0.004795853004687287,5,0.0,7,0.03644785016537306,NK Cells,CD4 T Cells,IL16,CD4,-0.03243898115101407,-0.09185685204387525,0.02697888974184711,56,0.2846033027817394,0.5900226619420714,11,0.98587289401413,33,0.9495970418186567,5,0.9933983231502875,7,0.9895614521058281
Non-classical Monocytes|NK Cells|GNAS|PTGDR,Non-classical Monocytes,NK Cells,GNAS,PTGDR,-0.13297240294966006,-0.35674568758744907,0.09080088168812897,55,0.2441542449480678,0.5168632474648579,11,0.65751918904863,32,0.4670278058367589,5,0.5007429007300769,7,0.44322392046786574,Non-classical Monocytes,NK Cells,GNAS,PTGDR,-0.030606347399739775,-0.09056148084033,0.029348786040850457,56,0.3170506264214479,0.5900226619420714,11,0.9962388712954585,33,0.9630485430515311,5,0.9979881473733838,7,0.9954041665291962
Classical Monocytes|Non-classical Monocytes|PSAP|LRP1,Classical Monocytes,Non-classical Monocytes,PSAP,LRP1,-0.0412538489059574,-0.11090855950803308,0.028400861696118274,56,0.24571816239623812,0.5197028163000145,11,0.9487451744026064,33,0.9458154307276035,5,0.8921499803773436,7,0.9304740856082981,Classical Monocytes,Non-classical Monocytes,PSAP,LRP1,7.765676028803625e-05,-0.0003471251426355113,0.0005024386632115838,56,0.7201098385778397,0.8425305360743786,11,0.99944610720754,33,0.999345408180375,5,0.9995792272732654,7,0.9994008714858124
B Cells|Non-classical Monocytes|FAM3C|LAMP1,B Cells,Non-classical Monocytes,FAM3C,LAMP1,-0.09451459951327167,-0.25437824968730316,0.06534905066075981,56,0.24654992569276957,0.5205190565032702,11,0.21355110285123607,33,0.22666875581154536,5,0.0,7,0.10763225247358095,B Cells,Non-classical Monocytes,FAM3C,LAMP1,0.00047525609745480146,-0.0030229917882707447,0.003973503983180348,56,0.7900298736066015,0.8741664695705035,11,0.9911330403449031,33,0.9893334218565069,5,0.9943236768889065,7,0.9920488023030555
Non-classical Monocytes|CD8 T Cells|ADAM17|ITGB1,Non-classical Monocytes,CD8 T Cells,ADAM17,ITGB1,0.06115092331197851,-0.04250237362442537,0.16480422024838237,53,0.24756122946386472,0.5217107137167185,9,0.039661718384922495,32,0.12073459376059215,5,0.0,7,0.019921952063691146,Non-classical Monocytes,CD8 T Cells,ADAM17,ITGB1,0.15508007899864384,-0.09862252836098928,0.40878268635827697,56,0.23089300930548018,0.5900226619420714,11,0.8046540958373815,33,0.956158210405424,5,0.9931965186377585,7,0.9896205542071572
CD8 T Cells|CD8 T Cells|PKM|CD44,CD8 T Cells,CD8 T Cells,PKM,CD44,-0.04058631018056058,-0.10951706749178279,0.02834444713066163,56,0.24849057969663646,0.5218671174696177,11,0.8153977723700472,33,0.7933462529430344,5,0.856491276104571,7,0.8750260668581188,CD8 T Cells,CD8 T Cells,PKM,CD44,-0.00027392830496442144,-0.0008730110640494365,0.0003251544541205936,56,0.3701534043819821,0.6029760624462895,11,0.9979351675081443,33,0.9973664639080672,5,0.9994291450616057,7,0.9991343697664931
Non-classical Monocytes|NK Cells|GRN|TNFRSF1B,Non-classical Monocytes,NK Cells,GRN,TNFRSF1B,0.04592606412942135,-0.03197125698673502,0.12382338524557772,56,0.24786956604191102,0.5218671174696177,11,0.8593571869764319,33,0.9207721737314826,5,0.8866475113976902,7,0.9021364340233194,Non-classical Monocytes,NK Cells,GRN,TNFRSF1B,0.0008305196999194298,0.0002840849899035348,0.0013769544099353247,56,0.002892603933564491,0.12104049386072421,11,0.9984379097089499,33,0.9990411469501774,5,0.9995465435598048,7,0.9993192611011129
NK Cells|CD8 T Cells|HLA-E|CD8A,NK Cells,CD8 T Cells,HLA-E,CD8A,-0.001622633077959068,-0.0043897991727116625,0.0011445330167935263,56,0.25043253640997976,0.5244484058451145,11,0.998119250890187,33,0.9976349508145325,5,0.9956726941743625,7,0.996811027176667,NK Cells,CD8 T Cells,HLA-E,CD8A,-3.04012121365993e-07,-1.8181208304324077e-05,1.757318406159209e-05,56,0.9734111691108047,0.9840386011786284,11,0.9999744341990925,33,0.9999694775273672,5,0.9999797304423665,7,0.9999750777827626
Non-classical Monocytes|Non-classical Monocytes|S100A8|ITGB2,Non-classical Monocytes,Non-classical Monocytes,S100A8,ITGB2,-0.007137779502546571,-0.019345376003392558,0.005069816998299417,56,0.2517990443484125,0.5268376062307735,11,0.9955742487418494,33,0.9994076525303497,5,0.9878920007994939,7,0.9988631840905408,Non-classical Monocytes,Non-classical Monocytes,S100A8,ITGB2,7.987379316953813e-06,-5.724674122635891e-05,7.322149986026654e-05,56,0.8103446734037478,0.8921751022534111,11,0.9999467739490338,33,0.9999930163311,5,0.9999494654760017,7,0.9999877204787511
CD4 T Cells|Classical Monocytes|SELPLG|SELL,CD4 T Cells,Classical Monocytes,SELPLG,SELL,-0.1826222769430475,-0.4956687047064537,0.1304241508203587,56,0.25287812031769885,0.5276768641124457,11,0.5213817085968201,33,0.6436588896142376,5,0.38838913893087074,7,0.6932885968913357,CD4 T Cells,Classical Monocytes,SELPLG,SELL,0.0007882779773782378,-0.0010475208590588934,0.0026240768138153688,56,0.4000155052577403,0.634798575035197,11,0.9948422878655481,33,0.9959742031027,5,0.9975850169836551,7,0.9979286542434288
CD8 T Cells|B Cells|CD99|CD81,CD8 T Cells,B Cells,CD99,CD81,-0.19913554529774385,-0.5403523878744079,0.14208129727892022,51,0.2526887534336657,0.5276768641124457,11,0.3878325966619668,29,0.5180207509955582,5,0.22554709847444138,6,0.5548707981057767,CD8 T Cells,B Cells,CD99,CD81,0.022326393158800695,-0.29997661334939063,0.344629399666992,56,0.8920034824930476,0.9336517446998823,11,0.9932171606176514,33,0.8729716836710072,5,0.9968796454397635,7,0.8543077753343186
NK Cells|Classical Monocytes|ANXA2|TLR2,NK Cells,Classical Monocytes,ANXA2,TLR2,-0.17780541664936172,-0.48236822774193155,0.1267573944432081,56,0.2525251233736282,0.5276768641124457,11,0.177382502771817,33,0.39318226581783833,5,0.1759716020181608,7,0.5695767817135439,NK Cells,Classical Monocytes,ANXA2,TLR2,0.0020564049015682206,-0.0009152856377538888,0.00502809544089033,56,0.17500633982679425,0.5900226619420714,11,0.9901796045940748,33,0.992560431555458,5,0.9965016361260813,7,0.9968260581858963
CD4 T Cells|Classical Monocytes|ANXA2|TLR2,CD4 T Cells,Classical Monocytes,ANXA2,TLR2,-0.12213723382121454,-0.33178744517956227,0.08751297753713318,54,0.2535253270540845,0.5285550345279351,10,0.0,32,0.151104428228443,5,0.00938858760561624,7,0.2826302496552738,CD4 T Cells,Classical Monocytes,ANXA2,TLR2,0.06385621555350995,-0.12937964035658703,0.2570920714636069,56,0.5171889846709445,0.7060513724492874,11,0.8940148238741507,33,0.9572516375855447,5,0.9949692165504146,7,0.9943498147082986
Non-classical Monocytes|CD8 T Cells|CALM1|PTPRA,Non-classical Monocytes,CD8 T Cells,CALM1,PTPRA,-0.12314876164862354,-0.3351729666409516,0.08887544334370451,56,0.25495589054115364,0.5310633402440622,11,0.7666142682999052,33,0.6893877137072217,5,0.6641226194236699,7,0.71004482647961,Non-classical Monocytes,CD8 T Cells,CALM1,PTPRA,-0.0005688155518770444,-0.001567942621739221,0.0004303115179851323,56,0.2644940367822338,0.5900226619420714,11,0.9973877622149964,33,0.9962335456316831,5,0.9986762949809135,7,0.9980908939494773
Classical Monocytes|Non-classical Monocytes|LGALS9|HAVCR2,Classical Monocytes,Non-classical Monocytes,LGALS9,HAVCR2,-0.14253412467101462,-0.38819197266762917,0.10312372332559991,53,0.25545528894009195,0.5316293223485871,11,0.04198369848547217,30,0.23105827430405929,5,0.0,7,0.3316087004896017,Classical Monocytes,Non-classical Monocytes,LGALS9,HAVCR2,-0.08698805159271816,-0.1871425494769473,0.013166446291510966,56,0.08869830961584735,0.5227799816749528,11,0.9864070278386436,33,0.8994896520191067,5,0.994943996956102,7,0.9950146727292832
Classical Monocytes|B Cells|ADAM15|ITGB1,Classical Monocytes,B Cells,ADAM15,ITGB1,-0.058907232995441254,-0.16053614033747615,0.04272167434659364,43,0.25593343639117117,0.5321501103948216,7,0.0,24,0.009272903395854395,5,0.0,7,0.06818013639129565,Classical Monocytes,B Cells,ADAM15,ITGB1,0.09161344008930339,-0.24933006985758582,0.4325569500361926,56,0.5984343337076402,0.7593717729051237,11,0.6202990875956819,33,0.7084242095178873,5,0.9920245081859985,7,0.9885361900189006
NK Cells|NK Cells|SPON2|ITGB1,NK Cells,NK Cells,SPON2,ITGB1,0.1970370506007627,-0.1434164098803749,0.5374905110819004,56,0.256657444125151,0.5327067840286468,11,0.9593642162305731,33,0.955653640614487,5,0.8877911895449329,7,0.687043563328084,NK Cells,NK Cells,SPON2,ITGB1,0.0015032821677075647,-0.0004927992954549742,0.0034993636308701037,56,0.1399220163689103,0.5560563594390482,11,0.9995277078915994,33,0.9994363085858397,5,0.9995428458114514,7,0.9979481643379841
CD4 T Cells|NK Cells|PKM|CD44,CD4 T Cells,NK Cells,PKM,CD44,-0.07130001318972945,-0.19460570249837778,0.052005676118918875,56,0.2570776688532932,0.5331051125865361,11,0.7396455997491688,33,0.724174051543452,5,0.8240692855680172,7,0.8798977505520299,CD4 T Cells,NK Cells,PKM,CD44,-0.0004077749851121304,-0.001469724549077545,0.0006541745788532843,56,0.4516897273967827,0.6642847591249715,11,0.9970709772399187,33,0.996504071905422,5,0.9993143919090086,7,0.9991552615596241
NK Cells|Classical Monocytes|SELPLG|ITGAM,NK Cells,Classical Monocytes,SELPLG,ITGAM,-0.11659588477438305,-0.3184057769836853,0.08521400743491918,56,0.25747835540773756,0.533462253661994,11,0.3512090624845939,33,0.3604007101301466,5,0.09217394939021299,7,0.21796148181014874,NK Cells,Classical Monocytes,SELPLG,ITGAM,0.0018345137661747168,-0.0005794061681729207,0.004248433700522355,56,0.13635061173248572,0.5560563594390482,11,0.9928788246011222,33,0.9921916636860855,5,0.9963035894275472,7,0.9937819147463357
B Cells|B Cells|CD99|CD81,B Cells,B Cells,CD99,CD81,-0.10119149043147865,-0.2766934140152977,0.07431043315234037,51,0.2584414048167075,0.5345090170478406,11,0.0,29,0.03691132964043467,5,0.0,6,0.13810282007191332,B Cells,B Cells,CD99,CD81,0.02118703900338459,-0.29943607336461275,0.34181015137138193,56,0.8969493398340139,0.9357624644349306,11,0.9848558663537468,33,0.8628929088328173,5,0.9937173145863643,7,0.8505673180620502
CD8 T Cells|CD8 T Cells|HMGB1|CXCR4,CD8 T Cells,CD8 T Cells,HMGB1,CXCR4,-0.0016360413468632373,-0.004478858393199192,0.001206775699472717,56,0.25933707966335084,0.5354129805604989,11,0.9969729557089448,33,0.9951398542059265,5,0.9994186896925916,7,0.9992216295364366,CD8 T Cells,CD8 T Cells,HMGB1,CXCR4,-4.076169284839004e-05,-0.00010385267645693701,2.2329290760156927e-05,56,0.20540945564753743,0.5900226619420714,11,0.9999612220408842,33,0.9999183423179311,5,0.9999966506242959,7,0.999994532594191
Non-classical Monocytes|CD4 T Cells|TIMP2|ITGB1,Non-classical Monocytes,CD4 T Cells,TIMP2,ITGB1,-0.17795489680304952,-0.48776068773155934,0.13185089412546033,56,0.2602422182726599,0.5368070491754955,11,0.07298260182579847,33,0.14271476960866375,5,0.22875196769362413,7,0.47643903227953893,Non-classical Monocytes,CD4 T Cells,TIMP2,ITGB1,0.0015777063605517672,-0.0027606581866313736,0.005916070907734908,56,0.4759892983681514,0.6642847591249715,11,0.9866884387750082,33,0.9876244161284221,5,0.9966189345758829,7,0.995977205568745
CD4 T Cells|CD4 T Cells|GNAI2|S1PR4,CD4 T Cells,CD4 T Cells,GNAI2,S1PR4,-0.05534934679308518,-0.15187625615118386,0.0411775625650135,56,0.2610724495047516,0.5380442803120874,11,0.06972816491043544,33,0.048120863165719806,5,0.0,7,0.03374204504836954,CD4 T Cells,CD4 T Cells,GNAI2,S1PR4,-0.004080796145470966,-0.008259166798576285,9.757450763435253e-05,56,0.05559532812516478,0.4776247420339505,11,0.9887602499049933,33,0.9826912967796404,5,0.9934107815518278,7,0.9914226245719459
Classical Monocytes|Classical Monocytes|ANXA1|FPR1,Classical Monocytes,Classical Monocytes,ANXA1,FPR1,-0.010917931042672024,-0.02998695191026095,0.008151089824916902,56,0.2617886388591625,0.5385695786221536,11,0.9691485053134751,33,0.9703361746813884,5,0.9745586228961336,7,0.986664223306719,Classical Monocytes,Classical Monocytes,ANXA1,FPR1,-4.404969019655702e-06,-0.00017829304059941963,0.00016948310256010822,56,0.9604011279107973,0.9806218168593567,11,0.9996301063918199,33,0.9996404632567384,5,0.9998870017104201,7,0.9999017635443582
Classical Monocytes|NK Cells|APP|PTGER2,Classical Monocytes,NK Cells,APP,PTGER2,-0.07183771349999615,-0.1973800908047974,0.0537046638048051,55,0.2620630448142278,0.5386595155292446,11,0.013908995509688082,32,0.05353731930979523,5,0.0,7,0.1114660373001033,Classical Monocytes,NK Cells,APP,PTGER2,-0.02973404391102752,-0.0892671441932373,0.029799056371182256,56,0.3276235544123388,0.5900226619420714,11,0.9868047726670021,33,0.9549683126058204,5,0.9944791144778785,7,0.9923766983277243
Non-classical Monocytes|CD8 T Cells|LGALS9|PTPRC,Non-classical Monocytes,CD8 T Cells,LGALS9,PTPRC,-0.01393333538604502,-0.03832908910254257,0.010462418330452531,56,0.2629655311543655,0.5395646003914265,11,0.956858077964353,33,0.9601041389756433,5,0.9556529948132383,7,0.9728323912105736,Non-classical Monocytes,CD8 T Cells,LGALS9,PTPRC,1.111224917405007e-05,-0.00017527815668107261,0.00019750265502917276,56,0.9069793917259912,0.9408493803762554,11,0.9995061138914256,33,0.9995125926151655,5,0.9998049732644038,7,0.9998003397389695
Classical Monocytes|CD4 T Cells|TIMP2|CD44,Classical Monocytes,CD4 T Cells,TIMP2,CD44,-0.04594590016564859,-0.12638795573722172,0.03449615540592456,56,0.2629405219736074,0.5395646003914265,11,0.8243129842579561,33,0.7976022031741486,5,0.8332718528831986,7,0.8525069719650398,Classical Monocytes,CD4 T Cells,TIMP2,CD44,-0.0001235491405676692,-0.0007264389756951155,0.00047934069455977707,56,0.6879402062709726,0.8204685416959575,11,0.9980480603683053,33,0.9974515878108768,5,0.9993468113687165,7,0.9988738879518557
Classical Monocytes|CD4 T Cells|HLA-B|CD3D,Classical Monocytes,CD4 T Cells,HLA-B,CD3D,-2.6240103509489465e-05,-7.22437506750435e-05,1.976354365606457e-05,56,0.2635894582866185,0.5403699605788008,11,0.9999768261758128,33,0.9999735758968968,5,0.9999565484928776,7,0.9999795383174711,Classical Monocytes,CD4 T Cells,HLA-B,CD3D,-1.717592417183056e-07,-5.479370042061389e-07,2.0441852076952774e-07,56,0.37083990990018045,0.6029760624462895,11,0.99999963006774,33,0.9999995239599039,5,0.9999997699789687,7,0.9999998356303743
Non-classical Monocytes|NK Cells|ICAM1|SPN,Non-classical Monocytes,NK Cells,ICAM1,SPN,-0.12336063470931678,-0.34001202246448214,0.09329075304584859,47,0.2644232165157723,0.5416036934774809,9,0.223900712309883,26,0.20738886507255694,5,0.0,7,0.10684878747199071,Non-classical Monocytes,NK Cells,ICAM1,SPN,-0.02855708148097902,-0.31465090941147544,0.2575367464495174,56,0.844893441676155,0.9119009441179675,11,0.810188075821587,33,0.7785274175417186,5,0.9953422250895532,7,0.9922386482906637
Non-classical Monocytes|Classical Monocytes|MIF|CD74_CXCR4,Non-classical Monocytes,Classical Monocytes,MIF,CD74_CXCR4,0.15943380179864852,-0.12111546429187886,0.4399830678891759,56,0.26535163418999885,0.5422582077899024,11,0.8354069654499073,33,0.8374462310288333,5,0.803663210778177,7,0.6462686745584545,Non-classical Monocytes,Classical Monocytes,MIF,CD74_CXCR4,-2.0331141157181598e-05,-7.584073138058414e-05,3.5178449066220944e-05,56,0.4728415029177774,0.6642847591249715,11,0.9999567496815345,33,0.9998984245075972,5,0.9999845900170415,7,0.9999465959842616
B Cells|Classical Monocytes|GNAS|ADCY7,B Cells,Classical Monocytes,GNAS,ADCY7,-0.09010153341808115,-0.2485595039520394,0.06835643711587712,56,0.26508002666411856,0.5422582077899024,11,0.06311274800457145,33,0.13877960915407814,5,0.01144282370409984,7,0.17721121827168768,B Cells,Classical Monocytes,GNAS,ADCY7,0.0011166154927464422,-0.001955781490222574,0.004189012475715459,56,0.47626738121826595,0.6645276913307493,11,0.9892591014771864,33,0.9881794926896472,5,0.9957649462198257,7,0.99356872193954
Non-classical Monocytes|Classical Monocytes|S100A8|CD68,Non-classical Monocytes,Classical Monocytes,S100A8,CD68,-0.021924653545650652,-0.060571926962054774,0.01672261987075347,56,0.2661852876614528,0.5433065093439617,11,0.9806029134873188,33,0.9976297827710899,5,0.9552122728132586,7,0.9941637956426804,Non-classical Monocytes,Classical Monocytes,S100A8,CD68,6.98742173148581e-05,-0.00014429339078838753,0.0002840418254181037,56,0.5225257596857469,0.708342261538773,11,0.9997829624338862,33,0.9999733077273979,5,0.9998285945182372,7,0.9999490655944341
Non-classical Monocytes|CD8 T Cells|LGALS9|CD47,Non-classical Monocytes,CD8 T Cells,LGALS9,CD47,-0.11759999399333965,-0.32506741583425697,0.08986742784757767,56,0.26657779534811477,0.5436324472819634,11,0.7530821173111041,33,0.7825243214676257,5,0.6494926700949902,7,0.7965348682448515,Non-classical Monocytes,CD8 T Cells,LGALS9,CD47,1.6670450273426063e-05,-0.0011463318797514076,0.0011796727802982597,56,0.9775871145609555,0.9870107577322922,11,0.9972525175739274,33,0.9972751737949567,5,0.9986114927972116,7,0.9986174785679675
Classical Monocytes|B Cells|SELPLG|ITGB2,Classical Monocytes,B Cells,SELPLG,ITGB2,-0.11061441505515554,-0.30609870730282834,0.08486987719251726,56,0.2674121096487685,0.5437447739265628,11,0.06823223703302776,33,0.16995505540848282,5,0.00092646259425426,7,0.21326369602486486,Classical Monocytes,B Cells,SELPLG,ITGB2,0.001579887445558259,-0.0007931309277107823,0.003952905818827301,56,0.191931089300314,0.5900226619420714,11,0.9881513513487856,33,0.9889725843530159,5,0.9948004624990361,7,0.9940418080577081
CD4 T Cells|CD8 T Cells|LRPAP1|SORL1,CD4 T Cells,CD8 T Cells,LRPAP1,SORL1,0.005504769843783619,-0.00422667882712692,0.015236218514694158,55,0.26756434485722513,0.5437447739265628,11,0.0,32,0.005504769843783619,5,0.0,7,0.0,CD4 T Cells,CD8 T Cells,LRPAP1,SORL1,-0.028108039125792073,-0.08749053643124573,0.03127445817966158,56,0.35354921419150853,0.5900226619420714,11,0.9825361602641678,33,0.9484843076254744,5,0.992245828890692,7,0.9863020153777908
Non-classical Monocytes|B Cells|CD99|CD81,Non-classical Monocytes,B Cells,CD99,CD81,0.0735032645865391,-0.05630542893869696,0.20331195811177516,51,0.2670783686001028,0.5437447739265628,11,0.0,29,0.1419906713106126,5,0.0,6,0.06848740672407351,Non-classical Monocytes,B Cells,CD99,CD81,0.028355480174814818,-0.2919159440526557,0.34862690440228533,56,0.8622372547793916,0.9166112846564947,11,0.9835988558022066,33,0.8665410066025288,5,0.9942861996106276,7,0.8488728702361349
Classical Monocytes|Non-classical Monocytes|COPA|CD74,Classical Monocytes,Non-classical Monocytes,COPA,CD74,-0.00948839753111308,-0.026279047539171953,0.007302252476945794,56,0.2680450642620108,0.5442480217841698,11,0.976592674764195,33,0.9704417529583266,5,0.9786155483057624,7,0.981953024031007,Classical Monocytes,Non-classical Monocytes,COPA,CD74,-3.769106101003672e-05,-0.00016130919056701594,8.59270685469425e-05,56,0.5501126524837373,0.720794723579132,11,0.9997291001967095,33,0.9996545572896165,5,0.9999035728534814,7,0.9998667210073985
NK Cells|Classical Monocytes|SPON2|ITGB1,NK Cells,Classical Monocytes,SPON2,ITGB1,0.18565765523522804,-0.14400122041145125,0.5153165308819073,56,0.2696735205217571,0.5461996503755951,11,0.9373263094691928,33,0.8912408644307145,5,0.728599039094382,7,0.4968559388206756,NK Cells,Classical Monocytes,SPON2,ITGB1,0.0031427083737950445,-0.00010495309877793643,0.006390369846368026,56,0.05787747767830256,0.4776247420339505,11,0.9992899277292066,33,0.9986858994117361,5,0.998900014898731,7,0.9951532782074656
Non-classical Monocytes|Classical Monocytes|ICAM2|ITGAL_ITGB2,Non-classical Monocytes,Classical Monocytes,ICAM2,ITGAL_ITGB2,-0.12093023317644981,-0.3356727679668863,0.09381230161398664,53,0.2697080072304331,0.5461996503755951,10,0.05473054742042405,31,0.07397620877210788,5,0.0,7,0.14017589452813364,Non-classical Monocytes,Classical Monocytes,ICAM2,ITGAL_ITGB2,0.02743553038639457,-0.1746359392838813,0.22950700005667043,56,0.7901567321599088,0.8741664695705035,11,0.8970731326751021,33,0.9228362146922346,5,0.993902773774912,7,0.9922303254056499
Non-classical Monocytes|NK Cells|ICAM1|ITGAL_ITGB2,Non-classical Monocytes,NK Cells,ICAM1,ITGAL_ITGB2,0.05429237540414552,-0.042066006738903976,0.150650757547195,47,0.2694515965543002,0.5461996503755951,9,0.015302802668558633,26,0.10507709282506388,5,0.0,7,0.035481914752359726,Non-classical Monocytes,NK Cells,ICAM1,ITGAL_ITGB2,-0.027186618624511882,-0.31187216452292854,0.2574989272739048,56,0.8515267955930916,0.9132767039577688,11,0.8059174835392627,33,0.775373443499692,5,0.993846333458189,7,0.99048891204313
CD8 T Cells|CD8 T Cells|GNAI2|S1PR4,CD8 T Cells,CD8 T Cells,GNAI2,S1PR4,-0.08349527260127527,-0.23214181484446433,0.0651512696419138,55,0.27093213293428076,0.5477285977502558,11,0.02246643388718981,32,0.0510419329642278,5,0.0,7,0.11207077167831327,CD8 T Cells,CD8 T Cells,GNAI2,S1PR4,-0.033610884745478686,-0.09300060052811393,0.025778831037156565,56,0.2673362812704936,0.5900226619420714,11,0.9873830356426861,33,0.9527287864708363,5,0.9932889193671949,7,0.9922455549408238
Classical Monocytes|CD4 T Cells|SELPLG|SELL,Classical Monocytes,CD4 T Cells,SELPLG,SELL,-0.09208953021570643,-0.25655974683865546,0.07238068640724263,56,0.2724598072164601,0.5498648659035733,11,0.8160235849658403,33,0.8128855440975103,5,0.700905838292995,7,0.7898573276403715,Classical Monocytes,CD4 T Cells,SELPLG,SELL,-4.31989165280422e-05,-0.0009856688175598851,0.0008992709845038008,56,0.9284170386741635,0.9581095881261881,11,0.9979878802854691,33,0.9977396524282296,5,0.9987968775857894,7,0.9985918486450779
CD4 T Cells|Non-classical Monocytes|HMGB1|HAVCR2,CD4 T Cells,Non-classical Monocytes,HMGB1,HAVCR2,-0.0912065459680842,-0.25445204265760374,0.07203895072143535,53,0.27349590174596095,0.5514792146604652,11,0.6670667776624152,30,0.6326263308648364,5,0.7773843313541738,7,0.8341504305246793,CD4 T Cells,Non-classical Monocytes,HMGB1,HAVCR2,-0.09078131881688012,-0.19150305928696082,0.009940421653200582,56,0.07730674151598259,0.4776247420339505,11,0.9962493455089049,33,0.9051407175225173,5,0.9990579457580319,7,0.9987306365885245
Classical Monocytes|Non-classical Monocytes|HMGB1|HAVCR2,Classical Monocytes,Non-classical Monocytes,HMGB1,HAVCR2,-0.1369879176452794,-0.38298515584074055,0.10900932055018178,53,0.2750790349205212,0.5532381968470431,11,0.5763049040980317,30,0.5213798092369598,5,0.6771510088731478,7,0.7592138316573553,Classical Monocytes,Non-classical Monocytes,HMGB1,HAVCR2,-0.09094606081390688,-0.19152454542517067,0.009632423797356918,56,0.07635177309612574,0.4776247420339505,11,0.9952853327141035,33,0.9037521414020627,5,0.9986450119800511,7,0.9980578814819172
CD8 T Cells|CD8 T Cells|LGALS1|CD69,CD8 T Cells,CD8 T Cells,LGALS1,CD69,0.03652825888042821,-0.029040886258403023,0.10209740401925944,56,0.27488294240815236,0.5532381968470431,11,0.9153927719334867,33,0.9651371960633488,5,0.9387052534963145,7,0.9519214187457484,CD8 T Cells,CD8 T Cells,LGALS1,CD69,0.0005650875688252288,0.00015554815001065416,0.0009746269876398034,56,0.00684314437708886,0.16988195027076808,11,0.9990574344024321,33,0.9995607398254891,5,0.9997644887233559,7,0.9997027065775876
NK Cells|Classical Monocytes|LGALS1|ITGB1,NK Cells,Classical Monocytes,LGALS1,ITGB1,0.0830413310688276,-0.0662409831149694,0.2323236452526246,56,0.2755942573082619,0.5537974103397518,11,0.7813626186276564,33,0.8544523436178804,5,0.8567268820995053,7,0.8467752760209016,NK Cells,Classical Monocytes,LGALS1,ITGB1,0.0013289620645272615,0.00014105937908158038,0.002516864749972943,56,0.028328784390736276,0.3598262494481393,11,0.9975731459410416,33,0.9984217416925073,5,0.9994467248567334,7,0.9989663585436718
CD4 T Cells|CD8 T Cells|HLA-A|CD8A,CD4 T Cells,CD8 T Cells,HLA-A,CD8A,-0.000755060516223649,-0.0021144218494247645,0.0006043008169774665,56,0.2763008911699649,0.5543910513221225,11,0.9990466273820687,33,0.9991023421295139,5,0.9984960317233774,7,0.9993068069870462,CD4 T Cells,CD8 T Cells,HLA-A,CD8A,1.3698540677342663e-06,-9.032463094359964e-06,1.1772171229828497e-05,56,0.7963277598138118,0.8794707100173628,11,0.9999860220212753,33,0.9999891211116305,5,0.9999924251647047,7,0.9999941544009922
NK Cells|NK Cells|LRPAP1|SORL1,NK Cells,NK Cells,LRPAP1,SORL1,-0.061176795566346864,-0.17133007384300136,0.048976482710307634,55,0.2763645326505142,0.5543910513221225,11,0.21163726861937537,32,0.1504604730530285,5,0.0,7,0.0,NK Cells,NK Cells,LRPAP1,SORL1,-0.028186571996369647,-0.08794615331234629,0.031573009319606986,56,0.3552527603820116,0.5900226619420714,11,0.9913769191526932,33,0.9583665741190981,5,0.9942737567091722,7,0.9894499836719467
Classical Monocytes|NK Cells|ICAM1|SPN,Classical Monocytes,NK Cells,ICAM1,SPN,-0.12743959571908087,-0.35844383352378495,0.10356464208562322,46,0.2795788268844571,0.5593972243146593,10,0.2739583574841786,24,0.2651981132410881,5,0.0,7,0.11867935147599036,Classical Monocytes,NK Cells,ICAM1,SPN,-0.1793961616891424,-0.42105316411744015,0.06226084073915533,56,0.14567031850173864,0.5560563594390482,11,0.9016613482461128,33,0.7195447565841423,5,0.9953961570852308,7,0.9926757271124027
CD4 T Cells|B Cells|TIMP1|CD63,CD4 T Cells,B Cells,TIMP1,CD63,-0.11528660997941409,-0.32422668989803966,0.09365346993921148,54,0.27949836515053983,0.5593972243146593,11,0.0,32,0.03490188363917744,5,0.006332785453072321,6,0.15652127907166385,CD4 T Cells,B Cells,TIMP1,CD63,0.11271448441157528,-0.19321455447608682,0.4186435232992374,56,0.4702230089349213,0.6642847591249715,11,0.9811532744503701,33,0.9504498314351703,5,0.9940538653022319,7,0.8506359378754568
B Cells|CD8 T Cells|VIM|CD44,B Cells,CD8 T Cells,VIM,CD44,-0.03492102829952293,-0.0983359692695769,0.028493912670531044,56,0.2804525232292715,0.5601853222757476,11,0.8953620362876528,33,0.8904029200404524,5,0.9091963195694545,7,0.939158231621777,B Cells,CD8 T Cells,VIM,CD44,-6.548203096023997e-05,-0.00040400832879175383,0.0002730442668712739,56,0.7045980262670295,0.8307209429452024,11,0.998841338603361,33,0.9987362779866752,5,0.9996454818090037,7,0.9996059032232781
CD8 T Cells|B Cells|GNAI2|S1PR4,CD8 T Cells,B Cells,GNAI2,S1PR4,-0.08436819739882251,-0.2378734783924699,0.06913708359482487,52,0.28138295379849776,0.5610838574888918,11,0.031296691443409484,29,0.0434199241996176,5,0.0,7,0.09649143015503062,CD8 T Cells,B Cells,GNAI2,S1PR4,-0.12339234427248358,-0.236325371567416,-0.010459316977551147,56,0.03223482786899427,0.3871208933364744,11,0.9880726387559359,33,0.863902857942809,5,0.992689642383054,7,0.9919122058424108
CD8 T Cells|Non-classical Monocytes|CALM1|PTPRA,CD8 T Cells,Non-classical Monocytes,CALM1,PTPRA,-0.12109152599780781,-0.34155805804647077,0.09937500605085517,51,0.2816980077060014,0.561232805455216,11,0.7244855601828978,28,0.6716237025939424,5,0.6663359438642225,7,0.7345656122730749,CD8 T Cells,Non-classical Monocytes,CALM1,PTPRA,-0.1514210093454611,-0.2770704753415091,-0.02577154334941309,56,0.018178325610997234,0.2902624868168367,11,0.9970035436278967,33,0.8450579253767465,5,0.9987046271403968,7,0.9981800182347076
CD8 T Cells|NK Cells|HLA-F|CD8A,CD8 T Cells,NK Cells,HLA-F,CD8A,-0.15400166654961733,-0.43541718470696467,0.12741385160773,42,0.28346428611257657,0.5637897002324244,8,0.3848034544683206,22,0.39253497619668476,5,0.6682511742005739,7,0.8299843624785553,CD8 T Cells,NK Cells,HLA-F,CD8A,-0.061567092439456905,-0.392704781757632,0.2695705968787182,56,0.715553225519675,0.8414631985726493,11,0.7220953174955725,33,0.6607490711851232,5,0.9986175225366727,7,0.9988383686656802
B Cells|CD4 T Cells|ADAM28|ITGA4,B Cells,CD4 T Cells,ADAM28,ITGA4,-0.13004534799742032,-0.36819896433648125,0.10810826834164064,55,0.2845062448004376,0.5648997292593723,11,0.19474759980909237,32,0.22143122679287236,5,0.03326687818294982,7,0.18999585316415013,B Cells,CD4 T Cells,ADAM28,ITGA4,-0.02863331379714329,-0.0884555256263509,0.03118889803206431,56,0.3481840294304559,0.5900226619420714,11,0.9904274781335455,33,0.9591248476161282,5,0.9957739137933925,7,0.9931045970731186
Classical Monocytes|B Cells|LGALS9|CD44,Classical Monocytes,B Cells,LGALS9,CD44,-0.1168297059791561,-0.3309431260160772,0.09728371405776501,56,0.2848702731461218,0.5651419607444302,11,0.6520732580634843,33,0.7196470237317711,5,0.5266455111098682,7,0.7110489827573112,Classical Monocytes,B Cells,LGALS9,CD44,0.0004313483043641986,-0.0005605596963563957,0.0014232563050847928,56,0.39403420702315795,0.6265516547214923,11,0.9962046549194249,33,0.9966648350274997,5,0.9981311477416817,7,0.9981599795453923
CD8 T Cells|Non-classical Monocytes|CD99|PILRA,CD8 T Cells,Non-classical Monocytes,CD99,PILRA,-0.04567575582068395,-0.12977591234371805,0.03842440070235015,56,0.2871118388025212,0.5686226832942214,11,0.9107408266637528,33,0.8871784435170823,5,0.8862564721973794,7,0.9083698448713928,CD8 T Cells,Non-classical Monocytes,CD99,PILRA,-0.0002820535648413447,-0.0009902673535674873,0.0004261602238847978,56,0.4350517936053562,0.6636929105407404,11,0.9989487517382698,33,0.998457269704201,5,0.9995702988415539,7,0.9993608703723265
Classical Monocytes|Non-classical Monocytes|S100A8|ITGB2,Classical Monocytes,Non-classical Monocytes,S100A8,ITGB2,-5.434102110513095e-07,-1.5446794111933776e-06,4.578589890907586e-07,56,0.287458109931905,0.5688260056703375,11,0.9999997477447362,33,0.9999995677143263,5,0.9999994279185694,7,0.9999997912983706,Classical Monocytes,Non-classical Monocytes,S100A8,ITGB2,-3.78756004337788e-09,-1.2212466001900605e-08,4.637345915144845e-09,56,0.3782446422093415,0.6096379967395265,11,0.9999999963831684,33,0.999999993194294,5,0.9999999967213877,7,0.9999999973200734
NK Cells|Non-classical Monocytes|TGFB1|LPP,NK Cells,Non-classical Monocytes,TGFB1,LPP,-0.19029296388268546,-0.54110379159962,0.16051786383424899,54,0.2877102825511495,0.5688429379821626,11,0.5918073392357077,31,0.3558575427559512,5,0.2749744114503857,7,0.22931757885331466,NK Cells,Non-classical Monocytes,TGFB1,LPP,-0.05932693851330484,-0.14265731558373645,0.024003438557126763,56,0.16289722379971328,0.5684054412104687,11,0.9955288783627932,33,0.9313221131810374,5,0.9962530255879345,7,0.9913731989194835
Non-classical Monocytes|Non-classical Monocytes|CD99|PILRA,Non-classical Monocytes,Non-classical Monocytes,CD99,PILRA,-0.05976731803699331,-0.17028646898987854,0.0507518329158919,56,0.28917962791248675,0.5702993506551153,11,0.7753681491837152,33,0.7659273553420288,5,0.7747001613007887,7,0.8250266854960956,Non-classical Monocytes,Non-classical Monocytes,CD99,PILRA,-4.562469466828922e-05,-0.0011104144700563121,0.0010191650807197337,56,0.9330710541682998,0.9621354043062084,11,0.9974598579716265,33,0.9969632426137793,5,0.9991125672925325,7,0.9986615766293536
B Cells|Classical Monocytes|LGALS1|CD69,B Cells,Classical Monocytes,LGALS1,CD69,-0.16679020378495346,-0.4756928621092135,0.1421124545393066,52,0.28993181092551135,0.571300235030438,9,0.0,33,0.18041287059668917,5,0.06399367714833888,5,0.41119675152998153,B Cells,Classical Monocytes,LGALS1,CD69,0.4682595259651673,0.008193502528039576,0.9283255494022951,56,0.04605708441265328,0.4391921079290176,11,0.8042643240703504,33,0.9875712399126035,5,0.9956512936744242,7,0.71069868355151
B Cells|CD8 T Cells|FAM3C|CLEC2D,B Cells,CD8 T Cells,FAM3C,CLEC2D,0.06847587746957606,-0.05864564431051611,0.19559739924966824,56,0.29107631053830096,0.5719600653690383,11,0.04106929705625466,33,0.1724019705700093,5,0.0,7,0.0628567960441786,B Cells,CD8 T Cells,FAM3C,CLEC2D,0.0007756444385845773,-0.0038821430516474582,0.005433431928816613,56,0.7441325661475354,0.8527700215723305,11,0.9878908627783932,33,0.9870061909328715,5,0.9933021202715786,7,0.9916418039874723
CD4 T Cells|Classical Monocytes|GNAI2|C5AR1,CD4 T Cells,Classical Monocytes,GNAI2,C5AR1,-0.1874084253906595,-0.5354440977159898,0.1606272469346708,56,0.2912464743999086,0.5719600653690383,11,0.330960603363464,33,0.17280541916914138,5,0.3796737850874613,7,0.4089270262837981,CD4 T Cells,Classical Monocytes,GNAI2,C5AR1,-0.0022764872851225304,-0.006786960506384633,0.002233985936139572,56,0.32255738373721166,0.5900226619420714,11,0.9920930713596053,33,0.9877723993866875,5,0.997041406878363,7,0.9949972221905676
CD8 T Cells|CD4 T Cells|CLEC2D|KLRB1,CD8 T Cells,CD4 T Cells,CLEC2D,KLRB1,-0.1817169082865694,-0.519536123986313,0.15610230741317416,56,0.2917512838170244,0.572421586425685,11,0.2590048008407715,33,0.2547520628705976,5,0.36810285550082167,7,0.5455670258172172,CD8 T Cells,CD4 T Cells,CLEC2D,KLRB1,-0.0008547564565553056,-0.004374306643995507,0.0026647937308848955,56,0.6340772155895898,0.7784625923139681,11,0.9915725620083781,33,0.9893551759210012,5,0.9975208778832789,7,0.9961582482524574
B Cells|Non-classical Monocytes|HMGB1|CXCR4,B Cells,Non-classical Monocytes,HMGB1,CXCR4,-0.01214494705913427,-0.03473322286711451,0.010443328748845973,56,0.29197178134175195,0.572421586425685,11,0.9712832849451427,33,0.9582539697042087,5,0.9807964490693137,7,0.979912080887514,B Cells,Non-classical Monocytes,HMGB1,CXCR4,-0.00016613829021960846,-0.0004183231748455946,8.604659440637768e-05,56,0.1966289159390644,0.5900226619420714,11,0.999656578955467,33,0.9994267715120928,5,0.9999053459402483,7,0.9998416767870936
Classical Monocytes|CD4 T Cells|TIMP1|CD63,Classical Monocytes,CD4 T Cells,TIMP1,CD63,0.09248693531660368,-0.0797852370238834,0.26475910765709076,55,0.2926910715995642,0.5731652254786156,11,0.4284498939617192,32,0.6371487552447916,5,0.6170988641775785,7,0.7333107901440473,Classical Monocytes,CD4 T Cells,TIMP1,CD63,-0.0278542663912269,-0.08791549855940672,0.03220696577695293,56,0.3633703496625281,0.5986241490282254,11,0.9937480559414129,33,0.9654768072566594,5,0.9985370489805714,7,0.9981200666870447
Classical Monocytes|Classical Monocytes|S100A8|ITGB2,Classical Monocytes,Classical Monocytes,S100A8,ITGB2,-1.2361365344770725e-05,-3.5517666141531495e-05,1.0794935451990045e-05,56,0.29543463728528785,0.5772718644863156,11,0.999992184643984,33,0.9999947479672198,5,0.9999831289969489,7,0.9999980536855294,Classical Monocytes,Classical Monocytes,S100A8,ITGB2,-3.044264296203636e-08,-2.1258181394324448e-07,1.5169652801917176e-07,56,0.7432237067634213,0.8527700215723305,11,0.9999998792608572,33,0.9999999227475347,5,0.9999998986182431,7,0.9999999725475636
Non-classical Monocytes|CD4 T Cells|S100A9|ITGB2,Non-classical Monocytes,CD4 T Cells,S100A9,ITGB2,-0.008364380261952076,-0.024070120747612264,0.007341360223708113,56,0.296571091610489,0.5785242263245546,11,0.9940323993381323,33,0.9981236890869039,5,0.9839893749988073,7,0.996445045009531,Non-classical Monocytes,CD4 T Cells,S100A9,ITGB2,1.911073124083451e-05,-6.769705167225453e-05,0.00010591851415392355,56,0.6661150138684118,0.8051095012495805,11,0.9999300226018161,33,0.9999771598591203,5,0.9999359762425886,7,0.9999640027686519
Non-classical Monocytes|Classical Monocytes|VCAN|CD44,Non-classical Monocytes,Classical Monocytes,VCAN,CD44,-0.023388199955420075,-0.06734437252956725,0.0205679726187271,55,0.2970142395501234,0.5785659555775939,10,0.9634071936757085,33,0.9453310416494731,5,0.9461421831862232,7,0.951454231115408,Non-classical Monocytes,Classical Monocytes,VCAN,CD44,0.09088797362689671,-0.09590886024166265,0.2776848074954561,56,0.3402652983852974,0.5900226619420714,11,0.9087072892823399,33,0.9993458961993007,5,0.9997812924987819,7,0.999531925788846
B Cells|NK Cells|FAM3C|LAMP1,B Cells,NK Cells,FAM3C,LAMP1,-0.11373504946354085,-0.32778670416108907,0.10031660523400737,56,0.29768299087604333,0.5785659555775939,11,0.32346042472367514,33,0.41494557098839147,5,0.02653829493788476,7,0.23175849066614193,B Cells,NK Cells,FAM3C,LAMP1,0.0015428007931655996,-0.001440761866973931,0.00452636345330513,56,0.31082247879869396,0.5900226619420714,11,0.9925127005306386,33,0.9924754334691771,5,0.9956124285019726,7,0.9940323606473456
CD4 T Cells|Non-classical Monocytes|LGALS1|CD69,CD4 T Cells,Non-classical Monocytes,LGALS1,CD69,0.14554910541703592,-0.12824901979196046,0.4193472306260323,56,0.29745679443221074,0.5785659555775939,11,0.012744402781340909,33,0.2921522560296378,5,0.3440943801788282,7,0.47795312801008916,CD4 T Cells,Non-classical Monocytes,LGALS1,CD69,0.006000961200732791,0.00338995705692684,0.00861196534453874,56,6.648146398387407e-06,0.008495001467859429,11,0.9857221590010595,33,0.9907609100052344,5,0.9974555550301872,7,0.9964933448336293
Non-classical Monocytes|CD4 T Cells|LGALS9|CD44,Non-classical Monocytes,CD4 T Cells,LGALS9,CD44,-0.02808797482139669,-0.08111523669296988,0.024939287050176506,56,0.2991899811263319,0.5802397059219144,11,0.9390243869846766,33,0.9385877317020634,5,0.9200979543434737,7,0.9477492738822573,Non-classical Monocytes,CD4 T Cells,LGALS9,CD44,-3.810160436801269e-05,-0.0003242746333469647,0.00024807142461093934,56,0.7941285855091798,0.8777009021007381,11,0.9993074310104567,33,0.9992269550128814,5,0.9996777037338918,7,0.9996353293406844
CD4 T Cells|Classical Monocytes|CD99|PILRA,CD4 T Cells,Classical Monocytes,CD99,PILRA,-0.10841302065412062,-0.3135228641054922,0.09669682279725095,56,0.3002207527698827,0.5812731821871278,11,0.5698880475485347,33,0.5630893350800581,5,0.6295047261363658,7,0.7311190343220098,CD4 T Cells,Classical Monocytes,CD99,PILRA,-0.0001389701430142276,-0.0022074246804274413,0.001929484394398986,56,0.8952364946332658,0.9352517579875734,11,0.9952078608057806,33,0.9942053482513546,5,0.998595433892844,7,0.9977318914814323
NK Cells|NK Cells|ICAM3|ITGAL,NK Cells,NK Cells,ICAM3,ITGAL,-0.09467484251152825,-0.2740796167980445,0.08472993177498803,56,0.3009935311086318,0.582286574265663,11,0.7552863908681928,33,0.7344224207425609,5,0.6476970824026347,7,0.721507954788531,NK Cells,NK Cells,ICAM3,ITGAL,-0.00026809267902005995,-0.0013141770821844426,0.0007779917241443226,56,0.6154539545687618,0.7633068421183709,11,0.9973037316548132,33,0.9965603420346719,5,0.9985861747673022,7,0.9981108778261809
CD8 T Cells|B Cells|MIF|CD74_CXCR4,CD8 T Cells,B Cells,MIF,CD74_CXCR4,0.0063193669722839685,-0.005668367950729551,0.018307101895297488,56,0.30151015879826415,0.5828031629088963,11,0.9982067056442436,33,0.9960364017948624,5,0.9976248428497649,7,0.9891351720280998,CD8 T Cells,B Cells,MIF,CD74_CXCR4,5.5272520184113105e-06,-2.9103535290942345e-06,1.3964857565916856e-05,56,0.19916976709273426,0.5900226619420714,11,0.9999991831340864,33,0.9999994179185053,5,0.9999993815935456,7,0.9999940891259461
Non-classical Monocytes|Classical Monocytes|LGALS9|CD47,Non-classical Monocytes,Classical Monocytes,LGALS9,CD47,-0.12070332651678028,-0.34984824769839484,0.10844159466483425,56,0.30187464394809316,0.5830250567566563,11,0.6861618521167778,33,0.7449595748460246,5,0.5590540410109368,7,0.7385550902569639,Non-classical Monocytes,Classical Monocytes,LGALS9,CD47,0.00028230500536696734,-0.0011475592125247517,0.0017121692232586864,56,0.6987819970054714,0.8260840523444835,11,0.9965217204928585,33,0.996765591712063,5,0.9982589325930619,7,0.9982204988068994
Non-classical Monocytes|NK Cells|S100A9|ITGB2,Non-classical Monocytes,NK Cells,S100A9,ITGB2,-0.0015636866377679581,-0.004535499144261136,0.0014081258687252195,56,0.3024097408511066,0.5835758222209371,11,0.9996489786201763,33,0.9999764103838309,5,0.9978905113906544,7,0.999781629792077,Non-classical Monocytes,NK Cells,S100A9,ITGB2,-3.3000381630676756e-06,-1.913675277774347e-05,1.2536676451608117e-05,56,0.6829688305433365,0.8170147406318464,11,0.9999954169403291,33,0.999999642699023,5,0.9999901322230969,7,0.9999976580199538
Non-classical Monocytes|Classical Monocytes|S100A8|ITGB2,Non-classical Monocytes,Classical Monocytes,S100A8,ITGB2,-0.01744182690065299,-0.0506612779584146,0.015777624157108622,56,0.30344378291625684,0.5839277851166734,11,0.9839833328412144,33,0.9972558499889381,5,0.9666970901663718,7,0.9974114342147485,Non-classical Monocytes,Classical Monocytes,S100A8,ITGB2,4.875597166809076e-05,-0.00014520155014758715,0.00024271349348376867,56,0.6222352258453125,0.7695433329318044,11,0.9998202812757367,33,0.9999706426186643,5,0.9998692445896102,7,0.9999708499608697
CD4 T Cells|Classical Monocytes|TIMP1|CD63,CD4 T Cells,Classical Monocytes,TIMP1,CD63,-0.13346389171281958,-0.3878439304295158,0.12091614700387665,56,0.3037986984367863,0.5839277851166734,11,0.6323553246431163,33,0.7076421732267298,5,0.630881164825466,7,0.8396319051218991,CD4 T Cells,Classical Monocytes,TIMP1,CD63,0.00035691828719774943,-0.0010143562422791686,0.0017281928166746675,56,0.609950829326531,0.7594963649517066,11,0.9959291113543604,33,0.9964921936750931,5,0.9985794103882183,7,0.9987855744217533
CD8 T Cells|Non-classical Monocytes|LGALS1|CD69,CD8 T Cells,Non-classical Monocytes,LGALS1,CD69,0.1724820528304778,-0.15629576183489652,0.5012598674958522,56,0.30384250917205924,0.5839277851166734,11,0.1688878028632756,33,0.49086102964395517,5,0.12080656589151088,7,0.2702977398417127,CD8 T Cells,Non-classical Monocytes,LGALS1,CD69,0.0060571483767837275,0.00237042585392909,0.009743870899638366,56,0.001281243699456832,0.09753557241920435,11,0.9894509602556216,33,0.9935282312984436,5,0.996112509749112,7,0.9941326324151503
NK Cells|Classical Monocytes|TIMP1|CD63,NK Cells,Classical Monocytes,TIMP1,CD63,-0.15926183743246813,-0.46237330001135046,0.1438496251464142,54,0.30309881797346805,0.5839277851166734,11,0.6703829212347238,32,0.6426320364671917,5,0.6068021379235418,6,0.7383130905884778,NK Cells,Classical Monocytes,TIMP1,CD63,0.11202148123615285,-0.19565850698407117,0.4197014694563769,56,0.47547932378361024,0.6642847591249715,11,0.9963430400072053,33,0.965165148340953,5,0.9984497047650954,7,0.8552503318626903
Classical Monocytes|NK Cells|ICAM1|ITGAM_ITGB2,Classical Monocytes,NK Cells,ICAM1,ITGAM_ITGB2,0.030834155370761566,-0.027914335312605957,0.08958264605412909,45,0.30362657759921596,0.5839277851166734,10,0.01632879026101246,24,0.04716294563177403,5,0.0,6,0.0,Classical Monocytes,NK Cells,ICAM1,ITGAM_ITGB2,-0.03440383656370227,-0.41620574385892034,0.3473980707315158,56,0.859814233088542,0.9151617375303415,11,0.8944269933505801,33,0.7111895379157918,5,0.9916234395962349,7,0.842789820725149
B Cells|Classical Monocytes|CALR|LRP1,B Cells,Classical Monocytes,CALR,LRP1,-0.10845947035476036,-0.3154065922893633,0.09848765157984254,56,0.30432499682331526,0.5843377248819844,11,0.237255346913268,33,0.22977077888570704,5,0.14332025997102957,7,0.24429516229822895,B Cells,Classical Monocytes,CALR,LRP1,0.0014969776736288853,-0.0023253719146125547,0.005319327261870325,56,0.44272691749169213,0.6642847591249715,11,0.9914116086837882,33,0.9899544568699074,5,0.9965131253403902,7,0.9935589958528804
NK Cells|Non-classical Monocytes|LGALS1|ITGB1,NK Cells,Non-classical Monocytes,LGALS1,ITGB1,0.06102257579284631,-0.055707204648893685,0.1777523562345863,56,0.30554906202418664,0.5852120244452941,11,0.8527277684581221,33,0.8901260959344048,5,0.9059556271088989,7,0.8823313787923353,NK Cells,Non-classical Monocytes,LGALS1,ITGB1,0.00088614799743858,-8.808847994738354e-05,0.0018603844748245435,56,0.07462732917390394,0.4776247420339505,11,0.9983436961977309,33,0.9988134450785671,5,0.9996295716259695,7,0.9992131725093671
Non-classical Monocytes|Non-classical Monocytes|LGALS9|HAVCR2,Non-classical Monocytes,Non-classical Monocytes,LGALS9,HAVCR2,-0.15511222016061843,-0.4517933232522247,0.14156888293098785,53,0.3054964288114973,0.5852120244452941,11,0.3987836681746035,30,0.4637112129279622,5,0.4199768229684029,7,0.64001658788238,Non-classical Monocytes,Non-classical Monocytes,LGALS9,HAVCR2,-0.08987381714442388,-0.19038572110763957,0.010638086818791803,56,0.07968388214229047,0.48301738425720475,11,0.9931877190874485,33,0.9030800015908388,5,0.9976648920508818,7,0.997430991698696
Classical Monocytes|Non-classical Monocytes|SERPINA1|LRP1,Classical Monocytes,Non-classical Monocytes,SERPINA1,LRP1,-0.061097017273818444,-0.17866134352305485,0.056467308975417976,56,0.3084053039342016,0.5881581887002831,11,0.8428008882420265,33,0.8709377642027276,5,0.7702322026865145,7,0.8594660959210341,Classical Monocytes,Non-classical Monocytes,SERPINA1,LRP1,0.00038317389952891023,-0.0004347483648071978,0.0012010961638650184,56,0.35852004368505297,0.5928013869316262,11,0.9982762362356095,33,0.9983782042281409,5,0.9991107141761981,7,0.9988295082692007
Classical Monocytes|B Cells|MIF|CD74_CXCR4,Classical Monocytes,B Cells,MIF,CD74_CXCR4,0.013777852773151578,-0.01274170581824783,0.040297411364550985,56,0.30854922601396606,0.5881581887002831,11,0.9946272975262699,33,0.990231437700458,5,0.9898006273874103,7,0.9716269147884468,Classical Monocytes,B Cells,MIF,CD74_CXCR4,1.8562144636025124e-05,-5.024539895421323e-06,4.214882916747157e-05,56,0.12296578854449448,0.5560563594390482,11,0.9999919385203179,33,0.9999920178099707,5,0.9999933068849236,7,0.9999748240299404
NK Cells|Classical Monocytes|LRPAP1|SORL1,NK Cells,Classical Monocytes,LRPAP1,SORL1,-0.05729564868739565,-0.16798270988438396,0.053391412509592666,54,0.3103210302364343,0.5895516218619744,11,0.11129691177611732,31,0.07332290101068571,5,0.0,7,0.019321637921964042,NK Cells,Classical Monocytes,LRPAP1,SORL1,-0.06049061650193588,-0.14332969253270955,0.022348459528837808,56,0.1523724050622164,0.5560563594390482,11,0.9902437868739639,33,0.9245708177268613,5,0.9951211487557545,7,0.9899387961105879
Non-classical Monocytes|NK Cells|APP|LRP10,Non-classical Monocytes,NK Cells,APP,LRP10,0.001795138568413884,-0.0016678737747257183,0.005258150911553487,49,0.3096312565908885,0.5895516218619744,6,0.0,31,0.001795138568413884,5,0.0,7,0.0,Non-classical Monocytes,NK Cells,APP,LRP10,0.392238682307703,0.063774274551824,0.720703090063582,56,0.019257507527831733,0.2915550132590449,11,0.5357666119724279,33,0.9208009778033256,5,0.9928757601424266,7,0.9856714436656213
Classical Monocytes|NK Cells|GNAS|PTGDR,Classical Monocytes,NK Cells,GNAS,PTGDR,-0.13364284762003714,-0.39183510501753616,0.12454940977746187,55,0.3103458493951172,0.5895516218619744,11,0.46048142529987196,32,0.34797578299636706,5,0.19420154049498844,7,0.21533874581152065,Classical Monocytes,NK Cells,GNAS,PTGDR,-0.029265038960175627,-0.08918248293882612,0.030652405018474868,56,0.3384204598338346,0.5900226619420714,11,0.9941390502771884,33,0.9617089036498566,5,0.9965812716214861,7,0.99341616395433
CD8 T Cells|CD8 T Cells|LRPAP1|SORL1,CD8 T Cells,CD8 T Cells,LRPAP1,SORL1,0.006331455706063938,-0.005946032494315606,0.018608943906443482,55,0.3121378949357827,0.5906336990883733,11,0.0,32,0.006331455706063938,5,0.0,7,0.0,CD8 T Cells,CD8 T Cells,LRPAP1,SORL1,-0.027840144290601554,-0.08728790089115435,0.03160761230995124,56,0.35868369003356826,0.5929185240942995,11,0.9828470361689526,33,0.9494189024201289,5,0.9920384313196833,7,0.9864504418614611
B Cells|Non-classical Monocytes|HLA-DPB1|CD4,B Cells,Non-classical Monocytes,HLA-DPB1,CD4,-0.0022133485816149268,-0.006504544777933463,0.00207784761470361,56,0.31205165933301315,0.5906336990883733,11,0.9941069053141155,33,0.9916789925968106,5,0.9946277165420814,7,0.9944131524063914,B Cells,Non-classical Monocytes,HLA-DPB1,CD4,-1.6041221876372802e-05,-7.393614753176733e-05,4.1853703779021714e-05,56,0.5870908845803902,0.7535001329015896,11,0.9999254658983209,33,0.9998815888166985,5,0.9999753278655629,7,0.9999474920058169
NK Cells|Non-classical Monocytes|HMGB1|HAVCR2,NK Cells,Non-classical Monocytes,HMGB1,HAVCR2,-0.06841625906511806,-0.20145419465156594,0.06462167652132983,53,0.31348634582052337,0.592704953433945,11,0.768578033726305,30,0.7426718597744508,5,0.8359092042688177,7,0.8784192893820816,NK Cells,Non-classical Monocytes,HMGB1,HAVCR2,-0.09087287680914513,-0.19171975380167355,0.009974000183383305,56,0.07737591947810891,0.4776247420339505,11,0.9973789197743547,33,0.9063004402963136,5,0.9992978804977029,7,0.999092277828807
Non-classical Monocytes|Classical Monocytes|ADAM15|ITGB1,Non-classical Monocytes,Classical Monocytes,ADAM15,ITGB1,0.006030957251566731,-0.005978641107495037,0.0180405556106285,52,0.3249921232374814,0.5990115531706384,8,0.0,32,0.006030957251566731,5,0.0,7,0.0,Non-classical Monocytes,Classical Monocytes,ADAM15,ITGB1,0.23968997213296928,-0.050677916158093084,0.5300578604240316,56,0.10568600135856206,0.5560563594390482,11,0.7140203768113891,33,0.946354466161271,5,0.9936030562515962,7,0.9862471734685088
Classical Monocytes|Classical Monocytes|ADAM10|NOTCH2,Classical Monocytes,Classical Monocytes,ADAM10,NOTCH2,0.0015773587155401788,-0.0015621416761625565,0.0047168591072429145,56,0.3247557654026184,0.5990115531706384,11,0.0,33,0.0015773587155401788,5,0.0,7,0.0,Classical Monocytes,Classical Monocytes,ADAM10,NOTCH2,0.0009963829578916172,-0.005513084724369194,0.007505850640152428,56,0.7641731237629064,0.858763145651957,11,0.9846228712785663,33,0.9798625256351449,5,0.9938304169714257,7,0.9880736883701127
Classical Monocytes|Non-classical Monocytes|PSEN1|NOTCH2,Classical Monocytes,Non-classical Monocytes,PSEN1,NOTCH2,0.003134709115087888,-0.0031044680598531263,0.009373886290028902,56,0.3247557654026184,0.5990115531706384,11,0.0,33,0.003134709115087888,5,0.0,7,0.0,Classical Monocytes,Non-classical Monocytes,PSEN1,NOTCH2,-0.0012549904638072817,-0.007477310078107988,0.0049673291504934245,56,0.6926151942961511,0.8229716340632527,11,0.9852749674654097,33,0.9794146697612394,5,0.992823017250314,7,0.988217710009951
CD4 T Cells|Non-classical Monocytes|HLA-C|LILRB2,CD4 T Cells,Non-classical Monocytes,HLA-C,LILRB2,-0.0008593327715101795,-0.0025582283998945004,0.0008395628568741416,56,0.32149715057227135,0.5990115531706384,11,0.999113417161226,33,0.9985243847220199,5,0.9984527166402659,7,0.9987230169725699,CD4 T Cells,Non-classical Monocytes,HLA-C,LILRB2,-4.609558477253195e-06,-1.7065008819257028e-05,7.845891864750638e-06,56,0.46823695997365355,0.6642847591249715,11,0.9999880228534025,33,0.999981363817747,5,0.9999926059019272,7,0.999990556424749
Non-classical Monocytes|Classical Monocytes|ADAM10|IL6R,Non-classical Monocytes,Classical Monocytes,ADAM10,IL6R,0.003225058291419669,-0.0032078245663824285,0.009657941149221767,52,0.3258007162855291,0.5990115531706384,11,0.0,29,0.003225058291419669,5,0.0,7,0.0,Non-classical Monocytes,Classical Monocytes,ADAM10,IL6R,-0.11716650739868717,-0.2292935309310969,-0.00503948386627745,56,0.040554764747222624,0.412586611417206,11,0.9801880621354794,33,0.8561974570523634,5,0.9911011670099519,7,0.9842770693255231
Classical Monocytes|Classical Monocytes|ADAM15|ITGB1,Classical Monocytes,Classical Monocytes,ADAM15,ITGB1,0.0021052099162856288,-0.002089130908855511,0.006299550741426768,53,0.32524398000988786,0.5990115531706384,10,0.0,31,0.0021052099162856288,5,0.0,7,0.0,Classical Monocytes,Classical Monocytes,ADAM15,ITGB1,0.031301133768070866,-0.16983681771529227,0.232439085251434,56,0.7603585047552757,0.8572314252481835,11,0.8929985233245052,33,0.9173048398202978,5,0.9933505563063786,7,0.9863557390341002
Classical Monocytes|Classical Monocytes|CD47|SIRPA,Classical Monocytes,Classical Monocytes,CD47,SIRPA,0.015002780874747828,-0.01478274912519034,0.044788310874685995,55,0.32353415323216284,0.5990115531706384,10,0.0,33,0.023092894215712128,5,0.0,7,0.0080901133409643,Classical Monocytes,Classical Monocytes,CD47,SIRPA,0.09286263319935151,-0.0907801448085705,0.2765054112072735,56,0.3216392540478389,0.5900226619420714,11,0.8930915548403277,33,0.9822773630224257,5,0.9935894635765615,7,0.9899126385593081
CD8 T Cells|CD4 T Cells|TIMP1|CD63,CD8 T Cells,CD4 T Cells,TIMP1,CD63,0.010447427062298243,-0.010356799807524101,0.031251653932120586,55,0.3249921232374814,0.5990115531706384,11,0.0,32,0.010447427062298243,5,0.0,7,0.0,CD8 T Cells,CD4 T Cells,TIMP1,CD63,-0.025876286941397986,-0.08490788219719748,0.03315530831440151,56,0.39026154573726457,0.621325944608867,11,0.9740930943040929,33,0.9432640477593169,5,0.9918494727714497,7,0.9868967131680717
Classical Monocytes|B Cells|APP|LRP10,Classical Monocytes,B Cells,APP,LRP10,0.002789927490409653,-0.002765725984338635,0.008345580965157941,55,0.3249921232374814,0.5990115531706384,11,0.0,32,0.002789927490409653,5,0.0,7,0.0,Classical Monocytes,B Cells,APP,LRP10,-0.026569825448791162,-0.08615998372791085,0.03302033283032853,56,0.38217215138858873,0.6133873336499016,11,0.9791528626513528,33,0.9457448360742461,5,0.9918237902108411,7,0.9849855890825256
NK Cells|B Cells|MIF|CD74_CXCR4,NK Cells,B Cells,MIF,CD74_CXCR4,0.003767628677284418,-0.003643158916071884,0.01117841627064072,56,0.319035663869622,0.5990115531706384,11,0.9982100626330431,33,0.9967076693326018,5,0.9972426570019856,7,0.9919726350242598,NK Cells,B Cells,MIF,CD74_CXCR4,3.7767286713563664e-06,-1.4916733350694677e-06,9.0451306777822e-06,56,0.16001296126669107,0.5604839964544348,11,0.9999990187136981,33,0.9999995210310444,5,0.9999993588862172,7,0.9999960844748921
CD4 T Cells|Non-classical Monocytes|LRPAP1|SORL1,CD4 T Cells,Non-classical Monocytes,LRPAP1,SORL1,0.0034998771511445927,-0.0034811748781818337,0.01048092918047102,51,0.3258007162855292,0.5990115531706384,11,0.0,29,0.0034998771511445927,5,0.0,6,0.0,CD4 T Cells,Non-classical Monocytes,LRPAP1,SORL1,0.024928508114211434,-0.2934454840262571,0.34330250025467995,56,0.878032299148146,0.926465459827829,11,0.9786518172110501,33,0.8564026515408297,5,0.9916583209522131,7,0.8444806471677813
NK Cells|NK Cells|CLEC2B|KLRF1,NK Cells,NK Cells,CLEC2B,KLRF1,0.04043450478812827,-0.03933204316174853,0.12020105273800506,55,0.32045347998858187,0.5990115531706384,11,0.9738886219868601,33,0.9407274978618193,5,0.9008962932045723,6,0.8273006642914033,NK Cells,NK Cells,CLEC2B,KLRF1,0.14327444999574002,-0.15873125060379878,0.4452801505952788,56,0.35246116621059753,0.5900226619420714,11,0.9996849147368537,33,0.9993205841376175,5,0.9995800903750471,7,0.8559413097800709
CD8 T Cells|B Cells|TIMP1|CD63,CD8 T Cells,B Cells,TIMP1,CD63,0.016538467016033568,-0.01641215080786049,0.04948908483992763,53,0.32524398000988797,0.5990115531706384,11,0.0,31,0.016538467016033568,5,0.0,6,0.0,CD8 T Cells,B Cells,TIMP1,CD63,0.08572666163791154,-0.22350062815528182,0.3949539514311049,56,0.5868832314935568,0.7535001329015896,11,0.975803349976584,33,0.9148595089455376,5,0.9917560769328588,7,0.8450855742639009
CD4 T Cells|CD8 T Cells|HLA-C|CD8A,CD4 T Cells,CD8 T Cells,HLA-C,CD8A,-0.0005430724467540005,-0.0016210643469466914,0.0005349194534386905,56,0.3234496599302513,0.5990115531706384,11,0.9993184386530224,33,0.9991079293082239,5,0.998625344022704,7,0.9989579071246595,CD4 T Cells,CD8 T Cells,HLA-C,CD8A,5.764643131733749e-07,-6.84916457627907e-06,8.002093202625819e-06,56,0.879064395619777,0.9266210574190736,11,0.9999904026758933,33,0.9999893204393699,5,0.9999933884756181,7,0.9999917297747816
Non-classical Monocytes|Non-classical Monocytes|COPA|CD74,Non-classical Monocytes,Non-classical Monocytes,COPA,CD74,-0.008839505649666068,-0.0262643546974021,0.008585343398069965,56,0.320088418807825,0.5990115531706384,11,0.9668584926371441,33,0.9640903884801652,5,0.9738797559911531,7,0.9799511574838402,Non-classical Monocytes,Non-classical Monocytes,COPA,CD74,-1.8987945225257263e-05,-0.00017694224554345512,0.0001389663550929406,56,0.813734939212779,0.8949813500479994,11,0.9996417268720557,33,0.9995787146025785,5,0.9998843420221183,7,0.9998403176978664
Classical Monocytes|Non-classical Monocytes|APP|PTGER2,Classical Monocytes,Non-classical Monocytes,APP,PTGER2,0.0008119598464340625,-0.0008049164192409021,0.002428836112109027,55,0.3249921232374814,0.5990115531706384,11,0.0,32,0.0008119598464340625,5,0.0,7,0.0,Classical Monocytes,Non-classical Monocytes,APP,PTGER2,-0.030162087618249123,-0.0893694760448479,0.029045300808349668,56,0.3180531066800196,0.5900226619420714,11,0.9809367743402386,33,0.9470151310819501,5,0.9934143705610208,7,0.9896548149209813
B Cells|NK Cells|GNAS|PTGDR,B Cells,NK Cells,GNAS,PTGDR,-0.09143030682089023,-0.27365860171128875,0.09079798806950828,55,0.32541924080377205,0.5990115531706384,11,0.37679099987917053,32,0.36811052883906975,5,0.07336584825830672,7,0.15611568403909618,B Cells,NK Cells,GNAS,PTGDR,-0.028961270490372892,-0.08883950554663347,0.03091696456588769,56,0.343142375030268,0.5900226619420714,11,0.9931937264586875,33,0.9616253306063746,5,0.9960691790625079,7,0.9934620537005678
Classical Monocytes|Classical Monocytes|SIRPA|CD47,Classical Monocytes,Classical Monocytes,SIRPA,CD47,0.015002780874747828,-0.01478274912519034,0.044788310874685995,55,0.32353415323216284,0.5990115531706384,10,0.0,33,0.023092894215712128,5,0.0,7,0.0080901133409643,Classical Monocytes,Classical Monocytes,SIRPA,CD47,0.09286263319935151,-0.0907801448085705,0.2765054112072735,56,0.3216392540478389,0.5900226619420714,11,0.8930915548403277,33,0.9822773630224257,5,0.9935894635765615,7,0.9899126385593081
CD8 T Cells|Non-classical Monocytes|LRPAP1|SORL1,CD8 T Cells,Non-classical Monocytes,LRPAP1,SORL1,0.0023908607800016035,-0.002378084751303304,0.007159806311306511,51,0.3258007162855291,0.5990115531706384,11,0.0,29,0.0023908607800016035,5,0.0,6,0.0,CD8 T Cells,Non-classical Monocytes,LRPAP1,SORL1,0.025382695342615613,-0.2929171400155757,0.34368253070080695,56,0.8757992692581977,0.9245673382833155,11,0.979050904590281,33,0.857168087526312,5,0.9913698572257585,7,0.844104344819174
Non-classical Monocytes|Non-classical Monocytes|APP|LRP1,Non-classical Monocytes,Non-classical Monocytes,APP,LRP1,0.0005178663237533935,-0.0005139110049022786,0.0015496436524090656,49,0.32524398000988797,0.5990115531706384,6,0.0,31,0.0005178663237533935,5,0.0,7,0.0,Non-classical Monocytes,Non-classical Monocytes,APP,LRP1,0.391764108488309,0.06576949911392493,0.7177587178626931,56,0.018503411900600394,0.2902624868168367,11,0.5315662391992538,33,0.9130689434766688,5,0.9900611830474217,7,0.9797997788365277
CD4 T Cells|CD8 T Cells|CLEC2D|KLRB1,CD4 T Cells,CD8 T Cells,CLEC2D,KLRB1,0.2051867351645158,-0.2020774689170881,0.6124509392461197,53,0.32341537808111653,0.5990115531706384,11,0.22182106098065618,30,0.1465704512149029,5,0.6079263217878446,7,0.32748897685757544,CD4 T Cells,CD8 T Cells,CLEC2D,KLRB1,-0.090388173285608,-0.190229196682208,0.009452850110992006,56,0.07599758541943935,0.4776247420339505,11,0.9905575425658172,33,0.8964092809237482,5,0.9985367841878832,7,0.9947766958314223
Classical Monocytes|Non-classical Monocytes|APP|LRP1,Classical Monocytes,Non-classical Monocytes,APP,LRP1,0.0024382340688693374,-0.002417083362686775,0.00729355150042545,55,0.3249921232374814,0.5990115531706384,11,0.0,32,0.0024382340688693374,5,0.0,7,0.0,Classical Monocytes,Non-classical Monocytes,APP,LRP1,-0.023184871222298065,-0.08277872343779923,0.0364089809932031,56,0.44574962707234134,0.6642847591249715,11,0.9774200626907745,33,0.9454837351485526,5,0.991107900682555,7,0.9823564443626313
Classical Monocytes|Non-classical Monocytes|S100A8|CD69,Classical Monocytes,Non-classical Monocytes,S100A8,CD69,0.0019122707311697296,-0.001861265450556262,0.005685806912895721,56,0.32059886029495566,0.5990115531706384,11,0.9949764864582569,33,0.9963831717647325,5,0.9981363157466105,7,0.9976307303219164,Classical Monocytes,Non-classical Monocytes,S100A8,CD69,1.7834112728043472e-05,-1.5527418405192663e-05,5.119564386127961e-05,56,0.29475830227023336,0.5900226619420714,11,0.999941349067836,33,0.9999512972615114,5,0.9999910173236687,7,0.999983131404616
B Cells|Classical Monocytes|LRPAP1|LRP1,B Cells,Classical Monocytes,LRPAP1,LRP1,0.00024828734846576056,-0.00024589207951308296,0.0007424667764446041,56,0.3247557654026184,0.5990115531706384,11,0.0,33,0.00024828734846576056,5,0.0,7,0.0,B Cells,Classical Monocytes,LRPAP1,LRP1,0.0005978783273936639,-0.006772685655268831,0.007968442310056159,56,0.8736795294180786,0.9238560929248765,11,0.9819056806498495,33,0.9765470573933083,5,0.9933723961904265,7,0.9874158946064916
Classical Monocytes|CD4 T Cells|VCAN|CD44,Classical Monocytes,CD4 T Cells,VCAN,CD44,-0.003580887881676431,-0.010715122893996943,0.0035533471306440816,56,0.3252310324061003,0.5990115531706384,11,0.9918480282579534,33,0.9887128560277163,5,0.9926738225101612,7,0.9931195381616006,Classical Monocytes,CD4 T Cells,VCAN,CD44,-1.496803550748993e-05,-6.565144314082299e-05,3.571537212584312e-05,56,0.5627074324255773,0.7319980099160168,11,0.9998982205313123,33,0.9998594175448953,5,0.9999677982594598,7,0.9999439633085503
B Cells|Non-classical Monocytes|LRPAP1|LRP1,B Cells,Non-classical Monocytes,LRPAP1,LRP1,0.004144928140785137,-0.004104941336189363,0.012394797617759638,56,0.3247557654026183,0.5990115531706384,11,0.0,33,0.004144928140785137,5,0.0,7,0.0,B Cells,Non-classical Monocytes,LRPAP1,LRP1,0.004453570428134546,-0.004132448001829896,0.013039588858098987,56,0.3093276078879774,0.5900226619420714,11,0.9795058209789361,33,0.9769368859940671,5,0.9915611374162211,7,0.9845386320032176
Non-classical Monocytes|B Cells|APP|LRP10,Non-classical Monocytes,B Cells,APP,LRP10,0.00010949648256873226,-0.0001086601789093325,0.000327653144046797,49,0.32524398000988797,0.5990115531706384,6,0.0,31,0.00010949648256873226,5,0.0,7,0.0,Non-classical Monocytes,B Cells,APP,LRP10,0.38998720677507337,0.06405276868916998,0.7159216448609768,56,0.01902009414075212,0.2913552640468292,11,0.5314556887001108,33,0.9132736958831402,5,0.9906786538371692,7,0.9825094542451253
CD8 T Cells|NK Cells|CLEC2B|KLRF1,CD8 T Cells,NK Cells,CLEC2B,KLRF1,0.10410500917114218,-0.10270879145484643,0.3109188097971308,55,0.3238397830683579,0.5990115531706384,11,0.9607664197641254,33,0.9183606657968704,5,0.8560986955571211,6,0.709587932418724,CD8 T Cells,NK Cells,CLEC2B,KLRF1,0.14360233655088028,-0.15817913218489416,0.4453838052866547,56,0.3510025553365367,0.5900226619420714,11,0.9995376216707625,33,0.9990446074386378,5,0.9993987108641493,7,0.8553033600811443
Non-classical Monocytes|NK Cells|PTDSS1|JMJD6,Non-classical Monocytes,NK Cells,PTDSS1,JMJD6,0.003855134558893576,-0.0038565989901535253,0.011566868107940678,46,0.32718687779030564,0.5990310861627648,9,0.0,25,0.003855134558893576,5,0.0,7,0.0,Non-classical Monocytes,NK Cells,PTDSS1,JMJD6,-0.056878661371448924,-0.3426621402366794,0.22890481749378155,56,0.6964729712879397,0.8246415518084964,11,0.8003463994483492,33,0.7359158823951308,5,0.9917295059829094,7,0.98417765030114
Classical Monocytes|Classical Monocytes|CD99|PILRA,Classical Monocytes,Classical Monocytes,CD99,PILRA,-0.16087466455627386,-0.4826372387431031,0.16088790963055538,56,0.32711492107500706,0.5990310861627648,11,0.5636337869475407,33,0.5953122060826839,5,0.515464932381604,7,0.708018016073021,Classical Monocytes,Classical Monocytes,CD99,PILRA,0.0003571303766342071,-0.0020066994775586266,0.0027209602308270408,56,0.767143164054206,0.858763145651957,11,0.9951007983121954,33,0.994893167942183,5,0.9981419663442315,7,0.9975772055975848
CD4 T Cells|Classical Monocytes|HLA-F|LILRB2,CD4 T Cells,Classical Monocytes,HLA-F,LILRB2,-0.12207426459335596,-0.36645499839442663,0.12230646920771471,56,0.3275548612951009,0.5990310861627648,11,0.39612790037608253,33,0.4787522984058743,5,0.3230250034911061,7,0.5277236661142538,CD4 T Cells,Classical Monocytes,HLA-F,LILRB2,0.001187843240796238,-0.0006064075891056831,0.0029820940706981594,56,0.19444205008629967,0.5900226619420714,11,0.9933991746833755,33,0.9937595943700012,5,0.9973275946438755,7,0.996500171089705
Non-classical Monocytes|Non-classical Monocytes|ADAM17|IL6R,Non-classical Monocytes,Non-classical Monocytes,ADAM17,IL6R,0.00331513257429755,-0.0033221559156105377,0.009952421064205639,43,0.32760715076224867,0.5990310861627648,8,0.0,24,0.00331513257429755,5,0.0,6,0.0,Non-classical Monocytes,Non-classical Monocytes,ADAM17,IL6R,0.14416655046191973,-0.2942164585993629,0.5825495595232024,56,0.519216659968815,0.7066372327234224,11,0.7100298975111664,33,0.7080953694890787,5,0.9915338243141744,7,0.8454327458301669
Classical Monocytes|Classical Monocytes|ICAM1|SPN,Classical Monocytes,Classical Monocytes,ICAM1,SPN,0.0073464964774649175,-0.007391215296653243,0.02208420825158308,44,0.3285649834391966,0.5998430307509961,10,0.0,22,0.0073464964774649175,5,0.0,7,0.0,Classical Monocytes,Classical Monocytes,ICAM1,SPN,-0.23512419171625387,-0.47924875394288535,0.009000370510377637,56,0.05906567980115114,0.4776247420339505,11,0.8910451572822986,33,0.6478462743373353,5,0.9916018409776328,7,0.9835271497489234
Classical Monocytes|CD4 T Cells|ICAM1|SPN,Classical Monocytes,CD4 T Cells,ICAM1,SPN,0.0028200797122696474,-0.00284367093474161,0.008483830359280905,43,0.3291139859786082,0.5999072265886417,10,0.0,21,0.0028200797122696474,5,0.0,7,0.0,Classical Monocytes,CD4 T Cells,ICAM1,SPN,-0.2648274198110845,-0.5105451070880611,-0.01910973253410783,56,0.03465279593715395,0.40101408534417127,11,0.8881701091347035,33,0.6177610725339971,5,0.9906833030530322,7,0.9851016862634104
CD8 T Cells|Classical Monocytes|MIF|CD74_CXCR4,CD8 T Cells,Classical Monocytes,MIF,CD74_CXCR4,0.14566660322968505,-0.1475276826884278,0.4388608891477979,56,0.330174992846782,0.6013717693426177,11,0.8947623398750921,33,0.9096003551625977,5,0.8449618827356469,7,0.7141332947934674,CD8 T Cells,Classical Monocytes,MIF,CD74_CXCR4,8.598970225870417e-07,-4.782459050308788e-05,4.9544384548261966e-05,56,0.9723842236063764,0.9836853264278779,11,0.9999725638399248,33,0.9999423469790327,5,0.9999895622732312,7,0.9999584855153165
Non-classical Monocytes|Non-classical Monocytes|TGFB1|CXCR4,Non-classical Monocytes,Non-classical Monocytes,TGFB1,CXCR4,0.1463486103865712,-0.1498818543562243,0.44257907512936673,56,0.33289785723032417,0.6044451762307985,11,0.879238211135825,33,0.8272260939487126,5,0.9017211542897389,7,0.7033604267160553,Non-classical Monocytes,Non-classical Monocytes,TGFB1,CXCR4,0.00017515702749471007,-0.0013705048485961172,0.0017208189035855374,56,0.8242310202452063,0.9024140533617093,11,0.9986426791758298,33,0.9975676255542724,5,0.9996035008827396,7,0.9983532902336875
Non-classical Monocytes|Classical Monocytes|S100A8|CD36,Non-classical Monocytes,Classical Monocytes,S100A8,CD36,-0.025040609157441773,-0.07589747311642137,0.02581625480153782,56,0.33452690347756253,0.6050505961426093,11,0.9740383418495469,33,0.9952038618730246,5,0.9449352949737164,7,0.9911414241546359,Non-classical Monocytes,Classical Monocytes,S100A8,CD36,0.00010106535659948346,-0.0001972293629011721,0.000399360076100139,56,0.5066543396623884,0.6964317074231926,11,0.9997151440386031,33,0.9999466592739633,5,0.9997859602062068,7,0.9999164100849676
Non-classical Monocytes|CD8 T Cells|HLA-B|CD3D,Non-classical Monocytes,CD8 T Cells,HLA-B,CD3D,-8.20380137001031e-06,-2.492878823783664e-05,8.52118549781602e-06,56,0.3363585116861896,0.6064842662449828,11,0.9999939073087187,33,0.9999945575957533,5,0.9999875375697176,7,0.9999963916581222,Non-classical Monocytes,CD8 T Cells,HLA-B,CD3D,-5.683402648504199e-08,-2.228336450796866e-07,1.0916559210960261e-07,56,0.502194046601119,0.6917890823058537,11,0.9999999023196788,33,0.9999998819118946,5,0.9999999313092733,7,0.9999999677355156
CD8 T Cells|Non-classical Monocytes|ICAM2|ITGAL_ITGB2,CD8 T Cells,Non-classical Monocytes,ICAM2,ITGAL_ITGB2,-0.037475658434788894,-0.11376120183183026,0.038809884962252475,49,0.33562671687662926,0.6064842662449828,11,0.014165770719225146,26,0.010302001400318877,5,0.0,7,0.03361188911588263,CD8 T Cells,Non-classical Monocytes,ICAM2,ITGAL_ITGB2,-0.21256534836627938,-0.3534668693508054,-0.07166382738175339,56,0.003108295710365023,0.12104049386072421,11,0.9870001676040748,33,0.7712489380189528,5,0.9932541085441203,7,0.9900682273252777
NK Cells|Classical Monocytes|ICAM2|ITGAM_ITGB2,NK Cells,Classical Monocytes,ICAM2,ITGAM_ITGB2,-0.08124778537345444,-0.24717089154996436,0.0846753208030555,55,0.3371870231259234,0.607040631456462,11,0.215311208039641,32,0.22837574716673667,5,0.00624588907803408,7,0.1005582135785842,NK Cells,Classical Monocytes,ICAM2,ITGAM_ITGB2,-0.027812970005656967,-0.08767749992246442,0.03205155991115048,56,0.36250812012739,0.598159980952163,11,0.9913081341890098,33,0.9600050926586272,5,0.9953237796176412,7,0.9918337080929156
Non-classical Monocytes|Non-classical Monocytes|PSEN1|NOTCH2,Non-classical Monocytes,Non-classical Monocytes,PSEN1,NOTCH2,-0.013260269347388496,-0.04033357700378863,0.01381303830901164,56,0.3370686928205906,0.607040631456462,11,0.0165342895994678,33,0.003274020252079303,5,0.0,7,0.0,Non-classical Monocytes,Non-classical Monocytes,PSEN1,NOTCH2,-0.002148900374566609,-0.008232832776384928,0.003935032027251709,56,0.48876330139582147,0.6769398192185094,11,0.9865358901888709,33,0.9802436183204066,5,0.9930666157981026,7,0.988923244304205
CD8 T Cells|Non-classical Monocytes|HMGB1|HAVCR2,CD8 T Cells,Non-classical Monocytes,HMGB1,HAVCR2,-0.0791262288174095,-0.24180385675525648,0.08355139912043749,53,0.34042571168078006,0.6090264517311922,11,0.6588296678197904,30,0.6440674909273163,5,0.778325390232596,7,0.8426894421575314,CD8 T Cells,Non-classical Monocytes,HMGB1,HAVCR2,-0.09069011841337016,-0.19142428657233468,0.010044049745594363,56,0.07764127943533354,0.4776247420339505,11,0.99615704885687,33,0.9052573933949033,5,0.9990662801665238,7,0.9988567431179273
CD4 T Cells|NK Cells|GNAI2|S1PR4,CD4 T Cells,NK Cells,GNAI2,S1PR4,-0.05302266352361756,-0.16186396775823883,0.055818640711003724,54,0.33967497362860544,0.6090264517311922,11,0.0,31,0.03979056944632727,5,0.0,7,0.09281323296994483,CD4 T Cells,NK Cells,GNAI2,S1PR4,-0.062141511357299395,-0.14460101649958473,0.020317993784985944,56,0.13966772146543163,0.5560563594390482,11,0.9848308286005636,33,0.9214366245386222,5,0.9926042565972477,7,0.9913515638926057
Non-classical Monocytes|CD4 T Cells|IL16|CD4,Non-classical Monocytes,CD4 T Cells,IL16,CD4,-0.004251894887237745,-0.0129922072382758,0.0044884174638003095,52,0.3403557423852015,0.6090264517311922,11,0.004251894887237745,29,0.0,5,0.0,7,0.0,Non-classical Monocytes,CD4 T Cells,IL16,CD4,-0.11741373302919544,-0.22948350705844167,-0.005343958999949203,56,0.040031539034274616,0.410532107367545,11,0.980395933688268,33,0.8546920420180764,5,0.9927542193671522,7,0.984464060726156
CD4 T Cells|NK Cells|HLA-F|CD8A,CD4 T Cells,NK Cells,HLA-F,CD8A,-0.16578157606379884,-0.5062235464887729,0.1746603943611752,42,0.3398691647991514,0.6090264517311922,8,0.18195603886301492,22,0.236684618079281,5,0.5505141331168207,7,0.7710242883968856,CD4 T Cells,NK Cells,HLA-F,CD8A,-0.061847023798581535,-0.39216144937452196,0.2684674017773589,56,0.7136358530403061,0.8395174857437886,11,0.7203922962199186,33,0.6588243852142666,5,0.9981311118386955,7,0.9984102246316251
Classical Monocytes|Classical Monocytes|S100A8|CD68,Classical Monocytes,Classical Monocytes,S100A8,CD68,-3.249939299498905e-05,-9.941505628738836e-05,3.441627029741026e-05,56,0.34114300090486205,0.6090264517311922,11,0.9999827846516187,33,0.9999864900425276,5,0.9999488280629327,7,0.9999850328468366,Classical Monocytes,Classical Monocytes,S100A8,CD68,-7.308084259971537e-08,-5.037364346377918e-07,3.575747494383611e-07,56,0.7394366473660638,0.8527700215723305,11,0.9999997396068268,33,0.9999997756128253,5,0.9999997339677288,7,0.9999998430545699
NK Cells|Non-classical Monocytes|ANXA2|TLR2,NK Cells,Non-classical Monocytes,ANXA2,TLR2,-0.12278831828836748,-0.3753661150216955,0.12978947844496055,56,0.34068227165017995,0.6090264517311922,11,0.06601621973944231,33,0.2899173673141563,5,0.04740850903079616,7,0.3940979748938776,NK Cells,Non-classical Monocytes,ANXA2,TLR2,0.0011738690562267395,-0.0025433891333611143,0.004891127245814593,56,0.5359592022997728,0.7198424686397865,11,0.9880267156139776,33,0.9905872103319098,5,0.9942084677088598,7,0.9955950933705653
NK Cells|CD4 T Cells|LRPAP1|SORL1,NK Cells,CD4 T Cells,LRPAP1,SORL1,0.024047511704554502,-0.02555483033235632,0.07364985374146532,56,0.34200949713775886,0.6100317602871201,11,0.029454397253364597,33,0.053937449409168586,5,0.0,7,0.0004355404512494857,NK Cells,CD4 T Cells,LRPAP1,SORL1,0.000469252041645829,-0.0034658924764553204,0.0044043965597469785,56,0.8152033218827038,0.8960567242124027,11,0.9883056832504383,33,0.9853999137246959,5,0.993986058645682,7,0.9906110370782938
Non-classical Monocytes|Non-classical Monocytes|ADAM10|TSPAN14,Non-classical Monocytes,Non-classical Monocytes,ADAM10,TSPAN14,0.014459876326463297,-0.015469749241456554,0.04438950189438315,56,0.3436816608630101,0.6115596297151379,11,0.0,33,0.01858650624978864,5,0.0,7,0.004126629923325343,Non-classical Monocytes,Non-classical Monocytes,ADAM10,TSPAN14,-0.0004334743322523815,-0.004915861990901217,0.004048913326396454,56,0.849669201688011,0.9132767039577688,11,0.985042861339647,33,0.9808855966978736,5,0.9933849668460104,7,0.9896611765364893
Non-classical Monocytes|CD4 T Cells|CD14|ITGB2,Non-classical Monocytes,CD4 T Cells,CD14,ITGB2,-0.0891860424625932,-0.2738287324221558,0.09545664749696939,56,0.3437911278318191,0.6115596297151379,11,0.803952951210546,33,0.8937612416832602,5,0.6954682525900524,7,0.8744625855253598,Non-classical Monocytes,CD4 T Cells,CD14,ITGB2,0.0006549157076349843,-0.0004528106056838606,0.0017626420209538292,56,0.24654583407081476,0.5900226619420714,11,0.9978248050835311,33,0.9987625720414517,5,0.9988225462156617,7,0.9991053974659473
Classical Monocytes|Classical Monocytes|HBEGF|CD44,Classical Monocytes,Classical Monocytes,HBEGF,CD44,-0.0619284067319289,-0.19024114862282385,0.06638433515896605,50,0.34417405498023035,0.6116030581269695,10,0.8945158316157299,28,0.8018250818340713,5,0.8952713321740016,7,0.8645089891242719,Classical Monocytes,Classical Monocytes,HBEGF,CD44,-0.06107429930876829,-0.2861732053548316,0.16402460673729505,56,0.5948773584613039,0.7593717729051237,11,0.9080247413098075,33,0.8461336892361216,5,0.9996010332100509,7,0.9987842804451333
NK Cells|NK Cells|SPON2|ITGB2,NK Cells,NK Cells,SPON2,ITGB2,0.05351300786754498,-0.05766820800020571,0.1646942237352957,56,0.34549837625004765,0.613489512200655,11,0.9974933977892899,33,0.996408056310889,5,0.9794768593611213,7,0.9248785100151754,NK Cells,NK Cells,SPON2,ITGB2,0.0004194510603420243,-0.00030875410337142736,0.001147656224055476,56,0.25891791166915634,0.5900226619420714,11,0.9999670333631698,33,0.9999522101937518,5,0.9999105365998892,7,0.9994762623701291
Non-classical Monocytes|Classical Monocytes|LRPAP1|LRP1,Non-classical Monocytes,Classical Monocytes,LRPAP1,LRP1,-0.07919165030406786,-0.2440960230607874,0.08571272245265169,56,0.34658750408240313,0.613889869272288,11,0.15366246001317052,33,0.12661958177674493,5,0.03783741527017256,7,0.08998618733781481,Non-classical Monocytes,Classical Monocytes,LRPAP1,LRP1,-0.00034986986282081745,-0.004657119557096064,0.003957379831454429,56,0.8735079787358742,0.9238275908199801,11,0.9903438311394005,33,0.987024003184503,5,0.9953800777601403,7,0.9924101196680636
Classical Monocytes|Non-classical Monocytes|S100A9|CD68,Classical Monocytes,Non-classical Monocytes,S100A9,CD68,-5.86666926150059e-07,-1.8073669391156986e-06,6.340330868155806e-07,56,0.3462150228117171,0.613889869272288,11,0.9999999655769081,33,0.9999999024662494,5,0.999999284778195,7,0.9999998083344624,Classical Monocytes,Non-classical Monocytes,S100A9,CD68,-2.4175409452098506e-09,-6.889302358635969e-09,2.054220468216268e-09,56,0.28932510829219005,0.5900226619420714,11,0.9999999995325947,33,0.9999999982373007,5,0.9999999973873223,7,0.9999999985095692
CD8 T Cells|NK Cells|B2M|KLRD1,CD8 T Cells,NK Cells,B2M,KLRD1,0.00032044712490697513,-0.0003474732189083856,0.0009883674687223359,56,0.3470488633720117,0.613889869272288,11,0.9999998543153258,33,0.9999994426852908,5,0.999999468178966,7,0.9996786094240241,CD8 T Cells,NK Cells,B2M,KLRD1,2.44632922541399e-06,-2.6821993524831286e-06,7.574857803311109e-06,56,0.3498342285359477,0.5900226619420714,11,0.9999999980058392,33,0.9999999919918597,5,0.9999999973006719,7,0.9999975449574671
B Cells|NK Cells|B2M|KLRD1,B Cells,NK Cells,B2M,KLRD1,0.00039237932218139093,-0.0004260912934745539,0.0012108499378373357,56,0.3474137801587138,0.613889869272288,11,0.9999995435285057,33,0.9999982398379671,5,0.9999979166876628,7,0.9996042336749428,B Cells,NK Cells,B2M,KLRD1,3.0043290095704833e-06,-3.3094699730362476e-06,9.318127992177215e-06,56,0.3510160847383318,0.5900226619420714,11,0.9999999935736721,33,0.9999999750901168,5,0.9999999897332839,7,0.999996966920719
CD4 T Cells|B Cells|HMGB1|CXCR4,CD4 T Cells,B Cells,HMGB1,CXCR4,-0.0008504918112769433,-0.0026251005285612417,0.0009241169060073553,56,0.34756420007621613,0.613889869272288,11,0.9995114795842156,33,0.9980313498154612,5,0.9995117549797982,7,0.9988821170223205,CD4 T Cells,B Cells,HMGB1,CXCR4,-1.673145675884502e-05,-3.948900839286942e-05,6.026094875179378e-06,56,0.14959187372245805,0.5560563594390482,11,0.999992997872159,33,0.999970074110968,5,0.9999969212142167,7,0.9999907289097845
CD4 T Cells|NK Cells|B2M|KLRD1,CD4 T Cells,NK Cells,B2M,KLRD1,0.0003054755274700671,-0.0003327825186891203,0.0009437335736292545,56,0.34821624216685043,0.6145766632347663,11,0.9999997891416977,33,0.9999992539913868,5,0.9999992247212404,7,0.9996932140434593,CD4 T Cells,NK Cells,B2M,KLRD1,2.3378569540266625e-06,-2.5727709138226664e-06,7.248484821875991e-06,56,0.3507674384223326,0.5900226619420714,11,0.9999999970496783,33,0.9999999891928814,5,0.9999999960745681,7,0.9999976503608171
Non-classical Monocytes|NK Cells|B2M|KLRD1,Non-classical Monocytes,NK Cells,B2M,KLRD1,0.0003161515201812737,-0.00034724718446338117,0.0009795502248259285,56,0.35027963116209637,0.6158907671411861,11,0.9999998930153587,33,0.9999994196838696,5,0.9999991606867304,7,0.9996825358350601,Non-classical Monocytes,NK Cells,B2M,KLRD1,2.41725002969595e-06,-2.6773676824211383e-06,7.511867741813038e-06,56,0.3523986746564961,0.5900226619420714,11,0.9999999985240033,33,0.9999999910456178,5,0.9999999958188448,7,0.9999975710904295
NK Cells|Classical Monocytes|MIF|CD74_CXCR4,NK Cells,Classical Monocytes,MIF,CD74_CXCR4,0.1326029348359833,-0.14620855002407301,0.4114144196960396,56,0.35125372755082485,0.616211460429133,11,0.894114476245582,33,0.9214729519138944,5,0.8329867971683058,7,0.7277423380006349,NK Cells,Classical Monocytes,MIF,CD74_CXCR4,2.1204875161329184e-06,-3.160658516642392e-05,3.5847560198689754e-05,56,0.9019275058134231,0.9385947820723332,11,0.9999746897988406,33,0.9999544636861631,5,0.9999879306982976,7,0.999965584098104
B Cells|CD8 T Cells|HLA-B|CD3D,B Cells,CD8 T Cells,HLA-B,CD3D,-1.0505328353338506e-05,-3.258500944028145e-05,1.1574352733604439e-05,56,0.35106034572834066,0.616211460429133,11,0.9999879355450932,33,0.9999918832056697,5,0.9999822491709874,7,0.9999967021599172,B Cells,CD8 T Cells,HLA-B,CD3D,-3.165296558194086e-08,-2.7406625659827143e-07,2.107603254343897e-07,56,0.7980117729051924,0.8808737417227495,11,0.9999998127389116,33,0.9999998510527536,5,0.9999999056401367,7,0.9999999756069443
Classical Monocytes|NK Cells|B2M|KLRD1,Classical Monocytes,NK Cells,B2M,KLRD1,0.0003276700702274926,-0.00036104981097955814,0.0010163899514345435,56,0.3510855015479746,0.616211460429133,11,0.9999997975416007,33,0.9999989421375989,5,0.9999987403224487,7,0.9996702148482194,Classical Monocytes,NK Cells,B2M,KLRD1,2.51710181309317e-06,-2.800456088506052e-06,7.834659714692392e-06,56,0.35353096685380225,0.5900226619420714,11,0.9999999972552583,33,0.9999999831776988,5,0.999999993657885,7,0.9999974624785123
NK Cells|NK Cells|B2M|KLRD1,NK Cells,NK Cells,B2M,KLRD1,0.0002554268701642215,-0.00028201033073743534,0.0007928640710658783,56,0.35159044995343136,0.6163391145955422,11,0.9999999846145688,33,0.9999997871136159,5,0.9999997705165761,7,0.9997441461454589,NK Cells,NK Cells,B2M,KLRD1,1.9608827429573594e-06,-2.1747388152294947e-06,6.0965043011442135e-06,56,0.35273032290058426,0.5900226619420714,11,0.9999999997771739,33,0.9999999970156038,5,0.9999999987776172,7,0.9999980351333042
B Cells|Classical Monocytes|LGALS1|ITGB1,B Cells,Classical Monocytes,LGALS1,ITGB1,-0.13456224501800856,-0.41796966942611846,0.14884517939010133,53,0.3520637924394415,0.6167058929828177,9,0.0,33,0.1563420505240288,5,0.03794421591473376,6,0.32884851145677113,B Cells,Classical Monocytes,LGALS1,ITGB1,0.3243894747342757,-0.0646205747980807,0.7133995242666321,56,0.10217830683976215,0.5560563594390482,11,0.8047945931159934,33,0.9860107570138911,5,0.9957831457540527,7,0.8526098349176746
Non-classical Monocytes|CD8 T Cells|MIF|CD44_CD74,Non-classical Monocytes,CD8 T Cells,MIF,CD44_CD74,0.06540180740767743,-0.07275621552955203,0.20355983034490688,56,0.3535031625501992,0.6187630319000863,11,0.8555478757673286,33,0.8637080703841372,5,0.8732793474635026,7,0.8160377346726337,Non-classical Monocytes,CD8 T Cells,MIF,CD44_CD74,0.00037202088738252925,-0.00029880726608112035,0.0010428490408461789,56,0.2770649164712006,0.5900226619420714,11,0.9984336628667314,33,0.9981541361399886,5,0.9995003269691634,7,0.998848779355038
B Cells|NK Cells|GNAI2|S1PR5,B Cells,NK Cells,GNAI2,S1PR5,-0.09081400233169981,-0.2830613433418068,0.1014333386784072,54,0.3545240111418636,0.6196479680173096,11,0.2956871856758114,31,0.3453796993718109,5,0.0,7,0.14050651602769929,B Cells,NK Cells,GNAI2,S1PR5,-0.057542614399871184,-0.1408683879071704,0.02578315910742804,56,0.17589588352954777,0.5900226619420714,11,0.9922181765133993,33,0.9318195922626004,5,0.9949344020288056,7,0.9920784321778778
B Cells|NK Cells|HMGB1|CXCR4,B Cells,NK Cells,HMGB1,CXCR4,-0.004029435813572846,-0.012572144411605052,0.004513272784459361,56,0.355237323104031,0.6202191921573449,11,0.9849384294290082,33,0.9830333493622995,5,0.9959249176329203,7,0.9980492733797844,B Cells,NK Cells,HMGB1,CXCR4,-7.160939694916824e-05,-0.00019594893884131777,5.27301449429813e-05,56,0.2589911576647874,0.5900226619420714,11,0.9998208540683616,33,0.9997574167296607,5,0.9999790344990863,7,0.9999872065573345
Non-classical Monocytes|CD8 T Cells|HLA-A|CD8B,Non-classical Monocytes,CD8 T Cells,HLA-A,CD8B,-0.000748945908132459,-0.0023372967584923267,0.0008394049422274087,56,0.35539754993855566,0.6202191921573449,11,0.9994470976014683,33,0.999470874289137,5,0.9986112300682363,7,0.9993839526640373,Non-classical Monocytes,CD8 T Cells,HLA-A,CD8B,-2.620520238805213e-06,-1.4311649970189845e-05,9.070609492579419e-06,56,0.6604310368668258,0.8011190230761629,11,0.9999917569406325,33,0.9999921819334279,5,0.9999923543956933,7,0.9999953999087275
B Cells|Non-classical Monocytes|LGALS1|CD69,B Cells,Non-classical Monocytes,LGALS1,CD69,-0.14442747887824828,-0.4514254290387375,0.16257047128224092,53,0.3564936660727377,0.6212035151342108,9,0.0,33,0.16292032561378952,5,0.13878915785981968,6,0.44613696235185746,B Cells,Non-classical Monocytes,LGALS1,CD69,0.3259814201334482,-0.0631554659305672,0.7151183061974636,56,0.10061712727384695,0.5560563594390482,11,0.8043623030979732,33,0.9872760956728412,5,0.9964596232230732,7,0.8533919956644931
Non-classical Monocytes|CD8 T Cells|TIMP2|CD44,Non-classical Monocytes,CD8 T Cells,TIMP2,CD44,-0.11845545967283311,-0.3704826244608641,0.1335717051151979,56,0.35694392529099817,0.6215242845298141,11,0.6336162628472854,33,0.6401421557461104,5,0.5647894334043703,7,0.6897707859760284,Non-classical Monocytes,CD8 T Cells,TIMP2,CD44,5.192513146112798e-05,-0.0011971808649168178,0.0013010311278390738,56,0.9350639025138239,0.9633608798792381,11,0.9960039845595966,33,0.9953956673128477,5,0.9983712144279959,7,0.9977109720497859
CD8 T Cells|CD8 T Cells|HLA-B|CD3D,CD8 T Cells,CD8 T Cells,HLA-B,CD3D,-5.8104420133098245e-06,-1.8180408106884145e-05,6.559524080264496e-06,56,0.3572396146809915,0.6215756335917401,11,0.9999953859093015,33,0.9999964193323302,5,0.999991886452543,7,0.999998730317585,CD8 T Cells,CD8 T Cells,HLA-B,CD3D,-4.189112512431592e-08,-1.6478174789114614e-07,8.09994976425143e-08,56,0.5040600417414804,0.6939107103396506,11,0.9999999229866745,33,0.9999999158542878,5,0.9999999552326843,7,0.9999999899914227
Non-classical Monocytes|B Cells|CD14|ITGB2,Non-classical Monocytes,B Cells,CD14,ITGB2,-0.17799367948842415,-0.5575841261866668,0.2015967672098185,56,0.35807134746621994,0.6218920466171891,11,0.5291211789125785,33,0.7817037877101218,5,0.2838014961605252,7,0.7143777844464927,Non-classical Monocytes,B Cells,CD14,ITGB2,0.0021472852321909874,-0.0005216015140909894,0.004816171978472964,56,0.11481558677394689,0.5560563594390482,11,0.9944561840745952,33,0.9974693135678169,5,0.9971872660780619,7,0.9980531103390925
NK Cells|B Cells|PKM|CD44,NK Cells,B Cells,PKM,CD44,-0.09192847339855881,-0.28803654802158374,0.10417960122446612,56,0.3582204722484451,0.6218920466171891,11,0.5792746930354554,33,0.5916732535547181,5,0.603078108513255,7,0.7074051424310766,NK Cells,B Cells,PKM,CD44,8.198329898334578e-05,-0.001078040627526624,0.0012420072254933155,56,0.8898309636710667,0.9332124141323778,11,0.995427749522387,33,0.9950847933168487,5,0.9984247048190659,7,0.9979997653145443
CD4 T Cells|Classical Monocytes|LGALS1|PTPRC,CD4 T Cells,Classical Monocytes,LGALS1,PTPRC,0.03021459990604558,-0.034235948827112214,0.09466514863920338,56,0.35818100854371215,0.6218920466171891,11,0.828283307881255,33,0.8864294379762785,5,0.9078476080449841,7,0.935779138233962,CD4 T Cells,Classical Monocytes,LGALS1,PTPRC,0.0006593609623123386,9.694829394345608e-05,0.0012217736306812212,56,0.02157196902585433,0.29790136840649406,11,0.9981300917806138,33,0.9986996340955447,5,0.9996236179697313,7,0.9995337993223499
Non-classical Monocytes|CD8 T Cells|S100A9|ITGB2,Non-classical Monocytes,CD8 T Cells,S100A9,ITGB2,-0.0064397591913087915,-0.020225574605402943,0.00734605622278536,56,0.3598994348903175,0.6243426303632179,11,0.9953214720924031,33,0.9992872539475318,5,0.9872115804219954,7,0.997617121468433,Non-classical Monocytes,CD8 T Cells,S100A9,ITGB2,1.6721931273888657e-05,-5.619954559649967e-05,8.964340814427698e-05,56,0.6531087974752892,0.7952016122778233,11,0.9999450024281974,33,0.999991117969971,5,0.9999492142711727,7,0.9999786078816724
Non-classical Monocytes|Non-classical Monocytes|GNAI2|FPR1,Non-classical Monocytes,Non-classical Monocytes,GNAI2,FPR1,-0.05915823202318282,-0.18588411897936022,0.06756765493299458,55,0.3602172419886033,0.6244300371517362,10,0.7677119775362842,33,0.7966945498226424,5,0.7474530875296495,7,0.8355938918391905,Non-classical Monocytes,Non-classical Monocytes,GNAI2,FPR1,0.09105657885318874,-0.09534858663310017,0.2774617443394777,56,0.3383564402167445,0.5900226619420714,11,0.9067914100776867,33,0.9976126742906211,5,0.9990201661285212,7,0.9987848514882668
Non-classical Monocytes|B Cells|HMGB1|CXCR4,Non-classical Monocytes,B Cells,HMGB1,CXCR4,-0.001325910962908572,-0.004167906318902195,0.001516084393085052,56,0.3605035265089783,0.6244627109780893,11,0.9991496466014069,33,0.996513150467293,5,0.9995052851017331,7,0.9981946999305278,Non-classical Monocytes,B Cells,HMGB1,CXCR4,-2.8133626371995568e-05,-6.74116590446747e-05,1.1144406300683575e-05,56,0.1603602737460852,0.561392761076021,11,0.9999885089345564,33,0.9999472175265501,5,0.9999969750711314,7,0.999983817289497
NK Cells|NK Cells|HLA-B|KLRD1,NK Cells,NK Cells,HLA-B,KLRD1,0.00048055244695188737,-0.0005549346260271492,0.001516039519930924,56,0.3630404036742161,0.6269965551622001,11,0.9999982884633549,33,0.9999930048695673,5,0.999978832281397,7,0.9994929962406575,NK Cells,NK Cells,HLA-B,KLRD1,3.6644645940997478e-06,-4.288415123783007e-06,1.1617344311982502e-05,56,0.3664746287712861,0.6022135810750379,11,0.9999999684502577,33,0.9999998775702461,5,0.9999998895515588,7,0.9999961342069531
B Cells|Non-classical Monocytes|PSAP|LRP1,B Cells,Non-classical Monocytes,PSAP,LRP1,0.11581440609900834,-0.13358333832553596,0.3652121505235526,56,0.3627376837612346,0.6269965551622001,11,0.1002528960536247,33,0.37401942670063065,5,0.09532859011622685,7,0.25328071466422447,B Cells,Non-classical Monocytes,PSAP,LRP1,0.0037391155140839016,0.0014655310807518808,0.0060126999474159224,56,0.0012670582134411675,0.09753557241920435,11,0.9899666066847858,33,0.9920415935291268,5,0.9957139531501256,7,0.9940498244803827
Classical Monocytes|NK Cells|S100A8|CD69,Classical Monocytes,NK Cells,S100A8,CD69,1.5545434800534608e-06,-1.7980716044892989e-06,4.907158564596221e-06,56,0.3634568649053924,0.6272518695891288,11,0.9999974784006938,33,0.9999990258607527,5,0.9999998316008198,7,0.9999998245173988,Classical Monocytes,NK Cells,S100A8,CD69,2.5804813397201087e-08,-3.304407605490467e-08,8.465370284930685e-08,56,0.39010328847125586,0.6212287911373016,11,0.9999999550163895,33,0.9999999808498423,5,0.9999999989020774,7,0.9999999989307168
Classical Monocytes|CD4 T Cells|ICAM1|IL2RG,Classical Monocytes,CD4 T Cells,ICAM1,IL2RG,-0.1107253572897754,-0.34991208672522917,0.12846137214567838,46,0.3642402330206779,0.6281395451279784,10,0.5590178533920322,24,0.61473993821521,5,0.5678769657030075,7,0.7343244078159606,Classical Monocytes,CD4 T Cells,ICAM1,IL2RG,-0.18105375230259568,-0.4237232190704071,0.06161571446521577,56,0.14365532474645232,0.5560563594390482,11,0.9048054191166675,33,0.7233633949915125,5,0.9983597395489552,7,0.997971467726396
Classical Monocytes|NK Cells|CLEC2B|KLRF1,Classical Monocytes,NK Cells,CLEC2B,KLRF1,0.12495153884321497,-0.1455705379687668,0.39547361565519673,55,0.3653125851938358,0.6292611991629771,11,0.9483427159082336,33,0.8650888034004022,5,0.7376958239928936,6,0.5294903726418472,Classical Monocytes,NK Cells,CLEC2B,KLRF1,0.14427561684155377,-0.15691862709774962,0.44546986078085715,56,0.3478098145459597,0.5900226619420714,11,0.9994125221164452,33,0.9984103007765223,5,0.9988931033233011,7,0.8536152651418244
Non-classical Monocytes|CD8 T Cells|TIMP2|ITGB1,Non-classical Monocytes,CD8 T Cells,TIMP2,ITGB1,0.047613132214089283,-0.05549522669041169,0.15072149111859026,53,0.3654296300064227,0.6292611991629771,9,0.04531023496884215,32,0.0994954794031789,5,0.0,7,0.006572112220247471,Non-classical Monocytes,CD8 T Cells,TIMP2,ITGB1,0.15609780361668824,-0.09755739914236339,0.40975300637573986,56,0.22775988626708854,0.5900226619420714,11,0.8044248277641,33,0.955851995259343,5,0.9917267117286679,7,0.9870560756072226
CD4 T Cells|Non-classical Monocytes|ANXA1|FPR1,CD4 T Cells,Non-classical Monocytes,ANXA1,FPR1,-0.0713797192459873,-0.22693775219171147,0.08417831369973688,55,0.36846433888079877,0.633552453082964,10,0.6957543885416678,33,0.7052611882427202,5,0.8336710458033642,7,0.9145575647504038,CD4 T Cells,Non-classical Monocytes,ANXA1,FPR1,0.09035636864392993,-0.09589853674259399,0.2766112740304538,56,0.34169483347856544,0.5900226619420714,11,0.9060444486079482,33,0.9964019328611063,5,0.9993412870029854,7,0.9993424026122136
Non-classical Monocytes|B Cells|VCAN|SELL,Non-classical Monocytes,B Cells,VCAN,SELL,-0.0336787362101757,-0.10721563599875078,0.039858163578399386,55,0.3693815149844687,0.6346621320741239,10,0.886627679006895,33,0.9050318675314316,5,0.8611663719658951,7,0.9132492967006074,Non-classical Monocytes,B Cells,VCAN,SELL,0.09108564158542998,-0.09555308802771167,0.27772437119857163,56,0.3388071515564647,0.5900226619420714,11,0.9079353629134705,33,0.9989190906149412,5,0.9994337848195739,7,0.9993318709356146
CD8 T Cells|Classical Monocytes|CD47|SIRPA,CD8 T Cells,Classical Monocytes,CD47,SIRPA,-0.05304766669031678,-0.16916768322798736,0.06307234984735378,55,0.37058409971662065,0.6357927059796541,10,0.00782774251812679,33,0.05753351451273293,5,0.0,7,0.10275343868492293,CD8 T Cells,Classical Monocytes,CD47,SIRPA,0.09097812904165359,-0.0934108696301802,0.27536712771348737,56,0.33351775088203295,0.5900226619420714,11,0.8968587396466206,33,0.985111706764133,5,0.9949407388814352,7,0.992215576957294
Classical Monocytes|CD8 T Cells|SIRPA|CD47,Classical Monocytes,CD8 T Cells,SIRPA,CD47,-0.05304766669031678,-0.16916768322798736,0.06307234984735378,55,0.37058409971662065,0.6357927059796541,10,0.00782774251812679,33,0.05753351451273293,5,0.0,7,0.10275343868492293,Classical Monocytes,CD8 T Cells,SIRPA,CD47,0.09097812904165359,-0.0934108696301802,0.27536712771348737,56,0.33351775088203295,0.5900226619420714,11,0.8968587396466206,33,0.985111706764133,5,0.9949407388814352,7,0.992215576957294
Classical Monocytes|Classical Monocytes|LGALS9|PTPRC,Classical Monocytes,Classical Monocytes,LGALS9,PTPRC,-0.020770465778949143,-0.06638028540032419,0.0248393538424259,56,0.3720944423457708,0.6369798554819465,11,0.8893910408048129,33,0.9242147743651312,5,0.8858675620217437,7,0.9414617613610111,Classical Monocytes,Classical Monocytes,LGALS9,PTPRC,0.0002677275997240436,-7.38831253064351e-05,0.0006093383247545223,56,0.12452231381639517,0.5560563594390482,11,0.9987909014890726,33,0.9991111574457371,5,0.9995289288657776,7,0.9995814572227181
NK Cells|CD8 T Cells|SPON2|ITGB2,NK Cells,CD8 T Cells,SPON2,ITGB2,0.10990397060268864,-0.1313597585290359,0.3511676997344132,56,0.3719474880240792,0.6369798554819465,11,0.9835273661531587,33,0.9801772762990728,5,0.9117529319561403,7,0.7984988714993657,NK Cells,CD8 T Cells,SPON2,ITGB2,0.0009382939408196789,-0.0006165112770538401,0.002493099158693198,56,0.23688874713944152,0.5900226619420714,11,0.9997999597480334,33,0.9997419743893822,5,0.999646609282174,7,0.9986503299827031
Classical Monocytes|Non-classical Monocytes|HLA-C|LILRB2,Classical Monocytes,Non-classical Monocytes,HLA-C,LILRB2,-0.003771382242100607,-0.01207080895010865,0.004528044465907436,56,0.37312414576398956,0.638154168909331,11,0.9963659715914559,33,0.9946333725522322,5,0.9916648263761138,7,0.9937036095789906,Classical Monocytes,Non-classical Monocytes,HLA-C,LILRB2,-2.0248558883828593e-05,-7.392899206613572e-05,3.343187429847853e-05,56,0.4597191731642756,0.6642847591249715,11,0.9999554326669049,33,0.9999283634352257,5,0.9999637088116341,7,0.9999568881388388
Non-classical Monocytes|B Cells|VCAN|ITGB1,Non-classical Monocytes,B Cells,VCAN,ITGB1,0.15570838757917074,-0.18709404787566167,0.4985108230340032,44,0.3733270212977071,0.638154168909331,7,0.12795249952024018,25,0.5463710347492536,5,0.23449863658978307,7,0.4972087842396258,Non-classical Monocytes,B Cells,VCAN,ITGB1,0.12365351182092121,-0.21993968445609596,0.4672467080979384,56,0.4805870760406442,0.6693202637899219,11,0.6291909880800817,33,0.7528436688494258,5,0.9961691097540385,7,0.9961682787024614
CD8 T Cells|Non-classical Monocytes|ANXA1|FPR1,CD8 T Cells,Non-classical Monocytes,ANXA1,FPR1,0.11746544837100303,-0.141804888614671,0.37673578535667707,55,0.3745490730414258,0.6397747516837815,10,0.5176989092874313,33,0.7492950332994234,5,0.6875775392221299,7,0.8017082148631189,CD8 T Cells,Non-classical Monocytes,ANXA1,FPR1,0.09309982014052332,-0.09273472795114998,0.27893436823219664,56,0.3261455321262212,0.5900226619420714,11,0.9039405930933224,33,0.9969619317599513,5,0.9988018899144617,7,0.9987234084405673
Non-classical Monocytes|NK Cells|TIMP2|CD44,Non-classical Monocytes,NK Cells,TIMP2,CD44,-0.1652676938165234,-0.530642362792782,0.2001069751597352,56,0.37532739274065696,0.6401286319366003,11,0.2629183435942902,33,0.353925576970913,5,0.3241091824059599,7,0.580384109599106,Non-classical Monocytes,NK Cells,TIMP2,CD44,-8.82304273605028e-05,-0.0028108528746446995,0.002634392019923694,56,0.9493560947702211,0.9727205794017577,11,0.9916696148776747,33,0.9911522074600032,5,0.9973590706113751,7,0.9969298936210641
Non-classical Monocytes|Classical Monocytes|FABP5|RXRA,Non-classical Monocytes,Classical Monocytes,FABP5,RXRA,0.004854875511793854,-0.0058911307872606435,0.01560088181084835,48,0.3758974257823545,0.6402045873098452,8,0.003159251969564275,28,0.008014127481358128,5,0.0,7,0.0,Non-classical Monocytes,Classical Monocytes,FABP5,RXRA,0.12013506489112646,-0.18999330739916848,0.4302634371814214,56,0.44771182723173764,0.6642847591249715,11,0.7146324960407382,33,0.8297694756756493,5,0.9933021816148354,7,0.98830409635862
CD4 T Cells|CD4 T Cells|LGALS1|ITGB1,CD4 T Cells,CD4 T Cells,LGALS1,ITGB1,0.1433544537181623,-0.17505321401405433,0.4617621214503789,56,0.37754926210885764,0.641613920687178,11,0.1174701699297954,33,0.389845043680155,5,0.5977723411890979,7,0.7267927612212952,CD4 T Cells,CD4 T Cells,LGALS1,ITGB1,0.004255818944904788,1.2286492869345404e-05,0.00849935139694023,56,0.04934035374698503,0.4497776929557514,11,0.9877890885028819,33,0.9916861040900078,5,0.998486247753949,7,0.9981274443961701
CD4 T Cells|B Cells|GNAI2|S1PR4,CD4 T Cells,B Cells,GNAI2,S1PR4,-0.04204226212665254,-0.13567296672967408,0.05158844247636899,52,0.37882286275767274,0.643310097846666,11,0.02619442024904857,29,0.024419227007756485,5,0.0,7,0.040267068885360455,CD4 T Cells,B Cells,GNAI2,S1PR4,-0.12286841262664061,-0.23558260648932688,-0.01015421876395435,56,0.032635944419715214,0.38975746716773163,11,0.9868312528186052,33,0.8619765791536912,5,0.9926599371210629,7,0.9906736760827896
Non-classical Monocytes|NK Cells|TNFSF13B|HLA-DPB1,Non-classical Monocytes,NK Cells,TNFSF13B,HLA-DPB1,0.07742444868949461,-0.09514069534160027,0.2499895927205895,56,0.37919905865884895,0.6434809607328578,11,0.7091410399410863,33,0.8961853519089416,5,0.8122911165134757,7,0.9219109797918363,Non-classical Monocytes,NK Cells,TNFSF13B,HLA-DPB1,0.0016965136351597687,0.0007019773557721163,0.0026910499145474213,56,0.0008276660462921929,0.09753557241920435,11,0.9968562461020937,33,0.9987864408060843,5,0.9992757073023883,7,0.9995093883712192
NK Cells|Classical Monocytes|IFNG|IFNGR1_IFNGR2,NK Cells,Classical Monocytes,IFNG,IFNGR1_IFNGR2,-0.14378352220704999,-0.46445876554455373,0.17689172113045376,49,0.3795078301233602,0.6435372428017764,9,0.09280867464624779,29,0.2743626416160853,5,0.046280328625304804,6,0.37161781780219233,NK Cells,Classical Monocytes,IFNG,IFNGR1_IFNGR2,0.20288614584000775,-0.20354555221895249,0.6093178438989679,56,0.32788046283140493,0.5900226619420714,11,0.8094986758148028,33,0.8704498108014647,5,0.9955462164231317,7,0.8536112055697858
CD8 T Cells|Classical Monocytes|GNAI2|ADCY7,CD8 T Cells,Classical Monocytes,GNAI2,ADCY7,0.002320160090054097,-0.002889637163350121,0.007529957343458315,56,0.38273870210787275,0.647604977841944,11,0.0,33,0.002600486921649797,5,0.0,7,0.0002803268315957,CD8 T Cells,Classical Monocytes,GNAI2,ADCY7,-0.001494769627272019,-0.005843019425707706,0.0028534801711636677,56,0.5004612987978302,0.6898483792921979,11,0.9832665278549414,33,0.979128816501948,5,0.9918352061943618,7,0.9891922644686405
Non-classical Monocytes|CD4 T Cells|LGALS1|CD69,Non-classical Monocytes,CD4 T Cells,LGALS1,CD69,7.821148150022328e-05,-9.76881412802942e-05,0.00025411110428074073,56,0.38349620586081057,0.6480034857458059,11,0.9997581397698369,33,0.9998783232240648,5,0.9999173214197583,7,0.999959293392486,Non-classical Monocytes,CD4 T Cells,LGALS1,CD69,5.586103409838117e-07,-2.749004584058611e-06,3.866225266026234e-06,56,0.7406363535078899,0.8527700215723305,11,0.999996529960762,33,0.9999973597873439,5,0.9999994625083388,7,0.9999997337245797
NK Cells|Non-classical Monocytes|SPON2|ITGB2,NK Cells,Non-classical Monocytes,SPON2,ITGB2,0.03777954921354343,-0.04719352808407931,0.12275262651116617,56,0.3835292579446269,0.6480034857458059,11,0.9961709952764051,33,0.992860727341331,5,0.9759314072953691,7,0.9348415901467516,NK Cells,Non-classical Monocytes,SPON2,ITGB2,0.00031173050083799225,-0.00023849683821827944,0.000861957839894264,56,0.2668203439953787,0.5900226619420714,11,0.9999507246482139,33,0.999900612674522,5,0.9998948326707779,7,0.9995329901962481
CD4 T Cells|B Cells|MIF|CD74_CXCR4,CD4 T Cells,B Cells,MIF,CD74_CXCR4,0.0024184436797123343,-0.0030383149604337944,0.007875202319858464,56,0.38503367247925013,0.6500442603852374,11,0.9983001545675975,33,0.9966129690476884,5,0.9977391441110525,7,0.993633514911431,CD4 T Cells,B Cells,MIF,CD74_CXCR4,1.482960060861238e-06,-6.872717349570332e-07,3.6531918566795094e-06,56,0.1804794966137988,0.5900226619420714,11,0.9999993761963055,33,0.9999995208985785,5,0.9999994827824402,7,0.9999981445246523
Non-classical Monocytes|Classical Monocytes|S100A9|CD68,Non-classical Monocytes,Classical Monocytes,S100A9,CD68,-0.005375121429842755,-0.017509704424465172,0.00675946156477966,56,0.3852938999456825,0.6500442603852374,11,0.9949122103028077,33,0.9995089265121094,5,0.987716787772612,7,0.9976886254117564,Non-classical Monocytes,Classical Monocytes,S100A9,CD68,2.7668154727988892e-05,-4.617614411399709e-05,0.00010151245356997487,56,0.4627269865808167,0.6642847591249715,11,0.9999408333532873,33,0.999993693048249,5,0.9999504464315485,7,0.9999756379717822
CD4 T Cells|Classical Monocytes|MIF|CD74_CXCR4,CD4 T Cells,Classical Monocytes,MIF,CD74_CXCR4,0.09564450333987884,-0.1207675611815901,0.3120565678613478,56,0.3863712419238039,0.6509562696595197,11,0.8983813220523316,33,0.92096783199348,5,0.8498375811304401,7,0.7767795877317096,CD4 T Cells,Classical Monocytes,MIF,CD74_CXCR4,-8.236730329458375e-06,-3.9363279509151686e-05,2.2889818850234937e-05,56,0.6040068501936307,0.7593717729051237,11,0.9999735550845379,33,0.9999509658580348,5,0.9999897447568236,7,0.9999753922606499
NK Cells|NK Cells|HLA-F|CD8A,NK Cells,NK Cells,HLA-F,CD8A,-0.11576759375593926,-0.3783583034673717,0.1468231159554932,42,0.38754199138399026,0.6510147840874944,8,0.4862494588516304,22,0.509926544489887,5,0.7137733634165253,7,0.8532180428107211,NK Cells,NK Cells,HLA-F,CD8A,-0.0611432692828211,-0.3927470597129659,0.2704605211473237,56,0.7178072194873906,0.8425305360743786,11,0.7229818269535687,33,0.6620510455938403,5,0.9987943999681874,7,0.99900688789128
Classical Monocytes|Classical Monocytes|S100A9|CD36,Classical Monocytes,Classical Monocytes,S100A9,CD36,0.0001812014279496399,-0.00022941461164025596,0.0005918174675395357,56,0.38708504180981385,0.6510147840874944,11,0.9999573780216712,33,0.9999657104899616,5,0.9999391704598166,7,0.9997663015001574,Classical Monocytes,Classical Monocytes,S100A9,CD36,3.141544404061669e-06,-3.2958670579759534e-06,9.57895586609929e-06,56,0.3388251892922005,0.5900226619420714,11,0.9999994214358712,33,0.9999994864253241,5,0.9999996734913255,7,0.9999965969363743
Classical Monocytes|CD4 T Cells|CALM1|PTPRA,Classical Monocytes,CD4 T Cells,CALM1,PTPRA,-0.14521013198968202,-0.47451676466380843,0.1840965006844444,53,0.3874449474485787,0.6510147840874944,11,0.41216899725536477,30,0.4709618354453096,5,0.2654797872915345,7,0.46948275747116136,Classical Monocytes,CD4 T Cells,CALM1,PTPRA,-0.09008872755854658,-0.19057568128198143,0.01039822616488828,56,0.07889222700314065,0.479127793082762,11,0.993599632375848,33,0.9030090971536868,5,0.9969566336834118,7,0.9964548260197972
CD8 T Cells|Classical Monocytes|LGALS1|CD69,CD8 T Cells,Classical Monocytes,LGALS1,CD69,0.14933644505251015,-0.19027784760068833,0.4889507377057086,55,0.38877415703277673,0.6512562732633483,11,0.17294693308194498,33,0.5088300883042949,5,0.07046462051968194,6,0.2570113306895217,CD8 T Cells,Classical Monocytes,LGALS1,CD69,0.14938027116946073,-0.15068478631451426,0.4494453286534357,56,0.3292024559917114,0.5900226619420714,11,0.9893112498575651,33,0.993795365823759,5,0.9952464848309501,7,0.8503503296276833
CD8 T Cells|CD8 T Cells|HLA-A|CD8A,CD8 T Cells,CD8 T Cells,HLA-A,CD8A,-0.0002444647822061885,-0.0008007746745867492,0.00031184511017437217,56,0.3890803003008012,0.6512562732633483,11,0.9994942232194927,33,0.9995965883616891,5,0.9992212559271569,7,0.9995680858515595,CD8 T Cells,CD8 T Cells,HLA-A,CD8A,2.1599801817151487e-06,-2.952599328131343e-06,7.2725596915616405e-06,56,0.40764086596114013,0.6414177436332663,11,0.9999924307687423,33,0.9999949097667982,5,0.9999959764415989,7,0.999996295459473
Non-classical Monocytes|Classical Monocytes|S100A9|ITGB2,Non-classical Monocytes,Classical Monocytes,S100A9,ITGB2,-0.004447424932620181,-0.014560578301019601,0.005665728435779239,56,0.3887280847269986,0.6512562732633483,11,0.9956922978544559,33,0.9994225385877724,5,0.9907934955557275,7,0.9989711612216642,Non-classical Monocytes,Classical Monocytes,S100A9,ITGB2,1.9370114841432695e-05,-4.8535145667977174e-05,8.727537535084256e-05,56,0.5761045666391623,0.7414851080293329,11,0.9999497746982283,33,0.9999930950215251,5,0.9999617890529068,7,0.9999857392613621
B Cells|Classical Monocytes|HLA-DMA|CD4,B Cells,Classical Monocytes,HLA-DMA,CD4,-0.02129819463278626,-0.07004511030642344,0.027448721040850915,56,0.3918124572173354,0.6534872054303416,11,0.9248643469715628,33,0.8698466271392105,5,0.9089463808002097,7,0.8752268556006436,B Cells,Classical Monocytes,HLA-DMA,CD4,-0.0001295570169737026,-0.0008595596492040026,0.0006004456152565974,56,0.7279572903141367,0.8490177305251952,11,0.9991324536681309,33,0.9982849334445791,5,0.9996286159400135,7,0.9989106527334355
CD8 T Cells|Classical Monocytes|HLA-A|APLP2,CD8 T Cells,Classical Monocytes,HLA-A,APLP2,0.00012584562090378615,-0.00016200110032013094,0.00041369234212770324,56,0.391505857228454,0.6534872054303416,11,0.999618149664456,33,0.9997548767554144,5,0.9996879119439603,7,0.999698793414015,CD8 T Cells,Classical Monocytes,HLA-A,APLP2,3.1089796431738037e-06,1.4192732125118738e-07,6.07603196509642e-06,56,0.04000301396679102,0.410532107367545,11,0.9999944790521401,33,0.9999966176008378,5,0.999998204935187,7,0.9999972345042415
Classical Monocytes|Non-classical Monocytes|TGFB1|LPP,Classical Monocytes,Non-classical Monocytes,TGFB1,LPP,-0.09597768208054207,-0.3171291084240067,0.12517374426292255,53,0.39498807935099955,0.6583134655849993,11,0.24487478712954952,31,0.19487414530021435,5,0.08971201114578035,6,0.13568905139698725,Classical Monocytes,Non-classical Monocytes,TGFB1,LPP,0.08491871780597082,-0.22561597860330757,0.3954534142152492,56,0.5919785113557576,0.7588584889751074,11,0.9912161435482353,33,0.9290220396574342,5,0.9951084446774727,7,0.8479956229807009
NK Cells|Classical Monocytes|SELPLG|ITGB2,NK Cells,Classical Monocytes,SELPLG,ITGB2,-0.07400129443501235,-0.24553600769448716,0.09753341882446245,56,0.3978080738836087,0.6605406147935753,11,0.8500054099556539,33,0.8752305468669662,5,0.7640428757402727,7,0.8632693070865974,NK Cells,Classical Monocytes,SELPLG,ITGB2,0.0002746224069999359,-0.0007624018777389104,0.0013116466917387822,56,0.6037375935026646,0.7593717729051237,11,0.9983382708329797,33,0.9984957038088605,5,0.999057339030661,7,0.9989401495995419
NK Cells|B Cells|HMGB1|CXCR4,NK Cells,B Cells,HMGB1,CXCR4,-0.0003741802370873515,-0.0012407908479350402,0.0004924303737603371,56,0.3974064987038357,0.6605406147935753,11,0.9998324425410541,33,0.9990780116451073,5,0.9997928114952341,7,0.9994125608363748,NK Cells,B Cells,HMGB1,CXCR4,-1.0690760725795556e-05,-2.6677141295160012e-05,5.2956198435689e-06,56,0.18995581989379562,0.5900226619420714,11,0.9999974363869716,33,0.9999833894097196,5,0.9999986334726485,7,0.9999952772561224
Classical Monocytes|B Cells|HMGB1|CXCR4,Classical Monocytes,B Cells,HMGB1,CXCR4,-0.0012424342093331209,-0.00412485920023632,0.0016399907815700786,56,0.3982121167502253,0.6605406147935753,11,0.9990365725666169,33,0.9964488246797211,5,0.9991169385213061,7,0.9977716248437433,Classical Monocytes,B Cells,HMGB1,CXCR4,-2.7633831824358523e-05,-6.699768116778454e-05,1.17300175190675e-05,56,0.16884791636412333,0.5828945818428134,11,0.9999868846116843,33,0.999945248421461,5,0.9999947921631145,7,0.9999807898047156
Non-classical Monocytes|Non-classical Monocytes|VCAN|SELL,Non-classical Monocytes,Non-classical Monocytes,VCAN,SELL,0.15509160790054738,-0.20454953971405437,0.5147327555151491,55,0.39799100565274326,0.6605406147935753,10,0.46284726001092374,33,0.7169566109323718,5,0.4183010204666253,7,0.517318763487526,Non-classical Monocytes,Non-classical Monocytes,VCAN,SELL,0.09488763055684934,-0.09076974369198804,0.2805450048056867,56,0.31647979800991743,0.5900226619420714,11,0.902910869703176,33,0.9963952089487073,5,0.9973475676239734,7,0.9959442763126553
Non-classical Monocytes|Classical Monocytes|S100A8|CD69,Non-classical Monocytes,Classical Monocytes,S100A8,CD69,-0.03417875957806216,-0.11376251159010091,0.045404992433976596,55,0.3999313195899207,0.6609249386883684,11,0.9126177615715757,33,0.9771219983729569,5,0.8602635696129,6,0.9589465659923433,Non-classical Monocytes,Classical Monocytes,S100A8,CD69,0.14325632898651575,-0.15908132471286757,0.44559398268589906,56,0.35305098245575217,0.5900226619420714,11,0.9990723428518978,33,0.9997392752226524,5,0.9994720037545705,7,0.8568826071388093
Classical Monocytes|CD8 T Cells|ADAM10|CD44,Classical Monocytes,CD8 T Cells,ADAM10,CD44,-0.06121792287427952,-0.20437349585732556,0.08193765010876652,56,0.4019500711724925,0.6609249386883684,11,0.5982638159681258,33,0.5791138188589795,5,0.6350759451560273,7,0.6771438709211605,Classical Monocytes,CD8 T Cells,ADAM10,CD44,0.00012012324391252882,-0.0009287778439133901,0.0011690243317384478,56,0.8223987253743381,0.9012530800028553,11,0.9955943652033725,33,0.9947757822951041,5,0.9985852890545861,7,0.9976465829024052
NK Cells|Classical Monocytes|LRPAP1|LRP1,NK Cells,Classical Monocytes,LRPAP1,LRP1,0.02605970384659434,-0.03483836507319905,0.08695777276638772,56,0.4016296541870932,0.6609249386883684,11,0.019038648948443728,33,0.06198587345438638,5,0.0,7,0.016887520659348315,NK Cells,Classical Monocytes,LRPAP1,LRP1,0.0006986675064745151,-0.0034485490250884734,0.004845884038037504,56,0.7412575458735824,0.8527700215723305,11,0.9881302928689568,33,0.9849875454476449,5,0.9944072700892516,7,0.9905658551614651
Classical Monocytes|Non-classical Monocytes|HLA-A|APLP2,Classical Monocytes,Non-classical Monocytes,HLA-A,APLP2,0.0021552157472858324,-0.002875008303311846,0.007185439797883511,56,0.40104694575630184,0.6609249386883684,11,0.9944863623617365,33,0.9966206878013377,5,0.9938437405025468,7,0.9938228501948622,Classical Monocytes,Non-classical Monocytes,HLA-A,APLP2,4.469424235475916e-05,4.862647877261051e-06,8.452583683225728e-05,56,0.02786109435905226,0.35459070091630457,11,0.9999315057441472,33,0.9999553482702848,5,0.9999705090815653,7,0.999949657365348
Classical Monocytes|CD8 T Cells|MIF|CD44_CD74,Classical Monocytes,CD8 T Cells,MIF,CD44_CD74,0.08317625402202689,-0.11022859219912248,0.2765811002431763,56,0.39927998536525244,0.6609249386883684,11,0.8075165703382282,33,0.8174465038494024,5,0.8105302054137358,7,0.7372838849028831,Classical Monocytes,CD8 T Cells,MIF,CD44_CD74,0.0005135814649512849,-0.00036260699482928613,0.0013897699247318559,56,0.2506215741294622,0.5900226619420714,11,0.9979221631790964,33,0.9975449439356783,5,0.9992602396262219,7,0.9983694389178525
B Cells|Classical Monocytes|MIF|CD74_CXCR4,B Cells,Classical Monocytes,MIF,CD74_CXCR4,0.12510311338582347,-0.16673876658497083,0.4169449933566178,56,0.4008115314391457,0.6609249386883684,11,0.861975382668625,33,0.8804684294236369,5,0.8121090337171125,7,0.705498967086301,B Cells,Classical Monocytes,MIF,CD74_CXCR4,-6.071961524689584e-06,-6.332508248984186e-05,5.118115944046269e-05,56,0.835335661353361,0.9081982804820505,11,0.9999632537276706,33,0.9999243683239344,5,0.9999853839352701,7,0.9999525704930586
CD8 T Cells|CD8 T Cells|MIF|CD44_CD74,CD8 T Cells,CD8 T Cells,MIF,CD44_CD74,0.06561848264979264,-0.08791434277668242,0.2191513080762677,56,0.402215990525127,0.6609249386883684,11,0.8998438965010341,33,0.9151877891759046,5,0.8946461247199633,7,0.8443715347450411,CD8 T Cells,CD8 T Cells,MIF,CD44_CD74,0.0004661529458227509,-0.00015476989258062846,0.0010870757842261303,56,0.141175521194612,0.5560563594390482,11,0.9988993898897113,33,0.9988803400648778,5,0.9995960772151756,7,0.9991108744445194
NK Cells|CD4 T Cells|SPON2|ITGB1,NK Cells,CD4 T Cells,SPON2,ITGB1,0.11427967007903794,-0.15142932835280704,0.3799886685108829,56,0.3992466470010445,0.6609249386883684,11,0.9453516292852289,33,0.9229439510724476,5,0.8566545086774452,7,0.719967160385626,NK Cells,CD4 T Cells,SPON2,ITGB1,0.0009887078173453911,-0.0005655721306605647,0.002542987765351347,56,0.2124813473956516,0.5900226619420714,11,0.9993536775632957,33,0.9990264851039896,5,0.9994236222794342,7,0.9981077220027826
Classical Monocytes|Non-classical Monocytes|S100A9|ITGB2,Classical Monocytes,Non-classical Monocytes,S100A9,ITGB2,-1.6315973982994336e-07,-5.443061625759418e-07,2.1798668291605506e-07,56,0.4014614106467431,0.6609249386883684,11,0.9999999037575349,33,0.9999997446261666,5,0.9999999101700944,7,0.9999999141984659,Classical Monocytes,Non-classical Monocytes,S100A9,ITGB2,-1.4519891955444564e-09,-5.669275635694114e-09,2.7652972446052016e-09,56,0.4997995799837964,0.6890849194036417,11,0.9999999987113221,33,0.9999999966248709,5,0.999999999521787,7,0.999999998887325
Non-classical Monocytes|NK Cells|SELPLG|ITGB2,Non-classical Monocytes,NK Cells,SELPLG,ITGB2,-0.014030238196567457,-0.0466839897493688,0.018623513356233884,56,0.39971420045796036,0.6609249386883684,11,0.9787609297986761,33,0.9692230842208723,5,0.9526478610397605,7,0.9571402536585242,Non-classical Monocytes,NK Cells,SELPLG,ITGB2,-1.0886627031969631e-05,-0.00023564014765590404,0.00021386689359196478,56,0.9243649667594169,0.9545446537297421,11,0.9997420180739663,33,0.9996068651665688,5,0.9997996348877847,7,0.9996753686074191
Classical Monocytes|Classical Monocytes|ICAM1|ITGAM_ITGB2,Classical Monocytes,Classical Monocytes,ICAM1,ITGAM_ITGB2,0.049636857644380354,-0.06634989612310607,0.1656236114118668,46,0.4015972086027706,0.6609249386883684,10,0.03662568085182682,24,0.13024872032861656,5,0.0,7,0.043986181832409384,Classical Monocytes,Classical Monocytes,ICAM1,ITGAM_ITGB2,-0.17687381973699878,-0.41753207932288,0.06378443984888243,56,0.1497282296505029,0.5560563594390482,11,0.8975028069175974,33,0.7168193395498927,5,0.9949732453579934,7,0.9911635977272876
CD8 T Cells|NK Cells|HLA-B|KLRD1,CD8 T Cells,NK Cells,HLA-B,KLRD1,0.0005959648957091224,-0.0007994340780937872,0.001991363869512032,56,0.40254391249575827,0.6609986186199687,11,0.9999808112468429,33,0.999966692826373,5,0.9998888250293637,7,0.9992787417131846,CD8 T Cells,NK Cells,HLA-B,KLRD1,4.5097107530533975e-06,-5.87959533749876e-06,1.4899016843605555e-05,56,0.3948992305909168,0.6277708843606289,11,0.9999996874542186,33,0.9999994249222806,5,0.9999994603506982,7,0.9999946881080071
Non-classical Monocytes|NK Cells|VCAN|SELL,Non-classical Monocytes,NK Cells,VCAN,SELL,0.1285246708175075,-0.1727039539135865,0.42975329554860153,55,0.4030118693350052,0.661301978142823,10,0.636657370069161,33,0.836860321224632,5,0.5577352462858498,7,0.6294135266238133,Non-classical Monocytes,NK Cells,VCAN,SELL,0.09378370311133888,-0.09237049237779163,0.27993789860046936,56,0.32343598154243614,0.5900226619420714,11,0.9055061449725752,33,0.9980705083245077,5,0.998306643484633,7,0.9970873037252267
B Cells|Non-classical Monocytes|CALM1|PTPRA,B Cells,Non-classical Monocytes,CALM1,PTPRA,-0.14781135352758873,-0.49563487609231577,0.2000121690371383,51,0.40489672304517554,0.6639282642629809,11,0.4306518055207123,28,0.381182225619267,5,0.3477895160113854,7,0.44613128963752885,B Cells,Non-classical Monocytes,CALM1,PTPRA,-0.15083368919611018,-0.27600155702291906,-0.02566582136930129,56,0.01818365722179648,0.2902624868168367,11,0.9938793448810576,33,0.8417404198355151,5,0.9973027759014224,7,0.99599754005199
Classical Monocytes|NK Cells|CD14|ITGB2,Classical Monocytes,NK Cells,CD14,ITGB2,-0.0029152578942607255,-0.00979913161768218,0.00396861582916073,56,0.40652356568435977,0.6661280883319157,11,0.9980114937737448,33,0.9969432201055887,5,0.9938460174358713,7,0.9956930016619759,Classical Monocytes,NK Cells,CD14,ITGB2,-4.735639752451171e-06,-4.230986269484438e-05,3.283858318994204e-05,56,0.8048907107374299,0.8873606026317522,11,0.9999727940139558,33,0.9999616817539193,5,0.9999712502069679,7,0.9999648735866838
Non-classical Monocytes|Non-classical Monocytes|HLA-A|APLP2,Non-classical Monocytes,Non-classical Monocytes,HLA-A,APLP2,0.0014997333467684504,-0.0020449231364130936,0.005044389829949994,56,0.4069602508883847,0.666376006889466,11,0.9973224041902035,33,0.998309454955061,5,0.9966030206842008,7,0.9960903381022899,Non-classical Monocytes,Non-classical Monocytes,HLA-A,APLP2,2.444059340789284e-05,3.5279831623724595e-07,4.8528388499548436e-05,56,0.046737605574394575,0.4443550029982246,11,0.9999654382887144,33,0.9999768830656646,5,0.9999829358459887,7,0.999969940029531
CD8 T Cells|B Cells|SELPLG|ITGB2,CD8 T Cells,B Cells,SELPLG,ITGB2,-0.07249931523889766,-0.2443578575232091,0.09935922704541378,56,0.4083392017294485,0.6681654071746758,11,0.01205391670752311,33,0.1005877092897222,5,0.0,7,0.16103310782109675,CD8 T Cells,B Cells,SELPLG,ITGB2,-0.0005075364872101362,-0.003057272616156672,0.0020421996417363994,56,0.6964332630971164,0.8246415518084964,11,0.9866860165122713,33,0.9860034827394328,5,0.9932145719914474,7,0.993039574705819
Classical Monocytes|CD4 T Cells|COPA|CD74,Classical Monocytes,CD4 T Cells,COPA,CD74,-0.08306956094515339,-0.28042402350937645,0.1142849016190697,56,0.40938333917079994,0.6694048298065952,11,0.7222066385643955,33,0.7212026869157396,5,0.645353837505981,7,0.7274194468024785,Classical Monocytes,CD4 T Cells,COPA,CD74,0.0002974667940823794,-0.0005642126406660224,0.0011591462288307814,56,0.4986510164001171,0.6879467380221007,11,0.9969410139412751,33,0.9967049736064605,5,0.9986542058802481,7,0.9981206987513511
Non-classical Monocytes|B Cells|MIF|CD74_CXCR4,Non-classical Monocytes,B Cells,MIF,CD74_CXCR4,0.003874153800755731,-0.005349533547088062,0.013097841148599524,56,0.4103780880733249,0.6698983230649839,11,0.9968726865882652,33,0.9923370825836714,5,0.9964303684846317,7,0.9880206106792822,Non-classical Monocytes,B Cells,MIF,CD74_CXCR4,6.3028032447620674e-06,-2.6430318561805217e-07,1.2869909675142188e-05,56,0.05996073070956584,0.4776247420339505,11,0.9999970359903468,33,0.99999691608332,5,0.9999990121303975,7,0.9999925894201259
NK Cells|B Cells|TGFB1|CXCR4,NK Cells,B Cells,TGFB1,CXCR4,0.013464973487659071,-0.018604281018609337,0.04553422799392748,56,0.4105458245421807,0.6698983230649839,11,0.9987880335951546,33,0.9921958004705455,5,0.9938199312583432,7,0.973762724646075,NK Cells,B Cells,TGFB1,CXCR4,7.693508167760932e-06,-0.00014935149908021746,0.00016473851541573932,56,0.9235070280987885,0.9540924721648172,11,0.999983621020903,33,0.9998769028159168,5,0.9999741257006205,7,0.9998597139874665
NK Cells|CD8 T Cells|SPON2|ITGB1,NK Cells,CD8 T Cells,SPON2,ITGB1,0.13547676651361773,-0.1878262602519738,0.45877979327920926,53,0.41147398586740336,0.6699606556763168,9,0.9140495142014284,32,0.9010756997872736,5,0.5869851764620702,7,0.43853459553429763,NK Cells,CD8 T Cells,SPON2,ITGB1,0.15522725970453555,-0.10240078008124731,0.4128552994903184,56,0.23763183180093383,0.5900226619420714,11,0.8173410911062361,33,0.9685890444814607,5,0.9983713063164,7,0.994391999987089
CD8 T Cells|CD4 T Cells|LGALS1|CD69,CD8 T Cells,CD4 T Cells,LGALS1,CD69,0.023083830633695568,-0.03198524550664245,0.07815290677403358,56,0.41131778418144527,0.6699606556763168,11,0.9359538553706728,33,0.9706213963925981,5,0.9470468859459329,7,0.9586305963341627,CD8 T Cells,CD4 T Cells,LGALS1,CD69,0.0004001160678868132,5.584786231411978e-05,0.0007443842734595066,56,0.0227317508965851,0.3083506506969898,11,0.9992762964211597,33,0.9996269067755674,5,0.9997945048010068,7,0.9997449990875278
Classical Monocytes|NK Cells|SELPLG|ITGB2,Classical Monocytes,NK Cells,SELPLG,ITGB2,-0.02239814605766144,-0.0758669648597483,0.031070672744425418,56,0.41162859125390727,0.6699606556763168,11,0.942131016931295,33,0.9530824377699398,5,0.9012051091703661,7,0.9345546760666724,Classical Monocytes,NK Cells,SELPLG,ITGB2,0.00016508112105573236,-0.00012574573496317812,0.00045590797707464284,56,0.26591115187757186,0.5900226619420714,11,0.9993610371504871,33,0.9994418937385543,5,0.9996161650007831,7,0.9995319404677946
Classical Monocytes|Non-classical Monocytes|TNFSF13B|TFRC,Classical Monocytes,Non-classical Monocytes,TNFSF13B,TFRC,-0.13996447145970603,-0.47484455088522237,0.1949156079658103,44,0.41268668846487555,0.6699606556763168,9,0.45169492930786287,23,0.5789419114018222,5,0.4067068317404342,7,0.6739182852940996,Classical Monocytes,Non-classical Monocytes,TNFSF13B,TFRC,-0.1200678636410697,-0.41661046575701854,0.17647473847487916,56,0.4274431014422633,0.6583002275171188,11,0.8130730257959707,33,0.6930611430257899,5,0.9975592049239375,7,0.9976151857948264
Non-classical Monocytes|Non-classical Monocytes|ADAM17|ITGB1,Non-classical Monocytes,Non-classical Monocytes,ADAM17,ITGB1,-0.07644634426775515,-0.25958952493843,0.10669683640291969,56,0.4132918417053191,0.6699606556763168,11,0.13734759371616584,33,0.12376042221034185,5,0.1625840081057114,7,0.22544318086764253,Non-classical Monocytes,Non-classical Monocytes,ADAM17,ITGB1,-0.00015356505699481993,-0.0036271627734739387,0.003320032659484299,56,0.930950925028482,0.9603743027323536,11,0.9901401402382888,33,0.9870383163359863,5,0.9966272801395426,7,0.9936790212942349
B Cells|Non-classical Monocytes|ADAM28|ITGA4,B Cells,Non-classical Monocytes,ADAM28,ITGA4,-0.11968459803769022,-0.4058330054187981,0.16646380934341765,56,0.4123440047852417,0.6699606556763168,11,0.35301616279515985,33,0.18935558342257988,5,0.27467074562887056,7,0.2306947642939808,B Cells,Non-classical Monocytes,ADAM28,ITGA4,-0.0017807422540853102,-0.0061922587214611425,0.002630774213290522,56,0.4288538948400038,0.6596621374166292,11,0.992929660148372,33,0.9880569269461604,5,0.996993106525629,7,0.9939011155775027
B Cells|Non-classical Monocytes|LGALS1|ITGB1,B Cells,Non-classical Monocytes,LGALS1,ITGB1,-0.13161658257958803,-0.44734895790430845,0.1841157927451324,53,0.4139095844641847,0.6699606556763168,9,0.1509359657150221,33,0.2266271632149989,5,0.3048166314278203,6,0.5121244115073851,B Cells,Non-classical Monocytes,LGALS1,ITGB1,0.3227570866557332,-0.06758173104909876,0.7130959043605651,56,0.10509840659577781,0.5560563594390482,11,0.8097843434091758,33,0.9892663373345996,5,0.9972029487203405,7,0.8539278559900311
Classical Monocytes|NK Cells|LGALS1|PTPRC,Classical Monocytes,NK Cells,LGALS1,PTPRC,-0.0001367674884860115,-0.00046354958378838894,0.00019001460681636594,56,0.412045108290542,0.6699606556763168,11,0.9997557247145956,33,0.9997768379503403,5,0.999748131561456,7,0.9999060122856868,Classical Monocytes,NK Cells,LGALS1,PTPRC,-4.93520440958406e-07,-3.2483574407751388e-06,2.261316558858327e-06,56,0.7254972560021247,0.8469216094642015,11,0.9999964686190608,33,0.9999968897152106,5,0.999998378391784,7,0.9999992930083748
Non-classical Monocytes|Non-classical Monocytes|S100A9|ITGB2,Non-classical Monocytes,Non-classical Monocytes,S100A9,ITGB2,-0.0012041712964938611,-0.00410496452146146,0.0016966219284737377,56,0.4158648520739381,0.6720030654620384,11,0.9992114414224701,33,0.9998879991050784,5,0.9977780461143032,7,0.9996587750934054,Non-classical Monocytes,Non-classical Monocytes,S100A9,ITGB2,2.577400947667563e-06,-1.6529394822180243e-05,2.168419671751537e-05,56,0.791480735031405,0.8753280969561444,11,0.9999900397462124,33,0.9999984808896177,5,0.999989631740809,7,0.9999954954832667
NK Cells|Classical Monocytes|LGALS1|PTPRC,NK Cells,Classical Monocytes,LGALS1,PTPRC,0.008807102759495145,-0.012478013580914223,0.03009221909990451,56,0.41738253709441053,0.6728797884265123,11,0.9669946204142893,33,0.9776117963074267,5,0.9770060383848451,7,0.9788161115184874,NK Cells,Classical Monocytes,LGALS1,PTPRC,0.000188460088698994,1.6697743181167627e-05,0.00036022243421682037,56,0.03151565731608505,0.3828013965636262,11,0.9996236886438926,33,0.9997605384691628,5,0.9999017020967196,7,0.9998500918332908
NK Cells|Non-classical Monocytes|GNAI2|ADCY7,NK Cells,Non-classical Monocytes,GNAI2,ADCY7,-0.049710840676665334,-0.16997284512252403,0.07055116376919335,56,0.41784826262031816,0.6728797884265123,11,0.10466869257201433,33,0.09733462064871153,5,0.0,7,0.04237676875336253,NK Cells,Non-classical Monocytes,GNAI2,ADCY7,9.331148699365244e-05,-0.0036152741996992414,0.0038018971736865463,56,0.9606686416845693,0.9806218168593567,11,0.9893288209459166,33,0.9868674221315457,5,0.9943068509822919,7,0.9917521406809273
Classical Monocytes|CD4 T Cells|LGALS1|CD69,Classical Monocytes,CD4 T Cells,LGALS1,CD69,3.556394015924447e-05,-5.040916360745965e-05,0.00012153704392594858,56,0.41750024750047765,0.6728797884265123,11,0.999877290310343,33,0.9999310319164478,5,0.9999596887790766,7,0.9999778664450222,Classical Monocytes,CD4 T Cells,LGALS1,CD69,2.4597584868946143e-07,-1.4925648078532858e-06,1.9845165052322084e-06,56,0.7815468976139281,0.8665920043136736,11,0.9999981239719198,33,0.9999984942383026,5,0.9999997294280683,7,0.9999998537186023
CD8 T Cells|NK Cells|LGALS1|CD69,CD8 T Cells,NK Cells,LGALS1,CD69,0.03465463260874224,-0.04917733107661497,0.11848659629409945,56,0.41781718439113624,0.6728797884265123,11,0.9030342659850383,33,0.9569672916795948,5,0.9091461668831222,7,0.9284245599689365,CD8 T Cells,NK Cells,LGALS1,CD69,0.0005999870655472028,5.5620879478711143e-05,0.0011443532516156945,56,0.030755313229765036,0.37715104841644687,11,0.9989318218741556,33,0.9994615149499603,5,0.9996300207391176,7,0.999559726749375
NK Cells|Classical Monocytes|LGALS1|CD69,NK Cells,Classical Monocytes,LGALS1,CD69,0.09342351461955456,-0.13348929302280943,0.32033632226191855,55,0.41969672796147317,0.6749255232713772,11,0.7613563406673177,33,0.8732144204231979,5,0.8197638564068418,6,0.8381984215431674,NK Cells,Classical Monocytes,LGALS1,CD69,0.1443317856390537,-0.15775785835960993,0.4464214296377173,56,0.3490530366378817,0.5900226619420714,11,0.9973826072814714,33,0.9985735374413484,5,0.9993127488719307,7,0.8561718933927539
Classical Monocytes|CD8 T Cells|APP|PTGER2,Classical Monocytes,CD8 T Cells,APP,PTGER2,-0.051761455644998004,-0.17764191171674004,0.07411900042674402,51,0.42028434408271986,0.6754053292726434,9,0.0,31,0.006688792600894858,5,0.0,6,0.058450248245892865,Classical Monocytes,CD8 T Cells,APP,PTGER2,0.25996021017645077,-0.13571283732141137,0.6556332576743129,56,0.19784648296045626,0.5900226619420714,11,0.799741349552765,33,0.9165844654435471,5,0.9922249156185181,7,0.8491078213328495
Non-classical Monocytes|CD8 T Cells|HBEGF|CD44,Non-classical Monocytes,CD8 T Cells,HBEGF,CD44,0.12293489138823177,-0.17755916914003245,0.423428951916496,45,0.4226458981591533,0.6769865616628911,8,0.39776423836037034,25,0.505738776178327,5,0.709025529912403,7,0.6940651763421278,Non-classical Monocytes,CD8 T Cells,HBEGF,CD44,0.030694154348754665,-0.2935979683281288,0.3549862770256381,56,0.852829024514908,0.9132767039577688,11,0.7226195687684961,33,0.7521566297660736,5,0.9988715438931953,7,0.9977144505420181
Classical Monocytes|Non-classical Monocytes|MIF|TNFRSF14,Classical Monocytes,Non-classical Monocytes,MIF,TNFRSF14,-0.13842649328621745,-0.4776872955017435,0.20083430892930862,56,0.42387766730241827,0.6769865616628911,11,0.5639496440825632,33,0.5390364735947054,5,0.23570440729903389,7,0.34921773009739354,Classical Monocytes,Non-classical Monocytes,MIF,TNFRSF14,0.00014515989730934376,-0.0019349366542480528,0.0022252564488667403,56,0.8912075183300435,0.9332794389773849,11,0.995290763290721,33,0.9937466094830568,5,0.9967724962947692,7,0.9950831825897957
Non-classical Monocytes|NK Cells|HLA-B|KLRD1,Non-classical Monocytes,NK Cells,HLA-B,KLRD1,0.0006319631736666498,-0.0009124593679934274,0.002176385715326727,56,0.42255363934485257,0.6769865616628911,11,0.9999775418987672,33,0.9999440398150602,5,0.999848848689999,7,0.9991833834326254,Non-classical Monocytes,NK Cells,HLA-B,KLRD1,4.657761893733792e-06,-6.809062295902703e-06,1.6124586083370288e-05,56,0.42595836320080716,0.6567200729946807,11,0.9999996474559051,33,0.9999990858701556,5,0.999999249713088,7,0.9999940303654448
Non-classical Monocytes|CD8 T Cells|TGFB1|CXCR4,Non-classical Monocytes,CD8 T Cells,TGFB1,CXCR4,0.023087374568001806,-0.03347817802254833,0.07965292715855193,56,0.4237314817600728,0.6769865616628911,11,0.9898334447711619,33,0.9768090409333898,5,0.9875422783799443,7,0.9514304999741705,Non-classical Monocytes,CD8 T Cells,TGFB1,CXCR4,-7.140240473357817e-05,-0.0005002352401234488,0.0003574304306562924,56,0.7441656560515952,0.8527700215723305,11,0.9998766582711366,33,0.9996027619745207,5,0.9999504480089648,7,0.9997479541170826
Non-classical Monocytes|Non-classical Monocytes|S100A12|CD36,Non-classical Monocytes,Non-classical Monocytes,S100A12,CD36,0.19842193771564898,-0.2873177984397912,0.6841616738710892,54,0.4233434377547747,0.6769865616628911,10,0.3664857467081782,32,0.7294722468773914,5,0.22244041121472397,7,0.38700497366828823,Non-classical Monocytes,Non-classical Monocytes,S100A12,CD36,0.06629809220098815,-0.12891869337855646,0.26151487778053273,56,0.505648530089517,0.6954980535504681,11,0.902663394776458,33,0.9665893701666759,5,0.9950274959548878,7,0.9926553791441176
Classical Monocytes|CD8 T Cells|HLA-B|CD3D,Classical Monocytes,CD8 T Cells,HLA-B,CD3D,-1.3104543436726068e-05,-4.519769451286991e-05,1.8988607639417774e-05,56,0.4235318706801272,0.6769865616628911,11,0.9999762486532588,33,0.9999824981706658,5,0.9999699732965424,7,0.999989327357386,Classical Monocytes,CD8 T Cells,HLA-B,CD3D,-1.951744965644764e-08,-3.7483138129723107e-07,3.357964819843358e-07,56,0.9142645062103911,0.9468136911650665,11,0.9999996256121677,33,0.9999996637055987,5,0.9999998388578308,7,0.9999998964687115
Classical Monocytes|CD4 T Cells|VCAN|ITGB1,Classical Monocytes,CD4 T Cells,VCAN,ITGB1,-0.00800407288249172,-0.027664576707048562,0.011656430942065123,56,0.4249114446334189,0.6781737684340623,11,0.9640837528923977,33,0.9608864847733545,5,0.9809716089817598,7,0.9857784137452084,Classical Monocytes,CD4 T Cells,VCAN,ITGB1,-2.138766632997502e-05,-0.0002397113443965471,0.00019693601173659706,56,0.8477389421641336,0.9132767039577688,11,0.9995657597350687,33,0.9995152090949648,5,0.999918342166134,7,0.9998891791923601
NK Cells|CD8 T Cells|MIF|CD44_CD74,NK Cells,CD8 T Cells,MIF,CD44_CD74,0.05646913196570713,-0.0826799511134951,0.19561821504490937,56,0.4263880303798786,0.6791378246500795,11,0.9006386392124061,33,0.9255231304805412,5,0.8884847767551566,7,0.8569001360575846,NK Cells,CD8 T Cells,MIF,CD44_CD74,0.0004957074211905388,-0.00010896372091117224,0.0011003785632922498,56,0.10810438097486348,0.5560563594390482,11,0.9989253407134161,33,0.9990079167538186,5,0.9995634741351467,7,0.9991503427543587
Classical Monocytes|B Cells|S100A8|CD69,Classical Monocytes,B Cells,S100A8,CD69,-1.3854195612950093e-07,-4.797518008559068e-07,2.0266788859690488e-07,56,0.4261441177536488,0.6791378246500795,11,0.9999999677768866,33,0.9999997895365124,5,0.9999999995204067,7,0.9999999598219887,Classical Monocytes,B Cells,S100A8,CD69,-5.998873287005324e-09,-1.8657870025975432e-08,6.660123451964784e-09,56,0.3529968629006005,0.5900226619420714,11,0.9999999994429352,33,0.9999999928546206,5,0.999999999996939,7,0.9999999994074977
B Cells|B Cells|MIF|CD74_CXCR4,B Cells,B Cells,MIF,CD74_CXCR4,0.005423710234138124,-0.008006879849214407,0.018854300317490656,56,0.4286538105747071,0.6806015765066008,11,0.9975425821719438,33,0.9945983663114202,5,0.9966918707441211,7,0.9883239446494594,B Cells,B Cells,MIF,CD74_CXCR4,6.294235180948071e-06,-3.3513395716889767e-06,1.593980993358512e-05,56,0.20090493612827787,0.5900226619420714,11,0.9999977125471847,33,0.9999984109603989,5,0.9999991445586112,7,0.9999935487366444
CD8 T Cells|Non-classical Monocytes|GNAI2|ADCY7,CD8 T Cells,Non-classical Monocytes,GNAI2,ADCY7,-0.01750131771571364,-0.06086877149522808,0.025866136063800806,56,0.4289669143577879,0.6806015765066008,11,0.0,33,0.011198408060948233,5,0.0,7,0.028699725776661873,CD8 T Cells,Non-classical Monocytes,GNAI2,ADCY7,-0.000982756836833909,-0.005221385746562577,0.0032558720728947587,56,0.6495180277170918,0.7917866550263918,11,0.9840206690528003,33,0.9807903901177955,5,0.9924534766129227,7,0.9902059545147518
Non-classical Monocytes|Classical Monocytes|SELPLG|SELL,Non-classical Monocytes,Classical Monocytes,SELPLG,SELL,-0.06675072506495383,-0.23234255640211068,0.09884110627220302,56,0.42948731605319956,0.6806015765066008,11,0.7647234929630198,33,0.8065680040816986,5,0.6892583824410373,7,0.79785361862467,Non-classical Monocytes,Classical Monocytes,SELPLG,SELL,0.0004841682341771847,-0.0005724145409099434,0.0015407510092643128,56,0.369114423688346,0.6029760624462895,11,0.9974546086924664,33,0.9977933796868184,5,0.9987810539979867,7,0.9986356567581615
Non-classical Monocytes|NK Cells|TGFB1|ITGB1,Non-classical Monocytes,NK Cells,TGFB1,ITGB1,0.15117602388344475,-0.22305737629820083,0.5254094240650904,56,0.42850604482517185,0.6806015765066008,11,0.6838004395929246,33,0.7129547735072778,5,0.7256357448727152,7,0.6036140549036236,Non-classical Monocytes,NK Cells,TGFB1,ITGB1,0.0011434164274281011,-0.00044457241370263255,0.002731405268558835,56,0.15816984173343251,0.5564686777725222,11,0.9965348213217969,33,0.9962986151569969,5,0.9989640576589448,7,0.9975844350667167
B Cells|NK Cells|GRN|TNFRSF1B,B Cells,NK Cells,GRN,TNFRSF1B,-0.048206306408575955,-0.1682532503849372,0.07184063756778528,54,0.43125417155923573,0.681703278478698,10,0.0,32,0.052083582932264325,5,0.0,7,0.10028988934084028,B Cells,NK Cells,GRN,TNFRSF1B,0.0632654182004222,-0.1296767103080251,0.25620754670886947,56,0.5204388452099051,0.7068053783723681,11,0.8929060432155292,33,0.9533660337051765,5,0.9934803197978249,7,0.99067489208705
Classical Monocytes|Classical Monocytes|MIF|CD74_CXCR4,Classical Monocytes,Classical Monocytes,MIF,CD74_CXCR4,0.12710177421364477,-0.18958696224203175,0.4437905106693213,56,0.4315021180263451,0.681703278478698,11,0.7854067523840663,33,0.7872830398569046,5,0.6819226189792644,7,0.556697132238458,Classical Monocytes,Classical Monocytes,MIF,CD74_CXCR4,1.4393903860820956e-05,-9.987741572106045e-05,0.00012866522344270236,56,0.804999538715548,0.8873606026317522,11,0.9999310241181302,33,0.999859755409194,5,0.9999567794816591,7,0.9998711168688621
NK Cells|CD8 T Cells|LGALS1|PTPRC,NK Cells,CD8 T Cells,LGALS1,PTPRC,0.007390134014288785,-0.011053963186438337,0.025834231215015907,56,0.432269846657398,0.6824544232217878,11,0.9709644113180442,33,0.9785909079949103,5,0.9819618636400753,7,0.9821982263026526,NK Cells,CD8 T Cells,LGALS1,PTPRC,0.00015835836435063033,1.8064133312830483e-06,0.0003149103153699776,56,0.04741441767441701,0.4459010676893301,11,0.9996597074504604,33,0.9997719803108368,5,0.9999212532407016,7,0.9998751677367274
Non-classical Monocytes|CD4 T Cells|APP|CD74,Non-classical Monocytes,CD4 T Cells,APP,CD74,0.12266497484058425,-0.18568125179007539,0.4310112014712439,49,0.4355648440181945,0.686728940753397,6,0.3558027134182091,31,0.5237159025566576,5,0.3896611850941463,7,0.4349093993920105,Non-classical Monocytes,CD4 T Cells,APP,CD74,0.3941937908678662,0.062234741160992535,0.7261528405747399,56,0.019943322503654267,0.296672869968218,11,0.5414336523613904,33,0.9337827551376227,5,0.9976099568795307,7,0.9957652687878967
Classical Monocytes|NK Cells|HLA-B|CD3D,Classical Monocytes,NK Cells,HLA-B,CD3D,0.007250445185249976,-0.010986902800360562,0.025487793170860515,48,0.4358596531890939,0.686728940753397,8,0.9755123569455384,28,0.985239997939219,5,0.9974085502267487,7,0.9998857460351793,Classical Monocytes,NK Cells,HLA-B,CD3D,0.12123928889980906,-0.19447405234318127,0.4369526301427994,56,0.45165456407955396,0.6642847591249715,11,0.7270664385764899,33,0.8483154784433449,5,0.9999893336942629,7,0.9999990846613088
Non-classical Monocytes|CD8 T Cells|APP|PTGER2,Non-classical Monocytes,CD8 T Cells,APP,PTGER2,-0.011751557838700409,-0.04139799896160103,0.01789488328420022,46,0.4372116012203492,0.6883945305795788,5,0.0,30,0.0019387087040441066,5,0.0,6,0.013690266542744516,Non-classical Monocytes,CD8 T Cells,APP,PTGER2,0.5862818220132333,0.14113182565682092,1.0314318183696458,56,0.009841262741283684,0.21313839882732696,11,0.44211455963958063,33,0.8844365612066666,5,0.9910021650038183,7,0.847042344557671
CD8 T Cells|CD8 T Cells|LGALS1|PTPRC,CD8 T Cells,CD8 T Cells,LGALS1,PTPRC,0.043987840701766756,-0.06741183220607037,0.1553875136096039,56,0.4389773122762799,0.6902437873165748,11,0.8641261580376831,33,0.9208944834266215,5,0.8776771909731476,7,0.8904576756603192,CD8 T Cells,CD8 T Cells,LGALS1,PTPRC,0.0007851408022013784,-2.9915452198950418e-05,0.001600197056601707,56,0.05902241143170406,0.4776247420339505,11,0.9984997196388932,33,0.999086553122339,5,0.999502366323753,7,0.9993040590049974
Non-classical Monocytes|CD4 T Cells|TGFB1|CXCR4,Non-classical Monocytes,CD4 T Cells,TGFB1,CXCR4,0.026465474062776773,-0.04167732665602347,0.09460827478157702,56,0.4465281875301891,0.6956475596235454,11,0.9872915433352485,33,0.9731725854507403,5,0.9815933924810014,7,0.9410089605337164,Non-classical Monocytes,CD4 T Cells,TGFB1,CXCR4,-4.552012228720148e-05,-0.0004525338064551591,0.0003614935618807561,56,0.8264934886497943,0.9035879603844436,11,0.9998458059938143,33,0.9995738169425551,5,0.9999261055982684,7,0.9996996366692964
B Cells|Non-classical Monocytes|HLA-A|LILRB2,B Cells,Non-classical Monocytes,HLA-A,LILRB2,-0.001215457487966698,-0.004333154393920721,0.0019022394179873249,56,0.44480369685903587,0.6956475596235454,11,0.99790777006004,33,0.9977011872661314,5,0.9965801885873995,7,0.9975890632814577,B Cells,Non-classical Monocytes,HLA-A,LILRB2,-1.8071354398463413e-06,-2.256114648061668e-05,1.8946875600924e-05,56,0.8644895688224918,0.918089071676679,11,0.9999719176358187,33,0.9999716077421575,5,0.999983114809235,7,0.9999846120510136
Classical Monocytes|Classical Monocytes|RNASE2|TLR2,Classical Monocytes,Classical Monocytes,RNASE2,TLR2,0.11216168903567847,-0.17666611862372356,0.4009894966950805,56,0.44658487874762076,0.6956475596235454,11,0.008441195396432864,33,0.31043797962779046,5,0.01597768627391142,7,0.20581278146959056,Classical Monocytes,Classical Monocytes,RNASE2,TLR2,0.00482110278372172,0.00046596273262505903,0.009176242834818382,56,0.030032357228134195,0.37426992054945507,11,0.9854633294397211,33,0.990375588874592,5,0.993848505874451,7,0.9939396625256001
NK Cells|NK Cells|ICAM2|ITGAM_ITGB2,NK Cells,NK Cells,ICAM2,ITGAM_ITGB2,-0.030978063000123263,-0.11030657507001355,0.04835044906976703,54,0.4440495670510629,0.6956475596235454,11,0.09099616640775145,32,0.060018103407628184,5,0.0,6,0.0,NK Cells,NK Cells,ICAM2,ITGAM_ITGB2,0.11445698983476849,-0.18922653690587748,0.41814051657541446,56,0.46008807249185724,0.6642847591249715,11,0.9884435658456926,33,0.9547508498814692,5,0.9920111126134248,7,0.8438614068144329
CD8 T Cells|NK Cells|ICAM3|ITGAL,CD8 T Cells,NK Cells,ICAM3,ITGAL,-0.06726985602919666,-0.2402778065959736,0.10573809453758026,56,0.4460102025023164,0.6956475596235454,11,0.7113586386943189,33,0.6653045177671846,5,0.6375793271608394,7,0.6587950622629017,CD8 T Cells,NK Cells,ICAM3,ITGAL,-0.0001537934540551955,-0.0011164051349623208,0.0008088182268519299,56,0.7541763452109541,0.8532730068271269,11,0.9968250432391652,33,0.9957021735586478,5,0.9985865768625006,7,0.9976175006360384
Non-classical Monocytes|Classical Monocytes|IL16|CD4,Non-classical Monocytes,Classical Monocytes,IL16,CD4,-0.043432771136861746,-0.15501852515051281,0.06815298287678934,53,0.44553428518059823,0.6956475596235454,11,0.10307529549040137,30,0.0035254096015819233,5,0.06147950195224796,7,0.005362387200290272,Non-classical Monocytes,Classical Monocytes,IL16,CD4,-0.09118112715545967,-0.19049023939872703,0.008127985087807682,56,0.07193170248747285,0.4776247420339505,11,0.988129304965355,33,0.8897257408095008,5,0.9959910375343657,7,0.9887686005339712
Classical Monocytes|NK Cells|TGFB1|ITGB1,Classical Monocytes,NK Cells,TGFB1,ITGB1,0.13864059282388486,-0.21779119609164255,0.49507238173941226,55,0.4458431135105494,0.6956475596235454,11,0.5745082136444607,33,0.7008893209511292,5,0.6710684982297739,6,0.6588090127125575,Classical Monocytes,NK Cells,TGFB1,ITGB1,0.14448602513146758,-0.15724974401586794,0.4462217942788031,56,0.34797324076882763,0.5900226619420714,11,0.995318751909625,33,0.9962122715313779,5,0.9987595128519459,7,0.8551670073422312
NK Cells|CD4 T Cells|SPON2|ITGB2,NK Cells,CD4 T Cells,SPON2,ITGB2,0.0925271290969305,-0.14421425683730682,0.32926851503116783,56,0.4436613755339799,0.6956475596235454,11,0.9773711787235269,33,0.9633452768446034,5,0.8812908486257246,7,0.7747378176498706,NK Cells,CD4 T Cells,SPON2,ITGB2,0.000914598753677609,-0.0005656174987759173,0.0023948150061311353,56,0.22588537542635367,0.5900226619420714,11,0.9997266220356807,33,0.9995344736619837,5,0.9995226718136772,7,0.9984159246863025
Non-classical Monocytes|CD4 T Cells|HLA-DMB|CD4,Non-classical Monocytes,CD4 T Cells,HLA-DMB,CD4,-0.09361685271600889,-0.3360697317732516,0.14883602634123386,55,0.44917631422943693,0.6992177958171568,11,0.2661772517991461,32,0.18013926009773187,5,0.38417820746897263,7,0.39175706848356734,Non-classical Monocytes,CD4 T Cells,HLA-DMB,CD4,-0.030499968238320685,-0.09022260162302609,0.029222665146384712,56,0.3168552774092419,0.5900226619420714,11,0.9910264750870342,33,0.9576597708299953,5,0.9975167886056557,7,0.9946500525869376
CD4 T Cells|NK Cells|GNAI2|S1PR5,CD4 T Cells,NK Cells,GNAI2,S1PR5,-0.06234641646399433,-0.22402116779039843,0.09932833486240977,56,0.44975816127244006,0.6996415795079841,11,0.33981558515559557,33,0.34504419911358725,5,0.01164028067321254,7,0.07921531109519855,CD4 T Cells,NK Cells,GNAI2,S1PR5,0.003752500338444431,-0.00018270432390407945,0.007687705000792942,56,0.06162748124701108,0.4776247420339505,11,0.9926985082651832,33,0.9918849020482117,5,0.9952806360039179,7,0.9907145294485019
B Cells|CD8 T Cells|MIF|CD44_CD74,B Cells,CD8 T Cells,MIF,CD44_CD74,0.05888241911014058,-0.09390723489152103,0.2116720731118022,56,0.45004781688265183,0.6996415795079841,11,0.8691210992286869,33,0.8885687126850865,5,0.8757763617563332,7,0.8363415561025923,B Cells,CD8 T Cells,MIF,CD44_CD74,0.0004386964554583539,-0.00022279906824962707,0.0011001919791663347,56,0.19366052292201474,0.5900226619420714,11,0.9985863092517469,33,0.9985599586243931,5,0.999511241067643,7,0.9990461939848309
CD8 T Cells|B Cells|LGALS1|CD69,CD8 T Cells,B Cells,LGALS1,CD69,0.013269143602138711,-0.021238521243837502,0.047776808448114924,56,0.45105346067124286,0.7004405797768662,11,0.964486113518176,33,0.9840095314724641,5,0.9645580225718859,7,0.9708122969240353,CD8 T Cells,B Cells,LGALS1,CD69,0.0002363373624911791,8.121724920973468e-06,0.00046455300006138474,56,0.04238551021660473,0.4172588979566835,11,0.9995952350395526,33,0.9997857302794044,5,0.9998582758536279,7,0.9998124337309885
CD8 T Cells|Classical Monocytes|LGALS1|PTPRC,CD8 T Cells,Classical Monocytes,LGALS1,PTPRC,0.03961957120698911,-0.06344072171365256,0.14267986412763078,56,0.4511669858865378,0.7004405797768662,11,0.8559236463295576,33,0.9217991213181852,5,0.851432507763423,7,0.8776884115450615,CD8 T Cells,Classical Monocytes,LGALS1,PTPRC,0.0009215322386443292,0.00014443148513559,0.0016986329921530683,56,0.02011254199458977,0.29748140310290355,11,0.9984289680083722,33,0.9991227204574147,5,0.9994034761112491,7,0.9991756963216473
Classical Monocytes|NK Cells|SELPLG|SELL,Classical Monocytes,NK Cells,SELPLG,SELL,0.1396625127663242,-0.22755399767613516,0.5068790232087835,56,0.45601297936678065,0.706094367918722,11,0.3664113698043574,33,0.5713687566205744,5,0.2625563472253357,7,0.32785122127522853,Classical Monocytes,NK Cells,SELPLG,SELL,0.003933274512279317,0.0006001257120119524,0.0072664233125466805,56,0.020730835137648174,0.29790136840649406,11,0.9930692520319719,33,0.9945168659415191,5,0.9965952891291302,7,0.9941096285263981
NK Cells|NK Cells|CALM1|PTPRA,NK Cells,NK Cells,CALM1,PTPRA,-0.014431223572631713,-0.05240474194977808,0.023542294804514655,56,0.45636075989447356,0.7061645953304146,11,0.9659210536489756,33,0.9484669049048281,5,0.9451521382908199,7,0.9421292131193041,NK Cells,NK Cells,CALM1,PTPRA,-7.845052472132963e-05,-0.00027608658862502696,0.0001191855391823677,56,0.4365709661038789,0.6642847591249715,11,0.9996044256382739,33,0.9993602301606005,5,0.9997702805720134,7,0.9996045356190614
B Cells|CD8 T Cells|PKM|CD44,B Cells,CD8 T Cells,PKM,CD44,-0.03674055867566306,-0.13357655712366612,0.060095439772339984,56,0.45710023458071825,0.7068404289708458,11,0.7616244335582085,33,0.7440609947561535,5,0.8324983449423966,7,0.8516754648160046,B Cells,CD8 T Cells,PKM,CD44,-0.00023758880362534374,-0.0009357667922099272,0.00046058918495923973,56,0.504789717850257,0.694615874939757,11,0.9973850931687308,33,0.9967849374135204,5,0.9993331178921615,7,0.9989705509405764
CD4 T Cells|Non-classical Monocytes|MIF|CD44_CD74,CD4 T Cells,Non-classical Monocytes,MIF,CD44_CD74,-0.018907766707639828,-0.06916267734141571,0.031347143926136044,56,0.46087223193271254,0.7095840281016181,11,0.9704713884080295,33,0.9573997491595471,5,0.9405912159307247,7,0.9464273433898821,CD4 T Cells,Non-classical Monocytes,MIF,CD44_CD74,-8.091269604360019e-05,-0.0003131410088447435,0.00015131561675754308,56,0.49467750274597777,0.683350176225741,11,0.999659650960054,33,0.9994322758842245,5,0.9997692090678237,7,0.9996227466880377
Classical Monocytes|CD8 T Cells|CALM1|PTPRA,Classical Monocytes,CD8 T Cells,CALM1,PTPRA,-0.114145083899158,-0.41761868143603376,0.18932851363771774,56,0.46100170048400635,0.7095840281016181,11,0.5098729930651789,33,0.5671264288957549,5,0.3709655906030349,7,0.542364110332769,Classical Monocytes,CD8 T Cells,CALM1,PTPRA,0.0007869642085519546,-0.0006692581811379142,0.0022431865982418236,56,0.28951159709158447,0.5900226619420714,11,0.9946471902078698,33,0.9947694525143796,5,0.9975412847570855,7,0.9968765828550433
Non-classical Monocytes|Non-classical Monocytes|LGALS1|PTPRC,Non-classical Monocytes,Non-classical Monocytes,LGALS1,PTPRC,-0.00026678763285670204,-0.0009768112675127524,0.0004432360017993483,56,0.46145924511925374,0.709820380338246,11,0.9997321863690843,33,0.999749099797695,5,0.99949223528535,7,0.9997759363468174,Non-classical Monocytes,Non-classical Monocytes,LGALS1,PTPRC,-1.182044119252268e-06,-6.238565210769234e-06,3.8744769722646985e-06,56,0.6468278060710515,0.7888113863309693,11,0.9999961725778789,33,0.9999963956989896,5,0.999996859422984,7,0.999998264588214
Classical Monocytes|Classical Monocytes|VCAN|TLR2,Classical Monocytes,Classical Monocytes,VCAN,TLR2,-0.016216117390610907,-0.05946858291619844,0.02703634813497663,56,0.46244589538436764,0.7099350201988812,11,0.9398936794134835,33,0.9490923216520588,5,0.9432017920598957,7,0.968616551689082,Classical Monocytes,Classical Monocytes,VCAN,TLR2,9.950205192643669e-05,-0.0002209133720825404,0.00041991747593541376,56,0.5427573028818384,0.720794723579132,11,0.9993196997468782,33,0.9994168137534476,5,0.9997597258967026,7,0.9997573378513456
B Cells|Classical Monocytes|GRN|TNFRSF1A,B Cells,Classical Monocytes,GRN,TNFRSF1A,-0.05561074923240669,-0.2038598499238674,0.09263835145905402,54,0.4622081417152144,0.7099350201988812,10,0.0,32,0.05016753396588815,5,0.0,7,0.10577828319829484,B Cells,Classical Monocytes,GRN,TNFRSF1A,0.059139750894589005,-0.1333437229815287,0.2516232247707067,56,0.5470471227247664,0.720794723579132,11,0.8908661182338137,33,0.9495103550392556,5,0.9919758074591183,7,0.9914802933699712
CD8 T Cells|Classical Monocytes|ANXA1|FPR1,CD8 T Cells,Classical Monocytes,ANXA1,FPR1,0.06759872336447004,-0.11305055216150542,0.2482479988904455,56,0.4633047632788546,0.7107862169882558,11,0.6617155234759245,33,0.7804799994663546,5,0.8129987496248609,7,0.8641645022508209,CD8 T Cells,Classical Monocytes,ANXA1,FPR1,0.0013472143634951639,-0.00039899401276072277,0.0030934227397510505,56,0.13050114973032795,0.5560563594390482,11,0.9961920901047805,33,0.9973713349517485,5,0.9992626415977707,7,0.9990946720812435
Classical Monocytes|Classical Monocytes|S100A9|CD68,Classical Monocytes,Classical Monocytes,S100A9,CD68,-1.1599854673693955e-05,-4.269464120630699e-05,1.9494931858919083e-05,56,0.4646807759336167,0.7110285791644789,11,0.9999898352195763,33,0.9999916915712136,5,0.9999747448146199,7,0.9999882010209309,Classical Monocytes,Classical Monocytes,S100A9,CD68,2.5184843099879117e-08,-2.2268999505014644e-07,2.730596812499047e-07,56,0.8421545256438,0.9105644380332101,11,0.9999998373076276,33,0.9999998651742026,5,0.9999998741565831,7,0.9999998768383149
B Cells|CD8 T Cells|HLA-C|CD8A,B Cells,CD8 T Cells,HLA-C,CD8A,-0.0012621120957272414,-0.004644803474610047,0.002120579283155564,56,0.4646081981361171,0.7110285791644789,11,0.9987093938158291,33,0.9982692606924582,5,0.9964809939395881,7,0.9973029729119445,B Cells,CD8 T Cells,HLA-C,CD8A,1.0251350166523565e-06,-2.106599398244666e-05,2.3116264015751373e-05,56,0.9275308987082873,0.957504429123808,11,0.9999828868150391,33,0.9999804002661793,5,0.9999839286253611,7,0.9999804169414847
Classical Monocytes|Classical Monocytes|S100A9|ITGB2,Classical Monocytes,Classical Monocytes,S100A9,ITGB2,-4.5302197368979336e-06,-1.6668385032332346e-05,7.607945558536478e-06,56,0.4644738240042895,0.7110285791644789,11,0.9999953207640861,33,0.999996798170308,5,0.9999927129441983,7,0.999998720570157,Classical Monocytes,Classical Monocytes,S100A9,ITGB2,-4.901942185497887e-10,-1.0625845305550669e-07,1.0527806461840711e-07,56,0.9927523867580308,0.9970438391552926,11,0.9999999276437223,33,0.9999999556987258,5,0.9999999551149996,7,0.9999999836601974
Non-classical Monocytes|Classical Monocytes|TIMP1|CD63,Non-classical Monocytes,Classical Monocytes,TIMP1,CD63,-0.006039508340214383,-0.02224562996384207,0.010166613283413305,56,0.465135628276099,0.7112584754582129,11,0.9697966684777366,33,0.9743596037873716,5,0.9720865575779598,7,0.9826890012278092,Non-classical Monocytes,Classical Monocytes,TIMP1,CD63,5.2283795086482954e-05,-8.652337568644346e-05,0.00019109096585940937,56,0.4603627125549947,0.6642847591249715,11,0.9996420937172709,33,0.9996866215178423,5,0.999880260134864,7,0.9998725041403489
Classical Monocytes|CD8 T Cells|ICAM1|IL2RG,Classical Monocytes,CD8 T Cells,ICAM1,IL2RG,-0.07857029079443689,-0.2906909943890721,0.13355041280019828,46,0.46785232667846854,0.7144769017620825,10,0.5972455363813352,24,0.6535355240304264,5,0.5914468027933146,7,0.7263070812368427,Classical Monocytes,CD8 T Cells,ICAM1,IL2RG,-0.1809302217155203,-0.4237202330059243,0.06185978957488372,56,0.14412792926169002,0.5560563594390482,11,0.9051758941624197,33,0.7238248958796754,5,0.9984425953234805,7,0.9980218187562563
Classical Monocytes|CD8 T Cells|LGALS9|PTPRC,Classical Monocytes,CD8 T Cells,LGALS9,PTPRC,-0.013979900358484176,-0.05181919810531393,0.023859397388345575,56,0.46899354455679665,0.7152840800392686,11,0.902701207036695,33,0.9292924497696544,5,0.9114631827889182,7,0.9520343258803619,Classical Monocytes,CD8 T Cells,LGALS9,PTPRC,0.0002184645342275804,-0.00010246123982148687,0.0005393903082766476,56,0.18213479610585848,0.5900226619420714,11,0.9989120132335422,33,0.999162450125646,5,0.9996231650503598,7,0.999655137408236
Non-classical Monocytes|Non-classical Monocytes|HMGB1|HAVCR2,Non-classical Monocytes,Non-classical Monocytes,HMGB1,HAVCR2,-0.07462002898220632,-0.2765694758649458,0.12732941790053315,53,0.4689405880294336,0.7152840800392686,11,0.6050106213774822,30,0.5591769747818673,5,0.7574747222238251,7,0.7862611046104165,Non-classical Monocytes,Non-classical Monocytes,HMGB1,HAVCR2,-0.09072130681467871,-0.1913403923625876,0.009897778733230167,56,0.07720065314656975,0.4776247420339505,11,0.9955962016094411,33,0.9041385581580994,5,0.9989778077445758,7,0.9982414711079127
Non-classical Monocytes|NK Cells|TGFB1|CXCR4,Non-classical Monocytes,NK Cells,TGFB1,CXCR4,0.03995727590950282,-0.06914934463447835,0.149063896453484,56,0.47289141183713435,0.7202879625829802,11,0.9398906554300552,33,0.9285190649080974,5,0.9679456098630539,7,0.9166167434315933,Non-classical Monocytes,NK Cells,TGFB1,CXCR4,-0.00010957185406279546,-0.0008452454174759553,0.0006261017093503644,56,0.7703487672775602,0.858763145651957,11,0.9993364399802019,33,0.998947441866143,5,0.999870974165321,7,0.9995915479053249
Classical Monocytes|Classical Monocytes|LGALS9|LRP1,Classical Monocytes,Classical Monocytes,LGALS9,LRP1,-0.0903707689365053,-0.33750737513200635,0.1567658372589958,56,0.47355761089519166,0.7208324781227331,11,0.15698691438901585,33,0.40911837366551235,5,0.0447154533405459,7,0.3872176815535477,Classical Monocytes,Classical Monocytes,LGALS9,LRP1,0.0021966241206081705,-3.5679611956510905e-05,0.004428927853172852,56,0.05377590949616825,0.47259186488448274,11,0.9906938785131846,33,0.9926926735995762,5,0.9957583707667006,7,0.9955605417324841
Non-classical Monocytes|Classical Monocytes|TGFB1|CXCR4,Non-classical Monocytes,Classical Monocytes,TGFB1,CXCR4,0.1408779144740715,-0.24629206198840603,0.528047890936549,56,0.47574436085790206,0.7219333537823435,11,0.8776365499591616,33,0.8155851388446173,5,0.7644352403178187,7,0.5615059147292029,Non-classical Monocytes,Classical Monocytes,TGFB1,CXCR4,0.0009035903230792952,-0.0013503520733960566,0.003157532719554647,56,0.43202195806797383,0.6602245535180246,11,0.9986507564081388,33,0.9973718880782679,5,0.999094952622157,7,0.9969124939692068
CD8 T Cells|NK Cells|BAG6|NCR3,CD8 T Cells,NK Cells,BAG6,NCR3,-0.04919794674099748,-0.1844322342710288,0.08603634078903385,46,0.47582673724669233,0.7219333537823435,9,0.24661009533393574,26,0.19741214859293826,5,0.0,6,0.0,CD8 T Cells,NK Cells,BAG6,NCR3,0.11472743005520447,-0.29890318034791524,0.5283580404583241,56,0.586696739826142,0.7535001329015896,11,0.8112289002438136,33,0.7779311181490485,5,0.9939936304630322,7,0.8459684183130627
B Cells|Non-classical Monocytes|GNAI2|FPR1,B Cells,Non-classical Monocytes,GNAI2,FPR1,-0.09313824574224319,-0.34874331459385977,0.1624668231093734,53,0.47511690029886056,0.7219333537823435,10,0.06052144078264524,31,0.2674099204593394,5,0.0024862423312288,7,0.3025129677501662,B Cells,Non-classical Monocytes,GNAI2,FPR1,0.033461747060463454,-0.1686748772099862,0.2355983713309131,56,0.7455951561528806,0.8527700215723305,11,0.8961902517383549,33,0.9297402348761901,5,0.9942676017507222,7,0.9943558378280939
CD8 T Cells|B Cells|HMGB1|CXCR4,CD8 T Cells,B Cells,HMGB1,CXCR4,-0.0006006359668835337,-0.0022504618479681146,0.0010491899142010472,56,0.47550863209328353,0.7219333537823435,11,0.9994144761730378,33,0.9982128865375528,5,0.9995452158836373,7,0.9989442622150358,CD8 T Cells,B Cells,HMGB1,CXCR4,-1.480412541943199e-05,-3.705255787657256e-05,7.444307037708577e-06,56,0.19217846850059628,0.5900226619420714,11,0.999991711796682,33,0.9999717403586273,5,0.9999971579697812,7,0.9999919906571461
NK Cells|CD4 T Cells|TIMP1|CD63,NK Cells,CD4 T Cells,TIMP1,CD63,-0.014519847353331889,-0.05455436385075693,0.025514669144093158,53,0.477179641436264,0.7227963979078971,11,0.0,31,0.0038472502990568257,5,0.0,6,0.018367097652388715,NK Cells,CD4 T Cells,TIMP1,CD63,0.08190887173252004,-0.22792160470346617,0.39173934816850625,56,0.6043541186509966,0.7593717729051237,11,0.9814027338977794,33,0.9161136772650521,5,0.9938973690515477,7,0.8466994406863003
Classical Monocytes|B Cells|LGALS1|PTPRC,Classical Monocytes,B Cells,LGALS1,PTPRC,-0.000736663649454572,-0.0027680924770063444,0.0012947651780972004,56,0.47724033433683943,0.7227963979078971,11,0.9987377264070396,33,0.9986713290731154,5,0.9983025966713741,7,0.9989728629869045,Classical Monocytes,B Cells,LGALS1,PTPRC,-1.892632087607815e-06,-1.681603842618145e-05,1.3030774250965818e-05,56,0.8036944735497299,0.8865338383130567,11,0.9999829310844405,33,0.9999828975171428,5,0.9999903698357034,7,0.9999922289004933
Classical Monocytes|B Cells|HBEGF|CD44,Classical Monocytes,B Cells,HBEGF,CD44,-0.11128768068547079,-0.41873665262369747,0.1961612912527559,50,0.47804492015449707,0.7230096242009241,10,0.3930997920560149,28,0.3156753753113494,5,0.36724138439631526,7,0.40110464833712056,Classical Monocytes,B Cells,HBEGF,CD44,-0.06043364334486068,-0.2842526780026546,0.16338539131293323,56,0.5966582523422972,0.7593717729051237,11,0.9031542918133681,33,0.8405420661024463,5,0.9974900398879012,7,0.99531145752184
Non-classical Monocytes|NK Cells|COPA|CD74,Non-classical Monocytes,NK Cells,COPA,CD74,-0.04101203656455166,-0.1543709610433296,0.07234688791422629,56,0.4782662478679619,0.7230096242009241,11,0.8268163354158606,33,0.8660614751035062,5,0.793550194709466,7,0.8738073709616632,Non-classical Monocytes,NK Cells,COPA,CD74,0.00035518456746674865,-0.0002471688253605658,0.0009575379602940631,56,0.2477976767624569,0.5900226619420714,11,0.9981614495091663,33,0.9984666794478704,5,0.9991966956973496,7,0.9991467410685869
CD8 T Cells|Non-classical Monocytes|GNAI2|FPR1,CD8 T Cells,Non-classical Monocytes,GNAI2,FPR1,-0.09794718241485645,-0.3690010071291798,0.17310664229946693,55,0.47879213177750823,0.7231433555630542,10,0.11575308616367744,33,0.29633345719454074,5,0.01224636342229654,7,0.2907739168680163,CD8 T Cells,Non-classical Monocytes,GNAI2,FPR1,0.0930967694603888,-0.09149762909593379,0.2776911680167114,56,0.32292175061108086,0.5900226619420714,11,0.897789756056888,33,0.9908802392855081,5,0.9945539870274,7,0.9945477007956313
Classical Monocytes|Classical Monocytes|S100A8|CD36,Classical Monocytes,Classical Monocytes,S100A8,CD36,0.00015325082001771406,-0.0002724943902142206,0.0005789960302496487,56,0.4804949792012695,0.7251612518856694,11,0.9999362182300405,33,0.9999490495940426,5,0.9998912501571608,7,0.9997508307011452,Classical Monocytes,Classical Monocytes,S100A8,CD36,3.0710700240632605e-06,-3.473100374730707e-06,9.615240422857228e-06,56,0.35768856813510796,0.5915796691212024,11,0.9999991467512015,33,0.9999992246730627,5,0.9999994206597647,7,0.9999964275116018
B Cells|B Cells|LGALS1|CD69,B Cells,B Cells,LGALS1,CD69,0.016068999452850563,-0.028598073464800235,0.06073607237050136,53,0.48074930103598124,0.7251612518856694,9,0.9175023376680986,33,0.9470348861312754,5,0.973996906262166,6,0.9874604552724922,B Cells,B Cells,LGALS1,CD69,0.32478052062686735,-0.06788685528100807,0.7174478965347428,56,0.10499344164336898,0.5560563594390482,11,0.8174075014216939,33,0.9993568684414296,5,0.9998937030127719,7,0.8570625494056402
Classical Monocytes|Classical Monocytes|HLA-A|LILRB2,Classical Monocytes,Classical Monocytes,HLA-A,LILRB2,-0.004364596489450756,-0.016543600216279958,0.007814407237378444,56,0.482433855526051,0.7272324419969846,11,0.9849488261484559,33,0.987952662894419,5,0.9812305152746227,7,0.9885989485100365,Classical Monocytes,Classical Monocytes,HLA-A,LILRB2,4.436119385564652e-05,-6.521483508821714e-05,0.00015393722279951016,56,0.42749845734364156,0.6583002275171188,11,0.9998184815534272,33,0.9998540881536143,5,0.9999217255997609,7,0.9999129710060923
Classical Monocytes|Classical Monocytes|GRN|TNFRSF1B,Classical Monocytes,Classical Monocytes,GRN,TNFRSF1B,-0.005013602966797759,-0.019039419181642717,0.009012213248047197,56,0.48355292732655164,0.7279794231511916,11,0.9647034020666596,33,0.9682310528434197,5,0.9646743394284529,7,0.9732155931720108,Classical Monocytes,Classical Monocytes,GRN,TNFRSF1B,7.431684890013557e-05,-4.873840058121438e-05,0.00019737209838148551,56,0.23653876263187357,0.5900226619420714,11,0.9995931297490909,33,0.9995955883259057,5,0.9998528509372269,7,0.9997809926651415
CD4 T Cells|Non-classical Monocytes|LGALS1|ITGB1,CD4 T Cells,Non-classical Monocytes,LGALS1,ITGB1,0.09597344807448727,-0.17272649572167126,0.3646733918706458,56,0.4838935090450571,0.7280227729511651,11,0.22654633889275572,33,0.36692783505836973,5,0.5070018305250896,7,0.5514098786162164,CD4 T Cells,Non-classical Monocytes,LGALS1,ITGB1,0.00209808768689268,-0.0005849431595096426,0.004781118533295003,56,0.12535944332682594,0.5560563594390482,11,0.9913542967009025,33,0.9921399902829956,5,0.9980733678291156,7,0.996760973724316
Classical Monocytes|Non-classical Monocytes|ADAM15|ITGB1,Classical Monocytes,Non-classical Monocytes,ADAM15,ITGB1,-0.030477030386880058,-0.11607874209509134,0.05512468132133122,53,0.4852949177166048,0.7291915269422601,10,0.06191506595505656,31,0.005781944104082446,5,0.037000505832434985,7,0.011344414368340928,Classical Monocytes,Non-classical Monocytes,ADAM15,ITGB1,0.02824248375224314,-0.17409594367003983,0.23058091117452612,56,0.7844130879646254,0.8689958609499963,11,0.8987022349206569,33,0.9217012007669189,5,0.9955501980878243,7,0.9903066801818431
Classical Monocytes|CD4 T Cells|LGALS9|CD44,Classical Monocytes,CD4 T Cells,LGALS9,CD44,-0.025005985345559756,-0.09546767854302006,0.04545570785190055,56,0.4867000196814697,0.7303628187379381,11,0.8604742492107772,33,0.8920098602268093,5,0.8418714566080506,7,0.8984130529696425,Classical Monocytes,CD4 T Cells,LGALS9,CD44,0.0002920591855587462,-7.540033969227251e-05,0.000659518710809765,56,0.11928257834800454,0.5560563594390482,11,0.9984445499275069,33,0.998679200901765,5,0.9993780427443071,7,0.9993206345330065
Classical Monocytes|NK Cells|HLA-B|KLRD1,Classical Monocytes,NK Cells,HLA-B,KLRD1,0.0006887254380522068,-0.0012506881121042395,0.0026281389882086533,56,0.48641422698571135,0.7303628187379381,11,0.999909651108366,33,0.9998826671349037,5,0.9996218818437794,7,0.9989061724322649,Classical Monocytes,NK Cells,HLA-B,KLRD1,5.63981988033202e-06,-8.425387052358976e-06,1.9705026813023016e-05,56,0.4319261696933977,0.6602245535180246,11,0.9999986423733408,33,0.9999981924272946,5,0.9999982253147615,7,0.9999921355488349
NK Cells|Classical Monocytes|PTPN6|CD300LF,NK Cells,Classical Monocytes,PTPN6,CD300LF,-0.04991102643534906,-0.191172870117185,0.09135081724648689,51,0.4886234414791121,0.7327782503877499,11,0.0,28,0.04825170385524359,5,0.0,7,0.09816273029059265,NK Cells,Classical Monocytes,PTPN6,CD300LF,-0.15106683372765417,-0.2750618800819296,-0.027071787373378745,56,0.016945776453009542,0.2902624868168367,11,0.9860650581741622,33,0.8333478582513105,5,0.9924580430678871,7,0.9908076768726897
Non-classical Monocytes|CD8 T Cells|LGALS1|ITGB1,Non-classical Monocytes,CD8 T Cells,LGALS1,ITGB1,-0.016694456923862733,-0.06404778480966722,0.030658870961941753,53,0.4895737061996053,0.7332603367774495,9,0.9697285082780345,32,0.9784773136322127,5,0.9318591359830458,7,0.9573023982610868,Non-classical Monocytes,CD8 T Cells,LGALS1,ITGB1,0.1515905872534995,-0.10618688597184434,0.40936806047884333,56,0.24907814646379955,0.5900226619420714,11,0.8178754176318748,33,0.969460037166753,5,0.9997292245410534,7,0.9997232568224321
Classical Monocytes|Non-classical Monocytes|RNASE2|TLR2,Classical Monocytes,Non-classical Monocytes,RNASE2,TLR2,0.09365744347947053,-0.17219085940726248,0.3595057463662035,56,0.489886991594356,0.7332603367774495,11,0.0,33,0.2463757407762396,5,0.0,7,0.15271829729676908,Classical Monocytes,Non-classical Monocytes,RNASE2,TLR2,0.005091892907041151,-3.0651344778102364e-05,0.010214437158860404,56,0.051386694006112,0.45981735014712827,11,0.9822136596056837,33,0.9876976794291898,5,0.9911648317898054,7,0.9915569587062704
Classical Monocytes|Non-classical Monocytes|TGFB1|CXCR4,Classical Monocytes,Non-classical Monocytes,TGFB1,CXCR4,0.06758780990270419,-0.12454741820223042,0.2597230380076388,55,0.490533447703022,0.7337575915352699,11,0.8303091717215074,33,0.825914032553506,5,0.8765068949672091,6,0.8045239458965036,Classical Monocytes,Non-classical Monocytes,TGFB1,CXCR4,0.14304462781162464,-0.15897408734019952,0.4450633429634488,56,0.35325481508438084,0.5900226619420714,11,0.9981083747291088,33,0.9976165306748429,5,0.9995084741022027,7,0.8559720022363121
Classical Monocytes|NK Cells|S100A9|ITGB2,Classical Monocytes,NK Cells,S100A9,ITGB2,2.826318110660253e-07,-5.263486611397148e-07,1.0916122832717655e-06,56,0.4935026339243793,0.7372544147238809,11,0.9999999990509558,33,0.9999999963620203,5,0.9999999077835688,7,0.9999996224628223,Classical Monocytes,NK Cells,S100A9,ITGB2,2.021616984926311e-09,-3.310294370659642e-09,7.353528340512264e-09,56,0.4574037508822676,0.6642847591249715,11,0.9999999999756433,33,0.9999999999412138,5,0.9999999995089677,7,0.9999999974529212
Non-classical Monocytes|Non-classical Monocytes|TGFB1|LPP,Non-classical Monocytes,Non-classical Monocytes,TGFB1,LPP,-0.10527296379006224,-0.40850563351407176,0.1979597059339473,54,0.4962267780238373,0.738489182081364,11,0.37523630909266176,31,0.20849219850017214,5,0.22524659739752262,7,0.16377545059509527,Non-classical Monocytes,Non-classical Monocytes,TGFB1,LPP,-0.05809180721663676,-0.14125867706791184,0.02507506263463831,56,0.1709902353335344,0.585029696393795,11,0.9933234410322007,33,0.9291760823048355,5,0.9957735697038588,7,0.9897180181931303
Classical Monocytes|CD8 T Cells|TIMP1|CD63,Classical Monocytes,CD8 T Cells,TIMP1,CD63,0.05085540283938672,-0.09544054915354372,0.19715135483231716,56,0.4956673012988876,0.738489182081364,11,0.7195703316768195,33,0.8154173711199864,5,0.722557462013853,7,0.7675490986176331,Classical Monocytes,CD8 T Cells,TIMP1,CD63,0.0014442607506873761,0.00045981903068687013,0.0024287024706878824,56,0.004034700690020583,0.12333829047149045,11,0.996873675041792,33,0.9977759340684623,5,0.9989495851707865,7,0.9984075834467694
B Cells|NK Cells|HLA-B|KLRD1,B Cells,NK Cells,HLA-B,KLRD1,0.0005524458552219613,-0.0010381306027509986,0.002143022313194921,56,0.4960340471527217,0.738489182081364,11,0.9999520402706049,33,0.9999202452097289,5,0.9997420066512067,7,0.9991577657351087,B Cells,NK Cells,HLA-B,KLRD1,4.474325283054803e-06,-7.27241248904004e-06,1.6221063055149646e-05,56,0.4553357881230511,0.6642847591249715,11,0.9999992737789505,33,0.9999988421200783,5,0.9999987774192567,7,0.9999938714351014
Non-classical Monocytes|Classical Monocytes|S100A9|CD36,Non-classical Monocytes,Classical Monocytes,S100A9,CD36,-0.005230438487198397,-0.020248812125635264,0.00978793515123847,56,0.4948626132660656,0.738489182081364,11,0.9934639734279997,33,0.9985817787881891,5,0.9855210856212533,7,0.995869329468641,Non-classical Monocytes,Classical Monocytes,S100A9,CD36,4.564918727523182e-05,-5.2845641617888986e-05,0.00014414401616835262,56,0.36367732617038406,0.5986947788978572,11,0.9999256033329419,33,0.9999830636104691,5,0.9999410057600893,7,0.9999528168503412
B Cells|Non-classical Monocytes|MIF|CD44_CD74,B Cells,Non-classical Monocytes,MIF,CD44_CD74,-0.020074216721485127,-0.07821277002602267,0.03806433658305242,56,0.4985703079824252,0.7400900630254055,11,0.9624523566561378,33,0.9372326682289897,5,0.9306504151208295,7,0.9255049434151664,B Cells,Non-classical Monocytes,MIF,CD44_CD74,-0.00016202133395848417,-0.0004896872175887826,0.00016564454967181425,56,0.3324725032990815,0.5900226619420714,11,0.9995760391266095,33,0.9991711209077786,5,0.9997244678859536,7,0.9994815710010811
CD4 T Cells|Classical Monocytes|PSAP|LRP1,CD4 T Cells,Classical Monocytes,PSAP,LRP1,-0.0801488448267565,-0.31284664837053217,0.15254895871701918,56,0.4996270798796718,0.7401462269527138,11,0.16725933680158622,33,0.21039019894340788,5,0.16126387482399712,7,0.2845435817925753,CD4 T Cells,Classical Monocytes,PSAP,LRP1,0.0008366444461748168,-0.0014479538257743366,0.00312124271812397,56,0.472905354589526,0.6642847591249715,11,0.990715494137265,33,0.9897148641302207,5,0.9964916289259376,7,0.9946543544727184
Classical Monocytes|Non-classical Monocytes|LGALS1|PTPRC,Classical Monocytes,Non-classical Monocytes,LGALS1,PTPRC,-0.00013052749136721609,-0.0005099912655801364,0.0002489362828457043,56,0.5001930390284293,0.7401462269527138,11,0.9998766194747241,33,0.9998574908706728,5,0.9997423903048845,7,0.9998537891922005,Classical Monocytes,Non-classical Monocytes,LGALS1,PTPRC,-7.505240935401503e-07,-3.4697592736794278e-06,1.9687110865991272e-06,56,0.5885344615829614,0.7550495331432812,11,0.9999980894189938,33,0.9999979078569001,5,0.9999983421584216,7,0.9999989111204215
Non-classical Monocytes|NK Cells|APP|CD74,Non-classical Monocytes,NK Cells,APP,CD74,0.08561375675170546,-0.16312685540346958,0.33435436890688053,49,0.4999313053461292,0.7401462269527138,6,0.6262079433499231,31,0.7520525866458053,5,0.6557219846554988,7,0.6959528711996755,Non-classical Monocytes,NK Cells,APP,CD74,0.3941182835593552,0.06114206360946417,0.7270945035092462,56,0.020348545024892792,0.29748140310290355,11,0.5431072080436187,33,0.9364415147964189,5,0.9986138774847702,7,0.9978299006782152
Classical Monocytes|B Cells|ADAM17|ITGB1,Classical Monocytes,B Cells,ADAM17,ITGB1,-0.0834097809743073,-0.32610981009371637,0.1592902481451018,45,0.5005723949605616,0.7402384687985506,8,0.0006819460577812125,25,0.08709065695503122,5,0.08591796415782198,7,0.2557364560293793,Classical Monocytes,B Cells,ADAM17,ITGB1,0.03244825163569287,-0.2889905492283719,0.35388705249975766,56,0.8431606290493556,0.9112273495408992,11,0.715923419118107,33,0.746750006795277,5,0.9954837632816966,7,0.9938620993231738
Non-classical Monocytes|Classical Monocytes|HLA-DQA1|CD4,Non-classical Monocytes,Classical Monocytes,HLA-DQA1,CD4,0.10631928499884225,-0.20335202640033362,0.4159905963980181,55,0.5010023981573613,0.74040544284648,11,0.5281154911500054,32,0.36387789038535945,5,0.8791949865323216,7,0.6086381007688334,Non-classical Monocytes,Classical Monocytes,HLA-DQA1,CD4,-0.03320749729255368,-0.09301540976664682,0.026600415181539466,56,0.2764881666011847,0.5900226619420714,11,0.9947069221692106,33,0.9587887367446207,5,0.999499394112982,7,0.9967887059809458
Non-classical Monocytes|B Cells|PKM|CD44,Non-classical Monocytes,B Cells,PKM,CD44,-0.022730210523570604,-0.08906976787068016,0.04360934682353895,56,0.5018696015816334,0.7412179125193636,11,0.8992585931209406,33,0.8771341451149495,5,0.8828941215137963,7,0.8834998840313758,Non-classical Monocytes,B Cells,PKM,CD44,-8.266319582228565e-05,-0.0004929262894530299,0.0003275998978084586,56,0.6929095105025431,0.8229987882315104,11,0.9988962897174509,33,0.9984652430171235,5,0.9995235190818919,7,0.9991751355773867
B Cells|CD8 T Cells|HLA-A|CD8A,B Cells,CD8 T Cells,HLA-A,CD8A,-0.0009747940138170597,-0.003825085989902784,0.0018754979622686648,56,0.5026642309147398,0.7414535560239528,11,0.9979929006648575,33,0.9984174712652519,5,0.9965708461046583,7,0.9979702107188698,B Cells,CD8 T Cells,HLA-A,CD8A,6.184601245240451e-06,-1.1701352804207932e-05,2.4070555294688834e-05,56,0.4979518341217176,0.68713051149107,11,0.9999728337946115,33,0.999981541106454,5,0.9999833643939144,7,0.9999858871045116
B Cells|Classical Monocytes|LRPAP1|SORL1,B Cells,Classical Monocytes,LRPAP1,SORL1,-0.014210455557693335,-0.05580891923366034,0.027388008118273674,54,0.5031488396604107,0.7416998362418301,11,0.0054382059837989,31,0.009065862171170766,5,0.0,7,0.0178381117450652,B Cells,Classical Monocytes,LRPAP1,SORL1,-0.06005906125586702,-0.14265062517429822,0.022532502662564166,56,0.1540850508358082,0.5560563594390482,11,0.9850156271038187,33,0.9168749322431708,5,0.994160052232043,7,0.986078418627262
CD4 T Cells|CD8 T Cells|GNAI2|S1PR4,CD4 T Cells,CD8 T Cells,GNAI2,S1PR4,-0.03045995513956093,-0.11980523199980844,0.058885321720686584,55,0.5040066423432947,0.742495589824349,11,0.00589222220340701,32,0.028282806572624053,5,0.0,7,0.05285053950877797,CD4 T Cells,CD8 T Cells,GNAI2,S1PR4,-0.03314390343409568,-0.09247265457671983,0.026184847708528462,56,0.2735471013387325,0.5900226619420714,11,0.9861290909381301,33,0.9508071709956298,5,0.993318511289653,7,0.9911404947812483
CD8 T Cells|Non-classical Monocytes|HLA-C|LILRB2,CD8 T Cells,Non-classical Monocytes,HLA-C,LILRB2,-0.00037241803204890456,-0.0014695033807062522,0.000724667316608443,56,0.5058382020218575,0.7442546954763939,11,0.9996711543056005,33,0.999360748060259,5,0.9991202941037379,7,0.9991823058904453,CD8 T Cells,Non-classical Monocytes,HLA-C,LILRB2,-1.8196884949972514e-06,-8.584656365947916e-06,4.945279375953412e-06,56,0.5980513367513449,0.7593717729051237,11,0.9999953596072602,33,0.9999916183250651,5,0.9999957956608849,7,0.9999938740671849
B Cells|Non-classical Monocytes|GNAI2|ADCY7,B Cells,Non-classical Monocytes,GNAI2,ADCY7,-0.02421052751720413,-0.09560877516329261,0.04718772012888434,54,0.5063020090572674,0.7443056864385807,11,0.0,31,0.008857638411033783,5,0.0,7,0.033068165928237914,B Cells,Non-classical Monocytes,GNAI2,ADCY7,-0.06015588596259236,-0.14243396082216503,0.022122188896980297,56,0.15186169737637153,0.5560563594390482,11,0.9812641893940198,33,0.9192173899560402,5,0.991905436835333,7,0.9900145233599457
Classical Monocytes|CD8 T Cells|CD14|ITGB1,Classical Monocytes,CD8 T Cells,CD14,ITGB1,-0.04046467090773176,-0.15985583064110023,0.07892648882563671,53,0.5065103793365759,0.7443056864385807,9,0.8935511484245868,32,0.8930076405881144,5,0.831122446867236,7,0.8710436099384954,Classical Monocytes,CD8 T Cells,CD14,ITGB1,0.15156753569686177,-0.10597856941172451,0.40911364080544804,56,0.24872516146823842,0.5900226619420714,11,0.8171397965364282,33,0.9685426297260527,5,0.9993278661965869,7,0.9991631636893495
Non-classical Monocytes|Non-classical Monocytes|S100A8|CD36,Non-classical Monocytes,Non-classical Monocytes,S100A8,CD36,-0.07790232870182512,-0.31164239345454386,0.15583773605089363,56,0.5136087403031278,0.7457932754578527,11,0.8991670105294407,33,0.9845612520784868,5,0.8089569747549945,7,0.9722535450058657,Non-classical Monocytes,Non-classical Monocytes,S100A8,CD36,0.0004349926825684136,-0.0010219360808238437,0.001891921445960671,56,0.5584246527859908,0.7276718553232094,11,0.9989354652990241,33,0.999836567888758,5,0.9992436039067769,7,0.9997097138139424
NK Cells|Classical Monocytes|HMGB1|TLR2,NK Cells,Classical Monocytes,HMGB1,TLR2,-0.019357841482612215,-0.07694228680372411,0.03822660383849968,56,0.5099791555530493,0.7457932754578527,11,0.9137344537065989,33,0.9254755699710109,5,0.9105337252102744,7,0.9416326829572986,NK Cells,Classical Monocytes,HMGB1,TLR2,0.00010058555197800523,-0.0003388159041126109,0.0005399870080686213,56,0.653673328360843,0.7954893133137955,11,0.9990302582701993,33,0.9990912860797958,5,0.9996089634096583,7,0.9995694056672768
Classical Monocytes|NK Cells|ICAM1|ITGAL_ITGB2,Classical Monocytes,NK Cells,ICAM1,ITGAL_ITGB2,0.0389621543220368,-0.07787390268074108,0.1557982113248147,46,0.51336749033766,0.7457932754578527,10,0.05011983003144941,24,0.12607334623808072,5,0.0,7,0.03699136188459452,Classical Monocytes,NK Cells,ICAM1,ITGAL_ITGB2,-0.17784780514385623,-0.41850454000021403,0.06280892971250157,56,0.14749583286663784,0.5560563594390482,11,0.8976034673885936,33,0.7168271900797445,5,0.9939454265625992,7,0.9910169543976064
Non-classical Monocytes|Classical Monocytes|VCAN|SELL,Non-classical Monocytes,Classical Monocytes,VCAN,SELL,-0.07542596549982872,-0.30158233730663725,0.15073040630697981,55,0.5133228955448161,0.7457932754578527,10,0.8027747721428806,33,0.8871414056742536,5,0.7070963804457451,7,0.8668889794769468,Non-classical Monocytes,Classical Monocytes,VCAN,SELL,0.09138219999036246,-0.09510796289381077,0.27787236287453565,56,0.3368521350379099,0.5900226619420714,11,0.9071986977323356,33,0.9987500368995648,5,0.9988681335653226,7,0.9990372727421892
Non-classical Monocytes|Non-classical Monocytes|MIF|CD44_CD74,Non-classical Monocytes,Non-classical Monocytes,MIF,CD44_CD74,-0.020034941960084374,-0.08019140245013877,0.04012151852997002,56,0.51391065533691,0.7457932754578527,11,0.9583923954420975,33,0.9245380343390666,5,0.9297257881313987,7,0.9159063689884521,Non-classical Monocytes,Non-classical Monocytes,MIF,CD44_CD74,-0.00024320557918566799,-0.0006773582654857808,0.00019094710711444488,56,0.27223011090700433,0.5900226619420714,11,0.9995283387269279,33,0.9989400526918135,5,0.9997203131959177,7,0.999375232739989
CD8 T Cells|NK Cells|CLEC2D|KLRB1,CD8 T Cells,NK Cells,CLEC2D,KLRB1,-0.07132297679492883,-0.2845828320323658,0.14193687844250816,56,0.5121500190927151,0.7457932754578527,11,0.9743374025892337,33,0.9241237569914411,5,0.8067009312746819,7,0.8278102624718181,CD8 T Cells,NK Cells,CLEC2D,KLRB1,6.608631228588457e-05,-0.0011733243251973475,0.0013054969497691166,56,0.9167672027242824,0.9488458866362287,11,0.99969772463937,33,0.9991821380061676,5,0.9991954034520611,7,0.9986137305065729
CD8 T Cells|CD8 T Cells|CLEC2D|KLRB1,CD8 T Cells,CD8 T Cells,CLEC2D,KLRB1,0.12760666700105122,-0.25174610429923056,0.5069594383013329,53,0.5097078991554924,0.7457932754578527,11,0.24957397615456214,30,0.1795550996491536,5,0.6193924371420906,7,0.4217668936356308,CD8 T Cells,CD8 T Cells,CLEC2D,KLRB1,-0.09094893087140332,-0.19088452856656038,0.008986666823753736,56,0.07446998049397115,0.4776247420339505,11,0.9913933965677042,33,0.8975738480902427,5,0.9985684372776149,7,0.9956978196715566
CD4 T Cells|Classical Monocytes|HMGB1|TLR2,CD4 T Cells,Classical Monocytes,HMGB1,TLR2,-0.02597760771674751,-0.10287660746652781,0.050921392033032795,56,0.5079042374878269,0.7457932754578527,11,0.8489180638254695,33,0.8669096367266186,5,0.863778761766104,7,0.9077479423840006,CD4 T Cells,Classical Monocytes,HMGB1,TLR2,0.00020018732768334324,-0.00045063250344329505,0.0008510071588099815,56,0.5465949695021546,0.720794723579132,11,0.9983119062807791,33,0.9983998996359267,5,0.9994171057295018,7,0.999304911756966
Classical Monocytes|Classical Monocytes|GNAI2|FPR1,Classical Monocytes,Classical Monocytes,GNAI2,FPR1,-0.03606209246643777,-0.14302568962956064,0.07090150469668512,56,0.508747434031569,0.7457932754578527,11,0.7726554613178069,33,0.7723079750440642,5,0.8102494988287878,7,0.8459641050214829,Classical Monocytes,Classical Monocytes,GNAI2,FPR1,0.0003911198461349352,-0.0008439537930514669,0.0016261934853213373,56,0.5348126924388343,0.7191998088805962,11,0.9974589741788392,33,0.9973377540467758,5,0.9992337299594116,7,0.9987213899812133
Non-classical Monocytes|Non-classical Monocytes|CALM1|PTPRA,Non-classical Monocytes,Non-classical Monocytes,CALM1,PTPRA,-0.13232434950678162,-0.5276308621897954,0.2629821631762322,51,0.5117754800002607,0.7457932754578527,11,0.5766336807676841,28,0.5006792725324389,5,0.4579479386579033,7,0.5143178799294398,Non-classical Monocytes,Non-classical Monocytes,CALM1,PTPRA,-0.15128651142541005,-0.2766519058034955,-0.025921117047324554,56,0.01801960556007386,0.2902624868168367,11,0.9954069391933587,33,0.8430744028485155,5,0.997802184393352,7,0.996756159473919
CD4 T Cells|NK Cells|HLA-B|KLRD1,CD4 T Cells,NK Cells,HLA-B,KLRD1,0.0004890861872175467,-0.000968909787755398,0.0019470821621904914,56,0.5108775649701562,0.7457932754578527,11,0.9999590741441384,33,0.999922604078499,5,0.9997637628202533,7,0.9992382065673963,CD4 T Cells,NK Cells,HLA-B,KLRD1,3.922609723483461e-06,-6.8008041374536914e-06,1.4646023584420614e-05,56,0.47340367041119524,0.6642847591249715,11,0.9999993390700957,33,0.9999987839866331,5,0.9999989157192285,7,0.9999944380260424
Non-classical Monocytes|CD8 T Cells|ADAM10|CD44,Non-classical Monocytes,CD8 T Cells,ADAM10,CD44,-0.056749409815316176,-0.22672613928745702,0.11322731965682467,56,0.5128767658589647,0.7457932754578527,11,0.6358794435119077,33,0.5955208507241938,5,0.6560742398903929,7,0.6724650569179952,Non-classical Monocytes,CD8 T Cells,ADAM10,CD44,-0.00012383402637561325,-0.0011627029602818896,0.0009150349075306631,56,0.8152727716147592,0.8960567242124027,11,0.9959961557439931,33,0.9949557113594449,5,0.9986454490318671,7,0.9977288386736946
B Cells|NK Cells|HLA-B|CD3D,B Cells,NK Cells,HLA-B,CD3D,0.004888058475449264,-0.009702011973057733,0.019478128923956263,48,0.511412655934841,0.7457932754578527,8,0.9804920231032268,28,0.9871653684781039,5,0.9981718476195915,7,0.9999571345190194,B Cells,NK Cells,HLA-B,CD3D,0.1212274610121935,-0.19450253457735117,0.4369574566017382,56,0.45172256394369137,0.6642847591249715,11,0.7271077142872786,33,0.8483424941795064,5,0.9999923740560279,7,0.9999996929360622
Classical Monocytes|CD8 T Cells|VCAN|CD44,Classical Monocytes,CD8 T Cells,VCAN,CD44,-0.0027241940219647764,-0.010939807494266863,0.00549141945033731,56,0.5157572133494281,0.74708008261223,11,0.988495444217177,33,0.9852340855811731,5,0.9912200967980308,7,0.9906829321839916,Classical Monocytes,CD8 T Cells,VCAN,CD44,-5.807724462014718e-06,-6.860102006321897e-05,5.698557113918953e-05,56,0.8561507766099041,0.9138474060368693,11,0.999858946414228,33,0.9998166299637876,5,0.9999615958589694,7,0.999925087132991
NK Cells|CD4 T Cells|PKM|CD44,NK Cells,CD4 T Cells,PKM,CD44,-0.023064724005396386,-0.09285781188212111,0.04672836387132834,56,0.5171693150228631,0.7481972432332004,11,0.831393744072333,33,0.8435458689094579,5,0.8621568874279321,7,0.8973737362704534,NK Cells,CD4 T Cells,PKM,CD44,0.0001276539983200431,-0.0003103759198735432,0.0005656839165136294,56,0.5678725114257096,0.734440784513939,11,0.9981313750829753,33,0.9980791766771565,5,0.999455071338786,7,0.9992752189346471
B Cells|Classical Monocytes|GRN|TNFRSF1B,B Cells,Classical Monocytes,GRN,TNFRSF1B,-0.08611348311656708,-0.3466159008686269,0.17438893463549276,54,0.5170501049226635,0.7481972432332004,10,0.3113886158500171,32,0.3468442615441119,5,0.3352056688350106,7,0.45677479764567247,B Cells,Classical Monocytes,GRN,TNFRSF1B,0.06092955304121639,-0.1339395013979349,0.25579860748036765,56,0.539995108437623,0.720794723579132,11,0.9021604126754096,33,0.9615646216636244,5,0.9974063578107968,7,0.9958810137577953
CD8 T Cells|Classical Monocytes|LGALS1|ITGB1,CD8 T Cells,Classical Monocytes,LGALS1,ITGB1,0.09896067670894183,-0.20163870219710633,0.39956005561499,56,0.5187703340775971,0.7490707753623772,11,0.212126860157095,33,0.44225110350451047,5,0.0400770983056445,7,0.17124066494411813,CD8 T Cells,Classical Monocytes,LGALS1,ITGB1,0.0063266006654354445,0.001829809605843803,0.010823391725027085,56,0.005824489232701145,0.15251090863822792,11,0.9894360682805555,33,0.9929586617242337,5,0.9954227852358326,7,0.9926187780140754
Non-classical Monocytes|CD4 T Cells|HLA-DQA1|CD4,Non-classical Monocytes,CD4 T Cells,HLA-DQA1,CD4,0.12731891339354573,-0.259470482081056,0.5141083088681475,54,0.5188244455596286,0.7490707753623772,11,0.3804088130489072,31,0.22883122211273646,5,0.7119461775845555,7,0.43304967325483895,Non-classical Monocytes,CD4 T Cells,HLA-DQA1,CD4,-0.06136879927070138,-0.14436451286999644,0.021626914328593677,56,0.14727081142244638,0.5560563594390482,11,0.9911491287676033,33,0.9263440252180666,5,0.9988436654601879,7,0.9954073611813524
NK Cells|NK Cells|MIF|CD44_CD74,NK Cells,NK Cells,MIF,CD44_CD74,0.0940418662610758,-0.19225121990287902,0.3803349524250306,56,0.5196979255190797,0.7490707753623772,11,0.7873554669324672,33,0.869390160358216,5,0.7946432192230858,7,0.7826360463877589,NK Cells,NK Cells,MIF,CD44_CD74,0.0009196208087656199,-0.00032051504543164147,0.0021597566629628813,56,0.1461104410264333,0.5560563594390482,11,0.9977248717295356,33,0.9982161911778155,5,0.9992252395445445,7,0.9987969381840587
Non-classical Monocytes|CD4 T Cells|ADAM17|ITGB1,Non-classical Monocytes,CD4 T Cells,ADAM17,ITGB1,-0.1029616886266983,-0.4160664110071157,0.21014303375371912,56,0.5192404752657556,0.7490707753623772,11,0.06523076564943166,33,0.1677683264874871,5,0.3543215380833049,7,0.5598207875480586,Non-classical Monocytes,CD4 T Cells,ADAM17,ITGB1,0.0023522012018111216,-0.0011940094955574182,0.005898411899179661,56,0.1935859181505395,0.5900226619420714,11,0.9865944509834307,33,0.9882753891043617,5,0.9973742343657387,7,0.9967029712848586
NK Cells|NK Cells|SELPLG|SELL,NK Cells,NK Cells,SELPLG,SELL,0.11622137929861548,-0.23719614963065316,0.4696389082278841,56,0.5192290265461071,0.7490707753623772,11,0.5666941541602145,33,0.6510854803997659,5,0.33720068828327354,7,0.30537063522420943,NK Cells,NK Cells,SELPLG,SELL,0.00262118305242931,-0.00017755179973681862,0.005419917904595438,56,0.06641331074060541,0.4776247420339505,11,0.9952123862868067,33,0.9956005129966862,5,0.9969729999811884,7,0.9947399436386385
CD8 T Cells|CD4 T Cells|LGALS1|ITGB1,CD8 T Cells,CD4 T Cells,LGALS1,ITGB1,0.12916957866208767,-0.26548741022541655,0.5238265675495919,56,0.5212056756058645,0.7504669009886205,11,0.2770794558562988,33,0.558806421219656,5,0.4141605819664812,7,0.5667179686677507,CD8 T Cells,CD4 T Cells,LGALS1,ITGB1,0.00424889654659899,0.0003716518074128464,0.008126141285785135,56,0.03172681937740406,0.3839065322012018,11,0.9908943628713857,33,0.9944742934117657,5,0.9977374156696424,7,0.9970684496634235
Non-classical Monocytes|Non-classical Monocytes|TNFSF13B|TFRC,Non-classical Monocytes,Non-classical Monocytes,TNFSF13B,TFRC,-0.10294427073415291,-0.41803833647651323,0.2121497950082074,44,0.5219521401308436,0.7504669009886205,9,0.2782718144252932,23,0.4937366763935673,5,0.2253320489992583,7,0.5437411817016853,Non-classical Monocytes,Non-classical Monocytes,TNFSF13B,TFRC,-0.11917506332188799,-0.4151902549701896,0.1768401283264136,56,0.4300668999787767,0.6602245535180246,11,0.8114014956987995,33,0.6922691894775818,5,0.9966702196512063,7,0.9967129767518765
CD8 T Cells|NK Cells|PKM|CD44,CD8 T Cells,NK Cells,PKM,CD44,-0.06069259447617037,-0.2470467205255447,0.12566153157320395,56,0.5232593411893356,0.7518834225705222,11,0.5988360376371409,33,0.621248903614701,5,0.7396947046580619,7,0.8228001651117923,CD8 T Cells,NK Cells,PKM,CD44,-0.00039006074720504547,-0.0018698520292352227,0.0010897305348251318,56,0.6054142588727144,0.7593717729051237,11,0.9955450565406675,33,0.9949930518789464,5,0.9989919410776084,7,0.9988299971630923
Non-classical Monocytes|B Cells|MIF|TNFRSF14,Non-classical Monocytes,B Cells,MIF,TNFRSF14,0.11050268006374847,-0.23193818028186758,0.4529435404093645,56,0.5270841890510141,0.7564484212871038,11,0.5298745565473677,33,0.6022149262291465,5,0.4296658634134185,7,0.39150355303144885,Non-classical Monocytes,B Cells,MIF,TNFRSF14,0.001825377664291472,6.726959974821464e-05,0.0035834857288347295,56,0.04185519024439679,0.4172588979566835,11,0.9949547706240935,33,0.994759352382717,5,0.9978145276647998,7,0.9957937317591318
Non-classical Monocytes|CD8 T Cells|VCAN|SELL,Non-classical Monocytes,CD8 T Cells,VCAN,SELL,-0.07693832835495085,-0.31558107553495746,0.16170441882505576,55,0.5274576982214236,0.7565194873138968,10,0.806583821717626,33,0.8675641785247459,5,0.7076263185247529,7,0.8455450036868236,Non-classical Monocytes,CD8 T Cells,VCAN,SELL,0.09137742358228262,-0.09511590627769759,0.27787075344226286,56,0.33688559549531794,0.5900226619420714,11,0.907199136332273,33,0.998501610841292,5,0.9987939261312382,7,0.9987189770579745
CD4 T Cells|Non-classical Monocytes|ANXA2|TLR2,CD4 T Cells,Non-classical Monocytes,ANXA2,TLR2,-0.05442265000559625,-0.22498148896050657,0.11613618894931409,54,0.5317126551948083,0.7583886656469228,10,0.0,32,0.08702097821699865,5,0.0,7,0.1414436282225949,CD4 T Cells,Non-classical Monocytes,ANXA2,TLR2,0.06348830127836791,-0.12906932518474548,0.25604592774148127,56,0.5181362345729497,0.7064876064580708,11,0.8907756261911579,33,0.9540887816990095,5,0.9924274157923252,7,0.9922522700218088
Non-classical Monocytes|CD8 T Cells|S100A8|CD69,Non-classical Monocytes,CD8 T Cells,S100A8,CD69,0.0020727004341298816,-0.004427767360391933,0.008573168228651697,56,0.5320088369720168,0.7583886656469228,11,0.992974534222106,33,0.9993047905342398,5,0.9952310662388086,7,0.9994886221168126,Non-classical Monocytes,CD8 T Cells,S100A8,CD69,5.861099399562253e-05,3.262583841716574e-06,0.00011395940414952848,56,0.03794053324793216,0.40101408534417127,11,0.9999168582572097,33,0.9999918175439041,5,0.9999800695007443,7,0.9999964177934431
B Cells|NK Cells|VIM|CD44,B Cells,NK Cells,VIM,CD44,-0.041554266822679264,-0.1713398454259946,0.08823131178063606,56,0.5303092407572839,0.7583886656469228,11,0.7743630773205029,33,0.8075457033086666,5,0.8377596951418622,7,0.9124965879527052,B Cells,NK Cells,VIM,CD44,0.00012857095556895182,-0.0005757167192838178,0.0008328586304217215,56,0.7204926586963721,0.8425305360743786,11,0.9975312321721223,33,0.9977400196074055,5,0.9993787721145846,7,0.9994589885942989
CD8 T Cells|Non-classical Monocytes|TIMP1|CD63,CD8 T Cells,Non-classical Monocytes,TIMP1,CD63,-0.11338985579566252,-0.46788735052292585,0.2411076389316008,55,0.530714516565815,0.7583886656469228,11,0.5455844991955611,32,0.6610451133812989,5,0.4567293103803851,7,0.6855797803617855,CD8 T Cells,Non-classical Monocytes,TIMP1,CD63,-0.029106264371405732,-0.08920085192133129,0.03098832317851983,56,0.3424728092016742,0.5900226619420714,11,0.9949566952128032,33,0.965630103028485,5,0.99798858036854,7,0.9977682525556275
Classical Monocytes|CD8 T Cells|APP|CD74,Classical Monocytes,CD8 T Cells,APP,CD74,0.04284619414634849,-0.09129397294358421,0.1769863612362812,55,0.5312892567616508,0.7583886656469228,11,0.6938218177806609,32,0.7868771151647366,5,0.7682205777580489,7,0.8184296809957761,Classical Monocytes,CD8 T Cells,APP,CD74,-0.029220521007601197,-0.08937476804513252,0.030933726029930123,56,0.3410605145218538,0.5900226619420714,11,0.9966866904640949,33,0.9670451463937966,5,0.9990797000820836,7,0.9986586770193865
B Cells|Non-classical Monocytes|GRN|TNFRSF1A,B Cells,Non-classical Monocytes,GRN,TNFRSF1A,-0.050448342293414,-0.20808543091331205,0.10718874632648406,54,0.5304992388557112,0.7583886656469228,10,0.0,32,0.05600166995035764,5,0.0,7,0.10645001224377164,B Cells,Non-classical Monocytes,GRN,TNFRSF1A,0.05892357860445396,-0.13374661492196105,0.251593772130869,56,0.5489007170351737,0.720794723579132,11,0.8916563817226347,33,0.950307214121351,5,0.9912756282224526,7,0.9910028820167149
Non-classical Monocytes|NK Cells|TIMP1|CD63,Non-classical Monocytes,NK Cells,TIMP1,CD63,0.003497276106379954,-0.007495477879708008,0.014490030092467916,56,0.5329229488933431,0.7588462669581527,11,0.9884698484842033,33,0.9873795122211406,5,0.9815242830579475,7,0.9769366706885049,Non-classical Monocytes,NK Cells,TIMP1,CD63,8.118217854136134e-05,7.016487337878821e-06,0.00015534786974484387,56,0.03192187845307083,0.38553663787650194,11,0.9998563557149496,33,0.9998433100833357,5,0.999918475786623,7,0.9998242479764677
B Cells|NK Cells|MIF|CD44_CD74,B Cells,NK Cells,MIF,CD44_CD74,0.10028809280784567,-0.2152348440177822,0.41581102963347355,56,0.5333048068857938,0.7588462669581527,11,0.7122853736466748,33,0.7987097522783299,5,0.7684302955546188,7,0.7545665813784282,B Cells,NK Cells,MIF,CD44_CD74,0.000879624660426237,-0.0005965409870360829,0.0023557903078885566,56,0.24284196785772194,0.5900226619420714,11,0.9969179529908032,33,0.9973319304165097,5,0.9991162181428536,7,0.9986505709081338
Non-classical Monocytes|Non-classical Monocytes|HBEGF|CD44,Non-classical Monocytes,Non-classical Monocytes,HBEGF,CD44,-0.07367137247925715,-0.3061297307102102,0.15878698575169595,45,0.5344960446248259,0.7591534453765015,8,0.7161623387876553,25,0.6615621372064372,5,0.8110851624241169,7,0.8301563333221559,Non-classical Monocytes,Non-classical Monocytes,HBEGF,CD44,0.029302025545960286,-0.29601488839344947,0.35461893948537004,56,0.8598710143049991,0.9151617375303415,11,0.7251291865316943,33,0.7537007579117599,5,0.9992646720758478,7,0.9985342179099531
Non-classical Monocytes|Classical Monocytes|HMGB1|TLR2,Non-classical Monocytes,Classical Monocytes,HMGB1,TLR2,-0.022163068512903727,-0.0922093349905368,0.04788319796472934,56,0.5351625708484009,0.759486030904377,11,0.8177090049149792,33,0.816018898325688,5,0.8488355425867347,7,0.8693085045103471,Non-classical Monocytes,Classical Monocytes,HMGB1,TLR2,0.00013713982833796212,-0.0006129835495724706,0.0008872632062483949,56,0.7200989491192011,0.8425305360743786,11,0.9979956293372645,33,0.9977026687321173,5,0.9993576046257022,7,0.9989275041922171
Non-classical Monocytes|Non-classical Monocytes|ANXA1|FPR1,Non-classical Monocytes,Non-classical Monocytes,ANXA1,FPR1,-0.03636409080278313,-0.1513540591299012,0.07862587752433492,55,0.5353807309929784,0.759486030904377,10,0.8657591504660852,33,0.9162413888743588,5,0.8712655428594692,7,0.958111872070526,Non-classical Monocytes,Non-classical Monocytes,ANXA1,FPR1,0.0910338300999427,-0.09556594459234921,0.27763360479223465,56,0.3389811514676644,0.5900226619420714,11,0.9077426572709832,33,0.9990211631694327,5,0.9994725854747036,7,0.9997172612732104
B Cells|CD4 T Cells|LGALS1|ITGB1,B Cells,CD4 T Cells,LGALS1,ITGB1,-0.09384683102598795,-0.3908599789905206,0.2031663169385447,53,0.5357272459887934,0.7595161623459822,9,0.09294082587661905,33,0.2749970901977513,5,0.4481304424403458,6,0.7240335377874659,B Cells,CD4 T Cells,LGALS1,ITGB1,0.3257112789199341,-0.06434312755488686,0.7157656853947552,56,0.10170371209712258,0.5560563594390482,11,0.8062224161465547,33,0.9894226478553368,5,0.9978805616524553,7,0.8553695144413034
Non-classical Monocytes|Classical Monocytes|VCAN|ITGB1,Non-classical Monocytes,Classical Monocytes,VCAN,ITGB1,0.12637241395348897,-0.2760938135498262,0.5288386414568041,55,0.5382780194656451,0.7626694025802678,10,0.3297719709702328,33,0.5559579983483848,5,0.292119584488744,7,0.39193319791340697,Non-classical Monocytes,Classical Monocytes,VCAN,ITGB1,0.09462563058119666,-0.09086491183368378,0.2801161729960771,56,0.31738281978984717,0.5900226619420714,11,0.9021031829130645,33,0.9945226051569149,5,0.9969379844826378,7,0.9947317761452916
B Cells|Non-classical Monocytes|HLA-DPA1|CD4,B Cells,Non-classical Monocytes,HLA-DPA1,CD4,-0.001827581003894685,-0.007671757792250916,0.0040165957844615465,56,0.5399314887972748,0.7645482270113018,11,0.9901603960668595,33,0.989055592957909,5,0.9927530231090689,7,0.9934758010040131,B Cells,Non-classical Monocytes,HLA-DPA1,CD4,-1.8038003416487314e-06,-8.307204967199848e-05,7.946444898870102e-05,56,0.9653008570550917,0.9822116858934513,11,0.9998799300833795,33,0.9998466774649185,5,0.9999674546664702,7,0.9999360058483509
Classical Monocytes|B Cells|VCAN|ITGB1,Classical Monocytes,B Cells,VCAN,ITGB1,0.023522458396513568,-0.05196885280239269,0.09901376959541983,45,0.5413927018340575,0.7646536674151747,8,0.8690214474930272,25,0.9175223826130847,5,0.9265098422409853,7,0.9514883189645292,Classical Monocytes,B Cells,VCAN,ITGB1,0.030640944867581288,-0.29532171062903295,0.3566036003641955,56,0.8538256894909617,0.9132767039577688,11,0.726177449538971,33,0.7568095631547268,5,0.9996874194502633,7,0.9996785881984378
Non-classical Monocytes|CD8 T Cells|CD14|ITGB2,Non-classical Monocytes,CD8 T Cells,CD14,ITGB2,-0.04392523153876582,-0.18464293509811522,0.09679247202058358,56,0.5406664182019019,0.7646536674151747,11,0.8509336609541236,33,0.9420245501886578,5,0.7685736093645069,7,0.903589730137807,Non-classical Monocytes,CD8 T Cells,CD14,ITGB2,0.0007243929148831318,-0.0002627780540097604,0.001711563883776024,56,0.15036733433797586,0.5560563594390482,11,0.9983445832556531,33,0.99930458365475,5,0.9991097492028004,7,0.9993453566870141
B Cells|NK Cells|HLA-F|CD8A,B Cells,NK Cells,HLA-F,CD8A,-0.0955046892210441,-0.40163000607428156,0.21062062763219336,42,0.5408899785314364,0.7646536674151747,8,0.04936283399734145,22,0.21921961137977755,5,0.4704423688448342,7,0.7358038354483144,B Cells,NK Cells,HLA-F,CD8A,-0.06012343020323774,-0.38959056760643024,0.26934370719995476,56,0.7205919974426493,0.8425305360743786,11,0.7180774536039366,33,0.6584154489753749,5,0.9978040804702252,7,0.9982655060449012
CD8 T Cells|CD4 T Cells|CD47|SIRPG,CD8 T Cells,CD4 T Cells,CD47,SIRPG,-0.03508957070520794,-0.1477733835390381,0.0775942421286222,54,0.5416433258692501,0.7646536674151747,11,0.0,31,0.03967193100121869,5,0.0,7,0.07476150170642663,CD8 T Cells,CD4 T Cells,CD47,SIRPG,-0.05985591616363717,-0.14245328169813526,0.022741449370860936,56,0.15551189985566197,0.5560563594390482,11,0.985604931327675,33,0.9232652206791201,5,0.9937822940526608,7,0.991298499567743
CD4 T Cells|CD8 T Cells|SIRPG|CD47,CD4 T Cells,CD8 T Cells,SIRPG,CD47,-0.03508957070520794,-0.1477733835390381,0.0775942421286222,54,0.5416433258692501,0.7646536674151747,11,0.0,31,0.03967193100121869,5,0.0,7,0.07476150170642663,CD4 T Cells,CD8 T Cells,SIRPG,CD47,-0.05985591616363717,-0.14245328169813526,0.022741449370860936,56,0.15551189985566197,0.5560563594390482,11,0.985604931327675,33,0.9232652206791201,5,0.9937822940526608,7,0.991298499567743
NK Cells|CD8 T Cells|SELPLG|ITGB2,NK Cells,CD8 T Cells,SELPLG,ITGB2,-0.07604837823604871,-0.32049601311553266,0.16839925664343527,56,0.5420270560633046,0.7647330368023059,11,0.8131881017333654,33,0.8224380802853057,5,0.6230325426136242,7,0.7083308994016132,NK Cells,CD8 T Cells,SELPLG,ITGB2,0.0004523857801557174,-0.00113927704689782,0.002044048607209255,56,0.5774829409410238,0.7428102495816794,11,0.9978879677281803,33,0.9978086996556462,5,0.9985417249276454,7,0.9980100710749555
Non-classical Monocytes|Classical Monocytes|MIF|CD44_CD74,Non-classical Monocytes,Classical Monocytes,MIF,CD44_CD74,-0.009330483333468087,-0.03935982332434395,0.020698856657407776,56,0.5425345209964871,0.7647544796229124,11,0.9696572559534395,33,0.9441140739857689,5,0.9624880622279808,7,0.9462753635937782,Non-classical Monocytes,Classical Monocytes,MIF,CD44_CD74,-0.000131628914828541,-0.0004385882880000023,0.00017533045834292028,56,0.4006489541517162,0.6353210320427096,11,0.9996485056080558,33,0.9992355058474391,5,0.9998451337632547,7,0.9995637629174665
Classical Monocytes|Non-classical Monocytes|HMGB1|CXCR4,Classical Monocytes,Non-classical Monocytes,HMGB1,CXCR4,-0.010450893882677281,-0.04409974404716179,0.02319795628180723,56,0.5426972902506064,0.7647544796229124,11,0.9458379971310976,33,0.9285489531360243,5,0.9680624832385936,7,0.9612243331261975,Classical Monocytes,Non-classical Monocytes,HMGB1,CXCR4,-0.00020907009592308068,-0.0006400842875229483,0.00022194409567678698,56,0.34175119084017647,0.5900226619420714,11,0.9993793830429669,33,0.999007174495246,5,0.9998532970553121,7,0.9996901586035143
Classical Monocytes|B Cells|APP|CD74,Classical Monocytes,B Cells,APP,CD74,-0.004403252116051526,-0.018606056252105548,0.009799552020002496,55,0.5434251602615273,0.7653183047108963,11,0.9836153050722245,32,0.984025099909197,5,0.983216104413694,7,0.988029151366718,Classical Monocytes,B Cells,APP,CD74,-0.030301879119451702,-0.09060244474344749,0.029998686504544084,56,0.32466859335291465,0.5900226619420714,11,0.999813310072549,33,0.9694837863950362,5,0.9999195767476937,7,0.9998919321896327
Non-classical Monocytes|Classical Monocytes|HLA-A|LILRB2,Non-classical Monocytes,Classical Monocytes,HLA-A,LILRB2,-0.0029447096871862977,-0.012503562616991587,0.006614143242618992,56,0.5459843037414613,0.7684589205764389,11,0.9894676766671014,33,0.9916324753960205,5,0.986609176175197,7,0.9917186845913023,Non-classical Monocytes,Classical Monocytes,HLA-A,LILRB2,3.344339694844045e-05,-5.2249994201353846e-05,0.00011913678809823475,56,0.444324292953597,0.6642847591249715,11,0.9998711876455183,33,0.999901349667757,5,0.9999430205073401,7,0.9999397391326303
Non-classical Monocytes|CD8 T Cells|VCAN|CD44,Non-classical Monocytes,CD8 T Cells,VCAN,CD44,0.031128559721277926,-0.07019209716604288,0.13244921660859874,55,0.5470702059957235,0.768634099754733,10,0.82307413237987,33,0.8742418856959084,5,0.8440313039460221,7,0.8640704975407826,Non-classical Monocytes,CD8 T Cells,VCAN,CD44,0.09162998206079487,-0.09488780970297861,0.27814777382456835,56,0.3356152458669741,0.5900226619420714,11,0.907344355856517,33,0.998539815478236,5,0.9993829553359641,7,0.9989484328968883
NK Cells|CD4 T Cells|HLA-DRA|CD4,NK Cells,CD4 T Cells,HLA-DRA,CD4,-0.07813576541349468,-0.333192668376071,0.1769211375490816,54,0.5482210841605892,0.7692886006700576,11,0.0404584281655817,32,0.1084023037666852,5,0.05931663639388394,6,0.20539627740848213,NK Cells,CD4 T Cells,HLA-DRA,CD4,0.11477383531257546,-0.19121132178108152,0.42075899240623243,56,0.46223303047698716,0.6642847591249715,11,0.9856893780978734,33,0.9568790887556552,5,0.9941960437837227,7,0.8506119191289291
Classical Monocytes|CD4 T Cells|MIF|TNFRSF14,Classical Monocytes,CD4 T Cells,MIF,TNFRSF14,-0.09932698645584365,-0.4246349690834899,0.22598099617180262,56,0.5495463681516819,0.7700567189606201,11,0.39856193957517316,33,0.4456614276181967,5,0.11815988254684573,7,0.2645863570457129,Classical Monocytes,CD4 T Cells,MIF,TNFRSF14,0.0010707782622777495,-0.0011205952597330656,0.0032621517842885647,56,0.3382121215862436,0.5900226619420714,11,0.9935010693286411,33,0.9927420202757491,5,0.9961480338556505,7,0.9943182065404808
Non-classical Monocytes|NK Cells|VCAN|CD44,Non-classical Monocytes,NK Cells,VCAN,CD44,0.053570339756286334,-0.12211719760717851,0.22925787711975118,55,0.5500876262211196,0.7700567189606201,10,0.6185309817944357,33,0.7574871548702865,5,0.7421153385818411,7,0.8275011719014056,Non-classical Monocytes,NK Cells,VCAN,CD44,0.09210345496243011,-0.09401060871865974,0.27821751864351996,56,0.332076454817405,0.5900226619420714,11,0.9053624448541822,33,0.9971466511981446,5,0.9990082287963116,7,0.9986889801778439
Non-classical Monocytes|Non-classical Monocytes|HLA-DQA1|CD4,Non-classical Monocytes,Non-classical Monocytes,HLA-DQA1,CD4,0.08857561052357088,-0.2017103386926467,0.37886155973978847,55,0.5498077328343722,0.7700567189606201,11,0.5498345916518697,32,0.42664103198416,5,0.8788933757872981,7,0.6671242055960176,Non-classical Monocytes,Non-classical Monocytes,HLA-DQA1,CD4,-0.031474033514189204,-0.09137568678825425,0.02842761975987585,56,0.30309410622249067,0.5900226619420714,11,0.9949907345329071,33,0.9613548947111824,5,0.9995005305614881,7,0.9973387242539526
CD8 T Cells|NK Cells|MIF|CD44_CD74,CD8 T Cells,NK Cells,MIF,CD44_CD74,0.09696518397094445,-0.22188146669223224,0.41581183463412114,56,0.5511424069606423,0.770801982056772,11,0.7850732678032255,33,0.8504485827189409,5,0.7998508695044173,7,0.7682610004491882,CD8 T Cells,NK Cells,MIF,CD44_CD74,0.0007908516691134126,-0.0005472325372736586,0.002128935875500484,56,0.2466996064362792,0.5900226619420714,11,0.9976603947078261,33,0.9979640677452517,5,0.9992560283488163,7,0.9987688497171285
NK Cells|Non-classical Monocytes|TGFB1|CXCR4,NK Cells,Non-classical Monocytes,TGFB1,CXCR4,0.060941076436910824,-0.13953255949299823,0.2614147123668199,56,0.5513084347790422,0.770801982056772,11,0.9299810854299984,33,0.8752012062407221,5,0.9211368269913706,7,0.8054158713651834,NK Cells,Non-classical Monocytes,TGFB1,CXCR4,-0.00022615266297365544,-0.0014494931674838354,0.0009971878415365246,56,0.7171065970054454,0.8425305360743786,11,0.9991807723887439,33,0.9981649862597806,5,0.9996803052428553,7,0.9988906717768656
Classical Monocytes|Non-classical Monocytes|CALR|LRP1,Classical Monocytes,Non-classical Monocytes,CALR,LRP1,0.03181248338046871,-0.0731269033601957,0.1367518701211331,56,0.5524016898073039,0.7714461397727599,11,0.058875079766938725,33,0.09068756314740743,5,0.0,7,0.0,Classical Monocytes,Non-classical Monocytes,CALR,LRP1,0.003733687673733166,-0.0005557117506026794,0.008023087098069011,56,0.08800035566392261,0.5205872892007422,11,0.9868487868250245,33,0.9859652893126424,5,0.9945924770345638,7,0.9899752918484485
Non-classical Monocytes|NK Cells|ADAM10|CD44,Non-classical Monocytes,NK Cells,ADAM10,CD44,-0.10766128904505023,-0.46315769040638655,0.24783511231628608,56,0.5527992805346509,0.7715399402560729,11,0.22134299996272003,33,0.27927915972090384,5,0.4059239351497137,7,0.5715213839529477,Non-classical Monocytes,NK Cells,ADAM10,CD44,-0.00010586660052935848,-0.00291056202562299,0.002698828824564273,56,0.9410253470354679,0.9670598266381863,11,0.9912669883664278,33,0.9903834652487682,5,0.9976801207262312,7,0.996902464209101
CD8 T Cells|CD4 T Cells|LGALS1|PTPRC,CD8 T Cells,CD4 T Cells,LGALS1,PTPRC,0.028652560663812165,-0.06631756922907847,0.1236226905567028,56,0.5543042696835909,0.7722556501856711,11,0.8688730863218019,33,0.9114290025811407,5,0.8727189408914073,7,0.8866222964869339,CD8 T Cells,CD4 T Cells,LGALS1,PTPRC,0.0006957459778796915,-2.6667797132371362e-06,0.0013941587354726202,56,0.050881223133031755,0.45903630194223843,11,0.9985501569146028,33,0.999007699205061,5,0.9994789778677218,7,0.9992407741803003
Non-classical Monocytes|Non-classical Monocytes|HLA-DRB5|CD4,Non-classical Monocytes,Non-classical Monocytes,HLA-DRB5,CD4,0.23134601364567875,-0.5373386428784468,1.0000306701698043,50,0.5552727175759673,0.7727775025977465,9,0.5390735728377384,29,0.7497719468908822,5,0.5923212807329736,7,0.5716736411404387,Non-classical Monocytes,Non-classical Monocytes,HLA-DRB5,CD4,0.06271758552771112,-0.2115747864953087,0.33700995755073093,56,0.6540447284329739,0.7957897105233804,11,0.8134106129925945,33,0.8747024155122264,5,0.9977400176644077,7,0.9963142346563284
NK Cells|Non-classical Monocytes|GNAI2|FPR1,NK Cells,Non-classical Monocytes,GNAI2,FPR1,-0.08553500122918384,-0.3703391735962187,0.19926917113785103,55,0.5561065790391433,0.7731700969578161,10,0.27675307160733703,33,0.46963327935270993,5,0.09622219806578991,7,0.37463740704034665,NK Cells,Non-classical Monocytes,GNAI2,FPR1,0.09255780023217475,-0.09278488102218038,0.2779004814865299,56,0.32768803950085923,0.5900226619420714,11,0.9015416168855119,33,0.9936575648881011,5,0.9958935093034622,7,0.9954516570738766
B Cells|Non-classical Monocytes|HLA-C|LILRB2,B Cells,Non-classical Monocytes,HLA-C,LILRB2,-0.0015116288107044351,-0.006547145039016946,0.0035238874176080756,56,0.5562851232929897,0.7731700969578161,11,0.9983931365402046,33,0.9973934058386218,5,0.9961767220454064,7,0.9966886201545281,B Cells,Non-classical Monocytes,HLA-C,LILRB2,-3.364885373779991e-06,-3.695498137647807e-05,3.0225210628918085e-05,56,0.8443446447500759,0.9115440918060551,11,0.9999794106490287,33,0.9999701617550589,5,0.9999825673410274,7,0.9999766833324314
Non-classical Monocytes|CD8 T Cells|LGALS9|CD44,Non-classical Monocytes,CD8 T Cells,LGALS9,CD44,-0.020088623505736924,-0.0874302139472703,0.04725296693579645,56,0.5587659257669755,0.7748074937954689,11,0.9136977478245111,33,0.9215066092827031,5,0.9037275968071361,7,0.9316250817710651,Non-classical Monocytes,CD8 T Cells,LGALS9,CD44,5.256736217662539e-05,-0.00029696572193155897,0.00040210044628480974,56,0.7681733676816085,0.858763145651957,11,0.9990319299933762,33,0.9990069890424722,5,0.9996128548718669,7,0.9995353465587863
CD8 T Cells|B Cells|MIF|CD44_CD74,CD8 T Cells,B Cells,MIF,CD44_CD74,0.09222233846045202,-0.21773142157917597,0.40217609850008,56,0.5597859708920583,0.7748074937954689,11,0.8307414322552155,33,0.8440167257937166,5,0.7771863077080349,7,0.698239262786084,CD8 T Cells,B Cells,MIF,CD44_CD74,0.0006756335990356632,-0.0005646090462768497,0.0019158762443481762,56,0.2856520570895872,0.5900226619420714,11,0.9981699723714516,33,0.9979801969550965,5,0.9991566426207891,7,0.9982912336053984
Non-classical Monocytes|Classical Monocytes|HLA-DRB5|CD4,Non-classical Monocytes,Classical Monocytes,HLA-DRB5,CD4,0.23008727117747696,-0.5430056843892643,1.0031802267442183,50,0.5596760016516232,0.7748074937954689,9,0.5353011603389857,29,0.7273305173573618,5,0.5924441530779693,7,0.5543862389188684,Non-classical Monocytes,Classical Monocytes,HLA-DRB5,CD4,0.06212213992755555,-0.21205829625440686,0.33630257610951797,56,0.6569870956422423,0.7990654014959616,11,0.8131899740486076,33,0.8735454539102241,5,0.9977095934270024,7,0.9959429333610633
Classical Monocytes|Non-classical Monocytes|ADAM17|ITGB1,Classical Monocytes,Non-classical Monocytes,ADAM17,ITGB1,-0.06313656589863254,-0.27519810459439525,0.14892497279713018,56,0.5595329955142363,0.7748074937954689,11,0.344294971319754,33,0.2519635500304453,5,0.3974907546023685,7,0.3682958992116923,Classical Monocytes,Non-classical Monocytes,ADAM17,ITGB1,-0.00030884104088957365,-0.003535118101270555,0.002917436019491408,56,0.8511737657018642,0.9132767039577688,11,0.9926836743913416,33,0.9897126647511131,5,0.997489687567584,7,0.9948275189682451
Non-classical Monocytes|NK Cells|CALM1|PTPRA,Non-classical Monocytes,NK Cells,CALM1,PTPRA,-0.035436550856884574,-0.15403781543594078,0.08316471372217163,56,0.5581360576718097,0.7748074937954689,11,0.8349606114535156,33,0.796965690913584,5,0.8057917203043299,7,0.8032333506212829,Non-classical Monocytes,NK Cells,CALM1,PTPRA,-0.00016134900608666403,-0.0008903846296570511,0.0005676866174837231,56,0.6644510274290436,0.8043155767798711,11,0.9981432366938847,33,0.9974444980430898,5,0.9992109405418338,7,0.9986735508971255
Classical Monocytes|NK Cells|GNAI2|S1PR5,Classical Monocytes,NK Cells,GNAI2,S1PR5,0.05670138360935428,-0.1341252617681732,0.24752802898688175,56,0.5603141095930968,0.7750790556278916,11,0.8136170369910555,33,0.8022480116505728,5,0.715642495971514,7,0.647572087021677,Classical Monocytes,NK Cells,GNAI2,S1PR5,0.0012926086349903665,2.20374990036389e-05,0.0025631797709770943,56,0.04615656810438852,0.4394848191042299,11,0.9979345692902004,33,0.997669238420715,5,0.9988665248836783,7,0.9973085853792025
Classical Monocytes|NK Cells|TNFSF13B|HLA-DPB1,Classical Monocytes,NK Cells,TNFSF13B,HLA-DPB1,0.033954227981907614,-0.0805220178194317,0.14843047378324692,56,0.5610146041532109,0.7755885735333022,11,0.8116528186146251,33,0.9121949284599636,5,0.8793295419129927,7,0.9459174237764236,Classical Monocytes,NK Cells,TNFSF13B,HLA-DPB1,0.0009228935828244911,0.00020792769547024628,0.001637859470178736,56,0.011407412686963686,0.23434713716080702,11,0.9979471806516229,33,0.9989785507751109,5,0.9995358194867727,7,0.9996442960274362
CD4 T Cells|Classical Monocytes|S100A9|CD36,CD4 T Cells,Classical Monocytes,S100A9,CD36,0.1251779661437774,-0.29780889468510285,0.5481648269726577,54,0.5618956045278368,0.7757291295746459,11,0.5465969710919035,32,0.8589470654241922,5,0.49898523358453717,6,0.6861573617730484,CD4 T Cells,Classical Monocytes,S100A9,CD36,0.11601170911561298,-0.1916225185528317,0.42364593678405765,56,0.45983381494667885,0.6642847591249715,11,0.995300651849611,33,0.96818585008392,5,0.9981303941620853,7,0.8550038832807813
Classical Monocytes|Classical Monocytes|LGALS9|CD47,Classical Monocytes,Classical Monocytes,LGALS9,CD47,-0.08257180933082296,-0.36167489456969887,0.19653127590805292,56,0.5620161423800459,0.7757291295746459,11,0.2574839495142403,33,0.5190537984104816,5,0.10938419298310904,7,0.4535258512101733,Classical Monocytes,Classical Monocytes,LGALS9,CD47,0.0017920759699618927,-0.0005225392803713353,0.004106691220295121,56,0.1291431403561187,0.5560563594390482,11,0.9918063275118588,33,0.9939793249951564,5,0.9959092172493815,7,0.9962901387627172
CD4 T Cells|CD4 T Cells|LGALS1|PTPRC,CD4 T Cells,CD4 T Cells,LGALS1,PTPRC,0.014311097026920905,-0.03413319137258209,0.06275538542642389,56,0.5625892878230971,0.7759279309314423,11,0.8403675946684376,33,0.8719884711359966,5,0.9253024813993121,7,0.9426122608399503,CD4 T Cells,CD4 T Cells,LGALS1,PTPRC,0.0004091192024309187,-5.149936824425978e-05,0.0008697377731060971,56,0.0817132767159251,0.49251521220570327,11,0.9982346922484276,33,0.9985402362511504,5,0.999685310714819,7,0.9995817355151109
Non-classical Monocytes|CD4 T Cells|ADAM15|ITGB1,Non-classical Monocytes,CD4 T Cells,ADAM15,ITGB1,-0.09181702107349132,-0.404003773700683,0.22036973155370038,52,0.5643153837825097,0.7778491269965525,8,0.004782821232319662,32,0.055855529062903045,5,0.1890402752254347,7,0.3319300041295094,Non-classical Monocytes,CD4 T Cells,ADAM15,ITGB1,0.2396825268696705,-0.050959966332675855,0.5303250200720169,56,0.10602674656077639,0.5560563594390482,11,0.7146735506874131,33,0.9522215204406993,5,0.9966656862367053,7,0.9945311291203209
NK Cells|Classical Monocytes|ANXA1|FPR1,NK Cells,Classical Monocytes,ANXA1,FPR1,-0.018521172002929354,-0.08161151975912827,0.04456917575326956,56,0.5650353370415567,0.7783820129746518,11,0.8905004126134581,33,0.9120177728056216,5,0.9232700190311821,7,0.9633085512262749,NK Cells,Classical Monocytes,ANXA1,FPR1,0.00015643836899070784,-0.00029766178499110766,0.0006105385229725233,56,0.49954150917003737,0.6889384231441469,11,0.998761190515108,33,0.9989681177801907,5,0.9996931825264321,7,0.9997436714225241
B Cells|Non-classical Monocytes|CALR|LRP1,B Cells,Non-classical Monocytes,CALR,LRP1,-0.05099702019968248,-0.2252043076523762,0.12321026725301122,56,0.5661335236685204,0.7789757087601621,11,0.16304054004444035,33,0.23096349453634576,5,0.02415521747799336,7,0.14307519216958126,B Cells,Non-classical Monocytes,CALR,LRP1,0.0030430167623439752,-0.0018952296636240542,0.007981263188312004,56,0.2271406235231156,0.5900226619420714,11,0.9902828476778212,33,0.9899455140972353,5,0.9953329527492736,7,0.9919526024063438
NK Cells|NK Cells|MIF|CD74_CXCR4,NK Cells,NK Cells,MIF,CD74_CXCR4,0.02048968623233638,-0.049637993021630744,0.0906173654863035,56,0.5668775306850062,0.7795400672258478,11,0.9425184613643268,33,0.9665332610784659,5,0.9471757988815002,7,0.9507009123633029,NK Cells,NK Cells,MIF,CD74_CXCR4,0.00019883157566180643,-7.610604879270609e-05,0.00047376920011631894,56,0.15635948891363885,0.5560563594390482,11,0.999692710493142,33,0.9998077348888222,5,0.9998080193333279,7,0.9997242121533463
Classical Monocytes|Non-classical Monocytes|MIF|CD44_CD74,Classical Monocytes,Non-classical Monocytes,MIF,CD44_CD74,-0.023869205694123208,-0.10603487948042058,0.05829646809217416,56,0.5691041315785936,0.7803212320169098,11,0.9464546242157321,33,0.9007645758612508,5,0.8949970150669554,7,0.8731761724065973,Classical Monocytes,Non-classical Monocytes,MIF,CD44_CD74,-0.00030503285667293767,-0.0008076585599456584,0.00019759284659978302,56,0.2342585113285398,0.5900226619420714,11,0.9993975863204373,33,0.9986249365974569,5,0.9995828578159356,7,0.9991152409496281
CD4 T Cells|CD4 T Cells|CLEC2D|KLRB1,CD4 T Cells,CD4 T Cells,CLEC2D,KLRB1,-0.0903823598761157,-0.4015182064770733,0.2207534867248419,56,0.5691165131155449,0.7803212320169098,11,0.210636892597916,33,0.2246081114616811,5,0.3813796238005404,7,0.48573320254042124,CD4 T Cells,CD4 T Cells,CLEC2D,KLRB1,-0.0007809237752375298,-0.004641154232427145,0.003079306681952086,56,0.6917359980924536,0.8224837701016479,11,0.9909265108221267,33,0.9882758003668135,5,0.9974293336420063,7,0.9955595469619306
Non-classical Monocytes|Non-classical Monocytes|VCAN|TLR2,Non-classical Monocytes,Non-classical Monocytes,VCAN,TLR2,0.09939696196241474,-0.24257319325887625,0.4413671171837057,55,0.5688929570383557,0.7803212320169098,10,0.19234951623933133,33,0.5191240571727957,5,0.08503989244286916,7,0.31241747141391885,Non-classical Monocytes,Non-classical Monocytes,VCAN,TLR2,0.09408211811471845,-0.09097871105464897,0.27914294728408584,56,0.31904808329914947,0.5900226619420714,11,0.8998469005159676,33,0.9932938740942401,5,0.9944235969354054,7,0.9937884523989594
CD4 T Cells|Classical Monocytes|MIF|CD44_CD74,CD4 T Cells,Classical Monocytes,MIF,CD44_CD74,-0.006953236954156949,-0.030991863409224846,0.017085389500910948,56,0.5707652596259781,0.7807480264948208,11,0.9778154857742251,33,0.9679834645392322,5,0.9686539628229907,7,0.9657751785421548,CD4 T Cells,Classical Monocytes,MIF,CD44_CD74,-1.9837124436983267e-05,-0.00017304497035122815,0.00013337072147726162,56,0.7996707582662537,0.8825525089934522,11,0.9997384187886045,33,0.9995820876783387,5,0.9998731808925552,7,0.9997366869067263
Non-classical Monocytes|NK Cells|ADAM15|ITGB1,Non-classical Monocytes,NK Cells,ADAM15,ITGB1,0.09494892267079902,-0.23305395148894248,0.4229517968305405,52,0.5704680502801471,0.7807480264948208,8,0.006080722295043688,32,0.16567473154409923,5,0.3441221745118188,7,0.40876726109007533,Non-classical Monocytes,NK Cells,ADAM15,ITGB1,0.2424280232539654,-0.04918923388535135,0.5340452803932821,56,0.10323632324067848,0.5560563594390482,11,0.7170845336635618,33,0.9573727970457142,5,0.9973226673630122,7,0.9951829074911992
Classical Monocytes|B Cells|SIRPA|CD47,Classical Monocytes,B Cells,SIRPA,CD47,-0.045760314779779744,-0.20491580383949157,0.11339517427993209,55,0.5730754229257335,0.7813144895309638,10,0.037664216015593686,33,0.09702323051449842,5,0.0,7,0.10511932927868448,Classical Monocytes,B Cells,SIRPA,CD47,0.09106332729971522,-0.09373291988590682,0.27585957448533727,56,0.334131739239913,0.5900226619420714,11,0.8985974795794099,33,0.9862960171460428,5,0.9952479913349037,7,0.9918832016018213
CD4 T Cells|Classical Monocytes|LGALS1|ITGB1,CD4 T Cells,Classical Monocytes,LGALS1,ITGB1,0.08313407230692504,-0.20596645640012623,0.3722346010139763,56,0.5730199596815906,0.7813144895309638,11,0.02362276738990009,33,0.26229514293359146,5,0.24553068810012108,7,0.4010689913368874,CD4 T Cells,Classical Monocytes,LGALS1,ITGB1,0.0048680021514098115,0.0016457436958256379,0.008090260606993985,56,0.003066414427466931,0.12104049386072421,11,0.9861798391740813,33,0.9897310000513575,5,0.9969073210199589,7,0.9955904797458254
Non-classical Monocytes|Non-classical Monocytes|HMGB1|CXCR4,Non-classical Monocytes,Non-classical Monocytes,HMGB1,CXCR4,-0.00906046937241245,-0.04060969347642235,0.02248875473159745,56,0.5735216424223006,0.7813144895309638,11,0.9531612677460427,33,0.9322592879776883,5,0.9778216915218246,7,0.9659801811258827,Non-classical Monocytes,Non-classical Monocytes,HMGB1,CXCR4,-0.00020959232149486695,-0.0006209019186451468,0.00020171727565541285,56,0.31791823789428375,0.5900226619420714,11,0.9994592479188682,33,0.9990741481880865,5,0.9998943976382932,7,0.9997188902290065
NK Cells|NK Cells|HLA-B|CD3D,NK Cells,NK Cells,HLA-B,CD3D,0.00286280719258325,-0.007053862135451118,0.012779476520617618,48,0.5715196351380044,0.7813144895309638,8,0.9883837557770572,28,0.9921706466222104,5,0.999072811461444,7,0.999996895114014,NK Cells,NK Cells,HLA-B,CD3D,0.12121930162411265,-0.19453749969499545,0.43697610294322076,56,0.45179141558978275,0.6642847591249715,11,0.7271725441025191,33,0.8483957324456268,5,0.9999960833788368,7,0.9999999700978319
Non-classical Monocytes|Non-classical Monocytes|IL16|CD4,Non-classical Monocytes,Non-classical Monocytes,IL16,CD4,-0.043633250580446925,-0.19543604507704926,0.10816954391615541,53,0.5731898706472083,0.7813144895309638,11,0.09852439642463091,30,0.02835100875581128,5,0.07142889377276437,7,0.04488875668439166,Non-classical Monocytes,Non-classical Monocytes,IL16,CD4,-0.08999933323130838,-0.18960935932466155,0.0096106928620448,56,0.0765839170526592,0.4776247420339505,11,0.9886428402578578,33,0.8936012405622096,5,0.9959762930880821,7,0.9909340266237424
B Cells|Classical Monocytes|CD47|SIRPA,B Cells,Classical Monocytes,CD47,SIRPA,-0.045760314779779744,-0.20491580383949157,0.11339517427993209,55,0.5730754229257335,0.7813144895309638,10,0.037664216015593686,33,0.09702323051449842,5,0.0,7,0.10511932927868448,B Cells,Classical Monocytes,CD47,SIRPA,0.09106332729971522,-0.09373291988590682,0.27585957448533727,56,0.334131739239913,0.5900226619420714,11,0.8985974795794099,33,0.9862960171460428,5,0.9952479913349037,7,0.9918832016018213
CD4 T Cells|CD8 T Cells|MIF|CD44_CD74,CD4 T Cells,CD8 T Cells,MIF,CD44_CD74,0.030742829138612926,-0.07654525594966942,0.13803091422689528,56,0.574376833906189,0.7820232694874352,11,0.9035964996683646,33,0.9237972919460332,5,0.8958416042363263,7,0.885299567375382,CD4 T Cells,CD8 T Cells,MIF,CD44_CD74,0.00037608189087579014,-8.403906737514274e-05,0.000836202849126723,56,0.10915888420125029,0.5560563594390482,11,0.998936639706221,33,0.9990159791154356,5,0.9996013652936068,7,0.9993046228119455
Classical Monocytes|CD8 T Cells|LGALS1|ITGB1,Classical Monocytes,CD8 T Cells,LGALS1,ITGB1,-0.012045812524325794,-0.05420617976257213,0.030114554713920542,53,0.5754866685588151,0.7826216488554649,9,0.9727405445567006,32,0.9812705242881694,5,0.9425376306308021,7,0.9631134228865967,Classical Monocytes,CD8 T Cells,LGALS1,ITGB1,0.15159370568094432,-0.10619281211801712,0.40938022347990577,56,0.24908501650876136,0.5900226619420714,11,0.8179044155023046,33,0.9694897050779684,5,0.9997701572552181,7,0.9997617411499375
Non-classical Monocytes|Non-classical Monocytes|ICAM1|ITGAL_ITGB2,Non-classical Monocytes,Non-classical Monocytes,ICAM1,ITGAL_ITGB2,0.021551328622635355,-0.05384036116578493,0.09694301841105564,47,0.5752941481802245,0.7826216488554649,9,0.024852649240269,26,0.048616203491190585,5,0.0,7,0.0022122256282862286,Non-classical Monocytes,Non-classical Monocytes,ICAM1,ITGAL_ITGB2,-0.030340522696645555,-0.31473414492917146,0.25405309953588034,56,0.8343712030832183,0.9075242792813555,11,0.8061894314005944,33,0.7711432455381868,5,0.9934008494891018,7,0.9886951863233396
CD8 T Cells|Classical Monocytes|HLA-F|LILRB2,CD8 T Cells,Classical Monocytes,HLA-F,LILRB2,-0.06257052719924905,-0.2826748344833921,0.157533780084894,56,0.5774098478584657,0.7829955837174655,11,0.5363073554387054,33,0.6263986612638812,5,0.518476022050727,7,0.6711378550751518,CD8 T Cells,Classical Monocytes,HLA-F,LILRB2,0.0010735751154935524,-0.00040233807987887253,0.0025494883108659774,56,0.15396295557096404,0.5560563594390482,11,0.9949353523004738,33,0.9955524390333857,5,0.9980959181728508,7,0.9976394297902692
NK Cells|NK Cells|VIM|CD44,NK Cells,NK Cells,VIM,CD44,0.041645140159620286,-0.1049498154598077,0.18824009577904827,56,0.5776691946595507,0.7829955837174655,11,0.7266035447834768,33,0.8335728003356615,5,0.886914783909156,7,0.9522388993017205,NK Cells,NK Cells,VIM,CD44,0.0009147725240573612,-9.975776907814884e-05,0.0019293028171928712,56,0.07718760021981357,0.4776247420339505,11,0.9969895535740996,33,0.9980075937639626,5,0.9995813957259806,7,0.9996846633917863
B Cells|CD8 T Cells|LGALS1|ITGB1,B Cells,CD8 T Cells,LGALS1,ITGB1,-0.09224807106402176,-0.41705942172107885,0.2325632795930353,51,0.5777736148801683,0.7829955837174655,8,0.0480011838878072,32,0.21783530285295308,5,0.00879459436604586,6,0.2708767843952135,B Cells,CD8 T Cells,LGALS1,ITGB1,0.38697035033284266,-0.030861186387645678,0.804801887053331,56,0.06949312666547663,0.4776247420339505,11,0.7135188424976424,33,0.9579370414514651,5,0.9943624677181241,7,0.8518103163391041
Classical Monocytes|Non-classical Monocytes|TIMP1|CD63,Classical Monocytes,Non-classical Monocytes,TIMP1,CD63,0.014528505019704707,-0.036569963006608065,0.06562697304601747,56,0.577346935938762,0.7829955837174655,11,0.9106685183474265,33,0.956467610736955,5,0.9273787267416065,7,0.9586493141114303,Classical Monocytes,Non-classical Monocytes,TIMP1,CD63,0.0004887673012162752,8.674224725336498e-05,0.0008907923551791854,56,0.017179087386355766,0.2902624868168367,11,0.9989900853846677,33,0.9994715152496321,5,0.9997120940917824,7,0.9997047566555305
NK Cells|CD4 T Cells|LGALS1|PTPRC,NK Cells,CD4 T Cells,LGALS1,PTPRC,0.005361630141130891,-0.01350346291991636,0.02422672320217814,56,0.5775004428174069,0.7829955837174655,11,0.9698453245467838,33,0.9746848523595119,5,0.981135957197641,7,0.9806138548692381,NK Cells,CD4 T Cells,LGALS1,PTPRC,0.00013717516705791244,-2.9529727419964034e-05,0.0003038800615357889,56,0.10679222500838025,0.5560563594390482,11,0.9996491486317737,33,0.999730379873507,5,0.9999172553928822,7,0.9998613114675576
Non-classical Monocytes|CD8 T Cells|VCAN|ITGA4,Non-classical Monocytes,CD8 T Cells,VCAN,ITGA4,0.08123970363870961,-0.20537718344723102,0.36785659072465027,55,0.5785259598965766,0.7831061544107283,10,0.21320250046840128,33,0.5279039275813384,5,0.09997531685022601,7,0.33343704032445354,Non-classical Monocytes,CD8 T Cells,VCAN,ITGA4,0.09544026439080977,-0.08959856914857176,0.2804790979301913,56,0.31205466058621867,0.5900226619420714,11,0.8998545878482346,33,0.9940786988853245,5,0.9954914214515937,7,0.9942752680978739
NK Cells|B Cells|SPON2|ITGB1,NK Cells,B Cells,SPON2,ITGB1,0.09594158941396869,-0.24297566440851065,0.434858843236448,45,0.579009734290323,0.7833069116847649,8,0.8595612047965621,25,0.8529582939313515,5,0.6428428489486011,7,0.5402983486694218,NK Cells,B Cells,SPON2,ITGB1,0.03219077307125562,-0.29368881356648424,0.3580703597089955,56,0.8464831680104686,0.9131604847978376,11,0.7260808547820461,33,0.7561887002113431,5,0.9985358508362221,7,0.9964529231942635
CD4 T Cells|B Cells|S100A9|ITGB2,CD4 T Cells,B Cells,S100A9,ITGB2,0.1500216424252906,-0.3812527979708773,0.6812960828214585,54,0.579951215486616,0.7837983499101696,11,0.16020061630981217,32,0.6048256410615199,5,0.16997059440038526,6,0.4645739767268024,CD4 T Cells,B Cells,S100A9,ITGB2,0.11931330998580869,-0.18764579499039657,0.42627241496201396,56,0.44616315390766825,0.6642847591249715,11,0.9884747689866719,33,0.9654479295491608,5,0.9954230488847557,7,0.853082899461436
Non-classical Monocytes|NK Cells|HMGB1|CXCR4,Non-classical Monocytes,NK Cells,HMGB1,CXCR4,-0.004039430432267843,-0.018451231865129765,0.010372371000594077,56,0.5827645638289549,0.7865637321043987,11,0.9749926503316574,33,0.971977298829833,5,0.9949781732215641,7,0.9960022521520076,Non-classical Monocytes,NK Cells,HMGB1,CXCR4,-0.00011620908529397234,-0.00033246165455135294,0.00010004348396340827,56,0.2922315062914892,0.5900226619420714,11,0.9997130442405177,33,0.9995926246217647,5,0.9999759879268517,7,0.9999717773933927
CD8 T Cells|Classical Monocytes|SELPLG|ITGAM,CD8 T Cells,Classical Monocytes,SELPLG,ITGAM,0.029873611306112935,-0.07702262324325877,0.13676984585548463,56,0.5838713498005361,0.7876023118337676,11,0.014884574535403735,33,0.13762769574670028,5,0.0,7,0.09286950990518361,CD8 T Cells,Classical Monocytes,SELPLG,ITGAM,0.0021203887012848366,-0.0010087519133207194,0.005249529315890393,56,0.1841372793007584,0.5900226619420714,11,0.9879482299852335,33,0.9875262639323736,5,0.9945961298390106,7,0.9920537750848659
B Cells|Classical Monocytes|HLA-F|LILRB2,B Cells,Classical Monocytes,HLA-F,LILRB2,-0.08315209073418744,-0.3814087064501487,0.2151045249817738,56,0.5847732949722354,0.7883635356582965,11,0.21242937819445284,33,0.4406147888313723,5,0.16611402895081323,7,0.4774515303219201,B Cells,Classical Monocytes,HLA-F,LILRB2,0.0025535626228970765,0.0002981762747768313,0.004808948971017322,56,0.026481040078548183,0.34727128928172674,11,0.9911575968311552,33,0.9933197599411264,5,0.9967356854039698,7,0.996344285891044
Classical Monocytes|CD8 T Cells|TNFSF13B|HLA-DPB1,Classical Monocytes,CD8 T Cells,TNFSF13B,HLA-DPB1,-0.029211480079889496,-0.1347206547496788,0.0762976945898998,56,0.5873780167009437,0.7909617468262419,11,0.847910399293766,33,0.9068900658983766,5,0.8239864124270675,7,0.9121775591115676,Classical Monocytes,CD8 T Cells,TNFSF13B,HLA-DPB1,0.00046885688269449055,-0.00023881654252733706,0.0011765303079163182,56,0.19410166849266153,0.5900226619420714,11,0.9983177351342782,33,0.998895672517391,5,0.9993089865684001,7,0.9994180670688183
CD8 T Cells|Non-classical Monocytes|LGALS1|ITGB1,CD8 T Cells,Non-classical Monocytes,LGALS1,ITGB1,0.08988087492454239,-0.2356729342756464,0.41543468412473117,56,0.5884257195264816,0.7914597091557227,11,0.4088177027418288,33,0.5560086073195802,5,0.2579352427585663,7,0.3152452724117753,CD8 T Cells,Non-classical Monocytes,LGALS1,ITGB1,0.0037111469331809754,0.00023181857943425314,0.007190475286927698,56,0.03656830732974274,0.40101408534417127,11,0.9933653130699578,33,0.9946538879962049,5,0.9970344239917172,7,0.9946118519847833
Non-classical Monocytes|B Cells|HBEGF|CD82,Non-classical Monocytes,B Cells,HBEGF,CD82,-0.052927675768682174,-0.24529706025220369,0.13944170871483932,43,0.5897102479900875,0.7920823605684866,8,0.0,23,0.0604948520767817,5,0.0,7,0.11342252784546387,Non-classical Monocytes,B Cells,HBEGF,CD82,-0.027786144272256674,-0.3528560684135539,0.29728377986904053,56,0.866950920314613,0.919632978563849,11,0.7132035651505224,33,0.681957350628009,5,0.9944903973028616,7,0.9910303270526047
NK Cells|B Cells|MIF|CD44_CD74,NK Cells,B Cells,MIF,CD44_CD74,0.08074971325559754,-0.21287281163011906,0.37437223814131415,56,0.5898774809043301,0.7920823605684866,11,0.8311695516094075,33,0.8643189691907696,5,0.758118716477979,7,0.7105184208037435,NK Cells,B Cells,MIF,CD44_CD74,0.0007524540168554195,-0.00046446885854283947,0.001969376892253678,56,0.2255525685003883,0.5900226619420714,11,0.9982011732486129,33,0.998225179539064,5,0.9990605440106025,7,0.9983320962841982
Non-classical Monocytes|Classical Monocytes|VCAN|TLR2,Non-classical Monocytes,Classical Monocytes,VCAN,TLR2,0.10416827649559302,-0.2760292802214763,0.48436583321266236,55,0.5912676462007015,0.7926436646129489,10,0.2925030423626136,33,0.594156564146851,5,0.26153445816752374,7,0.45901970345616816,Non-classical Monocytes,Classical Monocytes,VCAN,TLR2,0.094568555029103,-0.09081190537820596,0.27994901543641193,56,0.31738752068857345,0.5900226619420714,11,0.9016082710501316,33,0.9948732017137055,5,0.99667000707,7,0.9953663827044709
Non-classical Monocytes|NK Cells|CLEC2B|KLRF1,Non-classical Monocytes,NK Cells,CLEC2B,KLRF1,0.042213831016560066,-0.11217363828395643,0.19660130031707657,55,0.5920216492869306,0.7926436646129489,11,0.9740945919513337,33,0.9076799940521022,5,0.8774247769890383,6,0.7687963480732467,Non-classical Monocytes,NK Cells,CLEC2B,KLRF1,0.14318628233872632,-0.15867790048084957,0.4450504651583022,56,0.35253188063549856,0.5900226619420714,11,0.9996892969483501,33,0.9989276017836766,5,0.9994829809594137,7,0.8555350034560139
B Cells|Non-classical Monocytes|LGALS1|PTPRC,B Cells,Non-classical Monocytes,LGALS1,PTPRC,-0.01860767238220462,-0.08695969713265136,0.04974435236824212,53,0.5936413177391817,0.7929934078495362,9,0.855586871516521,33,0.875988432499069,5,0.9195411050495086,6,0.9585503384142612,B Cells,Non-classical Monocytes,LGALS1,PTPRC,0.3245568445716598,-0.06795311130022885,0.7170668004435484,56,0.1050935609817647,0.5560563594390482,11,0.8168608427719232,33,0.9986314816873713,5,0.9996618979093805,7,0.8568756922531688
NK Cells|B Cells|SPON2|ITGB2,NK Cells,B Cells,SPON2,ITGB2,0.0963126161159783,-0.2571270946298986,0.4497523268618552,56,0.5932780079716594,0.7929934078495362,11,0.9525440915813476,33,0.9242889151124151,5,0.7244118059637721,7,0.5998440133788613,NK Cells,B Cells,SPON2,ITGB2,0.0020593135710353927,-0.0012020781362807667,0.005320705278351552,56,0.2158778307117063,0.5900226619420714,11,0.9994530315136224,33,0.9990480678284901,5,0.9989001088220315,7,0.9964358315658638
Non-classical Monocytes|NK Cells|ICAM1|IL2RG,Non-classical Monocytes,NK Cells,ICAM1,IL2RG,-0.05265330647652322,-0.24601221664069725,0.1407056036876508,47,0.5935386093012944,0.7929934078495362,9,0.6759088696144451,26,0.7219775837742267,5,0.6978937687899547,7,0.7966157894262595,Non-classical Monocytes,NK Cells,ICAM1,IL2RG,-0.02994028974476448,-0.31794630674677254,0.2580657272572436,56,0.8385470666057916,0.909125608101884,11,0.815238699919043,33,0.7849457444422612,5,0.9988315843901123,7,0.9984789186580949
B Cells|NK Cells|ADAM28|ITGA4,B Cells,NK Cells,ADAM28,ITGA4,-0.08277276507938419,-0.3873939795408607,0.2218484493820923,56,0.5943323686029682,0.7934625961623389,11,0.2430621092198131,33,0.22225142053699787,5,0.17941700843885305,7,0.24137908483542198,B Cells,NK Cells,ADAM28,ITGA4,0.00015229429816654427,-0.0037573049487223398,0.004061893545055428,56,0.9391419831608946,0.9660566946409525,11,0.9913141388272944,33,0.9889965606612929,5,0.9966210862928065,7,0.9941512138286386
Non-classical Monocytes|B Cells|S100A8|CD69,Non-classical Monocytes,B Cells,S100A8,CD69,0.0008746241737103144,-0.0023684468212009126,0.004117695168621541,56,0.5970948232346756,0.794425306127047,11,0.9977451278711662,33,0.9998704242658794,5,0.9985720282262612,7,0.9998227004472641,Non-classical Monocytes,B Cells,S100A8,CD69,2.118754819890878e-05,-1.0622558447808058e-05,5.2997654845625616e-05,56,0.19173615675778977,0.5900226619420714,11,0.9999723449697686,33,0.9999981675948943,5,0.9999935874510621,7,0.999998222527989
CD4 T Cells|NK Cells|HLA-B|CD3D,CD4 T Cells,NK Cells,HLA-B,CD3D,0.003922400710013374,-0.01059790693022022,0.018442708350246965,48,0.5964939300964355,0.794425306127047,8,0.9810130923006392,28,0.9867698886999394,5,0.9981379351948074,7,0.9999723308840943,CD4 T Cells,NK Cells,HLA-B,CD3D,0.12121702508642618,-0.1945134113235119,0.43694746149636426,56,0.4517621392686022,0.6642847591249715,11,0.7271101863396782,33,0.8483346837346536,5,0.999992305144486,7,0.9999997774530353
Non-classical Monocytes|Classical Monocytes|HLA-DMA|CD4,Non-classical Monocytes,Classical Monocytes,HLA-DMA,CD4,-0.03397156255989664,-0.15992001858719693,0.09197689346740365,56,0.5970461317532973,0.794425306127047,11,0.7908285110260017,33,0.7190456137952073,5,0.8778455949903845,7,0.8400342603194867,Non-classical Monocytes,Classical Monocytes,HLA-DMA,CD4,-0.00045267133467818965,-0.0022180320527357073,0.001312689383379328,56,0.6152657587522379,0.7633068421183709,11,0.9976657768084448,33,0.9961442834162307,5,0.999499917387492,7,0.9984310953299561
Non-classical Monocytes|CD4 T Cells|VCAN|ITGB1,Non-classical Monocytes,CD4 T Cells,VCAN,ITGB1,0.09445707806155368,-0.25433110224558764,0.443245258368695,55,0.5955659142935239,0.794425306127047,10,0.4258854399843382,33,0.6829518204122365,5,0.5949185570446958,7,0.7575278594110404,Non-classical Monocytes,CD4 T Cells,VCAN,ITGB1,0.09305243755826198,-0.09265516085708245,0.27876003597360643,56,0.3260612121153258,0.5900226619420714,11,0.90332746106523,33,0.9961592779129499,5,0.9984230661217595,7,0.9982024454112174
Non-classical Monocytes|NK Cells|HBEGF|CD44,Non-classical Monocytes,NK Cells,HBEGF,CD44,0.08929071842974212,-0.24154986537689704,0.4201313022363813,45,0.5968223848241339,0.794425306127047,8,0.10252695250429245,25,0.298267389470372,5,0.4817040207431118,7,0.5881537392794493,Non-classical Monocytes,NK Cells,HBEGF,CD44,0.03085122219278913,-0.29185134227087456,0.3535537866564528,56,0.8513644570168711,0.9132767039577688,11,0.7189570386527427,33,0.7487953274248359,5,0.9979989843897347,7,0.9969860509690387
Non-classical Monocytes|NK Cells|APP|PTGER2,Non-classical Monocytes,NK Cells,APP,PTGER2,-0.026117010007615293,-0.12331172118503199,0.0710777011698014,49,0.5984309153381018,0.7948442476191511,6,0.016031601998221384,31,0.030460502437584077,5,0.0,7,0.04054591044697799,Non-classical Monocytes,NK Cells,APP,PTGER2,0.3899197238805583,0.061497083139563424,0.7183423646215532,56,0.01996702677826479,0.296672869968218,11,0.5356609079584015,33,0.9223740304650453,5,0.9932122138924644,7,0.9900056125185499
CD8 T Cells|Classical Monocytes|HMGB1|TLR2,CD8 T Cells,Classical Monocytes,HMGB1,TLR2,-0.019354888960251948,-0.09134617276958856,0.05263639484908467,56,0.598237201952706,0.7948442476191511,11,0.8424457377684941,33,0.8727672754010861,5,0.8629896042948267,7,0.9126660308876707,CD8 T Cells,Classical Monocytes,HMGB1,TLR2,0.0002606226786977528,-0.00030875193561480754,0.0008299972930103131,56,0.36964204059568617,0.6029760624462895,11,0.9982420811097801,33,0.998472317171399,5,0.9994159347523329,7,0.999385548135254
Classical Monocytes|NK Cells|CD14|ITGB1,Classical Monocytes,NK Cells,CD14,ITGB1,-0.008312262662060643,-0.039223595510187934,0.02259907018606665,56,0.5981607211741072,0.7948442476191511,11,0.950140250568584,33,0.9487187977666054,5,0.9656586890709121,7,0.9725494989309942,Classical Monocytes,NK Cells,CD14,ITGB1,1.752210430416845e-05,-0.00021906292600332592,0.0002541071346116628,56,0.8845845121320596,0.9294055394234644,11,0.999417000001526,33,0.9993852643957034,5,0.9998535525300621,7,0.9998042948199354
B Cells|CD8 T Cells|FAM3C|LAMP1,B Cells,CD8 T Cells,FAM3C,LAMP1,0.038957940114810755,-0.10665334713901918,0.18456922736864068,56,0.6000118156950542,0.7960329011775572,11,0.10817420757890252,33,0.23239158540345822,5,0.0,7,0.08525943770974495,B Cells,CD8 T Cells,FAM3C,LAMP1,0.002229567654139175,-0.0013007593184220867,0.005759894626700437,56,0.21578670103834985,0.5900226619420714,11,0.9898242999748011,33,0.9893421294110815,5,0.9948816086876674,7,0.9921698704698085
Non-classical Monocytes|CD4 T Cells|HLA-DRB5|CD4,Non-classical Monocytes,CD4 T Cells,HLA-DRB5,CD4,0.1948738904945112,-0.5341704262385006,0.923918207227523,49,0.6003485820015753,0.7960329011775572,9,0.5108983635552521,28,0.6698138417773957,5,0.5557111963548893,7,0.5197527840825217,Non-classical Monocytes,CD4 T Cells,HLA-DRB5,CD4,0.03296982234390955,-0.2453216712140393,0.3112613159018584,56,0.816381618453306,0.8969668375405283,11,0.8104418852383564,33,0.8419416066767438,5,0.995768076041637,7,0.9942979751361148
Classical Monocytes|CD4 T Cells|ADAM15|ITGB1,Classical Monocytes,CD4 T Cells,ADAM15,ITGB1,-0.07388825808753136,-0.35016785625379954,0.20239134007873683,53,0.6001581707807098,0.7960329011775572,10,0.0170619606458454,31,0.06999897415893759,5,0.18347446429586772,7,0.3102997358964913,Classical Monocytes,CD4 T Cells,ADAM15,ITGB1,0.029777234537863184,-0.171821998970597,0.23137646804632336,56,0.7722013259931904,0.858763145651957,11,0.8946012778012116,33,0.9226360326016357,5,0.9965335542544403,7,0.9947910745170013
CD8 T Cells|Non-classical Monocytes|PSAP|LRP1,CD8 T Cells,Non-classical Monocytes,PSAP,LRP1,0.05363346412578071,-0.14739552369921236,0.25466245195077375,56,0.6010383045617463,0.796495142537842,11,0.1147019668133598,33,0.2745239444758822,5,0.06070182260091317,7,0.16689033613765483,CD8 T Cells,Non-classical Monocytes,PSAP,LRP1,0.00256771785212051,-3.030372632147711e-05,0.005165739430562498,56,0.05273279543506282,0.4653450691085861,11,0.9901328768775328,33,0.9906943830300945,5,0.9953471592511326,7,0.9933409475515738
Non-classical Monocytes|NK Cells|HLA-B|CD3D,Non-classical Monocytes,NK Cells,HLA-B,CD3D,0.003302004435831729,-0.009133332113572335,0.01573734098523579,48,0.6027589979301398,0.797869761999363,8,0.98350075148043,28,0.9884865193236688,5,0.9982698733827411,7,0.9999536367901481,Non-classical Monocytes,NK Cells,HLA-B,CD3D,0.12121296138252169,-0.19452627519727406,0.43695219796231743,56,0.4517899121275042,0.6642847591249715,11,0.727131603569203,33,0.8483513949403445,5,0.9999928109804586,7,0.9999996409690783
Classical Monocytes|CD8 T Cells|HLA-C|CD8A,Classical Monocytes,CD8 T Cells,HLA-C,CD8A,-0.002008846497175587,-0.009590441199932652,0.005572748205581477,56,0.60353825022715,0.7984486199888925,11,0.9964262186939798,33,0.9967647965221546,5,0.9918594672931735,7,0.9942068916185238,Classical Monocytes,CD8 T Cells,HLA-C,CD8A,1.0057130418905658e-05,-3.381100870603753e-05,5.3925269543848846e-05,56,0.6531879889237778,0.7952016122778233,11,0.9999559526956495,33,0.9999603444456645,5,0.9999646025279576,7,0.9999589371475537
CD8 T Cells|NK Cells|MIF|CD74_CXCR4,CD8 T Cells,NK Cells,MIF,CD74_CXCR4,0.01926139736584387,-0.05354456802633309,0.09206736275802083,56,0.6040926741964716,0.798671834709142,11,0.9428755769648348,33,0.9615657336399379,5,0.9490563197433642,7,0.9484850790526235,CD8 T Cells,NK Cells,MIF,CD74_CXCR4,0.00019073036094074958,-9.140326377857937e-05,0.00047286398566007853,56,0.1851739898529351,0.5900226619420714,11,0.9996874908044489,33,0.9997812243985719,5,0.9998175498066025,7,0.9997205530397848
Classical Monocytes|B Cells|TGFB1|CXCR4,Classical Monocytes,B Cells,TGFB1,CXCR4,0.010850853083216871,-0.030439705829440777,0.05214141199587452,55,0.6065082844411809,0.8005635071623276,11,0.9963382759917792,33,0.9904933191378881,5,0.9854029102589438,6,0.9687071003218358,Classical Monocytes,B Cells,TGFB1,CXCR4,0.14287825549487754,-0.15948883443967354,0.4452453454294286,56,0.3543698291837546,0.5900226619420714,11,0.9999542384555681,33,0.999857854611008,5,0.9999418105847238,7,0.8569671712452861
CD8 T Cells|NK Cells|CALM1|PTPRA,CD8 T Cells,NK Cells,CALM1,PTPRA,-0.01245134391523417,-0.05991674016947852,0.03501405233901018,56,0.6071492997802523,0.8009568446253612,11,0.9205415159096102,33,0.9085938534157536,5,0.9153106720690012,7,0.9158143534903788,CD8 T Cells,NK Cells,CALM1,PTPRA,1.4626449125532126e-05,-0.00027527573931167157,0.0003045286375627358,56,0.9212286596323568,0.9525133576705005,11,0.9990898049016882,33,0.9988774417507944,5,0.9996581909490739,7,0.9994312013490546
CD4 T Cells|Non-classical Monocytes|GNAI2|FPR1,CD4 T Cells,Non-classical Monocytes,GNAI2,FPR1,-0.06105862805976618,-0.2942141278510316,0.1720968717314993,55,0.6077595007371124,0.8011674501010293,10,0.08264429400478009,33,0.24556072381079747,5,0.00456000071971842,7,0.228535058585502,CD4 T Cells,Non-classical Monocytes,GNAI2,FPR1,0.09385958342700207,-0.09056180701301556,0.27828097386701967,56,0.31851906910497474,0.5900226619420714,11,0.8968818898594147,33,0.9898126598788196,5,0.9946650026588528,7,0.9937361892512556
NK Cells|B Cells|VIM|CD44,NK Cells,B Cells,VIM,CD44,-0.029647479028814816,-0.1430411404560143,0.08374618239838467,56,0.6083397499882175,0.8011693830922098,11,0.7942679031280794,33,0.8198257063699889,5,0.8818679070808976,7,0.9370731893516219,NK Cells,B Cells,VIM,CD44,0.0001757078008174373,-0.0005093171744618692,0.0008607327760967438,56,0.6151558024801661,0.7633068421183709,11,0.9977464018959281,33,0.9979453499570414,5,0.9995518512790842,7,0.9995750915393801
B Cells|NK Cells|MIF|CD74_CXCR4,B Cells,NK Cells,MIF,CD74_CXCR4,0.01973232601314745,-0.05619162310627332,0.09565627513256822,56,0.610481211536227,0.8020073586015966,11,0.9275297184990019,33,0.9502139132472719,5,0.942262802727343,7,0.9452146714624655,B Cells,NK Cells,MIF,CD74_CXCR4,0.00019763656174309752,-0.0001007803206957091,0.0004960534441819041,56,0.19426956824805708,0.5900226619420714,11,0.9996185674923402,33,0.9997253379423583,5,0.9997888017072268,7,0.9996979355955018
Non-classical Monocytes|NK Cells|MIF|CD44_CD74,Non-classical Monocytes,NK Cells,MIF,CD44_CD74,0.07503821825254753,-0.21338907937532625,0.3634655158804213,56,0.6101139281697407,0.8020073586015966,11,0.6889732968213564,33,0.7477761482796108,5,0.7603992747263449,7,0.7441639079320518,Non-classical Monocytes,NK Cells,MIF,CD44_CD74,0.00040882192750524293,-0.001015532984890277,0.0018331768399007628,56,0.5737387660556263,0.7391847098869524,11,0.9966502802743361,33,0.9964734475430653,5,0.9990836007258574,7,0.9984979460670814
Non-classical Monocytes|Non-classical Monocytes|S100A8|CD69,Non-classical Monocytes,Non-classical Monocytes,S100A8,CD69,-0.02067887402256008,-0.10017402919663017,0.05881628115151001,56,0.6101632212279515,0.8020073586015966,11,0.9146986982376588,33,0.9754615965456703,5,0.8943636675048054,7,0.975805439835377,Non-classical Monocytes,Non-classical Monocytes,S100A8,CD69,0.0003981204383133319,-0.00011521039011646618,0.0009114512667431299,56,0.12849195000668598,0.5560563594390482,11,0.9990936638194307,33,0.9997207205337354,5,0.9995947675020247,7,0.9998237037780161
CD4 T Cells|Classical Monocytes|CD28|CD86,CD4 T Cells,Classical Monocytes,CD28,CD86,-0.009150919509147612,-0.044573225831496525,0.0262713868132013,53,0.6126230978677627,0.8036376031018123,11,0.008278634216502191,30,0.010333702003024907,5,0.0,7,0.011205987295670327,CD4 T Cells,Classical Monocytes,CD28,CD86,-0.08891762717413343,-0.18799150746895193,0.010156253120685091,56,0.07856998025945876,0.4776247420339505,11,0.9822615016614918,33,0.8892000924452046,5,0.993422269852478,7,0.9892784878103241
Classical Monocytes|CD4 T Cells|CD86|CD28,Classical Monocytes,CD4 T Cells,CD86,CD28,-0.009150919509147612,-0.044573225831496525,0.0262713868132013,53,0.6126230978677627,0.8036376031018123,11,0.008278634216502191,30,0.010333702003024907,5,0.0,7,0.011205987295670327,Classical Monocytes,CD4 T Cells,CD86,CD28,-0.08891762717413343,-0.18799150746895193,0.010156253120685091,56,0.07856998025945876,0.4776247420339505,11,0.9822615016614918,33,0.8892000924452046,5,0.993422269852478,7,0.9892784878103241
Non-classical Monocytes|B Cells|TNFSF13B|HLA-DPB1,Non-classical Monocytes,B Cells,TNFSF13B,HLA-DPB1,0.000376708901519085,-0.0010890344455954076,0.0018424522486335776,56,0.6144525702427988,0.8042302418816901,11,0.9978551278219022,33,0.9985664668473678,5,0.9987464506119027,7,0.9990810807358492,Non-classical Monocytes,B Cells,TNFSF13B,HLA-DPB1,9.747184459896197e-06,-7.359306760249264e-06,2.6853675680041657e-05,56,0.26408982164498385,0.5900226619420714,11,0.9999726101715819,33,0.9999806292271413,5,0.9999935973562287,7,0.9999918692273282
Classical Monocytes|NK Cells|MIF|CD74_CXCR4,Classical Monocytes,NK Cells,MIF,CD74_CXCR4,0.030881312131809002,-0.08896819522895857,0.15073081949257658,56,0.6135456012117387,0.8042302418816901,11,0.8935284268273989,33,0.9156125361617226,5,0.9148319489132503,7,0.906034746115765,Classical Monocytes,NK Cells,MIF,CD74_CXCR4,0.00030282958006078164,-0.00014520517446710952,0.0007508643345886728,56,0.1852533212179298,0.5900226619420714,11,0.9994792109243328,33,0.9995769454240588,5,0.9996938979296617,7,0.999488802849327
CD4 T Cells|NK Cells|MIF|CD44_CD74,CD4 T Cells,NK Cells,MIF,CD44_CD74,0.06027120779562667,-0.1741061029121211,0.2946485185033745,56,0.6142516867600354,0.8042302418816901,11,0.7903449819101724,33,0.8680615105064036,5,0.8091044946407759,7,0.8265498154413804,CD4 T Cells,NK Cells,MIF,CD44_CD74,0.0007993181399941207,-0.00024750598464676286,0.0018461422646350043,56,0.134507870689202,0.5560563594390482,11,0.9977117863135324,33,0.9982545027237301,5,0.9992920235521664,7,0.9990354218223699
NK Cells|Non-classical Monocytes|PSAP|LRP1,NK Cells,Non-classical Monocytes,PSAP,LRP1,-0.07593984077651253,-0.3727362312903396,0.22085654973731458,56,0.6160288480421767,0.8044895750438941,11,0.4717446450115947,33,0.5601250472853626,5,0.2165785205687886,7,0.38089876361906905,NK Cells,Non-classical Monocytes,PSAP,LRP1,0.0015707447454570422,-0.0004226662743895709,0.0035641557653036554,56,0.12249399226236084,0.5560563594390482,11,0.9942158765133017,33,0.9944690759918394,5,0.9966946205932089,7,0.9953770753262896
Non-classical Monocytes|B Cells|LGALS1|PTPRC,Non-classical Monocytes,B Cells,LGALS1,PTPRC,-0.0008350379499008076,-0.004097943322677689,0.002427867422876074,56,0.6159551784932198,0.8044895750438941,11,0.9974524416007395,33,0.997857954044848,5,0.9971151288989908,7,0.9983556792930001,Non-classical Monocytes,B Cells,LGALS1,PTPRC,1.7432143072371176e-06,-2.327077672387689e-05,2.6757205338351125e-05,56,0.8913556325935205,0.9332794389773849,11,0.9999678036063745,33,0.9999728896485626,5,0.999984187303413,7,0.9999875301312938
Classical Monocytes|Non-classical Monocytes|LGALS1|CD69,Classical Monocytes,Non-classical Monocytes,LGALS1,CD69,0.003549516510886974,-0.010311851473917897,0.017410884495691843,56,0.6157427407105791,0.8044895750438941,11,0.9808866025745998,33,0.98620880181195,5,0.9891133741639205,7,0.9908860568903838,Classical Monocytes,Non-classical Monocytes,LGALS1,CD69,4.431874464350116e-05,-7.60030932765684e-05,0.00016464058256357073,56,0.4703416093681122,0.6642847591249715,11,0.999786994458498,33,0.9998171544234329,5,0.999949450301326,7,0.9999352915216174
Non-classical Monocytes|CD4 T Cells|VCAN|ITGA4,Non-classical Monocytes,CD4 T Cells,VCAN,ITGA4,0.0723763813973036,-0.21088691893755754,0.35563968173216476,54,0.6165197374275323,0.8046805963629334,10,0.21775404646568383,32,0.4998447343306671,5,0.08751114240096877,7,0.29722544886864843,Non-classical Monocytes,CD4 T Cells,VCAN,ITGA4,0.0646707313558258,-0.1298233883622766,0.25916485107392817,56,0.5145931086745261,0.7035023047942458,11,0.8997998088150091,33,0.9634750920577088,5,0.9951660273004155,7,0.9941705791872893
Classical Monocytes|NK Cells|ADAM10|CD44,Classical Monocytes,NK Cells,ADAM10,CD44,-0.08669850329602441,-0.42773694228371734,0.2543399356916685,56,0.6183005258236425,0.8059536538524127,11,0.1757055559033947,33,0.2603248385909322,5,0.38186981113209856,7,0.5531875971156605,Classical Monocytes,NK Cells,ADAM10,CD44,0.00017732057224884024,-0.0025274811765640414,0.002882122321061722,56,0.8977606384518815,0.9363980761111439,11,0.9907443766464072,33,0.9901033319799728,5,0.9976130869429222,7,0.9967947217042389
Classical Monocytes|Non-classical Monocytes|HLA-A|LILRB2,Classical Monocytes,Non-classical Monocytes,HLA-A,LILRB2,-0.0010069136925467959,-0.004982043738334414,0.002968216353240822,56,0.6195660850814051,0.8059536538524127,11,0.9966304455810657,33,0.996409362262665,5,0.9950340049068913,7,0.9958198352810373,Classical Monocytes,Non-classical Monocytes,HLA-A,LILRB2,6.734845761080521e-07,-3.5758115707249526e-05,3.710508485946563e-05,56,0.9710970252325832,0.9832112848100453,11,0.9999561106851211,33,0.9999511481881295,5,0.9999759620744255,7,0.9999703260928577
CD8 T Cells|Classical Monocytes|ICAM2|ITGAM_ITGB2,CD8 T Cells,Classical Monocytes,ICAM2,ITGAM_ITGB2,-0.03431676816013839,-0.16974841108420932,0.10111487476393252,49,0.6194488851471125,0.8059536538524127,11,0.01402445288448139,26,0.07627892911155096,5,0.0,7,0.09657124438720796,CD8 T Cells,Classical Monocytes,ICAM2,ITGAM_ITGB2,-0.207992063272319,-0.3497041684359858,-0.06627995810865223,56,0.004019136981752087,0.12333829047149045,11,0.9869434730630741,33,0.7758983628219154,5,0.9949005432366403,7,0.9918474962678007
Classical Monocytes|Classical Monocytes|LTB|TNFRSF1A,Classical Monocytes,Classical Monocytes,LTB,TNFRSF1A,-0.0346017192836703,-0.17230256565081792,0.10309912708347733,55,0.6223635775735324,0.8086916826011119,11,0.1048336497775695,33,0.10118985005276909,5,0.0,6,0.0309579195588699,Classical Monocytes,Classical Monocytes,LTB,TNFRSF1A,0.1418980480343205,-0.15720908212039658,0.44100517818903756,56,0.3524655499210214,0.5900226619420714,11,0.9877659899407436,33,0.9837622435040639,5,0.9934744991679599,7,0.8475727046969598
Non-classical Monocytes|NK Cells|LGALS1|PTPRC,Non-classical Monocytes,NK Cells,LGALS1,PTPRC,-0.0001691967840938835,-0.0008445547091045058,0.0005061611409167388,56,0.6234066942607033,0.8086970172770789,11,0.9994528847148684,33,0.9996227028737753,5,0.9995162654160099,7,0.9998552803590107,Non-classical Monocytes,NK Cells,LGALS1,PTPRC,3.208128834808477e-07,-5.56259380178241e-06,6.204219568744105e-06,56,0.9148891434606726,0.9470555310385997,11,0.9999926920368304,33,0.9999948626908759,5,0.9999970271742086,7,0.9999988770153706
CD8 T Cells|B Cells|MIF|TNFRSF14,CD8 T Cells,B Cells,MIF,TNFRSF14,0.0913096414142367,-0.27456859445683235,0.45718787728530574,56,0.6247465926934755,0.8092527261267399,11,0.6742323886547557,33,0.7595965171845098,5,0.5537527182967272,7,0.5478072054122447,CD8 T Cells,B Cells,MIF,TNFRSF14,0.0016794767282566347,0.00022266309503109986,0.0031362903614821696,56,0.02385044523888103,0.3201270895613675,11,0.996495307077457,33,0.9968978863170568,5,0.998348388197814,7,0.9970714907091571
CD4 T Cells|Classical Monocytes|HLA-A|APLP2,CD4 T Cells,Classical Monocytes,HLA-A,APLP2,-0.0001571115156826508,-0.0007868362771868802,0.00047261324582157857,56,0.6248445030885091,0.8092527261267399,11,0.9993299775500945,33,0.9993909268910033,5,0.9993059929782346,7,0.9995240538348261,CD4 T Cells,Classical Monocytes,HLA-A,APLP2,2.599333576824847e-06,-2.4225292194334466e-06,7.621196373083141e-06,56,0.310351790247535,0.5900226619420714,11,0.9999904402608766,33,0.9999922727328944,5,0.9999962601737178,7,0.9999954933121588
CD4 T Cells|Classical Monocytes|LGALS1|CD69,CD4 T Cells,Classical Monocytes,LGALS1,CD69,0.08838184757519596,-0.26589587169080703,0.44265956684119895,55,0.6248748030863006,0.8092527261267399,11,0.004470585735299428,33,0.31828025565868556,5,0.19504569671315647,6,0.42047351906134667,CD4 T Cells,Classical Monocytes,LGALS1,CD69,0.1493157778493066,-0.15169484549537837,0.4503264011939916,56,0.3309328532296577,0.5900226619420714,11,0.9855818194802903,33,0.9910633301665548,5,0.9969216410220696,7,0.8530873738590274
Non-classical Monocytes|CD4 T Cells|ICAM1|IL2RG,Non-classical Monocytes,CD4 T Cells,ICAM1,IL2RG,-0.0689615813789134,-0.3487552976003805,0.2108321348425537,47,0.6290402857968488,0.8132940572179634,9,0.4245421121946299,26,0.49793271872664907,5,0.544231063500512,7,0.6865832514114446,Non-classical Monocytes,CD4 T Cells,ICAM1,IL2RG,-0.029504519182580347,-0.316626145164139,0.2576171067989783,56,0.8403817318822119,0.9094171553176578,11,0.8126974640668163,33,0.7825578353641676,5,0.9982723193786948,7,0.9976372098586264
NK Cells|CD4 T Cells|SELPLG|SELL,NK Cells,CD4 T Cells,SELPLG,SELL,-0.04924192989858722,-0.24987176474183231,0.15138790494465787,56,0.6304829924786418,0.8142576257951486,11,0.8816751165227026,33,0.8526411388144731,5,0.7494148374212222,7,0.7696227896115799,NK Cells,CD4 T Cells,SELPLG,SELL,5.32803173488583e-05,-0.0012285099689294911,0.0013350706036272077,56,0.9350681520130598,0.9633608798792381,11,0.9986733119379746,33,0.9982112638889661,5,0.9989622261567355,7,0.9984468977903781
Classical Monocytes|B Cells|TIMP1|CD63,Classical Monocytes,B Cells,TIMP1,CD63,0.06517130656226977,-0.20083901533519216,0.3311816284597317,54,0.6310978637708622,0.8146011674433186,11,0.5347450179830692,32,0.666799963657583,5,0.5976146949496334,6,0.6644983340618774,Classical Monocytes,B Cells,TIMP1,CD63,0.11413850902509415,-0.19356585025211231,0.4218428683023006,56,0.4672134179970352,0.6642847591249715,11,0.9948940606613036,33,0.9658762094869491,5,0.9984599735880604,7,0.8553036133886117
Non-classical Monocytes|B Cells|MIF|CD44_CD74,Non-classical Monocytes,B Cells,MIF,CD44_CD74,0.07005424461066256,-0.2169266769231875,0.35703516614451264,56,0.63233547187339,0.8149091032534624,11,0.7488050930817117,33,0.7404529832856204,5,0.7129299681131649,7,0.634523613706411,Non-classical Monocytes,B Cells,MIF,CD44_CD74,0.000390487169114051,-0.0009385315430938349,0.001719505881321937,56,0.5647036740475422,0.7334677863369641,11,0.9973132328186282,33,0.996583111686669,5,0.9988636779385407,7,0.9977430696374675
Non-classical Monocytes|Classical Monocytes|CD1D|LILRB2,Non-classical Monocytes,Classical Monocytes,CD1D,LILRB2,-0.03856044003222339,-0.19654757543524085,0.11942669537079406,51,0.6323834240236719,0.8149091032534624,9,0.0021261240525363334,30,0.04301448824580648,5,0.0,7,0.07944880422549354,Non-classical Monocytes,Classical Monocytes,CD1D,LILRB2,0.09352571679664612,-0.17236444431748676,0.359415877910779,56,0.49056600067911893,0.6786655988467126,11,0.8043711253804985,33,0.8944136414723363,5,0.994203774360497,7,0.9907205736556887
Non-classical Monocytes|CD4 T Cells|VCAN|SELL,Non-classical Monocytes,CD4 T Cells,VCAN,SELL,-0.017868740528961258,-0.09107412185882761,0.0553366408009051,55,0.6323593759640671,0.8149091032534624,10,0.8992034254448333,33,0.927361174962558,5,0.8549072270512669,7,0.9009337170979528,Non-classical Monocytes,CD4 T Cells,VCAN,SELL,0.09124834736642662,-0.09541890473668832,0.2779155994695416,56,0.338018871514265,0.5900226619420714,11,0.9080753723448047,33,0.9991937407671808,5,0.9994067690604265,7,0.9992767901163759
Non-classical Monocytes|CD4 T Cells|COPA|CD74,Non-classical Monocytes,CD4 T Cells,COPA,CD74,-0.05811402834295687,-0.2972257296246456,0.18099767293873187,56,0.6338234301105934,0.8163142356912496,11,0.6511887068496003,33,0.6977063656879617,5,0.603725977778355,7,0.7083576649596733,Non-classical Monocytes,CD4 T Cells,COPA,CD74,0.0007399628861900487,-0.00035803788336502074,0.0018379636557451181,56,0.18654947361231,0.5900226619420714,11,0.9962738532589662,33,0.996443118745787,5,0.9985076257925046,7,0.9979369283931353
NK Cells|Classical Monocytes|GNAI2|ADCY7,NK Cells,Classical Monocytes,GNAI2,ADCY7,-0.019715841760179455,-0.10122522024213258,0.061793536721773665,56,0.6354395914569171,0.8170526061384353,11,0.06831913414498464,33,0.07076985175767514,5,0.0,7,0.022166559372869956,NK Cells,Classical Monocytes,GNAI2,ADCY7,-0.00016159444997809747,-0.003801450819876925,0.00347826191992073,56,0.9306602005116182,0.9602693832475337,11,0.988930473645021,33,0.9857843493823291,5,0.9938112761044742,7,0.9908267462917604
B Cells|Non-classical Monocytes|MIF|TNFRSF14,B Cells,Non-classical Monocytes,MIF,TNFRSF14,-0.08437357948555674,-0.43288266543643544,0.26413550646532197,56,0.6351400926734646,0.8170526061384353,11,0.7028074987056998,33,0.7250483690297269,5,0.48937146775710766,7,0.5959859175666915,B Cells,Non-classical Monocytes,MIF,TNFRSF14,0.0004893808700549007,-0.0009993015645737104,0.001978063304683512,56,0.5193762176636977,0.7066372327234224,11,0.9968089103332063,33,0.9964855482732065,5,0.9980730673809957,7,0.9972603244509409
NK Cells|Classical Monocytes|TGFB1|CXCR4,NK Cells,Classical Monocytes,TGFB1,CXCR4,0.0818945918968832,-0.2605098104048564,0.42429899419862277,56,0.6392308326630323,0.8201120847627364,11,0.932892697997121,33,0.8639886126578338,5,0.7955378824703176,7,0.6447392052341472,NK Cells,Classical Monocytes,TGFB1,CXCR4,0.0003125112538983066,-0.0015330362839573875,0.002158058791754001,56,0.7399755826683858,0.8527700215723305,11,0.9992250185367305,33,0.9979816883933422,5,0.9992279698137351,7,0.9976721284164485
Non-classical Monocytes|CD4 T Cells|TIMP1|CD63,Non-classical Monocytes,CD4 T Cells,TIMP1,CD63,0.021257169495679684,-0.06831659231286398,0.11083093130422335,55,0.6418396202119012,0.8221039567716891,11,0.7301378034076613,32,0.8112136441525603,5,0.8448497066009267,7,0.904668377850146,Non-classical Monocytes,CD4 T Cells,TIMP1,CD63,-0.029496540150747652,-0.08967685524017427,0.030683774938678972,56,0.3367287086303188,0.5900226619420714,11,0.9970368183946378,33,0.9675061202089772,5,0.9993995556212483,7,0.9993653975863354
NK Cells|Non-classical Monocytes|SPON2|ITGA4,NK Cells,Non-classical Monocytes,SPON2,ITGA4,0.08775592490361506,-0.2816429815850891,0.4571548313923192,56,0.6414895917158501,0.8221039567716891,11,0.9344471435607211,33,0.8457135499572466,5,0.6730410836474555,7,0.4965515651403659,NK Cells,Non-classical Monocytes,SPON2,ITGA4,0.00262880763714457,-0.0011251800911262172,0.006382795365415358,56,0.16990617039349742,0.5840374598063371,11,0.999285015894247,33,0.9981128070647752,5,0.9986598235564177,7,0.9948588070898013
NK Cells|NK Cells|SPON2|ITGA4,NK Cells,NK Cells,SPON2,ITGA4,0.08593297569118519,-0.2759530263049151,0.44781897768728546,56,0.6416375315372338,0.8221039567716891,11,0.8934042535806956,33,0.8515244931160064,5,0.6272884990994746,7,0.4994757629436002,NK Cells,NK Cells,SPON2,ITGA4,0.0025086158927233315,-0.0008260770745573839,0.005843308860004047,56,0.14036379855422232,0.5560563594390482,11,0.9988480696864884,33,0.9982422312501548,5,0.9984913918899331,7,0.9953769375608761
CD8 T Cells|NK Cells|HLA-B|CD3D,CD8 T Cells,NK Cells,HLA-B,CD3D,0.00309418816567264,-0.010025769586074585,0.016214145917419865,48,0.6439131512113065,0.8234048237012053,8,0.9840431195271023,28,0.98868039614435,5,0.9984440794859146,7,0.9999871679374897,CD8 T Cells,NK Cells,HLA-B,CD3D,0.12121418523871386,-0.19452670045594866,0.4369550709333764,56,0.4517877075444886,0.6642847591249715,11,0.7271353859957396,33,0.8483558835933388,5,0.9999935602298027,7,0.999999872588688
Classical Monocytes|CD4 T Cells|TGFB1|ITGB1,Classical Monocytes,CD4 T Cells,TGFB1,ITGB1,0.08073651800615966,-0.26331109162935207,0.4247841276416714,55,0.6455605189682273,0.8246082121393932,11,0.5140990401470785,33,0.5722690131315311,5,0.6210038420416479,6,0.5984372970199409,Classical Monocytes,CD4 T Cells,TGFB1,ITGB1,0.14370201788756187,-0.15792788347708914,0.4453319192522129,56,0.35042626538715604,0.5900226619420714,11,0.9945944687910108,33,0.9945929249745049,5,0.9985670805148583,7,0.8548635188107906
Classical Monocytes|Non-classical Monocytes|ICAM1|ITGAL_ITGB2,Classical Monocytes,Non-classical Monocytes,ICAM1,ITGAL_ITGB2,-0.023946298166469916,-0.12643588999842692,0.0785432936654871,46,0.6469969622803877,0.8255398398495657,10,0.0569404089864954,24,0.04548404908710818,5,0.0,7,0.012489938267082699,Classical Monocytes,Non-classical Monocytes,ICAM1,ITGAL_ITGB2,-0.18032968784567016,-0.42044913068258993,0.05978975499124961,56,0.14103901429438606,0.5560563594390482,11,0.8974083745410677,33,0.712957553435015,5,0.9933864301078303,7,0.9892652968474478
NK Cells|CD4 T Cells|VIM|CD44,NK Cells,CD4 T Cells,VIM,CD44,-0.010289145150324752,-0.05484898064514048,0.03427069034449098,56,0.6508598731506163,0.8291095492671517,11,0.9165401689033291,33,0.9317940034445763,5,0.9489899288024324,7,0.9745329084940043,NK Cells,CD4 T Cells,VIM,CD44,0.0001314361342724668,-0.00013596142828728295,0.00039883369683221657,56,0.33534818142737277,0.5900226619420714,11,0.9990603196647325,33,0.9992010156082589,5,0.9998023407179982,7,0.9998116005272522
Non-classical Monocytes|Non-classical Monocytes|TNFSF13B|HLA-DPB1,Non-classical Monocytes,Non-classical Monocytes,TNFSF13B,HLA-DPB1,-0.0015119740842423068,-0.008053319502738951,0.005029371334254338,56,0.6505283462709581,0.8291095492671517,11,0.9901643376392368,33,0.9881843206869987,5,0.9974771266335825,7,0.9970090837655866,Non-classical Monocytes,Non-classical Monocytes,TNFSF13B,HLA-DPB1,-3.6521042586667996e-05,-0.00013465047246855665,6.160838729522066e-05,56,0.46573008446737796,0.6642847591249715,11,0.9998828046732995,33,0.9998290927261022,5,0.9999875944352908,7,0.9999704035306802
CD8 T Cells|Classical Monocytes|ANXA2|TLR2,CD8 T Cells,Classical Monocytes,ANXA2,TLR2,-0.04402439610890724,-0.2355484923462502,0.14749970012843572,54,0.6523325441719309,0.830079831412239,11,0.0052391483704341095,31,0.1356745498951138,5,0.0,7,0.17445979763358693,CD8 T Cells,Classical Monocytes,ANXA2,TLR2,-0.05373754054573987,-0.1366590023774531,0.02918392128597337,56,0.20402712678340118,0.5900226619420714,11,0.9816497645510412,33,0.9263499279139015,5,0.9941606069386129,7,0.9925983108472128
Non-classical Monocytes|NK Cells|LGALS9|CD44,Non-classical Monocytes,NK Cells,LGALS9,CD44,-0.040365276550981544,-0.21592308797158,0.1351925348696169,56,0.6522444496923415,0.830079831412239,11,0.8151426440551571,33,0.8627559430529884,5,0.8185815450289402,7,0.906560120577753,Non-classical Monocytes,NK Cells,LGALS9,CD44,0.00019174216363737617,-0.0006364713921209408,0.001019955719395693,56,0.6500037042061546,0.7920796616771165,11,0.9979500027782346,33,0.9982311530558705,5,0.9993017875586613,7,0.9993911956726598
Non-classical Monocytes|CD4 T Cells|HLA-DQB1|CD4,Non-classical Monocytes,CD4 T Cells,HLA-DQB1,CD4,-0.03872639973290981,-0.20760851754935122,0.1301557180835316,55,0.653114411052224,0.8305222181845859,11,0.6817651665132994,32,0.6254773381621302,5,0.8038345705678214,7,0.786273141949562,Non-classical Monocytes,CD4 T Cells,HLA-DQB1,CD4,-0.03069664586894505,-0.09074485239157706,0.02935156065368697,56,0.31637562624107374,0.5900226619420714,11,0.9963646999787277,33,0.9647184333471547,5,0.9992010254385539,7,0.9982514046759261
NK Cells|CD8 T Cells|SPON2|ITGA4,NK Cells,CD8 T Cells,SPON2,ITGA4,0.07812777880697747,-0.26340014567107095,0.4196557032850259,56,0.6538930406198942,0.8305222181845859,11,0.8532572083679546,33,0.8664850299044116,5,0.5268941559846849,7,0.4619941987141644,NK Cells,CD8 T Cells,SPON2,ITGA4,0.0036875532412121714,-0.00011321976958642184,0.007488326252010765,56,0.057226167208329765,0.4776247420339505,11,0.9984273990155834,33,0.9984645749278908,5,0.9980710256891179,7,0.994420648360213
Classical Monocytes|CD8 T Cells|PKM|CD44,Classical Monocytes,CD8 T Cells,PKM,CD44,-0.006335446939743972,-0.03417696042812525,0.02150606654863731,56,0.6555989891166022,0.8305573235239774,11,0.9320065853971952,33,0.9296205632664027,5,0.9343176301490945,7,0.9382670549580461,Classical Monocytes,CD8 T Cells,PKM,CD44,7.820926227197766e-05,-7.136352042849103e-05,0.00022778204497244636,56,0.30544131834636434,0.5900226619420714,11,0.9992387603009363,33,0.999134176169634,5,0.9997364212038444,7,0.9995536278102701
NK Cells|NK Cells|SPON2|ITGAM,NK Cells,NK Cells,SPON2,ITGAM,0.07802959659902942,-0.2649448179197008,0.42100401111775965,55,0.6556633581659163,0.8305573235239774,11,0.9356836362588425,33,0.8895546342979712,5,0.602727662275458,6,0.47856906371555724,NK Cells,NK Cells,SPON2,ITGAM,0.14489454035555083,-0.15602539811267707,0.4458144788237787,56,0.3453060986531208,0.5900226619420714,11,0.9992680746958218,33,0.9985638980535728,5,0.9984244660563565,7,0.8528257490585567
B Cells|Non-classical Monocytes|HLA-DMA|CD4,B Cells,Non-classical Monocytes,HLA-DMA,CD4,-0.009231016827653815,-0.05000817289640983,0.0315461392411022,56,0.6572659435118084,0.8313737692849799,11,0.9279877257065706,33,0.9063106508940998,5,0.9079423648140791,7,0.8954963068292621,B Cells,Non-classical Monocytes,HLA-DMA,CD4,0.00011027566878629713,-0.0004256760825850992,0.0006462274201576934,56,0.6867453865525464,0.8195024793956329,11,0.9991725596534002,33,0.9987655457299309,5,0.9996236180767474,7,0.9991063284844918
B Cells|Classical Monocytes|MIF|CD44_CD74,B Cells,Classical Monocytes,MIF,CD44_CD74,-0.007390249081298594,-0.04001984314947462,0.02523934498687743,56,0.6571072348147706,0.8313737692849799,11,0.9721671493278599,33,0.9524076217491847,5,0.9627611195241,7,0.9503918410267235,B Cells,Classical Monocytes,MIF,CD44_CD74,-8.503151775207662e-05,-0.0003121690130331512,0.000142105977528998,56,0.46311031037732164,0.6642847591249715,11,0.999678594015622,33,0.9993822712120445,5,0.9998455537663261,7,0.9996342624805007
Non-classical Monocytes|B Cells|CD14|ITGB1,Non-classical Monocytes,B Cells,CD14,ITGB1,0.09326033186008309,-0.31955233520980997,0.5060729989299761,45,0.6579218938697184,0.8317529086008623,8,0.24085771283197482,25,0.6622085273702356,5,0.24774344885290828,7,0.575833931531086,Non-classical Monocytes,B Cells,CD14,ITGB1,0.03368936740335571,-0.28991112055528334,0.35728985536199476,56,0.8383161960130558,0.909125608101884,11,0.7200474503444547,33,0.7544491962098882,5,0.9965181877237654,7,0.9972305661858432
CD4 T Cells|Classical Monocytes|HMGB1|CXCR4,CD4 T Cells,Classical Monocytes,HMGB1,CXCR4,-0.007821123078350034,-0.042587606542925184,0.026945360386225116,56,0.6592733783261258,0.8320307146536449,11,0.9624545592411344,33,0.9521688816984696,5,0.9557096675727534,7,0.9532451131084386,CD4 T Cells,Classical Monocytes,HMGB1,CXCR4,-6.97016063821998e-05,-0.0003363401992516756,0.00019693698648727602,56,0.6084051457366413,0.7593717729051237,11,0.9995661594289337,33,0.9993561671937222,5,0.9997990629789306,7,0.9996587723501014
Classical Monocytes|Classical Monocytes|S100A8|CD69,Classical Monocytes,Classical Monocytes,S100A8,CD69,0.001666464983697269,-0.005726343260374934,0.009059273227769473,55,0.658627216619253,0.8320307146536449,11,0.9947578282209228,33,0.9968016222175113,5,0.9944540652494609,6,0.9948313942623521,Classical Monocytes,Classical Monocytes,S100A8,CD69,0.14288305694978043,-0.15953389605376717,0.445300009953328,56,0.3544330110601289,0.5900226619420714,11,0.9999391434486892,33,0.9999554254068383,5,0.9999754556363916,7,0.8571086806447603
Non-classical Monocytes|Classical Monocytes|MIF|TNFRSF14,Non-classical Monocytes,Classical Monocytes,MIF,TNFRSF14,0.08565291082999346,-0.29531666187716454,0.4666224835371515,56,0.6594618794022213,0.8320307146536449,11,0.35466916819020167,33,0.4849496939660646,5,0.23913486366781508,7,0.28376247861368453,Non-classical Monocytes,Classical Monocytes,MIF,TNFRSF14,0.002715623053444416,0.00010770792392169552,0.005323538182967136,56,0.04125964735477276,0.4172588979566835,11,0.9930510106518842,33,0.9930846021670049,5,0.9968489746584688,7,0.9941669431201451
NK Cells|Classical Monocytes|HLA-DRA|CD4,NK Cells,Classical Monocytes,HLA-DRA,CD4,-0.08718269507963991,-0.47613939296058483,0.30177400280130495,55,0.6604325046010577,0.8322233665642039,11,0.2280835838277789,33,0.2658476219852858,5,0.2166503774694896,6,0.3415971107066364,NK Cells,Classical Monocytes,HLA-DRA,CD4,0.14241042694492212,-0.15842124491136167,0.4432420988012059,56,0.3534980744872802,0.5900226619420714,11,0.9916187749786182,33,0.9899846222794196,5,0.9966300222774027,7,0.8525854426332821
Non-classical Monocytes|Classical Monocytes|CD14|ITGB2,Non-classical Monocytes,Classical Monocytes,CD14,ITGB2,-0.03200887038274214,-0.17514560936870024,0.11112786860321597,56,0.6611718619746205,0.8322656976464587,11,0.8756799616375758,33,0.9570291328148666,5,0.8402298525621031,7,0.9535878941221361,Non-classical Monocytes,Classical Monocytes,CD14,ITGB2,0.0005891920378930937,-0.00038293442089512065,0.001561318496681308,56,0.23487031543454806,0.5900226619420714,11,0.9986330290508448,33,0.9994862198864793,5,0.9993677125523517,7,0.9996317113500931
NK Cells|Classical Monocytes|PSAP|LRP1,NK Cells,Classical Monocytes,PSAP,LRP1,-0.0677636883912906,-0.37161960007297784,0.23609222329039664,56,0.6620412862276017,0.8322656976464587,11,0.5410332021370906,33,0.5653658072654683,5,0.4025685028627052,7,0.49466479638237343,NK Cells,Classical Monocytes,PSAP,LRP1,0.0008158847446223527,-0.0009057697144951857,0.0025375392037398914,56,0.35298309424483765,0.5900226619420714,11,0.9949252848939867,33,0.9945185499553859,5,0.9976454972005311,7,0.996422877517308
Classical Monocytes|CD4 T Cells|TIMP2|ITGB1,Classical Monocytes,CD4 T Cells,TIMP2,ITGB1,-0.07174539102619237,-0.39402818982767523,0.2505374077752905,56,0.6626046817664955,0.8322656976464587,11,0.19547420077673944,33,0.2760513144548451,5,0.4853553888195833,7,0.6376778935238814,Classical Monocytes,CD4 T Cells,TIMP2,ITGB1,0.0010290466985006796,-0.002111470919963343,0.0041695643169647025,56,0.5207321592570447,0.7068053783723681,11,0.9903881472586525,33,0.9906718668303304,5,0.9980183075420139,7,0.9972729804151911
B Cells|CD8 T Cells|LGALS1|PTPRC,B Cells,CD8 T Cells,LGALS1,PTPRC,0.02162084312939294,-0.07562014049001049,0.11886182674879638,53,0.6629933860639551,0.8323062131501802,9,0.7669928709257421,33,0.8340555123251902,5,0.8994369767992973,6,0.9448787750693525,B Cells,CD8 T Cells,LGALS1,PTPRC,0.3248790250042065,-0.06745144820067706,0.7172094982090901,56,0.10459004218966857,0.5560563594390482,11,0.8160659535323603,33,0.9981521445498831,5,0.9995780146275377,7,0.856785180640854
NK Cells|Classical Monocytes|SELPLG|SELL,NK Cells,Classical Monocytes,SELPLG,SELL,-0.0581866557767865,-0.3223932539841446,0.2060199424305716,56,0.6659986420132926,0.8336900272633648,11,0.7315145203886132,33,0.7984562194826694,5,0.5789188256660343,7,0.704047180536877,NK Cells,Classical Monocytes,SELPLG,SELL,0.0009941345930971623,-0.0004955816832028709,0.002483850869397196,56,0.1908917273296774,0.5900226619420714,11,0.99710291294581,33,0.9977439223415645,5,0.9983527250417389,7,0.9979995998443962
B Cells|Classical Monocytes|LGALS1|PTPRC,B Cells,Classical Monocytes,LGALS1,PTPRC,0.021565665126498157,-0.07619299921988196,0.11932432947287827,53,0.6654724200329667,0.8336900272633648,9,0.7474059975250245,33,0.8250926851970969,5,0.872244003816169,6,0.9283650263617432,B Cells,Classical Monocytes,LGALS1,PTPRC,0.3249495470528887,-0.06732390466904792,0.7172229987748253,56,0.10446434528334785,0.5560563594390482,11,0.8159181627285669,33,0.998073472883783,5,0.9994762875797198,7,0.8566820506820473
Classical Monocytes|Classical Monocytes|VCAN|SELL,Classical Monocytes,Classical Monocytes,VCAN,SELL,-0.0028136063184704962,-0.015599023816145882,0.00997181117920489,56,0.6662379404168903,0.8336900272633648,11,0.9862447655955063,33,0.9884079454486692,5,0.9857717060788337,7,0.990748492250467,Classical Monocytes,Classical Monocytes,VCAN,SELL,3.905464404563297e-05,-4.7798390155314474e-05,0.0001259076782465804,56,0.37814227875997275,0.6096379967395265,11,0.9998371377379218,33,0.9998670817983731,5,0.9999392116075354,7,0.9999301010239411
Non-classical Monocytes|Non-classical Monocytes|LGALS1|CD69,Non-classical Monocytes,Non-classical Monocytes,LGALS1,CD69,0.003988583256416822,-0.014108435992194503,0.022085602505028147,56,0.6657587944184735,0.8336900272633648,11,0.9758183693900904,33,0.9835323275690644,5,0.9847872109626042,7,0.9885125858851614,Non-classical Monocytes,Non-classical Monocytes,LGALS1,CD69,6.0723527336437044e-05,-9.032917285440066e-05,0.00021177622752727474,56,0.43074937627510257,0.6602245535180246,11,0.9997342532037451,33,0.9997840877352969,5,0.9999301837339253,7,0.9999192947381407
Classical Monocytes|CD4 T Cells|S100A8|CD69,Classical Monocytes,CD4 T Cells,S100A8,CD69,-1.430479577013699e-07,-7.91046095040237e-07,5.049501796374972e-07,56,0.6652550980318661,0.8336900272633648,11,0.9999996351274241,33,0.9999994971746355,5,0.9999999933796591,7,0.9999999984748282,Classical Monocytes,CD4 T Cells,S100A8,CD69,-9.009760826295121e-09,-3.070710379530467e-08,1.2687582142714434e-08,56,0.41571968713504837,0.6478129466111766,11,0.9999999942254966,33,0.9999999852371501,5,0.9999999999642025,7,0.9999999999856168
CD8 T Cells|Non-classical Monocytes|HLA-DRB1|CD4,CD8 T Cells,Non-classical Monocytes,HLA-DRB1,CD4,0.09016000725792389,-0.32148672759367086,0.5018067421095187,56,0.6677218442559625,0.8342057283775668,11,0.20434154398453633,33,0.48093171749985447,5,0.19555775401053915,7,0.3819879202679334,CD8 T Cells,Non-classical Monocytes,HLA-DRB1,CD4,0.0040053835743747435,0.0002919999138192922,0.007718767234930195,56,0.03450803445533666,0.40101408534417127,11,0.9900263848406968,33,0.9933032681681428,5,0.9964529313706947,7,0.995724431123766
Classical Monocytes|Classical Monocytes|ADAM17|ITGB1,Classical Monocytes,Classical Monocytes,ADAM17,ITGB1,0.05121441234708157,-0.18250244852115874,0.28493127321532186,56,0.6675686960066696,0.8342057283775668,11,0.09157494585596013,33,0.142874397756675,5,0.1311739983187162,7,0.1312590378723495,Classical Monocytes,Classical Monocytes,ADAM17,ITGB1,0.0023871191716695606,-0.00243049118821092,0.007204729531550041,56,0.33146890628725656,0.5900226619420714,11,0.9880237610547628,33,0.9868131912409733,5,0.9961834317480094,7,0.9925857427625504
CD4 T Cells|Non-classical Monocytes|HLA-DPA1|CD4,CD4 T Cells,Non-classical Monocytes,HLA-DPA1,CD4,0.026007847983117532,-0.0925217139435424,0.14453740990977748,52,0.6671543161303455,0.8342057283775668,8,0.024383362929696638,32,0.08061444549614184,5,0.02511107138495796,7,0.05533430596828563,CD4 T Cells,Non-classical Monocytes,HLA-DPA1,CD4,0.24304757046068093,-0.04851418653612255,0.5346093274574844,56,0.10229301020472574,0.5560563594390482,11,0.7169718509113339,33,0.956415391976509,5,0.9951538316259427,7,0.991549802230437
NK Cells|NK Cells|LGALS1|PTPRC,NK Cells,NK Cells,LGALS1,PTPRC,0.0031214009181146363,-0.01121200551147065,0.01745480734769992,56,0.6695079555907079,0.8355430659028876,11,0.9770035696333924,33,0.9818420936934933,5,0.9867877557116334,7,0.9885048788536196,NK Cells,NK Cells,LGALS1,PTPRC,9.320784206379162e-05,-3.0383115985031214e-05,0.00021679880011261446,56,0.13937187982185567,0.5560563594390482,11,0.9997323931328016,33,0.9998033949853151,5,0.9999407758733205,7,0.9999185698837703
Non-classical Monocytes|CD4 T Cells|TGFB1|ITGB1,Non-classical Monocytes,CD4 T Cells,TGFB1,ITGB1,0.07619167291318096,-0.2740964310643496,0.42647977689071154,56,0.6698786167009491,0.835559065169186,11,0.6430798477781455,33,0.5889581066117318,5,0.6918196078872189,7,0.5615061938076241,Non-classical Monocytes,CD4 T Cells,TGFB1,ITGB1,0.0001724687631095012,-0.0016254552868732158,0.001970392813092218,56,0.85086669158134,0.9132767039577688,11,0.9960418873203452,33,0.9947210541092615,5,0.998841116841632,7,0.9973478148674388
Non-classical Monocytes|NK Cells|SECTM1|CD7,Non-classical Monocytes,NK Cells,SECTM1,CD7,-0.02892561311301578,-0.16383437467743522,0.10598314845140366,56,0.6743149987500625,0.8392993188067143,11,0.9745107731421764,33,0.9498516694094274,5,0.8772221547159701,7,0.8814886640962369,Non-classical Monocytes,NK Cells,SECTM1,CD7,0.0001999477262042415,-0.0005361193024544839,0.0009360147548629669,56,0.594441218318846,0.7593717729051237,11,0.9997079234397398,33,0.999378707894809,5,0.999546419195285,7,0.9990172559241499
CD8 T Cells|NK Cells|HMGB1|CXCR4,CD8 T Cells,NK Cells,HMGB1,CXCR4,0.0019697534870202205,-0.007234889791766912,0.011174396765807353,56,0.6749064784563303,0.8395879739986848,11,0.9792580541277054,33,0.9825815986889125,5,0.9959263247949798,7,0.9972801158691667,CD8 T Cells,NK Cells,HMGB1,CXCR4,-6.195117526419658e-06,-0.0001269538488169049,0.00011456361376406561,56,0.9199082366222056,0.9513262744867711,11,0.9997581543857001,33,0.9997561364983185,5,0.9999797642325422,7,0.999983941462687
CD4 T Cells|NK Cells|CLEC2D|KLRB1,CD4 T Cells,NK Cells,CLEC2D,KLRB1,-0.05079708192094734,-0.28961555993366955,0.18802139609177487,56,0.6767606576890881,0.8409984756274724,11,0.9646793292666459,33,0.9076127095669928,5,0.7979941627312808,7,0.791724624952575,CD4 T Cells,NK Cells,CLEC2D,KLRB1,0.00026102701474728374,-0.0012542054581940925,0.00177625948768866,56,0.7356342682251658,0.8527700215723305,11,0.9995961905260813,33,0.9989783970745117,5,0.9991696399796238,7,0.998290819513307
Non-classical Monocytes|Non-classical Monocytes|HLA-DQB1|CD4,Non-classical Monocytes,Non-classical Monocytes,HLA-DQB1,CD4,0.027585962994575053,-0.10209472810125994,0.15726665409041005,56,0.6767311695884186,0.8409984756274724,11,0.805262367636189,33,0.7996063603864983,5,0.9304432697799172,7,0.8972012995356515,Non-classical Monocytes,Non-classical Monocytes,HLA-DQB1,CD4,-8.780001194341747e-05,-0.001777502054689709,0.001601902030802874,56,0.9188810421618366,0.95072566451368,11,0.9977174727319206,33,0.9971307988142851,5,0.9997077920368926,7,0.9992089181312006
NK Cells|CD8 T Cells|LGALS1|ITGB1,NK Cells,CD8 T Cells,LGALS1,ITGB1,0.05487968910127905,-0.20539485463517482,0.3151542328377329,53,0.6794128785885766,0.8429484970798758,9,0.757090886870036,32,0.8553201268917905,5,0.7160194261899532,7,0.7593689771104286,NK Cells,CD8 T Cells,LGALS1,ITGB1,0.1527985503410333,-0.1043662703244928,0.4099633710065594,56,0.2442037700002223,0.5900226619420714,11,0.8158656330749888,33,0.9682318461431991,5,0.9989277156436286,7,0.9984953783708056
Non-classical Monocytes|CD4 T Cells|HBEGF|CD44,Non-classical Monocytes,CD4 T Cells,HBEGF,CD44,0.05882780301181745,-0.221417638852755,0.3390732448763899,45,0.6807598940307162,0.8441711909515255,8,0.5299700689453348,25,0.5989457805175961,5,0.7517673282491137,7,0.7619152368095575,Non-classical Monocytes,CD4 T Cells,HBEGF,CD44,0.03053647739833265,-0.29424218732294255,0.35531514211960785,56,0.8537933595119536,0.9132767039577688,11,0.7236982417372615,33,0.7533625405225852,5,0.9990399815383549,7,0.998167802925346
NK Cells|NK Cells|SELPLG|ITGAM,NK Cells,NK Cells,SELPLG,ITGAM,-0.021683451233188072,-0.12555115577136067,0.08218425330498452,55,0.6824203146140306,0.8444363723496352,11,0.1849015318985611,33,0.16321808066537302,5,0.0,6,0.0,NK Cells,NK Cells,SELPLG,ITGAM,0.14326112823924408,-0.15598155576613854,0.4425038122446267,56,0.3480778274419365,0.5900226619420714,11,0.9906662782411686,33,0.9882542580898354,5,0.9937162779297832,7,0.8480431295392059
Classical Monocytes|NK Cells|TIMP2|CD44,Classical Monocytes,NK Cells,TIMP2,CD44,-0.051933871980232804,-0.30237659353763013,0.19850884957716453,56,0.6844235027762205,0.8464665672576669,11,0.4408034384691565,33,0.49342988680484173,5,0.619919036045072,7,0.72447935636099,Classical Monocytes,NK Cells,TIMP2,CD44,-4.62664402971491e-05,-0.0020920124898212364,0.001999479609226938,56,0.9646442285901747,0.9818906992999061,11,0.993880215160591,33,0.9932923569158716,5,0.9985441243270721,7,0.9980025325226498
CD8 T Cells|CD8 T Cells|LGALS1|ITGB1,CD8 T Cells,CD8 T Cells,LGALS1,ITGB1,0.07063948158949043,-0.27393796720513,0.4152169303841109,53,0.6878320319524529,0.8488836123726097,9,0.28680216852487855,32,0.5022811356613516,5,0.0,7,0.1448394855469826,CD8 T Cells,CD8 T Cells,LGALS1,ITGB1,0.15766165943235022,-0.0972022019020149,0.41252552076671534,56,0.22533794117634498,0.5900226619420714,11,0.8081669136976957,33,0.9631666369825521,5,0.9939292247339223,7,0.9912672885864285
NK Cells|B Cells|MIF|TNFRSF14,NK Cells,B Cells,MIF,TNFRSF14,0.07003596270441714,-0.2722015432103852,0.4122734686192195,56,0.6883540280720452,0.8490790573419046,11,0.6788018226689054,33,0.7931212302602023,5,0.5202887138954166,7,0.5645721587822964,NK Cells,B Cells,MIF,TNFRSF14,0.0017084939673049915,0.00034664047697924283,0.00307034745763074,56,0.013938478196675992,0.26192040352518503,11,0.9965929910827572,33,0.9972891693545316,5,0.9981864612041325,7,0.9971741455086018
Non-classical Monocytes|CD8 T Cells|VCAN|ITGB1,Non-classical Monocytes,CD8 T Cells,VCAN,ITGB1,0.07231556399635158,-0.28474044965260153,0.4293715776453047,52,0.6913991349992709,0.8514857490629206,8,0.34679504043145365,32,0.5937464393937784,5,0.1429428528273351,7,0.3175786877933082,Non-classical Monocytes,CD8 T Cells,VCAN,ITGB1,0.2448667278577028,-0.04870264668921259,0.5384361024046183,56,0.10208901351207626,0.5560563594390482,11,0.7218211720312417,33,0.9649539595741823,5,0.995762027614045,7,0.9940280872992827
B Cells|CD4 T Cells|MIF|TNFRSF14,B Cells,CD4 T Cells,MIF,TNFRSF14,-0.07091925766912288,-0.4230783079705829,0.2812397926323371,56,0.6930600822708606,0.8526318714976077,11,0.591209036871033,33,0.6634629487694973,5,0.389619342675682,7,0.5327925122432692,B Cells,CD4 T Cells,MIF,TNFRSF14,0.0008997921781324081,-0.0006033169241639563,0.0024029012804287725,56,0.24068556276829256,0.5900226619420714,11,0.9956402835877539,33,0.9958202200695982,5,0.9976585651264649,7,0.9969387094301768
CD4 T Cells|NK Cells|LGALS1|PTPRC,CD4 T Cells,NK Cells,LGALS1,PTPRC,0.0075766018867283735,-0.03051210043323979,0.04566530420669654,56,0.6966283208725211,0.8534245169136081,11,0.8807144998280972,33,0.9110172836036332,5,0.9446839496647861,7,0.9674101315535937,CD4 T Cells,NK Cells,LGALS1,PTPRC,0.0002812872553852319,-7.775617919686905e-05,0.0006403306899673329,56,0.12465989762978111,0.5560563594390482,11,0.9986912097810948,33,0.9989672894774583,5,0.9997654828847239,7,0.9997602753257021
Classical Monocytes|CD4 T Cells|HBEGF|CD44,Classical Monocytes,CD4 T Cells,HBEGF,CD44,-0.03832140142955054,-0.23005138568700087,0.1534085828278998,50,0.6952493195807611,0.8534245169136081,10,0.7409993512531885,28,0.6837792857265204,5,0.7631840188784451,7,0.7442853547813275,Classical Monocytes,CD4 T Cells,HBEGF,CD44,-0.06051534416111781,-0.28525715355570613,0.16422646523347048,56,0.5976716133226757,0.7593717729051237,11,0.9065121867574155,33,0.8449308493684283,5,0.9990954806158697,7,0.9980294873880003
Non-classical Monocytes|Classical Monocytes|HBEGF|CD44,Non-classical Monocytes,Classical Monocytes,HBEGF,CD44,-0.03874451710804916,-0.2324215399707137,0.15493250575461537,45,0.6949954002756611,0.8534245169136081,8,0.7641710465435225,25,0.7205355639417168,5,0.8810775087371132,7,0.8761865432433567,Non-classical Monocytes,Classical Monocytes,HBEGF,CD44,0.029680069092222983,-0.29583311538974943,0.3551932535741954,56,0.8581668513894072,0.9149941083667397,11,0.7254850766281664,33,0.7545102367746827,5,0.9995359068455937,7,0.9988809978998869
NK Cells|Classical Monocytes|SPON2|ITGB2,NK Cells,Classical Monocytes,SPON2,ITGB2,0.024055231970698032,-0.09588566518146457,0.14399612912286064,56,0.6942541116762408,0.8534245169136081,11,0.9877917185475638,33,0.984381238201748,5,0.9334682311719884,7,0.9060025188554747,NK Cells,Classical Monocytes,SPON2,ITGB2,0.000356799615044312,-0.000371055337662203,0.001084654567750827,56,0.33665871066646436,0.5900226619420714,11,0.9998519081469877,33,0.9997993933804856,5,0.9997309867126521,7,0.9993216723311058
Non-classical Monocytes|Non-classical Monocytes|LRPAP1|LRP1,Non-classical Monocytes,Non-classical Monocytes,LRPAP1,LRP1,0.02099455505296304,-0.08439590661707749,0.12638501672300356,56,0.6962117762573926,0.8534245169136081,11,0.10017351700881562,33,0.13594364577760693,5,0.00512304558583536,7,0.019898619301663627,Non-classical Monocytes,Non-classical Monocytes,LRPAP1,LRP1,0.0012967855025457498,-0.0031561896062175165,0.005749760611309016,56,0.5681512560937626,0.7345039205145789,11,0.9890890016970038,33,0.9872019711505597,5,0.9940562864225443,7,0.9908724703735545
Classical Monocytes|CD4 T Cells|HLA-DQB1|CD4,Classical Monocytes,CD4 T Cells,HLA-DQB1,CD4,-0.09254440612002968,-0.5610641489999787,0.37597533675991934,54,0.6986510341109167,0.8550053273841669,11,0.3555429706149367,31,0.36618627910644563,5,0.28758714274857655,7,0.39077485736011514,Classical Monocytes,CD4 T Cells,HLA-DQB1,CD4,-0.05849599109226178,-0.1418632276055827,0.024871245421059146,56,0.16905676321094587,0.5828945818428134,11,0.9906470280838378,33,0.9301483662474225,5,0.9962563144267429,7,0.9942536436825894
Classical Monocytes|CD8 T Cells|MIF|CD74_CXCR4,Classical Monocytes,CD8 T Cells,MIF,CD74_CXCR4,0.02408955842520477,-0.09771236887592412,0.14589148572633365,56,0.6982863048077511,0.8550053273841669,11,0.8995358502001106,33,0.9244286889081074,5,0.8920570871175046,7,0.8928603674002966,Classical Monocytes,CD8 T Cells,MIF,CD74_CXCR4,0.0004529663988402932,-0.0001962051624078662,0.0011021379600884527,56,0.1714417545911392,0.5854298720998359,11,0.9988987472989277,33,0.999100474354289,5,0.9996012472272394,7,0.9993500078837604
Non-classical Monocytes|Non-classical Monocytes|VCAN|ITGB1,Non-classical Monocytes,Non-classical Monocytes,VCAN,ITGB1,0.05012144162725718,-0.20514568790168353,0.3053885711561979,55,0.7003582304044397,0.8566456092165358,10,0.5626656173687999,33,0.6654048861274203,5,0.5250771099123412,7,0.5776949370437044,Non-classical Monocytes,Non-classical Monocytes,VCAN,ITGB1,0.09307805803304081,-0.0929304599479712,0.27908657601405285,56,0.32671130045383434,0.5900226619420714,11,0.90478887882283,33,0.9961543600868634,5,0.9980902114286121,7,0.9963776346596047
Classical Monocytes|CD4 T Cells|TNFSF13B|HLA-DPB1,Classical Monocytes,CD4 T Cells,TNFSF13B,HLA-DPB1,-0.041691360425697765,-0.2550996827879414,0.17171696193654584,56,0.7017955851412632,0.8578499255028674,11,0.6410415199479313,33,0.7629143430219596,5,0.6338759910786853,7,0.7974401745784113,Classical Monocytes,CD4 T Cells,TNFSF13B,HLA-DPB1,0.001032772472880139,-0.00034803311279584946,0.0024135780585561274,56,0.14266094154158715,0.5560563594390482,11,0.9961436113797678,33,0.9972477717597252,5,0.9985880792644448,7,0.9986594671715221
NK Cells|Non-classical Monocytes|HLA-DRA|CD4,NK Cells,Non-classical Monocytes,HLA-DRA,CD4,-0.075400982212981,-0.46255876663418916,0.3117568022082272,55,0.7026741602190929,0.8578499255028674,11,0.2476924866569515,33,0.39736060379019433,5,0.20813772402449757,6,0.4332068233707214,NK Cells,Non-classical Monocytes,HLA-DRA,CD4,0.14346182686472397,-0.15766370002960767,0.4445873537590556,56,0.3504259220891496,0.5900226619420714,11,0.991885265044449,33,0.9921171144991583,5,0.9966577938656153,7,0.8534278164556006
Classical Monocytes|CD8 T Cells|TIMP2|CD44,Classical Monocytes,CD8 T Cells,TIMP2,CD44,-0.01906596096433144,-0.11748707314136907,0.07935515121270618,56,0.7041824479831096,0.858624551457212,11,0.7429501951800109,33,0.7271884723866343,5,0.7985104589447437,7,0.8018146971156985,Classical Monocytes,CD8 T Cells,TIMP2,CD44,5.245017530342011e-05,-0.0007597399495304347,0.0008646403001372749,56,0.8992792314520066,0.937122004525668,11,0.997170041140453,33,0.9965300779918056,5,0.9992146119053551,7,0.9985221985814042
Non-classical Monocytes|Non-classical Monocytes|SELPLG|SELL,Non-classical Monocytes,Non-classical Monocytes,SELPLG,SELL,0.05835302622793448,-0.24329288364946838,0.35999893610533734,56,0.7045745509475736,0.8586542674648144,11,0.36458711958293827,33,0.5022507570192168,5,0.23411067877669217,7,0.31342128998503627,Non-classical Monocytes,Non-classical Monocytes,SELPLG,SELL,0.003034156917195552,0.0006439186135339474,0.005424395220857156,56,0.012847500991055753,0.2464945460416072,11,0.9932168685461094,33,0.9942106091778924,5,0.9968891215846931,7,0.9948487052992806
B Cells|NK Cells|CALM1|PTPRA,B Cells,NK Cells,CALM1,PTPRA,-0.028829590553193674,-0.17831448696848673,0.12065530586209938,56,0.7054322422308665,0.8592510618722344,11,0.7294402455651663,33,0.7027874443688863,5,0.7231947841817933,7,0.725371573538707,B Cells,NK Cells,CALM1,PTPRA,0.0001181535753649321,-0.0010164885746247083,0.0012527957253545725,56,0.8382779097572165,0.909125608101884,11,0.9970295556953052,33,0.996302119500029,5,0.9988328337745049,7,0.9979872440038638
CD4 T Cells|Non-classical Monocytes|HLA-A|APLP2,CD4 T Cells,Non-classical Monocytes,HLA-A,APLP2,-0.00039648200577713233,-0.0024584644198163566,0.001665500408262092,56,0.7062734104784063,0.8595487412324421,11,0.9983795257100319,33,0.9987184674475444,5,0.9977778613924144,7,0.9985132851357041,CD4 T Cells,Non-classical Monocytes,HLA-A,APLP2,8.223564706866249e-06,-6.187860598619547e-06,2.2634990012352046e-05,56,0.26339167432349,0.5900226619420714,11,0.9999777364948486,33,0.9999835067672908,5,0.9999887879619497,7,0.999986334669685
NK Cells|Non-classical Monocytes|HLA-DRB1|CD4,NK Cells,Non-classical Monocytes,HLA-DRB1,CD4,0.07955133238756407,-0.33849536768641353,0.49759803246154166,56,0.7091727862558274,0.862457529118415,11,0.14463639006242265,33,0.4782531279499909,5,0.3774423562406507,7,0.6315077617406549,NK Cells,Non-classical Monocytes,HLA-DRB1,CD4,0.0039581799194267075,9.819373819579258e-05,0.007818166100657623,56,0.04444989598331281,0.42718663206257057,11,0.9890434684135877,33,0.9931431220409154,5,0.9975367664268078,7,0.9976782401347087
Classical Monocytes|NK Cells|RETN|CAP1,Classical Monocytes,NK Cells,RETN,CAP1,-0.07144465884167117,-0.4480766653984157,0.30518734771507333,55,0.7100473424157272,0.8630716004897049,11,0.7834326685431986,32,0.828654055211014,5,0.5960934253492611,7,0.7127594708587477,Classical Monocytes,NK Cells,RETN,CAP1,-0.029800974604897612,-0.09001028429242192,0.0304083350826267,56,0.3319984237840722,0.5900226619420714,11,0.9974634011797991,33,0.9674858689987308,5,0.9983475831890255,7,0.9981710256128548
Classical Monocytes|Classical Monocytes|TGFB1|CXCR4,Classical Monocytes,Classical Monocytes,TGFB1,CXCR4,0.068747586621135,-0.2963911235277707,0.4338862967700407,55,0.7121142320625008,0.8646836879178051,11,0.830664187146144,33,0.8134229614130853,5,0.719526834169157,6,0.6335380218149633,Classical Monocytes,Classical Monocytes,TGFB1,CXCR4,0.1432477593268272,-0.15840974118749196,0.44490525984114637,56,0.3519953677422687,0.5900226619420714,11,0.9981436677024068,33,0.9974181212592721,5,0.9989160301910808,7,0.8549427244211188
Non-classical Monocytes|CD4 T Cells|CD14|ITGB1,Non-classical Monocytes,CD4 T Cells,CD14,ITGB1,0.05319873983201451,-0.23168387885576625,0.33808135851979526,56,0.7143635677594822,0.8665137302433199,11,0.5385081066243674,33,0.7863357533382492,5,0.6155541195782905,7,0.8101830264601578,Non-classical Monocytes,CD4 T Cells,CD14,ITGB1,0.0028358539164654584,0.00028920612911348745,0.005382501703817429,56,0.02906938754772051,0.3667719777929614,11,0.9944783646943883,33,0.9974991537851976,5,0.9985218815435017,7,0.9987068167178456
CD8 T Cells|NK Cells|ICAM2|ITGAL_ITGB2,CD8 T Cells,NK Cells,ICAM2,ITGAL_ITGB2,0.021099404661962542,-0.09270475595591778,0.13490356527984287,49,0.7163215823273289,0.8671983570799192,11,0.006325574881156764,26,0.1019256402389923,5,0.0,7,0.074500660695873,CD8 T Cells,NK Cells,ICAM2,ITGAL_ITGB2,-0.20843196860860502,-0.3502118108184996,-0.0666521263987104,56,0.003959596804210254,0.12265279593944935,11,0.9868590117674977,33,0.7764153140539936,5,0.9937922829419893,7,0.9917805538370901
CD8 T Cells|CD4 T Cells|HLA-DPB1|CD4,CD8 T Cells,CD4 T Cells,HLA-DPB1,CD4,-0.06010524338364695,-0.38946327768304245,0.2692527909157486,55,0.7205843230845479,0.8713435496646397,11,0.21495987923735474,32,0.37465159408915694,5,0.1699854897357289,7,0.38978244797117806,CD8 T Cells,CD4 T Cells,HLA-DPB1,CD4,-0.027792687473667477,-0.08773293210678687,0.032147557159451924,56,0.3634647598557377,0.5986241490282254,11,0.9904196897364954,33,0.9618943111469331,5,0.9960957998942431,7,0.9953631087783483
B Cells|B Cells|MIF|CD44_CD74,B Cells,B Cells,MIF,CD44_CD74,0.05423164720681406,-0.24367225417272376,0.3521355485863519,56,0.7212416284081504,0.8716869577293123,11,0.7725566322096546,33,0.7866539222696485,5,0.7193028634431985,7,0.6791685062963783,B Cells,B Cells,MIF,CD44_CD74,0.000522868549387101,-0.0008231700380145518,0.0018689071367887539,56,0.44644935349716774,0.6642847591249715,11,0.9975789496612886,33,0.9972974998997209,5,0.9988936902285921,7,0.9980893719176374
CD8 T Cells|Classical Monocytes|HLA-DRB1|CD4,CD8 T Cells,Classical Monocytes,HLA-DRB1,CD4,0.07251545070871854,-0.326835703475573,0.47186660489301,56,0.7219180888967746,0.8720531492881368,11,0.19034067744360594,33,0.37577078619926096,5,0.21018511516339747,7,0.32309977321033395,CD8 T Cells,Classical Monocytes,HLA-DRB1,CD4,0.0031258214571879828,-0.0012069029744020496,0.007458545888778015,56,0.157360199384461,0.5560563594390482,11,0.9896262199084176,33,0.99122231452247,5,0.9963940964046458,7,0.9948643695615103
Non-classical Monocytes|Classical Monocytes|ADAM17|ITGB1,Non-classical Monocytes,Classical Monocytes,ADAM17,ITGB1,0.012025300827643914,-0.05468730397195934,0.07873790562724717,56,0.7238681159466862,0.8739565929345978,11,0.0059587940611548545,33,0.05296441894067994,5,0.0,7,0.03498032405188117,Non-classical Monocytes,Classical Monocytes,ADAM17,ITGB1,0.003123348544523452,-0.0016510166548536443,0.00789771374390055,56,0.19977546387418876,0.5900226619420714,11,0.9841249362227399,33,0.9833647703853488,5,0.9948480069245358,7,0.9909644925426212
Non-classical Monocytes|Non-classical Monocytes|S100A9|CD36,Non-classical Monocytes,Non-classical Monocytes,S100A9,CD36,-0.019033032016136375,-0.12539183647652624,0.08732577244425348,56,0.7257850350333663,0.8758181172108064,11,0.9589750962101259,33,0.9937237828500874,5,0.9283392042278411,7,0.982120922883939,Non-classical Monocytes,Non-classical Monocytes,S100A9,CD36,0.0002748377287885573,-0.0004540158399185481,0.0010036912974956628,56,0.4598659562719414,0.6642847591249715,11,0.9995676057503335,33,0.9999295794954566,5,0.9997065362615176,7,0.9997936722778521
Classical Monocytes|NK Cells|APP|CD74,Classical Monocytes,NK Cells,APP,CD74,-0.016583155036374864,-0.10955750833501963,0.07639119826226991,55,0.7266505950102088,0.8764096794157218,11,0.8056221780901722,32,0.8563729580297778,5,0.7945223624413712,7,0.8618562974173516,Classical Monocytes,NK Cells,APP,CD74,-0.029756163785955136,-0.08996142996932653,0.03044910239741626,56,0.3326935000132488,0.5900226619420714,11,0.9978884577905845,33,0.9679073244519136,5,0.9991678598049523,7,0.9989428902522365
Classical Monocytes|NK Cells|HMGB1|CXCR4,Classical Monocytes,NK Cells,HMGB1,CXCR4,-0.0030639884480737622,-0.020346147346606856,0.014218170450459332,56,0.728226289177849,0.8778566779712326,11,0.9704692616251278,33,0.970643508843633,5,0.9921656027787913,7,0.9954038384453703,Classical Monocytes,NK Cells,HMGB1,CXCR4,-0.00010105428314832743,-0.0003345818782338556,0.00013247331193720076,56,0.39636320027843397,0.6296281667277261,11,0.9996666203091945,33,0.9995705101249578,5,0.9999631508113342,7,0.9999680949102459
Classical Monocytes|NK Cells|ADAM15|ITGB1,Classical Monocytes,NK Cells,ADAM15,ITGB1,0.04986337993139811,-0.2326820123759913,0.3324087722387875,53,0.7294232480668579,0.8788458638989232,10,0.03154572404893224,31,0.16378194384002104,5,0.29164329225091706,7,0.37401613211060775,Classical Monocytes,NK Cells,ADAM15,ITGB1,0.0325579470087366,-0.16967363641529395,0.23478953043276715,56,0.7523507480460789,0.8530746564954412,11,0.8971475238443073,33,0.9279384223345362,5,0.9972443348958875,7,0.9954772863773798
CD8 T Cells|Classical Monocytes|CD99|PILRA,CD8 T Cells,Classical Monocytes,CD99,PILRA,0.03500867833890631,-0.16416792340468875,0.23418528008250136,56,0.7304725256567782,0.8789963853683839,11,0.6611181610056608,33,0.7474938805985353,5,0.7120170050680288,7,0.763384046321997,CD8 T Cells,Classical Monocytes,CD99,PILRA,0.0010475166087723364,-0.0007638842388976886,0.0028589174564423612,56,0.25703400822348077,0.5900226619420714,11,0.9962148641406995,33,0.9966447807010981,5,0.9989218841903362,7,0.9983042841419625
CD8 T Cells|Classical Monocytes|HLA-DPA1|CD4,CD8 T Cells,Classical Monocytes,HLA-DPA1,CD4,0.07002418725398568,-0.32887961920928166,0.468927993717253,56,0.7308048562776901,0.8789963853683839,11,0.1926405122258785,33,0.34853958891852344,5,0.24991557130932826,7,0.3357904607479875,CD8 T Cells,Classical Monocytes,HLA-DPA1,CD4,0.002279966733935823,-0.0013968558220980678,0.005956789289969714,56,0.22422989300752083,0.5900226619420714,11,0.9902742971739258,33,0.9908051730776354,5,0.996924569058749,7,0.9951754782285228
Classical Monocytes|Non-classical Monocytes|LTB|TNFRSF1A,Classical Monocytes,Non-classical Monocytes,LTB,TNFRSF1A,-0.02503575185974886,-0.16856943752339257,0.11849793380389485,55,0.732452340777205,0.8793193911129942,11,0.12183917153591799,33,0.11768206136276638,5,0.0,6,0.02087864168659725,Classical Monocytes,Non-classical Monocytes,LTB,TNFRSF1A,0.14156025169691355,-0.157481552365761,0.4406020557595881,56,0.3535078382800838,0.5900226619420714,11,0.9881957769834017,33,0.9844381245241407,5,0.9927109954812237,7,0.8473930913250491
Non-classical Monocytes|NK Cells|MIF|TNFRSF14,Non-classical Monocytes,NK Cells,MIF,TNFRSF14,0.0644179206173911,-0.30387535857594355,0.43271119981072576,56,0.7317369382178852,0.8793193911129942,11,0.579905382003258,33,0.6280836982254566,5,0.4139113582045991,7,0.3976717538094066,Non-classical Monocytes,NK Cells,MIF,TNFRSF14,0.001479445483644204,-0.00023116617313462175,0.0031900571404230296,56,0.0900562254315816,0.526412876679593,11,0.9954814559829163,33,0.9950834565161238,5,0.9977452113749937,7,0.9958677664245571
CD4 T Cells|NK Cells|MIF|CD74_CXCR4,CD4 T Cells,NK Cells,MIF,CD74_CXCR4,0.010277212193269714,-0.04861545078754441,0.06916987517408384,56,0.7323294880802307,0.8793193911129942,11,0.9455590140435266,33,0.9671156418627347,5,0.9494042660168761,7,0.9606836816428145,CD4 T Cells,NK Cells,MIF,CD74_CXCR4,0.0001483344798605124,-8.059046760345125e-05,0.00037725942732447606,56,0.20409154679945074,0.5900226619420714,11,0.9996985184674911,33,0.9998057757130737,5,0.999818393885535,7,0.999777316651257
NK Cells|Non-classical Monocytes|HLA-DPB1|CD4,NK Cells,Non-classical Monocytes,HLA-DPB1,CD4,0.06617507745174722,-0.3144597573083175,0.44680991221181193,56,0.7332928850229199,0.8794241841440771,11,0.3883967679154894,33,0.648390856346091,5,0.6094700679120093,7,0.8032890788908637,NK Cells,Non-classical Monocytes,HLA-DPB1,CD4,0.0020805506975097865,-0.00023011585340539055,0.004391217248424964,56,0.07760174265757522,0.4776247420339505,11,0.9932598133922343,33,0.9955070128178863,5,0.9985147867749596,7,0.9986814355031018
NK Cells|Non-classical Monocytes|TIMP1|CD63,NK Cells,Non-classical Monocytes,TIMP1,CD63,-0.029387802955384013,-0.19842435154980945,0.13964874563904142,54,0.7332925449876917,0.8794241841440771,11,0.7065249777862405,32,0.7453594786556341,5,0.727204823494112,6,0.7954271273188896,NK Cells,Non-classical Monocytes,TIMP1,CD63,0.11296800398034623,-0.1948883882599905,0.42082439622068296,56,0.4720118923669644,0.6642847591249715,11,0.9967362282007888,33,0.9665016547689177,5,0.9989226774896695,7,0.8557201000774521
CD8 T Cells|CD8 T Cells|TIMP1|CD63,CD8 T Cells,CD8 T Cells,TIMP1,CD63,-0.014061736768178006,-0.09510171879888421,0.06697824526252819,55,0.7337923750204371,0.8795714556841483,11,0.04062744582021021,32,0.03535855393243253,5,0.0067445456797397205,7,0.015537390560140044,CD8 T Cells,CD8 T Cells,TIMP1,CD63,-0.026472492190742658,-0.08596720041173392,0.033022216030248595,56,0.38315569442203234,0.6141449402063133,11,0.9839870374052109,33,0.9528875794129615,5,0.9935407284707536,7,0.988913762669247
Non-classical Monocytes|NK Cells|MIF|CD74_CXCR4,Non-classical Monocytes,NK Cells,MIF,CD74_CXCR4,0.012570847408519326,-0.06061057564522991,0.08575227046226856,56,0.7363613697670521,0.8806867707659162,11,0.9202977471813238,33,0.9344020178709181,5,0.9417245689298737,7,0.9432579922109486,Non-classical Monocytes,NK Cells,MIF,CD74_CXCR4,0.00018945912716383795,-9.409898898858821e-05,0.0004730172433162641,56,0.1903486679035603,0.5900226619420714,11,0.9995944172034871,33,0.9996651549294027,5,0.9997885917452767,7,0.9996698703440284
Classical Monocytes|Non-classical Monocytes|LGALS9|LRP1,Classical Monocytes,Non-classical Monocytes,LGALS9,LRP1,0.03713648236268541,-0.17849990550054795,0.25277287022591877,56,0.7357089495520794,0.8806867707659162,11,0.08722375580614022,33,0.4008120348347566,5,0.0,7,0.27645179666593095,Classical Monocytes,Non-classical Monocytes,LGALS9,LRP1,0.0032969749349534005,0.0010204340422500942,0.005573515827656706,56,0.004532669293806166,0.12590967007881562,11,0.9894638508666063,33,0.9926660612318697,5,0.9944533004881191,7,0.9943585359184292
Classical Monocytes|Classical Monocytes|RETN|CAP1,Classical Monocytes,Classical Monocytes,RETN,CAP1,-0.043108510319239346,-0.29290635375920737,0.2066893331207287,55,0.7351838276156705,0.8806867707659162,11,0.7560562360102684,32,0.7372620746365617,5,0.6088457939272384,7,0.633160142872771,Classical Monocytes,Classical Monocytes,RETN,CAP1,-0.029792584956074175,-0.08993131241405844,0.03034614250191009,56,0.33156741359053243,0.5900226619420714,11,0.9972158218290169,33,0.9664049712844661,5,0.9984366299392239,7,0.9974183643507474
Non-classical Monocytes|Non-classical Monocytes|CD14|ITGA4,Non-classical Monocytes,Non-classical Monocytes,CD14,ITGA4,-0.06659557751062606,-0.4544800705894206,0.32128891556816846,56,0.7364903497801243,0.8806867707659162,11,0.44702923718291293,33,0.6449708209670338,5,0.27842946813089736,7,0.5429666294256443,Non-classical Monocytes,Non-classical Monocytes,CD14,ITGA4,0.002898900471087429,-0.0008607206499216037,0.006658521592096461,56,0.13072388036183705,0.5560563594390482,11,0.9930893968807581,33,0.9958654401029112,5,0.996847108748308,7,0.9967242514993736
Non-classical Monocytes|CD4 T Cells|PKM|CD44,Non-classical Monocytes,CD4 T Cells,PKM,CD44,-0.0034887444179138027,-0.023971183399724552,0.016993694563896947,56,0.7385019194803567,0.881831762548683,11,0.9579467938213792,33,0.9496467286209569,5,0.9576530117354365,7,0.952841690952928,Non-classical Monocytes,CD4 T Cells,PKM,CD44,-1.4807670789540595e-06,-0.00013803944056060968,0.00013507790640270156,56,0.9830440190181406,0.9907979551201925,11,0.9995225748074001,33,0.9993518392040877,5,0.9998214989660468,7,0.9996522441298132
CD4 T Cells|CD4 T Cells|MIF|CD44_CD74,CD4 T Cells,CD4 T Cells,MIF,CD44_CD74,-0.023427855835260636,-0.16128758261549989,0.11443187094497861,56,0.7390769847142495,0.881831762548683,11,0.9244772107561878,33,0.932765622543149,5,0.8701640601309775,7,0.9018803277531993,CD4 T Cells,CD4 T Cells,MIF,CD44_CD74,0.00018331705188412428,-0.00018891733565763773,0.0005555514394258864,56,0.33442555906962257,0.5900226619420714,11,0.9992380983981314,33,0.9992191478485962,5,0.9996672739521699,7,0.9994650063507506
CD4 T Cells|Classical Monocytes|SELPLG|ITGAM,CD4 T Cells,Classical Monocytes,SELPLG,ITGAM,-0.020273021530506016,-0.14019058452906247,0.09964454146805043,56,0.7403819696439751,0.8829376399993267,11,0.017055702817462045,33,0.11680802285122083,5,0.0,7,0.1200253415642648,CD4 T Cells,Classical Monocytes,SELPLG,ITGAM,0.0017556321948005715,-0.0015825772115314746,0.005093841601132618,56,0.30264169763858695,0.5900226619420714,11,0.9874471276771325,33,0.9869540249857472,5,0.9949799445773065,7,0.9927312096911207
Classical Monocytes|Non-classical Monocytes|VCAN|SELL,Classical Monocytes,Non-classical Monocytes,VCAN,SELL,0.00478499775739083,-0.023621991213753045,0.033191986728534704,56,0.7412904584870652,0.8835697909991308,11,0.9580450155286377,33,0.9687419367563037,5,0.9680480359997519,7,0.973959959470027,Classical Monocytes,Non-classical Monocytes,VCAN,SELL,0.00018352122521902992,-6.493961903124881e-05,0.00043198206946930864,56,0.14770296585373652,0.5560563594390482,11,0.9995391801145789,33,0.9996519007702669,5,0.9998640701109938,7,0.9997932695414627
CD8 T Cells|Non-classical Monocytes|HLA-A|APLP2,CD8 T Cells,Non-classical Monocytes,HLA-A,APLP2,0.00015077402930541162,-0.0007483003089706604,0.0010498483675814836,56,0.742394282261696,0.8841622829319431,11,0.9990542966428766,33,0.9994541978377005,5,0.9988622117792207,7,0.9991113389447392,CD8 T Cells,Non-classical Monocytes,HLA-A,APLP2,7.80875620465249e-06,1.6058646765086428e-07,1.5456925941654116e-05,56,0.04537980462725388,0.4346800176364693,11,0.9999869634964643,33,0.9999926551431212,5,0.9999942070452315,7,0.9999920899356837
CD4 T Cells|Non-classical Monocytes|MIF|TNFRSF14,CD4 T Cells,Non-classical Monocytes,MIF,TNFRSF14,-0.05932984058497803,-0.4155255296363481,0.296865848466392,56,0.7440748486797664,0.8855325033981929,11,0.7841011527861466,33,0.8198779590058128,5,0.5862287263905593,7,0.6813353731952037,CD4 T Cells,Non-classical Monocytes,MIF,TNFRSF14,0.0004765038762735152,-0.0006944860478022483,0.0016474938003492787,56,0.42512799689386205,0.655812643790316,11,0.9976363981579861,33,0.9976758805862381,5,0.9984981899846284,7,0.9980611685366069
Non-classical Monocytes|CD8 T Cells|PKM|CD44,Non-classical Monocytes,CD8 T Cells,PKM,CD44,0.00521016263080587,-0.026217397995048575,0.036637723256660315,56,0.7452346811737256,0.8864610191241209,11,0.9400809103591147,33,0.9341304705839237,5,0.9489946073829513,7,0.9378340049769545,Non-classical Monocytes,CD8 T Cells,PKM,CD44,4.89934921539259e-05,-0.00013047029449852508,0.00022845727880637688,56,0.5926022560428044,0.7590488800836963,11,0.9993324746509799,33,0.9991538617381448,5,0.9997880568554516,7,0.9995604504504626
Classical Monocytes|Classical Monocytes|HMGB1|CXCR4,Classical Monocytes,Classical Monocytes,HMGB1,CXCR4,-0.007360105689436569,-0.05186845864425582,0.03714824726538268,56,0.7458557803378202,0.8867480891490886,11,0.9441957918612541,33,0.9236108275768217,5,0.9386680369693143,7,0.9254431783743184,Classical Monocytes,Classical Monocytes,HMGB1,CXCR4,-0.00016639738940404936,-0.0006359405567051889,0.0003031457778970901,56,0.487321757517028,0.6760799432579643,11,0.9993721321130984,33,0.9989190339521758,5,0.9997278076679589,7,0.9994411068964404
CD4 T Cells|B Cells|MIF|CD44_CD74,CD4 T Cells,B Cells,MIF,CD44_CD74,0.03827163745374562,-0.19360933319967671,0.27015260810716796,56,0.7463246503684221,0.8868539738474633,11,0.8363579986318829,33,0.8607386300687495,5,0.7773580250549845,7,0.7634670190381055,CD4 T Cells,B Cells,MIF,CD44_CD74,0.0005330659142939176,-0.00038082462618228743,0.0014469564547701227,56,0.25294178754013563,0.5900226619420714,11,0.9982246297115798,33,0.9982294596868654,5,0.999159849021126,7,0.9986316130821177
NK Cells|Classical Monocytes|HLA-A|APLP2,NK Cells,Classical Monocytes,HLA-A,APLP2,-2.0318706737243453e-05,-0.0001437824831023954,0.00010314506962790849,56,0.7470318179233693,0.887013312168868,11,0.9999290453086183,33,0.9999271087170185,5,0.999879624300581,7,0.9998980064157185,NK Cells,Classical Monocytes,HLA-A,APLP2,3.1038069370215027e-07,-7.09716059514425e-07,1.3304774469187255e-06,56,0.5509412503851034,0.720794723579132,11,0.9999988776605377,33,0.9999989522619177,5,0.9999992555108734,7,0.9999990197315597
Classical Monocytes|B Cells|LGALS1|ITGB1,Classical Monocytes,B Cells,LGALS1,ITGB1,0.007235528182054085,-0.0367637632413052,0.05123481960541337,45,0.7472184946621685,0.887013312168868,8,0.9482224978723537,25,0.9697706129514703,5,0.9640091935223388,7,0.9783217804194013,Classical Monocytes,B Cells,LGALS1,ITGB1,0.030437653010687016,-0.2957967505102163,0.35667205653159034,56,0.8549043077744977,0.9135279515590008,11,0.7268233486155941,33,0.7572883230367573,5,0.9998391984723138,7,0.9998665198827901
Classical Monocytes|Classical Monocytes|SELPLG|ITGAM,Classical Monocytes,Classical Monocytes,SELPLG,ITGAM,0.028822881262811476,-0.14732204477228394,0.20496780729790687,56,0.7484285765104411,0.8875473469537227,11,0.09802698526995307,33,0.22132918615901948,5,0.062145423998990076,7,0.156624743625245,Classical Monocytes,Classical Monocytes,SELPLG,ITGAM,0.003348299416347178,-0.00021151107328554663,0.006908109905979903,56,0.06525458180905513,0.4776247420339505,11,0.9892273324763916,33,0.9897485275199674,5,0.9958860431790331,7,0.9930589388062617
Classical Monocytes|Non-classical Monocytes|APP|CD74,Classical Monocytes,Non-classical Monocytes,APP,CD74,-0.003731948382028949,-0.026739794960037838,0.01927589819597994,55,0.7505512315207941,0.8891614031461461,11,0.9604916984231018,32,0.9603920672382604,5,0.9717106605192383,7,0.9753429777164259,Classical Monocytes,Non-classical Monocytes,APP,CD74,-0.03030457796115882,-0.09058594618044745,0.029976790258129812,56,0.3244714438210963,0.5900226619420714,11,0.999563893059308,33,0.9691711263435004,5,0.9998692665392868,7,0.9997810777846379
Classical Monocytes|CD8 T Cells|VCAN|ITGB1,Classical Monocytes,CD8 T Cells,VCAN,ITGB1,-0.013777121514071733,-0.09966727927813282,0.07211303624998935,53,0.753227898157135,0.891427847033406,9,0.9228002956575089,32,0.9389403008443103,5,0.8886023091577002,7,0.9185194358585734,Classical Monocytes,CD8 T Cells,VCAN,ITGB1,0.15171639072780196,-0.10592276230237452,0.40935554375797845,56,0.24843162414388387,0.5900226619420714,11,0.8174299568036065,33,0.96904362425456,5,0.999566058771765,7,0.9994633354949165
NK Cells|Non-classical Monocytes|SELPLG|ITGB2,NK Cells,Non-classical Monocytes,SELPLG,ITGB2,-0.01435068937359063,-0.10421991451722905,0.07551853577004779,56,0.754299540927061,0.8922438845312499,11,0.9550464913576345,33,0.9414683588543937,5,0.9113800449243484,7,0.9121526017946983,NK Cells,Non-classical Monocytes,SELPLG,ITGB2,6.11613156709101e-05,-0.0005366139998387947,0.0006589366311806149,56,0.8410633612003333,0.9098392286491966,11,0.9994774895480082,33,0.9992498996087448,5,0.9996361219496095,7,0.9993473706946752
Classical Monocytes|B Cells|HBEGF|CD82,Classical Monocytes,B Cells,HBEGF,CD82,-0.02927378563995986,-0.21371789837304123,0.1551703270931215,48,0.7557452003668352,0.8930491107573686,10,0.0,26,0.08480384650320096,5,0.00399953640954788,7,0.1180771685527087,Classical Monocytes,B Cells,HBEGF,CD82,-0.1166388516004474,-0.3484247354712133,0.11514703227031847,56,0.32399114524599837,0.5900226619420714,11,0.8939035656825657,33,0.7732419257581433,5,0.9948462414311013,7,0.9908234531071265
CD4 T Cells|CD8 T Cells|S100A9|ITGB2,CD4 T Cells,CD8 T Cells,S100A9,ITGB2,0.06009613563980731,-0.323663446272616,0.44385571755223063,54,0.7588987701524623,0.8958688717421636,11,0.6634340511285428,32,0.8960355854540979,5,0.5568813587591401,6,0.7293867574448879,CD4 T Cells,CD8 T Cells,S100A9,ITGB2,0.1149384428709006,-0.19291056387902994,0.42278744962083115,56,0.464307890409679,0.6642847591249715,11,0.9964158888950866,33,0.9685747005719649,5,0.9983940600601191,7,0.8556144288660968
CD8 T Cells|Classical Monocytes|PSAP|LRP1,CD8 T Cells,Classical Monocytes,PSAP,LRP1,-0.0370227953053881,-0.27432234089012136,0.20027675027934516,56,0.759766091524431,0.8964395268870876,11,0.21143293851960007,33,0.2600257263140923,5,0.18818298995369634,7,0.2737985730535767,CD8 T Cells,Classical Monocytes,PSAP,LRP1,0.0012571249730065626,-0.0010693962225543484,0.0035836461685674736,56,0.28957360354847494,0.5900226619420714,11,0.9913200213669938,33,0.9906449382164748,5,0.9964925204069127,7,0.9945603122833871
CD4 T Cells|NK Cells|TIMP1|CD63,CD4 T Cells,NK Cells,TIMP1,CD63,0.023127106241560336,-0.12539027632201535,0.17164448880513603,56,0.7602097806729374,0.8965100191269237,11,0.8842978967220336,33,0.85869102767172,5,0.7940300037417714,7,0.7452960284498974,CD4 T Cells,NK Cells,TIMP1,CD63,0.0006587427863011808,-0.0001843445600011042,0.0015018301326034658,56,0.12566816939229755,0.5560563594390482,11,0.9986807424384526,33,0.9982762713585618,5,0.9991861190935397,7,0.9981229052273477
NK Cells|NK Cells|ICAM2|ITGAL_ITGB2,NK Cells,NK Cells,ICAM2,ITGAL_ITGB2,-0.0216657891224456,-0.1620940218444394,0.11876244359954821,55,0.7623543803104685,0.8985852993563574,11,0.2110076105473519,32,0.2507579184125666,5,0.0,7,0.06141609698766032,NK Cells,NK Cells,ICAM2,ITGAL_ITGB2,-0.028575094148339253,-0.08838365303839485,0.03123346474171635,56,0.3490550511592645,0.5900226619420714,11,0.9911973657320516,33,0.9600775990662621,5,0.9943472814728572,7,0.991802608955407
Non-classical Monocytes|B Cells|VCAN|CD44,Non-classical Monocytes,B Cells,VCAN,CD44,-0.032838644446125165,-0.2506750451843849,0.18499775629213455,55,0.767640339455522,0.902992540367075,10,0.6972065304471613,33,0.7463974017148706,5,0.6427894778582408,7,0.7248189935720752,Non-classical Monocytes,B Cells,VCAN,CD44,0.09164037373639855,-0.0946331163896319,0.277913863862429,56,0.33492700846747303,0.5900226619420714,11,0.9061316093060383,33,0.9970827422339171,5,0.9985822685565419,7,0.9978930277480221
Classical Monocytes|CD8 T Cells|ADAM17|ITGB1,Classical Monocytes,CD8 T Cells,ADAM17,ITGB1,0.02944457067985587,-0.16678410899969803,0.22567325035940977,53,0.7686836583648462,0.9031369489084549,9,0.12640499939105623,32,0.20051147734438077,5,0.02496141697585838,7,0.06962332424932705,Classical Monocytes,CD8 T Cells,ADAM17,ITGB1,0.15466847194504119,-0.10005724464032073,0.4093941885304031,56,0.23401394160756672,0.5900226619420714,11,0.8079815642766853,33,0.9591457084990498,5,0.9949893272762198,7,0.9914849995535431
Non-classical Monocytes|Non-classical Monocytes|FABP5|RXRA,Non-classical Monocytes,Non-classical Monocytes,FABP5,RXRA,-0.006980158923338219,-0.053548010810181366,0.03958769296350493,48,0.768923449434693,0.9031369489084549,8,0.024633089179750763,28,0.017652930256412545,5,0.0,7,0.0,Non-classical Monocytes,Non-classical Monocytes,FABP5,RXRA,0.1178421318933841,-0.19336479076908308,0.4290490545558513,56,0.45798844485987167,0.6642847591249715,11,0.717334448018831,33,0.8312741731679528,5,0.9937467210521032,7,0.9898443143078409
Non-classical Monocytes|B Cells|LGALS1|ITGB1,Non-classical Monocytes,B Cells,LGALS1,ITGB1,0.007259469413702702,-0.04100651707436386,0.055525455901769265,45,0.7681548055270608,0.9031369489084549,8,0.941502154570688,25,0.9646484302426562,5,0.9579338890047531,7,0.9738206952630186,Non-classical Monocytes,B Cells,LGALS1,ITGB1,0.03044897112135636,-0.29576223326215434,0.35666017550486706,56,0.8548407456982191,0.9135279515590008,11,0.7267692522400545,33,0.7572432977203939,5,0.999812824763648,7,0.999837899122631
NK Cells|B Cells|TGFB1|ITGB1,NK Cells,B Cells,TGFB1,ITGB1,-0.06714172266206136,-0.5165392163827931,0.3822557710586704,45,0.7696550044831791,0.9035416970679856,8,0.5811350353792031,25,0.5550716437896016,5,0.402837867696476,7,0.4439161987689359,NK Cells,B Cells,TGFB1,ITGB1,0.032066101172421146,-0.29270849836786184,0.35684070071270413,56,0.8465565114192506,0.9131604847978376,11,0.7236976545369971,33,0.7531853963633023,5,0.997424724859816,7,0.9948463655137001
Non-classical Monocytes|CD8 T Cells|TIMP1|CD63,Non-classical Monocytes,CD8 T Cells,TIMP1,CD63,0.00924057918836041,-0.05350280232004828,0.0719839606967691,56,0.7728452604959561,0.9068309966120892,11,0.9143711985326981,33,0.9311903861050647,5,0.9108409867180898,7,0.9184195951020959,Non-classical Monocytes,CD8 T Cells,TIMP1,CD63,0.00033217688942899226,-6.913556231391386e-05,0.0007334893411718984,56,0.1047361693876147,0.5560563594390482,11,0.9990354206116929,33,0.9991656516846518,5,0.9996532391370673,7,0.9994512933205971
CD4 T Cells|Non-classical Monocytes|HMGB1|CXCR4,CD4 T Cells,Non-classical Monocytes,HMGB1,CXCR4,-0.0032721616241406792,-0.025680030837886707,0.01913570758960535,56,0.7747185603735549,0.9084192144521424,11,0.9627955048836871,33,0.9557196762806959,5,0.9789011634870057,7,0.9750974965081551,CD4 T Cells,Non-classical Monocytes,HMGB1,CXCR4,-6.233903475050262e-05,-0.0002986198744505678,0.0001739418049495626,56,0.6050820973387399,0.7593717729051237,11,0.9995639968938318,33,0.999412321631191,5,0.9998992161256824,7,0.9998098798977921
B Cells|NK Cells|PKM|CD44,B Cells,NK Cells,PKM,CD44,-0.038225842817617206,-0.3007652076077168,0.2243135219724824,56,0.7753594731212637,0.9084192144521424,11,0.4824064685099935,33,0.5307290520103572,5,0.6826917547268598,7,0.7692401810448407,B Cells,NK Cells,PKM,CD44,-0.00019526651816548224,-0.001940368303683899,0.0015498352673529346,56,0.8264098802593272,0.9035879603844436,11,0.9943500891397281,33,0.9938900481431727,5,0.9987627724561833,7,0.9984979979777934
Classical Monocytes|CD4 T Cells|LGALS1|PTPRC,Classical Monocytes,CD4 T Cells,LGALS1,PTPRC,-8.656998641198843e-05,-0.0006822199506334802,0.0005090799778095034,56,0.7757549951252984,0.9084192144521424,11,0.999585564643645,33,0.9996424668915282,5,0.9995889894864904,7,0.9997324617207857,Classical Monocytes,CD4 T Cells,LGALS1,PTPRC,6.25208807281119e-07,-4.081183055144644e-06,5.331600669706882e-06,56,0.7945810863671859,0.8778451600899102,11,0.9999941337966135,33,0.9999951605543616,5,0.9999974470799936,7,0.9999978486289344
CD4 T Cells|CD4 T Cells|MIF|TNFRSF14,CD4 T Cells,CD4 T Cells,MIF,TNFRSF14,-0.05066810925988241,-0.4013167766798376,0.2999805581600728,56,0.7770148571190809,0.9094384417910044,11,0.6983151924646218,33,0.7762315461589356,5,0.5128507366606628,7,0.6414351996148591,CD4 T Cells,CD4 T Cells,MIF,TNFRSF14,0.0008827412975672688,-0.00034261936878539757,0.0021081019639199354,56,0.15796632814118317,0.5561959437617686,11,0.9967322435806486,33,0.9972051907339166,5,0.9982016428517637,7,0.9977918487074644
Classical Monocytes|NK Cells|LGALS1|CD69,Classical Monocytes,NK Cells,LGALS1,CD69,5.555049406003043e-05,-0.0003304987244634575,0.0004415997125835184,56,0.7779214869869626,0.910043422903085,11,0.9997331976604035,33,0.9998772936392747,5,0.9997744557071604,7,0.9998630011919716,Classical Monocytes,NK Cells,LGALS1,CD69,9.733403718570344e-07,-2.379823175029581e-06,4.326503918743649e-06,56,0.5694043057918906,0.7352973015092235,11,0.9999961896010879,33,0.9999976939422277,5,0.9999985400654958,7,0.9999990710662637
NK Cells|CD4 T Cells|HLA-DPA1|CD4,NK Cells,CD4 T Cells,HLA-DPA1,CD4,-0.0466344440900861,-0.3785427029053616,0.2852738147251894,55,0.7830221450048866,0.9103259784709969,11,0.015125356058254128,32,0.22423082398496802,5,0.20993742586194108,7,0.46567733787874105,NK Cells,CD4 T Cells,HLA-DPA1,CD4,-0.02534678995087669,-0.08513428591323952,0.03444070601148613,56,0.40601722480985647,0.6412964275179661,11,0.9853821047758587,33,0.9598079772532462,5,0.9965356973041141,7,0.9963083597323782
NK Cells|Non-classical Monocytes|MIF|CD44_CD74,NK Cells,Non-classical Monocytes,MIF,CD44_CD74,-0.008206619200217369,-0.06644998232039051,0.05003674391995577,56,0.7824226609278422,0.9103259784709969,11,0.9699873955558509,33,0.9573966612708801,5,0.9383345809786382,7,0.9339504658938848,NK Cells,Non-classical Monocytes,MIF,CD44_CD74,-2.379148305819978e-05,-0.000326118758582377,0.00027853579246597744,56,0.8774218316488489,0.9259742455243634,11,0.9996594532368612,33,0.9994118263346746,5,0.9997567618393374,7,0.999532926420209
Classical Monocytes|NK Cells|MIF|TNFRSF14,Classical Monocytes,NK Cells,MIF,TNFRSF14,-0.047412175073865026,-0.38551216071296784,0.2906878105652378,56,0.7834329037186145,0.9103259784709969,11,0.4438203924485004,33,0.49990876754121816,5,0.14111260838691747,7,0.24461315855350024,Classical Monocytes,NK Cells,MIF,TNFRSF14,0.0016819325092989335,-0.00034054794610531656,0.0037044129647031835,56,0.1031136195369163,0.5560563594390482,11,0.9940228909476869,33,0.9934081655557246,5,0.9963553858853537,7,0.9940587279840924
NK Cells|NK Cells|PKM|CD44,NK Cells,NK Cells,PKM,CD44,0.03685591106374375,-0.22620092191430657,0.2999127440417941,56,0.7836210778272821,0.9103259784709969,11,0.4689699735072054,33,0.6168072271362619,5,0.6788117504099958,7,0.7897930929753085,NK Cells,NK Cells,PKM,CD44,0.0010328770372806106,-0.00045184543221383935,0.002517599506775061,56,0.1727286528808777,0.5863779826014492,11,0.9941946417012119,33,0.995102988222721,5,0.9987691504040006,7,0.9986446198882292
CD8 T Cells|Non-classical Monocytes|MIF|CD44_CD74,CD8 T Cells,Non-classical Monocytes,MIF,CD44_CD74,-0.008313643334063703,-0.06670334520877316,0.05007605854064576,56,0.7801960022881144,0.9103259784709969,11,0.9696846723672863,33,0.9516451048969911,5,0.9420652173050821,7,0.9323392931688506,CD8 T Cells,Non-classical Monocytes,MIF,CD44_CD74,-8.826394247030134e-05,-0.0003711906376565388,0.00019466275271593614,56,0.5409049367861858,0.720794723579132,11,0.999651604416331,33,0.99933731627263,5,0.9997739732506506,7,0.9995479490494199
Classical Monocytes|CD8 T Cells|MIF|TNFRSF14,Classical Monocytes,CD8 T Cells,MIF,TNFRSF14,-0.04692476387041697,-0.37683782449076464,0.28298829674993076,56,0.7804190512927746,0.9103259784709969,11,0.3635980463370608,33,0.4678632226620348,5,0.10442849838651949,7,0.25561843858191047,Classical Monocytes,CD8 T Cells,MIF,TNFRSF14,0.002069139878496107,-0.0003239201526342144,0.004462199909626428,56,0.09013862687235479,0.526412876679593,11,0.9931180524572446,33,0.9929783473460108,5,0.9959883860144696,7,0.9937795410247396
Non-classical Monocytes|Non-classical Monocytes|HLA-C|LILRB2,Non-classical Monocytes,Non-classical Monocytes,HLA-C,LILRB2,-0.00035325992450641053,-0.0028694718644631232,0.002162952015450302,56,0.7831884767236642,0.9103259784709969,11,0.9994185899133444,33,0.9984029385453628,5,0.9984045113713036,7,0.9977421199278284,Non-classical Monocytes,Non-classical Monocytes,HLA-C,LILRB2,-6.676545405537304e-06,-2.7844494448394283e-05,1.4491403637319675e-05,56,0.5364509070202197,0.7200388329731479,11,0.9999922906278069,33,0.9999771697644286,5,0.9999923981736245,7,0.9999839538556518
Non-classical Monocytes|Non-classical Monocytes|ADAM10|NOTCH2,Non-classical Monocytes,Non-classical Monocytes,ADAM10,NOTCH2,-0.005786153881760667,-0.04635965005880087,0.034787342295279536,56,0.7798543101720558,0.9103259784709969,11,0.0,33,0.012279917806921191,5,0.0,7,0.018066071688681858,Non-classical Monocytes,Non-classical Monocytes,ADAM10,NOTCH2,0.0007039331842632057,-0.005555929393362453,0.0069637957618888646,56,0.8255584043072028,0.9033212271140124,11,0.9858076932913886,33,0.9821529123785684,5,0.9935100146006031,7,0.9891513005035196
B Cells|Classical Monocytes|PSAP|LRP1,B Cells,Classical Monocytes,PSAP,LRP1,0.03934538621211206,-0.24118493226862522,0.3198757046928493,56,0.7833992145699017,0.9103259784709969,11,0.19792268183646475,33,0.370939503457115,5,0.23068911269465636,7,0.36436054810319457,B Cells,Classical Monocytes,PSAP,LRP1,0.002367297109710398,0.00015168818508880634,0.00458290603433199,56,0.036246634419170795,0.40101408534417127,11,0.991196254179291,33,0.9920133990617459,5,0.9968044109788678,7,0.9952542587516123
CD8 T Cells|Classical Monocytes|HMGB1|CXCR4,CD8 T Cells,Classical Monocytes,HMGB1,CXCR4,-0.004673368783903897,-0.03779263580964188,0.028445898241834085,56,0.7821140402471911,0.9103259784709969,11,0.9597884220457055,33,0.9542504949838307,5,0.95677947335158,7,0.9559149150736092,CD8 T Cells,Classical Monocytes,HMGB1,CXCR4,-5.1416871002629705e-05,-0.0002934319259887331,0.00019059818398347366,56,0.6771168856750982,0.8112270064453461,11,0.9995364058246026,33,0.9993796839667183,5,0.9998058945484471,7,0.9997005895615655
Classical Monocytes|Non-classical Monocytes|ANXA1|FPR1,Classical Monocytes,Non-classical Monocytes,ANXA1,FPR1,0.007259948282375639,-0.04480769467002605,0.05932759123477733,55,0.7846351581981132,0.9105328957721431,10,0.9290257445390452,33,0.96591115869085,5,0.9523881883119835,7,0.9820136541814126,Classical Monocytes,Non-classical Monocytes,ANXA1,FPR1,0.09115539752636248,-0.09557197384810934,0.2778827689008343,56,0.3386667328120492,0.5900226619420714,11,0.9083689554953218,33,0.9995917392915943,5,0.9998051648887994,7,0.9998725511587094
Non-classical Monocytes|CD4 T Cells|LGALS1|PTPRC,Non-classical Monocytes,CD4 T Cells,LGALS1,PTPRC,-0.00016345615062662855,-0.001337613985848892,0.0010107016845956349,56,0.7849690446206955,0.9105328957721431,11,0.9991063744490486,33,0.9993643725804987,5,0.9991590649220449,7,0.9995805192041216,Non-classical Monocytes,CD4 T Cells,LGALS1,PTPRC,1.7906069602613428e-06,-7.686853593144509e-06,1.1268067513667194e-05,56,0.7111572829639942,0.8372183307272819,11,0.9999882468142128,33,0.9999916374195091,5,0.9999949255563688,7,0.9999965255547049
CD8 T Cells|NK Cells|LGALS1|PTPRC,CD8 T Cells,NK Cells,LGALS1,PTPRC,0.009767763693856013,-0.0605539592284107,0.08008948661612272,56,0.7854366213990295,0.910622895216849,11,0.900214793237282,33,0.9383997601751398,5,0.9008973945331299,7,0.9293145977771317,CD8 T Cells,NK Cells,LGALS1,PTPRC,0.0004389780438510682,-0.00011348088155033393,0.0009914369692524704,56,0.11938343796506296,0.5560563594390482,11,0.9989113036600855,33,0.9992973353897616,5,0.9995940459618664,7,0.9995410996476914
CD4 T Cells|Non-classical Monocytes|PSAP|LRP1,CD4 T Cells,Non-classical Monocytes,PSAP,LRP1,0.025765579883585944,-0.1606148765202789,0.21214603628745077,56,0.786430214879605,0.9110718346199403,11,0.06862388293867597,33,0.22342259668810197,5,0.049404468820308724,7,0.17843760268614878,CD4 T Cells,Non-classical Monocytes,PSAP,LRP1,0.0022780075874940797,-0.00013747422558058227,0.004693489400568742,56,0.0645423296574641,0.4776247420339505,11,0.9894163029495371,33,0.989801364621767,5,0.995315154240368,7,0.9934222083251039
CD8 T Cells|Classical Monocytes|HLA-DPB1|CD4,CD8 T Cells,Classical Monocytes,HLA-DPB1,CD4,-0.053757195769975064,-0.44463643852694384,0.3371220469869937,56,0.7875051566320854,0.9110718346199403,11,0.4718742901842864,33,0.5433387025777369,5,0.42690415835226314,7,0.5521257665156887,CD8 T Cells,Classical Monocytes,HLA-DPB1,CD4,0.0007287980355116241,-0.002001906712367447,0.0034595027833906953,56,0.6009081699193632,0.7593717729051237,11,0.994126320918238,33,0.9940570838661013,5,0.9977788037039342,7,0.9969807686162858
NK Cells|Classical Monocytes|TGFB1|ITGB1,NK Cells,Classical Monocytes,TGFB1,ITGB1,-0.05895840425344512,-0.48697107341226065,0.3690542649053704,56,0.7871729646496709,0.9110718346199403,11,0.7554174921587276,33,0.5903598251001262,5,0.46885040762530794,7,0.3627511448201517,NK Cells,Classical Monocytes,TGFB1,ITGB1,0.0006317671720075246,-0.0020118602582081826,0.003275394602223232,56,0.6395078135172145,0.783173360276305,11,0.9972065417969973,33,0.994779656565404,5,0.9978276362908467,7,0.9947689838872459
Classical Monocytes|CD8 T Cells|COPA|CD74,Classical Monocytes,CD8 T Cells,COPA,CD74,-0.017484142518765955,-0.1457761481110366,0.11080786307350468,56,0.7893831959319618,0.9120285811485062,11,0.7801079913363121,33,0.8119681392652768,5,0.7968350737093777,7,0.8461793641571083,Classical Monocytes,CD8 T Cells,COPA,CD74,0.0004338185406063122,-0.0002885803871765073,0.0011562174683891317,56,0.23919264567584397,0.5900226619420714,11,0.9975728744772691,33,0.997787366026367,5,0.9992137034245104,7,0.998994376433002
CD4 T Cells|NK Cells|LRPAP1|SORL1,CD4 T Cells,NK Cells,LRPAP1,SORL1,0.009566817161565475,-0.060569417850806134,0.07970305217393708,55,0.7892030445898485,0.9120285811485062,11,0.032356083078576646,32,0.04192290024014212,5,0.0,7,0.0,CD4 T Cells,NK Cells,LRPAP1,SORL1,-0.027297418168103826,-0.08690370727342434,0.03230887093721669,56,0.3694046425225713,0.6029760624462895,11,0.987650732380781,33,0.953708062299891,5,0.9933496446396453,7,0.9867043927268592
Classical Monocytes|NK Cells|TGFB1|CXCR4,Classical Monocytes,NK Cells,TGFB1,CXCR4,0.010476511982233427,-0.066742390084343,0.08769541404880986,55,0.7903054522500542,0.912642547479662,11,0.918800202928599,33,0.9290810964285999,5,0.9575781286394959,6,0.9573825101572634,Classical Monocytes,NK Cells,TGFB1,CXCR4,0.14279407962828106,-0.15955646467344292,0.44514462393000503,56,0.3546270885826319,0.5900226619420714,11,0.9991066353276211,33,0.9989863310843319,5,0.9998330040052416,7,0.8569186201336713
NK Cells|CD4 T Cells|HLA-DPB1|CD4,NK Cells,CD4 T Cells,HLA-DPB1,CD4,0.04575650718087698,-0.29518022824993545,0.3866932426116894,55,0.7925172456618546,0.9139354518443059,11,0.14332998729811208,32,0.3905406734126401,5,0.43786638848609627,7,0.6393205674197473,NK Cells,CD4 T Cells,HLA-DPB1,CD4,-0.026269718054711566,-0.08623726466479989,0.03369782855537676,56,0.3905652346457269,0.6216521759651689,11,0.9882349207759435,33,0.9621077059603882,5,0.9972983856288387,7,0.9974408888679948
Non-classical Monocytes|Classical Monocytes|HLA-DMB|CD4,Non-classical Monocytes,Classical Monocytes,HLA-DMB,CD4,-0.03018784390419682,-0.25521180332704085,0.19483611551864718,56,0.7925992676594088,0.9139354518443059,11,0.4836152434698485,33,0.35381840123933805,5,0.6714084670491896,7,0.5717994687228759,Non-classical Monocytes,Classical Monocytes,HLA-DMB,CD4,-0.0013043715403452394,-0.0051393111350069125,0.0025305680543164337,56,0.505002593926152,0.6947591672252768,11,0.9941619287696024,33,0.9902739047136329,5,0.9986534779260493,7,0.996069825410425
B Cells|CD4 T Cells|CD72|CD5,B Cells,CD4 T Cells,CD72,CD5,0.01481736773259493,-0.09669330419800003,0.1263280396631899,55,0.7945266900262448,0.914351809369779,11,0.08292378112049316,33,0.11560024551205879,5,0.0,6,0.0178590966589707,B Cells,CD4 T Cells,CD72,CD5,0.14081792625518164,-0.15894328576122346,0.44057913827158673,56,0.35719328543601303,0.5913170284776743,11,0.9878969884823632,33,0.9849723039854389,5,0.9931870861347842,7,0.8494444753826783
NK Cells|Non-classical Monocytes|ANXA1|FPR1,NK Cells,Non-classical Monocytes,ANXA1,FPR1,0.018004139434482536,-0.11748795602610904,0.1534962348950741,55,0.7945249408466132,0.914351809369779,10,0.8069056449113201,33,0.9025034077517136,5,0.8724428679895819,7,0.9500364913954928,NK Cells,Non-classical Monocytes,ANXA1,FPR1,0.09153117615125228,-0.09495263522245015,0.2780149875249547,56,0.3360485744836146,0.5900226619420714,11,0.9071733629772691,33,0.9988677462636594,5,0.9995047307958327,7,0.9996679379309706
NK Cells|CD8 T Cells|TGFB1|CXCR4,NK Cells,CD8 T Cells,TGFB1,CXCR4,0.004278556395881039,-0.02786848322460829,0.03642559601637037,56,0.7942019193425975,0.914351809369779,11,0.9936854144403963,33,0.9818801271967265,5,0.9915655114300692,7,0.9754816677905184,NK Cells,CD8 T Cells,TGFB1,CXCR4,-0.0001522567700789068,-0.0005087462448438937,0.00020423270468608,56,0.4025356565529007,0.6376891420075582,11,0.9999207413121106,33,0.9996737590848708,5,0.999965811625799,7,0.999871086168638
Classical Monocytes|B Cells|TNFSF13B|HLA-DPB1,Classical Monocytes,B Cells,TNFSF13B,HLA-DPB1,-0.000133502954900111,-0.0011468656252192437,0.0008798597154190217,56,0.7962443773969197,0.9158771533112352,11,0.9987376192311416,33,0.9987763023554819,5,0.999387329218502,7,0.9995595152977425,Classical Monocytes,B Cells,TNFSF13B,HLA-DPB1,1.3530315037257878e-06,-1.1489019078752065e-05,1.419508208620364e-05,56,0.8363997825744639,0.9084934054519296,11,0.9999831817841692,33,0.9999838297047676,5,0.9999966861836219,7,0.9999959810727166
Non-classical Monocytes|B Cells|TIMP1|CD63,Non-classical Monocytes,B Cells,TIMP1,CD63,0.014541015555546322,-0.09780865243313717,0.12689068354422983,54,0.7997496426306754,0.9163060105251204,11,0.7933601475326616,32,0.8296305344141677,5,0.8415103494704406,6,0.8632397207964003,Non-classical Monocytes,B Cells,TIMP1,CD63,0.11299663261065873,-0.1951181691757793,0.42111143439709675,56,0.4722713362285771,0.6642847591249715,11,0.9977286385384351,33,0.9677768548544288,5,0.9993771688523477,7,0.8564287525576827
Non-classical Monocytes|CD8 T Cells|HLA-A|CD8A,Non-classical Monocytes,CD8 T Cells,HLA-A,CD8A,0.00031770963385846507,-0.002120671680296496,0.002756090948013426,56,0.7984341709419888,0.9163060105251204,11,0.998340255658021,33,0.9988743302940071,5,0.9974099157898882,7,0.9976262807920159,Non-classical Monocytes,CD8 T Cells,HLA-A,CD8A,1.241733140588952e-05,-6.062919366737654e-06,3.08975821785167e-05,56,0.1878561815784292,0.5900226619420714,11,0.9999773252781643,33,0.999985416885941,5,0.9999871531986363,7,0.9999828274750071
NK Cells|CD4 T Cells|TGFB1|CXCR4,NK Cells,CD4 T Cells,TGFB1,CXCR4,0.005105436581914535,-0.03420768045675666,0.04441855362058573,56,0.7990840840755771,0.9163060105251204,11,0.9921761932457644,33,0.9792744172264681,5,0.9870196234656552,7,0.9690124108644443,NK Cells,CD4 T Cells,TGFB1,CXCR4,-0.00013813665980100254,-0.0004564690537620262,0.00018019573416002115,56,0.39504510551392347,0.627846561972253,11,0.9999012607098827,33,0.9996556978817079,5,0.9999472812458723,7,0.9998398550774985
CD8 T Cells|Classical Monocytes|LRPAP1|SORL1,CD8 T Cells,Classical Monocytes,LRPAP1,SORL1,-0.00428651954038011,-0.03726127697637989,0.028688237895619667,54,0.7988903244181768,0.9163060105251204,11,0.0111672333468696,31,0.013606577813807804,5,0.0,7,0.006725864007318315,CD8 T Cells,Classical Monocytes,LRPAP1,SORL1,-0.059734095476792204,-0.14230638188931938,0.022838190935734984,56,0.15622904768608856,0.5560563594390482,11,0.9861291585491245,33,0.9196385920076767,5,0.9942134799465532,7,0.9874570088818977
B Cells|CD8 T Cells|MIF|TNFRSF14,B Cells,CD8 T Cells,MIF,TNFRSF14,-0.04826336674820986,-0.4177076926670615,0.32118095917064177,56,0.7979159058935762,0.9163060105251204,11,0.570961069483181,33,0.6782159443934195,5,0.36297618250269503,7,0.5184944241611433,B Cells,CD8 T Cells,MIF,TNFRSF14,0.0015236152927604607,-0.00031031008370084427,0.0033575406692217657,56,0.10345546408624581,0.5560563594390482,11,0.9954270597234577,33,0.9959652863105172,5,0.9975582483983766,7,0.9965728596926756
Non-classical Monocytes|Classical Monocytes|CD99|PILRA,Non-classical Monocytes,Classical Monocytes,CD99,PILRA,0.04599073027706807,-0.30936454421719967,0.4013460047713358,56,0.7997565950536168,0.9163060105251204,11,0.26174273580723545,33,0.4143252678130829,5,0.3390681701857312,7,0.44565997191451057,Non-classical Monocytes,Classical Monocytes,CD99,PILRA,0.004006932288362575,-0.000642269807243692,0.008656134383968842,56,0.09118066424806892,0.5305585281246925,11,0.9906627188413217,33,0.9926434934619208,5,0.9971451691394411,7,0.9951190114716776
NK Cells|Non-classical Monocytes|HMGB1|CXCR4,NK Cells,Non-classical Monocytes,HMGB1,CXCR4,0.0020538476862561605,-0.013726274690715242,0.017833970063227563,56,0.7986479062801104,0.9163060105251204,11,0.9796660253771132,33,0.9759345334271063,5,0.9879962603564166,7,0.9822109207201536,NK Cells,Non-classical Monocytes,HMGB1,CXCR4,-2.4307246489163603e-05,-0.00018870689618602485,0.00014009240320769764,56,0.7719771164251155,0.858763145651957,11,0.9997548597884197,33,0.9996585194111388,5,0.9999398208657204,7,0.9998677877349287
CD8 T Cells|Non-classical Monocytes|HLA-DRA|CD4,CD8 T Cells,Non-classical Monocytes,HLA-DRA,CD4,0.046781055126772164,-0.3222601628292382,0.4158222730827825,55,0.8037843803854174,0.9191168110675562,11,0.22940205466546926,33,0.4116779573510872,5,0.17626452010650173,6,0.3117593676653475,CD8 T Cells,Non-classical Monocytes,HLA-DRA,CD4,0.14445558839317718,-0.15647306916212006,0.4453842459484744,56,0.3467833974006863,0.5900226619420714,11,0.9913086904181092,33,0.9923040728100987,5,0.9963209609463913,7,0.8528607549452036
CD4 T Cells|B Cells|MIF|TNFRSF14,CD4 T Cells,B Cells,MIF,TNFRSF14,0.04013830833109211,-0.2777778445664851,0.3580544612286693,56,0.8045568507123041,0.9195498024538571,11,0.6843889384213259,33,0.7870273306619022,5,0.5515660276237221,7,0.6140661115332063,CD4 T Cells,B Cells,MIF,TNFRSF14,0.00150328080283324,0.00028508206112278487,0.0027214795445436955,56,0.015578929703793968,0.28276642578846495,11,0.9965952578313896,33,0.9973200292165724,5,0.9983416594217512,7,0.9975631500041008
CD8 T Cells|CD4 T Cells|HLA-DPA1|CD4,CD8 T Cells,CD4 T Cells,HLA-DPA1,CD4,0.031421864135032514,-0.21902433211540528,0.2818680603854703,55,0.8057565455197514,0.919570642125425,11,0.0,32,0.20603717552138345,5,0.027207957224200198,7,0.20182326861055114,CD8 T Cells,CD4 T Cells,HLA-DPA1,CD4,-0.024511678107273838,-0.08421455905470128,0.035191202840153604,56,0.4210015401711851,0.6508110856753029,11,0.9841850597033465,33,0.9578087085942185,5,0.9946904136459951,7,0.9928257406441409
Non-classical Monocytes|Non-classical Monocytes|VCAN|ITGA4,Non-classical Monocytes,Non-classical Monocytes,VCAN,ITGA4,0.04562236904914457,-0.3179766760634442,0.40922141416173335,55,0.8057400671498478,0.919570642125425,10,0.33970158822016455,33,0.5032564586372043,5,0.2624327468681086,7,0.3803652482360037,Non-classical Monocytes,Non-classical Monocytes,VCAN,ITGA4,0.09323726670449384,-0.09228053731605193,0.2787550707250396,56,0.32460646973843144,0.5900226619420714,11,0.9022457326027061,33,0.9935323755950699,5,0.9966758850474893,7,0.9947252613353592
Classical Monocytes|Non-classical Monocytes|HLA-DQB1|CD4,Classical Monocytes,Non-classical Monocytes,HLA-DQB1,CD4,0.06302676171952837,-0.43816874425135277,0.5642222676904095,55,0.805317611413948,0.919570642125425,11,0.5071460692906903,32,0.5880240873280914,5,0.5001382420562017,7,0.5179894983740745,Classical Monocytes,Non-classical Monocytes,HLA-DQB1,CD4,-0.029373278289768434,-0.08945916512049087,0.030712608540954013,56,0.33799320854138637,0.5900226619420714,11,0.9944436982888594,33,0.9638694516375877,5,0.9979292261678918,7,0.9967282578063887
CD8 T Cells|Non-classical Monocytes|HLA-DPA1|CD4,CD8 T Cells,Non-classical Monocytes,HLA-DPA1,CD4,0.05003915597823255,-0.3525979066365539,0.452676218593019,56,0.8075549502249113,0.92072305115975,11,0.220021593110744,33,0.45086369917207175,5,0.23557272034384855,7,0.41637567042694373,CD8 T Cells,Non-classical Monocytes,HLA-DPA1,CD4,0.0034014930360568574,0.0002479739361517133,0.006555012135962001,56,0.0345081050993282,0.40101408534417127,11,0.9906055229576107,33,0.9930080711881412,5,0.9969487187137827,7,0.9959497739082562
CD4 T Cells|B Cells|LGALS1|ITGB1,CD4 T Cells,B Cells,LGALS1,ITGB1,-0.04272893096536032,-0.38929916496606276,0.3038413030353422,45,0.809054799455212,0.9219828973781943,8,0.009128574870591037,25,0.26221994471105714,5,0.13339593449507056,7,0.429216235300897,CD4 T Cells,B Cells,LGALS1,ITGB1,0.03537968235566569,-0.28533578116826736,0.35609514587959873,56,0.8288215974821256,0.9048771678594156,11,0.7134527980547944,33,0.7482379086396256,5,0.996413718766482,7,0.9958191469956474
CD4 T Cells|NK Cells|S100A9|ITGB2,CD4 T Cells,NK Cells,S100A9,ITGB2,0.019148760636748974,-0.13676012652371816,0.1750576477972161,54,0.8097696816357662,0.9222082918500875,11,0.9152177277572768,32,0.9843917336482463,5,0.8694009699580996,6,0.91942621521232,CD4 T Cells,NK Cells,S100A9,ITGB2,0.11324732020386441,-0.19497609640155245,0.42147073680928127,56,0.47144547740998133,0.6642847591249715,11,0.9990997492492407,33,0.9695194954287769,5,0.9995083823494436,7,0.8566808083251154
CD8 T Cells|CD8 T Cells|HLA-C|CD8A,CD8 T Cells,CD8 T Cells,HLA-C,CD8A,-8.240200038778234e-05,-0.0007557271766612095,0.0005909231758856448,56,0.8104374367778927,0.9222082918500875,11,0.9996738048587189,33,0.9996353351200828,5,0.9992699033730957,7,0.9993138356348474,CD8 T Cells,CD8 T Cells,HLA-C,CD8A,1.92974155688308e-06,-2.420943227781865e-06,6.280426341548025e-06,56,0.38466123561453236,0.6154138811555407,11,0.9999953753418095,33,0.9999954287246785,5,0.9999964571994671,7,0.9999945808407792
Non-classical Monocytes|Classical Monocytes|HMGB1|CXCR4,Non-classical Monocytes,Classical Monocytes,HMGB1,CXCR4,-0.004552092356593929,-0.04265960342412132,0.03355541871093346,56,0.8148876111790702,0.9226818090850578,11,0.9525292386412327,33,0.9279965012665818,5,0.9555880766168199,7,0.9356074315987629,Non-classical Monocytes,Classical Monocytes,HMGB1,CXCR4,-0.00016125714568271388,-0.000592744806890348,0.00027023051552492027,56,0.4638726538554706,0.6642847591249715,11,0.9994597830045798,33,0.9990010819804258,5,0.9998006420514407,7,0.9995031981729694
Non-classical Monocytes|Non-classical Monocytes|MIF|TNFRSF14,Non-classical Monocytes,Non-classical Monocytes,MIF,TNFRSF14,-0.04448345766800044,-0.41106313173680464,0.32209621640080377,56,0.812008017324778,0.9226818090850578,11,0.672818171183353,33,0.6601532531638742,5,0.47234676408691856,7,0.5041653037354402,Non-classical Monocytes,Non-classical Monocytes,MIF,TNFRSF14,0.00033263716122877707,-0.0012469131934075904,0.0019121875158651445,56,0.6797909720483583,0.8140926936114267,11,0.9964602179585769,33,0.9953863647822948,5,0.9980097975163436,7,0.9966033071788327
Classical Monocytes|Classical Monocytes|TIMP1|CD63,Classical Monocytes,Classical Monocytes,TIMP1,CD63,-0.009332691837122375,-0.08792294536837716,0.06925756169413241,56,0.815956940310663,0.9226818090850578,11,0.9010936407846845,33,0.9367800452372508,5,0.9042807017853625,7,0.9492997980750512,Classical Monocytes,Classical Monocytes,TIMP1,CD63,0.0003547291493096738,-0.0001021812745194024,0.0008116395731387501,56,0.1280975645165441,0.5560563594390482,11,0.9988784356450643,33,0.9992351774450269,5,0.999623102380194,7,0.999625115030847
NK Cells|Non-classical Monocytes|LGALS1|PTPRC,NK Cells,Non-classical Monocytes,LGALS1,PTPRC,0.0015168229141007128,-0.011176501671665248,0.014210147499866673,56,0.814821051088343,0.9226818090850578,11,0.9836043394475908,33,0.984663028142659,5,0.9870081441878888,7,0.9865500099688563,NK Cells,Non-classical Monocytes,LGALS1,PTPRC,6.612944939488052e-05,-3.850476838024246e-05,0.0001707636671700035,56,0.21545331328804673,0.5900226619420714,11,0.9998034846035868,33,0.9998342725276405,5,0.9999418084054671,7,0.9999064668801259
Classical Monocytes|NK Cells|PKM|CD44,Classical Monocytes,NK Cells,PKM,CD44,-0.007445372823369101,-0.06965059212698521,0.05475984648024701,56,0.8145277181878295,0.9226818090850578,11,0.8529888862871743,33,0.8797566057365611,5,0.8840570159654215,7,0.9182701082381775,Classical Monocytes,NK Cells,PKM,CD44,0.00020502893313811832,-0.00018189131222580716,0.0005919491785020438,56,0.2989980714683378,0.5900226619420714,11,0.9983838961917822,33,0.9984722254186598,5,0.9995423023208799,7,0.9994256026146193
Non-classical Monocytes|CD8 T Cells|MIF|CD74_CXCR4,Non-classical Monocytes,CD8 T Cells,MIF,CD74_CXCR4,0.010564502181435564,-0.07841532702977695,0.09954433139264808,56,0.8159905506469569,0.9226818090850578,11,0.9239283121967875,33,0.9406653064604692,5,0.9242612896526741,7,0.9304337817349202,Non-classical Monocytes,CD8 T Cells,MIF,CD74_CXCR4,0.00030146670542230414,-0.00018844866762163248,0.0007913820784662408,56,0.22779707132845162,0.5900226619420714,11,0.9991588239807377,33,0.99930114311889,5,0.9997176127992067,7,0.9995584652319366
Non-classical Monocytes|Classical Monocytes|S100A12|CD36,Non-classical Monocytes,Classical Monocytes,S100A12,CD36,-0.05263442170579091,-0.4897974131992556,0.3845285697876738,54,0.81344845916693,0.9226818090850578,10,0.7743919242101425,32,0.8837082168841203,5,0.5146361221865078,7,0.6765868365662765,Non-classical Monocytes,Classical Monocytes,S100A12,CD36,0.06313164940741411,-0.1328275849860401,0.2590908838008683,56,0.5277553367452434,0.71338693952164,11,0.9069112094337609,33,0.9683886970497501,5,0.9981413429923496,7,0.9964871812009246
Non-classical Monocytes|NK Cells|VCAN|ITGA4,Non-classical Monocytes,NK Cells,VCAN,ITGA4,0.040872258650969495,-0.2965098103145483,0.3782543276164873,55,0.8123151015489036,0.9226818090850578,10,0.25191954426192875,33,0.5030983083406803,5,0.19846923903344044,7,0.40877574446122245,Non-classical Monocytes,NK Cells,VCAN,ITGA4,0.09386203460753861,-0.09130246214466678,0.279026531359744,56,0.3204524617578186,0.5900226619420714,11,0.9004900234820123,33,0.9935304405748293,5,0.9960707502228056,7,0.9952491327080839
B Cells|CD4 T Cells|FAM3C|LAMP1,B Cells,CD4 T Cells,FAM3C,LAMP1,0.01489354422824074,-0.10808037322127415,0.13786746167775563,56,0.8123666608378748,0.9226818090850578,11,0.09398129057437711,33,0.176162212887668,5,0.0,7,0.06728737808505016,B Cells,CD4 T Cells,FAM3C,LAMP1,0.0008282101984412593,-0.003335441834500935,0.004991862231383454,56,0.696636383001388,0.8246822032603053,11,0.9894317918245569,33,0.9875744738605974,5,0.9944750679037728,7,0.9917895397413721
Classical Monocytes|Non-classical Monocytes|S100A8|CD36,Classical Monocytes,Non-classical Monocytes,S100A8,CD36,-0.0024625769077297743,-0.02285442474128166,0.01792927092582211,56,0.8128967004580285,0.9226818090850578,11,0.9935005908958062,33,0.998839073558831,5,0.9887666772943937,7,0.9965677368651482,Classical Monocytes,Non-classical Monocytes,S100A8,CD36,5.366686168295498e-05,-8.898883857380645e-05,0.0001963225619397164,56,0.4609183318792126,0.6642847591249715,11,0.9999290244997582,33,0.9999863078333301,5,0.9999521857487931,7,0.999955802220682
NK Cells|B Cells|LGALS1|PTPRC,NK Cells,B Cells,LGALS1,PTPRC,0.005077891699430626,-0.03807969851380019,0.04823548191266144,56,0.8176193649004682,0.9236290358212835,11,0.939019362607347,33,0.9490917250814659,5,0.9553154093923857,7,0.960309880167074,NK Cells,B Cells,LGALS1,PTPRC,0.00022754766496990708,-0.00011431502345312354,0.0005694103533929378,56,0.19203789333813814,0.5900226619420714,11,0.9993067224177914,33,0.9994563162468616,5,0.999812532150657,7,0.9997345783147573
Classical Monocytes|NK Cells|VCAN|SELL,Classical Monocytes,NK Cells,VCAN,SELL,-0.0032240523832059997,-0.03069821455600474,0.02425010978959274,56,0.8180926392657558,0.9237167856313055,11,0.980433180526393,33,0.9818043507251208,5,0.9712551388966846,7,0.9758503614786184,Classical Monocytes,NK Cells,VCAN,SELL,6.796769320072116e-05,-6.717372382212075e-05,0.00020310911022356306,56,0.3242609683220252,0.5900226619420714,11,0.9997639940830986,33,0.9997709853914948,5,0.9998835734654741,7,0.9998225970806696
Non-classical Monocytes|NK Cells|LGALS1|CD69,Non-classical Monocytes,NK Cells,LGALS1,CD69,8.271546387861317e-05,-0.0006320612762660942,0.0007974922040233205,56,0.8205705978250069,0.9260668660809043,11,0.9994802378684207,33,0.9998029263746349,5,0.9995489624284746,7,0.9997889354708102,Non-classical Monocytes,NK Cells,LGALS1,CD69,1.975194955705639e-06,-3.8820952207781206e-06,7.832485132189399e-06,56,0.508651492615083,0.6977640766883648,11,0.9999929469867223,33,0.9999963110141241,5,0.9999972067143237,7,0.9999985955467698
CD8 T Cells|B Cells|LGALS1|ITGB1,CD8 T Cells,B Cells,LGALS1,ITGB1,0.03720237640186289,-0.2925584077051813,0.36696316050890715,45,0.8250022721182162,0.9268138404977809,8,0.11589233613434426,25,0.4049221890136451,5,0.0032483234759000204,7,0.25507579995333796,CD8 T Cells,B Cells,LGALS1,ITGB1,0.03598482826626703,-0.2860965613895066,0.3580662179220407,56,0.8266666318461746,0.903605322645887,11,0.7165719620898157,33,0.7510064399727684,5,0.9946550682555207,7,0.9931047178722064
CD4 T Cells|B Cells|SIRPG|CD47,CD4 T Cells,B Cells,SIRPG,CD47,-0.010399294924170382,-0.10319408174526802,0.08239549189692726,54,0.8261448507998342,0.9268138404977809,11,0.03551067804175153,31,0.061120210567697286,5,0.0,7,0.03600882745011614,CD4 T Cells,B Cells,SIRPG,CD47,-0.060035110019073135,-0.14287898301070462,0.02280876297255835,56,0.1555080649243175,0.5560563594390482,11,0.9876217430842466,33,0.9247129190804003,5,0.9940273520796165,7,0.9911536380948434
CD8 T Cells|Non-classical Monocytes|ANXA2|TLR2,CD8 T Cells,Non-classical Monocytes,ANXA2,TLR2,0.013876844796017598,-0.11012822732343255,0.13788191691546775,54,0.8263924693432033,0.9268138404977809,11,0.0,31,0.08667202233517482,5,0.0,7,0.07279517753915722,CD8 T Cells,Non-classical Monocytes,ANXA2,TLR2,-0.05293165282848222,-0.13560648876142983,0.029743183104465387,56,0.20953490717438616,0.5900226619420714,11,0.9776890097402785,33,0.9231051575759024,5,0.9914300565431555,7,0.9897778572072615
Classical Monocytes|Classical Monocytes|CALR|LRP1,Classical Monocytes,Classical Monocytes,CALR,LRP1,0.01598327325289426,-0.12629039280806842,0.15825693931385693,56,0.8257264609715584,0.9268138404977809,11,0.07150130258775891,33,0.09459546925338658,5,0.03984122595596103,7,0.04695211936869443,Classical Monocytes,Classical Monocytes,CALR,LRP1,0.0014588313622085902,-0.002448580665735235,0.005366243390152415,56,0.4643198945030792,0.6642847591249715,11,0.9884221368667979,33,0.9856784844018979,5,0.9958886871329066,7,0.9916862033057979
Non-classical Monocytes|Classical Monocytes|APP|CD74,Non-classical Monocytes,Classical Monocytes,APP,CD74,-0.010397438510742374,-0.10233799039647695,0.0815431133749922,49,0.8245865111558208,0.9268138404977809,6,0.8670898989420937,31,0.8688700862885947,5,0.8750015681469584,7,0.8871791940042019,Non-classical Monocytes,Classical Monocytes,APP,CD74,0.39356049423287376,0.059704538809911833,0.7274164496558357,56,0.020862110282945257,0.29790136840649406,11,0.5445909707506192,33,0.9377612842839106,5,0.9994702050546336,7,0.9990800243550512
CD4 T Cells|Classical Monocytes|LRPAP1|SORL1,CD4 T Cells,Classical Monocytes,LRPAP1,SORL1,-0.004356932711911458,-0.04271393788276011,0.034000072458937186,54,0.8238232597401696,0.9268138404977809,11,0.016450124412729562,31,0.012922805851925019,5,0.0,7,0.0008296141511069143,CD4 T Cells,Classical Monocytes,LRPAP1,SORL1,-0.059955368283209465,-0.14247684499815128,0.022566108431732332,56,0.15444724495611792,0.5560563594390482,11,0.9858611439884666,33,0.9187784171723464,5,0.9943569407570678,7,0.9872295822241572
Classical Monocytes|CD8 T Cells|RETN|CAP1,Classical Monocytes,CD8 T Cells,RETN,CAP1,-0.04774216950014243,-0.4717122947012252,0.37622795570094036,55,0.825321024496962,0.9268138404977809,11,0.6329402261081616,32,0.7026933211139943,5,0.4487827749398138,7,0.5662780394457889,Classical Monocytes,CD8 T Cells,RETN,CAP1,-0.029458473424438414,-0.08960326794105083,0.030686321092174014,56,0.33706739700845234,0.5900226619420714,11,0.9957827881263661,33,0.9659425677143885,5,0.9975751812131287,7,0.9971934342255894
CD8 T Cells|NK Cells|MIF|TNFRSF14,CD8 T Cells,NK Cells,MIF,TNFRSF14,0.04331673941290948,-0.3367450124832667,0.42337849130908567,56,0.8232376084526252,0.9268138404977809,11,0.7171395456877289,33,0.7731312271864854,5,0.5433696389435196,7,0.5560445810293667,CD8 T Cells,NK Cells,MIF,TNFRSF14,0.0013479982900601595,-0.00020103352380041926,0.0028970301039207384,56,0.08808264698155167,0.5205920736032689,11,0.9969400313583422,33,0.9970610592929121,5,0.9983084770575962,7,0.9970815067021059
B Cells|CD4 T Cells|CD47|SIRPG,B Cells,CD4 T Cells,CD47,SIRPG,-0.010399294924170382,-0.10319408174526802,0.08239549189692726,54,0.8261448507998342,0.9268138404977809,11,0.03551067804175153,31,0.061120210567697286,5,0.0,7,0.03600882745011614,B Cells,CD4 T Cells,CD47,SIRPG,-0.060035110019073135,-0.14287898301070462,0.02280876297255835,56,0.1555080649243175,0.5560563594390482,11,0.9876217430842466,33,0.9247129190804003,5,0.9940273520796165,7,0.9911536380948434
Non-classical Monocytes|CD8 T Cells|MIF|TNFRSF14,Non-classical Monocytes,CD8 T Cells,MIF,TNFRSF14,0.04417781303617385,-0.35478550730262587,0.4431411333749736,56,0.8281851353061171,0.9274879093236372,11,0.5209054577084663,33,0.6043977506808331,5,0.3530236956882858,7,0.39233817562447876,Non-classical Monocytes,CD8 T Cells,MIF,TNFRSF14,0.001780168991517006,-0.0001457135548761485,0.0037060515379101606,56,0.07003692261465527,0.4776247420339505,11,0.9948481953167811,33,0.9947634925481618,5,0.997501499831215,7,0.9956366280710787
Non-classical Monocytes|CD4 T Cells|S100A8|CD69,Non-classical Monocytes,CD4 T Cells,S100A8,CD69,0.0006468134252181068,-0.005180362223605811,0.0064739890740420246,56,0.8277758734966689,0.9274879093236372,11,0.994623018822049,33,0.9993715911012515,5,0.995588660627854,7,0.9996904194818385,Non-classical Monocytes,CD4 T Cells,S100A8,CD69,3.996840014930392e-05,-1.1683234408712232e-05,9.162003470732007e-05,56,0.12935911773777706,0.5560563594390482,11,0.9999358955762776,33,0.9999925047465643,5,0.9999811248234248,7,0.9999977655935622
CD4 T Cells|Non-classical Monocytes|S100A9|CD68,CD4 T Cells,Non-classical Monocytes,S100A9,CD68,-0.023158705717304495,-0.23229670795540022,0.18597929652079123,54,0.8281812074549165,0.9274879093236372,11,0.87775226265794,32,0.971039113236492,5,0.7920740519240563,6,0.9085196082199127,CD4 T Cells,Non-classical Monocytes,S100A9,CD68,0.11325897165207333,-0.19494365066929015,0.4214615939734368,56,0.4713699520045528,0.6642847591249715,11,0.9987289071449962,33,0.9693654440309608,5,0.9992472372244432,7,0.8566248024583345
Classical Monocytes|NK Cells|MIF|CD44_CD74,Classical Monocytes,NK Cells,MIF,CD44_CD74,0.039578983535799916,-0.32356408909341916,0.402722056165019,56,0.8308460666090851,0.9297437613602545,11,0.5835574395012139,33,0.6685714506947619,5,0.6199752959610558,7,0.6654103236188039,Classical Monocytes,NK Cells,MIF,CD44_CD74,0.0005050222749587441,-0.0013840240866580045,0.002394068636575493,56,0.600291361530971,0.7593717729051237,11,0.9955243769417984,33,0.9953690871430659,5,0.998542263744928,7,0.9978819516712368
Non-classical Monocytes|NK Cells|TIMP2|ITGB1,Non-classical Monocytes,NK Cells,TIMP2,ITGB1,0.030956616709541973,-0.25333048805663017,0.3152437214757141,56,0.8309958158282017,0.9297437613602545,11,0.07134877157426457,33,0.3403037216455586,5,0.3045023912128268,7,0.5425007245745789,Non-classical Monocytes,NK Cells,TIMP2,ITGB1,0.00342900702865534,0.0009657395191603165,0.005892274538150363,56,0.006364620553544828,0.1626542428663916,11,0.9888451066622889,33,0.9914914458398364,5,0.9973333837483626,7,0.9965507158972547
NK Cells|Non-classical Monocytes|HLA-A|APLP2,NK Cells,Non-classical Monocytes,HLA-A,APLP2,-7.134065358715969e-05,-0.0007381431708039966,0.0005954618636296772,56,0.8339057775786685,0.931660282605833,11,0.9997137374380519,33,0.9997708158989491,5,0.999345706702534,7,0.9994741258170183,NK Cells,Non-classical Monocytes,HLA-A,APLP2,2.077490649621261e-06,-2.0290012060013653e-06,6.183982505243887e-06,56,0.3214153251486165,0.5900226619420714,11,0.9999960073602345,33,0.9999968738355235,5,0.9999966506635827,7,0.999995439648222
CD8 T Cells|Classical Monocytes|HLA-DRA|CD4,CD8 T Cells,Classical Monocytes,HLA-DRA,CD4,0.035224938665830846,-0.3011846066917204,0.3716344840233822,55,0.8373964257393535,0.9335642782235275,11,0.21522254972669258,33,0.28831678357967677,5,0.1931277562170574,6,0.23099705140421076,CD8 T Cells,Classical Monocytes,HLA-DRA,CD4,0.1432434605582551,-0.15737829763732825,0.44386521875383844,56,0.350353138612996,0.5900226619420714,11,0.9910869394507547,33,0.9900211345902434,5,0.9962849902411733,7,0.851975724822407
Non-classical Monocytes|Non-classical Monocytes|APP|CD74,Non-classical Monocytes,Non-classical Monocytes,APP,CD74,0.007024430782911373,-0.060150238681094065,0.07419910024691681,49,0.8376090633311735,0.9335642782235275,6,0.912079903603089,31,0.9197017922863346,5,0.9355836429741146,7,0.9361811008744488,Non-classical Monocytes,Non-classical Monocytes,APP,CD74,0.3937704315842412,0.05973246471387056,0.7278083984546118,56,0.020863610701761164,0.29790136840649406,11,0.54488381843449,33,0.9383974470689934,5,0.9997207044173582,7,0.9994639014676204
Classical Monocytes|Classical Monocytes|TIMP2|ITGB1,Classical Monocytes,Classical Monocytes,TIMP2,ITGB1,0.014242968314729626,-0.12405214862060329,0.15253808525006254,56,0.8400292680291317,0.9358150481145145,11,0.05903976950727873,33,0.09799714359048291,5,0.0969442830997009,7,0.12165868886817545,Classical Monocytes,Classical Monocytes,TIMP2,ITGB1,0.0014906945307904262,-0.00265852828061763,0.005639917342198483,56,0.48133451020369533,0.669842340599305,11,0.9888173418170485,33,0.9867010421583208,5,0.9960417762400271,7,0.992434782050509
Non-classical Monocytes|CD8 T Cells|ICAM1|IL2RG,Non-classical Monocytes,CD8 T Cells,ICAM1,IL2RG,-0.028629333113983413,-0.30900435311377245,0.2517456868858056,47,0.8413760967409344,0.9359205582487268,9,0.46294790005530256,26,0.547730825755366,5,0.5664357981419049,7,0.6798480569559519,Non-classical Monocytes,CD8 T Cells,ICAM1,IL2RG,-0.029449205393273337,-0.31677881694455645,0.2578804061580098,56,0.8407907477130098,0.9097056879150583,11,0.8132776351213036,33,0.7831850097111999,5,0.9983550611182668,7,0.9977116411014364
Classical Monocytes|CD4 T Cells|LGALS1|ITGB1,Classical Monocytes,CD4 T Cells,LGALS1,ITGB1,0.0008279282743034466,-0.007294984942273408,0.008950841490880301,56,0.8416609245516204,0.9359205582487268,11,0.9893219694357506,33,0.9912129528534624,5,0.9967059963544745,7,0.997769051497883,Classical Monocytes,CD4 T Cells,LGALS1,ITGB1,1.7903214291847824e-05,-9.202506738620594e-05,0.00012783149596990159,56,0.7495710790279708,0.8527700215723305,11,0.9998639117224702,33,0.9998802661144743,5,0.9999838872130826,7,0.9999823383907949
Classical Monocytes|NK Cells|HBEGF|CD44,Classical Monocytes,NK Cells,HBEGF,CD44,0.03677566635489887,-0.3241885051066943,0.397739837816492,50,0.8417272686605252,0.9359205582487268,10,0.2461056071595164,28,0.3560649438120275,5,0.49427774487794957,7,0.5674614151755618,Classical Monocytes,NK Cells,HBEGF,CD44,-0.06038614764768391,-0.283927655874473,0.16315536057910518,56,0.596491387918809,0.7593717729051237,11,0.9017048804710357,33,0.840092559061672,5,0.9980653777537929,7,0.9968392039921131
CD4 T Cells|Non-classical Monocytes|HLA-DPB1|CD4,CD4 T Cells,Non-classical Monocytes,HLA-DPB1,CD4,-0.02243004599701126,-0.24348943770239329,0.19862934570837076,56,0.8423644334111735,0.9361832232342171,11,0.07007891992886478,33,0.13417422502631351,5,0.07089916003685504,7,0.15742451113131503,CD4 T Cells,Non-classical Monocytes,HLA-DPB1,CD4,0.0018013395349876227,-0.0012811434978595403,0.004883822567834786,56,0.2520590068721116,0.5900226619420714,11,0.9885635141584044,33,0.9879374922764278,5,0.9958850496327829,7,0.9934576882158187
CD4 T Cells|CD4 T Cells|MIF|CD74_CXCR4,CD4 T Cells,CD4 T Cells,MIF,CD74_CXCR4,-0.013953504411239881,-0.15512884818703204,0.12722183936455228,56,0.8463958046321457,0.9375399448842789,11,0.9280603509798661,33,0.9454623557403792,5,0.8729666368497249,7,0.9043221460214779,CD4 T Cells,CD4 T Cells,MIF,CD74_CXCR4,0.00026147292329359306,-0.00030956592790328885,0.000832511774490475,56,0.3694800608066722,0.6029760624462895,11,0.9991986903448495,33,0.9993372868822213,5,0.9995441143574194,7,0.9994212379714976
Non-classical Monocytes|NK Cells|CD14|ITGB2,Non-classical Monocytes,NK Cells,CD14,ITGB2,-0.0035581094321500695,-0.039484458840601665,0.032368239976301526,56,0.846087514347778,0.9375399448842789,11,0.9744510464381065,33,0.9903977882172423,5,0.956813874445969,7,0.9763187256572549,Non-classical Monocytes,NK Cells,CD14,ITGB2,0.00017490039382617173,-7.983858265625765e-05,0.0004296393703086011,56,0.17840405850603946,0.5900226619420714,11,0.9997054214604681,33,0.9998800184561353,5,0.9998201313277522,7,0.9998198279295931
CD4 T Cells|Non-classical Monocytes|S100A9|ITGB2,CD4 T Cells,Non-classical Monocytes,S100A9,ITGB2,0.016462796713850758,-0.15441172805341882,0.18733732148112034,54,0.8502249016998691,0.939997701453217,11,0.8769848781545728,32,0.9682062380959535,5,0.8491783391192863,6,0.9239369023468162,CD4 T Cells,Non-classical Monocytes,S100A9,ITGB2,0.11338875845688001,-0.19483210407532098,0.421609620989081,56,0.4708882739510456,0.6642847591249715,11,0.9987043139345494,33,0.9693372061718364,5,0.9994352488376308,7,0.8566793826180378
CD8 T Cells|NK Cells|LRPAP1|SORL1,CD8 T Cells,NK Cells,LRPAP1,SORL1,0.0066076429761941155,-0.06197149210219042,0.07518677805457866,55,0.8502152672697534,0.939997701453217,11,0.03605642201413798,32,0.042664064990332096,5,0.0,7,0.0,CD8 T Cells,NK Cells,LRPAP1,SORL1,-0.02711078675199663,-0.08676386794618976,0.0325422944421965,56,0.37306165327945795,0.6040270914349865,11,0.9878962005096696,33,0.954478152237354,5,0.9931369812530093,7,0.9868297197326903
NK Cells|NK Cells|HMGB1|CXCR4,NK Cells,NK Cells,HMGB1,CXCR4,0.0005509097876054136,-0.00539650956139492,0.006498329136605747,56,0.8559346556920889,0.9425846233141237,11,0.9890786004018678,33,0.9901438761683802,5,0.9978040147028308,7,0.9983183806817377,NK Cells,NK Cells,HMGB1,CXCR4,-1.989462368134909e-05,-0.0001134661428064391,7.367689544374093e-05,56,0.676886175356458,0.8112222424221366,11,0.9998688760562182,33,0.9998503488290866,5,0.9999885982772341,7,0.9999899656737838
CD4 T Cells|Non-classical Monocytes|GNAI2|ADCY7,CD4 T Cells,Non-classical Monocytes,GNAI2,ADCY7,-0.002709324052524411,-0.03170733636279394,0.02628868825774512,56,0.8547021979480115,0.9425846233141237,11,0.0,33,0.00949586610553646,5,0.0,7,0.012205190158060871,CD4 T Cells,Non-classical Monocytes,GNAI2,ADCY7,-4.89069021442079e-05,-0.005902661204135213,0.005804847399846797,56,0.986935150577842,0.9927349911908502,11,0.9825470342399764,33,0.978571851437872,5,0.9925039023794184,7,0.9885776264794582
Non-classical Monocytes|CD8 T Cells|LGALS1|PTPRC,Non-classical Monocytes,CD8 T Cells,LGALS1,PTPRC,0.00010540030765437969,-0.0010371494152765887,0.0012479500305853481,56,0.8565191926721727,0.9425846233141237,11,0.999081705060631,33,0.9995514552267916,5,0.9992671433840309,7,0.9996314932425371,Non-classical Monocytes,CD8 T Cells,LGALS1,PTPRC,4.413187411511643e-06,-5.416660676166475e-06,1.4243035499189762e-05,56,0.37889116059119365,0.610218206457559,11,0.9999879027076554,33,0.9999940062915171,5,0.9999955283682933,7,0.9999972187647436
Classical Monocytes|Classical Monocytes|MIF|TNFRSF14,Classical Monocytes,Classical Monocytes,MIF,TNFRSF14,-0.022487537206406456,-0.2671816906665695,0.22220661625375657,56,0.8570569111854187,0.9425846233141237,11,0.21769184722224114,33,0.29940847941986704,5,0.053713055783077744,7,0.1579172251871101,Classical Monocytes,Classical Monocytes,MIF,TNFRSF14,0.002676625202900018,-0.0004583631720934478,0.005811613577893484,56,0.09424861230817358,0.542970589753761,11,0.9908589448083454,33,0.9903957025308605,5,0.9949643303076907,7,0.9918244628273059
Non-classical Monocytes|Non-classical Monocytes|HLA-DMA|CD4,Non-classical Monocytes,Non-classical Monocytes,HLA-DMA,CD4,-0.010702149125312754,-0.12606079840692502,0.1046565001562995,56,0.8557150270692098,0.9425846233141237,11,0.7974467567757713,33,0.7807168942295332,5,0.8745683557066348,7,0.8685406422857095,Non-classical Monocytes,Non-classical Monocytes,HLA-DMA,CD4,-3.0720190413280335e-05,-0.001453566739860077,0.0013921263590335163,56,0.9662460665689607,0.982612893351997,11,0.9977506467025936,33,0.9969829646429639,5,0.9994845847604534,7,0.998747622891237
B Cells|CD4 T Cells|MIF|CD44_CD74,B Cells,CD4 T Cells,MIF,CD44_CD74,-0.013835593008209579,-0.16306083725559808,0.13538965123917893,56,0.8558021928441776,0.9425846233141237,11,0.8985413231524657,33,0.9041994333410913,5,0.8507960014216482,7,0.8702897046184834,B Cells,CD4 T Cells,MIF,CD44_CD74,0.0001737550158925627,-0.00033196124088317644,0.0006794712726683019,56,0.5006875086475936,0.6900113228536401,11,0.9989968780542419,33,0.9988744784675705,5,0.9995830467284591,7,0.9992868921258952
Classical Monocytes|CD8 T Cells|LGALS1|PTPRC,Classical Monocytes,CD8 T Cells,LGALS1,PTPRC,5.408214853008797e-05,-0.0005333129154522981,0.0006414772125124741,56,0.856794461003857,0.9425846233141237,11,0.9995886566061235,33,0.9997512027587154,5,0.9996363650570451,7,0.999744829061107,Classical Monocytes,CD8 T Cells,LGALS1,PTPRC,1.956775854794479e-06,-2.6518723277590026e-06,6.565424037347961e-06,56,0.4053091442990425,0.640731274952206,11,0.9999941415618419,33,0.999996542660569,5,0.9999977065885511,7,0.9999981509114235
CD8 T Cells|CD4 T Cells|HLA-DRB1|CD4,CD8 T Cells,CD4 T Cells,HLA-DRB1,CD4,0.023379053425435087,-0.2316507496165768,0.27840885646744695,55,0.8574088821923763,0.9425846233141237,11,0.0016517154830800365,32,0.2320993076233004,5,0.006126686191775281,7,0.21319522490656054,CD8 T Cells,CD4 T Cells,HLA-DRB1,CD4,-0.023075388214486958,-0.08288391205615989,0.03673313562718598,56,0.44953205816917174,0.6642847591249715,11,0.9830457295012495,33,0.9582212198675305,5,0.9939007825168129,7,0.9921516610975809
B Cells|Classical Monocytes|MIF|TNFRSF14,B Cells,Classical Monocytes,MIF,TNFRSF14,-0.03216568455453697,-0.38156855232499587,0.317237183215922,56,0.856813153294524,0.9425846233141237,11,0.42410078855717176,33,0.5788874885027561,5,0.23649312103895884,7,0.4234455055390801,B Cells,Classical Monocytes,MIF,TNFRSF14,0.002234245104904109,-0.0001359662854193977,0.004604456495227616,56,0.06467016344813836,0.4776247420339505,11,0.9939150323661532,33,0.9946541703973342,5,0.9968869937049212,7,0.995391886631198
NK Cells|Classical Monocytes|HLA-F|LILRB2,NK Cells,Classical Monocytes,HLA-F,LILRB2,-0.017795560040422376,-0.20800236153631452,0.17241124145546977,56,0.8545059165808577,0.9425846233141237,11,0.6162524201676407,33,0.7264442729748977,5,0.5926832475905665,7,0.7206706604382458,NK Cells,Classical Monocytes,HLA-F,LILRB2,0.0012947501259392702,-9.233379869682309e-05,0.0026818340505753635,56,0.06732543251372622,0.4776247420339505,11,0.9958264894234514,33,0.9967580156687553,5,0.9983674387914284,7,0.998004214910793
Classical Monocytes|CD4 T Cells|RETN|CAP1,Classical Monocytes,CD4 T Cells,RETN,CAP1,-0.03936231178027566,-0.4707601251728426,0.3920355016122913,55,0.858067834737163,0.9428651266406003,11,0.6009704902903592,32,0.6192071934909538,5,0.41736746564073535,7,0.47496648062160557,Classical Monocytes,CD4 T Cells,RETN,CAP1,-0.02948198604368424,-0.08957811485488479,0.030614142767516304,56,0.33629076540679703,0.5900226619420714,11,0.9954377004011128,33,0.9649396577205719,5,0.9973673604484,7,0.9963513038115435
Classical Monocytes|CD8 T Cells|S100A8|CD69,Classical Monocytes,CD8 T Cells,S100A8,CD69,-1.695678535362788e-07,-2.08856207584043e-06,1.7494263687678723e-06,56,0.862503608830263,0.9440482312312622,11,0.9999989572095928,33,0.9999987910341411,5,0.9999999854136661,7,0.9999999888060679,Classical Monocytes,CD8 T Cells,S100A8,CD69,-2.1347557388473604e-08,-8.803473552108354e-08,4.533962074413633e-08,56,0.5303881440753695,0.7158377654387174,11,0.9999999833774854,33,0.9999999620243937,5,0.999999999934896,7,0.9999999999293616
B Cells|CD8 T Cells|ADAM28|ITGA4,B Cells,CD8 T Cells,ADAM28,ITGA4,-0.024174009936316854,-0.2983137120696835,0.24996569219704978,56,0.86278326571628,0.9440482312312622,11,0.1839296345652331,33,0.24313562053450566,5,0.08782337305972657,7,0.171203368965316,B Cells,CD8 T Cells,ADAM28,ITGA4,0.002076413928533527,-0.00178064784723033,0.005933475704297384,56,0.2913664748075203,0.5900226619420714,11,0.9904515382243972,33,0.9897186409966696,5,0.996119195096249,7,0.9933098839399879
B Cells|B Cells|MIF|TNFRSF14,B Cells,B Cells,MIF,TNFRSF14,0.027738622791347423,-0.27988880459418286,0.3353660501768777,56,0.85972122485987,0.9440482312312622,11,0.5737361664297557,33,0.6767413806281548,5,0.43940032791027983,7,0.5146669193173316,B Cells,B Cells,MIF,TNFRSF14,0.0016528840079896856,0.00016971654423166222,0.003136051471747709,56,0.028944645542666476,0.3661927532120715,11,0.9954732999702078,33,0.9959534432727132,5,0.9978524558761125,7,0.9966797151706281
Non-classical Monocytes|CD4 T Cells|LGALS1|ITGB1,Non-classical Monocytes,CD4 T Cells,LGALS1,ITGB1,0.0008059340258486092,-0.008149790340635005,0.009761658392332223,56,0.8599962054088226,0.9440482312312622,11,0.9862591056229504,33,0.9894152334554542,5,0.994323613071383,7,0.9966738068780382,Non-classical Monocytes,CD4 T Cells,LGALS1,ITGB1,2.622455608580765e-05,-9.206046037388238e-05,0.0001445095725454977,56,0.6638987213131884,0.8039516547516984,11,0.9998292960876207,33,0.9998564180150928,5,0.9999730953759949,7,0.9999739927473812
CD4 T Cells|B Cells|LGALS1|PTPRC,CD4 T Cells,B Cells,LGALS1,PTPRC,-0.010338616513406285,-0.12663397904572066,0.1059567460189081,56,0.8616767694372289,0.9440482312312622,11,0.6727222099518996,33,0.7214367248995792,5,0.7991241667446208,7,0.8581772982057068,CD4 T Cells,B Cells,LGALS1,PTPRC,0.0005489166553348523,-0.0003872616653632097,0.0014850949760329144,56,0.25047319113574296,0.5900226619420714,11,0.9964046641643215,33,0.9968223854604177,5,0.9991698254584336,7,0.9990386300991949
B Cells|CD8 T Cells|MIF|CD74_CXCR4,B Cells,CD8 T Cells,MIF,CD74_CXCR4,0.007067725411155412,-0.07278194410382066,0.08691739492613149,56,0.8622725074451567,0.9440482312312622,11,0.9306411311858857,33,0.9523356167488898,5,0.9257750554326833,7,0.9404018155845321,B Cells,CD8 T Cells,MIF,CD74_CXCR4,0.00027862728194005815,-0.00014204238670789882,0.0006992969505880151,56,0.1942299911415044,0.5900226619420714,11,0.9992336289802178,33,0.9994271901174583,5,0.9997229188063457,7,0.9996378526616461
NK Cells|Non-classical Monocytes|HLA-DPA1|CD4,NK Cells,Non-classical Monocytes,HLA-DPA1,CD4,0.029164432685955255,-0.2963191754778661,0.35464804084977664,56,0.8605929560889127,0.9440482312312622,11,0.26187588657941285,33,0.5135057361832572,5,0.4789269576686852,7,0.7013923745865743,NK Cells,Non-classical Monocytes,HLA-DPA1,CD4,0.0022900985845861754,-1.9518656068009434e-05,0.00459971582524036,56,0.05196781584263717,0.46023889806442564,11,0.9916391475487862,33,0.9939326892359892,5,0.9980101165218841,7,0.9980135596245009
Non-classical Monocytes|NK Cells|GNAI2|S1PR5,Non-classical Monocytes,NK Cells,GNAI2,S1PR5,0.014901617334581174,-0.15556576901450078,0.18536900368366313,56,0.8639621894477333,0.9446395942697777,11,0.8848934528775051,33,0.8389276291740968,5,0.7756396332311875,7,0.714772192193198,Non-classical Monocytes,NK Cells,GNAI2,S1PR5,0.0005873758019643294,-0.00039335988100743565,0.0015681114849360944,56,0.2404555882193108,0.5900226619420714,11,0.9987035548835602,33,0.9980796650898142,5,0.9991201009755404,7,0.99790883537983
Classical Monocytes|Non-classical Monocytes|ADAM10|NOTCH2,Classical Monocytes,Non-classical Monocytes,ADAM10,NOTCH2,-0.002309973788490762,-0.029230092772608032,0.024610145195626508,56,0.8664405108725992,0.9453918658352893,11,0.0,33,0.009365552571239567,5,0.0,7,0.01167552635973033,Classical Monocytes,Non-classical Monocytes,ADAM10,NOTCH2,0.00135303643279161,-0.005473818995746268,0.008179891861329489,56,0.6976818905361384,0.8256139282525261,11,0.9852207184107834,33,0.9816435777993643,5,0.9934225773702645,7,0.9884924003260538
Non-classical Monocytes|B Cells|HBEGF|CD44,Non-classical Monocytes,B Cells,HBEGF,CD44,-0.02945076156412607,-0.3743916792132259,0.31549015608497377,45,0.867102489460071,0.9456722619753692,8,0.20623570368686472,25,0.24567454035060568,5,0.3341412088868626,7,0.4030308071147296,Non-classical Monocytes,B Cells,HBEGF,CD44,0.03048008800041646,-0.29271299491531705,0.35367317091614997,56,0.8533524329551831,0.9132767039577688,11,0.7203239168668305,33,0.7488941043628015,5,0.9973413519379151,7,0.9954314514334696
Non-classical Monocytes|Non-classical Monocytes|TIMP1|CD63,Non-classical Monocytes,Non-classical Monocytes,TIMP1,CD63,0.0011546885490829606,-0.01279404275184455,0.015103419850010472,56,0.8711108886525122,0.9461980223425276,11,0.9725269686180558,33,0.9820199364486758,5,0.9769558690495199,7,0.985294148331057,Non-classical Monocytes,Non-classical Monocytes,TIMP1,CD63,0.00010963422540199996,-1.7652626849159846e-05,0.00023692107765315977,56,0.09138268927915655,0.5312502291215024,11,0.9996739910461104,33,0.999778248340346,5,0.9999008940698009,7,0.9998955171386344
Non-classical Monocytes|Non-classical Monocytes|CD14|ITGB2,Non-classical Monocytes,Non-classical Monocytes,CD14,ITGB2,-0.0033930335392604594,-0.044044796665658435,0.03725872958713752,56,0.870053886400245,0.9461980223425276,11,0.9585593817915691,33,0.9800393635674182,5,0.9483084220661612,7,0.9731814373812707,Non-classical Monocytes,Non-classical Monocytes,CD14,ITGB2,0.00021480599938228373,-0.00011308751325252907,0.0005426995120170965,56,0.19914542114669542,0.5900226619420714,11,0.9995289458851225,33,0.9997463753511648,5,0.9997863907751455,7,0.9997890142418056
Classical Monocytes|Classical Monocytes|SELPLG|SELL,Classical Monocytes,Classical Monocytes,SELPLG,SELL,-0.025520306504791535,-0.33476439479750264,0.28372378178791957,56,0.871506165645449,0.9461980223425276,11,0.5793897379161218,33,0.7474487441487312,5,0.5261916245817081,7,0.719770937319109,Classical Monocytes,Classical Monocytes,SELPLG,SELL,0.0017058443288354708,-9.393991975940007e-05,0.0035056285774303416,56,0.06321681950784734,0.4776247420339505,11,0.9955103345447028,33,0.9971305152149227,5,0.9981877146479807,7,0.9981020509893651
CD8 T Cells|CD8 T Cells|MIF|CD74_CXCR4,CD8 T Cells,CD8 T Cells,MIF,CD74_CXCR4,0.006758250672874944,-0.07386322645307086,0.08737972779882075,56,0.8694967467748683,0.9461980223425276,11,0.9454458238988636,33,0.9625254857503333,5,0.9325585908137161,7,0.9428800019923108,CD8 T Cells,CD8 T Cells,MIF,CD74_CXCR4,0.0002600525622558081,-0.00013390121972307542,0.0006540063442346916,56,0.19573779891807153,0.5900226619420714,11,0.9993876980334485,33,0.999551983454995,5,0.9997520903900974,7,0.999656323249388
Non-classical Monocytes|NK Cells|CD14|ITGA4,Non-classical Monocytes,NK Cells,CD14,ITGA4,-0.03224992204691848,-0.42626808089179147,0.36176823679795456,56,0.8725496508327976,0.9467488079435792,11,0.36041518589757493,33,0.6564703833502262,5,0.21460904803304812,7,0.5429141675326179,Non-classical Monocytes,NK Cells,CD14,ITGA4,0.0036748995712515553,-0.0002664758970443151,0.007616275039547426,56,0.06763197708223138,0.4776247420339505,11,0.9918403218179841,33,0.9960068622747686,5,0.9963877864542321,7,0.9968794273397651
Non-classical Monocytes|NK Cells|PKM|CD44,Non-classical Monocytes,NK Cells,PKM,CD44,0.005858633524961077,-0.0661884085706191,0.07790567562054125,56,0.8733711010717526,0.9467602233066585,11,0.8700628225696542,33,0.8847754417536807,5,0.9079637019333993,7,0.9168176875924647,Non-classical Monocytes,NK Cells,PKM,CD44,9.22921295007928e-05,-0.00038460324084072265,0.0005691874998423082,56,0.7044606842773644,0.830712313002599,11,0.9985796596162193,33,0.9984729560624664,5,0.9996291589495762,7,0.9994301632663225
NK Cells|CD4 T Cells|TGFB1|ITGB1,NK Cells,CD4 T Cells,TGFB1,ITGB1,-0.02374179267133092,-0.3149774848169242,0.2674938994742624,56,0.8730559490731937,0.9467602233066585,11,0.7718559372291769,33,0.6951185166172275,5,0.7305582712687334,7,0.6775626433281149,NK Cells,CD4 T Cells,TGFB1,ITGB1,-0.0002601110237855364,-0.0023170534259147864,0.0017968313783437136,56,0.8042523238425789,0.8869960464405726,11,0.9973252201186419,33,0.9961468437648869,5,0.9989980374298849,7,0.9980797720999155
CD8 T Cells|CD4 T Cells|MIF|CD74_CXCR4,CD8 T Cells,CD4 T Cells,MIF,CD74_CXCR4,0.01244714737424879,-0.14148756543896018,0.16638186018745776,56,0.8740765968765379,0.947085314945112,11,0.9248810057450382,33,0.9414584917312713,5,0.8750489486244678,7,0.8791792872364521,CD8 T Cells,CD4 T Cells,MIF,CD74_CXCR4,0.00036078834666830595,-0.0002716340661717229,0.0009932107595083347,56,0.2635103321107518,0.5900226619420714,11,0.9991678782742986,33,0.9992802680532656,5,0.9995495141316926,7,0.9993011155639913
Classical Monocytes|CD4 T Cells|MIF|CD74_CXCR4,Classical Monocytes,CD4 T Cells,MIF,CD74_CXCR4,0.01929580294985178,-0.22093835114971483,0.2595299570494184,56,0.8749091996961125,0.9472342319480174,11,0.8609387685600488,33,0.8816501981867689,5,0.7788616608268665,7,0.7802772875037348,Classical Monocytes,CD4 T Cells,MIF,CD74_CXCR4,0.0005528950394085852,-0.00045424007335244463,0.001560030152169615,56,0.2819374774591683,0.5900226619420714,11,0.9984906038092946,33,0.9985193617937426,5,0.9992002167919107,7,0.9986760797369502
CD8 T Cells|B Cells|SEMA4D|CD72,CD8 T Cells,B Cells,SEMA4D,CD72,0.0074991885326054775,-0.08595376358806499,0.10095214065327594,55,0.8750253697267124,0.9472342319480174,11,0.0,33,0.046502492227697874,5,0.0,6,0.039003303695092396,CD8 T Cells,B Cells,SEMA4D,CD72,0.1388984596856796,-0.16045159337166626,0.43824851274302545,56,0.36312661212138453,0.598404932897479,11,0.9838544518920618,33,0.9798076569765072,5,0.991088609431824,7,0.8481433548305898
CD8 T Cells|NK Cells|TIMP1|CD63,CD8 T Cells,NK Cells,TIMP1,CD63,0.02118134429960994,-0.2440427615889066,0.28640545018812646,55,0.8756178218218622,0.9472458546114582,11,0.7780497111890546,32,0.7389864538655435,5,0.5606926079707357,7,0.5004480063476147,CD8 T Cells,NK Cells,TIMP1,CD63,-0.028451940833699174,-0.08860333555078231,0.03169945388338396,56,0.3538882419874202,0.5900226619420714,11,0.9974986509446194,33,0.9665050207026432,5,0.9983555686434655,7,0.9958138792351886
Classical Monocytes|CD4 T Cells|APP|CD74,Classical Monocytes,CD4 T Cells,APP,CD74,-0.01566941990291837,-0.21344742969341204,0.1821085898875753,55,0.8765984722836906,0.9472458546114582,11,0.6240196888099129,32,0.6934557765503702,5,0.601921651949069,7,0.6870271595924446,Classical Monocytes,CD4 T Cells,APP,CD74,-0.0291185495669386,-0.0892097132613192,0.030972614127441997,56,0.3422416170855411,0.5900226619420714,11,0.9959244808379119,33,0.965939312680718,5,0.9984516457408732,7,0.9975850271506179
NK Cells|Non-classical Monocytes|MIF|TNFRSF14,NK Cells,Non-classical Monocytes,MIF,TNFRSF14,-0.030027317250688745,-0.4092162802440493,0.34916164574267183,56,0.8766587973513323,0.9472458546114582,11,0.7808571716565457,33,0.8263446304544001,5,0.5556829210573919,7,0.6311976971059351,NK Cells,Non-classical Monocytes,MIF,TNFRSF14,0.000732442458238447,-0.00064778108530589,0.002112666001782784,56,0.2982966979252961,0.5900226619420714,11,0.9976471349279525,33,0.9976778230253553,5,0.9983478280773979,7,0.9976460737165622
NK Cells|Classical Monocytes|HLA-DPB1|CD4,NK Cells,Classical Monocytes,HLA-DPB1,CD4,0.029884683093778452,-0.347103707846865,0.4068730740344219,56,0.8765291812702262,0.9472458546114582,11,0.3674097044341623,33,0.5531603708974357,5,0.6170548092961945,7,0.7729207926656895,NK Cells,Classical Monocytes,HLA-DPB1,CD4,0.0013738883670324498,-0.0011837303423994075,0.003931507076464307,56,0.2924128168788913,0.5900226619420714,11,0.9929696729095648,33,0.9942353756539116,5,0.998548788575763,7,0.9984406029530773
Classical Monocytes|CD8 T Cells|TGFB1|CXCR4,Classical Monocytes,CD8 T Cells,TGFB1,CXCR4,0.004124583156735251,-0.04819089986626827,0.05644006617973877,55,0.8771960355310979,0.9473879477174438,11,0.9865724909252589,33,0.9771687528124466,5,0.9816368666712517,6,0.9681085454017042,Classical Monocytes,CD8 T Cells,TGFB1,CXCR4,0.14273425461915923,-0.1596362582897396,0.44510476752805805,56,0.3548605077520538,0.5900226619420714,11,0.9998388887755905,33,0.999621503060998,5,0.9999280497958608,7,0.8569764094621091
Classical Monocytes|NK Cells|GRN|TNFRSF1B,Classical Monocytes,NK Cells,GRN,TNFRSF1B,0.004804783347272856,-0.05671177336436698,0.06632134005891269,56,0.8783320109135745,0.9479189077603962,11,0.9084457784612688,33,0.9273421245226049,5,0.9104590347223347,7,0.9245505974363979,Classical Monocytes,NK Cells,GRN,TNFRSF1B,0.0003387148218894076,-7.718549919232334e-05,0.0007546151429711385,56,0.11043944695498083,0.5560563594390482,11,0.9989766395203078,33,0.9991338850729331,5,0.999646890498699,7,0.9994654212294349
CD8 T Cells|CD8 T Cells|MIF|TNFRSF14,CD8 T Cells,CD8 T Cells,MIF,TNFRSF14,0.03274857927038294,-0.3885390972514068,0.45403625579217266,56,0.8789055397435793,0.9479189077603962,11,0.6730791380864806,33,0.7596790563454711,5,0.4916362417668327,7,0.5454875807554402,CD8 T Cells,CD8 T Cells,MIF,TNFRSF14,0.0016671958169643952,-0.00023305375446871905,0.0035674453883975093,56,0.0855076082261676,0.5081935897274277,11,0.9964708754402679,33,0.9968844012743443,5,0.9981217551731769,7,0.9968680851902889
Classical Monocytes|Classical Monocytes|S100A12|CD36,Classical Monocytes,Classical Monocytes,S100A12,CD36,-0.0011004834040603262,-0.015210090066481058,0.013009123258360405,56,0.8785023443838441,0.9479189077603962,11,0.9924589643076875,33,0.9930067534004996,5,0.9882556940052327,7,0.9899039665021051,Classical Monocytes,Classical Monocytes,S100A12,CD36,6.927552259305969e-05,-7.98524379391372e-05,0.0002184034831252566,56,0.36257117859355725,0.598159980952163,11,0.9999100266525591,33,0.999905735806407,5,0.9999511124431584,7,0.9998775460744131
B Cells|Classical Monocytes|HLA-A|APLP2,B Cells,Classical Monocytes,HLA-A,APLP2,0.00012301419564109128,-0.0014803837616415411,0.0017264121529237237,56,0.8804724910840247,0.9484820551838716,11,0.9984458238810426,33,0.9988186658902254,5,0.9984199592903277,7,0.9986697871038693,B Cells,Classical Monocytes,HLA-A,APLP2,8.233652287525928e-06,-2.454769438132741e-06,1.8922074013184598e-05,56,0.13108771128569613,0.5560563594390482,11,0.9999792584144406,33,0.999985797716775,5,0.9999917999216003,7,0.9999901055716471
B Cells|NK Cells|MIF|TNFRSF14,B Cells,NK Cells,MIF,TNFRSF14,-0.025601316482574576,-0.35912548718807435,0.3079228542229252,56,0.8804120871026182,0.9484820551838716,11,0.6253900473343617,33,0.6971252706483108,5,0.42640009855543537,7,0.523736638351959,B Cells,NK Cells,MIF,TNFRSF14,0.0012480541265773581,-0.00025425821675738986,0.0027503664699121064,56,0.10347173634671779,0.5560563594390482,11,0.996004567897668,33,0.9962019700727142,5,0.9977952554426768,7,0.9967446034911456
Non-classical Monocytes|Classical Monocytes|TGFB1|ITGB1,Non-classical Monocytes,Classical Monocytes,TGFB1,ITGB1,-0.028907443651907172,-0.40624716001519606,0.3484322727113817,56,0.8806462936353892,0.9484820551838716,11,0.5713215230538645,33,0.4352621469300359,5,0.40836947037924604,7,0.3012175379073246,Non-classical Monocytes,Classical Monocytes,TGFB1,ITGB1,0.0016806687226218475,-0.0011941177003980058,0.004555455145641701,56,0.25186065690449766,0.5900226619420714,11,0.9953430503998476,33,0.9927860274455238,5,0.997439058967546,7,0.9932013672906004
Classical Monocytes|Classical Monocytes|HLA-DQB1|CD4,Classical Monocytes,Classical Monocytes,HLA-DQB1,CD4,0.03772932814396501,-0.4585509206689066,0.5340095769568367,55,0.8815498690814167,0.9485801586659485,11,0.5041812734674979,32,0.5167621648424068,5,0.5019413346795756,7,0.4767928979105195,Classical Monocytes,Classical Monocytes,HLA-DQB1,CD4,-0.030341497412938234,-0.090369376651143,0.029686381825266533,56,0.3218433022174041,0.5900226619420714,11,0.9941722079488552,33,0.9620353804162339,5,0.9979377988154315,7,0.9961424686957486
Classical Monocytes|Non-classical Monocytes|TGFB1|ITGB1,Classical Monocytes,Non-classical Monocytes,TGFB1,ITGB1,-0.02980324616734975,-0.42510104597000353,0.36549455363530403,55,0.88252401990188,0.9486919878759608,11,0.6203153027834083,33,0.531465530718077,5,0.4889561325708104,6,0.4299096066728288,Classical Monocytes,Non-classical Monocytes,TGFB1,ITGB1,0.14325947446674936,-0.1577141888426975,0.4442331377761962,56,0.35086288714348113,0.5900226619420714,11,0.9958340135357076,33,0.9940822298752183,5,0.998007660905331,7,0.8529964027780924
NK Cells|CD8 T Cells|PKM|CD44,NK Cells,CD8 T Cells,PKM,CD44,0.006438439579853683,-0.07878884556249884,0.0916657247222062,56,0.8822921031630904,0.9486919878759608,11,0.7537471847888022,33,0.7898724481294062,5,0.8349227357075814,7,0.8646095594683316,NK Cells,CD8 T Cells,PKM,CD44,0.0003867113448084991,-0.00013484382019853251,0.0009082665098155307,56,0.1461595350146421,0.5560563594390482,11,0.9972940104152376,33,0.9974048692320623,5,0.9993495485168206,7,0.9990736959888368
Non-classical Monocytes|CD8 T Cells|CD14|ITGB1,Non-classical Monocytes,CD8 T Cells,CD14,ITGB1,-0.028350485612680415,-0.41119968223138426,0.3544987110060235,53,0.8846019904045047,0.9501129933737436,9,0.4563293243554816,32,0.7267469483456095,5,0.15275211436608868,7,0.45152022396889696,Non-classical Monocytes,CD8 T Cells,CD14,ITGB1,0.1548847445952779,-0.10108888324068621,0.410858372431242,56,0.2356472958762501,0.5900226619420714,11,0.8118317041235202,33,0.966731843887508,5,0.9961131090075547,7,0.9961285041762645
Non-classical Monocytes|Classical Monocytes|LGALS1|PTPRC,Non-classical Monocytes,Classical Monocytes,LGALS1,PTPRC,-7.056781886638497e-05,-0.001032220931583392,0.000891085293850622,56,0.8856381481479962,0.950788540655435,11,0.999081249943936,33,0.9994602251965987,5,0.9990638100950593,7,0.9995133531665884,Non-classical Monocytes,Classical Monocytes,LGALS1,PTPRC,3.600627585309546e-06,-4.854219128247138e-06,1.205547429886623e-05,56,0.40389731027521925,0.6392122653823076,11,0.9999879313547756,33,0.9999927537278677,5,0.9999945976030243,7,0.9999958193485311
Classical Monocytes|NK Cells|S100A8|ITGB2,Classical Monocytes,NK Cells,S100A8,ITGB2,1.1489412421461509e-07,-1.476728190803354e-06,1.7065164392325841e-06,56,0.8874879693520147,0.9523365847596297,11,0.9999999715998176,33,0.9999999820930157,5,0.9999994838114963,7,0.9999993794105702,Classical Monocytes,NK Cells,S100A8,ITGB2,1.6324547269519485e-09,-8.3149739623993e-09,1.1579883416303197e-08,56,0.747720752327347,0.8527700215723305,11,0.9999999995320018,33,0.9999999997458296,5,0.9999999971872713,7,0.9999999957686444
Non-classical Monocytes|Non-classical Monocytes|HLA-DMB|CD4,Non-classical Monocytes,Non-classical Monocytes,HLA-DMB,CD4,-0.017114144075760285,-0.2558182412736181,0.22158995312209753,56,0.8882478068860999,0.9527141153325877,11,0.49510194810108427,33,0.45478066766122416,5,0.6641697101894974,7,0.6409625738253976,Non-classical Monocytes,Non-classical Monocytes,HLA-DMB,CD4,-0.00012433661322996947,-0.0033397356126188163,0.0030910623861588773,56,0.9395861241519088,0.9662024379859239,11,0.9943492123954036,33,0.9923830555188532,5,0.9986210432586192,7,0.9967792229952988
CD4 T Cells|Non-classical Monocytes|LGALS1|PTPRC,CD4 T Cells,Non-classical Monocytes,LGALS1,PTPRC,-0.0021479461831562796,-0.032524130463969084,0.02822823809765652,56,0.8897725386337891,0.9531034087538633,11,0.9140686405964252,33,0.9270313159249849,5,0.9461920324699049,7,0.9613026539816208,CD4 T Cells,Non-classical Monocytes,LGALS1,PTPRC,0.0001543899883621469,-0.00015039646831462266,0.00045917644503891647,56,0.32079651915746543,0.5900226619420714,11,0.9990388900373097,33,0.999143584746269,5,0.9997721109339708,7,0.9997224156545679
NK Cells|NK Cells|TGFB1|ITGB1,NK Cells,NK Cells,TGFB1,ITGB1,0.024122095744589567,-0.3156129819625808,0.36385717345175994,56,0.889321610194999,0.9531034087538633,11,0.8215286180036716,33,0.7915275569991557,5,0.7522598433423001,7,0.6981366865931946,NK Cells,NK Cells,TGFB1,ITGB1,0.00020463285709459988,-0.0013326812676842823,0.0017419469818734821,56,0.7941757575589868,0.8777009021007381,11,0.9979448524167772,33,0.9973257163987309,5,0.9990717802163729,7,0.998248011341232
NK Cells|NK Cells|SELPLG|ITGB2,NK Cells,NK Cells,SELPLG,ITGB2,0.008450452756563198,-0.11112409544697341,0.1280250009600998,56,0.8898353023911872,0.9531034087538633,11,0.9746622026899424,33,0.9689224285945571,5,0.9231751723143476,7,0.9089849454623992,NK Cells,NK Cells,SELPLG,ITGB2,0.00024237895365009088,-0.0005240801858952027,0.0010088380931953843,56,0.5353871963578927,0.7195180474401718,11,0.99969448000119,33,0.9996075115302886,5,0.9996842968942866,7,0.9993549494697351
Non-classical Monocytes|CD4 T Cells|MIF|CD74_CXCR4,Non-classical Monocytes,CD4 T Cells,MIF,CD74_CXCR4,0.011139144420769131,-0.14801482783512807,0.17029311667666633,56,0.8908906051506253,0.9533361807517755,11,0.8957654722891296,33,0.9068662088329881,5,0.8533282525811522,7,0.8532898447042415,Non-classical Monocytes,CD4 T Cells,MIF,CD74_CXCR4,0.0003828176410199946,-0.0003436680537271539,0.001109303335767143,56,0.30170113534979315,0.5900226619420714,11,0.9988620420717541,33,0.9988582378185759,5,0.9994654590449807,7,0.9990788371507825
Classical Monocytes|B Cells|LGALS1|CD69,Classical Monocytes,B Cells,LGALS1,CD69,-3.899924482797523e-06,-6.0474409350863594e-05,5.267456038526855e-05,56,0.8925258418574499,0.9536028465946864,11,0.9999662475559341,33,0.9999616005188587,5,0.9999862577135119,7,0.9999855106009193,Classical Monocytes,B Cells,LGALS1,CD69,-3.5314040924827594e-07,-1.8220313978380016e-06,1.1157505793414497e-06,56,0.6374974083987529,0.7814602728817406,11,0.9999994255342185,33,0.9999990096833961,5,0.9999999012284805,7,0.9999998385180673
NK Cells|NK Cells|MIF|TNFRSF14,NK Cells,NK Cells,MIF,TNFRSF14,0.024412263515474653,-0.34524644606724103,0.39407097309819034,56,0.8970126365442969,0.9568407977756661,11,0.7194289924329288,33,0.8033496822133868,5,0.5093503329410412,7,0.5688587592060245,NK Cells,NK Cells,MIF,TNFRSF14,0.0013577000144183726,-0.00010780326069410894,0.002823203289530854,56,0.06940291247036495,0.4776247420339505,11,0.9970089182917562,33,0.9974232692126223,5,0.9981418119887586,7,0.9971984628952063
Non-classical Monocytes|CD8 T Cells|TNFSF13B|HLA-DPB1,Non-classical Monocytes,CD8 T Cells,TNFSF13B,HLA-DPB1,-0.010193667116094596,-0.1659677096005846,0.1455803753683954,56,0.8979450390255508,0.9569610525443456,11,0.7602694528276466,33,0.8887512429094353,5,0.7244296755246921,7,0.8631051327225754,Non-classical Monocytes,CD8 T Cells,TNFSF13B,HLA-DPB1,0.0010852994291236095,0.00017896541161342716,0.001991633446633792,56,0.018926271725501036,0.2913552640468292,11,0.9973736240504149,33,0.9986720896281647,5,0.9989137189419264,7,0.9991268850905526
Non-classical Monocytes|B Cells|TGFB1|ITGB1,Non-classical Monocytes,B Cells,TGFB1,ITGB1,-0.02659411868622391,-0.4317019507478149,0.3785137133753671,45,0.8976221146133041,0.9569610525443456,8,0.38967042100098603,25,0.4064382658567394,5,0.33376417843591133,7,0.37712614197788863,Non-classical Monocytes,B Cells,TGFB1,ITGB1,0.03253876599742911,-0.2915889531207194,0.35666648511557764,56,0.844016707957093,0.9113440505556646,11,0.7222875694003185,33,0.7515504354325172,5,0.9969978382741808,7,0.9937219383089504
B Cells|NK Cells|LGALS1|PTPRC,B Cells,NK Cells,LGALS1,PTPRC,-0.0053890342336325725,-0.08828259777647558,0.07750452930921044,53,0.8986078429716151,0.9572305261581758,9,0.8187024783924001,33,0.8541139741667229,5,0.9184248312665451,6,0.9592253612745004,B Cells,NK Cells,LGALS1,PTPRC,0.3246147808338332,-0.06783615968448264,0.7170657213521491,56,0.10497922456664593,0.5560563594390482,11,0.816551376063013,33,0.9983892457762595,5,0.9996575772333591,7,0.8568806661127725
Non-classical Monocytes|Classical Monocytes|CD14|ITGB1,Non-classical Monocytes,Classical Monocytes,CD14,ITGB1,-0.02530338173714397,-0.41939418960659797,0.36878742613231,56,0.8998559072507157,0.9581229108209856,11,0.43946838045159836,33,0.7069696547420871,5,0.2738571020735204,7,0.566661758101153,Non-classical Monocytes,Classical Monocytes,CD14,ITGB1,0.0036039212788190333,0.0006253626831904655,0.006582479874447602,56,0.017717588663054028,0.2902624868168367,11,0.9933582758017448,33,0.9966190942042391,5,0.9971701184799071,7,0.9968270156035823
Classical Monocytes|B Cells|RETN|CAP1,Classical Monocytes,B Cells,RETN,CAP1,-0.02979246991229234,-0.5018562542741561,0.44227131444957146,55,0.9015563710870726,0.9594959555552939,11,0.48459532253231624,32,0.5175499941124899,5,0.2850207421786649,7,0.34776788367113093,Classical Monocytes,B Cells,RETN,CAP1,-0.02939090307813108,-0.08942874480010053,0.03064693864383837,56,0.3373169641117715,0.5900226619420714,11,0.9941269022126499,33,0.9633163087684524,5,0.9967321820442342,7,0.9953124916781678
Classical Monocytes|CD4 T Cells|ADAM17|ITGB1,Classical Monocytes,CD4 T Cells,ADAM17,ITGB1,-0.01885114696736767,-0.3198057035573131,0.28210340962257774,56,0.9022908671390397,0.9598401707378851,11,0.18479737816402816,33,0.2888648713096059,5,0.5179698142074309,7,0.6408884543203763,Classical Monocytes,CD4 T Cells,ADAM17,ITGB1,0.001498741205878451,-0.0013184225358601263,0.004315904947617029,56,0.29708361493061364,0.5900226619420714,11,0.9902228159844431,33,0.9909738895982195,5,0.9980792717747509,7,0.9973316041826489
CD4 T Cells|Non-classical Monocytes|TIMP1|CD63,CD4 T Cells,Non-classical Monocytes,TIMP1,CD63,-0.008390711678508356,-0.15433150977916402,0.1375500864221473,56,0.9102794579040221,0.9670166215677396,11,0.6813298491858055,33,0.7999659892547498,5,0.7393264215212857,7,0.8663532732687383,CD4 T Cells,Non-classical Monocytes,TIMP1,CD63,0.0011021802710519113,-5.327438774072263e-05,0.0022576349298445452,56,0.06153991381140817,0.4776247420339505,11,0.9964600069471549,33,0.9976199875370323,5,0.9990015639756038,7,0.9990593642944293
Non-classical Monocytes|CD4 T Cells|TNFSF13B|HLA-DPB1,Non-classical Monocytes,CD4 T Cells,TNFSF13B,HLA-DPB1,-0.013608613004947367,-0.25874252964900674,0.231525303639112,56,0.9133552308688488,0.9698428667934343,11,0.48991753128963644,33,0.7157407730720137,5,0.44922113331503316,7,0.6886529881023578,Non-classical Monocytes,CD4 T Cells,TNFSF13B,HLA-DPB1,0.0019665883193632494,0.0005633150390608928,0.0033698615996656063,56,0.006018881198638161,0.15631964218739516,11,0.9945273567399464,33,0.9966640917664706,5,0.9978555542450553,7,0.9980257009522163
Non-classical Monocytes|Classical Monocytes|LGALS1|CD69,Non-classical Monocytes,Classical Monocytes,LGALS1,CD69,-0.0019997033889427307,-0.038298981754476574,0.03429957497659111,55,0.9140170084737347,0.9701044158118957,11,0.9754001163615439,33,0.9848648861963136,5,0.9654210785238959,6,0.9768855517476084,Non-classical Monocytes,Classical Monocytes,LGALS1,CD69,0.14292068395409407,-0.1594572751509699,0.44529864305915806,56,0.3542442399158312,0.5900226619420714,11,0.9997301169818226,33,0.999797048713881,5,0.9998517394336712,7,0.8569979872116356
Classical Monocytes|CD8 T Cells|S100A8|ITGB2,Classical Monocytes,CD8 T Cells,S100A8,ITGB2,4.741731865487431e-06,-8.212525573389994e-05,9.16087194648748e-05,56,0.9147994275025408,0.970117124616882,11,0.9999801299112722,33,0.999980159967729,5,0.9999462555117494,7,0.9999415438363408,Classical Monocytes,CD8 T Cells,S100A8,ITGB2,1.1179966641350347e-07,-4.914881512907684e-07,7.150874841177753e-07,56,0.7164441162275124,0.8423558076145705,11,0.9999997093678213,33,0.9999996660920356,5,0.9999997672221441,7,0.999999612146692
Classical Monocytes|B Cells|TGFB1|ITGB1,Classical Monocytes,B Cells,TGFB1,ITGB1,-0.020468943349885305,-0.3957207748374187,0.3547828881376481,44,0.9148599179470553,0.970117124616882,8,0.21858529739419916,25,0.3813135145848707,5,0.20335489697476036,6,0.38655205751531724,Classical Monocytes,B Cells,TGFB1,ITGB1,0.17495516956096824,-0.2667257396200281,0.6166360787419646,56,0.4375331937757504,0.6642847591249715,11,0.7206722192741627,33,0.7514143113189105,5,0.9963761746980809,7,0.8521630971818605
NK Cells|Classical Monocytes|HLA-DRB1|CD4,NK Cells,Classical Monocytes,HLA-DRB1,CD4,0.023457478762712758,-0.42092230456784197,0.4678372620932675,56,0.9175973923297304,0.9705591320429074,11,0.1368831220639556,33,0.36627331991116585,5,0.3630598992524794,7,0.5689926183369769,NK Cells,Classical Monocytes,HLA-DRB1,CD4,0.0030191403931518757,-0.0011571835169596964,0.007195464303263448,56,0.15651405091182174,0.5560563594390482,11,0.988642944973103,33,0.9914001238210824,5,0.9975187119509142,7,0.9972567504057418
CD8 T Cells|Non-classical Monocytes|MIF|TNFRSF14,CD8 T Cells,Non-classical Monocytes,MIF,TNFRSF14,-0.02034448388269483,-0.4037521474573766,0.3630631796919869,56,0.9171692271098959,0.9705591320429074,11,0.777289724767355,33,0.7964940651513976,5,0.5855742659668942,7,0.6251230902336317,CD8 T Cells,Non-classical Monocytes,MIF,TNFRSF14,0.0006494668282464033,-0.0008285607254515368,0.0021274943819443435,56,0.38910768357422343,0.6198794186740092,11,0.9975692654634127,33,0.9973051085512853,5,0.9984916345711943,7,0.9975780108308204
Classical Monocytes|B Cells|MIF|CD44_CD74,Classical Monocytes,B Cells,MIF,CD44_CD74,-0.016764402984598803,-0.33231836105696394,0.29878955508776633,56,0.9170687176234975,0.9705591320429074,11,0.6651672821160588,33,0.6523854547089951,5,0.5366569557625385,7,0.5406395313400736,Classical Monocytes,B Cells,MIF,CD44_CD74,0.0003072149084986098,-0.0013660427435630799,0.001980472560560299,56,0.7189555598371884,0.8425305360743786,11,0.9964280490991364,33,0.9954488574120889,5,0.9981560186032599,7,0.9968696120077137
Non-classical Monocytes|NK Cells|SELPLG|SELL,Non-classical Monocytes,NK Cells,SELPLG,SELL,0.022003056535282395,-0.38989134934979675,0.43389746242036153,56,0.916614143114327,0.9705591320429074,11,0.6250655701162626,33,0.6578568765854294,5,0.4253165489854297,7,0.43610479891931403,Non-classical Monocytes,NK Cells,SELPLG,SELL,0.001325533785137778,-0.0010906191198586232,0.003741686690134179,56,0.28225724515913586,0.5900226619420714,11,0.9958655589393882,33,0.9956443585218556,5,0.9976049844433824,7,0.996058250240712
Non-classical Monocytes|CD4 T Cells|CD14|ITGA4,Non-classical Monocytes,CD4 T Cells,CD14,ITGA4,0.01869172732710697,-0.33615432264916756,0.37353777730338145,55,0.917770691028154,0.9705591320429074,11,0.31320971941716624,32,0.6585624086534919,5,0.13131864760436382,7,0.4579796095135825,Non-classical Monocytes,CD4 T Cells,CD14,ITGA4,-0.02566644019566211,-0.08590956954951684,0.03457668915819262,56,0.40369634920948827,0.6390525210850894,11,0.9908676549841602,33,0.9658664149030167,5,0.9954707610612041,7,0.9961359611757227
Classical Monocytes|NK Cells|CALM1|PTPRA,Classical Monocytes,NK Cells,CALM1,PTPRA,-0.012113451579840118,-0.2503728327018706,0.22614592954219034,56,0.9206242580778182,0.9731360989641039,11,0.6220822437361408,33,0.6953946953649354,5,0.5516000469174726,7,0.6370259501261072,Classical Monocytes,NK Cells,CALM1,PTPRA,0.0010589757638950203,-0.00017350884221530114,0.002291460370005342,56,0.09217378468271635,0.5339059930533769,11,0.9958774162306301,33,0.9962116519898827,5,0.998221994474443,7,0.9974972544698006
Non-classical Monocytes|CD8 T Cells|HLA-C|CD8A,Non-classical Monocytes,CD8 T Cells,HLA-C,CD8A,8.394845065062828e-05,-0.0015983715664179149,0.0017662684677191714,56,0.9220887274154739,0.974243067201417,11,0.999482432438813,33,0.999207188604105,5,0.9985807052604165,7,0.9982215129750579,Non-classical Monocytes,CD8 T Cells,HLA-C,CD8A,3.0098130788802635e-06,-1.0310277086050235e-05,1.6329903243810762e-05,56,0.6578566776950895,0.7998185183242487,11,0.9999930369228731,33,0.9999896987678758,5,0.9999931906188421,7,0.9999868426507659
NK Cells|CD4 T Cells|MIF|CD44_CD74,NK Cells,CD4 T Cells,MIF,CD44_CD74,-0.0071093832566542225,-0.15188751984737167,0.13766875333406323,56,0.9233261927320192,0.9744507452731415,11,0.9218330157304181,33,0.9356994595302247,5,0.8648055367484645,7,0.8857813638049253,NK Cells,CD4 T Cells,MIF,CD44_CD74,0.00025723565930235726,-0.00019686462980649726,0.0007113359484112118,56,0.26688392997929766,0.5900226619420714,11,0.9992279785084226,33,0.9992184576298467,5,0.9996317687674379,7,0.9993650122295596
Classical Monocytes|Non-classical Monocytes|S100A9|CD36,Classical Monocytes,Non-classical Monocytes,S100A9,CD36,-0.0008037318108407021,-0.017398236103457185,0.01579077248177578,56,0.9243719061156352,0.9744507452731415,11,0.9945673884880768,33,0.9990814714679257,5,0.9913765846357542,7,0.9966943994264438,Classical Monocytes,Non-classical Monocytes,S100A9,CD36,5.41862553867789e-05,-7.220149266686201e-05,0.00018057400344041982,56,0.4007424885165315,0.6353210320427096,11,0.9999405577769448,33,0.9999890280157454,5,0.9999627888294105,7,0.9999570728128243
Classical Monocytes|B Cells|ADAM17|RHBDF2,Classical Monocytes,B Cells,ADAM17,RHBDF2,0.008034526735246753,-0.16594973613107739,0.18201878960157092,56,0.927881639881282,0.9768276055558132,11,0.06714194754520159,33,0.1169848765775372,5,0.04780435460469362,7,0.08961275690178248,Classical Monocytes,B Cells,ADAM17,RHBDF2,0.0029175794107618724,-0.00238188235717711,0.008217041178700854,56,0.28056826963349357,0.5900226619420714,11,0.9864796824758286,33,0.9859381603039988,5,0.9951211702416669,7,0.9916620686590752
Classical Monocytes|Classical Monocytes|MIF|CD44_CD74,Classical Monocytes,Classical Monocytes,MIF,CD44_CD74,-0.0024548480323660637,-0.055457989339769295,0.05054829327503717,56,0.9276705718963326,0.9768276055558132,11,0.9611911190050221,33,0.9257207555923166,5,0.9440581744136571,7,0.9110426590333177,Classical Monocytes,Classical Monocytes,MIF,CD44_CD74,-0.00012138775615677666,-0.0004855151897822355,0.00024273967746868218,56,0.5135077047696719,0.7025269220071593,11,0.9995547012806569,33,0.9990075743280785,5,0.9997752480694977,7,0.999349508873076
Non-classical Monocytes|Classical Monocytes|ADAM10|NOTCH2,Non-classical Monocytes,Classical Monocytes,ADAM10,NOTCH2,0.0004363190269669084,-0.009385974143951032,0.01025861219788485,56,0.9306205235106632,0.9788283434222516,11,0.0036618762866805457,33,0.004098195313647454,5,0.0,7,0.0,Non-classical Monocytes,Classical Monocytes,ADAM10,NOTCH2,0.0003659327415170832,-0.005496344767177255,0.0062282102502114215,56,0.9026265172259577,0.9385947820723332,11,0.9852445106751485,33,0.98038627600299,5,0.9939354027717382,7,0.9887112353580626
Classical Monocytes|Non-classical Monocytes|GNAI2|FPR1,Classical Monocytes,Non-classical Monocytes,GNAI2,FPR1,0.007881309635749068,-0.17626837473333604,0.19203099400483417,55,0.9331492182130899,0.978842508772491,10,0.632910975981025,33,0.7463364039797428,5,0.6709293613053507,7,0.7764734796683195,Classical Monocytes,Non-classical Monocytes,GNAI2,FPR1,0.09199720460733762,-0.09414481009650877,0.278139219311184,56,0.33270712417308945,0.5900226619420714,11,0.9054864773739747,33,0.9970450971801653,5,0.9987034673231253,7,0.9982648825219783
B Cells|Non-classical Monocytes|HLA-DQB1|CD4,B Cells,Non-classical Monocytes,HLA-DQB1,CD4,0.0005545982066348376,-0.012293637376767821,0.013402833790037497,56,0.9325774325256969,0.978842508772491,11,0.9800612541007542,33,0.9809645193275606,5,0.9796202501579048,7,0.9799689171780763,B Cells,Non-classical Monocytes,HLA-DQB1,CD4,5.5525282294022205e-05,-8.285987901863432e-05,0.00019391044360667873,56,0.4316269932544762,0.6602245535180246,11,0.999757155952587,33,0.9997369570631541,5,0.9999069345230742,7,0.9998312103513474
Classical Monocytes|Non-classical Monocytes|S100A12|CD36,Classical Monocytes,Non-classical Monocytes,S100A12,CD36,-0.0044319090609703515,-0.10677208353756139,0.09790826541562068,56,0.9323587486820364,0.978842508772491,11,0.9588590023450525,33,0.9840885557423135,5,0.9369627868213491,7,0.9666242492795805,Classical Monocytes,Non-classical Monocytes,S100A12,CD36,0.0003898891175048158,-0.0004235786820257616,0.0012033569170353932,56,0.34752732003931197,0.5900226619420714,11,0.9995541849151973,33,0.999801305822937,5,0.9997398690789252,7,0.9995971008691601
Non-classical Monocytes|Non-classical Monocytes|HLA-A|LILRB2,Non-classical Monocytes,Non-classical Monocytes,HLA-A,LILRB2,-0.00011194110150969383,-0.00271774994653729,0.0024938677435179025,56,0.9329000352509716,0.978842508772491,11,0.9984095525786411,33,0.9980872361822446,5,0.9975491560504341,7,0.9973387807555474,Non-classical Monocytes,Non-classical Monocytes,HLA-A,LILRB2,7.640338510750411e-07,-2.123847344834455e-05,2.2766541150494633e-05,56,0.9457382993508613,0.9694083097308924,11,0.9999782808592808,33,0.9999734757887041,5,0.9999874207038421,7,0.9999818515994143
Classical Monocytes|B Cells|MIF|TNFRSF14,Classical Monocytes,B Cells,MIF,TNFRSF14,-0.01325883953860818,-0.3212195299552814,0.29470185087806505,56,0.9327514041116505,0.978842508772491,11,0.37135254959096853,33,0.4646443521377008,5,0.1363385562430969,7,0.24288919832843733,Classical Monocytes,B Cells,MIF,TNFRSF14,0.002363436009292119,3.14342594633951e-05,0.004695437759120843,56,0.04699077350111445,0.44555594997339243,11,0.9932587171816525,33,0.9929680630874994,5,0.9964279613431405,7,0.9937738712396953
CD8 T Cells|Non-classical Monocytes|HLA-DPB1|CD4,CD8 T Cells,Non-classical Monocytes,HLA-DPB1,CD4,-0.01617553136667549,-0.3969189173793691,0.3645678546460181,56,0.9336390317767284,0.9789165420739384,11,0.48465707923762535,33,0.643938663745362,5,0.4340403815690309,7,0.6094974974434431,CD8 T Cells,Non-classical Monocytes,HLA-DPB1,CD4,0.0015396163253166284,-0.0007589293115227848,0.0038381619621560416,56,0.1892412827738018,0.5900226619420714,11,0.9943280752909629,33,0.9954976869516893,5,0.9977832117564012,7,0.9974132070918109
Non-classical Monocytes|B Cells|LGALS1|CD69,Non-classical Monocytes,B Cells,LGALS1,CD69,-4.737786108877096e-06,-0.00011863893898151698,0.00010916336676376279,56,0.9350237551533975,0.9799283968955042,11,0.9999327148050697,33,0.9999299708417676,5,0.9999609726395405,7,0.9999629664623473,Non-classical Monocytes,B Cells,LGALS1,CD69,-5.961567077772401e-07,-3.280467485850604e-06,2.088154070296124e-06,56,0.6633540952874557,0.803750173618339,11,0.9999989663937889,33,0.999998208213757,5,0.9999997345972798,7,0.9999995725739556
CD8 T Cells|Classical Monocytes|MIF|TNFRSF14,CD8 T Cells,Classical Monocytes,MIF,TNFRSF14,0.017473549778086794,-0.4060533038241999,0.4410004033803735,56,0.9355511375985865,0.9800412320738895,11,0.5597557226020261,33,0.6829683013741171,5,0.36881624184380446,7,0.4745552708378087,CD8 T Cells,Classical Monocytes,MIF,TNFRSF14,0.0021279035009587055,-9.627280167018477e-05,0.004352079803587596,56,0.060775180516770944,0.4776247420339505,11,0.9952929296349318,33,0.9958458041122519,5,0.9975397661557217,7,0.9959647371320831
Non-classical Monocytes|CD4 T Cells|MIF|CD44_CD74,Non-classical Monocytes,CD4 T Cells,MIF,CD44_CD74,-0.006173470405196446,-0.15894032208509,0.14659338127469712,56,0.9368701863750952,0.9809829081550885,11,0.8890746158312666,33,0.8842552802081732,5,0.8468585737045646,7,0.8482127084866677,Non-classical Monocytes,CD4 T Cells,MIF,CD44_CD74,0.00013089369996677203,-0.00039161728068837134,0.0006534046806219154,56,0.6234345066667069,0.7699564500206504,11,0.9988935386282481,33,0.9985872715156633,5,0.9995767755253213,7,0.9991396147127697
Non-classical Monocytes|Non-classical Monocytes|TGFB1|ITGB1,Non-classical Monocytes,Non-classical Monocytes,TGFB1,ITGB1,0.01582630078162306,-0.38083131540073495,0.41248391696398107,56,0.9376682522053716,0.9812513216528214,11,0.7218749093705462,33,0.5524382232043034,5,0.5888869529120193,7,0.40362396596415345,Non-classical Monocytes,Non-classical Monocytes,TGFB1,ITGB1,0.0007103456334478508,-0.001749304208808347,0.0031699954757040487,56,0.5713688937138515,0.7373209173778624,11,0.9969557989839282,33,0.9942357314724302,5,0.9984004356891074,7,0.9949700225441616
CD4 T Cells|CD8 T Cells|MIF|CD74_CXCR4,CD4 T Cells,CD8 T Cells,MIF,CD74_CXCR4,-0.0027499404679223183,-0.07573446009381392,0.07023457915796928,56,0.9411310768923434,0.982800118311101,11,0.9478713969596915,33,0.9657145861623854,5,0.9345049835804383,7,0.9550981132510545,CD4 T Cells,CD8 T Cells,MIF,CD74_CXCR4,0.00022316603544447755,-0.0001319796750789739,0.000578311745967929,56,0.21809860938979186,0.5900226619420714,11,0.9994112340442508,33,0.999590161104234,5,0.9997607791233932,7,0.999716540147932
CD8 T Cells|CD4 T Cells|HLA-DRA|CD4,CD8 T Cells,CD4 T Cells,HLA-DRA,CD4,-0.007829888010866214,-0.21433898598600806,0.19867920996427565,54,0.9407613797267749,0.982800118311101,11,0.017147159732970346,32,0.12858886129498576,5,0.013856274068695901,6,0.13312786364157753,CD8 T Cells,CD4 T Cells,HLA-DRA,CD4,0.11593199435696178,-0.18970825903999983,0.4215722477539234,56,0.45722059488275035,0.6642847591249715,11,0.9850449376430344,33,0.9568711529046318,5,0.9937154743473592,7,0.8496096952519948
NK Cells|CD4 T Cells|SPON2|ITGA4,NK Cells,CD4 T Cells,SPON2,ITGA4,0.01251559180434686,-0.3335706787883067,0.3586018623970004,55,0.9434943779188181,0.983069777974315,11,0.8558557868393593,32,0.8555575199763705,5,0.44716454996026683,7,0.43435069129293125,NK Cells,CD4 T Cells,SPON2,ITGA4,-0.027063341694407717,-0.08738658778936356,0.03325990440054812,56,0.3792301466568674,0.6106102336166144,11,0.9984573702311033,33,0.9680498472444662,5,0.9977465576886371,7,0.9944023763964077
NK Cells|Classical Monocytes|MIF|CD44_CD74,NK Cells,Classical Monocytes,MIF,CD44_CD74,-0.0010501519402599246,-0.029283929320229805,0.027183625439709955,56,0.9418851976027302,0.983069777974315,11,0.9775859856190753,33,0.9682650280982275,5,0.9670019950473858,7,0.9587311894667979,NK Cells,Classical Monocytes,MIF,CD44_CD74,1.5205390660022466e-05,-0.00018285020512028276,0.0002132609864403277,56,0.8803914574351157,0.9274230868182942,11,0.9997393682264096,33,0.9995701730374288,5,0.999863962517454,7,0.9996795619378132
Non-classical Monocytes|CD8 T Cells|COPA|CD74,Non-classical Monocytes,CD8 T Cells,COPA,CD74,-0.005558864965125143,-0.15776889459026164,0.14665116466001135,56,0.9429362551939992,0.983069777974315,11,0.7215783529184718,33,0.7952528760769038,5,0.7616510126378897,7,0.8408844007614468,Non-classical Monocytes,CD8 T Cells,COPA,CD74,0.0007509609989602151,-2.769143107765864e-05,0.0015296134289980888,56,0.0587230292413034,0.4776247420339505,11,0.9970344834369453,33,0.9976068683453077,5,0.999090816749303,7,0.9989122406587051
CD8 T Cells|Non-classical Monocytes|LGALS1|PTPRC,CD8 T Cells,Non-classical Monocytes,LGALS1,PTPRC,0.002546257750073111,-0.0736915218105634,0.07878403731070963,56,0.9478072475446774,0.9853012896804865,11,0.9286396996897721,33,0.9489709450319046,5,0.9008428027460325,7,0.9186277903380918,CD8 T Cells,Non-classical Monocytes,LGALS1,PTPRC,0.00032354532411149606,-0.0001501255742226632,0.0007972162224456553,56,0.18064501407781497,0.5900226619420714,11,0.9992089164374892,33,0.9994164189383351,5,0.9995950526078564,7,0.9994790097845908
Non-classical Monocytes|Non-classical Monocytes|ADAM15|ITGB1,Non-classical Monocytes,Non-classical Monocytes,ADAM15,ITGB1,0.003674836729733802,-0.11085508699008322,0.11820476044955082,52,0.9498557614864133,0.9853012896804865,8,0.04356181362468911,32,0.0039398170127906435,5,0.06611927171332406,7,0.022822438371691785,Non-classical Monocytes,Non-classical Monocytes,ADAM15,ITGB1,0.2376133078958942,-0.054606361103457846,0.5298329768952462,56,0.11100091366479753,0.5560563594390482,11,0.7187220252948419,33,0.9508850905367167,5,0.9956906245346397,7,0.9902403818806204
Classical Monocytes|CD8 T Cells|S100A9|ITGB2,Classical Monocytes,CD8 T Cells,S100A9,ITGB2,1.993194544969157e-06,-6.001355789103252e-05,6.399994698097083e-05,56,0.9497643966767185,0.9853012896804865,11,0.9999883698001856,33,0.9999875172860815,5,0.9999626686399754,7,0.9999598229313263,Classical Monocytes,CD8 T Cells,S100A9,ITGB2,8.515540561582213e-08,-3.0620751696999934e-07,4.765183282016436e-07,56,0.6697710208296614,0.8059780585234076,11,0.999999825454704,33,0.9999997952715801,5,0.9999998500400767,7,0.9999997347015472
CD4 T Cells|Classical Monocytes|S100A9|CD68,CD4 T Cells,Classical Monocytes,S100A9,CD68,0.012385176527346942,-0.36546742249176395,0.39023777554645783,54,0.9487764958242191,0.9853012896804865,11,0.6487695192535538,32,0.9048235295228315,5,0.5787521517627277,6,0.8224209855046585,CD4 T Cells,Classical Monocytes,S100A9,CD68,0.11480816187883947,-0.19317484943513014,0.42279117319280907,56,0.4650086843082678,0.6642847591249715,11,0.9962948866977775,33,0.9686567235320894,5,0.9984500784795498,7,0.8560037534350222
Classical Monocytes|NK Cells|LGALS9|CD44,Classical Monocytes,NK Cells,LGALS9,CD44,0.009610591971776272,-0.2855970774420496,0.30481826138560214,56,0.9491236390858659,0.9853012896804865,11,0.5569154548144529,33,0.7450997804857674,5,0.6178366881624042,7,0.7964104218619424,Classical Monocytes,NK Cells,LGALS9,CD44,0.0014526625386368508,0.00010180434473916217,0.0028035207325345394,56,0.035059353833055674,0.40101408534417127,11,0.9951412978965396,33,0.9968070922412551,5,0.9985429032689102,7,0.9987560350749888
Non-classical Monocytes|CD8 T Cells|CD14|ITGA4,Non-classical Monocytes,CD8 T Cells,CD14,ITGA4,0.011151590235372905,-0.3256499362946489,0.34795311676539464,56,0.9482576485107429,0.9853012896804865,11,0.3183920474005426,33,0.6741290314803549,5,0.12496096132572251,7,0.46954635517016186,Non-classical Monocytes,CD8 T Cells,CD14,ITGA4,0.00499834118643161,0.0005087409606461179,0.0094879414122171,56,0.029105242250904904,0.3667719777929614,11,0.9908119442664006,33,0.9963252804458584,5,0.9957799860388082,7,0.9962949810318344
NK Cells|CD8 T Cells|MIF|CD74_CXCR4,NK Cells,CD8 T Cells,MIF,CD74_CXCR4,0.002452929792884806,-0.07546094871628617,0.08036680830205578,56,0.95079798118822,0.9858407131769511,11,0.9461368562052954,33,0.9671207628088039,5,0.931870116934116,7,0.9504010937447397,NK Cells,CD8 T Cells,MIF,CD74_CXCR4,0.00025952295117004365,-0.00012580419965507652,0.0006448501019951638,56,0.1868143982781344,0.5900226619420714,11,0.9994036173810085,33,0.9996055658639078,5,0.9997475156581588,7,0.9996899411898881
Non-classical Monocytes|Classical Monocytes|HLA-DQB1|CD4,Non-classical Monocytes,Classical Monocytes,HLA-DQB1,CD4,-0.004481846035330528,-0.1488972185993442,0.13993352652868316,56,0.9514975224611931,0.9861281468916494,11,0.7961138520052085,33,0.7392153515615465,5,0.933142652590967,7,0.8807259981826355,Non-classical Monocytes,Classical Monocytes,HLA-DQB1,CD4,-0.0007933198630079019,-0.0029196748159632875,0.0013330350899474837,56,0.46463183539523,0.6642847591249715,11,0.9976003649631053,33,0.9961378368637933,5,0.9997189027184554,7,0.9990496944821513
Classical Monocytes|NK Cells|VCAN|ITGB1,Classical Monocytes,NK Cells,VCAN,ITGB1,0.0003653299289563261,-0.011555835327904088,0.01228649518581674,56,0.9521046197049411,0.9863195594547638,11,0.9736091262837736,33,0.975029049726584,5,0.9857320356155481,7,0.9867866291294022,Classical Monocytes,NK Cells,VCAN,ITGB1,5.0077859215402754e-05,-5.462052453331125e-05,0.00015477624296411676,56,0.3485207443722974,0.5900226619420714,11,0.99968478737445,33,0.9996964761625675,5,0.9999374533699031,7,0.9998990642988053
NK Cells|Classical Monocytes|MIF|TNFRSF14,NK Cells,Classical Monocytes,MIF,TNFRSF14,0.011515774837276449,-0.3888727247255027,0.4119042744000556,56,0.9550458533205208,0.987971434791169,11,0.5615439099336326,33,0.7230422222169269,5,0.331117369530616,7,0.4810999069766339,NK Cells,Classical Monocytes,MIF,TNFRSF14,0.002267445212436936,5.611787355892664e-05,0.004478772551314946,56,0.04446264345283133,0.42718663206257057,11,0.995373028038323,33,0.996340280178447,5,0.9973078905281175,7,0.9960076974558046
NK Cells|CD4 T Cells|MIF|CD74_CXCR4,NK Cells,CD4 T Cells,MIF,CD74_CXCR4,0.004358363666982057,-0.14497709865626815,0.15369382599023226,56,0.9543845586281763,0.987971434791169,11,0.9253549658087464,33,0.9485976604171089,5,0.8701728405694725,7,0.889057171510853,NK Cells,CD4 T Cells,MIF,CD74_CXCR4,0.00037086077080883406,-0.00024624406907157285,0.0009879656106892409,56,0.238845544430203,0.5900226619420714,11,0.9991866801054274,33,0.999366658138844,5,0.9995280009163057,7,0.9993371181789134
NK Cells|CD8 T Cells|TGFB1|ITGB1,NK Cells,CD8 T Cells,TGFB1,ITGB1,-0.011136791761987397,-0.41435595499203665,0.39208237146806185,53,0.9568287109728694,0.9882487558930023,9,0.7104730368933798,32,0.6304291667395538,5,0.37658945869627924,7,0.3076823803044407,NK Cells,CD8 T Cells,TGFB1,ITGB1,0.15327036385035286,-0.10372884855852527,0.410269576259231,56,0.24244703789394162,0.5900226619420714,11,0.8153748951002053,33,0.9653784950134894,5,0.9968852148978012,7,0.9936184509607324
B Cells|Non-classical Monocytes|HLA-A|APLP2,B Cells,Non-classical Monocytes,HLA-A,APLP2,0.00011282896434616774,-0.004063409672913834,0.004289067601606169,56,0.9577700536028798,0.9882487558930023,11,0.996779246620637,33,0.997667979417878,5,0.9957295996590375,7,0.9965055034919323,B Cells,Non-classical Monocytes,HLA-A,APLP2,1.8060186456114735e-05,-5.749924244623074e-06,4.187029715685254e-05,56,0.1371071201225112,0.5560563594390482,11,0.9999586900370215,33,0.9999716474175074,5,0.9999788466596383,7,0.9999737438536681
NK Cells|CD8 T Cells|MIF|TNFRSF14,NK Cells,CD8 T Cells,MIF,TNFRSF14,0.011217900637097655,-0.4009556689999921,0.4233914702741874,56,0.9574584140256696,0.9882487558930023,11,0.6764920454858381,33,0.7932059883377042,5,0.4539978276352163,7,0.5594938698499847,NK Cells,CD8 T Cells,MIF,TNFRSF14,0.0016504351812615115,-0.0001375560007453229,0.0034384263632683456,56,0.07042342351572958,0.4776247420339505,11,0.9965600545979765,33,0.9972872005392461,5,0.9979349340822898,7,0.997011644842298
Non-classical Monocytes|B Cells|ADAM17|RHBDF2,Non-classical Monocytes,B Cells,ADAM17,RHBDF2,0.002204785491772783,-0.07990339666038165,0.0843129676439272,56,0.9580272324110891,0.9882487558930023,11,0.0,33,0.03714632021001434,5,0.0,7,0.03494153471824156,Non-classical Monocytes,B Cells,ADAM17,RHBDF2,0.0036260231440032875,-0.001845531730097283,0.009097578018103857,56,0.19398627018138326,0.5900226619420714,11,0.9819649222599556,33,0.9819073782608326,5,0.9933594778770212,7,0.9896759107338949
Classical Monocytes|Non-classical Monocytes|RETN|CAP1,Classical Monocytes,Non-classical Monocytes,RETN,CAP1,0.004430710701383678,-0.1649850174605408,0.17384643886330817,55,0.9591193613767619,0.9882757076513711,11,0.874417716378715,32,0.8553459647144883,5,0.8131685786180528,7,0.7896661162524424,Classical Monocytes,Non-classical Monocytes,RETN,CAP1,-0.030169459571306567,-0.09037377265488918,0.03003485351227604,56,0.3260145989448082,0.5900226619420714,11,0.998542629618782,33,0.9677688358267503,5,0.9992352812990536,7,0.9986309470783284
CD4 T Cells|CD8 T Cells|LGALS1|ITGB1,CD4 T Cells,CD8 T Cells,LGALS1,ITGB1,-0.00919788471388712,-0.36050790575765285,0.34211213632987864,53,0.9590744043412796,0.9882757076513711,9,0.09822529089979304,32,0.3424015310453887,5,0.0743934720889176,7,0.32776759694840035,CD4 T Cells,CD8 T Cells,LGALS1,ITGB1,0.1561439860379219,-0.09796581898366935,0.41025379105951315,56,0.22845517206518484,0.5900226619420714,11,0.8058138447764751,33,0.9606269933061156,5,0.9958780159044494,7,0.9945471783961679
CD4 T Cells|NK Cells|HMGB1|CXCR4,CD4 T Cells,NK Cells,HMGB1,CXCR4,0.00024528541275203875,-0.009220692970500599,0.009711263796004677,56,0.959495087471374,0.9882757076513711,11,0.9803343092099744,33,0.9822409957110209,5,0.9955402798794666,7,0.997201680967761,CD4 T Cells,NK Cells,HMGB1,CXCR4,-2.022798564782491e-05,-0.00013491806466942515,9.446209337377534e-05,56,0.7295828439449856,0.8502736328961793,11,0.9997704390840478,33,0.9997549939719845,5,0.9999778295295535,7,0.999982612403138
Classical Monocytes|CD8 T Cells|HLA-A|CD8A,Classical Monocytes,CD8 T Cells,HLA-A,CD8A,-9.299060015988125e-05,-0.00379687917887867,0.0036108979785589076,56,0.9607541215653644,0.9891361877668103,11,0.9965616254620314,33,0.9977336647380105,5,0.9950032268218001,7,0.9962682566979391,Classical Monocytes,CD8 T Cells,HLA-A,CD8A,2.0622973278983103e-05,-1.0328197011055012e-05,5.157414356902122e-05,56,0.19157391235543708,0.5900226619420714,11,0.999955177029576,33,0.9999713163150364,5,0.9999763039336511,7,0.9999718202458325
CD8 T Cells|CD4 T Cells|MIF|TNFRSF14,CD8 T Cells,CD4 T Cells,MIF,TNFRSF14,0.008440079959154412,-0.39490146211119675,0.4117816220295056,56,0.9672855200608922,0.9901225976020793,11,0.6899292188550354,33,0.748849600950492,5,0.5123830358789292,7,0.5628633380152314,CD8 T Cells,CD4 T Cells,MIF,TNFRSF14,0.0010650727769301316,-0.0004430404194207924,0.0025731859732810555,56,0.16630250141954706,0.5777632852471377,11,0.996648554843014,33,0.9967813089422113,5,0.9981970399356384,7,0.9972647212579056
Classical Monocytes|CD8 T Cells|TGFB1|ITGB1,Classical Monocytes,CD8 T Cells,TGFB1,ITGB1,-0.006800845554565976,-0.3332060512959717,0.3196043601868398,52,0.9674258349745322,0.9901225976020793,9,0.4238706182647848,32,0.4849264884771234,5,0.16210914817443475,6,0.22996586394133933,Classical Monocytes,CD8 T Cells,TGFB1,ITGB1,0.2962346227753475,-0.09829229486199065,0.6907615404126857,56,0.14111291428352948,0.5560563594390482,11,0.8127870157889263,33,0.963591622807912,5,0.9957430233337827,7,0.8503130075774209
CD4 T Cells|Classical Monocytes|HLA-DPB1|CD4,CD4 T Cells,Classical Monocytes,HLA-DPB1,CD4,0.003999988935602217,-0.170463830508417,0.17846380837962145,56,0.9641577368835249,0.9901225976020793,11,0.058166471311808673,33,0.06792944959943158,5,0.08042274872557786,7,0.08618573807759855,CD4 T Cells,Classical Monocytes,HLA-DPB1,CD4,-5.831452656956948e-05,-0.004110340568265902,0.003993711515126763,56,0.9774972760258234,0.9870107577322922,11,0.9880929787138967,33,0.9842562046844682,5,0.9958615847150906,7,0.9920831252122316
CD4 T Cells|Classical Monocytes|ICAM2|ITGAL_ITGB2,CD4 T Cells,Classical Monocytes,ICAM2,ITGAL_ITGB2,-0.0009972678864163115,-0.04959242572780894,0.04759788995497632,53,0.9679158971658693,0.9901225976020793,10,0.0,31,0.019423321193929272,5,0.0,7,0.020420589080345584,CD4 T Cells,Classical Monocytes,ICAM2,ITGAL_ITGB2,0.02968647446728745,-0.17127305336021315,0.23064600229478804,56,0.7721735082579806,0.858763145651957,11,0.8918481320958772,33,0.9193530692952449,5,0.9918256264666635,7,0.9896440891987437
B Cells|CD4 T Cells|LGALS1|PTPRC,B Cells,CD4 T Cells,LGALS1,PTPRC,-0.0019303155843610753,-0.09881621602259003,0.09495558485386787,53,0.968850898252591,0.9901225976020793,9,0.768149486158006,33,0.8080810575405902,5,0.8921920627115678,6,0.9340539496785131,B Cells,CD4 T Cells,LGALS1,PTPRC,0.32464329589645335,-0.06766862535190887,0.7169552171448156,56,0.10482560072236512,0.5560563594390482,11,0.8160748458304847,33,0.9978811790083313,5,0.9995477792171215,7,0.8567108164985147
Classical Monocytes|Classical Monocytes|LGALS1|PTPRC,Classical Monocytes,Classical Monocytes,LGALS1,PTPRC,-1.2183092759077141e-05,-0.0005699060780095929,0.0005455398924914387,56,0.965849702160004,0.9901225976020793,11,0.9995121037940984,33,0.9996969166788815,5,0.9995193700722742,7,0.9997163660498164,Classical Monocytes,Classical Monocytes,LGALS1,PTPRC,2.1601527638859253e-06,-2.9553643455131244e-06,7.275669873284975e-06,56,0.4078727427503488,0.6414177436332663,11,0.9999932488658854,33,0.9999958250280945,5,0.9999971474836519,7,0.9999975634930971
B Cells|NK Cells|LRPAP1|SORL1,B Cells,NK Cells,LRPAP1,SORL1,0.0010516079604160032,-0.050010323514942875,0.052113539435774875,55,0.9678021511817736,0.9901225976020793,11,0.02776506228943915,32,0.028816670249855153,5,0.0,7,0.0,B Cells,NK Cells,LRPAP1,SORL1,-0.02713295039211394,-0.0868926594436687,0.032626758659440806,56,0.3735246118481693,0.60462344694653,11,0.9868975633746352,33,0.9523134225488132,5,0.9930615845358147,7,0.9856103941021068
Classical Monocytes|Classical Monocytes|LGALS1|CD69,Classical Monocytes,Classical Monocytes,LGALS1,CD69,-0.0007283090890078947,-0.031455240616012126,0.029998622437996336,55,0.9629465630956536,0.9901225976020793,11,0.9803411753941093,33,0.9873352919333416,5,0.9722735306915469,6,0.9799959563197871,Classical Monocytes,Classical Monocytes,LGALS1,CD69,0.14290672464534915,-0.1594789027937512,0.4452923520844495,56,0.3543034516420758,0.5900226619420714,11,0.9997822822950906,33,0.9998287878663453,5,0.9998799979330212,7,0.8570197788589268
Classical Monocytes|Non-classical Monocytes|CALM1|PTPRA,Classical Monocytes,Non-classical Monocytes,CALM1,PTPRA,0.00823247513027242,-0.3630098728307629,0.37947482309130776,51,0.9653323540306165,0.9901225976020793,11,0.27748672293879895,28,0.38888038931606145,5,0.24085637755846817,7,0.34401756880545825,Classical Monocytes,Non-classical Monocytes,CALM1,PTPRA,-0.14946877209134468,-0.2746086937326143,-0.024328850450075046,56,0.01923181576047831,0.2915550132590449,11,0.9921778334363733,33,0.8414722636645682,5,0.9965035614705814,7,0.9952667637901209
B Cells|Classical Monocytes|FAM3C|LAMP1,B Cells,Classical Monocytes,FAM3C,LAMP1,-0.0028236615914337265,-0.12673107771958497,0.12108375453671752,56,0.9643746516263115,0.9901225976020793,11,0.10986049319445947,33,0.1865061634077734,5,0.0,7,0.07946933180474766,B Cells,Classical Monocytes,FAM3C,LAMP1,0.0015033447691570334,-0.0026726470276314416,0.0056793365659455084,56,0.48044857417979325,0.6693202637899219,11,0.9892217398121556,33,0.9883182559897138,5,0.9947150943496261,7,0.9923082657580273
CD8 T Cells|Classical Monocytes|MIF|CD44_CD74,CD8 T Cells,Classical Monocytes,MIF,CD44_CD74,0.0006637054789715435,-0.03133125661681346,0.03265866757475655,56,0.9675688523562396,0.9901225976020793,11,0.9773059609935832,33,0.9636936784146877,5,0.9691443937124415,7,0.9548684056545744,CD8 T Cells,Classical Monocytes,MIF,CD44_CD74,-2.3077082755507128e-05,-0.0002048900176874061,0.00015873585217639183,56,0.8035359443378276,0.8865120270030012,11,0.9997329684480932,33,0.9995143551161534,5,0.9998744804903765,7,0.9996789442411922
Classical Monocytes|CD4 T Cells|MIF|CD44_CD74,Classical Monocytes,CD4 T Cells,MIF,CD44_CD74,-0.004959557875187426,-0.23643124755665712,0.22651213180628227,56,0.9665030242665402,0.9901225976020793,11,0.8519471976848977,33,0.8488400419443638,5,0.7705972950936295,7,0.772449697228283,Classical Monocytes,CD4 T Cells,MIF,CD44_CD74,0.000240798765329564,-0.0004638854392591199,0.0009454829699182479,56,0.503022002222459,0.6926309422843298,11,0.9985285866086421,33,0.9981396357663029,5,0.9993839977197091,7,0.9987542481120404
Non-classical Monocytes|Non-classical Monocytes|LRPAP1|SORL1,Non-classical Monocytes,Non-classical Monocytes,LRPAP1,SORL1,0.001218692548322381,-0.06008731211751591,0.06252469721416068,51,0.9689208289168099,0.9901225976020793,11,0.043719175969335285,29,0.044937868517657666,5,0.0,6,0.0,Non-classical Monocytes,Non-classical Monocytes,LRPAP1,SORL1,0.022504994961661362,-0.2973476075639691,0.34235759748729183,56,0.8903162240917997,0.9332794389773849,11,0.9878006434686994,33,0.864391930208677,5,0.9938259544573992,7,0.8479122462357154
B Cells|CD4 T Cells|MIF|CD74_CXCR4,B Cells,CD4 T Cells,MIF,CD74_CXCR4,0.003662991816448913,-0.15132739386646588,0.1586533774993637,56,0.9630542866015983,0.9901225976020793,11,0.9031440464943542,33,0.9232030032770769,5,0.8573804445989255,7,0.8737764095651993,B Cells,CD4 T Cells,MIF,CD74_CXCR4,0.0003484745833954861,-0.00032988048888681456,0.0010268296556777867,56,0.31400981834159347,0.5900226619420714,11,0.9989438186129203,33,0.9990636005766407,5,0.9994788790363461,7,0.9992501864166711
Classical Monocytes|CD8 T Cells|TIMP2|ITGB1,Classical Monocytes,CD8 T Cells,TIMP2,ITGB1,0.0033687351737316518,-0.17437416871980546,0.18111163906726876,53,0.9703678692273408,0.9909001957033384,9,0.12242399185823286,32,0.19358228760263047,5,0.0,7,0.06778956057066596,Classical Monocytes,CD8 T Cells,TIMP2,ITGB1,0.15437061978745392,-0.10047395958823696,0.4092151991631448,56,0.23513424124842797,0.5900226619420714,11,0.8083901733459313,33,0.9592882107180405,5,0.9947956269826539,7,0.9913230445673091
Non-classical Monocytes|CD4 T Cells|MIF|TNFRSF14,Non-classical Monocytes,CD4 T Cells,MIF,TNFRSF14,0.0068757514853554635,-0.37628173992411806,0.390033242894829,56,0.9719429846056166,0.9913896653709027,11,0.5457128226175583,33,0.5877002665409804,5,0.37424020655956197,7,0.40935189899762864,Non-classical Monocytes,CD4 T Cells,MIF,TNFRSF14,0.0010504463863613145,-0.0007162962083401218,0.002817188981062751,56,0.24388568351982198,0.5900226619420714,11,0.9951155451029172,33,0.9945911640370152,5,0.9975966312849398,7,0.9960218038326765
Non-classical Monocytes|Non-classical Monocytes|CD14|ITGB1,Non-classical Monocytes,Non-classical Monocytes,CD14,ITGB1,-0.004190724885622221,-0.27445685392354946,0.266075404152305,56,0.9757551873351888,0.9940612401516867,11,0.6247898856200528,33,0.7841457905401986,5,0.5303103003850481,7,0.6938569301908162,Non-classical Monocytes,Non-classical Monocytes,CD14,ITGB1,0.0019361221978502208,0.00013338165956254013,0.0037388627361379014,56,0.03529319394900863,0.40101408534417127,11,0.9959087925089481,33,0.9974906204684092,5,0.9981377523018796,7,0.9977834580634904
Classical Monocytes|CD8 T Cells|HBEGF|CD44,Classical Monocytes,CD8 T Cells,HBEGF,CD44,-0.0030034570902957025,-0.21098425965147788,0.20497734547088647,50,0.9774197705249011,0.9941537919565812,10,0.6393529119933767,28,0.5941567332192406,5,0.7184846466057049,7,0.6762919249218644,Classical Monocytes,CD8 T Cells,HBEGF,CD44,-0.0603175556453841,-0.28480713227497767,0.16417202098420944,56,0.5984589364923736,0.7593717729051237,11,0.9055336832113224,33,0.8438689247170974,5,0.998919427695325,7,0.9975722248464842
CD8 T Cells|CD4 T Cells|MIF|CD44_CD74,CD8 T Cells,CD4 T Cells,MIF,CD44_CD74,0.0016880656282241002,-0.148469016463067,0.1518451477195152,56,0.9824209047559919,0.9943271553452732,11,0.921398496443926,33,0.9269383149068922,5,0.8719871161797188,7,0.8758388690144608,CD8 T Cells,CD4 T Cells,MIF,CD44_CD74,0.0002200736252931934,-0.00023498395947858092,0.0006751312100649677,56,0.34319457996315383,0.5900226619420714,11,0.9992146380572337,33,0.9991228270953237,5,0.9996590363987581,7,0.999347151811555
Non-classical Monocytes|B Cells|APP|CD74,Non-classical Monocytes,B Cells,APP,CD74,-0.0005096450890013093,-0.038686219295026816,0.0376669291170242,49,0.97912581677879,0.9943271553452732,6,0.9569108147728853,31,0.9622137010922832,5,0.9608065017410781,7,0.9666190331494773,Non-classical Monocytes,B Cells,APP,CD74,0.393867446961664,0.05965355440709902,0.7280813395162289,56,0.02089943453031222,0.29790136840649406,11,0.5451696532228426,33,0.9389323375827067,5,0.999825022968799,7,0.9997202603669991
CD4 T Cells|NK Cells|SELPLG|SELL,CD4 T Cells,NK Cells,SELPLG,SELL,0.004040520428332417,-0.3207158153301996,0.32879685618686444,56,0.980545288861,0.9943271553452732,11,0.27410515767248655,33,0.45367987123826403,5,0.11157297833231283,7,0.2871071714697579,CD4 T Cells,NK Cells,SELPLG,SELL,0.002961059824824641,-0.0007726705796270539,0.006694790229276337,56,0.12009796736794293,0.5560563594390482,11,0.9919550626233545,33,0.9927623128894726,5,0.9958062731875532,7,0.9936524636288466
CD4 T Cells|CD4 T Cells|HLA-DPB1|CD4,CD4 T Cells,CD4 T Cells,HLA-DPB1,CD4,0.000683573656596291,-0.04887688003666959,0.05024402734986217,55,0.9784332202806323,0.9943271553452732,11,0.0,32,0.028410211939455334,5,0.0,7,0.027726638282859043,CD4 T Cells,CD4 T Cells,HLA-DPB1,CD4,-0.026723695272187986,-0.08591056056738883,0.03246317002301285,56,0.3761830174723937,0.607541278723742,11,0.9805862797172753,33,0.9496826011553211,5,0.9929010418268035,7,0.9887210585370374
CD8 T Cells|B Cells|LGALS1|PTPRC,CD8 T Cells,B Cells,LGALS1,PTPRC,0.002557523436827469,-0.19588338922786766,0.2009984361015226,56,0.9798474329218242,0.9943271553452732,11,0.7371187323496056,33,0.8024269123207741,5,0.6913862778278195,7,0.7541369343621606,CD8 T Cells,B Cells,LGALS1,PTPRC,0.0009895091234759512,-0.0004492383929302667,0.002428256639882169,56,0.17766495681937566,0.5900226619420714,11,0.9970946925737473,33,0.9977829995501649,5,0.9987033520878317,7,0.9984021499407734
Classical Monocytes|Classical Monocytes|TGFB1|ITGB1,Classical Monocytes,Classical Monocytes,TGFB1,ITGB1,0.0036109577477019816,-0.3220721625076874,0.32929407800309135,55,0.9826627133728131,0.9943271553452732,11,0.4188526624305427,33,0.4119745994506487,5,0.2963679920782092,6,0.2858789713506132,Classical Monocytes,Classical Monocytes,TGFB1,ITGB1,0.14454672191955686,-0.1558306460329547,0.44492408987206844,56,0.3455948972716709,0.5900226619420714,11,0.9936705870143429,33,0.9926153251433806,5,0.9969016872423317,7,0.8512997034518126
NK Cells|NK Cells|TGFB1|CXCR4,NK Cells,NK Cells,TGFB1,CXCR4,0.0007828189606157165,-0.06498320063018306,0.0665488385514145,56,0.9813873360242403,0.9943271553452732,11,0.9652961076514767,33,0.9460619786602761,5,0.9753528096963215,7,0.9553358617445052,NK Cells,NK Cells,TGFB1,CXCR4,-0.0003123485512463997,-0.0009156534719873583,0.00029095636949455885,56,0.3102343054260558,0.5900226619420714,11,0.9995999019982347,33,0.999165504690016,5,0.9999005119371225,7,0.9997784631801503
CD8 T Cells|NK Cells|SELPLG|SELL,CD8 T Cells,NK Cells,SELPLG,SELL,-0.003840503601932027,-0.3163628027358093,0.3086817955319453,56,0.9807844273971382,0.9943271553452732,11,0.30088148844928514,33,0.47601029502768305,5,0.0989755542303061,7,0.27794486441063604,CD8 T Cells,NK Cells,SELPLG,SELL,0.0032403366311372084,-0.0005021345438528434,0.00698280780612726,56,0.08969820076778864,0.5260203265440625,11,0.9923139116080822,33,0.9931938459179239,5,0.995461588223236,7,0.9931011859019405
CD4 T Cells|NK Cells|ICAM2|ITGAM_ITGB2,CD4 T Cells,NK Cells,ICAM2,ITGAM_ITGB2,-0.001028511503926327,-0.09543670411515845,0.0933796811073058,55,0.9829645102835738,0.9943271553452732,11,0.0076090705523365635,33,0.04676348885005293,5,0.0,6,0.040182929801642696,CD4 T Cells,NK Cells,ICAM2,ITGAM_ITGB2,0.14093726899566905,-0.15838016829683033,0.44025470628816843,56,0.3560734100164481,0.5905692781295072,11,0.9860634200595267,33,0.9827037306428005,5,0.992501343135884,7,0.8482043847234887
Classical Monocytes|B Cells|CD14|ITGB1,Classical Monocytes,B Cells,CD14,ITGB1,-0.001760606827818978,-0.13959165607252594,0.13607044241688798,45,0.9800263192128282,0.9943271553452732,8,0.8287847903158011,25,0.8616533962736841,5,0.8709952352408754,7,0.9056244480265774,Classical Monocytes,B Cells,CD14,ITGB1,0.03050662865701448,-0.2952840043266511,0.35629726164068004,56,0.8543832930905595,0.9132767039577688,11,0.7258271314008963,33,0.7562760374569133,5,0.9994494893272232,7,0.9993917667262258
Non-classical Monocytes|CD4 T Cells|VCAN|CD44,Non-classical Monocytes,CD4 T Cells,VCAN,CD44,0.0008777348260765594,-0.0762819312052316,0.07803740085738473,55,0.9822120801626156,0.9943271553452732,10,0.8823795319153632,33,0.9069536480339877,5,0.8724158203704322,7,0.8961122016629801,Non-classical Monocytes,CD4 T Cells,VCAN,CD44,0.09131250457961393,-0.09532093032566652,0.2779459394848944,56,0.33759179529627437,0.5900226619420714,11,0.9079107469137047,33,0.9989138218343565,5,0.9994936273320633,7,0.9991841976731012
CD4 T Cells|Classical Monocytes|MIF|TNFRSF14,CD4 T Cells,Classical Monocytes,MIF,TNFRSF14,-0.003984457598645297,-0.3841260243910781,0.37615710919378753,56,0.9836099055987912,0.9943271553452732,11,0.5745958081790331,33,0.7159976364478395,5,0.3827557439121806,7,0.5281420297796323,CD4 T Cells,Classical Monocytes,MIF,TNFRSF14,0.001720631139441986,6.632022824315607e-05,0.003374942050640816,56,0.041496194267632236,0.4172588979566835,11,0.995439690244923,33,0.9963776489307541,5,0.9975442496626918,7,0.996761577209081
B Cells|Classical Monocytes|GNAI2|ADCY7,B Cells,Classical Monocytes,GNAI2,ADCY7,-7.984614181540291e-05,-0.010314543406499344,0.010154851122868538,54,0.987800271545896,0.9950447083950247,11,0.0,31,0.003478022773065497,5,0.0,7,0.0035578689148809,B Cells,Classical Monocytes,GNAI2,ADCY7,-0.060513087577462876,-0.1426572113595083,0.021631036204582538,56,0.14878227287014545,0.5560563594390482,11,0.9804089122942545,33,0.917571153751971,5,0.9913361446839399,7,0.9890114737191193
Non-classical Monocytes|NK Cells|S100A8|CD69,Non-classical Monocytes,NK Cells,S100A8,CD69,8.963613987322816e-05,-0.011094082974334738,0.011273355254081194,56,0.9874666494798837,0.9950447083950247,11,0.9912170867784001,33,0.9992681917974865,5,0.9906597023599618,7,0.9986211712391749,Non-classical Monocytes,NK Cells,S100A8,CD69,6.377882018759884e-05,-2.5948010606239536e-05,0.00015350565098143723,56,0.16357020313977755,0.5701309480960386,11,0.999898274435909,33,0.9999909132412963,5,0.9999609351926381,7,0.9999897951778378
NK Cells|CD4 T Cells|MIF|TNFRSF14,NK Cells,CD4 T Cells,MIF,TNFRSF14,-0.0033422240447153473,-0.3968641591023288,0.3901797110128981,56,0.9867188797095283,0.9950447083950247,11,0.6930078231213864,33,0.7827852691536108,5,0.4778476102584966,7,0.5709672803354363,NK Cells,CD4 T Cells,MIF,TNFRSF14,0.0011706861202220864,-0.00035418521042564536,0.0026955574508698184,56,0.13239637508038718,0.5560563594390482,11,0.9967337247709218,33,0.9971921825493527,5,0.9980237125317613,7,0.9973114841899701
CD4 T Cells|Classical Monocytes|S100A9|ITGB2,CD4 T Cells,Classical Monocytes,S100A9,ITGB2,0.002874846384969598,-0.3063023702382469,0.3120520630081861,54,0.9854597701147048,0.9950447083950247,11,0.7166996990193606,32,0.9251436382169693,5,0.6824105910957947,6,0.8879796839084338,CD4 T Cells,Classical Monocytes,S100A9,ITGB2,0.11429535580873407,-0.19382503907237253,0.42241575068984066,56,0.4672035814923624,0.6642847591249715,11,0.9970119710239942,33,0.968891873064853,5,0.998810349527604,7,0.8563948957597287
CD4 T Cells|CD8 T Cells|MIF|TNFRSF14,CD4 T Cells,CD8 T Cells,MIF,TNFRSF14,0.0032981316784828074,-0.4013461593165159,0.4079424226734815,56,0.9872542835063008,0.9950447083950247,11,0.6827348617405792,33,0.7863641351117217,5,0.49125745215716554,7,0.5915885938498252,CD4 T Cells,CD8 T Cells,MIF,TNFRSF14,0.0013049787815756497,-7.189602248049284e-05,0.0026818535856317923,56,0.06322286844754002,0.4776247420339505,11,0.9965686072146003,33,0.9973014667199563,5,0.9981255058798316,7,0.997553386603612
CD4 T Cells|NK Cells|MIF|TNFRSF14,CD4 T Cells,NK Cells,MIF,TNFRSF14,0.002573597868305799,-0.34656183968825094,0.35170903542486254,56,0.9884729069211483,0.9950986316086845,11,0.7267333455266631,33,0.7983871226654077,5,0.5423618465248117,7,0.6114420257952504,CD4 T Cells,NK Cells,MIF,TNFRSF14,0.001072244867125316,-8.427849374056679e-05,0.0022287682279911987,56,0.06919614759886075,0.4776247420339505,11,0.9970350730546541,33,0.997455084783524,5,0.9983085850875051,7,0.9976563519492496
NK Cells|Classical Monocytes|HMGB1|CXCR4,NK Cells,Classical Monocytes,HMGB1,CXCR4,0.00012323803360714258,-0.019967541806454738,0.020214017873669023,56,0.9904076358819411,0.9955838809115655,11,0.9794327984157012,33,0.9741503193927964,5,0.9746123165139394,7,0.9692065994574275,NK Cells,Classical Monocytes,HMGB1,CXCR4,-2.2041299557185035e-05,-0.0001900045412909639,0.00014592194217659382,56,0.7970243493988418,0.8800559593410991,11,0.9997546456691907,33,0.9996274498040428,5,0.9998827008666119,7,0.9997775463010212
NK Cells|CD4 T Cells|HLA-DRB1|CD4,NK Cells,CD4 T Cells,HLA-DRB1,CD4,-0.002148296408599676,-0.36371353157044684,0.35941693875324754,55,0.9907084991105732,0.9955838809115655,11,0.022960133922662128,32,0.21325887579867847,5,0.20391597289645924,7,0.39636301118107525,NK Cells,CD4 T Cells,HLA-DRB1,CD4,-0.02291167356706858,-0.0827187716384471,0.036895424504309944,56,0.4527439867033818,0.6642847591249715,11,0.981569875761306,33,0.9586455312566219,5,0.9956973780291737,7,0.9956847070915581
NK Cells|Classical Monocytes|HLA-DPA1|CD4,NK Cells,Classical Monocytes,HLA-DPA1,CD4,0.0019383307063773891,-0.330926341167265,0.33480300258001977,56,0.9908937641278278,0.9955838809115655,11,0.22552335389324316,33,0.39905070871444576,5,0.47802874938705353,7,0.6496177735018788,NK Cells,Classical Monocytes,HLA-DPA1,CD4,0.0015175343768539795,-0.0010859577068263126,0.004121026460534272,56,0.2532744873821394,0.5900226619420714,11,0.9911806859326419,33,0.9923190691607089,5,0.9980182406702667,7,0.9976390895214797
Non-classical Monocytes|CD8 T Cells|TGFB1|ITGB1,Non-classical Monocytes,CD8 T Cells,TGFB1,ITGB1,0.0015470304456252637,-0.3435456531975981,0.34663971408884864,53,0.9929895535959091,0.9963748236303873,9,0.5694450334343721,32,0.5044737058394488,5,0.30311436749330783,7,0.2365960094527593,Non-classical Monocytes,CD8 T Cells,TGFB1,ITGB1,0.1539341294465808,-0.10268696811640982,0.4105552270095714,56,0.23972112595800887,0.5900226619420714,11,0.8141735331186033,33,0.9637885804349862,5,0.9964400657667134,7,0.9921209836365155
CD4 T Cells|CD4 T Cells|S100A9|ITGB2,CD4 T Cells,CD4 T Cells,S100A9,ITGB2,0.0017122658267387791,-0.43091720619118307,0.4343417378446606,54,0.993810737754315,0.9963748236303873,11,0.5553285000218557,32,0.8153695828897499,5,0.44340513171947826,6,0.7017339487606337,CD4 T Cells,CD4 T Cells,S100A9,ITGB2,0.1151470888399575,-0.19257180924636824,0.42286598692628324,56,0.4633083424138039,0.6642847591249715,11,0.9952632043621855,33,0.967720625051128,5,0.9979582537630476,7,0.8552685856120326
Classical Monocytes|CD4 T Cells|TGFB1|CXCR4,Classical Monocytes,CD4 T Cells,TGFB1,CXCR4,-0.0002127970803085244,-0.05401225075545601,0.05358665659483896,55,0.9938145457109945,0.9963748236303873,11,0.9833449052202673,33,0.973605380762075,5,0.9740699201534724,6,0.9645431927755886,Classical Monocytes,CD4 T Cells,TGFB1,CXCR4,0.14273361495630776,-0.15962922038339405,0.4450964502960096,56,0.35485044642523544,0.5900226619420714,11,0.9998006354882389,33,0.9995912190380016,5,0.9998978007978987,7,0.8569547693913536
CD8 T Cells|Non-classical Monocytes|HMGB1|CXCR4,CD8 T Cells,Non-classical Monocytes,HMGB1,CXCR4,7.191771342685005e-05,-0.022714158765598076,0.022857994192451776,56,0.9950642664953109,0.996486722615311,11,0.9598955443680904,33,0.9576297894025146,5,0.9789823392892473,7,0.9766446666102446,CD8 T Cells,Non-classical Monocytes,HMGB1,CXCR4,-3.235845826743411e-05,-0.0002740138318616484,0.00020929691532678015,56,0.7929778463373083,0.876832028426629,11,0.9995309553822778,33,0.9994315373908732,5,0.9999002062156517,7,0.9998331466825146
NK Cells|Non-classical Monocytes|TGFB1|ITGB1,NK Cells,Non-classical Monocytes,TGFB1,ITGB1,0.0012171400497771323,-0.39585362724956885,0.3982879073491231,56,0.9952064398881821,0.996486722615311,11,0.8415690191358131,33,0.6717370053829594,5,0.643135511852998,7,0.47208635805036725,NK Cells,Non-classical Monocytes,TGFB1,ITGB1,8.062805685860042e-05,-0.002016892930206431,0.002178149043923632,56,0.9399438716488749,0.9664147724436212,11,0.9981816616289934,33,0.9957858300042783,5,0.9986394697837069,7,0.9961630101021333
NK Cells|CD8 T Cells|VIM|CD44,NK Cells,CD8 T Cells,VIM,CD44,0.0001655633924050326,-0.05960349523608429,0.059934622020894356,56,0.9956681449129187,0.9965216966873832,11,0.8786343334368246,33,0.9076046306953296,5,0.9381360879216366,7,0.9669408217877365,NK Cells,CD8 T Cells,VIM,CD44,0.00025518647257383176,-0.00011849477663524697,0.0006288677217829105,56,0.18074749829350845,0.5900226619420714,11,0.998653640642384,33,0.9989142089532088,5,0.9997613002969299,7,0.9997666821351808
Classical Monocytes|CD8 T Cells|LGALS9|CD44,Classical Monocytes,CD8 T Cells,LGALS9,CD44,-0.00018992118344540732,-0.0922916995265898,0.09191185715969899,56,0.9967752773937083,0.9967752773937083,11,0.7991182288354892,33,0.8564188727843334,5,0.8074271285646535,7,0.864917693696943,Classical Monocytes,CD8 T Cells,LGALS9,CD44,0.0005857118536974903,0.00015087527720090472,0.001020548430194076,56,0.008290288998003707,0.1919081753921945,11,0.9977822138355392,33,0.99824236564467,5,0.9992490320830157,7,0.999123472038449
