interaction_id,source,target,ligand_complex,receptor_complex,interaction_coef,interaction_ci95_low,interaction_ci95_high,n_observations,r_squared,condition_number,interaction_p_value,fdr_q_value
B Cells|Non-classical Monocytes|CD52|SIGLEC10,B Cells,Non-classical Monocytes,CD52,SIGLEC10,-0.2813970020815296,-0.3985669810644781,-0.1642270230985812,55,0.2862671881843817,12.658421525295251,2.5129530825412585e-06,0.0010583720732636266
CD8 T Cells|Non-classical Monocytes|CD52|SIGLEC10,CD8 T Cells,Non-classical Monocytes,CD52,SIGLEC10,-0.3040065300917503,-0.4270061233378433,-0.18100693684565733,55,0.22977306055366653,12.658421525295251,1.270852580234509e-06,0.0010583720732636266
Classical Monocytes|NK Cells|TGFB1|ITGB1,Classical Monocytes,NK Cells,TGFB1,ITGB1,-0.4346183610100479,-0.6107741986310682,-0.25846252338902764,55,0.29935841683785613,12.96329824896671,1.3267959811462507e-06,0.0010583720732636266
Classical Monocytes|NK Cells|TIMP2|ITGB1,Classical Monocytes,NK Cells,TIMP2,ITGB1,0.36647145458434677,0.21458967430772158,0.518353234860972,56,0.27965220421754655,12.823253107384767,2.2546811945930496e-06,0.0010583720732636266
Non-classical Monocytes|CD4 T Cells|CD48|CD2,Non-classical Monocytes,CD4 T Cells,CD48,CD2,-0.2970727910324653,-0.4199407535455746,-0.17420482851935604,56,0.1933847222323707,12.823253107384767,2.1494206502168386e-06,0.0010583720732636266
Non-classical Monocytes|CD4 T Cells|SELPLG|ITGB2,Non-classical Monocytes,CD4 T Cells,SELPLG,ITGB2,0.30794424018547706,0.18263909983100438,0.43324938053994977,56,0.21647831150890007,12.823253107384767,1.4593815491725207e-06,0.0010583720732636266
CD4 T Cells|NK Cells|CD48|CD244,CD4 T Cells,NK Cells,CD48,CD244,0.3984408473775701,0.2308630095280919,0.5660186852270482,53,0.3657946561402178,13.009914758945065,3.1605370088508175e-06,0.001140953860195145
CD4 T Cells|Classical Monocytes|ICAM2|ITGAM_ITGB2,CD4 T Cells,Classical Monocytes,ICAM2,ITGAM_ITGB2,-0.2770228183070236,-0.39589811622017634,-0.15814752039387084,56,0.17588903353454566,12.823253107384767,4.937376137392063e-06,0.001559593687398718
CD4 T Cells|Non-classical Monocytes|ARF6|SMAP1,CD4 T Cells,Non-classical Monocytes,ARF6,SMAP1,-0.46631170484674656,-0.6718928185492459,-0.2607305911442472,55,0.3357507663702517,12.658421525295251,8.760179206058717e-06,0.0020124520776100344
CD4 T Cells|B Cells|LTB|CD40,CD4 T Cells,B Cells,LTB,CD40,-0.2988156320264186,-0.4299698243005288,-0.16766143975230835,56,0.21115127423209767,12.823253107384767,7.988529774611389e-06,0.0020124520776100344
Non-classical Monocytes|CD8 T Cells|SELPLG|ITGB2,Non-classical Monocytes,CD8 T Cells,SELPLG,ITGB2,-0.40199990944577646,-0.5784500715365465,-0.22554974735500644,56,0.405887002568602,12.823253107384767,7.995147921020854e-06,0.0020124520776100344
Classical Monocytes|Non-classical Monocytes|ARF6|SMAP1,Classical Monocytes,Non-classical Monocytes,ARF6,SMAP1,-0.44779761475316393,-0.6474670944405808,-0.24812813506574702,55,0.3915921030431948,12.658421525295251,1.1046711077639715e-05,0.002147310684091966
CD8 T Cells|Non-classical Monocytes|PTPN6|CLEC12A,CD8 T Cells,Non-classical Monocytes,PTPN6,CLEC12A,-0.3752485591776572,-0.5422557626779629,-0.2082413556773515,56,0.2776886553339232,12.823253107384767,1.0634946008607982e-05,0.002147310684091966
B Cells|B Cells|LTB|CD40,B Cells,B Cells,LTB,CD40,-0.37466746032139847,-0.5431448793440381,-0.20619004129875884,56,0.24018819302061845,12.823253107384767,1.3086498977686645e-05,0.002261228713515855
CD4 T Cells|Non-classical Monocytes|IL16|CD4,CD4 T Cells,Non-classical Monocytes,IL16,CD4,-0.37770369534227854,-0.5477629966452472,-0.20764439403930993,56,0.29232691415801215,12.823253107384767,1.3422410250390908e-05,0.002261228713515855
Non-classical Monocytes|NK Cells|CD48|CD2,Non-classical Monocytes,NK Cells,CD48,CD2,-0.37870672598459554,-0.5506386975060933,-0.20677475446309784,56,0.3824710531674054,12.823253107384767,1.5807576829583037e-05,0.002496609165522271
CD4 T Cells|Non-classical Monocytes|CD52|SIGLEC10,CD4 T Cells,Non-classical Monocytes,CD52,SIGLEC10,-0.2762399946078874,-0.40315649128370323,-0.14932349793207159,55,0.2565946739919984,12.658421525295251,1.9904625290979725e-05,0.0029587640064885744
Non-classical Monocytes|Non-classical Monocytes|ARF6|SMAP1,Non-classical Monocytes,Non-classical Monocytes,ARF6,SMAP1,-0.38668335680941085,-0.5650563980720468,-0.20831031554677495,55,0.32051378130263963,12.658421525295251,2.1484300794860417e-05,0.0030161571171451263
Classical Monocytes|Non-classical Monocytes|GNAI2|S1PR4,Classical Monocytes,Non-classical Monocytes,GNAI2,S1PR4,0.4199965980815563,0.22560758252143673,0.6143856136416759,56,0.34482794326285715,12.823253107384767,2.2886204457318342e-05,0.0030438651928233395
pDCs|B Cells|GNAI2|S1PR4,pDCs,B Cells,GNAI2,S1PR4,-0.38732924380084494,-0.5677024734990126,-0.2069560141026773,41,0.23424767337788,10.286080250568475,2.567524276918431e-05,0.0032440669238864377
Non-classical Monocytes|NK Cells|ADAM17|ITGB1,Non-classical Monocytes,NK Cells,ADAM17,ITGB1,0.4412637802778073,0.232097425099223,0.6504301354563917,56,0.3311288779500734,12.823253107384767,3.552633610280347e-05,0.0035963096013764575
Classical Monocytes|CD4 T Cells|CD48|CD2,Classical Monocytes,CD4 T Cells,CD48,CD2,-0.33260581575936754,-0.489793251877244,-0.17541837964149107,56,0.167603603279594,12.823253107384767,3.364942068646692e-05,0.0035963096013764575
CD4 T Cells|Classical Monocytes|LTB|TNFRSF1A,CD4 T Cells,Classical Monocytes,LTB,TNFRSF1A,-0.396071621508781,-0.5837778921793727,-0.20836535083818933,56,0.17987404859551115,12.823253107384767,3.5396220007079386e-05,0.0035963096013764575
NK Cells|Non-classical Monocytes|GNAI2|S1PR4,NK Cells,Non-classical Monocytes,GNAI2,S1PR4,-0.3367782643853595,-0.4964298481062665,-0.17712668066445253,56,0.3262373094068457,12.823253107384767,3.557884449323761e-05,0.0035963096013764575
B Cells|CD4 T Cells|FAM3C|CLEC2D,B Cells,CD4 T Cells,FAM3C,CLEC2D,0.11290351514459665,0.05942920195141749,0.1663778283377758,56,0.20251182271913815,12.823253107384767,3.500577111459401e-05,0.0035963096013764575
B Cells|pDCs|HLA-A|LILRB1,B Cells,pDCs,HLA-A,LILRB1,-0.4578683411288545,-0.676977589768399,-0.23875909248931002,43,0.22174037878012698,10.683833490877575,4.2089710086700204e-05,0.004090796053426593
CD8 T Cells|B Cells|SELPLG|SELL,CD8 T Cells,B Cells,SELPLG,SELL,0.2894851371657188,0.14989284609828174,0.4290774282331558,56,0.14954799482493641,12.823253107384767,4.8124340558869546e-05,0.0043432217354379766
Non-classical Monocytes|CD4 T Cells|GNAI2|S1PR4,Non-classical Monocytes,CD4 T Cells,GNAI2,S1PR4,0.3940979613395664,0.20422674146660844,0.5839691812125244,56,0.20525323148502217,12.823253107384767,4.739514787630458e-05,0.0043432217354379766
CD8 T Cells|NK Cells|CD48|CD244,CD8 T Cells,NK Cells,CD48,CD244,0.39623598274618066,0.20392043976267515,0.5885515257296862,53,0.37103937942070275,13.009914758945065,5.38633632547721e-05,0.004537090631493637
CD4 T Cells|Non-classical Monocytes|PKM|CD44,CD4 T Cells,Non-classical Monocytes,PKM,CD44,-0.26290610599921493,-0.39038997013554133,-0.1354222418628885,56,0.23130399014014225,12.823253107384767,5.300304899336217e-05,0.004537090631493637
Non-classical Monocytes|CD8 T Cells|CD48|CD2,Non-classical Monocytes,CD8 T Cells,CD48,CD2,-0.2678452812958927,-0.39924005487870773,-0.13645050771307765,56,0.1080285617357789,12.823253107384767,6.460083063908075e-05,0.005266009645966357
NK Cells|Non-classical Monocytes|HLA-B|LILRA1,NK Cells,Non-classical Monocytes,HLA-B,LILRA1,-0.20173080692873036,-0.3015979796859495,-0.10186363417151124,56,0.21757017216912988,12.823253107384767,7.522960328142543e-05,0.005805527435997351
CD8 T Cells|Non-classical Monocytes|HLA-B|LILRA1,CD8 T Cells,Non-classical Monocytes,HLA-B,LILRA1,-0.2137942606919752,-0.319682924810887,-0.10790559657306342,56,0.22547426872206555,12.823253107384767,7.581416912857641e-05,0.005805527435997351
CD4 T Cells|Non-classical Monocytes|HLA-B|LILRA1,CD4 T Cells,Non-classical Monocytes,HLA-B,LILRA1,-0.2632033177617316,-0.3938499065346125,-0.1325567289888507,56,0.19987724390406392,12.823253107384767,7.861484732499262e-05,0.005842932917360481
Classical Monocytes|Non-classical Monocytes|HLA-B|LILRA1,Classical Monocytes,Non-classical Monocytes,HLA-B,LILRA1,-0.29029214666184117,-0.4352248183758926,-0.14535947494778972,56,0.17830537826218829,12.823253107384767,8.647797324043326e-05,0.006243709667959282
Classical Monocytes|CD4 T Cells|GNAI2|S1PR4,Classical Monocytes,CD4 T Cells,GNAI2,S1PR4,0.3909139727679549,0.19505293126285808,0.5867750142730518,56,0.2202630357149573,12.823253107384767,9.159510342584808e-05,0.006429467398808836
B Cells|Non-classical Monocytes|HLA-B|LILRA1,B Cells,Non-classical Monocytes,HLA-B,LILRA1,-0.28591842507004606,-0.4306462830294232,-0.14119056711066888,56,0.18045517064537075,12.823253107384767,0.00010793508809401882,0.0068187991903396385
Non-classical Monocytes|Non-classical Monocytes|HLA-B|LILRA1,Non-classical Monocytes,Non-classical Monocytes,HLA-B,LILRA1,-0.26718712123730765,-0.4022220089790074,-0.13215223349560787,56,0.19722202115777454,12.823253107384767,0.0001052807751011296,0.0068187991903396385
B Cells|Non-classical Monocytes|ARF6|SMAP1,B Cells,Non-classical Monocytes,ARF6,SMAP1,-0.38829286803661844,-0.5843647906708613,-0.19222094540237553,55,0.24099953077209557,12.658421525295251,0.00010384274941155992,0.0068187991903396385
pDCs|CD4 T Cells|HLA-DRB1|CD4,pDCs,CD4 T Cells,HLA-DRB1,CD4,-0.29859517073728353,-0.4492925445648914,-0.14789779690967564,44,0.4532442123561049,10.877998116002292,0.00010295642135022886,0.0068187991903396385
B Cells|Classical Monocytes|LTB|TNFRSF1A,B Cells,Classical Monocytes,LTB,TNFRSF1A,-0.41455456549108977,-0.6273682068701194,-0.20174092411206013,56,0.22978035404984953,12.823253107384767,0.00013456473770083902,0.008293782735854151
CD8 T Cells|pDCs|SELPLG|SELL,CD8 T Cells,pDCs,SELPLG,SELL,0.32701799783435764,0.15791418658750503,0.4961218090812103,44,0.3241869715341492,10.877998116002292,0.00015050370053068857,0.009055305981929761
NK Cells|CD8 T Cells|LCK|CD8A_CD8B,NK Cells,CD8 T Cells,LCK,CD8A_CD8B,-0.4588420783362891,-0.6975570096884087,-0.2201271469841694,56,0.24247990353884374,12.823253107384767,0.0001650138276211718,0.009104558938000362
NK Cells|CD4 T Cells|SELPLG|ITGB2,NK Cells,CD4 T Cells,SELPLG,ITGB2,0.31495508461033495,0.15058621213205403,0.47932395708861586,56,0.21723408417411327,12.823253107384767,0.0001729397819643915,0.009104558938000362
CD4 T Cells|CD4 T Cells|CD48|CD2,CD4 T Cells,CD4 T Cells,CD48,CD2,-0.27075656690920924,-0.4120397348807772,-0.12947339893764126,56,0.14195169798502583,12.823253107384767,0.0001725846226550865,0.009104558938000362
CD8 T Cells|Non-classical Monocytes|HLA-C|LILRA1,CD8 T Cells,Non-classical Monocytes,HLA-C,LILRA1,-0.19373502383396124,-0.2941801493947135,-0.09328989827320902,56,0.16484963418435838,12.823253107384767,0.00015663348382693914,0.009104558938000362
CD8 T Cells|Non-classical Monocytes|GNAI2|S1PR4,CD8 T Cells,Non-classical Monocytes,GNAI2,S1PR4,-0.32628072626890053,-0.4965569133317155,-0.15600453920608556,56,0.30888314683968454,12.823253107384767,0.00017288929221660702,0.009104558938000362
CD4 T Cells|Classical Monocytes|CALR|LRP1,CD4 T Cells,Classical Monocytes,CALR,LRP1,-0.30943875231806034,-0.470348764252461,-0.14852874038365965,56,0.14002255765975158,12.823253107384767,0.00016382547950118982,0.009104558938000362
pDCs|Non-classical Monocytes|CIRBP|TREM1,pDCs,Non-classical Monocytes,CIRBP,TREM1,-0.280641594782613,-0.42835765994533226,-0.13292552961989376,44,0.1921390048146736,10.877998116002292,0.00019633944027624723,0.01012550541996075
Non-classical Monocytes|B Cells|GNAI2|S1PR4,Non-classical Monocytes,B Cells,GNAI2,S1PR4,0.3892825879657448,0.18394601064556215,0.5946191652859274,52,0.21409631651673633,12.151432051416158,0.00020260001538530375,0.010239404777573251
CD8 T Cells|Non-classical Monocytes|IL16|CD4,CD8 T Cells,Non-classical Monocytes,IL16,CD4,-0.3031992652894063,-0.4637048451892417,-0.14269368538957083,56,0.3142083144973148,12.823253107384767,0.00021354971424516748,0.010581178978383102
B Cells|pDCs|HLA-C|LILRB1,B Cells,pDCs,HLA-C,LILRB1,-0.448874871061405,-0.6879440710470439,-0.20980567107576603,43,0.2217215421011519,10.683833490877575,0.0002332189382301778,0.011123801946583082
Non-classical Monocytes|Non-classical Monocytes|LGALS9|CD44,Non-classical Monocytes,Non-classical Monocytes,LGALS9,CD44,-0.2245059157683741,-0.3440800418969797,-0.10493178963976846,56,0.14635535641310027,12.823253107384767,0.00023330490825837095,0.011123801946583082
CD4 T Cells|Classical Monocytes|PTPN6|CD300LF,CD4 T Cells,Classical Monocytes,PTPN6,CD300LF,0.35377547462949566,0.16424183233993267,0.5433091169190587,51,0.17485994898038326,11.978027881857493,0.00025380877169223334,0.011877310482708773
Classical Monocytes|pDCs|HLA-A|LILRB1,Classical Monocytes,pDCs,HLA-A,LILRB1,-0.3948136110740227,-0.608070651526256,-0.18155657062178943,43,0.19868776492565632,10.683833490877575,0.00028498326936243713,0.012748336136346367
NK Cells|CD4 T Cells|GNAI2|S1PR4,NK Cells,CD4 T Cells,GNAI2,S1PR4,-0.31425002645813943,-0.4840020425365487,-0.14449801037973015,56,0.22945747600422606,12.823253107384767,0.0002852448635065398,0.012748336136346367
CD8 T Cells|Non-classical Monocytes|HLA-A|LILRA1,CD8 T Cells,Non-classical Monocytes,HLA-A,LILRA1,-0.20025600519724776,-0.30849276114169355,-0.09201924925280197,56,0.1461414675883158,12.823253107384767,0.0002875564542033015,0.012748336136346367
Classical Monocytes|Non-classical Monocytes|PTPN6|CD300LF,Classical Monocytes,Non-classical Monocytes,PTPN6,CD300LF,-0.29943357168449136,-0.4641367216049007,-0.13473042176408204,56,0.19273521228598,12.823253107384767,0.0003662871472250792,0.014692184460917065
CD4 T Cells|Non-classical Monocytes|HLA-C|LILRA1,CD4 T Cells,Non-classical Monocytes,HLA-C,LILRA1,-0.22616543053082475,-0.3500426958582412,-0.1022881652034083,56,0.1517034486523774,12.823253107384767,0.00034577143639645655,0.014692184460917065
CD4 T Cells|Classical Monocytes|IL16|CD4,CD4 T Cells,Classical Monocytes,IL16,CD4,-0.27924421152041107,-0.43240731344044336,-0.12608110960037874,56,0.36316796014046004,12.823253107384767,0.0003524148007875361,0.014692184460917065
Non-classical Monocytes|CD8 T Cells|HLA-DQB1|LAG3,Non-classical Monocytes,CD8 T Cells,HLA-DQB1,LAG3,-0.3304663496730968,-0.5120431445802458,-0.14888955476594776,55,0.22851664532893856,12.658421525295251,0.0003609571111522419,0.014692184460917065
CD4 T Cells|Non-classical Monocytes|PTPN6|CLEC12A,CD4 T Cells,Non-classical Monocytes,PTPN6,CLEC12A,-0.3868484047592477,-0.5994486807647538,-0.17424812875374163,56,0.27160828892409594,12.823253107384767,0.0003619752083874434,0.014692184460917065
Classical Monocytes|Non-classical Monocytes|MIF|CD44_CD74,Classical Monocytes,Non-classical Monocytes,MIF,CD44_CD74,-0.2595247799300417,-0.4018053836684652,-0.1172441761916182,56,0.1945912684131622,12.823253107384767,0.0003501708534845031,0.014692184460917065
B Cells|CD8 T Cells|PKM|CD44,B Cells,CD8 T Cells,PKM,CD44,-0.21922988414442324,-0.34006472902313767,-0.09839503926570879,56,0.10391569876841522,12.823253107384767,0.000376615579644267,0.014870430777516605
NK Cells|Non-classical Monocytes|HLA-C|LILRA1,NK Cells,Non-classical Monocytes,HLA-C,LILRA1,-0.17417605844321227,-0.27050752267626477,-0.0778445942101598,56,0.14313736763626306,12.823253107384767,0.0003944142729494477,0.01533361334989622
pDCs|Non-classical Monocytes|HLA-B|LILRA1,pDCs,Non-classical Monocytes,HLA-B,LILRA1,-0.28046846665964803,-0.43629017551557736,-0.1246467578037187,44,0.17686654056633078,10.877998116002292,0.0004190258988174282,0.016043612822903654
pDCs|CD4 T Cells|GNAI2|S1PR4,pDCs,CD4 T Cells,GNAI2,S1PR4,-0.3564347900358057,-0.5556433697263607,-0.15722621034525058,44,0.2139859436439232,10.877998116002292,0.00045340410405827683,0.01684929663169508
B Cells|Classical Monocytes|ICAM3|ITGAL,B Cells,Classical Monocytes,ICAM3,ITGAL,-0.27540129102895833,-0.42916773232085165,-0.12163484973706501,53,0.3238872172489302,12.502764428486943,0.00044748892839238734,0.01684929663169508
Classical Monocytes|Non-classical Monocytes|LGALS9|CD44,Classical Monocytes,Non-classical Monocytes,LGALS9,CD44,-0.26677493466219593,-0.4167257279565303,-0.11682414136786154,56,0.1669553599947693,12.823253107384767,0.000488582847936916,0.017389420517416713
CD4 T Cells|Non-classical Monocytes|GNAI2|S1PR4,CD4 T Cells,Non-classical Monocytes,GNAI2,S1PR4,-0.19690525391776653,-0.3075747262811774,-0.08623578155435567,56,0.3180557894862073,12.823253107384767,0.0004880959344923716,0.017389420517416713
CD4 T Cells|Non-classical Monocytes|ICAM3|ITGAL,CD4 T Cells,Non-classical Monocytes,ICAM3,ITGAL,0.38689470966671224,0.1695019612628108,0.6042874580706137,56,0.37458950030153304,12.823253107384767,0.00048636524921662585,0.017389420517416713
CD4 T Cells|CD8 T Cells|LCK|CD8A_CD8B,CD4 T Cells,CD8 T Cells,LCK,CD8A_CD8B,-0.40992707497568925,-0.6411618854517251,-0.1786922644996534,56,0.1723646498073267,12.823253107384767,0.0005116665095979396,0.017958073191027685
Classical Monocytes|Non-classical Monocytes|HLA-DMB|CD4,Classical Monocytes,Non-classical Monocytes,HLA-DMB,CD4,-0.22823377035504985,-0.3571284065712081,-0.09933913413889162,56,0.3136164166098291,12.823253107384767,0.0005194733105418916,0.017982315832046028
Non-classical Monocytes|Classical Monocytes|ADAM15|ITGB1,Non-classical Monocytes,Classical Monocytes,ADAM15,ITGB1,0.08051984650927244,0.034978470056731874,0.126061222961813,52,0.13329511679114536,12.746815901557841,0.000529576845816536,0.018084333640248463
B Cells|CD8 T Cells|CD72|CD5,B Cells,CD8 T Cells,CD72,CD5,0.27109403566172446,0.11713614833953043,0.4250519229839185,49,0.15607944095890103,12.519203387933214,0.0005581658447482229,0.018806467862383457
Non-classical Monocytes|NK Cells|BAG6|NCR3,Non-classical Monocytes,NK Cells,BAG6,NCR3,-0.20278628776987245,-0.3182098780559969,-0.08736269748374804,55,0.3389757093360032,12.96329824896671,0.0005743711481652597,0.019096066414881353
Non-classical Monocytes|Classical Monocytes|CIRBP|TREM1,Non-classical Monocytes,Classical Monocytes,CIRBP,TREM1,-0.29851952775318846,-0.4686067997477992,-0.12843225575857775,56,0.32602554956812624,12.823253107384767,0.0005818745998994318,0.019096066414881353
Non-classical Monocytes|pDCs|HLA-A|LILRB1,Non-classical Monocytes,pDCs,HLA-A,LILRB1,-0.41181479982348645,-0.6467857713203095,-0.17684382832666345,43,0.20587899887860517,10.683833490877575,0.0005923966826429346,0.01919213355177815
CD4 T Cells|CD8 T Cells|SELPLG|ITGB2,CD4 T Cells,CD8 T Cells,SELPLG,ITGB2,0.2714475600845182,0.1162601068559431,0.4266350133130933,56,0.19911914827087374,12.823253107384767,0.0006073984499208207,0.019429061809492585
Non-classical Monocytes|NK Cells|GNAI2|S1PR4,Non-classical Monocytes,NK Cells,GNAI2,S1PR4,0.30221021188717545,0.12892924511160586,0.47549117866274504,54,0.1370505446065058,12.491554402353886,0.0006302055521501581,0.019906617878543118
CD4 T Cells|Classical Monocytes|PKM|CD44,CD4 T Cells,Classical Monocytes,PKM,CD44,-0.17643851106295785,-0.27795621971308615,-0.07492080241282953,56,0.18897777195707044,12.823253107384767,0.0006581804874176838,0.020533606070425762
NK Cells|Non-classical Monocytes|HLA-A|LILRA1,NK Cells,Non-classical Monocytes,HLA-A,LILRA1,-0.18980483386097757,-0.29941113676190984,-0.08019853096004531,56,0.13671203262458675,12.823253107384767,0.0006886398347684193,0.02122186417633897
CD4 T Cells|Non-classical Monocytes|HLA-A|LILRA1,CD4 T Cells,Non-classical Monocytes,HLA-A,LILRA1,-0.22165372476285225,-0.34990885897278956,-0.09339859055291494,56,0.13558557304252095,12.823253107384767,0.000705947896268552,0.021493136552658203
Non-classical Monocytes|Non-classical Monocytes|CD52|SIGLEC10,Non-classical Monocytes,Non-classical Monocytes,CD52,SIGLEC10,-0.3243017101483886,-0.5127550641453247,-0.13584835615145255,55,0.35439106286428146,12.658421525295251,0.0007440195719793744,0.022382588790379514
Non-classical Monocytes|B Cells|SELPLG|ITGB2,Non-classical Monocytes,B Cells,SELPLG,ITGB2,-0.3073579847497071,-0.48643692903018193,-0.12827904046923227,56,0.18937644011044608,12.823253107384767,0.0007683862436012125,0.022645290803061772
B Cells|Non-classical Monocytes|VIM|CD44,B Cells,Non-classical Monocytes,VIM,CD44,-0.3083214869248908,-0.4880056511614539,-0.12863732268832773,56,0.15347646509213297,12.823253107384767,0.0007706747166851256,0.022645290803061772
Non-classical Monocytes|Non-classical Monocytes|PSEN1|CD44,Non-classical Monocytes,Non-classical Monocytes,PSEN1,CD44,0.24941244855989275,0.10280291469236708,0.39602198242741843,56,0.1723766332135498,12.823253107384767,0.0008551595032999722,0.024838943274011836
pDCs|pDCs|HLA-A|LILRB1,pDCs,pDCs,HLA-A,LILRB1,-0.36086170398813455,-0.573267597922547,-0.14845581005372205,43,0.14577769757675818,10.683833490877575,0.0008689839712493704,0.02495366471985408
B Cells|Non-classical Monocytes|CD22|PTPRC,B Cells,Non-classical Monocytes,CD22,PTPRC,-0.20765187424365872,-0.33046549361339617,-0.08483825487392126,56,0.17722723936227114,12.823253107384767,0.0009200938442197507,0.02612446229599225
Classical Monocytes|CD8 T Cells|ICAM3|ITGAL,Classical Monocytes,CD8 T Cells,ICAM3,ITGAL,-0.22292021594464573,-0.35526609899605177,-0.09057433289323971,56,0.19417794370388064,12.823253107384767,0.0009623239671122416,0.027019918498807048
CD4 T Cells|Non-classical Monocytes|MFNG|NOTCH2,CD4 T Cells,Non-classical Monocytes,MFNG,NOTCH2,-0.13882151557474645,-0.22234289448082445,-0.05530013666866847,56,0.1679977153140455,12.823253107384767,0.0011233057158663666,0.031193335648289102
CD4 T Cells|NK Cells|CD40LG|CD53,CD4 T Cells,NK Cells,CD40LG,CD53,0.2740875315767185,0.10848608657511444,0.43968897657832257,56,0.3177032317715053,12.823253107384767,0.0011788722917371417,0.03238054653499736
Classical Monocytes|Non-classical Monocytes|HLA-DRA|CD4,Classical Monocytes,Non-classical Monocytes,HLA-DRA,CD4,-0.12346111723766875,-0.19880757702455643,-0.04811465745078107,56,0.18649100597174684,12.823253107384767,0.0013201843106009355,0.0358721048697695
Classical Monocytes|pDCs|HLA-B|LILRB1,Classical Monocytes,pDCs,HLA-B,LILRB1,-0.4291720424755676,-0.6914831274900735,-0.16686095746106178,43,0.20602992582162838,10.683833490877575,0.0013425129826370105,0.03609074794812474
pDCs|Non-classical Monocytes|HLA-DMB|CD4,pDCs,Non-classical Monocytes,HLA-DMB,CD4,0.24727579526179388,0.0958308708657418,0.39872071965784595,44,0.15552121338567915,10.877998116002292,0.0013733978762175039,0.036490787872112414
CD8 T Cells|CD4 T Cells|GNAI2|S1PR4,CD8 T Cells,CD4 T Cells,GNAI2,S1PR4,-0.26853062926376187,-0.433131536957727,-0.10392972156979677,56,0.18861991076722906,12.823253107384767,0.0013862744897992845,0.036490787872112414
pDCs|pDCs|HLA-B|LILRB1,pDCs,pDCs,HLA-B,LILRB1,-0.42708860396482695,-0.689867751852689,-0.16430945607696495,43,0.21529783315827022,10.683833490877575,0.0014451302434777451,0.03764787758008517
pDCs|B Cells|SEMA4D|CD72,pDCs,B Cells,SEMA4D,CD72,0.5536710043350188,0.21144137378729388,0.8959006348827437,36,0.34040330761615967,10.183600788669764,0.0015196852971773199,0.03899331206871752
CD8 T Cells|Non-classical Monocytes|PKM|CD44,CD8 T Cells,Non-classical Monocytes,PKM,CD44,-0.25475543205467255,-0.4124146820885104,-0.09709618202083473,56,0.20708407623237113,12.823253107384767,0.001540047758761873,0.03899331206871752
CD4 T Cells|Non-classical Monocytes|LTB|TNFRSF1A,CD4 T Cells,Non-classical Monocytes,LTB,TNFRSF1A,-0.3707830178321476,-0.600499009583104,-0.14106702608119123,56,0.15395437766159492,12.823253107384767,0.0015584980288644516,0.03899331206871752
pDCs|Non-classical Monocytes|GRN|TNFRSF1B,pDCs,Non-classical Monocytes,GRN,TNFRSF1B,-0.21391613585067598,-0.34633580967446403,-0.08149646202688793,44,0.18087349103662553,10.877998116002292,0.0015444155399698281,0.03899331206871752
Classical Monocytes|pDCs|HLA-C|LILRB1,Classical Monocytes,pDCs,HLA-C,LILRB1,-0.38357679846800147,-0.6219457569324266,-0.14520784000357637,43,0.167685226091016,10.683833490877575,0.0016109304297905374,0.03991001172628125
B Cells|NK Cells|CD22|PTPRC,B Cells,NK Cells,CD22,PTPRC,-0.21397264207037955,-0.34718520786277923,-0.08076007627797988,56,0.1719924204020753,12.823253107384767,0.0016428400926214325,0.040305406932566595
CD8 T Cells|pDCs|HLA-B|LILRB1,CD8 T Cells,pDCs,HLA-B,LILRB1,-0.3294192218984864,-0.5350041327105468,-0.1238343110864259,43,0.24113621919423422,10.683833490877575,0.0016863058618266297,0.04097398954649898
B Cells|Non-classical Monocytes|IL16|CD4,B Cells,Non-classical Monocytes,IL16,CD4,-0.29260198927801995,-0.4754192910204119,-0.10978468753562798,56,0.19664102301704545,12.823253107384767,0.0017071324359396265,0.04108498729161368
B Cells|Classical Monocytes|VIM|CD44,B Cells,Classical Monocytes,VIM,CD44,-0.19860983776833768,-0.3232146746113387,-0.07400500092533668,56,0.1610212990609241,12.823253107384767,0.0017839771423685796,0.04252934187514529
CD4 T Cells|Non-classical Monocytes|CALR|LRP1,CD4 T Cells,Non-classical Monocytes,CALR,LRP1,-0.310227869061237,-0.5054375627400791,-0.11501817538239492,56,0.14095841188730796,12.823253107384767,0.0018408150906412005,0.043311593104458763
CD4 T Cells|Non-classical Monocytes|ANXA1|FPR1,CD4 T Cells,Non-classical Monocytes,ANXA1,FPR1,-0.309383240343185,-0.5041639497008151,-0.11460253098555481,55,0.29617908220617706,12.837866108718586,0.0018510692739539163,0.043311593104458763
Classical Monocytes|CD4 T Cells|HLA-DMB|CD4,Classical Monocytes,CD4 T Cells,HLA-DMB,CD4,-0.18877737461333582,-0.30781375756350654,-0.06974099166316512,56,0.21853144667453284,12.823253107384767,0.0018818799896693954,0.04362853884306938
NK Cells|CD8 T Cells|GNAI2|S1PR4,NK Cells,CD8 T Cells,GNAI2,S1PR4,-0.2399441740869901,-0.39155145639850086,-0.08833689177547929,55,0.09758554061451719,12.658421525295251,0.0019223444927629247,0.044161495756471915
pDCs|CD4 T Cells|HLA-DPB1|CD4,pDCs,CD4 T Cells,HLA-DPB1,CD4,-0.2599884526113368,-0.4247132266504904,-0.09526367857218321,44,0.2990066894035396,10.877998116002292,0.0019784327580240567,0.0449805597888112
Non-classical Monocytes|B Cells|SEMA4D|CD72,Non-classical Monocytes,B Cells,SEMA4D,CD72,0.42335799546467345,0.15469859170684142,0.6920173992225055,54,0.3083552757671071,12.974983771614152,0.002011398201874027,0.0449805597888112
B Cells|Non-classical Monocytes|HLA-A|LILRA1,B Cells,Non-classical Monocytes,HLA-A,LILRA1,-0.25539512045684176,-0.4174420255025434,-0.09334821541114013,56,0.12257674168347488,12.823253107384767,0.0020082164349772397,0.0449805597888112
CD8 T Cells|Non-classical Monocytes|ARF6|SMAP1,CD8 T Cells,Non-classical Monocytes,ARF6,SMAP1,-0.40146406284653846,-0.6565420340509389,-0.146386091642138,55,0.15559852242060146,12.658421525295251,0.0020371436735722634,0.045016422611950775
CD8 T Cells|Classical Monocytes|PTPN6|CD300LF,CD8 T Cells,Classical Monocytes,PTPN6,CD300LF,0.1817649116854287,0.06621439160177854,0.2973154317690788,51,0.13010269324827983,11.978027881857493,0.0020486302336265687,0.045016422611950775
Non-classical Monocytes|pDCs|HLA-C|LILRB1,Non-classical Monocytes,pDCs,HLA-C,LILRB1,-0.4219105456574638,-0.6906762217081676,-0.15314486960676,43,0.20423030115079333,10.683833490877575,0.002092585097030269,0.04558588396720249
CD4 T Cells|NK Cells|CD48|CD2,CD4 T Cells,NK Cells,CD48,CD2,-0.2982651370167746,-0.48931569682127074,-0.10721457721227842,56,0.2839427488328914,12.823253107384767,0.0022143676049949297,0.04782655502412126
Classical Monocytes|CD4 T Cells|ADAM10|TSPAN14,Classical Monocytes,CD4 T Cells,ADAM10,TSPAN14,0.309914967724093,0.11112636629982348,0.5087035691483626,55,0.22608884024062414,12.658421525295251,0.002245966541718502,0.04809794449934453
Non-classical Monocytes|Non-classical Monocytes|GNAI2|S1PR4,Non-classical Monocytes,Non-classical Monocytes,GNAI2,S1PR4,0.421220986988617,0.15037598982946399,0.69206598414777,56,0.251303182923725,12.823253107384767,0.00230249909082233,0.048894245399227126
CD4 T Cells|CD8 T Cells|HLA-DPB1|LAG3,CD4 T Cells,CD8 T Cells,HLA-DPB1,LAG3,0.17785794600438293,0.06299252473421833,0.2927233672745475,55,0.2525465837896471,12.658421525295251,0.0024068420901132695,0.049556989197417294
Non-classical Monocytes|Non-classical Monocytes|HLA-C|LILRA1,Non-classical Monocytes,Non-classical Monocytes,HLA-C,LILRA1,-0.24038942981714767,-0.3956733741481081,-0.08510548548618727,56,0.14963611130538712,12.823253107384767,0.002412152620214613,0.049556989197417294
CD8 T Cells|Non-classical Monocytes|ICAM3|ITGAL,CD8 T Cells,Non-classical Monocytes,ICAM3,ITGAL,0.40387091833226374,0.14350655997842426,0.6642352766861033,56,0.3195909859684437,12.823253107384767,0.0023638270819954076,0.049556989197417294
CD4 T Cells|CD4 T Cells|SPTAN1|PTPRA,CD4 T Cells,CD4 T Cells,SPTAN1,PTPRA,0.3949832945710092,0.1400769483231828,0.6498896408188357,54,0.1264569287329329,12.491554402353886,0.002389378110981768,0.049556989197417294
CD8 T Cells|NK Cells|HLA-F|CD8A,CD8 T Cells,NK Cells,HLA-F,CD8A,-0.37686648764969183,-0.6210961647432937,-0.13263681055609,42,0.28510687505096355,10.905461348856132,0.0024913859289187037,0.05077203421272229
CD4 T Cells|CD8 T Cells|CD48|CD2,CD4 T Cells,CD8 T Cells,CD48,CD2,-0.22936616267462526,-0.37827747311837534,-0.08045485223087515,56,0.0757324218498796,12.823253107384767,0.0025368827745677067,0.05128562217066076
B Cells|pDCs|HLA-B|LILRB1,B Cells,pDCs,HLA-B,LILRB1,-0.42486888320958544,-0.701551670517546,-0.14818609590162485,43,0.20804241169903992,10.683833490877575,0.0026151977211930316,0.05227150783979948
Classical Monocytes|Classical Monocytes|HLA-DMB|CD4,Classical Monocytes,Classical Monocytes,HLA-DMB,CD4,-0.1967441316497561,-0.3250277273370964,-0.06846053596241583,56,0.3472166432173912,12.823253107384767,0.0026477059768477773,0.05227150783979948
NK Cells|B Cells|CD99|CD81,NK Cells,B Cells,CD99,CD81,0.2127301436997297,0.07406820158135277,0.35139208581810666,51,0.19832048642593103,12.278467695811537,0.0026392139515418593,0.05227150783979948
CD4 T Cells|B Cells|LGALS1|ITGB1,CD4 T Cells,B Cells,LGALS1,ITGB1,0.3884312775404158,0.13388752082508787,0.6429750342557436,45,0.22604718248927957,11.486669209818757,0.0027816947545609466,0.054071866498273176
CD4 T Cells|B Cells|VIM|CD44,CD4 T Cells,B Cells,VIM,CD44,-0.17073411616194123,-0.282580016984828,-0.05888821533905447,56,0.18111012818314498,12.823253107384767,0.0027723920461360328,0.054071866498273176
NK Cells|Non-classical Monocytes|ICAM3|ITGAL,NK Cells,Non-classical Monocytes,ICAM3,ITGAL,0.4125032584567142,0.14167906730477325,0.6833274496086552,56,0.30915784653422895,12.823253107384767,0.002833000823399857,0.05464880214298808
B Cells|Classical Monocytes|CIRBP|TREM1,B Cells,Classical Monocytes,CIRBP,TREM1,-0.16440751072453846,-0.2724452267037691,-0.056369794745307844,56,0.19875603379120033,12.823253107384767,0.0028581551298030366,0.05471634858342631
pDCs|CD4 T Cells|HLA-DPA1|CD4,pDCs,CD4 T Cells,HLA-DPA1,CD4,-0.19944570169834208,-0.3309596605746688,-0.06793174282201536,44,0.32872288240543,10.877998116002292,0.002955231611949096,0.05614940062703283
Classical Monocytes|Classical Monocytes|HLA-DRA|CD4,Classical Monocytes,Classical Monocytes,HLA-DRA,CD4,-0.14190725049164488,-0.2357353257688269,-0.04807917521446285,56,0.31071702323360195,12.823253107384767,0.0030338775097055884,0.05721349602258225
pDCs|Classical Monocytes|GNAI2|ADCY7,pDCs,Classical Monocytes,GNAI2,ADCY7,-0.2927080601770659,-0.4865771726778747,-0.09883894767625714,44,0.14200510241665032,10.877998116002292,0.0030843999779513747,0.057343197479665944
Non-classical Monocytes|Non-classical Monocytes|ADAM10|CD44,Non-classical Monocytes,Non-classical Monocytes,ADAM10,CD44,0.25944049614992293,0.08746412134237463,0.4314168709574712,56,0.22464860104412254,12.823253107384767,0.0031088318380349165,0.057343197479665944
B Cells|Non-classical Monocytes|CIRBP|TREM1,B Cells,Non-classical Monocytes,CIRBP,TREM1,-0.23411117379135848,-0.3892860834544499,-0.07893626412826701,56,0.12577784342619824,12.823253107384767,0.0031066590059529242,0.057343197479665944
NK Cells|Non-classical Monocytes|HLA-B|LILRB2,NK Cells,Non-classical Monocytes,HLA-B,LILRB2,-0.013776150337370438,-0.023008108821036093,-0.004544191853704785,56,0.10664288405817002,12.823253107384767,0.0034478249618006794,0.06313517158311824
pDCs|Non-classical Monocytes|HLA-A|LILRA1,pDCs,Non-classical Monocytes,HLA-A,LILRA1,-0.27852275325706183,-0.4655594014487793,-0.09148610506534435,44,0.17302297987276694,10.877998116002292,0.003515503798440511,0.06391135322776381
CD8 T Cells|Non-classical Monocytes|TGFB1|LPP,CD8 T Cells,Non-classical Monocytes,TGFB1,LPP,-0.4099992898875027,-0.6863296722234622,-0.13366890755154331,53,0.19697179673152831,12.62523127790349,0.003636848236271882,0.06426794051090243
CD4 T Cells|pDCs|HLA-B|LILRB1,CD4 T Cells,pDCs,HLA-B,LILRB1,-0.38388272104583004,-0.6421030983564768,-0.1256623437351833,43,0.19123193107576775,10.683833490877575,0.003570861638794205,0.06426794051090243
Non-classical Monocytes|NK Cells|ICAM1|IL2RG,Non-classical Monocytes,NK Cells,ICAM1,IL2RG,0.28543732379874254,0.09313344683064914,0.4777412007668359,47,0.22327928552750864,11.640813492190432,0.0036237645455440264,0.06426794051090243
CD4 T Cells|pDCs|HLA-C|LILRB1,CD4 T Cells,pDCs,HLA-C,LILRB1,-0.3960850860381685,-0.6626428642474829,-0.1295273078288542,43,0.17929927680014246,10.683833490877575,0.003587076976622682,0.06426794051090243
NK Cells|pDCs|HLA-B|LILRB1,NK Cells,pDCs,HLA-B,LILRB1,-0.2906020065741303,-0.48690032130489447,-0.09430369184336618,43,0.22847264932113087,10.683833490877575,0.00371320963712312,0.06516167189590365
CD8 T Cells|pDCs|TNF|TNFRSF21,CD8 T Cells,pDCs,TNF,TNFRSF21,-0.28274990248929016,-0.4740708888281699,-0.09142891615041043,33,0.39701455150595133,9.498685316438165,0.003772350677126994,0.06574296662827527
Non-classical Monocytes|B Cells|TNFSF13B|CD40,Non-classical Monocytes,B Cells,TNFSF13B,CD40,0.25283379265025496,0.0814172543026899,0.42425033099782006,56,0.09108444459129117,12.823253107384767,0.0038416131782790337,0.06649148288706246
NK Cells|CD8 T Cells|PKM|CD44,NK Cells,CD8 T Cells,PKM,CD44,-0.21560897192639078,-0.36207500946567783,-0.0691429343871037,56,0.11506591332181637,12.823253107384767,0.0039114803745573575,0.06724021024834315
Classical Monocytes|Classical Monocytes|PSEN1|CD44,Classical Monocytes,Classical Monocytes,PSEN1,CD44,0.2626953632389781,0.08360002959134377,0.4417906968866124,56,0.25155463259998445,12.823253107384767,0.004042106844650445,0.06901624321913294
Non-classical Monocytes|Non-classical Monocytes|HLA-DPA1|CD4,Non-classical Monocytes,Non-classical Monocytes,HLA-DPA1,CD4,-0.13449665296255361,-0.22663339619152204,-0.042359909733585194,56,0.2912038474433716,12.823253107384767,0.0042222937261419385,0.07160896809369584
CD4 T Cells|pDCs|SELPLG|SELL,CD4 T Cells,pDCs,SELPLG,SELL,0.2848338358473031,0.08930109221722746,0.4803665794773787,44,0.22059574162958517,10.877998116002292,0.004302430295392996,0.07205759716779711
CD4 T Cells|Non-classical Monocytes|VIM|CD44,CD4 T Cells,Non-classical Monocytes,VIM,CD44,-0.11405065091428693,-0.19235091809743918,-0.03575038373113468,56,0.21562175749954693,12.823253107384767,0.004305776482919416,0.07205759716779711
CD8 T Cells|Classical Monocytes|GNAS|ADCY7,CD8 T Cells,Classical Monocytes,GNAS,ADCY7,-0.1907120036277311,-0.3218252470106234,-0.059598760244838817,56,0.2758042161252603,12.823253107384767,0.004359786026280739,0.0724814426869173
CD4 T Cells|CD4 T Cells|GNAI2|S1PR4,CD4 T Cells,CD4 T Cells,GNAI2,S1PR4,-0.20263209975930568,-0.34217829022492874,-0.06308590929368263,56,0.18736552468598533,12.823253107384767,0.004426904708954836,0.07281837678703504
Classical Monocytes|Non-classical Monocytes|HLA-A|LILRA1,Classical Monocytes,Non-classical Monocytes,HLA-A,LILRA1,-0.24046727423722872,-0.4061322693818943,-0.07480227909256312,56,0.1126261754555693,12.823253107384767,0.004441959939060042,0.07281837678703504
CD4 T Cells|B Cells|SELPLG|SELL,CD4 T Cells,B Cells,SELPLG,SELL,0.23213116772547682,0.07211042127707418,0.39215191417387946,56,0.12634858959585016,12.823253107384767,0.004466501148393523,0.07281837678703504
CD8 T Cells|CD8 T Cells|LCK|CD8A_CD8B,CD8 T Cells,CD8 T Cells,LCK,CD8A_CD8B,-0.38231464328185294,-0.6463587408633249,-0.11827054570038098,56,0.16124076633164053,12.823253107384767,0.0045415617201111135,0.07356747735077426
Classical Monocytes|CD4 T Cells|HLA-DRA|CD4,Classical Monocytes,CD4 T Cells,HLA-DRA,CD4,-0.2823906806080863,-0.47822895975426594,-0.08655240146190671,56,0.28526469160314694,12.823253107384767,0.004710578173982509,0.07564859689974941
CD4 T Cells|pDCs|HLA-A|LILRB1,CD4 T Cells,pDCs,HLA-A,LILRB1,-0.39961199562951055,-0.6768721061037475,-0.12235188515527362,43,0.18373637533409326,10.683833490877575,0.004729908314270046,0.07564859689974941
CD4 T Cells|NK Cells|GNAS|PTGDR,CD4 T Cells,NK Cells,GNAS,PTGDR,-0.18138175624919606,-0.3073943557762847,-0.05536915672210738,55,0.29453726357051535,12.658421525295251,0.004785032528387132,0.07601780852152452
B Cells|Non-classical Monocytes|LTB|TNFRSF1A,B Cells,Non-classical Monocytes,LTB,TNFRSF1A,-0.3388416082051182,-0.5744043934812447,-0.10327882292899171,56,0.12719898048524358,12.823253107384767,0.004813157642834952,0.07601780852152452
CD8 T Cells|Non-classical Monocytes|HLA-B|LILRB2,CD8 T Cells,Non-classical Monocytes,HLA-B,LILRB2,-0.01613819837294038,-0.027379728974193406,-0.004896667771687353,56,0.12156025147554106,12.823253107384767,0.004897500594484141,0.07686946585255543
Non-classical Monocytes|pDCs|HLA-B|LILRB1,Non-classical Monocytes,pDCs,HLA-B,LILRB1,-0.3948851545102897,-0.671511531660006,-0.11825877736057339,43,0.1935782834149955,10.683833490877575,0.00514430925172593,0.08002714027338245
Classical Monocytes|B Cells|PSEN1|CD44,Classical Monocytes,B Cells,PSEN1,CD44,-0.3591539258263312,-0.6108496169244715,-0.107458234728191,56,0.18990165467831865,12.823253107384767,0.005162019732711255,0.08002714027338245
CD4 T Cells|Non-classical Monocytes|ANXA2|TLR2,CD4 T Cells,Non-classical Monocytes,ANXA2,TLR2,-0.29627637721872735,-0.5044782658105746,-0.08807448862688003,56,0.1929880837662752,12.823253107384767,0.005285855093780299,0.08004131800458851
CD8 T Cells|Classical Monocytes|ANXA2|TLR2,CD8 T Cells,Classical Monocytes,ANXA2,TLR2,-0.24288412571753684,-0.41357990915128234,-0.07218834228379134,56,0.14368058757084268,12.823253107384767,0.0052896320169237366,0.08004131800458851
NK Cells|Non-classical Monocytes|SELPLG|ITGB2,NK Cells,Non-classical Monocytes,SELPLG,ITGB2,-0.24623688907331232,-0.4192307706059141,-0.0732430075407105,56,0.13404857262104541,12.823253107384767,0.005274333717550433,0.08004131800458851
NK Cells|Non-classical Monocytes|ARF6|SMAP1,NK Cells,Non-classical Monocytes,ARF6,SMAP1,-0.2656430375860906,-0.4519798640852193,-0.0793062110869619,55,0.13901942347124963,12.658421525295251,0.005203828498611113,0.08004131800458851
pDCs|pDCs|HLA-C|LILRB1,pDCs,pDCs,HLA-C,LILRB1,-0.352987415171761,-0.6015004693559888,-0.10447436098753324,43,0.16998743665283755,10.683833490877575,0.005370484052802225,0.0807319917540516
CD4 T Cells|Classical Monocytes|CIRBP|TREM1,CD4 T Cells,Classical Monocytes,CIRBP,TREM1,-0.17085408486845205,-0.2912148870133348,-0.05049328272356929,56,0.16717665819422778,12.823253107384767,0.0053991715894082795,0.0807319917540516
CD8 T Cells|Non-classical Monocytes|LGALS1|ITGB1,CD8 T Cells,Non-classical Monocytes,LGALS1,ITGB1,0.24545798738761285,0.07188380120726817,0.4190321735679575,56,0.10502862985915629,12.823253107384767,0.005577107225019546,0.08290205857426114
B Cells|CD4 T Cells|HLA-DRB1|CD4,B Cells,CD4 T Cells,HLA-DRB1,CD4,-0.2486681688488447,-0.42466677489918714,-0.07266956279850229,56,0.2882014198582902,12.823253107384767,0.005618891965181199,0.08303473681878883
NK Cells|Non-classical Monocytes|PTPN6|CLEC12A,NK Cells,Non-classical Monocytes,PTPN6,CLEC12A,-0.2608008747104569,-0.4458177389496444,-0.07578401047126934,56,0.17526282591656261,12.823253107384767,0.005731192295515989,0.08420187750447038
Classical Monocytes|CD8 T Cells|CD48|CD2,Classical Monocytes,CD8 T Cells,CD48,CD2,-0.2869692291475128,-0.49092504132632764,-0.08301341696869799,56,0.10748131562159724,12.823253107384767,0.005820923400426239,0.08502585799350927
Classical Monocytes|B Cells|TNFSF13B|CD40,Classical Monocytes,B Cells,TNFSF13B,CD40,0.28687140064846645,0.0826294340846021,0.4911133672123308,56,0.22237565954998073,12.823253107384767,0.0059070021405139995,0.08578732419010848
Non-classical Monocytes|Classical Monocytes|LGALS9|CD44,Non-classical Monocytes,Classical Monocytes,LGALS9,CD44,-0.1245245454222569,-0.21338340304231243,-0.03566568780220136,56,0.08337375120793111,12.823253107384767,0.006020849804426672,0.08694107117592113
Non-classical Monocytes|Non-classical Monocytes|RPS19|C5AR1,Non-classical Monocytes,Non-classical Monocytes,RPS19,C5AR1,-0.03889980270797491,-0.06667924510989326,-0.011120360306056561,56,0.15303561316997405,12.823253107384767,0.006059296831079122,0.08699910847805081
Non-classical Monocytes|Non-classical Monocytes|HLA-A|LILRA1,Non-classical Monocytes,Non-classical Monocytes,HLA-A,LILRA1,-0.21951007652285287,-0.37642240880385514,-0.06259774424185063,56,0.1100553326603928,12.823253107384767,0.006109214081146523,0.08722024849184895
Non-classical Monocytes|B Cells|PSEN1|CD44,Non-classical Monocytes,B Cells,PSEN1,CD44,-0.34559781783115034,-0.5930622336074166,-0.09813340205488405,56,0.22581058599010861,12.823253107384767,0.006196485408714318,0.08796920577427575
CD8 T Cells|Classical Monocytes|PKM|CD44,CD8 T Cells,Classical Monocytes,PKM,CD44,-0.17332149015293966,-0.2976239573206536,-0.049019022985225674,56,0.19656755267686632,12.823253107384767,0.006278296879181781,0.08863271627761096
CD8 T Cells|NK Cells|GNAS|PTGDR,CD8 T Cells,NK Cells,GNAS,PTGDR,-0.24646722065567056,-0.42361295778396296,-0.06932148352737816,55,0.15484924361898234,12.658421525295251,0.006392348125451399,0.08881592758963643
Classical Monocytes|Non-classical Monocytes|CIRBP|TREM1,Classical Monocytes,Non-classical Monocytes,CIRBP,TREM1,0.2323781729834733,0.06538543568070629,0.3993709102862403,56,0.11995385013415549,12.823253107384767,0.006383924373212901,0.08881592758963643
CD4 T Cells|Classical Monocytes|MFNG|NOTCH2,CD4 T Cells,Classical Monocytes,MFNG,NOTCH2,-0.12470265088624286,-0.21436531581296733,-0.03503998595951838,56,0.17505521473240726,12.823253107384767,0.00641237232414872,0.08881592758963643
NK Cells|B Cells|SELPLG|ITGB2,NK Cells,B Cells,SELPLG,ITGB2,-0.23938073277539146,-0.41166263120474783,-0.06709883434603509,56,0.14096573350953379,12.823253107384767,0.006463070083446063,0.08881592758963643
CD8 T Cells|Non-classical Monocytes|TGFB1|ITGB1,CD8 T Cells,Non-classical Monocytes,TGFB1,ITGB1,0.31384835883366125,0.08795554600560213,0.5397411716617204,55,0.19756990563968113,12.96329824896671,0.006467008577955323,0.08881592758963643
Classical Monocytes|Non-classical Monocytes|CD1D|LILRB2,Classical Monocytes,Non-classical Monocytes,CD1D,LILRB2,-0.20375862583839904,-0.3506897192288436,-0.056827532447954465,52,0.149550088201571,12.33200631643905,0.0065676681245976825,0.08971079649112618
CD8 T Cells|Classical Monocytes|PTPN6|CLEC12A,CD8 T Cells,Classical Monocytes,PTPN6,CLEC12A,-0.3352453978657476,-0.5778503008196242,-0.09264049491187101,56,0.15056875227387212,12.823253107384767,0.00676103419285404,0.09185555594269978
B Cells|Non-classical Monocytes|GNAI2|S1PR4,B Cells,Non-classical Monocytes,GNAI2,S1PR4,-0.16985704498583823,-0.2929028503928997,-0.04681123957877675,54,0.08849446234126235,12.491554402353886,0.006817951576520644,0.0921334953682763
NK Cells|Non-classical Monocytes|RPS19|C5AR1,NK Cells,Non-classical Monocytes,RPS19,C5AR1,-0.03868549987884015,-0.06674875738780209,-0.010622242369878212,56,0.16404706348392228,12.823253107384767,0.006895874878562023,0.09220040115410706
Non-classical Monocytes|CD4 T Cells|IL16|CD4,Non-classical Monocytes,CD4 T Cells,IL16,CD4,0.18405189162119906,0.05056169552457626,0.3175420877178219,53,0.13803737871973276,12.322582179956465,0.006885458273400226,0.09220040115410706
B Cells|Non-classical Monocytes|RPS19|C5AR1,B Cells,Non-classical Monocytes,RPS19,C5AR1,-0.028035120077270978,-0.04842742708292266,-0.007642813071619299,56,0.16640888637990336,12.823253107384767,0.007048650119601374,0.09325622435723913
Classical Monocytes|Non-classical Monocytes|PKM|CD44,Classical Monocytes,Non-classical Monocytes,PKM,CD44,-0.168663296521272,-0.2913137806923535,-0.046012812350190474,56,0.12438991040352709,12.823253107384767,0.007033537323469769,0.09325622435723913
Classical Monocytes|NK Cells|CD48|CD2,Classical Monocytes,NK Cells,CD48,CD2,-0.31283942639209184,-0.5408310377289058,-0.08484781505527783,56,0.32388062051794164,12.823253107384767,0.007158682742568993,0.09373052482109764
Non-classical Monocytes|B Cells|VIM|CD44,Non-classical Monocytes,B Cells,VIM,CD44,-0.10347754072595369,-0.17888024227363367,-0.02807483917827372,56,0.2269850656087078,12.823253107384767,0.00715117127136611,0.09373052482109764
Classical Monocytes|Classical Monocytes|ADAM10|IL6R,Classical Monocytes,Classical Monocytes,ADAM10,IL6R,0.2656477139928341,0.07173230983088066,0.45956311815478756,52,0.09507171887984456,12.151432051416158,0.007253306077316912,0.09447991988340121
Classical Monocytes|Non-classical Monocytes|HLA-C|LILRA1,Classical Monocytes,Non-classical Monocytes,HLA-C,LILRA1,-0.2705300160378071,-0.4685269686553396,-0.07253306342027457,56,0.14618907014078542,12.823253107384767,0.007407075803635195,0.09598810541428787
B Cells|CD4 T Cells|CD48|CD2,B Cells,CD4 T Cells,CD48,CD2,-0.24465355891870744,-0.42546902632740224,-0.06383809151001266,56,0.06387131378351962,12.823253107384767,0.008003024627145881,0.10213961228685678
pDCs|NK Cells|GNAI2|S1PR4,pDCs,NK Cells,GNAI2,S1PR4,-0.2859721840028021,-0.49731744424464003,-0.07462692376096419,42,0.135081350553521,10.486563748480568,0.008000807516125499,0.10213961228685678
B Cells|Non-classical Monocytes|HLA-C|LILRA1,B Cells,Non-classical Monocytes,HLA-C,LILRA1,-0.2523404556672305,-0.43883042147221074,-0.06585048986225031,56,0.13862014939512868,12.823253107384767,0.008000788124172138,0.10213961228685678
B Cells|Classical Monocytes|PTPN6|CD300LF,B Cells,Classical Monocytes,PTPN6,CD300LF,-0.25223363179459396,-0.43889518686893914,-0.06557207672024876,51,0.1373520834441334,11.978027881857493,0.008085535264007867,0.1026741086037582
Non-classical Monocytes|Non-classical Monocytes|TGFB1|ITGB1,Non-classical Monocytes,Non-classical Monocytes,TGFB1,ITGB1,0.270842231978008,0.0701414680291447,0.4715429959268713,56,0.3328046010273079,12.823253107384767,0.008170595488803018,0.10323547400102613
CD8 T Cells|Non-classical Monocytes|GNAS|ADCY7,CD8 T Cells,Non-classical Monocytes,GNAS,ADCY7,-0.21457085956681327,-0.3736795187561007,-0.05546220037752578,56,0.23648734643581093,12.823253107384767,0.008213390428208898,0.10325988861733276
B Cells|Classical Monocytes|HLA-DRA|CD4,B Cells,Classical Monocytes,HLA-DRA,CD4,-0.06186447988612409,-0.10778891648204597,-0.015940043290202204,56,0.24286690596889215,12.823253107384767,0.008284404455641848,0.1036370795020146
CD4 T Cells|Non-classical Monocytes|RPS19|C5AR1,CD4 T Cells,Non-classical Monocytes,RPS19,C5AR1,-0.03015039039382479,-0.052550296272999494,-0.007750484514650092,56,0.1616062304238599,12.823253107384767,0.008336664097627525,0.10377709445667367
Classical Monocytes|pDCs|LGALS9|PTPRC,Classical Monocytes,pDCs,LGALS9,PTPRC,0.24988914766637216,0.0634423977386438,0.4363358975941005,44,0.16202594287988192,10.877998116002292,0.008617104988743206,0.10674227601252001
Non-classical Monocytes|CD8 T Cells|ADAM10|CD44,Non-classical Monocytes,CD8 T Cells,ADAM10,CD44,0.1752179043584292,0.044321578668638784,0.30611423004821964,56,0.21595087620702558,12.823253107384767,0.008700359343662548,0.1072478442021232
Non-classical Monocytes|pDCs|HLA-F|LILRB1,Non-classical Monocytes,pDCs,HLA-F,LILRB1,-0.2558494099625869,-0.4471041403489319,-0.06459467957624193,43,0.13371056899605338,10.683833490877575,0.008743457604475988,0.10725590954616904
CD8 T Cells|NK Cells|GNAI2|S1PR5,CD8 T Cells,NK Cells,GNAI2,S1PR5,-0.2634087596166514,-0.46098018900876125,-0.06583733022454152,56,0.2608978545547639,12.823253107384767,0.0089727994976712,0.1095375088435513
NK Cells|Non-classical Monocytes|IL16|CD4,NK Cells,Non-classical Monocytes,IL16,CD4,-0.25225810677569827,-0.4417559206177286,-0.06276029293366789,56,0.14172205564433382,12.823253107384767,0.009078342809307294,0.11029313595730546
CD4 T Cells|Non-classical Monocytes|ICAM2|ITGAL_ITGB2,CD4 T Cells,Non-classical Monocytes,ICAM2,ITGAL_ITGB2,-0.25232207904700665,-0.4422900481856786,-0.06235410990833473,56,0.1010242684974143,12.823253107384767,0.009233314371622104,0.11154647142651998
Non-classical Monocytes|B Cells|ICAM1|IL2RG,Non-classical Monocytes,B Cells,ICAM1,IL2RG,-0.31628129210649575,-0.5545265213703567,-0.0780360628426347,47,0.22913408305670446,11.640813492190432,0.009269789869239887,0.11154647142651998
Classical Monocytes|Non-classical Monocytes|RPS19|C5AR1,Classical Monocytes,Non-classical Monocytes,RPS19,C5AR1,-0.043670075715905116,-0.07664924118363468,-0.010690910248175547,56,0.14771199488245412,12.823253107384767,0.009450048780783845,0.1121139590095811
pDCs|Classical Monocytes|GRN|TNFRSF1B,pDCs,Classical Monocytes,GRN,TNFRSF1B,-0.18272417026899954,-0.3206771115102731,-0.044771229027725984,44,0.15634511241122695,10.877998116002292,0.009430222245840022,0.1121139590095811
CD4 T Cells|Non-classical Monocytes|HLA-B|LILRB2,CD4 T Cells,Non-classical Monocytes,HLA-B,LILRB2,-0.02803096200379475,-0.04918036106760412,-0.0068815629399853785,56,0.13263355591575132,12.823253107384767,0.009385197281328682,0.1121139590095811
CD8 T Cells|Non-classical Monocytes|RPS19|C5AR1,CD8 T Cells,Non-classical Monocytes,RPS19,C5AR1,-0.03236352819280337,-0.056895020887566136,-0.007832035498040613,56,0.1563221574271495,12.823253107384767,0.009717838257097877,0.11475223026021651
Non-classical Monocytes|Non-classical Monocytes|LGALS9|LRP1,Non-classical Monocytes,Non-classical Monocytes,LGALS9,LRP1,-0.28754752703474656,-0.5073305342854776,-0.06776451978401551,56,0.15588409023198724,12.823253107384767,0.010339331707457551,0.12152321499881504
Classical Monocytes|Classical Monocytes|APP|LRP1,Classical Monocytes,Classical Monocytes,APP,LRP1,0.09797101498583104,0.02259415444200928,0.1733478755296528,55,0.0930666060197618,12.658421525295251,0.010850978169358125,0.1263613909399446
Non-classical Monocytes|Non-classical Monocytes|VIM|CD44,Non-classical Monocytes,Non-classical Monocytes,VIM,CD44,-0.06457940840811649,-0.11424067419815889,-0.014918142618074094,56,0.22855489494417625,12.823253107384767,0.010811499058043251,0.1263613909399446
CD8 T Cells|CD8 T Cells|SELPLG|SELL,CD8 T Cells,CD8 T Cells,SELPLG,SELL,-0.24885241210822,-0.4411263924019998,-0.05657843181444022,56,0.1189108412064217,12.823253107384767,0.011190220556723633,0.1286655861098575
B Cells|Non-classical Monocytes|PTPN6|CD300LF,B Cells,Non-classical Monocytes,PTPN6,CD300LF,-0.2590548515238067,-0.45923974139009965,-0.058869961657513736,56,0.1023658334039631,12.823253107384767,0.01120159435859464,0.1286655861098575
Classical Monocytes|NK Cells|CD48|CD244,Classical Monocytes,NK Cells,CD48,CD244,0.2626388139282865,0.05975366253630188,0.46552396532027107,53,0.1760005955597076,13.009914758945065,0.01117393034808943,0.1286655861098575
CD4 T Cells|Classical Monocytes|PTPN6|CLEC12A,CD4 T Cells,Classical Monocytes,PTPN6,CLEC12A,-0.3356515770489221,-0.5957067929103987,-0.0755963611874455,56,0.16137205190072434,12.823253107384767,0.011415593353264229,0.13053033666831995
Classical Monocytes|Non-classical Monocytes|ADAM10|CD44,Classical Monocytes,Non-classical Monocytes,ADAM10,CD44,0.2184441903850507,0.0489524365159735,0.3879359442541279,56,0.12646668060443578,12.823253107384767,0.011535674171724,0.13130922807183132
pDCs|CD4 T Cells|HLA-DMA|CD4,pDCs,CD4 T Cells,HLA-DMA,CD4,0.19142956751367968,0.042154751584196654,0.3407043834431627,44,0.3842663675718536,10.877998116002292,0.01195561068823762,0.1346182625263016
Non-classical Monocytes|CD8 T Cells|GNAI2|S1PR4,Non-classical Monocytes,CD8 T Cells,GNAI2,S1PR4,0.2681336163634073,0.05897076845903279,0.47729646426778183,55,0.09110418593461755,12.658421525295251,0.011986192745713439,0.1346182625263016
pDCs|Non-classical Monocytes|GNAI2|ADCY7,pDCs,Non-classical Monocytes,GNAI2,ADCY7,-0.25491911313024473,-0.4535321267112893,-0.05630609954920021,44,0.10949864200496628,10.877998116002292,0.01188276127500628,0.1346182625263016
B Cells|NK Cells|CD48|CD244,B Cells,NK Cells,CD48,CD244,0.2025371280156191,0.04402361000661009,0.3610506460246281,53,0.12320819789366555,13.009914758945065,0.012269379042360997,0.13718903026569132
NK Cells|NK Cells|PKM|CD44,NK Cells,NK Cells,PKM,CD44,-0.2137850599430018,-0.3812605794300079,-0.046309540455995696,56,0.10521668551576635,12.823253107384767,0.012352044517494469,0.13750491848329743
CD4 T Cells|NK Cells|ICAM3|ITGAL,CD4 T Cells,NK Cells,ICAM3,ITGAL,0.27886866193914817,0.060048420578944245,0.4976889032993521,56,0.17404597646655273,12.823253107384767,0.01249613037489017,0.1384987783216994
CD8 T Cells|CD4 T Cells|CD48|CD2,CD8 T Cells,CD4 T Cells,CD48,CD2,-0.20869028419491747,-0.37363490344050376,-0.043745664949331214,56,0.10098595615285544,12.823253107384767,0.013146553927180048,0.14507136145844535
CD8 T Cells|Non-classical Monocytes|CD99|PILRA,CD8 T Cells,Non-classical Monocytes,CD99,PILRA,-0.21590593140613884,-0.38732305597071304,-0.04448880684156464,56,0.23562479313833085,12.823253107384767,0.01356260854760645,0.1470931836901352
Non-classical Monocytes|Non-classical Monocytes|ANXA2|TLR2,Non-classical Monocytes,Non-classical Monocytes,ANXA2,TLR2,0.24156364156130816,0.04986052004888819,0.43326676307372813,56,0.11688472224747704,12.823253107384767,0.01352129216959401,0.1470931836901352
pDCs|pDCs|IL16|CD4,pDCs,pDCs,IL16,CD4,-0.2577683777518979,-0.46239731867712575,-0.05313943682667013,43,0.13421520067456016,10.683833490877575,0.013551364327891485,0.1470931836901352
CD4 T Cells|Classical Monocytes|VIM|CD44,CD4 T Cells,Classical Monocytes,VIM,CD44,-0.06664859654887763,-0.11947437570724681,-0.013822817390508453,56,0.2418402734780305,12.823253107384767,0.013405018163530716,0.1470931836901352
NK Cells|Classical Monocytes|SELPLG|SELL,NK Cells,Classical Monocytes,SELPLG,SELL,0.193130124516683,0.039509322830021065,0.3467509262033449,56,0.1541748473796879,12.823253107384767,0.013738005985546744,0.1483587227584471
CD8 T Cells|Non-classical Monocytes|CALR|LRP1,CD8 T Cells,Non-classical Monocytes,CALR,LRP1,-0.2916698904158117,-0.5249852400465724,-0.05835454078505095,56,0.14250075724291034,12.823253107384767,0.014278842413961088,0.15354312672374326
CD8 T Cells|pDCs|HLA-C|LILRB1,CD8 T Cells,pDCs,HLA-C,LILRB1,-0.3339908584521543,-0.6019495274940203,-0.06603218941028832,43,0.21303513776823912,10.683833490877575,0.014567691655816069,0.15598541022986104
NK Cells|Non-classical Monocytes|HMGB1|TLR2,NK Cells,Non-classical Monocytes,HMGB1,TLR2,0.25372640672861135,0.04969960666863976,0.45775320678858294,56,0.1865413211597987,12.823253107384767,0.014793366088950528,0.1564135401957238
NK Cells|Non-classical Monocytes|CD52|SIGLEC10,NK Cells,Non-classical Monocytes,CD52,SIGLEC10,-0.22154096269066542,-0.3995812642262988,-0.04350066115503204,55,0.34597838223561717,12.658421525295251,0.014734376224528686,0.1564135401957238
Non-classical Monocytes|Non-classical Monocytes|SELPLG|ITGB2,Non-classical Monocytes,Non-classical Monocytes,SELPLG,ITGB2,-0.21084483558793432,-0.38022259014919113,-0.04146708102667751,56,0.10630564812069832,12.823253107384767,0.014695289930585838,0.1564135401957238
Non-classical Monocytes|Non-classical Monocytes|SEMA4A|LILRB2,Non-classical Monocytes,Non-classical Monocytes,SEMA4A,LILRB2,-0.21453167555278502,-0.3872310358633456,-0.04183231524222439,55,0.1624823262009013,12.658421525295251,0.014903371686995678,0.15692008438765867
Classical Monocytes|Non-classical Monocytes|VCAN|ITGA4,Classical Monocytes,Non-classical Monocytes,VCAN,ITGA4,-0.2516167525642502,-0.4546201554881856,-0.0486133496403148,56,0.26111239557749355,12.823253107384767,0.015127267560339545,0.15861661877584246
Classical Monocytes|Classical Monocytes|LGALS9|CD44,Classical Monocytes,Classical Monocytes,LGALS9,CD44,-0.1417016527445632,-0.2561251234204369,-0.027278182068689455,56,0.04959578170818102,12.823253107384767,0.015215319799464219,0.1588806327820086
CD4 T Cells|NK Cells|ICAM2|ITGAL_ITGB2,CD4 T Cells,NK Cells,ICAM2,ITGAL_ITGB2,-0.20913643605590768,-0.37839744291192073,-0.03987542919989462,56,0.1173859110948593,12.823253107384767,0.015447971632224186,0.15998780456815787
Non-classical Monocytes|Classical Monocytes|HLA-DPA1|CD4,Non-classical Monocytes,Classical Monocytes,HLA-DPA1,CD4,-0.11688065211170351,-0.2114324560782225,-0.022328848145184516,56,0.42060979191507286,12.823253107384767,0.015400615047725627,0.15998780456815787
Classical Monocytes|Non-classical Monocytes|PSEN1|CD44,Classical Monocytes,Non-classical Monocytes,PSEN1,CD44,0.19518354566159857,0.036860953903664034,0.3535061374195331,56,0.1321257208426364,12.823253107384767,0.015679724321561065,0.16172515657381556
CD4 T Cells|Classical Monocytes|CD47|SIRPA,CD4 T Cells,Classical Monocytes,CD47,SIRPA,-0.22435114105757997,-0.4079105577279789,-0.04079172438718104,55,0.10199546736999177,12.837866108718586,0.0165968327989036,0.1631914260032272
Classical Monocytes|CD4 T Cells|PSEN1|CD44,Classical Monocytes,CD4 T Cells,PSEN1,CD44,0.17567251348399807,0.03220485272364948,0.31914017424434665,56,0.11066048293629605,12.823253107384767,0.01639837707789145,0.1631914260032272
CD4 T Cells|Classical Monocytes|ANXA1|FPR1,CD4 T Cells,Classical Monocytes,ANXA1,FPR1,-0.219004515373934,-0.39796848176052757,-0.04004054898734041,56,0.40192274202481704,12.823253107384767,0.016463409030734552,0.1631914260032272
NK Cells|CD4 T Cells|HLA-B|CD3D,NK Cells,CD4 T Cells,HLA-B,CD3D,-0.0006247831909156204,-0.0011334148089354114,-0.00011615157289582951,56,0.13807932383528032,12.823253107384767,0.016060265525629978,0.1631914260032272
Non-classical Monocytes|Classical Monocytes|HLA-DRA|CD4,Non-classical Monocytes,Classical Monocytes,HLA-DRA,CD4,-0.09664419287201038,-0.17542011207266683,-0.01786827367135395,56,0.2236138622257795,12.823253107384767,0.01619323410196138,0.1631914260032272
Classical Monocytes|NK Cells|ICAM1|IL2RG,Classical Monocytes,NK Cells,ICAM1,IL2RG,0.18244882311429897,0.033851485962704875,0.33104616026589306,46,0.14619134044580862,11.257444407177868,0.01610809421922424,0.1631914260032272
B Cells|Non-classical Monocytes|PKM|CD44,B Cells,Non-classical Monocytes,PKM,CD44,-0.23098674740238,-0.419750008532992,-0.04222348627176803,56,0.13385843943542253,12.823253107384767,0.01646784860790071,0.1631914260032272
Classical Monocytes|CD4 T Cells|SIRPA|CD47,Classical Monocytes,CD4 T Cells,SIRPA,CD47,-0.22435114105757997,-0.4079105577279789,-0.04079172438718104,55,0.10199546736999177,12.837866108718586,0.0165968327989036,0.1631914260032272
Non-classical Monocytes|NK Cells|SELPLG|ITGAM,Non-classical Monocytes,NK Cells,SELPLG,ITGAM,-0.1857524217316163,-0.33735427872421897,-0.03415056473901365,55,0.18269797113867592,12.96329824896671,0.016329128597534465,0.1631914260032272
B Cells|Classical Monocytes|HLA-DRB1|CD4,B Cells,Classical Monocytes,HLA-DRB1,CD4,-0.11626492443009305,-0.21131452896024167,-0.02121531989994442,56,0.28510036326661237,12.823253107384767,0.016510397283877452,0.1631914260032272
Non-classical Monocytes|NK Cells|CD48|CD244,Non-classical Monocytes,NK Cells,CD48,CD244,0.2129507987422484,0.03933008445924566,0.38657151302525117,53,0.197537600471543,13.009914758945065,0.016218894377817518,0.1631914260032272
B Cells|CD8 T Cells|CD22|PTPRC,B Cells,CD8 T Cells,CD22,PTPRC,-0.16527652318157282,-0.29972189264190724,-0.030831153721238402,56,0.09954002159910902,12.823253107384767,0.015977680121383654,0.1631914260032272
CD8 T Cells|B Cells|CD99|CD81,CD8 T Cells,B Cells,CD99,CD81,0.1719664436696728,0.031099049624932207,0.3128338377144134,51,0.15066800707827976,12.278467695811537,0.01672665008806709,0.16319785626465458
Classical Monocytes|Classical Monocytes|PSEN1|NOTCH2,Classical Monocytes,Classical Monocytes,PSEN1,NOTCH2,0.08389254782406115,0.015172229204438961,0.15261286644368333,56,0.07324189816944204,12.823253107384767,0.016725396895894484,0.16319785626465458
pDCs|CD4 T Cells|HLA-DRA|CD4,pDCs,CD4 T Cells,HLA-DRA,CD4,-0.2049452682964656,-0.3734438175169048,-0.03644671907602637,44,0.2819880049663124,10.877998116002292,0.01712979988762945,0.16648847813861392
Non-classical Monocytes|CD4 T Cells|HLA-DPA1|CD4,Non-classical Monocytes,CD4 T Cells,HLA-DPA1,CD4,-0.22269565930404256,-0.4064617926180604,-0.038929525990024694,56,0.246565475862637,12.823253107384767,0.017540956042259408,0.16983140198769933
Non-classical Monocytes|Non-classical Monocytes|PTPN6|CD300LF,Non-classical Monocytes,Non-classical Monocytes,PTPN6,CD300LF,0.24405361540527604,0.042360740627104654,0.4457464901834474,56,0.21920710142028643,12.823253107384767,0.017710902794233523,0.17031546224144425
NK Cells|B Cells|GNAI2|S1PR4,NK Cells,B Cells,GNAI2,S1PR4,-0.21874526868205843,-0.39954620856330303,-0.03794432880081383,52,0.10985451333301388,12.151432051416158,0.017725748543529814,0.17031546224144425
Classical Monocytes|pDCs|HLA-DRB1|CD4,Classical Monocytes,pDCs,HLA-DRB1,CD4,-0.18496105901903512,-0.33824450265682054,-0.03167761538124969,43,0.20293635931664677,10.683833490877575,0.01802954052723776,0.1725782155770069
Non-classical Monocytes|NK Cells|HLA-B|CD8A,Non-classical Monocytes,NK Cells,HLA-B,CD8A,-0.16762647038197254,-0.3066528453990495,-0.02860009536489555,42,0.5033553105126252,10.905461348856132,0.01811974749969128,0.17278717710082966
NK Cells|NK Cells|ICAM3|ITGAL,NK Cells,NK Cells,ICAM3,ITGAL,0.23898688533794626,0.04054445996498024,0.4374293107109123,56,0.18095278083662392,12.823253107384767,0.018254696902449345,0.17313497802988057
pDCs|Non-classical Monocytes|GNAI2|S1PR4,pDCs,Non-classical Monocytes,GNAI2,S1PR4,-0.27453701782592654,-0.5027082025439131,-0.04636583310794001,44,0.10358600894815373,10.877998116002292,0.018361762608629994,0.17313497802988057
pDCs|B Cells|TGFB1|ITGB1,pDCs,B Cells,TGFB1,ITGB1,-0.4204044629650675,-0.7696869837624865,-0.0711219421676485,34,0.2291356746221307,9.830653547629934,0.018321408750076,0.17313497802988057
Non-classical Monocytes|Classical Monocytes|PSEN1|CD44,Non-classical Monocytes,Classical Monocytes,PSEN1,CD44,0.18972419521497863,0.0315279372023769,0.34792045322758036,56,0.22426272891352528,12.823253107384767,0.01874429583950695,0.17428146301192574
CD8 T Cells|pDCs|HLA-DRA|CD4,CD8 T Cells,pDCs,HLA-DRA,CD4,0.26497738511421687,0.04406247397299401,0.4858922962554397,43,0.25147297708442085,10.683833490877575,0.018728688916558007,0.17428146301192574
Non-classical Monocytes|Classical Monocytes|VIM|CD44,Non-classical Monocytes,Classical Monocytes,VIM,CD44,-0.04570865143715558,-0.08382634707262454,-0.007590955801686609,56,0.23709647104603115,12.823253107384767,0.018759223561236167,0.17428146301192574
B Cells|CD8 T Cells|ICAM3|ITGAL,B Cells,CD8 T Cells,ICAM3,ITGAL,-0.15553664031571185,-0.2852187182883549,-0.02585456234306885,56,0.15206080836580926,12.823253107384767,0.01873714347382278,0.17428146301192574
CD8 T Cells|CD4 T Cells|HLA-B|CD3D,CD8 T Cells,CD4 T Cells,HLA-B,CD3D,-0.0008236624093129336,-0.0015117411057729655,-0.00013558371285290148,56,0.18672144990813144,12.823253107384767,0.01896752344055378,0.1749304077893409
Classical Monocytes|B Cells|S100A8|ITGB2,Classical Monocytes,B Cells,S100A8,ITGB2,-0.05105917390828299,-0.0936921487835983,-0.00842619903296768,56,0.14594082606054914,12.823253107384767,0.018907926921935422,0.1749304077893409
NK Cells|Non-classical Monocytes|HLA-A|LILRB2,NK Cells,Non-classical Monocytes,HLA-A,LILRB2,-0.012997247823760438,-0.023883637408661985,-0.002110858238858893,56,0.0606505120517109,12.823253107384767,0.019283806272364205,0.17534745943299831
Non-classical Monocytes|Non-classical Monocytes|GPI|AMFR,Non-classical Monocytes,Non-classical Monocytes,GPI,AMFR,0.41511097770175087,0.06780470711418918,0.7624172482893126,28,0.1787812513447249,8.590140991407072,0.019149473415124477,0.17534745943299831
Non-classical Monocytes|CD4 T Cells|CD86|CD28,Non-classical Monocytes,CD4 T Cells,CD86,CD28,-0.23201121769439373,-0.42635238302758477,-0.03767005236120269,56,0.10041569507178649,12.823253107384767,0.019290302224920276,0.17534745943299831
CD4 T Cells|Non-classical Monocytes|CD28|CD86,CD4 T Cells,Non-classical Monocytes,CD28,CD86,-0.23201121769439373,-0.42635238302758477,-0.03767005236120269,56,0.10041569507178649,12.823253107384767,0.019290302224920276,0.17534745943299831
NK Cells|pDCs|HLA-C|LILRB1,NK Cells,pDCs,HLA-C,LILRB1,-0.2780490254139705,-0.511645264441756,-0.04445278638618494,43,0.1625906533207888,10.683833490877575,0.01965127980977966,0.1779884734025563
CD8 T Cells|Classical Monocytes|CIRBP|TREM1,CD8 T Cells,Classical Monocytes,CIRBP,TREM1,-0.15893468057013782,-0.2926133278670393,-0.025256033273236334,56,0.154408678245469,12.823253107384767,0.019792316636056264,0.17862565764040778
NK Cells|NK Cells|SELPLG|ITGB2,NK Cells,NK Cells,SELPLG,ITGB2,-0.21577463010124384,-0.39823112088908097,-0.033318139313406686,56,0.27662003066903873,12.823253107384767,0.020456364237584047,0.18103364399330502
pDCs|B Cells|TNFSF13B|CD40,pDCs,B Cells,TNFSF13B,CD40,-0.21881059096375688,-0.4042253097926328,-0.033395872134880905,43,0.1384795861038851,10.683833490877575,0.020723637548440393,0.18103364399330502
Classical Monocytes|NK Cells|HLA-B|CD8A,Classical Monocytes,NK Cells,HLA-B,CD8A,-0.1772314611663679,-0.3273889501758566,-0.027073972156879178,42,0.5118294798299781,10.905461348856132,0.020703237780937727,0.18103364399330502
pDCs|B Cells|HLA-A|APLP2,pDCs,B Cells,HLA-A,APLP2,-0.28847592243393283,-0.5334343877798797,-0.04351745708798596,41,0.14780691652232558,10.935391584391928,0.020990446256445732,0.18103364399330502
B Cells|CD4 T Cells|HLA-DQB1|CD4,B Cells,CD4 T Cells,HLA-DQB1,CD4,-0.16441642440447696,-0.303199227919593,-0.025633620889360914,56,0.271263103229208,12.823253107384767,0.02023425460817758,0.18103364399330502
Non-classical Monocytes|CD4 T Cells|PSEN1|CD44,Non-classical Monocytes,CD4 T Cells,PSEN1,CD44,0.25084826391852855,0.0380928596382796,0.4636036681987775,56,0.15230747193015615,12.823253107384767,0.02083913238031797,0.18103364399330502
CD8 T Cells|Classical Monocytes|IL16|CD4,CD8 T Cells,Classical Monocytes,IL16,CD4,-0.19014615241569538,-0.35134479378029904,-0.028947511051091696,56,0.21803550108906333,12.823253107384767,0.020781665767933628,0.18103364399330502
Classical Monocytes|Classical Monocytes|VIM|CD44,Classical Monocytes,Classical Monocytes,VIM,CD44,-0.02145440791617527,-0.039629151591827984,-0.003279664240522555,56,0.20906954371230002,12.823253107384767,0.020687317932608546,0.18103364399330502
CD8 T Cells|Classical Monocytes|CD99|PILRA,CD8 T Cells,Classical Monocytes,CD99,PILRA,-0.1983015683731632,-0.36664851357104356,-0.02995462317528283,56,0.2492530564086085,12.823253107384767,0.020959792450119332,0.18103364399330502
NK Cells|CD8 T Cells|HLA-DRA|LAG3,NK Cells,CD8 T Cells,HLA-DRA,LAG3,0.26900382512175247,0.04132940775343191,0.49667824249007303,54,0.25743976521721224,12.79531477744459,0.020571736245563327,0.18103364399330502
Non-classical Monocytes|Non-classical Monocytes|LTB|TNFRSF1A,Non-classical Monocytes,Non-classical Monocytes,LTB,TNFRSF1A,-0.338025178547507,-0.6232832041019587,-0.052767152993055344,56,0.1606904783147164,12.823253107384767,0.02020500815205779,0.18103364399330502
CD4 T Cells|Non-classical Monocytes|CD99|PILRA,CD4 T Cells,Non-classical Monocytes,CD99,PILRA,-0.2910047274214046,-0.5372341665601934,-0.04477528828261573,56,0.20430743429286824,12.823253107384767,0.020538009028084444,0.18103364399330502
Classical Monocytes|Non-classical Monocytes|HLA-DRB1|CD4,Classical Monocytes,Non-classical Monocytes,HLA-DRB1,CD4,-0.20946061930367205,-0.38723986223151524,-0.03168137637582885,56,0.11864877068329338,12.823253107384767,0.02093016377487809,0.18103364399330502
NK Cells|Non-classical Monocytes|CD99|PILRA,NK Cells,Non-classical Monocytes,CD99,PILRA,-0.15198451521189382,-0.2812460536638469,-0.022722976759940727,56,0.2206062734069102,12.823253107384767,0.021194175644274768,0.1816014884209595
Non-classical Monocytes|Non-classical Monocytes|GNAI2|C5AR1,Non-classical Monocytes,Non-classical Monocytes,GNAI2,C5AR1,-0.23531504889014493,-0.43545754249401913,-0.03517255528627075,56,0.237518865149273,12.823253107384767,0.021200015466633578,0.1816014884209595
CD8 T Cells|pDCs|HLA-A|LILRB1,CD8 T Cells,pDCs,HLA-A,LILRB1,-0.34503311668876824,-0.638681677555462,-0.05138455582207452,43,0.17509087994135286,10.683833490877575,0.021282704889914003,0.18169390289463744
Non-classical Monocytes|Classical Monocytes|GNAS|ADCY7,Non-classical Monocytes,Classical Monocytes,GNAS,ADCY7,-0.26002018429159696,-0.4819244804179744,-0.038115888165219464,56,0.2754318779144067,12.823253107384767,0.02164036616658119,0.18324605945356978
Classical Monocytes|pDCs|RETN|CAP1,Classical Monocytes,pDCs,RETN,CAP1,-0.3159825019372944,-0.5857314046928934,-0.046233599181695395,43,0.18248837776904725,10.683833490877575,0.021682062436334533,0.18324605945356978
B Cells|NK Cells|FAM3C|LAMP1,B Cells,NK Cells,FAM3C,LAMP1,-0.22765905724528612,-0.4218632860674645,-0.033454828423107735,56,0.16974557360780673,12.823253107384767,0.021584590063351203,0.18324605945356978
B Cells|NK Cells|HLA-B|CD8A,B Cells,NK Cells,HLA-B,CD8A,-0.16713171388773307,-0.3099690210675261,-0.024294406707940003,42,0.5026642564640857,10.905461348856132,0.021829392631631576,0.18387625060044333
Non-classical Monocytes|CD4 T Cells|VIM|CD44,Non-classical Monocytes,CD4 T Cells,VIM,CD44,-0.04320304676075103,-0.08040367640860514,-0.00600241711289691,56,0.22874913334263447,12.823253107384767,0.02283349118396137,0.19152798894007905
Non-classical Monocytes|CD4 T Cells|LRPAP1|SORL1,Non-classical Monocytes,CD4 T Cells,LRPAP1,SORL1,-0.149302346249561,-0.27812150465382324,-0.02048318784529879,56,0.12153023077156277,12.823253107384767,0.02310992007835067,0.19152798894007905
Classical Monocytes|B Cells|ICAM1|IL2RG,Classical Monocytes,B Cells,ICAM1,IL2RG,-0.2416253986620273,-0.4504405171426919,-0.03281028018136273,46,0.1496270670565487,11.257444407177868,0.023333763258009496,0.19152798894007905
B Cells|Classical Monocytes|LRPAP1|LRP1,B Cells,Classical Monocytes,LRPAP1,LRP1,0.03477018141127286,0.004792530587112254,0.06474783223543347,56,0.06402270340051874,12.823253107384767,0.02300788720655656,0.19152798894007905
NK Cells|Non-classical Monocytes|PTPN6|CD300LF,NK Cells,Non-classical Monocytes,PTPN6,CD300LF,-0.25808999505456004,-0.48054728683368714,-0.03563270327543294,56,0.0895111002354606,12.823253107384767,0.022971605207021076,0.19152798894007905
B Cells|Classical Monocytes|LGALS1|PTPRC,B Cells,Classical Monocytes,LGALS1,PTPRC,-0.24266408520043906,-0.452377991724838,-0.03295017867604011,53,0.13352887732334273,13.001070204273278,0.023334517848902055,0.19152798894007905
CD4 T Cells|NK Cells|CLEC2B|KLRF1,CD4 T Cells,NK Cells,CLEC2B,KLRF1,-0.22445443756239453,-0.4184424493921515,-0.030466425732637525,55,0.4333495543674927,12.96329824896671,0.023342468006105153,0.19152798894007905
Non-classical Monocytes|B Cells|ADAM10|CD44,Non-classical Monocytes,B Cells,ADAM10,CD44,-0.23095646839695771,-0.4305663561503559,-0.03134658064355955,56,0.17636399055986252,12.823253107384767,0.023344131615965314,0.19152798894007905
Non-classical Monocytes|Non-classical Monocytes|ICAM3|ITGAL,Non-classical Monocytes,Non-classical Monocytes,ICAM3,ITGAL,0.21713528587328423,0.028392637017399247,0.4058779347291692,56,0.1927113360221694,12.823253107384767,0.024145747066833263,0.1951646384836199
Classical Monocytes|B Cells|S100A9|ITGB2,Classical Monocytes,B Cells,S100A9,ITGB2,-0.03815571619632366,-0.07132869402030008,-0.004982738372347237,56,0.15334258610941298,12.823253107384767,0.02417353852211042,0.1951646384836199
pDCs|Non-classical Monocytes|APP|LRP10,pDCs,Non-classical Monocytes,APP,LRP10,0.2070594728181103,0.027265375073267928,0.38685357056295266,44,0.13062112967050932,10.877998116002292,0.023996319687113122,0.1951646384836199
Classical Monocytes|CD8 T Cells|ICAM1|IL2RG,Classical Monocytes,CD8 T Cells,ICAM1,IL2RG,0.20817702925324405,0.027357662239472974,0.3889963962670151,46,0.1090714435172494,11.257444407177868,0.024039135313675408,0.1951646384836199
CD8 T Cells|pDCs|SELPLG|ITGB2,CD8 T Cells,pDCs,SELPLG,ITGB2,-0.23460937957569533,-0.4384473856977854,-0.030771373453605255,44,0.1973187036342886,10.877998116002292,0.02408065120386438,0.1951646384836199
NK Cells|pDCs|SELPLG|ITGB2,NK Cells,pDCs,SELPLG,ITGB2,-0.24268081792472046,-0.45403279489685755,-0.03132884095258337,44,0.17378787473046842,10.877998116002292,0.024417811925575256,0.19650895138830787
Classical Monocytes|Classical Monocytes|HBEGF|CD44,Classical Monocytes,Classical Monocytes,HBEGF,CD44,0.1999832344239697,0.02571376100658543,0.374252707841354,50,0.09265589260545426,11.983689349526355,0.024502315365697008,0.19656301882259156
CD8 T Cells|pDCs|HLA-DRB1|CD4,CD8 T Cells,pDCs,HLA-DRB1,CD4,0.30066262517599973,0.03791680268637665,0.5634084476656228,43,0.10766435738098112,10.683833490877575,0.024909325022704955,0.19856739537026946
Non-classical Monocytes|Classical Monocytes|SERPINA1|LRP1,Non-classical Monocytes,Classical Monocytes,SERPINA1,LRP1,-0.23621937698002318,-0.44255167725991695,-0.02988707670012944,56,0.11806242545957146,12.823253107384767,0.024841199616974684,0.19856739537026946
Non-classical Monocytes|CD4 T Cells|HLA-DRB1|CD4,Non-classical Monocytes,CD4 T Cells,HLA-DRB1,CD4,-0.19047003312256117,-0.3573345189768371,-0.02360554726828526,56,0.20265782781980135,12.823253107384767,0.025271244485625156,0.20081897740620996
Non-classical Monocytes|CD4 T Cells|CD58|CD2,Non-classical Monocytes,CD4 T Cells,CD58,CD2,0.2063641754027049,0.02456260972678795,0.3881657410786219,56,0.1026577335814054,12.823253107384767,0.026096799715803483,0.20623841712325425
pDCs|Non-classical Monocytes|HLA-C|LILRA1,pDCs,Non-classical Monocytes,HLA-C,LILRA1,-0.22283760391156343,-0.41917766267658607,-0.02649754514654079,44,0.16231393292039753,10.877998116002292,0.026116459627796344,0.20623841712325425
pDCs|pDCs|SELPLG|SELL,pDCs,pDCs,SELPLG,SELL,-0.2560449070827072,-0.4820441032527603,-0.030045710912654122,44,0.13440500361727326,10.877998116002292,0.02638257118774265,0.20769083299509558
Classical Monocytes|Non-classical Monocytes|LGALS9|PTPRC,Classical Monocytes,Non-classical Monocytes,LGALS9,PTPRC,-0.17796264184390004,-0.3353231171818917,-0.020602166505908404,56,0.10728209346091222,12.823253107384767,0.02665255045884035,0.20916458077481231
NK Cells|Non-classical Monocytes|PKM|CD44,NK Cells,Non-classical Monocytes,PKM,CD44,-0.20426021527894245,-0.38513230727297204,-0.023388123284912854,56,0.0931912292507272,12.823253107384767,0.02686993709538745,0.20978241116893961
CD4 T Cells|NK Cells|LGALS1|ITGB1,CD4 T Cells,NK Cells,LGALS1,ITGB1,-0.2792439083795395,-0.526558322132477,-0.031929494626601995,56,0.1074985488032586,12.823253107384767,0.026897309544414896,0.20978241116893961
Non-classical Monocytes|pDCs|IL16|CD4,Non-classical Monocytes,pDCs,IL16,CD4,-0.3174238395828954,-0.5987491967289524,-0.036098482436838275,42,0.34103310462447445,10.486563748480568,0.027004117135197566,0.20996739692505922
Non-classical Monocytes|CD4 T Cells|TIMP2|ITGB1,Non-classical Monocytes,CD4 T Cells,TIMP2,ITGB1,0.1942723338084787,0.02136850168090551,0.36717616593605185,56,0.10412235644574164,12.823253107384767,0.027652017802866892,0.2143455490424682
CD4 T Cells|Classical Monocytes|S100A9|CD36,CD4 T Cells,Classical Monocytes,S100A9,CD36,0.29496913004982805,0.03200931596361095,0.5579289441360451,53,0.0888289693184885,12.805316252406456,0.02791032204276982,0.2144389078239508
pDCs|Non-classical Monocytes|HLA-B|LILRB2,pDCs,Non-classical Monocytes,HLA-B,LILRB2,-0.045043942878387894,-0.0852019632268392,-0.0048859225299365885,44,0.12147919253985984,10.877998116002292,0.02791863896876922,0.2144389078239508
Non-classical Monocytes|Non-classical Monocytes|HLA-B|LILRB2,Non-classical Monocytes,Non-classical Monocytes,HLA-B,LILRB2,-0.029838608700546596,-0.05642237900719348,-0.003254838393899718,56,0.10798928350330861,12.823253107384767,0.027811422511917136,0.2144389078239508
Non-classical Monocytes|pDCs|MIF|CD44_CD74,Non-classical Monocytes,pDCs,MIF,CD44_CD74,0.20167945745527932,0.021541154142174446,0.3818177607683842,44,0.22257139942737525,10.877998116002292,0.0282110601804578,0.21602833053338444
CD4 T Cells|CD4 T Cells|CLEC2D|KLRB1,CD4 T Cells,CD4 T Cells,CLEC2D,KLRB1,0.18744468299854078,0.019702376145361605,0.3551869898517199,56,0.07235855226831744,12.823253107384767,0.02851162502162528,0.21767032153971927
NK Cells|pDCs|HLA-A|LILRB1,NK Cells,pDCs,HLA-A,LILRB1,-0.32273050250553026,-0.6139920294044494,-0.031468975606611105,43,0.1655381087792671,10.683833490877575,0.029876354119012537,0.22179064212566837
Non-classical Monocytes|CD4 T Cells|VCAN|SELL,Non-classical Monocytes,CD4 T Cells,VCAN,SELL,0.2790431718242386,0.027155814623319174,0.530930529025158,55,0.1436872410929858,12.837866108718586,0.02991103714405937,0.22179064212566837
Non-classical Monocytes|CD8 T Cells|B2M|KLRD1,Non-classical Monocytes,CD8 T Cells,B2M,KLRD1,-0.07281886526248887,-0.13836924747606144,-0.007268483048916308,55,0.6217922076278741,12.96329824896671,0.029458752986156727,0.22179064212566837
Classical Monocytes|NK Cells|ADAM17|ITGB1,Classical Monocytes,NK Cells,ADAM17,ITGB1,0.20206955368658147,0.019937328097862805,0.38420177927530014,56,0.07565697507377123,12.823253107384767,0.029666566191441538,0.22179064212566837
CD4 T Cells|NK Cells|HLA-B|CD8A,CD4 T Cells,NK Cells,HLA-B,CD8A,-0.1524229192261254,-0.2898403608824407,-0.01500547756981005,42,0.5058664133763225,10.905461348856132,0.029706275277851,0.22179064212566837
Non-classical Monocytes|Classical Monocytes|RPS19|C5AR1,Non-classical Monocytes,Classical Monocytes,RPS19,C5AR1,-0.04860209251843539,-0.09245242985279947,-0.00475175518407131,56,0.19049512585702888,12.823253107384767,0.029829151975157328,0.22179064212566837
Non-classical Monocytes|Non-classical Monocytes|LGALS9|PTPRC,Non-classical Monocytes,Non-classical Monocytes,LGALS9,PTPRC,-0.14829380883448873,-0.2818987965351393,-0.014688821133838181,56,0.06969963867348106,12.823253107384767,0.029596661048252162,0.22179064212566837
Non-classical Monocytes|Non-classical Monocytes|CALR|LRP1,Non-classical Monocytes,Non-classical Monocytes,CALR,LRP1,-0.23209537293131377,-0.44162673111806916,-0.02256401474455838,56,0.09152943722340245,12.823253107384767,0.029929010274971475,0.22179064212566837
pDCs|Non-classical Monocytes|HMGB1|TLR2,pDCs,Non-classical Monocytes,HMGB1,TLR2,0.23408806933976273,0.022881259067422305,0.4452948796121031,44,0.12338971740471749,10.877998116002292,0.029833173674234263,0.22179064212566837
B Cells|Classical Monocytes|HLA-DPB1|CD4,B Cells,Classical Monocytes,HLA-DPB1,CD4,-0.08308555123288658,-0.1577389924530272,-0.008432110012745964,56,0.2548026312070507,12.823253107384767,0.02915812884022727,0.22179064212566837
Non-classical Monocytes|B Cells|ADAM17|ITGB1,Non-classical Monocytes,B Cells,ADAM17,ITGB1,-0.1751689886001211,-0.3334573105536245,-0.016880666646617692,45,0.39813905284526896,11.486669209818757,0.030083864520194452,0.22228633228810346
CD4 T Cells|CD4 T Cells|HLA-B|CD3D,CD4 T Cells,CD4 T Cells,HLA-B,CD3D,-0.002456477278575661,-0.004678674433735706,-0.00023428012341561574,56,0.11828121253858781,12.823253107384767,0.030265551533966314,0.22275801974378684
NK Cells|Classical Monocytes|RPS19|C5AR1,NK Cells,Classical Monocytes,RPS19,C5AR1,-0.05353449172641646,-0.10198038284671748,-0.005088600606115427,56,0.1841570720115978,12.823253107384767,0.030324004270622346,0.22275801974378684
pDCs|Classical Monocytes|HLA-DMB|CD4,pDCs,Classical Monocytes,HLA-DMB,CD4,0.1996097811541664,0.018752260744887755,0.380467301563445,44,0.21633668019323415,10.877998116002292,0.03052707815977128,0.22359978698475946
Classical Monocytes|Classical Monocytes|GNAI2|ADCY7,Classical Monocytes,Classical Monocytes,GNAI2,ADCY7,-0.17882069184646793,-0.34141274950368017,-0.016228634189255714,56,0.10997394018164974,12.823253107384767,0.031115548860491102,0.22685978573905832
Classical Monocytes|CD8 T Cells|HLA-DPA1|LAG3,Classical Monocytes,CD8 T Cells,HLA-DPA1,LAG3,-0.20697963673644748,-0.3955532397042646,-0.018406033768630398,55,0.29362095823905354,12.658421525295251,0.03145493711212079,0.22685978573905832
Classical Monocytes|CD8 T Cells|B2M|KLRD1,Classical Monocytes,CD8 T Cells,B2M,KLRD1,-0.08026206166497801,-0.15358269554317755,-0.006941427786778476,55,0.6050699543624665,12.96329824896671,0.031911442459358896,0.22685978573905832
CD8 T Cells|CD4 T Cells|CLEC2D|KLRB1,CD8 T Cells,CD4 T Cells,CLEC2D,KLRB1,0.24529659080504182,0.021151319499233462,0.46944186211085015,55,0.08547949407162636,12.658421525295251,0.03195966906335764,0.22685978573905832
Classical Monocytes|Non-classical Monocytes|RNASE2|TLR2,Classical Monocytes,Non-classical Monocytes,RNASE2,TLR2,0.3395331929214406,0.029759902506745095,0.649306483336136,56,0.20978690204462913,12.823253107384767,0.031693296080371344,0.22685978573905832
B Cells|CD4 T Cells|HLA-DRA|CD4,B Cells,CD4 T Cells,HLA-DRA,CD4,-0.12176604066202877,-0.23280185571405557,-0.010730225610001976,56,0.2443445836446917,12.823253107384767,0.031605078429233595,0.22685978573905832
Non-classical Monocytes|CD4 T Cells|ADAM10|CD44,Non-classical Monocytes,CD4 T Cells,ADAM10,CD44,0.20706547066219175,0.01833201268335763,0.39579892864102584,56,0.09520406329726794,12.823253107384767,0.03152843071391165,0.22685978573905832
CD4 T Cells|CD4 T Cells|PKM|CD44,CD4 T Cells,CD4 T Cells,PKM,CD44,-0.1851602155110053,-0.35406571950898913,-0.01625471151302149,56,0.09455579341696896,12.823253107384767,0.031667536576044236,0.22685978573905832
CD8 T Cells|Non-classical Monocytes|HLA-A|LILRB2,CD8 T Cells,Non-classical Monocytes,HLA-A,LILRB2,-0.013004494500359842,-0.02488503416113852,-0.001123954839581165,56,0.05934039611773734,12.823253107384767,0.031922015022715945,0.22685978573905832
Non-classical Monocytes|Non-classical Monocytes|TGFB1|LPP,Non-classical Monocytes,Non-classical Monocytes,TGFB1,LPP,-0.35755061034792135,-0.683520501606988,-0.031580719088854736,54,0.19397615996059092,12.491554402353886,0.03156709427976406,0.22685978573905832
Classical Monocytes|CD8 T Cells|RETN|CAP1,Classical Monocytes,CD8 T Cells,RETN,CAP1,-0.2592441655374013,-0.495133065295198,-0.023355265779604617,55,0.1001809068526811,12.658421525295251,0.031238663414847937,0.22685978573905832
CD8 T Cells|CD8 T Cells|TIMP1|CD63,CD8 T Cells,CD8 T Cells,TIMP1,CD63,-0.2380155629266418,-0.4556612733730643,-0.020369852480219303,50,0.31190896756150266,12.101630309997411,0.03208095059106885,0.22708280712501674
CD8 T Cells|NK Cells|TGFB1|ITGB1,CD8 T Cells,NK Cells,TGFB1,ITGB1,-0.20434070927764345,-0.39131997122200723,-0.017361447333279628,55,0.06224535290638533,12.96329824896671,0.03219741937995743,0.22727061109819113
NK Cells|Non-classical Monocytes|HLA-A|LILRB1,NK Cells,Non-classical Monocytes,HLA-A,LILRB1,-0.1661596810773265,-0.3184013601427667,-0.01391800201188631,56,0.08400854699616134,12.823253107384767,0.03242394603418977,0.22793322212909925
B Cells|Non-classical Monocytes|HLA-A|LILRB1,B Cells,Non-classical Monocytes,HLA-A,LILRB1,-0.23800747729481478,-0.4561388734569361,-0.019876081132693457,56,0.1266823688572004,12.823253107384767,0.03247168973742609,0.22793322212909925
Classical Monocytes|Non-classical Monocytes|GRN|TNFRSF1B,Classical Monocytes,Non-classical Monocytes,GRN,TNFRSF1B,-0.10534282730792688,-0.20212529672489066,-0.0085603578909631,56,0.05657375614466942,12.823253107384767,0.032898340748738715,0.230288385241171
NK Cells|CD4 T Cells|SELPLG|SELL,NK Cells,CD4 T Cells,SELPLG,SELL,0.2220100379691582,0.017911127075874667,0.4261089488624417,56,0.13111256128053184,12.823253107384767,0.03300974647543455,0.23034642807994504
pDCs|pDCs|APP|TNFRSF21,pDCs,pDCs,APP,TNFRSF21,-0.28843413299673626,-0.5537179734924516,-0.023150292501020908,42,0.1937051129594165,10.486563748480568,0.03308894079660469,0.23034642807994504
pDCs|Non-classical Monocytes|HLA-A|LILRB1,pDCs,Non-classical Monocytes,HLA-A,LILRB1,-0.2545843133083017,-0.48932585997567235,-0.01984276664093107,44,0.2217209088544937,10.877998116002292,0.033533223669623684,0.23279795662950287
CD4 T Cells|NK Cells|GNAI2|S1PR5,CD4 T Cells,NK Cells,GNAI2,S1PR5,-0.14972287799964434,-0.2881969523015553,-0.011248803697733428,56,0.3704580639867714,12.823253107384767,0.034075282393146174,0.23526841149584804
NK Cells|CD4 T Cells|ARF6|SMAP1,NK Cells,CD4 T Cells,ARF6,SMAP1,0.1665331079709739,0.012561634093657403,0.3205045818482904,55,0.11083797696200737,12.658421525295251,0.03401734664236914,0.23526841149584804
Non-classical Monocytes|NK Cells|TGFB1|ITGB1,Non-classical Monocytes,NK Cells,TGFB1,ITGB1,-0.22651871854661693,-0.4363784626812293,-0.016658974412004535,56,0.07619275381211954,12.823253107384767,0.03438320020163458,0.23610420355850703
CD4 T Cells|CD4 T Cells|CALM1|PTPRA,CD4 T Cells,CD4 T Cells,CALM1,PTPRA,0.17130965691857591,0.012608141477442797,0.330011172359709,55,0.15173849932183137,12.658421525295251,0.034372496264918034,0.23610420355850703
B Cells|CD4 T Cells|CD22|PTPRC,B Cells,CD4 T Cells,CD22,PTPRC,-0.16762004314485512,-0.32315069854846057,-0.01208938774124968,56,0.08617259500621488,12.823253107384767,0.03465970946025781,0.23707629799935379
CD4 T Cells|B Cells|CD40LG|CD40,CD4 T Cells,B Cells,CD40LG,CD40,-0.13972309328858515,-0.2694065458202479,-0.010039640756922347,56,0.06261901272415749,12.823253107384767,0.034712398203308625,0.23707629799935379
pDCs|Classical Monocytes|HLA-DRA|CD4,pDCs,Classical Monocytes,HLA-DRA,CD4,-0.09922245671903618,-0.1914437709135216,-0.007001142524550738,44,0.21357714842811626,10.877998116002292,0.03496546854353939,0.23816102158901353
pDCs|CD8 T Cells|B2M|KLRD1,pDCs,CD8 T Cells,B2M,KLRD1,-0.09375734462451696,-0.18100698889995534,-0.006507700349078577,43,0.6037649506251395,10.975902595125358,0.03519114517243527,0.23835781435715225
NK Cells|CD4 T Cells|MIF|TNFRSF14,NK Cells,CD4 T Cells,MIF,TNFRSF14,0.22131898751558535,0.015269891351832182,0.42736808367933854,56,0.09045435624367948,12.823253107384767,0.03527276745540528,0.23835781435715225
Non-classical Monocytes|Classical Monocytes|HLA-DRB1|CD4,Non-classical Monocytes,Classical Monocytes,HLA-DRB1,CD4,-0.0973878879873575,-0.18805876426659052,-0.0067170117081244846,56,0.26863038311684506,12.823253107384767,0.035277333822546476,0.23835781435715225
B Cells|B Cells|PKM|CD44,B Cells,B Cells,PKM,CD44,0.20019187388487836,0.013603299817903064,0.3867804479518536,56,0.17998015653242128,12.823253107384767,0.03547837766569023,0.23907696096319792
NK Cells|B Cells|SEMA4D|CD72,NK Cells,B Cells,SEMA4D,CD72,0.2195576375234652,0.014720346079611674,0.4243949289673187,53,0.09730609156287628,12.805316252406456,0.035657291651078456,0.23932822560653425
Classical Monocytes|Classical Monocytes|COPA|CD74,Classical Monocytes,Classical Monocytes,COPA,CD74,-0.16831635575255277,-0.32546904034283225,-0.011163671162273292,56,0.10212411547668443,12.823253107384767,0.035799789979924786,0.23932822560653425
Non-classical Monocytes|Classical Monocytes|ANXA2|TLR2,Non-classical Monocytes,Classical Monocytes,ANXA2,TLR2,-0.15652791449701822,-0.3026174976260453,-0.01043833136799116,56,0.11565186613719547,12.823253107384767,0.035728268839356696,0.23932822560653425
Classical Monocytes|Non-classical Monocytes|HLA-B|LILRB2,Classical Monocytes,Non-classical Monocytes,HLA-B,LILRB2,-0.04068421768986219,-0.0787314804095714,-0.0026369549701529757,56,0.09610524464671166,12.823253107384767,0.03609959068283782,0.24069568774546485
B Cells|Classical Monocytes|HLA-DQA1|CD4,B Cells,Classical Monocytes,HLA-DQA1,CD4,-0.22929503717372773,-0.4438635613812909,-0.014726512966164562,56,0.22050885986204916,12.823253107384767,0.03621702216867894,0.24084319742171498
CD4 T Cells|NK Cells|VIM|CD44,CD4 T Cells,NK Cells,VIM,CD44,-0.14055654509023505,-0.27218100445965876,-0.008932085720811361,56,0.208217419647594,12.823253107384767,0.03635202160022886,0.2411064529757961
Non-classical Monocytes|Classical Monocytes|ICAM1|ITGAM_ITGB2,Non-classical Monocytes,Classical Monocytes,ICAM1,ITGAM_ITGB2,0.07882001816834636,0.004953393633528022,0.15268664270316468,47,0.14470994117083336,11.640813492190432,0.03649253949434124,0.24140483586963432
pDCs|Classical Monocytes|HLA-F|LILRB2,pDCs,Classical Monocytes,HLA-F,LILRB2,-0.19820441202063263,-0.38441556185945247,-0.011993262181812792,44,0.28027269147964895,10.877998116002292,0.036960603445083985,0.2429272255769537
NK Cells|CD4 T Cells|LGALS1|CD69,NK Cells,CD4 T Cells,LGALS1,CD69,0.08056227027210251,0.0049251500213239735,0.15619939052288107,56,0.22158901742594905,12.823253107384767,0.036835011031570296,0.2429272255769537
CD4 T Cells|CD8 T Cells|B2M|KLRD1,CD4 T Cells,CD8 T Cells,B2M,KLRD1,-0.04726621823736876,-0.09168423915319901,-0.002848197321538515,55,0.6121729087423242,12.96329824896671,0.03701107314884336,0.2429272255769537
B Cells|Non-classical Monocytes|HLA-C|LILRB1,B Cells,Non-classical Monocytes,HLA-C,LILRB1,-0.22774844309676334,-0.4421252423651085,-0.013371643828418212,56,0.10875490189505432,12.823253107384767,0.03732276807923118,0.24433843247724663
NK Cells|Non-classical Monocytes|HLA-C|LILRB1,NK Cells,Non-classical Monocytes,HLA-C,LILRB1,-0.1469916076777512,-0.28548734408534504,-0.008495871270157385,56,0.08040926599437304,12.823253107384767,0.03750757210915496,0.2449137848057741
NK Cells|CD4 T Cells|TGFB1|ITGB1,NK Cells,CD4 T Cells,TGFB1,ITGB1,-0.22095511917119307,-0.42955536019795687,-0.01235487814442926,56,0.16550783923892143,12.823253107384767,0.03788952838819711,0.24613583094337815
CD4 T Cells|CD4 T Cells|VIM|CD44,CD4 T Cells,CD4 T Cells,VIM,CD44,-0.08873537229344894,-0.17249404742669217,-0.004976697160205698,56,0.15402992901013335,12.823253107384767,0.03785518306483771,0.24613583094337815
Classical Monocytes|Non-classical Monocytes|ICAM1|SPN,Classical Monocytes,Non-classical Monocytes,ICAM1,SPN,-0.32876166941820445,-0.639832058744974,-0.017691280091435002,46,0.18675333574628938,11.257444407177868,0.03831848119269798,0.24828410762550712
Non-classical Monocytes|B Cells|TIMP2|CD44,Non-classical Monocytes,B Cells,TIMP2,CD44,-0.24615914802271793,-0.47967441408004974,-0.0126438819653861,56,0.11679694780378624,12.823253107384767,0.03882018098373785,0.2483508793567229
Non-classical Monocytes|NK Cells|VIM|CD44,Non-classical Monocytes,NK Cells,VIM,CD44,-0.07995770419801476,-0.1557724757456061,-0.004142932650423439,56,0.2417140613557438,12.823253107384767,0.03872783099503061,0.2483508793567229
NK Cells|CD8 T Cells|LGALS1|CD69,NK Cells,CD8 T Cells,LGALS1,CD69,0.14533506312410388,0.007528541587874443,0.28314158466033335,56,0.27221428221445154,12.823253107384767,0.038730455314055,0.2483508793567229
Non-classical Monocytes|Classical Monocytes|PSAP|LRP1,Non-classical Monocytes,Classical Monocytes,PSAP,LRP1,-0.1643924721823585,-0.32022447517147473,-0.00856046919324227,56,0.1479466899093851,12.823253107384767,0.038674586997551316,0.2483508793567229
NK Cells|CD4 T Cells|CD48|CD2,NK Cells,CD4 T Cells,CD48,CD2,-0.24561898915643438,-0.4783997579325861,-0.01283822038028265,56,0.08156028399981308,12.823253107384767,0.0386344719124561,0.2483508793567229
NK Cells|NK Cells|HLA-F|CD8A,NK Cells,NK Cells,HLA-F,CD8A,-0.27460999504033157,-0.5355050689889289,-0.013714921091734167,42,0.1773780547603212,10.905461348856132,0.03911293316457834,0.24959187400729663
NK Cells|Classical Monocytes|CIRBP|TREM1,NK Cells,Classical Monocytes,CIRBP,TREM1,-0.14131813462689713,-0.2757732476303406,-0.0068630216234536745,56,0.13331448863303508,12.823253107384767,0.03939788566596774,0.25077696996952265
B Cells|CD4 T Cells|HLA-DPA1|CD4,B Cells,CD4 T Cells,HLA-DPA1,CD4,-0.1762452796564709,-0.3440356637448164,-0.00845489556812537,56,0.14712337775981577,12.823253107384767,0.03952050874365683,0.25092544119402216
pDCs|Non-classical Monocytes|SELPLG|ITGB2,pDCs,Non-classical Monocytes,SELPLG,ITGB2,-0.1895695989001716,-0.37026603986282947,-0.008873157937513726,44,0.15473351867788254,10.877998116002292,0.039762408086016804,0.2512987345843773
B Cells|Non-classical Monocytes|HLA-B|LILRB2,B Cells,Non-classical Monocytes,HLA-B,LILRB2,-0.03544237799298407,-0.06922850103948675,-0.001656254946481396,56,0.11602387258540359,12.823253107384767,0.03977819304857575,0.2512987345843773
B Cells|Classical Monocytes|IL16|CD4,B Cells,Classical Monocytes,IL16,CD4,-0.2350008778803151,-0.4593818277079026,-0.0106199280527276,56,0.2717230330629208,12.823253107384767,0.04009887898443598,0.2526929356450617
Classical Monocytes|Non-classical Monocytes|TGFB1|LPP,Classical Monocytes,Non-classical Monocytes,TGFB1,LPP,-0.27180342157715665,-0.5314792168498116,-0.012127626304501704,53,0.11712630390154222,12.62523127790349,0.04021827095496498,0.25281485249551366
Non-classical Monocytes|CD8 T Cells|PTDSS1|JMJD6,Non-classical Monocytes,CD8 T Cells,PTDSS1,JMJD6,0.3326333248952372,0.01462099814264256,0.6506456516478318,47,0.10060775501481112,11.442937016897016,0.04035704627441671,0.2530577070358586
CD8 T Cells|CD8 T Cells|B2M|KLRD1,CD8 T Cells,CD8 T Cells,B2M,KLRD1,-0.039048819899539566,-0.07641705664968974,-0.0016805831493893891,55,0.6172034227991334,12.96329824896671,0.04054916652348667,0.25363302921992775
Classical Monocytes|CD4 T Cells|APP|LRP10,Classical Monocytes,CD4 T Cells,APP,LRP10,0.047822012267005665,0.0019029383707494449,0.09374108616326188,55,0.05483585380618694,12.658421525295251,0.04123223250873046,0.25663510233882236
Non-classical Monocytes|CD8 T Cells|SECTM1|CD7,Non-classical Monocytes,CD8 T Cells,SECTM1,CD7,0.20506894318063676,0.008239469820184475,0.40189841654108904,56,0.10310392643179178,12.823253107384767,0.04115054439267114,0.25663510233882236
CD8 T Cells|Non-classical Monocytes|HLA-A|LILRB1,CD8 T Cells,Non-classical Monocytes,HLA-A,LILRB1,-0.1752659553249403,-0.34394006905307994,-0.006591841596800652,56,0.09522773091481551,12.823253107384767,0.041694150453581554,0.2582380347946093
Non-classical Monocytes|Classical Monocytes|LTB|TNFRSF1A,Non-classical Monocytes,Classical Monocytes,LTB,TNFRSF1A,-0.29177916698162176,-0.5724925409708943,-0.011065792992349277,56,0.16543488232353531,12.823253107384767,0.04162737285020037,0.2582380347946093
CD4 T Cells|Classical Monocytes|CD40LG|CD53,CD4 T Cells,Classical Monocytes,CD40LG,CD53,-0.17703309815617546,-0.3475784750559414,-0.006487721256409479,56,0.05883601300851815,12.823253107384767,0.041898889315745445,0.2588716217625641
Classical Monocytes|Classical Monocytes|APP|PTGER2,Classical Monocytes,Classical Monocytes,APP,PTGER2,-0.08287516620882052,-0.16302389229547312,-0.0027264401221679113,55,0.2112885780520798,12.658421525295251,0.042699591609608185,0.26165364855404794
B Cells|B Cells|HLA-A|APLP2,B Cells,B Cells,HLA-A,APLP2,-0.2599407909897956,-0.5112313995221471,-0.008650182457444089,51,0.10122023285773751,12.65891800503777,0.042618265372823906,0.26165364855404794
B Cells|B Cells|LGALS1|ITGB1,B Cells,B Cells,LGALS1,ITGB1,-0.26163177272168764,-0.5148073838806728,-0.008456161562702402,44,0.11276910282699137,11.588913686680788,0.04282348336476072,0.26165364855404794
pDCs|Classical Monocytes|S100A9|ITGB2,pDCs,Classical Monocytes,S100A9,ITGB2,0.32397845363434097,0.010093827040467684,0.6378630802282143,40,0.14224246382801664,11.038302619805199,0.04307396826216222,0.26165364855404794
pDCs|pDCs|S100A9|CD68,pDCs,pDCs,S100A9,CD68,0.2772737486397777,0.008659404849173324,0.5458880924303822,40,0.17748635512529698,11.038302619805199,0.043057895306269516,0.26165364855404794
NK Cells|Non-classical Monocytes|ICAM2|ITGAL_ITGB2,NK Cells,Non-classical Monocytes,ICAM2,ITGAL_ITGB2,-0.12567631604049861,-0.24735882242168158,-0.003993809659315645,55,0.16985207206365405,12.658421525295251,0.042940007313728025,0.26165364855404794
Classical Monocytes|CD4 T Cells|S100A9|ITGB2,Classical Monocytes,CD4 T Cells,S100A9,ITGB2,-0.003864700433966639,-0.00760368366803426,-0.0001257171998990188,56,0.11605152287076137,12.823253107384767,0.04277866483825826,0.26165364855404794
pDCs|Non-classical Monocytes|CD99|PILRA,pDCs,Non-classical Monocytes,CD99,PILRA,-0.21599598899743377,-0.4254585209183701,-0.006533457076497412,44,0.20640105231683914,10.877998116002292,0.04326959422838907,0.26221166574373905
Classical Monocytes|Classical Monocytes|HLA-DRB1|CD4,Classical Monocytes,Classical Monocytes,HLA-DRB1,CD4,-0.18111664837343772,-0.3569116688686931,-0.005321627878182328,56,0.15999799531475967,12.823253107384767,0.04345650705535984,0.2627143381074027
Non-classical Monocytes|CD4 T Cells|ADAM10|TSPAN14,Non-classical Monocytes,CD4 T Cells,ADAM10,TSPAN14,0.2478955747117442,0.006465371614516852,0.4893257778089716,55,0.1819565657563198,12.658421525295251,0.04417244112792201,0.26640515210085663
CD4 T Cells|CD4 T Cells|TIMP1|CD63,CD4 T Cells,CD4 T Cells,TIMP1,CD63,-0.19579910025138406,-0.3870644845363668,-0.004533715966401286,56,0.14625691563146925,12.823253107384767,0.044811181824111784,0.26816555498159794
CD4 T Cells|B Cells|HLA-A|APLP2,CD4 T Cells,B Cells,HLA-A,APLP2,-0.22721370747163838,-0.44935680971718517,-0.005070605226091596,51,0.11573276094208906,12.65891800503777,0.04499493285009796,0.26816555498159794
CD8 T Cells|Classical Monocytes|HLA-B|LILRB2,CD8 T Cells,Classical Monocytes,HLA-B,LILRB2,-0.0640266874039703,-0.12660043223319556,-0.001452942574745042,56,0.12841768449941982,12.823253107384767,0.04491242656719414,0.26816555498159794
CD8 T Cells|Non-classical Monocytes|HLA-C|LILRB1,CD8 T Cells,Non-classical Monocytes,HLA-C,LILRB1,-0.15957814004702742,-0.31534200634714527,-0.003814273746909541,56,0.10325491182044932,12.823253107384767,0.04464768280985041,0.26816555498159794
CD4 T Cells|Classical Monocytes|RPS19|C5AR1,CD4 T Cells,Classical Monocytes,RPS19,C5AR1,-0.03797222286040301,-0.07506816238837623,-0.0008762833324297975,56,0.17587575025345337,12.823253107384767,0.04482825780508525,0.26816555498159794
CD4 T Cells|NK Cells|SIRPG|CD47,CD4 T Cells,NK Cells,SIRPG,CD47,-0.19675114188294218,-0.38936831243672565,-0.004133971329158742,53,0.12473182243384429,12.322582179956465,0.04528161786208332,0.26860715572179467
NK Cells|CD4 T Cells|CD47|SIRPG,NK Cells,CD4 T Cells,CD47,SIRPG,-0.19675114188294218,-0.38936831243672565,-0.004133971329158742,53,0.12473182243384429,12.322582179956465,0.04528161786208332,0.26860715572179467
Non-classical Monocytes|Classical Monocytes|SELPLG|ITGAM,Non-classical Monocytes,Classical Monocytes,SELPLG,ITGAM,-0.16190671971781523,-0.3212252413955773,-0.0025881980400531968,56,0.06295932929261361,12.823253107384767,0.046392518465100376,0.26908827190690676
Classical Monocytes|Non-classical Monocytes|APP|PTGER2,Classical Monocytes,Non-classical Monocytes,APP,PTGER2,0.04643414489209074,0.0006714358906691753,0.0921968538935123,55,0.052198356637605636,12.658421525295251,0.046732027902385675,0.26908827190690676
Non-classical Monocytes|Non-classical Monocytes|TIMP2|ITGB1,Non-classical Monocytes,Non-classical Monocytes,TIMP2,ITGB1,-0.124261182809316,-0.24615190944009852,-0.0023704561785334727,56,0.07096602979438693,12.823253107384767,0.04570796994322086,0.26908827190690676
CD4 T Cells|CD8 T Cells|SELPLG|SELL,CD4 T Cells,CD8 T Cells,SELPLG,SELL,-0.21905528671168625,-0.43436731476631807,-0.0037432586570544657,56,0.10367688480746828,12.823253107384767,0.04614784770700596,0.26908827190690676
Classical Monocytes|CD8 T Cells|APP|LRP10,Classical Monocytes,CD8 T Cells,APP,LRP10,0.04126306801584449,0.0006697002294262996,0.08185643580226268,55,0.038339941578349856,12.658421525295251,0.04633825824377028,0.26908827190690676
CD4 T Cells|NK Cells|BAG6|NCR3,CD4 T Cells,NK Cells,BAG6,NCR3,-0.13627189391043157,-0.27011977594937797,-0.0024240118714851933,52,0.26210641545559676,12.452974519193573,0.04599280630452486,0.26908827190690676
Classical Monocytes|B Cells|GNAI2|S1PR4,Classical Monocytes,B Cells,GNAI2,S1PR4,0.20143557415342367,0.0029649623905183553,0.399906185916329,52,0.11556424021917211,12.151432051416158,0.046674279180632605,0.26908827190690676
pDCs|Classical Monocytes|HLA-DRB1|CD4,pDCs,Classical Monocytes,HLA-DRB1,CD4,-0.1443707138066545,-0.2869352340114698,-0.0018061936018391733,44,0.22441160679371508,10.877998116002292,0.04716724295148225,0.26908827190690676
Classical Monocytes|Non-classical Monocytes|VIM|CD44,Classical Monocytes,Non-classical Monocytes,VIM,CD44,-0.03087870785443564,-0.06130628039237857,-0.0004511353164927054,56,0.18551181245349202,12.823253107384767,0.04669861475713313,0.26908827190690676
pDCs|Non-classical Monocytes|PTPN6|CLEC12A,pDCs,Non-classical Monocytes,PTPN6,CLEC12A,-0.23251560118440184,-0.4620129649186753,-0.0030182374501284415,43,0.18371789498355673,10.683833490877575,0.04706214824271173,0.26908827190690676
CD8 T Cells|B Cells|HLA-A|APLP2,CD8 T Cells,B Cells,HLA-A,APLP2,-0.20434763567884529,-0.4061471023548746,-0.0025481690028159587,51,0.1332400965387489,12.65891800503777,0.04717642191556036,0.26908827190690676
CD8 T Cells|Non-classical Monocytes|HLA-F|LILRB2,CD8 T Cells,Non-classical Monocytes,HLA-F,LILRB2,-0.24865315976579483,-0.49428342852582574,-0.003022891005763917,56,0.12645233634926212,12.823253107384767,0.04724640767745315,0.26908827190690676
B Cells|Non-classical Monocytes|HLA-DRA|CD4,B Cells,Non-classical Monocytes,HLA-DRA,CD4,-0.02375418587938989,-0.04722549637122882,-0.0002828753875509654,56,0.14090551885869507,12.823253107384767,0.04730207814675023,0.26908827190690676
pDCs|CD8 T Cells|GNAI2|S1PR4,pDCs,CD8 T Cells,GNAI2,S1PR4,-0.19256855678821264,-0.3829160007316509,-0.0022211128447744144,43,0.06641640299016716,10.683833490877575,0.047385944202047295,0.26908827190690676
CD4 T Cells|Classical Monocytes|LRPAP1|LRP1,CD4 T Cells,Classical Monocytes,LRPAP1,LRP1,0.02722535111829126,0.0004909504647732932,0.05395975177180923,56,0.050088627958731924,12.823253107384767,0.04593862981043134,0.26908827190690676
Non-classical Monocytes|NK Cells|MIF|TNFRSF14,Non-classical Monocytes,NK Cells,MIF,TNFRSF14,0.19360352513500606,0.0033479417190308003,0.3838591085509813,56,0.1883540534459771,12.823253107384767,0.046102504027499984,0.26908827190690676
Classical Monocytes|CD4 T Cells|CD14|ITGB2,Classical Monocytes,CD4 T Cells,CD14,ITGB2,-0.15730981007376144,-0.31266176253227174,-0.0019578576152511074,56,0.06864417914241872,12.823253107384767,0.04718177004660032,0.26908827190690676
CD4 T Cells|Non-classical Monocytes|GNAS|ADCY7,CD4 T Cells,Non-classical Monocytes,GNAS,ADCY7,-0.15715876880744833,-0.3118840643031391,-0.0024334733117575835,56,0.07477895660484402,12.823253107384767,0.04650401070564169,0.26908827190690676
pDCs|pDCs|S100A8|CD68,pDCs,pDCs,S100A8,CD68,0.2227167133844565,0.00437592077067081,0.4410575059982422,42,0.14772505706508787,10.977367192234547,0.04558185229725889,0.26908827190690676
B Cells|CD8 T Cells|B2M|KLRD1,B Cells,CD8 T Cells,B2M,KLRD1,-0.09583198849920249,-0.19070083864977302,-0.0009631383486319589,55,0.5689271787016272,12.96329824896671,0.04771902001756345,0.2697672563409012
Classical Monocytes|B Cells|ADAM10|CD44,Classical Monocytes,B Cells,ADAM10,CD44,-0.21238787613061588,-0.4225526707444931,-0.0022230815167386953,56,0.11673913493284749,12.823253107384767,0.04762536497426419,0.2697672563409012
Non-classical Monocytes|CD4 T Cells|ARF6|SMAP1,Non-classical Monocytes,CD4 T Cells,ARF6,SMAP1,0.15458437673142625,0.0013353486108071688,0.30783340485204536,55,0.23051043338311827,12.658421525295251,0.04803684905151582,0.2709578516812064
CD4 T Cells|Non-classical Monocytes|HLA-C|LILRB1,CD4 T Cells,Non-classical Monocytes,HLA-C,LILRB1,-0.18888665056428117,-0.3765791060731659,-0.0011941950553964464,56,0.10364899805436756,12.823253107384767,0.04856005243200771,0.27264161528710995
Classical Monocytes|Non-classical Monocytes|VCAN|ITGB1,Classical Monocytes,Non-classical Monocytes,VCAN,ITGB1,-0.103252909835525,-0.20580266098880445,-0.0007031586822455471,56,0.11613739015105584,12.823253107384767,0.04844966831877623,0.27264161528710995
pDCs|Non-classical Monocytes|PKM|CD44,pDCs,Non-classical Monocytes,PKM,CD44,-0.1816597624924397,-0.362250403494076,-0.0010691214908033764,44,0.12464597219172269,10.877998116002292,0.04865902987514309,0.27264161528710995
Classical Monocytes|B Cells|CD14|ITGB2,Classical Monocytes,B Cells,CD14,ITGB2,-0.21622368311627893,-0.43141068446328457,-0.0010366817692732677,56,0.07140055116809063,12.823253107384767,0.04890645534442787,0.27281812948205125
Non-classical Monocytes|Non-classical Monocytes|HLA-B|LILRB1,Non-classical Monocytes,Non-classical Monocytes,HLA-B,LILRB1,-0.22596569522182025,-0.45076528830019635,-0.0011661021434441199,56,0.11609587514250186,12.823253107384767,0.048823370492580384,0.27281812948205125
CD4 T Cells|Non-classical Monocytes|HLA-A|LILRB1,CD4 T Cells,Non-classical Monocytes,HLA-A,LILRB1,-0.19351765640349464,-0.3863003628854059,-0.0007349499215833499,56,0.1011027312035423,12.823253107384767,0.04913296744947887,0.2734779928300288
CD4 T Cells|Non-classical Monocytes|HLA-B|LILRB1,CD4 T Cells,Non-classical Monocytes,HLA-B,LILRB1,-0.2266214252754553,-0.4525608275816151,-0.0006820229692955648,56,0.11694399765447794,12.823253107384767,0.0493124332120592,0.2738736675315903
Classical Monocytes|CD8 T Cells|CD14|ITGB2,Classical Monocytes,CD8 T Cells,CD14,ITGB2,-0.1146376711092805,-0.22916454780934084,-0.00011079440922015515,56,0.19375166209619488,12.823253107384767,0.049778777441526985,0.2750507162498178
Non-classical Monocytes|Non-classical Monocytes|ICAM1|SPN,Non-classical Monocytes,Non-classical Monocytes,ICAM1,SPN,-0.285853975782447,-0.5713754229576227,-0.0003325286072713429,47,0.15578563508067989,11.640813492190432,0.049733777513394285,0.2750507162498178
Classical Monocytes|Non-classical Monocytes|HLA-C|LILRB1,Classical Monocytes,Non-classical Monocytes,HLA-C,LILRB1,-0.2425408867590052,-0.4849238332106383,-0.0001579403073720953,56,0.11584215484841731,12.823253107384767,0.049850901480972126,0.2750507162498178
Non-classical Monocytes|Non-classical Monocytes|HLA-C|LILRB1,Non-classical Monocytes,Non-classical Monocytes,HLA-C,LILRB1,-0.2071272269096613,-0.4142214931038589,-3.296071546363133e-05,56,0.10322352006523738,12.823253107384767,0.04996354796657241,0.27507164643034526
B Cells|Classical Monocytes|ANXA2|TLR2,B Cells,Classical Monocytes,ANXA2,TLR2,-0.19443075682119992,-0.38911677396758715,0.00025526032518727315,52,0.19436704538247995,12.33200631643905,0.05030113983535487,0.2763282181824821
Classical Monocytes|Classical Monocytes|TNFSF13B|HLA-DPB1,Classical Monocytes,Classical Monocytes,TNFSF13B,HLA-DPB1,-0.18987249485158,-0.38009493143735545,0.00034994173419544694,56,0.06033046305313827,12.823253107384767,0.05042295531907171,0.27639654683577924
CD8 T Cells|NK Cells|HLA-B|CD8A,CD8 T Cells,NK Cells,HLA-B,CD8A,-0.11075501487723075,-0.2219053573602024,0.0003953276057408889,42,0.5052158427199316,10.905461348856132,0.05082042523936239,0.2779723259304519
Classical Monocytes|NK Cells|APP|LRP10,Classical Monocytes,NK Cells,APP,LRP10,0.015210856538069396,-7.457165938996695e-05,0.03049628473552876,55,0.05030643440633209,12.658421525295251,0.05112821384745088,0.27891019733294775
Classical Monocytes|CD4 T Cells|HLA-DMA|CD4,Classical Monocytes,CD4 T Cells,HLA-DMA,CD4,-0.1819650976719463,-0.36497817208951766,0.00104797674562504,56,0.12684339211033535,12.823253107384767,0.051326391403924775,0.27891019733294775
CD8 T Cells|CD4 T Cells|LRPAP1|SORL1,CD8 T Cells,CD4 T Cells,LRPAP1,SORL1,0.017028219920585484,-9.398711091973544e-05,0.0341504269520907,56,0.04788068582104654,12.823253107384767,0.051270904817492066,0.27891019733294775
Non-classical Monocytes|CD8 T Cells|VCAN|CD44,Non-classical Monocytes,CD8 T Cells,VCAN,CD44,0.23644442715618677,-0.0014709607796488111,0.47435981509202235,55,0.11634404938852161,12.837866108718586,0.051433380275881936,0.27891019733294775
pDCs|Non-classical Monocytes|HLA-B|LILRB1,pDCs,Non-classical Monocytes,HLA-B,LILRB1,-0.2500072725002791,-0.5020561628129803,0.0020416178124220696,44,0.14148223946550453,10.877998116002292,0.05188482722238169,0.27896374125735857
CD8 T Cells|Classical Monocytes|RPS19|C5AR1,CD8 T Cells,Classical Monocytes,RPS19,C5AR1,-0.04009775569532127,-0.08051459313435738,0.0003190817437148316,56,0.17633872903756487,12.823253107384767,0.05183632818491129,0.27896374125735857
CD8 T Cells|Non-classical Monocytes|ICAM2|ITGAL_ITGB2,CD8 T Cells,Non-classical Monocytes,ICAM2,ITGAL_ITGB2,-0.0777037207785636,-0.15595856856988338,0.0005511270127561557,47,0.08652634142983529,11.260230809465511,0.051635462333698146,0.27896374125735857
NK Cells|NK Cells|CD48|CD244,NK Cells,NK Cells,CD48,CD244,0.2147357418229815,-0.0015496471489538644,0.4310211307949169,53,0.09316940782586358,13.009914758945065,0.051664207867742486,0.27896374125735857
CD4 T Cells|Non-classical Monocytes|SEMA4D|PLXNB2,CD4 T Cells,Non-classical Monocytes,SEMA4D,PLXNB2,0.05287077293815671,-0.000645054167438118,0.10638660004375153,55,0.04343788487047007,12.658421525295251,0.05282613194953235,0.28181639839264533
B Cells|Non-classical Monocytes|HLA-B|LILRB1,B Cells,Non-classical Monocytes,HLA-B,LILRB1,-0.24725125817363164,-0.49732864869884497,0.0028261323515816894,56,0.113403202381952,12.823253107384767,0.052645873861160916,0.28181639839264533
CD4 T Cells|Classical Monocytes|HLA-B|LILRB2,CD4 T Cells,Classical Monocytes,HLA-B,LILRB2,-0.08198311602766493,-0.16497885072404184,0.0010126186687119537,56,0.11343675385233509,12.823253107384767,0.05286148509620653,0.28181639839264533
NK Cells|NK Cells|HLA-B|CD8A,NK Cells,NK Cells,HLA-B,CD8A,-0.10190061677660439,-0.20498734738473945,0.0011861138315306802,42,0.5173820011296877,10.905461348856132,0.052694918029909645,0.28181639839264533
Classical Monocytes|Classical Monocytes|RPS19|C5AR1,Classical Monocytes,Classical Monocytes,RPS19,C5AR1,-0.054876530278531746,-0.11048320215556617,0.0007301415985026746,56,0.17038001239376355,12.823253107384767,0.05308501011877474,0.2824122538318816
B Cells|Non-classical Monocytes|HLA-DRB1|CD4,B Cells,Non-classical Monocytes,HLA-DRB1,CD4,-0.06855694837036812,-0.13823336458830016,0.0011194678475639208,56,0.19299775618639492,12.823253107384767,0.05379620837629706,0.2845033702425189
CD4 T Cells|Classical Monocytes|CD99|PILRA,CD4 T Cells,Classical Monocytes,CD99,PILRA,0.18459951064618832,-0.0032937517751978618,0.3724927730675745,56,0.06603558469124537,12.823253107384767,0.054153589666264976,0.2845033702425189
Classical Monocytes|NK Cells|VCAN|ITGA4,Classical Monocytes,NK Cells,VCAN,ITGA4,-0.16782296131304203,-0.33853175271691904,0.002885830090835012,56,0.11633198481274432,12.823253107384767,0.05400071763919272,0.2845033702425189
Classical Monocytes|B Cells|VIM|CD44,Classical Monocytes,B Cells,VIM,CD44,-0.05467583171998176,-0.1101968105724106,0.0008451471324470716,56,0.21550112956469514,12.823253107384767,0.053590834589424825,0.2845033702425189
NK Cells|Non-classical Monocytes|MFNG|NOTCH2,NK Cells,Non-classical Monocytes,MFNG,NOTCH2,-0.0786845968997443,-0.1587671857721457,0.001397991972657095,56,0.11528853750032442,12.823253107384767,0.05413570573862462,0.2845033702425189
Classical Monocytes|B Cells|TIMP2|ITGB1,Classical Monocytes,B Cells,TIMP2,ITGB1,-0.17411530091587996,-0.3511893019966258,0.0029587001648659073,45,0.25485611173451983,11.486669209818757,0.05395280763318325,0.2845033702425189
Classical Monocytes|Non-classical Monocytes|HLA-B|LILRB1,Classical Monocytes,Non-classical Monocytes,HLA-B,LILRB1,-0.24584458583954333,-0.496491579528634,0.00480240784954733,56,0.10786635848078752,12.823253107384767,0.05455406443298307,0.28542054000444766
NK Cells|Non-classical Monocytes|HLA-C|LILRB2,NK Cells,Non-classical Monocytes,HLA-C,LILRB2,-0.009512581163932457,-0.019209588423397546,0.0001844260955326301,56,0.07115971175779678,12.823253107384767,0.054519283821821515,0.28542054000444766
Non-classical Monocytes|CD8 T Cells|LRPAP1|SORL1,Non-classical Monocytes,CD8 T Cells,LRPAP1,SORL1,-0.0846903740391931,-0.17122823291552716,0.0018474848371409502,49,0.20584868671272827,11.624136027467104,0.0550956723950397,0.28765860359972173
CD4 T Cells|pDCs|SELPLG|ITGB2,CD4 T Cells,pDCs,SELPLG,ITGB2,-0.21328445389994222,-0.4317417174177419,0.005172809617857488,44,0.21358562366331446,10.877998116002292,0.055677121976904005,0.2900950252281163
Non-classical Monocytes|Classical Monocytes|HLA-B|LILRB2,Non-classical Monocytes,Classical Monocytes,HLA-B,LILRB2,-0.08346459160896769,-0.16899978750092223,0.00207060428298686,56,0.10846727960433789,12.823253107384767,0.05580979845224975,0.2901879849564509
Classical Monocytes|B Cells|LGALS9|CD44,Classical Monocytes,B Cells,LGALS9,CD44,0.15499301954415443,-0.004085920869199566,0.3140719599575084,56,0.19085228012943944,12.823253107384767,0.05618182604192932,0.29152253471859424
pDCs|Non-classical Monocytes|ARF6|SMAP1,pDCs,Non-classical Monocytes,ARF6,SMAP1,-0.24964883070325167,-0.5060976151138117,0.006799953707308404,43,0.14757781631532296,10.683833490877575,0.05639200436930236,0.292013514428744
CD4 T Cells|CD8 T Cells|ICAM3|ITGAL,CD4 T Cells,CD8 T Cells,ICAM3,ITGAL,0.19656659596402581,-0.005665904402728156,0.3987990963307798,56,0.17783493830391173,12.823253107384767,0.05677329955405616,0.2933867647711655
Classical Monocytes|Non-classical Monocytes|VCAN|TLR2,Classical Monocytes,Non-classical Monocytes,VCAN,TLR2,0.21559416076493917,-0.006500020201195722,0.43768834173107407,56,0.17280575012485644,12.823253107384767,0.057092522992385444,0.2944342971464449
CD4 T Cells|pDCs|HLA-F|LILRB1,CD4 T Cells,pDCs,HLA-F,LILRB1,-0.2229947957382894,-0.4537910855663505,0.00780149408977171,43,0.1039682479991727,10.683833490877575,0.05826321036478857,0.2968369608706063
NK Cells|Classical Monocytes|HLA-B|LILRB2,NK Cells,Classical Monocytes,HLA-B,LILRB2,-0.0581591991443355,-0.11822594742752791,0.0019075491388569205,56,0.1098248405035055,12.823253107384767,0.05773283138053476,0.2968369608706063
Non-classical Monocytes|pDCs|SELPLG|SELL,Non-classical Monocytes,pDCs,SELPLG,SELL,-0.20504510175426505,-0.41697154278158655,0.00688133927305648,44,0.1369443874413072,10.877998116002292,0.05791732791100824,0.2968369608706063
NK Cells|B Cells|HLA-A|APLP2,NK Cells,B Cells,HLA-A,APLP2,-0.19952571824842102,-0.40599883120861,0.006947394711767946,51,0.1276204242555522,12.65891800503777,0.05822298757545664,0.2968369608706063
Non-classical Monocytes|Non-classical Monocytes|PKM|CD44,Non-classical Monocytes,Non-classical Monocytes,PKM,CD44,-0.11918840717119061,-0.2425020359281761,0.004125221585794869,56,0.14300728443817368,12.823253107384767,0.0581723159997507,0.2968369608706063
Classical Monocytes|Classical Monocytes|LGALS1|ITGB1,Classical Monocytes,Classical Monocytes,LGALS1,ITGB1,-0.08455058965195984,-0.17197398316028545,0.002872803856365777,56,0.04391276068969785,12.823253107384767,0.05801851902260827,0.2968369608706063
Classical Monocytes|Non-classical Monocytes|HLA-DQB1|CD4,Classical Monocytes,Non-classical Monocytes,HLA-DQB1,CD4,0.20344624280217644,-0.007809931873360515,0.4147024174777134,55,0.092796250957486,12.658421525295251,0.05909229281836906,0.29922785814299857
CD4 T Cells|CD8 T Cells|SPTAN1|PTPRA,CD4 T Cells,CD8 T Cells,SPTAN1,PTPRA,0.17818575625424632,-0.006888161247303848,0.3632596737557965,54,0.11646753391229192,12.491554402353886,0.059158012819873054,0.29922785814299857
B Cells|pDCs|HLA-F|LILRB1,B Cells,pDCs,HLA-F,LILRB1,-0.19069858105796045,-0.3885959453963792,0.007198783280458337,43,0.1509825568990696,10.683833490877575,0.058936375472473296,0.29922785814299857
B Cells|Classical Monocytes|RPS19|C5AR1,B Cells,Classical Monocytes,RPS19,C5AR1,-0.034927997119821017,-0.0712130916372917,0.0013570973976496717,56,0.16761002041587691,12.823253107384767,0.059206145259793945,0.29922785814299857
Classical Monocytes|CD4 T Cells|VCAN|ITGA4,Classical Monocytes,CD4 T Cells,VCAN,ITGA4,-0.18132312784139099,-0.37023540953876766,0.007589153855985714,56,0.10558683686357473,12.823253107384767,0.05994110743412796,0.3002582378828697
CD4 T Cells|B Cells|CD40LG|CD53,CD4 T Cells,B Cells,CD40LG,CD53,0.16491391861622356,-0.0067012832404743095,0.33652912047292144,56,0.1149143941162567,12.823253107384767,0.059642022144833995,0.3002582378828697
pDCs|Non-classical Monocytes|RPS19|C5AR1,pDCs,Non-classical Monocytes,RPS19,C5AR1,-0.02986390278659276,-0.06098436104962461,0.001256555476439089,44,0.11188142935055989,10.877998116002292,0.05999556210098881,0.3002582378828697
pDCs|B Cells|SELPLG|SELL,pDCs,B Cells,SELPLG,SELL,-0.20435358089294148,-0.4172653698862736,0.008558208100390652,44,0.07498698224207911,10.877998116002292,0.05994727168779943,0.3002582378828697
pDCs|Non-classical Monocytes|SEMA4D|PLXNB2,pDCs,Non-classical Monocytes,SEMA4D,PLXNB2,0.2767288387343872,-0.011653302065003368,0.5651109795337778,37,0.3112769573846974,10.1164695267978,0.06000411956108002,0.3002582378828697
B Cells|Classical Monocytes|HLA-B|LILRB2,B Cells,Classical Monocytes,HLA-B,LILRB2,-0.09477927575220335,-0.19376062277137848,0.00420207126697178,56,0.13861022816408308,12.823253107384767,0.06055136335631607,0.3023978166035785
NK Cells|Non-classical Monocytes|HLA-B|LILRB1,NK Cells,Non-classical Monocytes,HLA-B,LILRB1,-0.17100626542705458,-0.3501606656020792,0.008148134747970048,56,0.12991560037942596,12.823253107384767,0.06136965803489896,0.30426240309932123
pDCs|Classical Monocytes|HLA-B|LILRB2,pDCs,Classical Monocytes,HLA-B,LILRB2,-0.09580222091292785,-0.19618343425827933,0.004578992432423615,44,0.22235605746035358,10.877998116002292,0.06140634174145383,0.30426240309932123
Non-classical Monocytes|NK Cells|PTDSS1|JMJD6,Non-classical Monocytes,NK Cells,PTDSS1,JMJD6,0.28654320098705294,-0.013475023466202052,0.586561425440308,46,0.12567969365852882,11.455649244643515,0.06121571706564914,0.30426240309932123
CD8 T Cells|Classical Monocytes|S100A9|CD36,CD8 T Cells,Classical Monocytes,S100A9,CD36,0.30806187722663864,-0.014610543469717352,0.6307342979229946,51,0.09529700999988588,13.035746994107193,0.06131498132525678,0.30426240309932123
Classical Monocytes|Classical Monocytes|PSAP|LRP1,Classical Monocytes,Classical Monocytes,PSAP,LRP1,-0.15438957611567522,-0.31640297203753476,0.00762381980618429,56,0.14852988813925383,12.823253107384767,0.0617990874851073,0.3050122931149729
Classical Monocytes|NK Cells|LGALS9|CD44,Classical Monocytes,NK Cells,LGALS9,CD44,-0.21091021875532776,-0.43219105909876865,0.010370621588113138,56,0.22051329595789093,12.823253107384767,0.061747066146487097,0.3050122931149729
B Cells|CD4 T Cells|HLA-B|CD3D,B Cells,CD4 T Cells,HLA-B,CD3D,-0.0030453877170446703,-0.006249703529532351,0.00015892809544300985,56,0.0692801659898431,12.823253107384767,0.0624969659923519,0.3063283756794612
Classical Monocytes|Classical Monocytes|HLA-B|LILRB2,Classical Monocytes,Classical Monocytes,HLA-B,LILRB2,-0.0952360836166429,-0.19537809468545767,0.00490592745217186,56,0.11655142784717087,12.823253107384767,0.0623292978727963,0.3063283756794612
Classical Monocytes|CD8 T Cells|HLA-E|CD8B,Classical Monocytes,CD8 T Cells,HLA-E,CD8B,-0.20065762869514175,-0.41174350706577634,0.010428249675492801,56,0.14831721196820358,12.823253107384767,0.06244311684081331,0.3063283756794612
B Cells|CD8 T Cells|CD48|CD2,B Cells,CD8 T Cells,CD48,CD2,-0.17869122439189203,-0.3667461922409442,0.009363743457160123,56,0.10519239938496139,12.823253107384767,0.06255062993692204,0.3063283756794612
CD8 T Cells|Non-classical Monocytes|HLA-B|LILRB1,CD8 T Cells,Non-classical Monocytes,HLA-B,LILRB1,-0.18160205898264467,-0.3729823119364235,0.009778193971134164,56,0.1460224071643601,12.823253107384767,0.06291049901999399,0.3074948375696805
NK Cells|Non-classical Monocytes|MIF|TNFRSF14,NK Cells,Non-classical Monocytes,MIF,TNFRSF14,0.1867931451087559,-0.010261663195680393,0.38384795341319217,56,0.0772083997543156,12.823253107384767,0.06318342642666584,0.3081323628663546
Classical Monocytes|Non-classical Monocytes|LGALS1|ITGB1,Classical Monocytes,Non-classical Monocytes,LGALS1,ITGB1,-0.07103930794451982,-0.14601001159697763,0.00393139570793799,56,0.10666568272091215,12.823253107384767,0.06328480266230235,0.3081323628663546
pDCs|Classical Monocytes|CIRBP|TREM1,pDCs,Classical Monocytes,CIRBP,TREM1,-0.11715480593336348,-0.24101581216261916,0.006706200295892195,44,0.11181915710916368,10.877998116002292,0.06376123078074164,0.30926032664670655
Non-classical Monocytes|Non-classical Monocytes|HLA-A|LILRB1,Non-classical Monocytes,Non-classical Monocytes,HLA-A,LILRB1,-0.20397296922524144,-0.4196125624998828,0.011666624049399943,56,0.09499426615640194,12.823253107384767,0.06374986378864653,0.30926032664670655
NK Cells|Non-classical Monocytes|VIM|CD44,NK Cells,Non-classical Monocytes,VIM,CD44,-0.19071562450307677,-0.39265333901649996,0.011222090010346408,56,0.1725867923119272,12.823253107384767,0.064163109050806,0.31061336507928494
Classical Monocytes|CD8 T Cells|TIMP2|ITGB1,Classical Monocytes,CD8 T Cells,TIMP2,ITGB1,-0.15097133835830415,-0.3110350428259412,0.009092366109332894,56,0.25292921837316584,12.823253107384767,0.06451142031689634,0.31075314279118926
CD4 T Cells|Non-classical Monocytes|SPTAN1|PTPRA,CD4 T Cells,Non-classical Monocytes,SPTAN1,PTPRA,0.33434254894139004,-0.02027260220579391,0.688957700088574,50,0.05529557870599322,11.802290164134487,0.06461435567449957,0.31075314279118926
Non-classical Monocytes|Classical Monocytes|S100A12|CD36,Non-classical Monocytes,Classical Monocytes,S100A12,CD36,0.27422067429396413,-0.01670276982037816,0.5651441184083064,54,0.1839512402707023,12.671359849426228,0.06468387538906432,0.31075314279118926
NK Cells|Non-classical Monocytes|LRPAP1|LRP1,NK Cells,Non-classical Monocytes,LRPAP1,LRP1,0.08751175654787248,-0.0052047080223325964,0.18022822111807757,56,0.06623911935833371,12.823253107384767,0.06432220626597894,0.31075314279118926
CD4 T Cells|CD8 T Cells|LGALS1|CD69,CD4 T Cells,CD8 T Cells,LGALS1,CD69,0.15825004044126598,-0.009823134661497201,0.32632321554402915,56,0.413203248804464,12.823253107384767,0.06497752022475288,0.3115715248727714
CD8 T Cells|Non-classical Monocytes|VIM|CD44,CD8 T Cells,Non-classical Monocytes,VIM,CD44,-0.1425509702725739,-0.294195051967173,0.009093111422025152,56,0.17736831360998828,12.823253107384767,0.06541115673266165,0.3130568050443863
CD8 T Cells|CD4 T Cells|TNF|TRADD,CD8 T Cells,CD4 T Cells,TNF,TRADD,-0.19289383283398934,-0.3987339436395518,0.012946277971573106,43,0.10130547963958414,11.350171955988852,0.0662553192470386,0.314927875373327
Classical Monocytes|B Cells|LGALS9|PTPRC,Classical Monocytes,B Cells,LGALS9,PTPRC,0.17589840034136509,-0.011923118712137803,0.363719919394868,56,0.19459796251481365,12.823253107384767,0.06642523053976387,0.314927875373327
CD4 T Cells|Classical Monocytes|SELPLG|ITGB2,CD4 T Cells,Classical Monocytes,SELPLG,ITGB2,0.19425600074409521,-0.013082458438667288,0.4015944599268577,56,0.09587482538844327,12.823253107384767,0.06631390387722587,0.314927875373327
pDCs|NK Cells|LGALS9|CD47,pDCs,NK Cells,LGALS9,CD47,-0.2515463031894878,-0.5201233007152227,0.017030694336247154,43,0.13798786906552551,10.683833490877575,0.06640484778736931,0.314927875373327
NK Cells|Classical Monocytes|IL16|CD4,NK Cells,Classical Monocytes,IL16,CD4,-0.16922376039159434,-0.34977772240504235,0.011330201621853692,56,0.22588919458474344,12.823253107384767,0.06621410833402054,0.314927875373327
NK Cells|NK Cells|GNAI2|S1PR4,NK Cells,NK Cells,GNAI2,S1PR4,-0.1722496758513152,-0.3562746522426673,0.01177530054003692,54,0.0758563507132114,12.491554402353886,0.06657227962082626,0.3150339898910636
Non-classical Monocytes|Non-classical Monocytes|HLA-DPB1|CD4,Non-classical Monocytes,Non-classical Monocytes,HLA-DPB1,CD4,-0.10754014475301761,-0.22256627567225212,0.0074859861662168875,56,0.30467405332773756,12.823253107384767,0.0668906465742171,0.3153594475616541
pDCs|Non-classical Monocytes|HLA-DRB1|CD4,pDCs,Non-classical Monocytes,HLA-DRB1,CD4,-0.12308246942819462,-0.25468935577566465,0.00852441691927544,44,0.12027648797169233,10.877998116002292,0.06680055462357933,0.3153594475616541
Non-classical Monocytes|NK Cells|HLA-C|CD8A,Non-classical Monocytes,NK Cells,HLA-C,CD8A,-0.16059990427465556,-0.3328732283187943,0.011673419769483134,42,0.4990798905857864,10.905461348856132,0.06767650002959615,0.3181688119025023
B Cells|CD4 T Cells|LRPAP1|SORL1,B Cells,CD4 T Cells,LRPAP1,SORL1,0.032649580191138616,-0.0023810650636270497,0.06768022544590428,56,0.04229981561941354,12.823253107384767,0.06773835409716907,0.3181688119025023
NK Cells|Classical Monocytes|SELPLG|ITGAM,NK Cells,Classical Monocytes,SELPLG,ITGAM,-0.18134443702658148,-0.37620602887183774,0.013517154818674798,56,0.14372477145854268,12.823253107384767,0.06815127945978659,0.3193506281612418
Classical Monocytes|Classical Monocytes|APP|NOTCH2,Classical Monocytes,Classical Monocytes,APP,NOTCH2,0.038509024917016174,-0.0028935599713143315,0.07991160980534667,55,0.044229465222229813,12.658421525295251,0.06830562361332175,0.3193506281612418
Classical Monocytes|Classical Monocytes|PKM|CD44,Classical Monocytes,Classical Monocytes,PKM,CD44,-0.0954058798446465,-0.19800411127033196,0.007192351581038953,56,0.09314197506587751,12.823253107384767,0.06836908976463467,0.3193506281612418
NK Cells|NK Cells|GNAI2|S1PR5,NK Cells,NK Cells,GNAI2,S1PR5,-0.19427373336807008,-0.4032960369121869,0.01474857017604675,56,0.10480989424848919,12.823253107384767,0.06850517364705819,0.3193958926312104
Non-classical Monocytes|Classical Monocytes|HLA-DMA|CD4,Non-classical Monocytes,Classical Monocytes,HLA-DMA,CD4,0.1827853833317968,-0.014984140091454573,0.3805549067550482,56,0.14099096163226732,12.823253107384767,0.07006874694589635,0.3248875661142754
B Cells|CD4 T Cells|HLA-DPB1|CD4,B Cells,CD4 T Cells,HLA-DPB1,CD4,-0.1691845518086064,-0.3522165366826542,0.013847433065441422,56,0.15996123319882682,12.823253107384767,0.07003545132395143,0.3248875661142754
pDCs|CD8 T Cells|HLA-B|KLRD1,pDCs,CD8 T Cells,HLA-B,KLRD1,-0.28062863168823415,-0.584213331090508,0.022956067714039685,43,0.5139405975460786,10.975902595125358,0.0700235956705438,0.3248875661142754
B Cells|Non-classical Monocytes|HLA-DQA1|CD4,B Cells,Non-classical Monocytes,HLA-DQA1,CD4,-0.18811834189475846,-0.3918929900157443,0.01565630622622738,56,0.10459923803683535,12.823253107384767,0.07039244361846736,0.3250449905967643
pDCs|Classical Monocytes|S100A9|CD68,pDCs,Classical Monocytes,S100A9,CD68,0.2884900396467995,-0.024116755734256035,0.6010968350278549,40,0.09225350621584116,11.038302619805199,0.07048858521845146,0.3250449905967643
Non-classical Monocytes|Non-classical Monocytes|LGALS1|ITGB1,Non-classical Monocytes,Non-classical Monocytes,LGALS1,ITGB1,-0.07392202479266814,-0.15398201974816456,0.006137970162828257,56,0.06046748135071023,12.823253107384767,0.0703424516350894,0.3250449905967643
CD4 T Cells|Classical Monocytes|ICAM3|ITGAL,CD4 T Cells,Classical Monocytes,ICAM3,ITGAL,-0.19929144731436121,-0.4155838696816405,0.01700097505291806,53,0.16169004570529255,12.502764428486943,0.07093282449115403,0.32566550009849093
NK Cells|NK Cells|HLA-E|CD8A,NK Cells,NK Cells,HLA-E,CD8A,-0.16820326424929605,-0.3507087915196151,0.014302263021022998,42,0.5374922632197972,10.905461348856132,0.07086070916098806,0.32566550009849093
B Cells|Classical Monocytes|HLA-DOB|CD4,B Cells,Classical Monocytes,HLA-DOB,CD4,-0.1522836694211831,-0.3176032844919554,0.013035945649589237,56,0.12571551219696708,12.823253107384767,0.07100977069816719,0.32566550009849093
Classical Monocytes|CD8 T Cells|HLA-B|KLRD1,Classical Monocytes,CD8 T Cells,HLA-B,KLRD1,-0.2669762247555728,-0.5572398090526203,0.023287359541474706,55,0.5115661993500199,12.96329824896671,0.07143229886610364,0.3265620618905555
Classical Monocytes|CD4 T Cells|S100A8|ITGB2,Classical Monocytes,CD4 T Cells,S100A8,ITGB2,-0.005415900178549482,-0.01130486264621177,0.0004730622891128064,56,0.09303634048914078,12.823253107384767,0.0714637199151077,0.3265620618905555
B Cells|Classical Monocytes|PKM|CD44,B Cells,Classical Monocytes,PKM,CD44,-0.1414604724920483,-0.29551574133087466,0.01259479634677807,56,0.16682325567663125,12.823253107384767,0.07190375099132683,0.327979745045276
NK Cells|CD8 T Cells|B2M|KLRD1,NK Cells,CD8 T Cells,B2M,KLRD1,-0.027953629108151024,-0.05855070599973041,0.002643447783428364,55,0.5663137806293023,12.96329824896671,0.07335236156799113,0.3304125092376356
B Cells|CD8 T Cells|HLA-B|KLRD1,B Cells,CD8 T Cells,HLA-B,KLRD1,-0.27299506285803987,-0.5714699543541792,0.025479828638099555,55,0.5059824873183147,12.96329824896671,0.07302918652146671,0.3304125092376356
Classical Monocytes|B Cells|CD99|CD81,Classical Monocytes,B Cells,CD99,CD81,-0.19434178056559018,-0.40668843503219987,0.01800487390101954,51,0.10903038123784647,12.278467695811537,0.07284850941093132,0.3304125092376356
CD8 T Cells|Non-classical Monocytes|HLA-F|LILRB1,CD8 T Cells,Non-classical Monocytes,HLA-F,LILRB1,0.17392330577759624,-0.016302154073004005,0.3641487656281965,56,0.10163183068824189,12.823253107384767,0.07313347855007307,0.3304125092376356
CD8 T Cells|NK Cells|HLA-C|CD8A,CD8 T Cells,NK Cells,HLA-C,CD8A,-0.11890638172175791,-0.2489366720176789,0.011123908574163094,42,0.49914422013842163,10.905461348856132,0.07308623285634896,0.3304125092376356
pDCs|CD4 T Cells|S100A9|ITGB2,pDCs,CD4 T Cells,S100A9,ITGB2,0.25407396769065704,-0.02396666387846058,0.5321145992597747,40,0.09301378962802376,11.038302619805199,0.07329037756108506,0.3304125092376356
Non-classical Monocytes|B Cells|MIF|TNFRSF14,Non-classical Monocytes,B Cells,MIF,TNFRSF14,0.16464167859799383,-0.015391881819218023,0.3446752390152057,56,0.1765454510597524,12.823253107384767,0.07306926448566474,0.3304125092376356
pDCs|Non-classical Monocytes|HLA-DPB1|CD4,pDCs,Non-classical Monocytes,HLA-DPB1,CD4,-0.11051622857909332,-0.23174598526204726,0.0107135281038606,44,0.11929634700076219,10.877998116002292,0.0739771569821042,0.3320431184614162
CD8 T Cells|Classical Monocytes|SELPLG|ITGB2,CD8 T Cells,Classical Monocytes,SELPLG,ITGB2,0.1937103391156157,-0.01874925353174453,0.4061699317629759,56,0.13876238079883407,12.823253107384767,0.07393749158344076,0.3320431184614162
pDCs|Classical Monocytes|HLA-DPB1|CD4,pDCs,Classical Monocytes,HLA-DPB1,CD4,-0.12630544878323727,-0.26517351776909925,0.012562620202624691,44,0.23276456281815894,10.877998116002292,0.0746421604294682,0.33370621547065354
CD4 T Cells|B Cells|CD99|CD81,CD4 T Cells,B Cells,CD99,CD81,-0.18899041623524768,-0.39670258727043567,0.018721754799940316,51,0.12412883042759126,12.278467695811537,0.07453646736221668,0.33370621547065354
pDCs|Non-classical Monocytes|HLA-DRA|CD4,pDCs,Non-classical Monocytes,HLA-DRA,CD4,-0.057046673960264166,-0.11978929858824806,0.005695950667719732,44,0.1286195095677991,10.877998116002292,0.07474385356406407,0.33370621547065354
pDCs|B Cells|VIM|CD44,pDCs,B Cells,VIM,CD44,-0.07771367203459276,-0.16326788522431232,0.007840541155126807,44,0.056217907769564035,10.877998116002292,0.07501955010470078,0.33375775196228674
Non-classical Monocytes|pDCs|HLA-DPA1|CD4,Non-classical Monocytes,pDCs,HLA-DPA1,CD4,-0.11415995221139025,-0.2397972034183096,0.0114772989955291,43,0.30356777123819967,10.683833490877575,0.07492616925252661,0.33375775196228674
pDCs|Classical Monocytes|S100A9|CD36,pDCs,Classical Monocytes,S100A9,CD36,0.2689353618096851,-0.027602916279126477,0.5654736398984966,40,0.11191657027204638,11.038302619805199,0.07548222250207748,0.33509477127940274
Non-classical Monocytes|Classical Monocytes|LGALS1|ITGB1,Non-classical Monocytes,Classical Monocytes,LGALS1,ITGB1,-0.09121231042409184,-0.1918219145285654,0.00939729368038171,56,0.03507750396222342,12.823253107384767,0.0755852867547525,0.33509477127940274
Non-classical Monocytes|Classical Monocytes|ADAM10|IL6R,Non-classical Monocytes,Classical Monocytes,ADAM10,IL6R,0.20426606517996418,-0.021747960037197728,0.4302800903971261,52,0.08772666219755998,12.151432051416158,0.07649943867720636,0.3379616810092666
Classical Monocytes|Non-classical Monocytes|HMGB1|TLR2,Classical Monocytes,Non-classical Monocytes,HMGB1,TLR2,-0.2141039940846174,-0.45090841702098045,0.02270042885174567,56,0.10763122020397975,12.823253107384767,0.07638146372249262,0.3379616810092666
Non-classical Monocytes|NK Cells|HLA-E|CD8A,Non-classical Monocytes,NK Cells,HLA-E,CD8A,-0.17475861003418414,-0.3683804139934096,0.018863193925041294,42,0.5709229990967701,10.905461348856132,0.07689076281211193,0.3390976572883191
Non-classical Monocytes|NK Cells|ICAM3|ITGAL,Non-classical Monocytes,NK Cells,ICAM3,ITGAL,0.1665833025102626,-0.01822335444310169,0.3513899594636269,56,0.1243730038432379,12.823253107384767,0.07727907045749197,0.3399171941518487
Non-classical Monocytes|NK Cells|LGALS9|PTPRC,Non-classical Monocytes,NK Cells,LGALS9,PTPRC,-0.12886763224350203,-0.27211541554490093,0.014380151057896862,56,0.10536109858821563,12.823253107384767,0.07786508490326624,0.3399171941518487
pDCs|NK Cells|HLA-E|CD8A,pDCs,NK Cells,HLA-E,CD8A,-0.22087177548502385,-0.4662569503585209,0.02451339938847316,31,0.399948810954345,8.73846100033619,0.07770366293855925,0.3399171941518487
Classical Monocytes|Non-classical Monocytes|ANXA2|TLR2,Classical Monocytes,Non-classical Monocytes,ANXA2,TLR2,-0.2137269470693418,-0.4510016660809729,0.023547771942289297,56,0.11822504625009944,12.823253107384767,0.07748783656091972,0.3399171941518487
CD4 T Cells|CD8 T Cells|LGALS1|ITGB1,CD4 T Cells,CD8 T Cells,LGALS1,ITGB1,0.20495854573031935,-0.022515250596306102,0.4324323420569448,56,0.09660191615717761,12.823253107384767,0.07740127455372747,0.3399171941518487
Classical Monocytes|B Cells|MIF|CD44_CD74,Classical Monocytes,B Cells,MIF,CD44_CD74,0.23799667218773596,-0.026574248003953027,0.5025675923794249,56,0.08201372114159056,12.823253107384767,0.07788367843843308,0.3399171941518487
Classical Monocytes|Non-classical Monocytes|HLA-F|LILRB1,Classical Monocytes,Non-classical Monocytes,HLA-F,LILRB1,-0.1893459448237374,-0.39999925039521433,0.021307360747739507,56,0.06352880183390208,12.823253107384767,0.0781173464523666,0.3403491973881559
Classical Monocytes|CD8 T Cells|SELPLG|ITGB2,Classical Monocytes,CD8 T Cells,SELPLG,ITGB2,0.18430843733725596,-0.020916772896559938,0.3895336475710719,56,0.0688739131390379,12.823253107384767,0.07837350212527561,0.34036444308642966
Classical Monocytes|Classical Monocytes|HLA-DQB1|CD4,Classical Monocytes,Classical Monocytes,HLA-DQB1,CD4,0.2098400526893962,-0.024038257848098377,0.4437183632268908,55,0.10379706206889139,12.658421525295251,0.07865961011573998,0.34036444308642966
pDCs|Non-classical Monocytes|HLA-C|LILRB1,pDCs,Non-classical Monocytes,HLA-C,LILRB1,-0.20457488435793508,-0.43257307048622146,0.02342330177035129,44,0.20753945439830246,10.877998116002292,0.07864413457801543,0.34036444308642966
Non-classical Monocytes|CD8 T Cells|ICAM1|IL2RG,Non-classical Monocytes,CD8 T Cells,ICAM1,IL2RG,0.17126225214171464,-0.01948461288538053,0.3620091171688098,47,0.14839201036108596,11.640813492190432,0.07844927000691922,0.34036444308642966
Classical Monocytes|NK Cells|GNAI2|S1PR5,Classical Monocytes,NK Cells,GNAI2,S1PR5,0.18367654079498105,-0.021231363920975743,0.38858444551093785,56,0.11350955567618959,12.823253107384767,0.07893759543404437,0.3409834250629575
pDCs|Classical Monocytes|HLA-DQA1|CD4,pDCs,Classical Monocytes,HLA-DQA1,CD4,0.22649434700797,-0.026300739208160062,0.47928943322410006,43,0.09095779518188496,10.975902595125358,0.0790799041049755,0.34101521787247974
Classical Monocytes|Classical Monocytes|ICAM3|ITGAL,Classical Monocytes,Classical Monocytes,ICAM3,ITGAL,-0.1477121278257681,-0.312961018343153,0.017536762691616803,53,0.10249713001314575,12.502764428486943,0.07977964102316934,0.34308538752295453
Classical Monocytes|Non-classical Monocytes|PSEN1|NOTCH2,Classical Monocytes,Non-classical Monocytes,PSEN1,NOTCH2,0.06818240361366466,-0.008397972423183839,0.14476277965051315,56,0.04565710993151795,12.823253107384767,0.08097964278946788,0.34308538752295453
Classical Monocytes|CD8 T Cells|GNAI2|S1PR4,Classical Monocytes,CD8 T Cells,GNAI2,S1PR4,0.17695674736247835,-0.021599976249404046,0.3755134709743607,55,0.17063749916029902,12.658421525295251,0.08068080516556894,0.34308538752295453
Classical Monocytes|Non-classical Monocytes|HLA-A|LILRB1,Classical Monocytes,Non-classical Monocytes,HLA-A,LILRB1,-0.21246385472526413,-0.45043259657004986,0.025504887119521563,56,0.10063043724676513,12.823253107384767,0.08013556930603595,0.34308538752295453
NK Cells|CD8 T Cells|LGALS1|ITGB1,NK Cells,CD8 T Cells,LGALS1,ITGB1,0.2561818486572965,-0.03162358957126549,0.5439872868858584,56,0.17933676637299012,12.823253107384767,0.08105341367281514,0.34308538752295453
NK Cells|CD8 T Cells|CALM1|PTPRA,NK Cells,CD8 T Cells,CALM1,PTPRA,-0.15474577512926108,-0.32811532483620975,0.01862377457768763,55,0.07683872559986071,12.658421525295251,0.08021845781281652,0.34308538752295453
pDCs|Non-classical Monocytes|GNAS|ADCY7,pDCs,Non-classical Monocytes,GNAS,ADCY7,0.17973900729343273,-0.02183637497124169,0.38131438955810715,44,0.105447522743772,10.877998116002292,0.08052571404513266,0.34308538752295453
CD4 T Cells|Classical Monocytes|HLA-DPA1|CD4,CD4 T Cells,Classical Monocytes,HLA-DPA1,CD4,0.12276554151908665,-0.015122082237613757,0.2606531652757871,56,0.05114849542655242,12.823253107384767,0.08098217193330753,0.34308538752295453
NK Cells|NK Cells|TGFB1|ITGB1,NK Cells,NK Cells,TGFB1,ITGB1,-0.17294949743950755,-0.36711219569459774,0.021213200815582645,56,0.15781462031633042,12.823253107384767,0.08084074464094083,0.34308538752295453
Classical Monocytes|B Cells|LGALS9|CD47,Classical Monocytes,B Cells,LGALS9,CD47,-0.19546262931041647,-0.41427659336796097,0.023351334747128,56,0.21616617892958145,12.823253107384767,0.07998018903958082,0.34308538752295453
CD8 T Cells|NK Cells|ICAM3|ITGAL,CD8 T Cells,NK Cells,ICAM3,ITGAL,0.18854867198839997,-0.02315453037645593,0.4002518743532559,56,0.11035404279186722,12.823253107384767,0.08088089591967196,0.34308538752295453
pDCs|Non-classical Monocytes|HLA-A|LILRB2,pDCs,Non-classical Monocytes,HLA-A,LILRB2,-0.07253535710993517,-0.15410000350036532,0.009029289280494984,44,0.11166337672173277,10.877998116002292,0.08133466659042488,0.3436858623250235
Classical Monocytes|B Cells|HLA-A|APLP2,Classical Monocytes,B Cells,HLA-A,APLP2,-0.23976190808507725,-0.5096074320825251,0.03008361591237063,51,0.08682972896697172,12.65891800503777,0.08160329141076933,0.3436858623250235
B Cells|Classical Monocytes|CD22|PTPRC,B Cells,Classical Monocytes,CD22,PTPRC,-0.16229062611035414,-0.3448868106407033,0.02030555841999504,56,0.05413382602175121,12.823253107384767,0.0815072667550179,0.3436858623250235
Non-classical Monocytes|CD4 T Cells|HLA-DPB1|CD4,Non-classical Monocytes,CD4 T Cells,HLA-DPB1,CD4,-0.18037671752212425,-0.3836477483439277,0.022894313299679198,56,0.20591393967948823,12.823253107384767,0.0819970867913313,0.34476978090132143
Non-classical Monocytes|CD4 T Cells|HLA-DRA|CD4,Non-classical Monocytes,CD4 T Cells,HLA-DRA,CD4,-0.13639514151583926,-0.2903940255681633,0.01760374253648478,56,0.15806354012802226,12.823253107384767,0.08257818504932986,0.34610794759502705
pDCs|Classical Monocytes|LRPAP1|LRP1,pDCs,Classical Monocytes,LRPAP1,LRP1,-0.1261669960472534,-0.26862279126763944,0.016288799173132668,43,0.08094202532748362,10.883029712025287,0.08258927281353436,0.34610794759502705
Non-classical Monocytes|Non-classical Monocytes|S100A12|CD36,Non-classical Monocytes,Non-classical Monocytes,S100A12,CD36,0.2685041990179342,-0.03496996395049784,0.5719783619863663,54,0.13458234706351724,12.671359849426228,0.08289799524334725,0.34682654632440146
CD8 T Cells|Classical Monocytes|HLA-DPB1|CD4,CD8 T Cells,Classical Monocytes,HLA-DPB1,CD4,0.19950229608330533,-0.02617175103110525,0.4251763431977159,56,0.09313974213623966,12.823253107384767,0.08315539250557678,0.34732839150676453
pDCs|Classical Monocytes|PTPN6|CLEC12A,pDCs,Classical Monocytes,PTPN6,CLEC12A,-0.22462847715229248,-0.4788814760268427,0.029624521722257796,43,0.14623763652604327,10.683833490877575,0.08334534422407529,0.3475473347429674
NK Cells|Non-classical Monocytes|LRPAP1|SORL1,NK Cells,Non-classical Monocytes,LRPAP1,SORL1,0.08872206840428479,-0.011790624470351119,0.1892347612789207,51,0.06487190263686682,12.278467695811537,0.08362121011641488,0.3481232256411539
Non-classical Monocytes|Classical Monocytes|COPA|CD74,Non-classical Monocytes,Classical Monocytes,COPA,CD74,-0.14113041914867203,-0.3011237278719651,0.018862889574621067,56,0.07968292497249252,12.823253107384767,0.08382911181960832,0.34841474600024713
NK Cells|Non-classical Monocytes|GNAS|ADCY7,NK Cells,Non-classical Monocytes,GNAS,ADCY7,-0.13329586233931084,-0.2845024333327397,0.017910708654118007,56,0.13748636240680523,12.823253107384767,0.08402364129828506,0.348649821938861
CD8 T Cells|B Cells|TIMP1|CD63,CD8 T Cells,B Cells,TIMP1,CD63,0.20281185764442555,-0.027835134105380188,0.4334588493942313,48,0.08517523416023998,12.114673786865723,0.08481080022550067,0.3502692008309064
Non-classical Monocytes|CD8 T Cells|HLA-B|KLRD1,Non-classical Monocytes,CD8 T Cells,HLA-B,KLRD1,-0.2537248553251644,-0.5424819842381419,0.03503227358781297,55,0.48670267808769274,12.96329824896671,0.08503702569172275,0.3502692008309064
Classical Monocytes|CD8 T Cells|SELPLG|SELL,Classical Monocytes,CD8 T Cells,SELPLG,SELL,-0.21235692428552,-0.45408856103412853,0.02937471246308851,56,0.08660645033586212,12.823253107384767,0.08510696055012922,0.3502692008309064
B Cells|CD4 T Cells|HLA-DMB|CD4,B Cells,CD4 T Cells,HLA-DMB,CD4,0.13372904375372774,-0.01842963780335674,0.2858877253108122,56,0.1546044744347328,12.823253107384767,0.08496616016925186,0.3502692008309064
Non-classical Monocytes|B Cells|TNFSF13B|TNFRSF13C,Non-classical Monocytes,B Cells,TNFSF13B,TNFRSF13C,-0.21078172404660794,-0.45041121020249486,0.028847762109278946,51,0.09468938061434307,12.278467695811537,0.0847053167418207,0.3502692008309064
CD4 T Cells|CD4 T Cells|CD47|SIRPG,CD4 T Cells,CD4 T Cells,CD47,SIRPG,-0.17861952284208457,-0.38229831773850553,0.025059272054336362,53,0.06230051041473572,12.322582179956465,0.0856465754045695,0.3513456104664726
CD4 T Cells|CD4 T Cells|SIRPG|CD47,CD4 T Cells,CD4 T Cells,SIRPG,CD47,-0.17861952284208457,-0.38229831773850553,0.025059272054336362,53,0.06230051041473572,12.322582179956465,0.0856465754045695,0.3513456104664726
CD8 T Cells|CD8 T Cells|CD48|CD2,CD8 T Cells,CD8 T Cells,CD48,CD2,-0.15289817830909458,-0.3278354279866823,0.02203907136849312,56,0.07708973012869424,12.823253107384767,0.08670474291241755,0.35453541317100185
pDCs|Classical Monocytes|HLA-DQB1|CD4,pDCs,Classical Monocytes,HLA-DQB1,CD4,-0.2235539776555889,-0.4792554725685705,0.032147517257392705,44,0.23231625735945238,10.877998116002292,0.08661108090412802,0.35453541317100185
NK Cells|NK Cells|MIF|TNFRSF14,NK Cells,NK Cells,MIF,TNFRSF14,0.19587932080986759,-0.028388042466268387,0.42014668408600353,56,0.06627766449767036,12.823253107384767,0.0869207574749976,0.3548445139568965
NK Cells|Classical Monocytes|PKM|CD44,NK Cells,Classical Monocytes,PKM,CD44,-0.12549203989180777,-0.2695303695294706,0.018546289745855066,56,0.11998391618171367,12.823253107384767,0.08771055378782412,0.3559134562993126
pDCs|Classical Monocytes|SELPLG|SELL,pDCs,Classical Monocytes,SELPLG,SELL,0.2428056205840972,-0.03590300532461063,0.521514246492805,44,0.17032755522161402,10.877998116002292,0.08773229432528293,0.3559134562993126
CD8 T Cells|NK Cells|CD48|CD2,CD8 T Cells,NK Cells,CD48,CD2,-0.1908527926267791,-0.40993591988744216,0.028230334633883997,56,0.2736937596810427,12.823253107384767,0.08774597676077237,0.3559134562993126
B Cells|NK Cells|CD48|CD2,B Cells,NK Cells,CD48,CD2,-0.21831048537619113,-0.4686171700809013,0.03199619932851905,56,0.2912900385654187,12.823253107384767,0.08737211705993968,0.3559134562993126
Non-classical Monocytes|Classical Monocytes|PSEN1|NOTCH2,Non-classical Monocytes,Classical Monocytes,PSEN1,NOTCH2,0.058158156175498604,-0.008676584132433926,0.12499289648343113,56,0.03447353590404689,12.823253107384767,0.0880977496958638,0.3567676498100125
Classical Monocytes|Classical Monocytes|GNAI2|C5AR1,Classical Monocytes,Classical Monocytes,GNAI2,C5AR1,0.21054916033505755,-0.03164463336383422,0.4527429540339493,56,0.1082980338108499,12.823253107384767,0.08840380904356201,0.35743428072492994
Classical Monocytes|B Cells|LTB|CD40,Classical Monocytes,B Cells,LTB,CD40,-0.19775096665835198,-0.42578840449825744,0.030286471181553476,55,0.049092960792620155,12.96329824896671,0.08919600253491584,0.3577750768344958
CD8 T Cells|NK Cells|CLEC2B|KLRF1,CD8 T Cells,NK Cells,CLEC2B,KLRF1,-0.20229980968596917,-0.43549572229709677,0.030896102925158403,55,0.37588790328690214,12.96329824896671,0.08907666234386606,0.3577750768344958
Classical Monocytes|B Cells|VCAN|SELL,Classical Monocytes,B Cells,VCAN,SELL,-0.061322902423302364,-0.13194826499616114,0.009302460149556421,56,0.07825481415209734,12.823253107384767,0.08879170315196976,0.3577750768344958
CD4 T Cells|CD8 T Cells|HLA-B|KLRD1,CD4 T Cells,CD8 T Cells,HLA-B,KLRD1,-0.24615008452362014,-0.5299725841471203,0.03767241509988006,55,0.47903456285679913,12.96329824896671,0.08916602199547438,0.3577750768344958
B Cells|Classical Monocytes|HLA-DPA1|CD4,B Cells,Classical Monocytes,HLA-DPA1,CD4,-0.08314277946906141,-0.1789976239903454,0.012712065052222582,56,0.22122916545539217,12.823253107384767,0.08912382675188986,0.3577750768344958
pDCs|Non-classical Monocytes|PTPN6|CD300LF,pDCs,Non-classical Monocytes,PTPN6,CD300LF,-0.1708074673229004,-0.3680692054281953,0.026454270782394568,43,0.06841753457383248,10.683833490877575,0.08967431758215917,0.35866015756212904
Non-classical Monocytes|NK Cells|CLEC2B|KLRF1,Non-classical Monocytes,NK Cells,CLEC2B,KLRF1,-0.23803685149970566,-0.5129627627458248,0.03688905974641343,55,0.40668131328731016,12.96329824896671,0.08970052219203227,0.35866015756212904
Classical Monocytes|pDCs|MIF|CD44_CD74,Classical Monocytes,pDCs,MIF,CD44_CD74,0.2236813570257224,-0.03479054017341876,0.48215325422486355,44,0.08757452993841086,10.877998116002292,0.08985726032153629,0.35871926829782336
pDCs|CD8 T Cells|S100A9|ITGB2,pDCs,CD8 T Cells,S100A9,ITGB2,0.19926497805402613,-0.0313495204223842,0.42987947653043646,40,0.13607287063276152,11.038302619805199,0.09035495211999804,0.3599491336982378
CD8 T Cells|NK Cells|HLA-E|CD8A,CD8 T Cells,NK Cells,HLA-E,CD8A,-0.16540465128633475,-0.35688833603339515,0.026079033460725654,42,0.5320457450323299,10.905461348856132,0.09045021760917332,0.3599491336982378
B Cells|Non-classical Monocytes|LRPAP1|SORL1,B Cells,Non-classical Monocytes,LRPAP1,SORL1,0.2599989098343564,-0.041774569822670804,0.5617723894913836,51,0.08635750281630605,12.278467695811537,0.09128734062268609,0.36103382603785966
CD4 T Cells|CD8 T Cells|TIMP1|CD63,CD4 T Cells,CD8 T Cells,TIMP1,CD63,0.15740500791623938,-0.025093825762982913,0.33990384159546166,56,0.12375260195862348,12.823253107384767,0.09093876100912038,0.36103382603785966
Classical Monocytes|CD4 T Cells|ICAM1|IL2RG,Classical Monocytes,CD4 T Cells,ICAM1,IL2RG,0.16989220450110548,-0.027200448292027973,0.3669848572942389,46,0.06342908609102227,11.257444407177868,0.09112893190412,0.36103382603785966
CD4 T Cells|Classical Monocytes|HLA-C|LILRB2,CD4 T Cells,Classical Monocytes,HLA-C,LILRB2,-0.06077513250966504,-0.13131664203036408,0.009766377011034014,56,0.046420429642354155,12.823253107384767,0.0912942678425771,0.36103382603785966
Non-classical Monocytes|Classical Monocytes|LRPAP1|SORL1,Non-classical Monocytes,Classical Monocytes,LRPAP1,SORL1,-0.13500904179744674,-0.2919773138373286,0.02195923024243515,54,0.16016746665955917,12.491554402353886,0.09183954897567423,0.36149305336686727
pDCs|Classical Monocytes|SELPLG|ITGAM,pDCs,Classical Monocytes,SELPLG,ITGAM,-0.19847381044345688,-0.4291295318013184,0.03218191091440467,44,0.07788853008016183,10.877998116002292,0.09169899587175592,0.36149305336686727
pDCs|Non-classical Monocytes|GNAI2|C5AR1,pDCs,Non-classical Monocytes,GNAI2,C5AR1,0.14837604915414476,-0.024079832320268918,0.3208319306285584,44,0.22818349233848934,10.877998116002292,0.09173874595951084,0.36149305336686727
Classical Monocytes|Non-classical Monocytes|ADAM10|TSPAN14,Classical Monocytes,Non-classical Monocytes,ADAM10,TSPAN14,0.07652761960369076,-0.012488827578169048,0.16554406678555056,56,0.03733170295277333,12.823253107384767,0.09199146557632426,0.3615278903753832
Classical Monocytes|pDCs|HLA-F|LILRB1,Classical Monocytes,pDCs,HLA-F,LILRB1,-0.18134241866472883,-0.3923767039323272,0.029691866602869543,43,0.07933691156180778,10.683833490877575,0.09214241337919776,0.3615588177161999
CD4 T Cells|NK Cells|CD40LG|ITGAM_ITGB2,CD4 T Cells,NK Cells,CD40LG,ITGAM_ITGB2,-0.09443722456002616,-0.20453014504774916,0.015655695927696833,55,0.11439184156249893,12.96329824896671,0.09271465388170602,0.363240202107087
B Cells|NK Cells|LGALS1|PTPRC,B Cells,NK Cells,LGALS1,PTPRC,-0.20696198114112332,-0.44855092164790034,0.034626959365653714,53,0.1389451231269443,13.001070204273278,0.09314381717249015,0.3633128613120427
CD8 T Cells|B Cells|GNAI2|S1PR4,CD8 T Cells,B Cells,GNAI2,S1PR4,-0.1392473539151336,-0.30166818017728314,0.023173472347015972,52,0.05284417932617014,12.151432051416158,0.09289407110567795,0.3633128613120427
Non-classical Monocytes|B Cells|HLA-A|APLP2,Non-classical Monocytes,B Cells,HLA-A,APLP2,-0.21932964465043264,-0.4753716876115324,0.03671239831066714,51,0.08771044046142396,12.65891800503777,0.09316451686988671,0.3633128613120427
Classical Monocytes|pDCs|HLA-DQB1|CD4,Classical Monocytes,pDCs,HLA-DQB1,CD4,-0.16249052337245254,-0.35235563535582626,0.027374588610921208,43,0.049306910969622475,10.683833490877575,0.09346857642728136,0.36393696861593217
CD4 T Cells|Classical Monocytes|GNAI2|C5AR1,CD4 T Cells,Classical Monocytes,GNAI2,C5AR1,-0.21342197888477477,-0.4632887642163299,0.036444806446780414,56,0.25001813488677116,12.823253107384767,0.09411298713623631,0.365882336143491
Non-classical Monocytes|Classical Monocytes|FABP5|RXRA,Non-classical Monocytes,Classical Monocytes,FABP5,RXRA,0.05512351253854041,-0.009478763085156057,0.11972578816223689,48,0.09063174103816407,12.041919275124867,0.09444774914366064,0.3666197574286182
B Cells|CD4 T Cells|MIF|TNFRSF14,B Cells,CD4 T Cells,MIF,TNFRSF14,0.19452786253903792,-0.03374984796789418,0.42280557304597,56,0.0696762921188262,12.823253107384767,0.09488138344201329,0.36773812263491956
Non-classical Monocytes|CD8 T Cells|LGALS9|PTPRC,Non-classical Monocytes,CD8 T Cells,LGALS9,PTPRC,-0.10569890912142486,-0.23023043364261464,0.0188326153997649,56,0.08019509588911122,12.823253107384767,0.09619976133149209,0.37173430524739765
pDCs|CD4 T Cells|SELPLG|SELL,pDCs,CD4 T Cells,SELPLG,SELL,0.2105635979416779,-0.03752174177360684,0.45864893765696263,44,0.10036986654460789,10.877998116002292,0.09620666229988052,0.37173430524739765
B Cells|NK Cells|LGALS1|CD69,B Cells,NK Cells,LGALS1,CD69,-0.23437596799268673,-0.5110507137930169,0.042298777807643406,53,0.21999179102925603,13.001070204273278,0.0968502090596769,0.3736495851813794
NK Cells|NK Cells|HLA-C|CD8A,NK Cells,NK Cells,HLA-C,CD8A,-0.10660246173639082,-0.2325223767303752,0.01931745325759357,42,0.5111968030664583,10.905461348856132,0.09705844117806896,0.3738821354527138
B Cells|B Cells|CD22|PTPRC,B Cells,B Cells,CD22,PTPRC,-0.18911820717832067,-0.4131136534763895,0.03487723911974819,56,0.08085395351822033,12.823253107384767,0.09796760112061587,0.3768099361214555
CD4 T Cells|CD8 T Cells|S100A9|ITGB2,CD4 T Cells,CD8 T Cells,S100A9,ITGB2,0.18612298768808816,-0.034638574342011175,0.4068845497181875,53,0.1693790647513883,12.805316252406456,0.09844570176310277,0.3780733865582989
Classical Monocytes|pDCs|S100A12|CD36,Classical Monocytes,pDCs,S100A12,CD36,-0.14180674473220084,-0.31012319985406117,0.02650971038965949,43,0.11323381602371285,10.883029712025287,0.09868321316983987,0.37841043957539505
B Cells|Non-classical Monocytes|FAM3C|LAMP1,B Cells,Non-classical Monocytes,FAM3C,LAMP1,-0.11944304955909274,-0.2616237915257644,0.022737692407578974,56,0.09840402839881912,12.823253107384767,0.09965581983429574,0.3815609950322202
B Cells|Classical Monocytes|HLA-A|LILRB2,B Cells,Classical Monocytes,HLA-A,LILRB2,-0.0813764001820387,-0.17844221105513464,0.015689410691057226,56,0.09479931957536603,12.823253107384767,0.1003495015744021,0.3836356890749079
CD4 T Cells|CD8 T Cells|VIM|CD44,CD4 T Cells,CD8 T Cells,VIM,CD44,-0.07632346590095926,-0.16742849559447398,0.014781563792555477,56,0.18129051621768721,12.823253107384767,0.10059731627780392,0.3840021423474479
Classical Monocytes|CD4 T Cells|VIM|CD44,Classical Monocytes,CD4 T Cells,VIM,CD44,-0.020059227718730657,-0.044016251836468304,0.0038977963990069926,56,0.18847021531107244,12.823253107384767,0.10078106320962653,0.38412329823638947
B Cells|pDCs|HLA-DQA1|CD4,B Cells,pDCs,HLA-DQA1,CD4,-0.1536449535939688,-0.3375884679932174,0.030298560805279845,43,0.1029892621944195,10.683833490877575,0.10160429774664408,0.38638359618923307
CD4 T Cells|Classical Monocytes|GNAS|ADCY7,CD4 T Cells,Classical Monocytes,GNAS,ADCY7,-0.08097843553911845,-0.17794712806906085,0.01599025699082396,56,0.051312949166657185,12.823253107384767,0.1016798937340087,0.38638359618923307
pDCs|Non-classical Monocytes|HLA-DQA1|CD4,pDCs,Non-classical Monocytes,HLA-DQA1,CD4,0.2025212640338947,-0.04057766610857702,0.44562019417636645,43,0.0719637721548374,10.975902595125358,0.10250894637664261,0.388365978251538
Non-classical Monocytes|Classical Monocytes|CALR|LRP1,Non-classical Monocytes,Classical Monocytes,CALR,LRP1,-0.11563997585443778,-0.25444372135498233,0.02316376964610678,56,0.1620899624921326,12.823253107384767,0.10249374034201865,0.388365978251538
NK Cells|CD8 T Cells|ICAM2|ITGAL_ITGB2,NK Cells,CD8 T Cells,ICAM2,ITGAL_ITGB2,0.1052281676507669,-0.021414964412147214,0.231871299713681,55,0.10824339793610194,12.658421525295251,0.10341041398419064,0.39080028213331297
B Cells|NK Cells|MIF|TNFRSF14,B Cells,NK Cells,MIF,TNFRSF14,0.1855567660790355,-0.037795221084476666,0.4089087532425477,56,0.09615450079425758,12.823253107384767,0.10346077908475915,0.39080028213331297
Non-classical Monocytes|CD4 T Cells|MIF|TNFRSF14,Non-classical Monocytes,CD4 T Cells,MIF,TNFRSF14,0.17152666164127736,-0.03526403862249364,0.3783173619050484,56,0.14545578775728385,12.823253107384767,0.10400686430028214,0.39227663595046713
Classical Monocytes|Non-classical Monocytes|HLA-DMA|CD4,Classical Monocytes,Non-classical Monocytes,HLA-DMA,CD4,0.13591537287925223,-0.02802049609079349,0.29985124184929796,56,0.05964946050769071,12.823253107384767,0.1041710741786458,0.39231043882181504
Classical Monocytes|NK Cells|TIMP1|CD63,Classical Monocytes,NK Cells,TIMP1,CD63,0.12874388630094213,-0.026768687939743907,0.2842564605416282,56,0.40344831264353853,12.823253107384767,0.10467675975535654,0.39304334606506086
Non-classical Monocytes|CD4 T Cells|CD14|ITGB2,Non-classical Monocytes,CD4 T Cells,CD14,ITGB2,0.2269790244593473,-0.04718802152077639,0.501146070439471,56,0.09446633883552835,12.823253107384767,0.10466927288384066,0.39304334606506086
pDCs|Non-classical Monocytes|TNFSF13B|TFRC,pDCs,Non-classical Monocytes,TNFSF13B,TFRC,0.26934663815218357,-0.05690476811829348,0.5955980444226606,37,0.1386900438420089,9.869819187724579,0.10563952311733874,0.39606984409126855
Non-classical Monocytes|pDCs|LGALS9|SLC1A5,Non-classical Monocytes,pDCs,LGALS9,SLC1A5,-0.20781561221098124,-0.459852068249031,0.04422084382706851,39,0.10060522850213871,10.162560099562315,0.1060769838925207,0.39712079747614787
CD8 T Cells|CD8 T Cells|HLA-B|KLRD1,CD8 T Cells,CD8 T Cells,HLA-B,KLRD1,-0.20754749878406492,-0.45985981724146363,0.04476481967333379,55,0.46262560318626,12.96329824896671,0.1069117842265414,0.3975220582048842
B Cells|Non-classical Monocytes|GNAS|ADCY7,B Cells,Non-classical Monocytes,GNAS,ADCY7,-0.13278773590946671,-0.29406476483425825,0.028489293015324824,56,0.12834757349636794,12.823253107384767,0.10658385085382872,0.3975220582048842
B Cells|NK Cells|HLA-E|CD8A,B Cells,NK Cells,HLA-E,CD8A,-0.14784833708199158,-0.3276154995215501,0.03191882535756693,42,0.5985007670305973,10.905461348856132,0.10697071609787147,0.3975220582048842
pDCs|CD4 T Cells|HLA-B|CD3D,pDCs,CD4 T Cells,HLA-B,CD3D,-0.004244361443697109,-0.00939735409092558,0.0009086312035313619,44,0.11517773087808048,10.877998116002292,0.1064489269578847,0.3975220582048842
Classical Monocytes|Non-classical Monocytes|S100A8|CD68,Classical Monocytes,Non-classical Monocytes,S100A8,CD68,-0.00037320876557229987,-0.0008266726549548042,8.025512381020444e-05,56,0.19859392047917446,12.823253107384767,0.10672607039082409,0.3975220582048842
Classical Monocytes|CD4 T Cells|RETN|CAP1,Classical Monocytes,CD4 T Cells,RETN,CAP1,-0.18357386961815814,-0.40703510546953975,0.039887366233223476,55,0.1158149984249397,12.658421525295251,0.1073728651652198,0.3984211220888271
NK Cells|Classical Monocytes|CD99|PILRA,NK Cells,Classical Monocytes,CD99,PILRA,-0.1484488179820434,-0.32923269472003336,0.03233505875594658,56,0.17054656024963422,12.823253107384767,0.10752797992266723,0.3984211220888271
Classical Monocytes|pDCs|ICAM1|SPN,Classical Monocytes,pDCs,ICAM1,SPN,-0.19486369728989741,-0.43233805445889817,0.04261065987910331,37,0.09096278827742532,9.650133108882384,0.10777334396274318,0.3987455932560059
Non-classical Monocytes|CD8 T Cells|LGALS1|CD69,Non-classical Monocytes,CD8 T Cells,LGALS1,CD69,0.01314858360954857,-0.002886733056286072,0.02918390027538321,56,0.22218973091102623,12.823253107384767,0.1080270592361351,0.3990999688446103
pDCs|CD8 T Cells|S100A8|ITGB2,pDCs,CD8 T Cells,S100A8,ITGB2,0.20314516216355227,-0.04523253332712632,0.45152285765423084,42,0.1924634367667326,10.977367192234547,0.10892776045257822,0.401840073961555
Non-classical Monocytes|CD4 T Cells|CD47|SIRPG,Non-classical Monocytes,CD4 T Cells,CD47,SIRPG,-0.19470659103075758,-0.4333213733543945,0.04390819129287937,53,0.07123928380283184,12.322582179956465,0.1097527639132515,0.4037048535790197
CD4 T Cells|Non-classical Monocytes|SIRPG|CD47,CD4 T Cells,Non-classical Monocytes,SIRPG,CD47,-0.19470659103075758,-0.4333213733543945,0.04390819129287937,53,0.07123928380283184,12.322582179956465,0.1097527639132515,0.4037048535790197
NK Cells|CD8 T Cells|HLA-B|KLRD1,NK Cells,CD8 T Cells,HLA-B,KLRD1,-0.19281213162048727,-0.4300596741898097,0.04443541094883516,55,0.4554109278504115,12.96329824896671,0.11118903543243626,0.40839344845605585
CD4 T Cells|Non-classical Monocytes|LRPAP1|SORL1,CD4 T Cells,Non-classical Monocytes,LRPAP1,SORL1,0.22327876201196337,-0.051864303418456575,0.4984218274423833,51,0.08958680602593116,12.278467695811537,0.11171945536484702,0.4092955417413995
CD8 T Cells|Non-classical Monocytes|LRPAP1|SORL1,CD8 T Cells,Non-classical Monocytes,LRPAP1,SORL1,0.19137317191052564,-0.04447886780417726,0.42722521162522853,51,0.12966526380804377,12.278467695811537,0.11175857689021197,0.4092955417413995
CD4 T Cells|NK Cells|HLA-C|CD8A,CD4 T Cells,NK Cells,HLA-C,CD8A,-0.13337691979364308,-0.2981635992493328,0.03140975966204665,42,0.5009016184613617,10.905461348856132,0.11265359318940013,0.41019543226169186
CD8 T Cells|Classical Monocytes|HLA-C|LILRB2,CD8 T Cells,Classical Monocytes,HLA-C,LILRB2,-0.04652486899232204,-0.10394841846013093,0.010898680475486852,56,0.07833798501349387,12.823253107384767,0.11229236001981474,0.41019543226169186
Classical Monocytes|Non-classical Monocytes|CD52|SIGLEC10,Classical Monocytes,Non-classical Monocytes,CD52,SIGLEC10,-0.1934684632839924,-0.4323400605556033,0.04540313398761853,55,0.31724071457065106,12.658421525295251,0.1124159709353989,0.41019543226169186
Classical Monocytes|pDCs|PSEN1|NOTCH4,Classical Monocytes,pDCs,PSEN1,NOTCH4,0.22767199762673027,-0.05360020909842747,0.508944204351888,39,0.06988132825586446,10.583476002386448,0.11263353989361465,0.41019543226169186
Non-classical Monocytes|CD8 T Cells|S100A8|ITGB2,Non-classical Monocytes,CD8 T Cells,S100A8,ITGB2,-0.17216653857030073,-0.38513847157148967,0.04080539443088821,56,0.5938926007104284,12.823253107384767,0.11309473009242109,0.41061836629820125
Classical Monocytes|pDCs|TNFSF13B|HLA-DPB1,Classical Monocytes,pDCs,TNFSF13B,HLA-DPB1,-0.06314481431004262,-0.14122867850595408,0.014939049885868833,44,0.027037019799688977,10.877998116002292,0.11297030000264495,0.41061836629820125
CD8 T Cells|Non-classical Monocytes|LRPAP1|LRP1,CD8 T Cells,Non-classical Monocytes,LRPAP1,LRP1,0.0926296248516343,-0.022068492457784625,0.2073277421610532,56,0.10848405552547913,12.823253107384767,0.1134540400965815,0.4113319359025272
Non-classical Monocytes|NK Cells|ICAM1|ITGAL_ITGB2,Non-classical Monocytes,NK Cells,ICAM1,ITGAL_ITGB2,0.06363915535712542,-0.015316373815731713,0.14259468452998253,47,0.0887144650885695,11.640813492190432,0.1141628090883037,0.4132892810545734
NK Cells|NK Cells|GNAS|PTGDR,NK Cells,NK Cells,GNAS,PTGDR,-0.12439252205501106,-0.27879070950919826,0.03000566539917615,55,0.14173460847644015,12.658421525295251,0.11432101600995125,0.4132892810545734
NK Cells|Classical Monocytes|MFNG|NOTCH2,NK Cells,Classical Monocytes,MFNG,NOTCH2,-0.05778769730941426,-0.12958992228035715,0.014014527661528636,56,0.08685471497674824,12.823253107384767,0.11470039038883786,0.41406840930370464
Non-classical Monocytes|CD8 T Cells|HLA-DRA|LAG3,Non-classical Monocytes,CD8 T Cells,HLA-DRA,LAG3,0.14509072043258459,-0.0353246985038741,0.32550613936904327,55,0.35364137284540287,12.658421525295251,0.1149774158916838,0.41447636228000706
Classical Monocytes|CD8 T Cells|ADAM10|CD44,Classical Monocytes,CD8 T Cells,ADAM10,CD44,0.09148939341936985,-0.022402633716198717,0.2053814205549384,56,0.1084879738555854,12.823253107384767,0.11538626378275954,0.41535767603850904
Classical Monocytes|NK Cells|ICAM3|ITGAL,Classical Monocytes,NK Cells,ICAM3,ITGAL,-0.09433511745629655,-0.21188753806806057,0.023217303155467467,56,0.044703053136677995,12.823253107384767,0.11575137206819525,0.4160792563532424
Non-classical Monocytes|CD8 T Cells|HLA-E|CD8A,Non-classical Monocytes,CD8 T Cells,HLA-E,CD8A,-0.11361716910854178,-0.2553119708455256,0.02807763262844204,56,0.0863556166792594,12.823253107384767,0.11604660716903624,0.4165479777218105
Classical Monocytes|NK Cells|SIRPA|CD47,Classical Monocytes,NK Cells,SIRPA,CD47,-0.1863325398054094,-0.41942030864831625,0.04675522903749746,55,0.04118526134784117,12.837866108718586,0.11715828666094058,0.41693402852309625
Non-classical Monocytes|NK Cells|LRPAP1|SORL1,Non-classical Monocytes,NK Cells,LRPAP1,SORL1,-0.10370957145033644,-0.2334957234369806,0.026076580536307736,55,0.29828133406524004,12.658421525295251,0.11730909943803777,0.41693402852309625
NK Cells|pDCs|TIMP1|CD63,NK Cells,pDCs,TIMP1,CD63,0.15725791421272706,-0.03947223903517802,0.35398806746063216,43,0.08710324280881154,10.975902595125358,0.11718160109565973,0.41693402852309625
B Cells|NK Cells|GRN|TNFRSF1B,B Cells,NK Cells,GRN,TNFRSF1B,-0.10587231841907657,-0.23835043885927107,0.026605802021117925,54,0.137961834311203,12.671359849426228,0.11726877308351782,0.41693402852309625
NK Cells|CD4 T Cells|SPON2|ITGB2,NK Cells,CD4 T Cells,SPON2,ITGB2,-0.22239274867649667,-0.5005048448290144,0.055719347476021086,56,0.45164909359516137,12.823253107384767,0.11704736643119415,0.41693402852309625
pDCs|NK Cells|GRN|TNFRSF1B,pDCs,NK Cells,GRN,TNFRSF1B,-0.15141770327863616,-0.34075225327903025,0.037916846721757935,44,0.06107052684303227,10.877998116002292,0.1170085519646995,0.41693402852309625
NK Cells|Classical Monocytes|CD47|SIRPA,NK Cells,Classical Monocytes,CD47,SIRPA,-0.1863325398054094,-0.41942030864831625,0.04675522903749746,55,0.04118526134784117,12.837866108718586,0.11715828666094058,0.41693402852309625
Classical Monocytes|NK Cells|VIM|CD44,Classical Monocytes,NK Cells,VIM,CD44,-0.04236719296244243,-0.09550344043919413,0.010769054514309276,56,0.21003120734159375,12.823253107384767,0.11811361597514622,0.4192038027657226
Classical Monocytes|Classical Monocytes|VCAN|ITGB1,Classical Monocytes,Classical Monocytes,VCAN,ITGB1,-0.12538187681630097,-0.28275411869602896,0.031990365063427034,56,0.09156266157308734,12.823253107384767,0.11839502703652688,0.4196132304646612
CD4 T Cells|CD4 T Cells|LRPAP1|SORL1,CD4 T Cells,CD4 T Cells,LRPAP1,SORL1,0.012220131988145531,-0.00315716686374363,0.027597430840034694,56,0.03111111886259188,12.823253107384767,0.11933831230463086,0.42236402688207586
Classical Monocytes|NK Cells|GNAI2|S1PR4,Classical Monocytes,NK Cells,GNAI2,S1PR4,0.16210873384386254,-0.04330466181235598,0.36752212950008106,54,0.18438075127030373,12.491554402353886,0.12191871445529745,0.43089313486508624
Non-classical Monocytes|CD8 T Cells|PSEN1|CD44,Non-classical Monocytes,CD8 T Cells,PSEN1,CD44,0.12030672920808501,-0.03238076336548261,0.2729942217816526,56,0.09322299629661557,12.823253107384767,0.12251319615175306,0.43178639703693167
Classical Monocytes|Non-classical Monocytes|IL1B|SIGIRR,Classical Monocytes,Non-classical Monocytes,IL1B,SIGIRR,-0.1688973176805516,-0.38323727979302347,0.045442644431920226,56,0.06173726170241334,12.823253107384767,0.12248465779519098,0.43178639703693167
B Cells|Non-classical Monocytes|LGALS1|PTPRC,B Cells,Non-classical Monocytes,LGALS1,PTPRC,-0.15541803653625108,-0.3528502513631807,0.04201417829067855,53,0.17352227478906834,13.001070204273278,0.12286046146599999,0.43209260516582926
pDCs|pDCs|HLA-F|LILRB1,pDCs,pDCs,HLA-F,LILRB1,0.21076995522472888,-0.057035817718720155,0.47857572816817795,43,0.0636962321964688,10.683833490877575,0.12294205900840177,0.43209260516582926
NK Cells|B Cells|LTB|CD40,NK Cells,B Cells,LTB,CD40,-0.25475204912268024,-0.5797550896582999,0.0702509914129395,56,0.06956188927291362,12.823253107384767,0.12446280550386214,0.43682987431702724
pDCs|Non-classical Monocytes|HLA-DQB1|CD4,pDCs,Non-classical Monocytes,HLA-DQB1,CD4,-0.23373846310127677,-0.5321142011459463,0.06463727494339272,44,0.13088984971195916,10.877998116002292,0.1246914771400719,0.4370254684229704
CD8 T Cells|Non-classical Monocytes|HLA-C|LILRB2,CD8 T Cells,Non-classical Monocytes,HLA-C,LILRB2,-0.011154332721945132,-0.025402881495076097,0.0030942160511858337,56,0.1028064086952879,12.823253107384767,0.12494651182028634,0.4373127913710022
pDCs|NK Cells|S100A8|ITGB2,pDCs,NK Cells,S100A8,ITGB2,0.20259147419921011,-0.05657580729729492,0.4617587556957151,42,0.3045955626627572,10.977367192234547,0.12549604517178242,0.43862863921036543
Non-classical Monocytes|Classical Monocytes|APP|NOTCH2,Non-classical Monocytes,Classical Monocytes,APP,NOTCH2,0.10384433612820172,-0.029167087734620914,0.23685575999102437,49,0.09613841804445056,12.767291671449737,0.12597266743724278,0.4390799042950517
Classical Monocytes|CD4 T Cells|SELPLG|SELL,Classical Monocytes,CD4 T Cells,SELPLG,SELL,-0.1720626343898583,-0.3924417710256952,0.04831650224597858,56,0.12568804764905428,12.823253107384767,0.12595329577294684,0.4390799042950517
CD8 T Cells|CD4 T Cells|TGFB1|ITGB1,CD8 T Cells,CD4 T Cells,TGFB1,ITGB1,-0.22007643020299653,-0.50221588224019,0.06206302183419696,55,0.16838004661755535,12.96329824896671,0.12630780726726595,0.43964163769198494
NK Cells|Non-classical Monocytes|HLA-F|LILRB2,NK Cells,Non-classical Monocytes,HLA-F,LILRB2,-0.19759796094811927,-0.45168484883060167,0.05648892693436314,56,0.12056655168034258,12.823253107384767,0.12745320274102573,0.44152449879726907
Classical Monocytes|CD4 T Cells|APP|PTGER2,Classical Monocytes,CD4 T Cells,APP,PTGER2,-0.12756577073791198,-0.2916404962678536,0.036508954792029646,54,0.17072168722895809,12.491554402353886,0.1275476391460255,0.44152449879726907
pDCs|pDCs|TNFSF13B|HLA-DPB1,pDCs,pDCs,TNFSF13B,HLA-DPB1,-0.19227393487893402,-0.43947841454087233,0.054930544783004326,43,0.08803965083384457,10.683833490877575,0.1273972281622588,0.44152449879726907
pDCs|CD4 T Cells|APP|PTGER2,pDCs,CD4 T Cells,APP,PTGER2,-0.1688454642728856,-0.38572909117854837,0.04803816263277719,44,0.0787566705052084,10.877998116002292,0.12704820515743745,0.44152449879726907
B Cells|pDCs|MIF|CD44_CD74,B Cells,pDCs,MIF,CD44_CD74,0.17467774954036402,-0.05046747468908297,0.399822973769811,44,0.08041652740756577,10.877998116002292,0.12835325412319268,0.4428958343006425
Non-classical Monocytes|Classical Monocytes|CD47|SIRPA,Non-classical Monocytes,Classical Monocytes,CD47,SIRPA,-0.1609407869820783,-0.36844339922165936,0.046561825257502715,55,0.05561226519183138,12.837866108718586,0.12846958707652195,0.4428958343006425
Classical Monocytes|Non-classical Monocytes|SIRPA|CD47,Classical Monocytes,Non-classical Monocytes,SIRPA,CD47,-0.1609407869820783,-0.36844339922165936,0.046561825257502715,55,0.05561226519183138,12.837866108718586,0.12846958707652195,0.4428958343006425
CD8 T Cells|CD8 T Cells|GNAI2|S1PR4,CD8 T Cells,CD8 T Cells,GNAI2,S1PR4,-0.11875885484108964,-0.27209655538116134,0.034578845698982064,55,0.06411428878236736,12.658421525295251,0.12902023691041123,0.4434262290127565
Non-classical Monocytes|B Cells|LGALS9|CD47,Non-classical Monocytes,B Cells,LGALS9,CD47,0.17633893184381105,-0.051417025363824614,0.40409488905144675,56,0.09880621109269416,12.823253107384767,0.12914238720231824,0.4434262290127565
Classical Monocytes|pDCs|COPA|CD74,Classical Monocytes,pDCs,COPA,CD74,-0.0794483068490223,-0.1820642087100615,0.0231675950120169,44,0.06879197973132989,10.877998116002292,0.12914986329773992,0.4434262290127565
Classical Monocytes|Non-classical Monocytes|VCAN|CD44,Classical Monocytes,Non-classical Monocytes,VCAN,CD44,-0.06364065030033801,-0.14603033234932297,0.01874903174864695,56,0.11208102900612715,12.823253107384767,0.13003998860249347,0.4435845868594978
Classical Monocytes|B Cells|VCAN|CD44,Classical Monocytes,B Cells,VCAN,CD44,-0.07843713453090233,-0.18003778231989886,0.02316351325809421,56,0.06662352585060394,12.823253107384767,0.13024921387010185,0.4435845868594978
Classical Monocytes|CD8 T Cells|LGALS9|PTPRC,Classical Monocytes,CD8 T Cells,LGALS9,PTPRC,-0.12497021017879534,-0.28683851063331567,0.03689809027572502,56,0.161931612697238,12.823253107384767,0.13023200363796886,0.4435845868594978
Classical Monocytes|CD8 T Cells|SIRPA|CD47,Classical Monocytes,CD8 T Cells,SIRPA,CD47,-0.12800607791267574,-0.2937186673219575,0.03770651149660603,55,0.11479880403558718,12.837866108718586,0.13002822384311694,0.4435845868594978
CD8 T Cells|Classical Monocytes|CD47|SIRPA,CD8 T Cells,Classical Monocytes,CD47,SIRPA,-0.12800607791267574,-0.2937186673219575,0.03770651149660603,55,0.11479880403558718,12.837866108718586,0.13002822384311694,0.4435845868594978
B Cells|Classical Monocytes|HLA-C|LILRB2,B Cells,Classical Monocytes,HLA-C,LILRB2,-0.08412756731428989,-0.19294801146393492,0.024692876835355163,56,0.0761803632649154,12.823253107384767,0.12971649357874668,0.4435845868594978
Non-classical Monocytes|B Cells|TIMP1|CD63,Non-classical Monocytes,B Cells,TIMP1,CD63,-0.13988866811842987,-0.32169871796165117,0.0419213817247914,54,0.1309420564625714,12.79531477744459,0.13154439711215782,0.4473925861405421
pDCs|Classical Monocytes|SERPINF1|PLXDC2,pDCs,Classical Monocytes,SERPINF1,PLXDC2,-0.13199291823037546,-0.3036530676421873,0.03966723118143639,43,0.22509301949792548,10.683833490877575,0.1317964413458706,0.44764732161426746
Non-classical Monocytes|Non-classical Monocytes|MFNG|NOTCH2,Non-classical Monocytes,Non-classical Monocytes,MFNG,NOTCH2,-0.04135559896244942,-0.09524631470372642,0.012535116778827585,56,0.05502171926342103,12.823253107384767,0.1325629821866596,0.4488115790271397
CD4 T Cells|NK Cells|TIMP1|CD63,CD4 T Cells,NK Cells,TIMP1,CD63,-0.1088539810165941,-0.25067869862478875,0.03297073659160052,56,0.2697374210626048,12.823253107384767,0.1324987683046383,0.4488115790271397
B Cells|CD8 T Cells|GNAI2|S1PR4,B Cells,CD8 T Cells,GNAI2,S1PR4,-0.11886074927720285,-0.2737924872039159,0.036070988649510236,53,0.20781867211067728,12.322582179956465,0.13267204176227676,0.4488115790271397
B Cells|pDCs|LRPAP1|SORL1,B Cells,pDCs,LRPAP1,SORL1,0.20499810394738177,-0.06235322556237838,0.4723494334571419,39,0.12280418454654729,10.363474393140448,0.13287777233722212,0.4489065918397865
Classical Monocytes|Classical Monocytes|PTPN6|CD300LF,Classical Monocytes,Classical Monocytes,PTPN6,CD300LF,-0.13493073970595673,-0.3110213560621615,0.041159876650248034,51,0.15559216306997503,11.978027881857493,0.1331392288824768,0.4491893609960199
pDCs|Classical Monocytes|APP|CD74,pDCs,Classical Monocytes,APP,CD74,-0.05191143209647739,-0.1197139407681,0.015891076575145227,44,0.06306606719899566,10.877998116002292,0.13345869720095263,0.44966683710240973
B Cells|CD4 T Cells|VIM|CD44,B Cells,CD4 T Cells,VIM,CD44,-0.18020169491697152,-0.41567911760343323,0.05527572776949019,56,0.06787609404639894,12.823253107384767,0.1336444385552111,0.4496930708775213
CD4 T Cells|Classical Monocytes|CD40LG|ITGAM_ITGB2,CD4 T Cells,Classical Monocytes,CD40LG,ITGAM_ITGB2,-0.12354397672505649,-0.2850909475296603,0.038002994079547325,56,0.0567966497753859,12.823253107384767,0.13390119801636685,0.44995788216404126
pDCs|CD8 T Cells|SELPLG|ITGB2,pDCs,CD8 T Cells,SELPLG,ITGB2,-0.20700507927773062,-0.479243135919878,0.06523297736441672,44,0.29362826970387057,10.877998116002292,0.13613946029634066,0.4568717346199905
Classical Monocytes|Classical Monocytes|CD1D|LILRB2,Classical Monocytes,Classical Monocytes,CD1D,LILRB2,-0.11210939337089551,-0.25981650512521104,0.03559771838341999,52,0.1879761474431666,12.33200631643905,0.13685413766668245,0.458661015760884
Classical Monocytes|NK Cells|LGALS1|ITGB1,Classical Monocytes,NK Cells,LGALS1,ITGB1,0.03067287384903987,-0.009792994720336505,0.07113874241841625,56,0.23815819844002417,12.823253107384767,0.13737427029476273,0.4597944119667092
pDCs|CD8 T Cells|LGALS9|CD47,pDCs,CD8 T Cells,LGALS9,CD47,-0.13533039182739712,-0.3139899426735234,0.04332915901872922,43,0.08445218750490846,10.683833490877575,0.1376428059459965,0.45989539478918995
pDCs|NK Cells|APP|LRP10,pDCs,NK Cells,APP,LRP10,-0.15303017565829158,-0.35512099940294195,0.04906064808635882,44,0.14507468686688407,10.877998116002292,0.13776842653558244,0.45989539478918995
Classical Monocytes|Non-classical Monocytes|APP|LRP10,Classical Monocytes,Non-classical Monocytes,APP,LRP10,0.11330944209782601,-0.03640642393174462,0.26302530812739666,55,0.1216824592329111,12.658421525295251,0.1379789688056027,0.45999057278596045
pDCs|NK Cells|SELPLG|ITGAM,pDCs,NK Cells,SELPLG,ITGAM,-0.18018998417366405,-0.41884897615554156,0.05846900780821346,43,0.24251703214384113,10.975902595125358,0.13892852683739004,0.46254596484596133
Non-classical Monocytes|CD4 T Cells|HLA-B|CD3D,Non-classical Monocytes,CD4 T Cells,HLA-B,CD3D,-0.0024986355535999982,-0.005810475950154734,0.0008132048429547378,56,0.10156526131044696,12.823253107384767,0.13921911550254734,0.4629035590459699
B Cells|Classical Monocytes|PTPN6|CLEC12A,B Cells,Classical Monocytes,PTPN6,CLEC12A,0.17470131021317256,-0.057069715323418674,0.4064723357497638,56,0.06897674269711329,12.823253107384767,0.1395802793278907,0.4634945674922204
CD8 T Cells|Classical Monocytes|HLA-A|LILRB2,CD8 T Cells,Classical Monocytes,HLA-A,LILRB2,-0.05040535112335687,-0.1174709668441729,0.01666026459745916,56,0.07393210628738245,12.823253107384767,0.1407308500340615,0.46670191343316714
pDCs|pDCs|S100A8|CD69,pDCs,pDCs,S100A8,CD69,0.21012728475226522,-0.06965328820972577,0.4899078577142562,42,0.21847797173750172,10.977367192234547,0.14101614157808864,0.4670351110980734
pDCs|NK Cells|APP|PTGER2,pDCs,NK Cells,APP,PTGER2,-0.17846354277108592,-0.4166625654345265,0.05973547989235464,44,0.15986956322008317,10.877998116002292,0.1419834397700019,0.4687201725394053
pDCs|Classical Monocytes|GRN|TNFRSF1A,pDCs,Classical Monocytes,GRN,TNFRSF1A,-0.15717199658819603,-0.36691423538762047,0.05257024221122841,44,0.05386386756711359,10.877998116002292,0.14191026189978861,0.4687201725394053
B Cells|CD4 T Cells|GNAI2|S1PR4,B Cells,CD4 T Cells,GNAI2,S1PR4,-0.13128761267104694,-0.3065629894131012,0.043987764071007296,54,0.060127666228178556,12.491554402353886,0.1420813819411098,0.4687201725394053
Non-classical Monocytes|CD8 T Cells|CD14|ITGB2,Non-classical Monocytes,CD8 T Cells,CD14,ITGB2,-0.16311007400185212,-0.38111889466401905,0.05489874666031483,56,0.552475756989943,12.823253107384767,0.14253717834099677,0.4696107557597116
NK Cells|Classical Monocytes|HLA-A|LILRB2,NK Cells,Classical Monocytes,HLA-A,LILRB2,-0.04791121671851939,-0.11216480660122193,0.016342373164183147,56,0.0678441108351524,12.823253107384767,0.14388835840061204,0.4723305552897013
B Cells|Classical Monocytes|MFNG|NOTCH2,B Cells,Classical Monocytes,MFNG,NOTCH2,0.06380304606675866,-0.02177051776872725,0.14937660990224455,52,0.023707162230550027,12.151432051416158,0.14392343789990897,0.4723305552897013
Non-classical Monocytes|pDCs|COPA|CD74,Non-classical Monocytes,pDCs,COPA,CD74,-0.08925248616757658,-0.20885942820888256,0.030354455873729397,44,0.08019935829242486,10.877998116002292,0.14358935067989684,0.4723305552897013
pDCs|pDCs|S100A9|ITGB2,pDCs,pDCs,S100A9,ITGB2,-0.17343167344719995,-0.40646439604812545,0.05960104915372552,40,0.20116149658774152,11.038302619805199,0.14465360276804917,0.4723817192392702
Classical Monocytes|Non-classical Monocytes|GNAS|ADCY7,Classical Monocytes,Non-classical Monocytes,GNAS,ADCY7,-0.17765766974857927,-0.41635783250470765,0.0610424930075491,56,0.0689827108748936,12.823253107384767,0.14463534549327614,0.4723817192392702
pDCs|NK Cells|SELPLG|SELL,pDCs,NK Cells,SELPLG,SELL,0.13922838428410006,-0.04783190836954876,0.3262886769377489,44,0.2720717331741205,10.877998116002292,0.1446215403753876,0.4723817192392702
pDCs|NK Cells|SELPLG|ITGB2,pDCs,NK Cells,SELPLG,ITGB2,-0.15753338801499722,-0.3692217392343652,0.05415496320437074,44,0.26003109153546966,10.877998116002292,0.14468676323355564,0.4723817192392702
CD4 T Cells|Classical Monocytes|TGFB1|ITGB1,CD4 T Cells,Classical Monocytes,TGFB1,ITGB1,-0.17646963268531776,-0.41372429895143703,0.06078503358080148,55,0.1596935187542019,12.96329824896671,0.14489071388069255,0.4724372051309808
Non-classical Monocytes|Non-classical Monocytes|CIRBP|TREM1,Non-classical Monocytes,Non-classical Monocytes,CIRBP,TREM1,0.19132890380074588,-0.06612264122864556,0.44878044883013735,56,0.09078749214154613,12.823253107384767,0.14523343620853926,0.4729444501275499
B Cells|CD8 T Cells|LGALS1|PTPRC,B Cells,CD8 T Cells,LGALS1,PTPRC,-0.14714116436742813,-0.34533645690720427,0.05105412817234803,53,0.19332219702330045,13.001070204273278,0.14564519278983112,0.4731655146936036
Classical Monocytes|Classical Monocytes|ADAM17|IL6R,Classical Monocytes,Classical Monocytes,ADAM17,IL6R,0.06462236719596137,-0.022428884496092302,0.15167361888801506,52,0.04649580254128749,12.151432051416158,0.14567580943079683,0.4731655146936036
Non-classical Monocytes|Classical Monocytes|ANXA1|FPR1,Non-classical Monocytes,Classical Monocytes,ANXA1,FPR1,-0.22208404286584288,-0.5220709027635709,0.07790281703188517,56,0.14610835449903492,12.823253107384767,0.14678376638544477,0.47554176622566524
Classical Monocytes|CD8 T Cells|LGALS1|CD69,Classical Monocytes,CD8 T Cells,LGALS1,CD69,0.007754389723241814,-0.0027166734084722935,0.01822545285495592,56,0.1898178341560688,12.823253107384767,0.1466519380234336,0.47554176622566524
pDCs|Non-classical Monocytes|VIM|CD44,pDCs,Non-classical Monocytes,VIM,CD44,-0.04669585096596207,-0.10997646338650911,0.01658476145458497,44,0.07708430412947831,10.877998116002292,0.14809557286998612,0.47856459417193725
pDCs|pDCs|GNAS|ADCY7,pDCs,pDCs,GNAS,ADCY7,0.19322980002120987,-0.06858187038185676,0.4550414704242765,34,0.17715673827227774,10.015665273394857,0.14802323736445655,0.47856459417193725
B Cells|Classical Monocytes|GNAI2|ADCY7,B Cells,Classical Monocytes,GNAI2,ADCY7,0.19803423626457672,-0.07061904426345289,0.46668751679260634,54,0.1274222877254274,12.491554402353886,0.14852483194473035,0.4787882949328134
pDCs|Classical Monocytes|ANXA2|TLR2,pDCs,Classical Monocytes,ANXA2,TLR2,-0.15318040312132136,-0.3612357660080925,0.05487495976544976,44,0.13020873381280396,10.877998116002292,0.14901480550970744,0.4787882949328134
CD4 T Cells|pDCs|S100A9|CD68,CD4 T Cells,pDCs,S100A9,CD68,0.18371224258960345,-0.06588816654224994,0.43331265172145683,42,0.07195145970644024,10.977367192234547,0.14913789380003462,0.4787882949328134
CD8 T Cells|B Cells|PKM|CD44,CD8 T Cells,B Cells,PKM,CD44,0.1466471115583448,-0.05260929589100419,0.3459035190076938,56,0.09281619452604961,12.823253107384767,0.1491674702786854,0.4787882949328134
pDCs|CD8 T Cells|HLA-E|CD8B,pDCs,CD8 T Cells,HLA-E,CD8B,-0.16591952851627295,-0.3912228440230445,0.05938378699049862,44,0.2402787516626056,10.877998116002292,0.1489159533306246,0.4787882949328134
pDCs|CD4 T Cells|LRPAP1|SORL1,pDCs,CD4 T Cells,LRPAP1,SORL1,-0.1024394866591957,-0.24167480504346034,0.03679583172506895,43,0.06257302673368681,10.883029712025287,0.14930161314090104,0.4787882949328134
Classical Monocytes|NK Cells|HLA-E|CD8A,Classical Monocytes,NK Cells,HLA-E,CD8A,-0.14282788222222276,-0.337237158575353,0.05158139413090751,42,0.4160570338647561,10.905461348856132,0.14988464897558068,0.48004880603459116
pDCs|Non-classical Monocytes|SERPINF1|PLXDC2,pDCs,Non-classical Monocytes,SERPINF1,PLXDC2,0.16807592117820536,-0.06082212156814984,0.3969739639245605,43,0.10003596832705075,10.683833490877575,0.15010291241705317,0.4801393160479663
CD4 T Cells|B Cells|TIMP1|CD63,CD4 T Cells,B Cells,TIMP1,CD63,-0.13686570998640912,-0.3234661058403978,0.049734685867579564,54,0.16009364471872467,12.79531477744459,0.15055498551983876,0.4809765466607238
NK Cells|NK Cells|HLA-A|CD8A,NK Cells,NK Cells,HLA-A,CD8A,-0.1026481525142924,-0.24290090235334644,0.037604597324761624,42,0.5099662867635855,10.905461348856132,0.1514416003339222,0.4826933292645365
CD8 T Cells|pDCs|IL16|CD4,CD8 T Cells,pDCs,IL16,CD4,-0.17994624101169635,-0.4258345310562016,0.06594204903280892,43,0.05897786472448463,10.683833490877575,0.15147440051712602,0.4826933292645365
pDCs|Classical Monocytes|CALR|LRP1,pDCs,Classical Monocytes,CALR,LRP1,0.15004715697649712,-0.05511068262862709,0.3552049965816213,44,0.08006426418372847,10.877998116002292,0.15172438023254484,0.48288099351088265
Classical Monocytes|NK Cells|LGALS9|PTPRC,Classical Monocytes,NK Cells,LGALS9,PTPRC,-0.1356645380074655,-0.3213280212440315,0.04999894522910048,56,0.17524540649256082,12.823253107384767,0.15210143551330074,0.48347211011586283
Non-classical Monocytes|Classical Monocytes|HLA-C|LILRB2,Non-classical Monocytes,Classical Monocytes,HLA-C,LILRB2,-0.06414101950030622,-0.15211393376711022,0.023831894766497774,56,0.047296483442254345,12.823253107384767,0.15300164043939926,0.48433117452494373
Non-classical Monocytes|Classical Monocytes|HLA-DPB1|CD4,Non-classical Monocytes,Classical Monocytes,HLA-DPB1,CD4,-0.08860389633168277,-0.21016943286777884,0.03296164020441332,56,0.38947397495249936,12.823253107384767,0.15313834920673924,0.48433117452494373
pDCs|Classical Monocytes|LGALS9|CD44,pDCs,Classical Monocytes,LGALS9,CD44,-0.1367179191508869,-0.3242770954504509,0.05084125714867707,43,0.07982860862297225,10.683833490877575,0.1530959933035381,0.48433117452494373
CD4 T Cells|Non-classical Monocytes|HLA-A|LILRB2,CD4 T Cells,Non-classical Monocytes,HLA-A,LILRB2,-0.016199221326414034,-0.038418556175671706,0.0060201135228436335,56,0.02862185766669023,12.823253107384767,0.15302414383865187,0.48433117452494373
Classical Monocytes|Non-classical Monocytes|ICAM1|IL2RG,Classical Monocytes,Non-classical Monocytes,ICAM1,IL2RG,-0.10784085846515311,-0.2560452057357118,0.04036348880540562,46,0.05672046805637532,11.257444407177868,0.15382004667804217,0.48587907244426565
Classical Monocytes|CD8 T Cells|ICAM1|ITGAL_ITGB2,Classical Monocytes,CD8 T Cells,ICAM1,ITGAL_ITGB2,0.1790929577692628,-0.06717302067702882,0.42535893621555443,46,0.08151889742568452,11.257444407177868,0.1540554262446976,0.4860150588269049
pDCs|Classical Monocytes|LTB|TNFRSF1A,pDCs,Classical Monocytes,LTB,TNFRSF1A,0.19147351952304686,-0.07209426204357322,0.45504130108966695,44,0.07302674281036092,10.877998116002292,0.15448966045505316,0.48677727178294183
CD8 T Cells|CD8 T Cells|HLA-DRA|LAG3,CD8 T Cells,CD8 T Cells,HLA-DRA,LAG3,0.1688279354029963,-0.064042402323157,0.4016982731291496,55,0.21551586676816892,12.658421525295251,0.15533183682883708,0.48682285723078766
NK Cells|Classical Monocytes|GNAS|ADCY7,NK Cells,Classical Monocytes,GNAS,ADCY7,-0.08864629406551341,-0.21107341070389596,0.03378082257286913,56,0.12711915164739573,12.823253107384767,0.15585266778777493,0.48682285723078766
CD8 T Cells|Classical Monocytes|GNAI2|ADCY7,CD8 T Cells,Classical Monocytes,GNAI2,ADCY7,0.11738338155947436,-0.04429884444902249,0.2790656075679712,56,0.06626654822740774,12.823253107384767,0.15474800232869362,0.48682285723078766
Classical Monocytes|Classical Monocytes|GNAS|ADCY7,Classical Monocytes,Classical Monocytes,GNAS,ADCY7,-0.14543375904976202,-0.3462013681564033,0.05533385005687924,56,0.04607699320728298,12.823253107384767,0.15567305372488757,0.48682285723078766
CD8 T Cells|CD4 T Cells|TNF|ICOS,CD8 T Cells,CD4 T Cells,TNF,ICOS,0.2286680601167958,-0.08687408359251048,0.5442102038261021,42,0.08852620016082258,11.153167554590173,0.15550500142403934,0.48682285723078766
NK Cells|Non-classical Monocytes|ANXA1|FPR1,NK Cells,Non-classical Monocytes,ANXA1,FPR1,-0.18154439488801352,-0.4317820247774673,0.06869323500144023,55,0.11511023531700137,12.837866108718586,0.1550464773709377,0.48682285723078766
pDCs|B Cells|LGALS1|ITGB1,pDCs,B Cells,LGALS1,ITGB1,0.18337095140702625,-0.0694619821749703,0.4362038849890228,36,0.2539733299237207,9.65140387218893,0.1551732397442614,0.48682285723078766
pDCs|NK Cells|HLA-B|CD8A,pDCs,NK Cells,HLA-B,CD8A,-0.12467303539721258,-0.29777364048326677,0.0484275696888416,31,0.5486125919085526,8.73846100033619,0.15805782451972994,0.4922867789919916
CD8 T Cells|NK Cells|HLA-A|CD8A,CD8 T Cells,NK Cells,HLA-A,CD8A,-0.10519373078956443,-0.25129368995754864,0.04090622837841981,42,0.49944201721931525,10.905461348856132,0.1581863334157092,0.4922867789919916
pDCs|Classical Monocytes|HLA-A|LILRB2,pDCs,Classical Monocytes,HLA-A,LILRB2,-0.09090393451341218,-0.21706003045394356,0.03525216142711922,44,0.15826476880721763,10.877998116002292,0.1578658845535148,0.4922867789919916
B Cells|Non-classical Monocytes|PTPN6|CLEC12A,B Cells,Non-classical Monocytes,PTPN6,CLEC12A,0.17476174062520522,-0.06819007867567017,0.4177135599260806,56,0.06322302357222032,12.823253107384767,0.15858264795919486,0.4929131013442625
Classical Monocytes|NK Cells|HLA-C|CD8A,Classical Monocytes,NK Cells,HLA-C,CD8A,-0.14367903945480973,-0.34378212935112173,0.05642405044150231,42,0.5154512776264837,10.905461348856132,0.15933746542460503,0.4934306098907812
CD4 T Cells|NK Cells|HLA-E|CD8A,CD4 T Cells,NK Cells,HLA-E,CD8A,-0.14170758409444323,-0.3390308801608575,0.05561571197197099,42,0.5636423064349433,10.905461348856132,0.15926532918284253,0.4934306098907812
Classical Monocytes|CD8 T Cells|VCAN|ITGB1,Classical Monocytes,CD8 T Cells,VCAN,ITGB1,-0.12665473076788347,-0.30301898720212606,0.04970952566635908,56,0.12065597262637862,12.823253107384767,0.159269063237659,0.4934306098907812
CD4 T Cells|CD8 T Cells|GNAI2|S1PR4,CD4 T Cells,CD8 T Cells,GNAI2,S1PR4,-0.10224814768558046,-0.2447158588475639,0.04021956347640296,55,0.06229327571740351,12.658421525295251,0.15953019718273376,0.4934306098907812
NK Cells|Classical Monocytes|ICAM3|ITGAL,NK Cells,Classical Monocytes,ICAM3,ITGAL,-0.15782865547319114,-0.37818610083608356,0.06252878988970129,53,0.06617015899324052,12.502764428486943,0.16037746959448862,0.4954448235516781
Classical Monocytes|pDCs|HLA-DRA|CD4,Classical Monocytes,pDCs,HLA-DRA,CD4,-0.09075458974469053,-0.21754172314773637,0.036032543658355315,43,0.2545504788739167,10.683833490877575,0.1606324114629608,0.4956265003258876
NK Cells|Non-classical Monocytes|TGFB1|LPP,NK Cells,Non-classical Monocytes,TGFB1,LPP,-0.2325782246575276,-0.558233377871426,0.09307692855637084,54,0.08605573354711282,12.491554402353886,0.16157978492517466,0.49718901186519154
Classical Monocytes|B Cells|HBEGF|CD44,Classical Monocytes,B Cells,HBEGF,CD44,-0.1739870660779006,-0.41768983787159175,0.06971570571579055,50,0.2555779616352054,11.983689349526355,0.16172907311166895,0.49718901186519154
B Cells|CD8 T Cells|HLA-DQB1|LAG3,B Cells,CD8 T Cells,HLA-DQB1,LAG3,0.177112167150893,-0.07074330405623538,0.4249676383580214,55,0.41997568067110536,12.658421525295251,0.1613492989984755,0.49718901186519154
Non-classical Monocytes|B Cells|LGALS9|PTPRC,Non-classical Monocytes,B Cells,LGALS9,PTPRC,-0.19610252509114912,-0.4710493963557541,0.07884434617345587,56,0.09132859270747196,12.823253107384767,0.16213692145397884,0.49755813156299306
CD8 T Cells|CD8 T Cells|ICAM3|ITGAL,CD8 T Cells,CD8 T Cells,ICAM3,ITGAL,0.15685097059843714,-0.06311852554026604,0.3768204667371403,56,0.16121436944026835,12.823253107384767,0.16224293644950782,0.49755813156299306
Classical Monocytes|Classical Monocytes|ADAM10|NOTCH2,Classical Monocytes,Classical Monocytes,ADAM10,NOTCH2,0.020976715842306166,-0.008537831517750484,0.050491263202362816,56,0.025040291396905556,12.823253107384767,0.16362139831296596,0.5010113281995214
pDCs|pDCs|LRPAP1|SORL1,pDCs,pDCs,LRPAP1,SORL1,-0.15580413173834026,-0.3750978145130215,0.06348955103634094,38,0.06205730838950474,10.371891274133363,0.16376547569956657,0.5010113281995214
CD4 T Cells|Classical Monocytes|HLA-A|LILRB2,CD4 T Cells,Classical Monocytes,HLA-A,LILRB2,-0.05972594641079074,-0.14387324699276,0.024421354171178536,56,0.05716957532362077,12.823253107384767,0.16418287581644841,0.5010750328359482
pDCs|CD4 T Cells|HLA-DMB|CD4,pDCs,CD4 T Cells,HLA-DMB,CD4,-0.14188330606414837,-0.34174784120223567,0.05798122907393896,44,0.06433209390800543,10.877998116002292,0.16411226877956864,0.5010750328359482
Classical Monocytes|CD8 T Cells|HBEGF|CD44,Classical Monocytes,CD8 T Cells,HBEGF,CD44,-0.16959132301768917,-0.4091998996604429,0.07001725362506456,50,0.15953737327708395,11.983689349526355,0.1653707759438453,0.5026997993672168
pDCs|Classical Monocytes|TGFB1|ITGB1,pDCs,Classical Monocytes,TGFB1,ITGB1,-0.1845988098649356,-0.44561320562545664,0.07641558589558545,42,0.21183026361804458,11.139161019626373,0.16569886648745502,0.5026997993672168
Classical Monocytes|CD4 T Cells|MIF|CD44_CD74,Classical Monocytes,CD4 T Cells,MIF,CD44_CD74,-0.14911888850131916,-0.3598039232797885,0.06156614627715018,56,0.12128439815914838,12.823253107384767,0.1653730147209439,0.5026997993672168
CD8 T Cells|NK Cells|GNAI2|S1PR4,CD8 T Cells,NK Cells,GNAI2,S1PR4,-0.12127715749655252,-0.29266513902194186,0.05011082402883682,54,0.07011499458800963,12.491554402353886,0.16547071108243927,0.5026997993672168
CD8 T Cells|CD8 T Cells|HLA-F|CD8B,CD8 T Cells,CD8 T Cells,HLA-F,CD8B,-0.18892476211779502,-0.45631399154240654,0.0784644673068165,56,0.05126348265422975,12.823253107384767,0.16610776908255875,0.5026997993672168
NK Cells|Classical Monocytes|CALR|LRP1,NK Cells,Classical Monocytes,CALR,LRP1,0.13728921297404428,-0.05698515801768378,0.33156358396577235,56,0.04997243016284436,12.823253107384767,0.1660337240350882,0.5026997993672168
B Cells|Non-classical Monocytes|MIF|TNFRSF14,B Cells,Non-classical Monocytes,MIF,TNFRSF14,0.16682116397359079,-0.0692670488382088,0.4029093767853904,56,0.04635991998496858,12.823253107384767,0.1660766904072003,0.5026997993672168
pDCs|CD8 T Cells|HLA-E|CD8A,pDCs,CD8 T Cells,HLA-E,CD8A,-0.14805064377263577,-0.3580159515205541,0.06191466397528253,44,0.14972978805612625,10.877998116002292,0.16696896009019113,0.5047016293635324
B Cells|Classical Monocytes|MIF|CD74_CXCR4,B Cells,Classical Monocytes,MIF,CD74_CXCR4,0.15982441199415412,-0.06748518448944091,0.38713400847774915,56,0.0881061511069583,12.823253107384767,0.16817956401501744,0.5077535941050765
Classical Monocytes|CD4 T Cells|HLA-B|CD3D,Classical Monocytes,CD4 T Cells,HLA-B,CD3D,-0.003134230789753084,-0.007603564644582475,0.001335103065076307,56,0.0645202767134605,12.823253107384767,0.16929483437395187,0.5080432658956406
NK Cells|Classical Monocytes|VIM|CD44,NK Cells,Classical Monocytes,VIM,CD44,-0.10989349772490323,-0.26651998386327547,0.04673298841346901,56,0.20003079643395572,12.823253107384767,0.16908022548209922,0.5080432658956406
NK Cells|NK Cells|SPON2|ITGA4,NK Cells,NK Cells,SPON2,ITGA4,0.16853182842603537,-0.07162529855546726,0.408688955407538,56,0.08689333273866784,12.823253107384767,0.16900204820476383,0.5080432658956406
Non-classical Monocytes|CD8 T Cells|ICAM1|ITGAL_ITGB2,Non-classical Monocytes,CD8 T Cells,ICAM1,ITGAL_ITGB2,0.13787175123812107,-0.05881607443269507,0.33455957690893723,47,0.05907222659736033,11.640813492190432,0.16948178597151764,0.5080432658956406
Non-classical Monocytes|Non-classical Monocytes|MIF|CD44_CD74,Non-classical Monocytes,Non-classical Monocytes,MIF,CD44_CD74,-0.1541153506392916,-0.3739379188453902,0.06570721756680695,56,0.13909635250665964,12.823253107384767,0.1694073270892399,0.5080432658956406
CD4 T Cells|CD4 T Cells|LGALS1|CD69,CD4 T Cells,CD4 T Cells,LGALS1,CD69,0.06239654760311642,-0.02642031291879935,0.1512134081250322,56,0.36179765297295985,12.823253107384767,0.1685325461071684,0.5080432658956406
CD8 T Cells|Non-classical Monocytes|TNF|TNFRSF1B,CD8 T Cells,Non-classical Monocytes,TNF,TNFRSF1B,-0.1523657093573986,-0.3702092020288128,0.0654777833140156,43,0.08552787511218185,11.350171955988852,0.17042093214504073,0.5084459215236339
B Cells|CD4 T Cells|CALM1|PTPRA,B Cells,CD4 T Cells,CALM1,PTPRA,-0.12038127175668328,-0.29229818988050815,0.05153564636714156,55,0.08268695076134636,12.658421525295251,0.16993138781900707,0.5084459215236339
B Cells|Non-classical Monocytes|LRPAP1|LRP1,B Cells,Non-classical Monocytes,LRPAP1,LRP1,0.17133903958860217,-0.07353863374162184,0.41621671291882617,56,0.0684737593587611,12.823253107384767,0.17025906956094294,0.5084459215236339
NK Cells|CD8 T Cells|HLA-DPA1|LAG3,NK Cells,CD8 T Cells,HLA-DPA1,LAG3,0.17776012939798774,-0.0763639074800333,0.4318841662760088,55,0.24096070388813629,12.658421525295251,0.1703756957971463,0.5084459215236339
CD4 T Cells|Non-classical Monocytes|MIF|CD74_CXCR4,CD4 T Cells,Non-classical Monocytes,MIF,CD74_CXCR4,0.18927897668078858,-0.08150216447466213,0.4600601178362393,56,0.04761552880734976,12.823253107384767,0.17067558830770047,0.5086052024216499
Non-classical Monocytes|pDCs|HLA-DPB1|CD4,Non-classical Monocytes,pDCs,HLA-DPB1,CD4,-0.09178777549053119,-0.22320831016172626,0.03963275918066389,43,0.3517624881909831,10.683833490877575,0.1710325238520799,0.5090685368365205
Non-classical Monocytes|pDCs|LGALS1|PTPRC,Non-classical Monocytes,pDCs,LGALS1,PTPRC,-0.04973866227264076,-0.12111005753987925,0.021632732994597725,44,0.021066221843292543,10.877998116002292,0.1719712416678948,0.511260385523259
NK Cells|NK Cells|CD48|CD2,NK Cells,NK Cells,CD48,CD2,-0.18825389712078694,-0.45864923906797994,0.08214144482640606,56,0.3597462552414388,12.823253107384767,0.17239116247009867,0.511906542375957
CD4 T Cells|Classical Monocytes|LGALS1|ITGB1,CD4 T Cells,Classical Monocytes,LGALS1,ITGB1,0.10731136685046962,-0.04691442521594884,0.26153715891688806,56,0.04742850250627639,12.823253107384767,0.17264424019889424,0.5120563321392085
B Cells|pDCs|HLA-DOB|CD4,B Cells,pDCs,HLA-DOB,CD4,0.12949793911487056,-0.056995973433256214,0.31599185166299737,43,0.11256063135195915,10.683833490877575,0.1735254129097663,0.5140664928757086
Classical Monocytes|Classical Monocytes|ADAM15|ITGB1,Classical Monocytes,Classical Monocytes,ADAM15,ITGB1,0.04629334094136744,-0.020431410948145094,0.11301809283087996,53,0.04663418867319313,12.502764428486943,0.17388865242647766,0.5145393731635938
Non-classical Monocytes|CD4 T Cells|TNFSF13B|HLA-DPB1,Non-classical Monocytes,CD4 T Cells,TNFSF13B,HLA-DPB1,-0.09861766314339782,-0.24086502093125645,0.043629694644460815,56,0.056512016280070854,12.823253107384767,0.1742069468269012,0.5148783095106191
pDCs|Classical Monocytes|GNAI2|FPR1,pDCs,Classical Monocytes,GNAI2,FPR1,0.1411331990400987,-0.06306984293869394,0.3453362410188913,44,0.14085620150355382,10.877998116002292,0.17554105826045552,0.5152356708281447
NK Cells|CD8 T Cells|CD48|CD2,NK Cells,CD8 T Cells,CD48,CD2,-0.15106089705772813,-0.3695848096213282,0.067463015505872,56,0.13717716479704545,12.823253107384767,0.17545544412211556,0.5152356708281447
Classical Monocytes|B Cells|PKM|CD44,Classical Monocytes,B Cells,PKM,CD44,-0.12262336471436007,-0.2998631294203825,0.05461639999166236,56,0.051681958970856035,12.823253107384767,0.175098705687469,0.5152356708281447
B Cells|CD4 T Cells|HMGB1|CXCR4,B Cells,CD4 T Cells,HMGB1,CXCR4,-0.03494944554775886,-0.08545168156969091,0.01555279047417319,56,0.17218206866798846,12.823253107384767,0.1749818722191393,0.5152356708281447
NK Cells|Classical Monocytes|HLA-C|LILRB2,NK Cells,Classical Monocytes,HLA-C,LILRB2,-0.03638919593051709,-0.08903601530744068,0.016257623446406494,56,0.03717875486201416,12.823253107384767,0.1755079075071302,0.5152356708281447
Non-classical Monocytes|Non-classical Monocytes|HLA-DMA|CD4,Non-classical Monocytes,Non-classical Monocytes,HLA-DMA,CD4,0.12861531254443037,-0.05748020440062565,0.31471082948948637,56,0.0281964919553932,12.823253107384767,0.17555121194421552,0.5152356708281447
NK Cells|CD8 T Cells|SPON2|ITGA4,NK Cells,CD8 T Cells,SPON2,ITGA4,0.15909228236531225,-0.0714587939275543,0.3896433586581788,56,0.0632307709199349,12.823253107384767,0.17622261129460826,0.5160075767572133
B Cells|CD4 T Cells|PKM|CD44,B Cells,CD4 T Cells,PKM,CD44,-0.12657955089961748,-0.30996951210181534,0.056810410302580355,56,0.14867160658675815,12.823253107384767,0.1761170559607148,0.5160075767572133
pDCs|Classical Monocytes|RPS19|C5AR1,pDCs,Classical Monocytes,RPS19,C5AR1,-0.03504596909100502,-0.08588089936087688,0.015788961178866842,44,0.12167812998441829,10.877998116002292,0.17662709433040458,0.516176527474136
NK Cells|pDCs|SPON2|ITGA4,NK Cells,pDCs,SPON2,ITGA4,0.20986288351774804,-0.09459117015570753,0.5143169371912036,37,0.2209177395770323,10.1164695267978,0.17668883904437183,0.516176527474136
Non-classical Monocytes|NK Cells|SELPLG|ITGB2,Non-classical Monocytes,NK Cells,SELPLG,ITGB2,-0.12066253986019072,-0.2965969475585989,0.055271867838217456,56,0.18971584020231091,12.823253107384767,0.17887783878442431,0.5178189002216653
Non-classical Monocytes|CD8 T Cells|LGALS1|ITGB1,Non-classical Monocytes,CD8 T Cells,LGALS1,ITGB1,-0.08799410058196133,-0.21645830883421943,0.04047010767029677,56,0.43812994419674434,12.823253107384767,0.179428713328612,0.5178189002216653
CD8 T Cells|NK Cells|S100A9|ITGB2,CD8 T Cells,NK Cells,S100A9,ITGB2,0.21058022165189583,-0.09653426863072367,0.5176947119345153,51,0.3674145358617408,13.035746994107193,0.17898231954274424,0.5178189002216653
B Cells|Classical Monocytes|CD99|PILRA,B Cells,Classical Monocytes,CD99,PILRA,-0.1549134125520506,-0.38076823349780436,0.07094140839370316,56,0.09461056208235774,12.823253107384767,0.1788398411765636,0.5178189002216653
Non-classical Monocytes|Classical Monocytes|LGALS9|PTPRC,Non-classical Monocytes,Classical Monocytes,LGALS9,PTPRC,-0.0973583885422809,-0.23904682796383475,0.04433005087927294,56,0.07280839311844345,12.823253107384767,0.17806069625066767,0.5178189002216653
Non-classical Monocytes|CD8 T Cells|HLA-DQA1|LAG3,Non-classical Monocytes,CD8 T Cells,HLA-DQA1,LAG3,0.17701904227768994,-0.08145969344148485,0.43549777799686473,54,0.045905456961498614,12.491554402353886,0.1795050876906129,0.5178189002216653
NK Cells|B Cells|SPON2|ITGB2,NK Cells,B Cells,SPON2,ITGB2,0.1498568595960249,-0.06869994173501343,0.36841366092706324,56,0.33476633106222176,12.823253107384767,0.17898729283253723,0.5178189002216653
CD8 T Cells|Classical Monocytes|VIM|CD44,CD8 T Cells,Classical Monocytes,VIM,CD44,-0.087314378482735,-0.21477386786349434,0.04014511089802432,56,0.20565444461959592,12.823253107384767,0.17938646623270338,0.5178189002216653
pDCs|Classical Monocytes|HLA-DPA1|CD4,pDCs,Classical Monocytes,HLA-DPA1,CD4,-0.09287654180088677,-0.22811134718371856,0.04235826358194504,44,0.14233234855920573,10.877998116002292,0.1782819397323171,0.5178189002216653
Non-classical Monocytes|Classical Monocytes|PTPN6|CD300LF,Non-classical Monocytes,Classical Monocytes,PTPN6,CD300LF,-0.13575870416480756,-0.3334880737536522,0.06197066542403709,51,0.14768696894116007,11.978027881857493,0.1784029444872799,0.5178189002216653
B Cells|Classical Monocytes|LRPAP1|SORL1,B Cells,Classical Monocytes,LRPAP1,SORL1,0.04646517365429831,-0.021179923837459383,0.114110271146056,54,0.0744680198749339,12.491554402353886,0.17820830141491628,0.5178189002216653
NK Cells|pDCs|HLA-DRA|CD4,NK Cells,pDCs,HLA-DRA,CD4,0.14793317197667302,-0.06859639386319907,0.36446273781654515,42,0.23593527360325417,10.777553792320838,0.18055473583569215,0.5202529275448051
pDCs|NK Cells|CLEC2B|KLRF1,pDCs,NK Cells,CLEC2B,KLRF1,0.14001415090325403,-0.06515439562594272,0.3451826974324508,43,0.3525471560738268,10.975902595125358,0.1810439618639086,0.5203988622591789
B Cells|pDCs|GNAI2|CXCR3,B Cells,pDCs,GNAI2,CXCR3,-0.12745193752380682,-0.314223602451025,0.05931972740341132,41,0.11436862846954687,10.286080250568475,0.18106977740153407,0.5203988622591789
B Cells|NK Cells|VIM|CD44,B Cells,NK Cells,VIM,CD44,-0.18269869475463263,-0.4505246594899045,0.08512726998063924,56,0.2493083914152957,12.823253107384767,0.18122318907323998,0.5203988622591789
NK Cells|Non-classical Monocytes|CALR|LRP1,NK Cells,Non-classical Monocytes,CALR,LRP1,-0.1830061892202947,-0.45142576895660097,0.08541339051601154,56,0.08800413572779009,12.823253107384767,0.18145555107344347,0.5204746623865967
Non-classical Monocytes|CD8 T Cells|HLA-E|CD8B,Non-classical Monocytes,CD8 T Cells,HLA-E,CD8B,-0.125382758080363,-0.3096324858712174,0.05886696971049135,56,0.07057309793558408,12.823253107384767,0.1822811482845369,0.5222499565929986
Non-classical Monocytes|Classical Monocytes|ICAM3|ITGAL,Non-classical Monocytes,Classical Monocytes,ICAM3,ITGAL,-0.15372864393690938,-0.38001458505101493,0.07255729717719614,53,0.15776847411110884,12.502764428486943,0.1830203674115538,0.5237740299535634
CD4 T Cells|CD8 T Cells|HLA-DRA|LAG3,CD4 T Cells,CD8 T Cells,HLA-DRA,LAG3,0.18346841248111326,-0.08734396682640924,0.4542807917886358,53,0.14695881024410717,13.009914758945065,0.18423588547338465,0.5245030434385864
Non-classical Monocytes|Non-classical Monocytes|TGFB1|CXCR4,Non-classical Monocytes,Non-classical Monocytes,TGFB1,CXCR4,0.19289251162334278,-0.09188048512015559,0.4776655083668412,56,0.0710409845088914,12.823253107384767,0.1843129016911218,0.5245030434385864
CD8 T Cells|Non-classical Monocytes|PTPN6|CD300LF,CD8 T Cells,Non-classical Monocytes,PTPN6,CD300LF,-0.10872485083382338,-0.26902527941104387,0.051575577743397105,56,0.037188055803680786,12.823253107384767,0.1837296102620949,0.5245030434385864
Non-classical Monocytes|Non-classical Monocytes|HLA-DRA|CD4,Non-classical Monocytes,Non-classical Monocytes,HLA-DRA,CD4,-0.03444867975315877,-0.08529277222062115,0.016395412714303614,56,0.1577626039166662,12.823253107384767,0.18419619101900486,0.5245030434385864
Non-classical Monocytes|CD8 T Cells|VCAN|ITGB1,Non-classical Monocytes,CD8 T Cells,VCAN,ITGB1,0.19289192470019317,-0.09156238015080487,0.4773462295511912,55,0.0834809957552366,12.837866108718586,0.18382308799548364,0.5245030434385864
Non-classical Monocytes|NK Cells|LGALS1|ITGB1,Non-classical Monocytes,NK Cells,LGALS1,ITGB1,0.037155119260517,-0.017783193391316544,0.09209343191235053,56,0.23914119964768954,12.823253107384767,0.1849935315309742,0.5252569148076087
CD8 T Cells|Classical Monocytes|HLA-F|LILRB2,CD8 T Cells,Classical Monocytes,HLA-F,LILRB2,0.12661472432865098,-0.06053329098418139,0.3137627396414834,56,0.10666053386217833,12.823253107384767,0.1848361022127203,0.5252569148076087
Non-classical Monocytes|Non-classical Monocytes|GRN|TNFRSF1B,Non-classical Monocytes,Non-classical Monocytes,GRN,TNFRSF1B,-0.05497341605040723,-0.13633420244370334,0.026387370342888877,56,0.12091810895728672,12.823253107384767,0.18540413992536664,0.5258319434246931
NK Cells|CD8 T Cells|SELPLG|SELL,NK Cells,CD8 T Cells,SELPLG,SELL,-0.13515400470189085,-0.33529452969416285,0.06498652029038116,56,0.03953857382735737,12.823253107384767,0.18565089685751068,0.5259414981602348
Non-classical Monocytes|CD8 T Cells|ICAM1|SPN,Non-classical Monocytes,CD8 T Cells,ICAM1,SPN,0.1022118973389528,-0.049788032034415286,0.2542118267123209,47,0.077603522856595,11.640813492190432,0.18751305063357282,0.5282057921860023
Non-classical Monocytes|NK Cells|ICAM1|SPN,Non-classical Monocytes,NK Cells,ICAM1,SPN,-0.1332645871517426,-0.3312343908308104,0.06470521652732522,47,0.10129735945381169,11.640813492190432,0.18704819512753368,0.5282057921860023
Classical Monocytes|CD4 T Cells|PKM|CD44,Classical Monocytes,CD4 T Cells,PKM,CD44,-0.07397395453399858,-0.18390131467302967,0.035953405605032504,56,0.03042304217649372,12.823253107384767,0.18719314344680882,0.5282057921860023
Classical Monocytes|pDCs|GNAI2|ADCY7,Classical Monocytes,pDCs,GNAI2,ADCY7,0.24380555417775046,-0.11890299662907317,0.6065141049845741,34,0.09417598163879481,10.015665273394857,0.18768808429887107,0.5282057921860023
pDCs|Classical Monocytes|PKM|CD44,pDCs,Classical Monocytes,PKM,CD44,-0.10504791058938537,-0.26099294591441513,0.05089712473564437,44,0.12600678748069083,10.877998116002292,0.18674366894891947,0.5282057921860023
CD8 T Cells|NK Cells|PKM|CD44,CD8 T Cells,NK Cells,PKM,CD44,-0.16377735403719945,-0.4075526342436956,0.07999792616929671,56,0.06640631695095767,12.823253107384767,0.18791333881092842,0.5282057921860023
B Cells|B Cells|VIM|CD44,B Cells,B Cells,VIM,CD44,-0.13527282177308045,-0.3365622616851269,0.06601661813896598,56,0.21298789496753912,12.823253107384767,0.18778589754060238,0.5282057921860023
CD8 T Cells|Non-classical Monocytes|MFNG|NOTCH2,CD8 T Cells,Non-classical Monocytes,MFNG,NOTCH2,-0.05670880358222191,-0.14119232498324596,0.02777471781880214,56,0.041090502055644906,12.823253107384767,0.18830558344874293,0.5287202326388593
pDCs|Non-classical Monocytes|PSAP|LRP1,pDCs,Non-classical Monocytes,PSAP,LRP1,0.12084812369276071,-0.059482361359331215,0.30117860874485264,44,0.12590927248040074,10.877998116002292,0.18902595336013717,0.5295122989750348
CD4 T Cells|Classical Monocytes|ANXA2|TLR2,CD4 T Cells,Classical Monocytes,ANXA2,TLR2,-0.1412182689636751,-0.3520359306699218,0.06959939274257163,56,0.03905282632558027,12.823253107384767,0.18921630628193764,0.5295122989750348
CD8 T Cells|CD8 T Cells|HLA-F|CD8A,CD8 T Cells,CD8 T Cells,HLA-F,CD8A,-0.1773201703442901,-0.44202751551203673,0.08738717482345654,56,0.1231206673123999,12.823253107384767,0.1892078953123172,0.5295122989750348
Non-classical Monocytes|CD4 T Cells|ICAM1|SPN,Non-classical Monocytes,CD4 T Cells,ICAM1,SPN,0.1566219542124182,-0.07744167102121813,0.39068557944605453,47,0.08255392887020696,11.640813492190432,0.18969041560971756,0.5298893580324078
Non-classical Monocytes|CD8 T Cells|MIF|TNFRSF14,Non-classical Monocytes,CD8 T Cells,MIF,TNFRSF14,0.1445951369098465,-0.07163801264406369,0.36082828646375664,56,0.18538241936508482,12.823253107384767,0.1899834115631861,0.5298893580324078
Classical Monocytes|Non-classical Monocytes|TIMP2|CD44,Classical Monocytes,Non-classical Monocytes,TIMP2,CD44,-0.09873855728467992,-0.24646480499830165,0.0489876904289418,56,0.09551459539548757,12.823253107384767,0.1901898091552805,0.5298893580324078
Classical Monocytes|Non-classical Monocytes|TIMP2|ITGB1,Classical Monocytes,Non-classical Monocytes,TIMP2,ITGB1,-0.13002023729774542,-0.3245095250793909,0.06446905048390006,56,0.17689024269297215,12.823253107384767,0.19010189866286442,0.5298893580324078
NK Cells|Non-classical Monocytes|HLA-F|LILRB1,NK Cells,Non-classical Monocytes,HLA-F,LILRB1,0.1254760580580599,-0.06243696895775114,0.3133890850738709,56,0.07055758997063377,12.823253107384767,0.19062377216327486,0.5305135157010964
CD8 T Cells|CD8 T Cells|SELPLG|ITGB2,CD8 T Cells,CD8 T Cells,SELPLG,ITGB2,0.11930213179775108,-0.059602974445479004,0.29820723804098115,56,0.09910110195063782,12.823253107384767,0.19121478497715383,0.5315728950905035
Non-classical Monocytes|Classical Monocytes|GRN|TNFRSF1B,Non-classical Monocytes,Classical Monocytes,GRN,TNFRSF1B,0.08073400163332677,-0.04056762040549727,0.2020356236721508,56,0.248975171626582,12.823253107384767,0.19206942481483913,0.5333620181396687
CD4 T Cells|CD4 T Cells|HLA-DPB1|CD4,CD4 T Cells,CD4 T Cells,HLA-DPB1,CD4,0.07647186245184573,-0.03855050485042098,0.19149422975411245,56,0.07901115106246082,12.823253107384767,0.19255116110631676,0.5341128255934824
Non-classical Monocytes|Classical Monocytes|PKM|CD44,Non-classical Monocytes,Classical Monocytes,PKM,CD44,-0.0630885171696042,-0.15803062260491235,0.03185358826570395,56,0.13240681330338455,12.823253107384767,0.19278463671682566,0.5341740975695378
B Cells|CD8 T Cells|HLA-DRA|LAG3,B Cells,CD8 T Cells,HLA-DRA,LAG3,0.094603257180075,-0.04790156145607974,0.23710807581622975,55,0.38115615167518435,12.658421525295251,0.19320992063941456,0.5347661220764519
Classical Monocytes|Classical Monocytes|HLA-C|LILRB2,Classical Monocytes,Classical Monocytes,HLA-C,LILRB2,-0.08266680386790036,-0.20732173754871308,0.041988129812912375,56,0.06689770122144256,12.823253107384767,0.19367646849746423,0.5354709364257025
pDCs|CD4 T Cells|LGALS9|CD47,pDCs,CD4 T Cells,LGALS9,CD47,-0.16304497923381445,-0.4097886476033164,0.08369868913568751,43,0.07610618781652445,10.683833490877575,0.19527935742201907,0.5393124985851827
Non-classical Monocytes|CD8 T Cells|S100A9|ITGB2,Non-classical Monocytes,CD8 T Cells,S100A9,ITGB2,-0.08248730160477721,-0.20740241558580869,0.04242781237625427,56,0.5128764569984383,12.823253107384767,0.1955769966489329,0.5395448368251675
CD4 T Cells|pDCs|VIM|CD44,CD4 T Cells,pDCs,VIM,CD44,-0.0986111559360225,-0.2484013462945619,0.05117903442251688,44,0.03709075755153901,10.877998116002292,0.19694644394451133,0.5396973425859701
NK Cells|Non-classical Monocytes|TGFB1|ITGB1,NK Cells,Non-classical Monocytes,TGFB1,ITGB1,0.09576792668982788,-0.049562196865358274,0.24109805024501402,56,0.10905270655972643,12.823253107384767,0.19651167925427981,0.5396973425859701
NK Cells|B Cells|LGALS1|CD69,NK Cells,B Cells,LGALS1,CD69,0.06110585386892328,-0.031751326734186486,0.15396303447203305,56,0.10595945462366085,12.823253107384767,0.19712728421323722,0.5396973425859701
B Cells|CD4 T Cells|CD47|SIRPG,B Cells,CD4 T Cells,CD47,SIRPG,0.0382195385685149,-0.019774644169648324,0.09621372130667813,53,0.1032898423234262,12.322582179956465,0.1964740013942633,0.5396973425859701
Non-classical Monocytes|CD4 T Cells|ADAM15|ITGB1,Non-classical Monocytes,CD4 T Cells,ADAM15,ITGB1,-0.10121160419006,-0.25496489708362513,0.05254168870350509,52,0.18535985306207725,12.746815901557841,0.1969843856140221,0.5396973425859701
Classical Monocytes|Classical Monocytes|MIF|CD44_CD74,Classical Monocytes,Classical Monocytes,MIF,CD44_CD74,-0.11616451595522598,-0.292534724821248,0.060205692910796055,56,0.15527541978294035,12.823253107384767,0.19673449175963242,0.5396973425859701
CD4 T Cells|B Cells|SIRPG|CD47,CD4 T Cells,B Cells,SIRPG,CD47,0.0382195385685149,-0.019774644169648324,0.09621372130667813,53,0.1032898423234262,12.322582179956465,0.1964740013942633,0.5396973425859701
Non-classical Monocytes|Classical Monocytes|ADAM10|CD44,Non-classical Monocytes,Classical Monocytes,ADAM10,CD44,0.1068564844686683,-0.055708652116989166,0.26942162105432577,56,0.18334554093814204,12.823253107384767,0.1976368535322951,0.5401341843897735
Non-classical Monocytes|Classical Monocytes|HLA-A|APLP2,Non-classical Monocytes,Classical Monocytes,HLA-A,APLP2,0.02022179911114104,-0.010562128209764942,0.051005726432047024,56,0.10235700707578355,12.823253107384767,0.19792355995692013,0.5401341843897735
Classical Monocytes|CD8 T Cells|HLA-DQB1|LAG3,Classical Monocytes,CD8 T Cells,HLA-DQB1,LAG3,0.2194393792815493,-0.11461961962871117,0.5534983781918098,54,0.06722214645491398,12.491554402353886,0.19792807864856754,0.5401341843897735
Non-classical Monocytes|pDCs|ADAM17|ITGB1,Non-classical Monocytes,pDCs,ADAM17,ITGB1,-0.08266519765765387,-0.2085791341945467,0.04324873887923897,44,0.04814465786775102,10.877998116002292,0.19817852548548787,0.5402342329038056
B Cells|CD4 T Cells|HLA-DOB|CD4,B Cells,CD4 T Cells,HLA-DOB,CD4,-0.10004894784256756,-0.25252882331288085,0.052430927627745746,56,0.06095077589124409,12.823253107384767,0.1984357041431566,0.5403523969501688
CD4 T Cells|NK Cells|HLA-A|CD8A,CD4 T Cells,NK Cells,HLA-A,CD8A,-0.11143130791892608,-0.28136714388681167,0.0585045280489595,42,0.4999154230753676,10.905461348856132,0.19872278626210327,0.5405516478841065
Non-classical Monocytes|Classical Monocytes|VCAN|SELL,Non-classical Monocytes,Classical Monocytes,VCAN,SELL,0.1934806865883449,-0.1027698110158071,0.48973118419249695,55,0.10084162613396785,12.837866108718586,0.20052787466249844,0.5415096222923905
B Cells|NK Cells|HLA-A|CD8A,B Cells,NK Cells,HLA-A,CD8A,-0.12764797842254438,-0.3230732214460653,0.06777726460097655,42,0.4962669210975308,10.905461348856132,0.20047112792466038,0.5415096222923905
Non-classical Monocytes|Non-classical Monocytes|S100A8|CD68,Non-classical Monocytes,Non-classical Monocytes,S100A8,CD68,-0.12003315838375428,-0.3035348169222743,0.06346850015476574,56,0.5460695427836855,12.823253107384767,0.1998205842496682,0.5415096222923905
Classical Monocytes|CD8 T Cells|LGALS9|CD47,Classical Monocytes,CD8 T Cells,LGALS9,CD47,-0.1496048784090614,-0.37819213137299945,0.07898237455487664,56,0.13381210231901153,12.823253107384767,0.19957986833327013,0.5415096222923905
CD8 T Cells|Classical Monocytes|HLA-DPA1|CD4,CD8 T Cells,Classical Monocytes,HLA-DPA1,CD4,0.09987271923886926,-0.053097394764004824,0.25284283324174334,56,0.05880763071536732,12.823253107384767,0.2006711862427356,0.5415096222923905
Classical Monocytes|CD8 T Cells|LGALS1|ITGB1,Classical Monocytes,CD8 T Cells,LGALS1,ITGB1,-0.0790353709897487,-0.20012170017431394,0.04205095819481655,56,0.43571862434362574,12.823253107384767,0.2007892821875623,0.5415096222923905
Non-classical Monocytes|Non-classical Monocytes|ANXA1|FPR1,Non-classical Monocytes,Non-classical Monocytes,ANXA1,FPR1,-0.13736832557953807,-0.3478142341705046,0.07307758301142847,55,0.08648848295920442,12.837866108718586,0.2007688190037914,0.5415096222923905
pDCs|Classical Monocytes|APP|LRP1,pDCs,Classical Monocytes,APP,LRP1,0.1087777982553966,-0.05757168133754123,0.27512727784833446,44,0.08673925932114002,10.877998116002292,0.19996807573251285,0.5415096222923905
Classical Monocytes|pDCs|CD14|ITGB2,Classical Monocytes,pDCs,CD14,ITGB2,-0.15097286543860655,-0.38271090963030335,0.08076517875309025,44,0.05161564617723957,10.877998116002292,0.20164506551274153,0.5429564043207161
pDCs|Non-classical Monocytes|TNFSF13B|HLA-DPB1,pDCs,Non-classical Monocytes,TNFSF13B,HLA-DPB1,-0.14893274157291855,-0.3775952472300044,0.07972976408416732,43,0.12447665647109185,10.683833490877575,0.20175546642546593,0.5429564043207161
pDCs|Non-classical Monocytes|S100A8|ITGB2,pDCs,Non-classical Monocytes,S100A8,ITGB2,0.14369496741012286,-0.0771474396183516,0.36453737443859735,42,0.1704415013936783,10.977367192234547,0.20220846216025368,0.5431245289373022
Non-classical Monocytes|Classical Monocytes|SELPLG|SELL,Non-classical Monocytes,Classical Monocytes,SELPLG,SELL,0.11879765784614116,-0.06379640408867901,0.30139171978096135,56,0.09812555432612036,12.823253107384767,0.20224779648990954,0.5431245289373022
pDCs|Non-classical Monocytes|HLA-DPA1|CD4,pDCs,Non-classical Monocytes,HLA-DPA1,CD4,-0.07505546561059592,-0.19059907827281608,0.040488147051624235,44,0.048167285394532966,10.877998116002292,0.20295972526297412,0.5444577767935622
Classical Monocytes|CD8 T Cells|HLA-E|CD8A,Classical Monocytes,CD8 T Cells,HLA-E,CD8A,-0.13803951495362882,-0.3508306839052331,0.07475165399797543,56,0.12140559092081138,12.823253107384767,0.20357003144110464,0.5455158742859718
NK Cells|CD8 T Cells|TIMP1|CD63,NK Cells,CD8 T Cells,TIMP1,CD63,-0.12238441881353218,-0.31140607392331165,0.06663723629624727,54,0.2863999635360396,12.79531477744459,0.20443998323916235,0.5466876588839823
NK Cells|B Cells|SPON2|ITGB1,NK Cells,B Cells,SPON2,ITGB1,0.15694024746900542,-0.08538127079845909,0.39926176573646993,45,0.05193620067567295,11.486669209818757,0.20430682530190236,0.5466876588839823
Classical Monocytes|Classical Monocytes|ADAM10|CD44,Classical Monocytes,Classical Monocytes,ADAM10,CD44,0.10568339403734597,-0.05780019916990345,0.2691669872445954,56,0.17783261765874425,12.823253107384767,0.2051510610728149,0.5480092297367899
Classical Monocytes|CD4 T Cells|ADAM10|CD44,Classical Monocytes,CD4 T Cells,ADAM10,CD44,0.10960132596548038,-0.06098156411499163,0.2801842160459524,56,0.04599534107286429,12.823253107384767,0.20792280164543853,0.5546845469351397
pDCs|B Cells|TNFSF13B|HLA-DPB1,pDCs,B Cells,TNFSF13B,HLA-DPB1,-0.13467972505720205,-0.3443711289696487,0.07501167885524462,43,0.04206331862526658,10.683833490877575,0.2080890187948209,0.5546845469351397
Classical Monocytes|CD4 T Cells|APP|CD74,Classical Monocytes,CD4 T Cells,APP,CD74,-0.09860356231980713,-0.25279078196346705,0.05558365732385276,55,0.08016976324781055,12.658421525295251,0.21005741180892679,0.556537551355226
Non-classical Monocytes|Non-classical Monocytes|FABP5|RXRA,Non-classical Monocytes,Non-classical Monocytes,FABP5,RXRA,0.019158342669267806,-0.010750925568867073,0.049067610907402685,48,0.08192311422624865,12.041919275124867,0.20931458900768574,0.556537551355226
Non-classical Monocytes|CD8 T Cells|S100A8|CD69,Non-classical Monocytes,CD8 T Cells,S100A8,CD69,0.057094236061892914,-0.0321157207500706,0.14630419287385643,56,0.4476478563454157,12.823253107384767,0.20970611440997544,0.556537551355226
CD4 T Cells|B Cells|GNAI2|S1PR4,CD4 T Cells,B Cells,GNAI2,S1PR4,-0.07445847993414276,-0.19090213489987948,0.04198517503159396,52,0.04039746957177204,12.151432051416158,0.21010558923343314,0.556537551355226
Classical Monocytes|CD4 T Cells|ICAM1|SPN,Classical Monocytes,CD4 T Cells,ICAM1,SPN,0.1432831159710966,-0.08065961342036071,0.3672258453625539,46,0.0659497806094641,11.257444407177868,0.20983297445926696,0.556537551355226
NK Cells|NK Cells|LGALS1|CD69,NK Cells,NK Cells,LGALS1,CD69,0.0927800371133697,-0.05213200056502644,0.23769207479176585,56,0.17306771425675826,12.823253107384767,0.20952655115267116,0.556537551355226
Classical Monocytes|NK Cells|HLA-A|CD8A,Classical Monocytes,NK Cells,HLA-A,CD8A,-0.12592462790344694,-0.32345068543974753,0.07160142963285365,42,0.5079395240738892,10.905461348856132,0.21148423992269383,0.5595638267633629
CD8 T Cells|pDCs|S100A9|CD68,CD8 T Cells,pDCs,S100A9,CD68,0.1850753996708466,-0.10536628244737437,0.4755170817890676,41,0.06663219705832124,11.135992295959353,0.21169094514672537,0.5595638267633629
Non-classical Monocytes|CD8 T Cells|GRN|TNFRSF1B,Non-classical Monocytes,CD8 T Cells,GRN,TNFRSF1B,0.1259167116734273,-0.07227120549940144,0.324104628846256,56,0.11702279360198009,12.823253107384767,0.2130422491761379,0.5625472974588301
CD4 T Cells|Non-classical Monocytes|LRPAP1|LRP1,CD4 T Cells,Non-classical Monocytes,LRPAP1,LRP1,0.14432638160938724,-0.0831702170351023,0.3718229802538768,56,0.08041825889810039,12.823253107384767,0.2137119881388596,0.5637267161032341
Classical Monocytes|B Cells|SELPLG|ITGB2,Classical Monocytes,B Cells,SELPLG,ITGB2,-0.11596852019930087,-0.29940035824268685,0.06746331784408513,56,0.1449175933314435,12.823253107384767,0.21530093263680683,0.564969321675193
Non-classical Monocytes|B Cells|S100A9|ITGB2,Non-classical Monocytes,B Cells,S100A9,ITGB2,-0.13062228236727186,-0.3370892672944816,0.07584470255993786,56,0.3834613392908295,12.823253107384767,0.2149827253605754,0.564969321675193
Non-classical Monocytes|Non-classical Monocytes|GNAI2|ADCY7,Non-classical Monocytes,Non-classical Monocytes,GNAI2,ADCY7,0.11453832431122776,-0.06638120119581004,0.29545784981826556,56,0.05240055134979271,12.823253107384767,0.2146672988477445,0.564969321675193
B Cells|Non-classical Monocytes|GRN|TNFRSF1B,B Cells,Non-classical Monocytes,GRN,TNFRSF1B,0.13126569883310418,-0.07602008901811802,0.3385514866843264,54,0.09626651906953487,12.671359849426228,0.21454448566909956,0.564969321675193
NK Cells|Classical Monocytes|PTPN6|CLEC12A,NK Cells,Classical Monocytes,PTPN6,CLEC12A,-0.17162428313198697,-0.44301912152880424,0.09977055526483031,56,0.08710339304135895,12.823253107384767,0.215182874985695,0.564969321675193
Classical Monocytes|NK Cells|ICAM1|ITGAL_ITGB2,Classical Monocytes,NK Cells,ICAM1,ITGAL_ITGB2,0.0757891918771317,-0.04425767683756984,0.19583606059183326,46,0.07613456654196293,11.257444407177868,0.2159445191712337,0.5652493611195462
pDCs|B Cells|MIF|CD74_CXCR4,pDCs,B Cells,MIF,CD74_CXCR4,0.06912953700140884,-0.040507446838440805,0.1787665208412585,44,0.2204841781013963,10.877998116002292,0.2165260710580612,0.5652493611195462
NK Cells|CD4 T Cells|CALM1|PTPRA,NK Cells,CD4 T Cells,CALM1,PTPRA,0.08949806651033762,-0.05233893251284896,0.2313350655335242,55,0.09851142736039098,12.658421525295251,0.2161901774985725,0.5652493611195462
B Cells|B Cells|HMGB1|CXCR4,B Cells,B Cells,HMGB1,CXCR4,-0.023943406126050726,-0.06189326649987335,0.014006454247771902,56,0.06903301533475492,12.823253107384767,0.216241332602086,0.5652493611195462
Classical Monocytes|CD8 T Cells|S100A8|CD69,Classical Monocytes,CD8 T Cells,S100A8,CD69,0.000366050931595141,-0.00021440930030901045,0.0009465111634992925,56,0.09615511571308588,12.823253107384767,0.21645997517839766,0.5652493611195462
pDCs|CD4 T Cells|LGALS1|CD69,pDCs,CD4 T Cells,LGALS1,CD69,0.05192549764197393,-0.03048604898383965,0.13433704426778753,44,0.24261375820355313,10.877998116002292,0.21685830059090883,0.5655324309527623
NK Cells|NK Cells|TIMP1|CD63,NK Cells,NK Cells,TIMP1,CD63,-0.1255451725390968,-0.32526655303907487,0.07417620796088126,54,0.17421281447183912,12.79531477744459,0.21793547602906727,0.5673220332422536
Classical Monocytes|Non-classical Monocytes|ADAM17|ITGB1,Classical Monocytes,Non-classical Monocytes,ADAM17,ITGB1,-0.10943037987478145,-0.2836227269548417,0.06476196720527878,56,0.20135436400059947,12.823253107384767,0.2182180515676575,0.5673220332422536
Non-classical Monocytes|Non-classical Monocytes|ICAM1|ITGAL_ITGB2,Non-classical Monocytes,Non-classical Monocytes,ICAM1,ITGAL_ITGB2,0.13398258634842658,-0.07926556264729975,0.34723073534415294,47,0.05260555518324006,11.640813492190432,0.2181605473847461,0.5673220332422536
Classical Monocytes|pDCs|HBEGF|CD44,Classical Monocytes,pDCs,HBEGF,CD44,-0.1511218887871727,-0.3918344923427889,0.08959071476844352,41,0.12286703889987804,10.485860719202712,0.21851521212695024,0.5675107307757485
B Cells|Non-classical Monocytes|MFNG|NOTCH2,B Cells,Non-classical Monocytes,MFNG,NOTCH2,0.06395229359727642,-0.038274879992839766,0.1661794671873926,52,0.042146094789079824,12.151432051416158,0.2201483305935632,0.5688290709713029
pDCs|Non-classical Monocytes|HLA-F|LILRB1,pDCs,Non-classical Monocytes,HLA-F,LILRB1,-0.11401631609474216,-0.2961739060620394,0.06814127387255509,44,0.11927793329139946,10.877998116002292,0.21990408251970317,0.5688290709713029
Classical Monocytes|Classical Monocytes|CD47|SIRPA,Classical Monocytes,Classical Monocytes,CD47,SIRPA,0.016842881683968233,-0.010076139083720615,0.04376190245165708,55,0.03542429678333747,12.837866108718586,0.22007676945479882,0.5688290709713029
Classical Monocytes|Classical Monocytes|SIRPA|CD47,Classical Monocytes,Classical Monocytes,SIRPA,CD47,0.016842881683968233,-0.010076139083720615,0.04376190245165708,55,0.03542429678333747,12.837866108718586,0.22007676945479882,0.5688290709713029
Classical Monocytes|B Cells|ADAM15|ITGB1,Classical Monocytes,B Cells,ADAM15,ITGB1,-0.19088090929750218,-0.4959198835370843,0.11415806494207997,43,0.0481233224889418,11.350171955988852,0.2200236374171325,0.5688290709713029
B Cells|NK Cells|GNAS|PTGDR,B Cells,NK Cells,GNAS,PTGDR,-0.10831549102997236,-0.2819438775482498,0.06531289548830509,55,0.25187662431251556,12.658421525295251,0.22144513090396234,0.5715953481045075
CD8 T Cells|Non-classical Monocytes|MIF|CD74_CXCR4,CD8 T Cells,Non-classical Monocytes,MIF,CD74_CXCR4,0.18611334419258813,-0.11281403267776963,0.4850407210629459,56,0.09122649869818356,12.823253107384767,0.2223583023487543,0.573366765342145
CD4 T Cells|Classical Monocytes|GNAI2|ADCY7,CD4 T Cells,Classical Monocytes,GNAI2,ADCY7,0.07901301562431846,-0.047969300997153755,0.2059953322457907,56,0.06601254944662904,12.823253107384767,0.22263138646904224,0.5734857427189294
pDCs|Non-classical Monocytes|LRPAP1|SORL1,pDCs,Non-classical Monocytes,LRPAP1,SORL1,0.10463429116509769,-0.06393404320326725,0.27320262553346264,41,0.05463725705642941,10.776173834062366,0.22375823431226038,0.5746311566128882
B Cells|NK Cells|GNAI2|S1PR5,B Cells,NK Cells,GNAI2,S1PR5,-0.10992028201422771,-0.28697894836859666,0.06713838434014124,54,0.1981259919738585,12.491554402353886,0.223691478344357,0.5746311566128882
pDCs|CD8 T Cells|CALM1|PTPRA,pDCs,CD8 T Cells,CALM1,PTPRA,0.14604319525487536,-0.08905839278065303,0.38114478329040374,43,0.09774250627826597,10.683833490877575,0.22340882947282303,0.5746311566128882
B Cells|Classical Monocytes|GNAI2|C5AR1,B Cells,Classical Monocytes,GNAI2,C5AR1,-0.17685801699714468,-0.4625564271334429,0.10884039313915353,54,0.2597326870110701,12.491554402353886,0.2250185372107979,0.5757357981126097
Non-classical Monocytes|Non-classical Monocytes|PTDSS1|JMJD6,Non-classical Monocytes,Non-classical Monocytes,PTDSS1,JMJD6,0.1742896473917976,-0.10730907776019133,0.4558883725437865,47,0.047455310712359644,11.640813492190432,0.22509971054026845,0.5757357981126097
CD8 T Cells|Non-classical Monocytes|GNAI2|FPR1,CD8 T Cells,Non-classical Monocytes,GNAI2,FPR1,-0.1438283623482297,-0.3760672998589176,0.0884105751624582,55,0.11479820809195562,12.837866108718586,0.22481294280482078,0.5757357981126097
Non-classical Monocytes|NK Cells|HLA-A|CD8A,Non-classical Monocytes,NK Cells,HLA-A,CD8A,-0.11921769705537039,-0.31181323701665864,0.07337784290591784,42,0.4962522614943037,10.905461348856132,0.22504248155019035,0.5757357981126097
pDCs|NK Cells|VIM|CD44,pDCs,NK Cells,VIM,CD44,-0.057843869494124955,-0.15135830367547448,0.035670564687224585,44,0.03753641726646639,10.877998116002292,0.22537975484880846,0.5758692017218796
B Cells|Non-classical Monocytes|HLA-DOB|CD4,B Cells,Non-classical Monocytes,HLA-DOB,CD4,-0.07890443434719167,-0.20661748601806174,0.048808617323678374,56,0.04452281002082181,12.823253107384767,0.2259273841697771,0.57668535333033
CD4 T Cells|NK Cells|HLA-F|CD8A,CD4 T Cells,NK Cells,HLA-F,CD8A,-0.11983810457002766,-0.31421906075444234,0.074542851614387,42,0.06283447288937627,10.905461348856132,0.2269163416309643,0.5786252223021663
pDCs|Classical Monocytes|ANXA1|FPR1,pDCs,Classical Monocytes,ANXA1,FPR1,0.1565389629339843,-0.09814631970768053,0.4112242455756492,43,0.08417010108046641,10.683833490877575,0.22833222283405818,0.5793127782145231
Non-classical Monocytes|Classical Monocytes|MIF|CD74_CXCR4,Non-classical Monocytes,Classical Monocytes,MIF,CD74_CXCR4,0.14246505884659924,-0.08925548619929385,0.37418560389249234,56,0.06329547162000104,12.823253107384767,0.2281980913654087,0.5793127782145231
Non-classical Monocytes|Classical Monocytes|TIMP2|ITGB1,Non-classical Monocytes,Classical Monocytes,TIMP2,ITGB1,0.06952386722142373,-0.04354272545113566,0.18259045989398312,56,0.03766492240022423,12.823253107384767,0.22813832859700767,0.5793127782145231
CD4 T Cells|B Cells|SELPLG|ITGB2,CD4 T Cells,B Cells,SELPLG,ITGB2,-0.10264379681671335,-0.26938294600497326,0.0640953523715466,56,0.1424310952839486,12.823253107384767,0.2276077465671542,0.5793127782145231
pDCs|CD8 T Cells|LGALS1|CD69,pDCs,CD8 T Cells,LGALS1,CD69,0.07546287386071851,-0.0472369000274145,0.1981626477488515,44,0.34898509845361947,10.877998116002292,0.22804197960060169,0.5793127782145231
Non-classical Monocytes|CD8 T Cells|HLA-F|CD8B,Non-classical Monocytes,CD8 T Cells,HLA-F,CD8B,0.12621173738612942,-0.0795212131984068,0.3319446879706657,56,0.08370366438990628,12.823253107384767,0.22921393516622535,0.5794203119110826
Classical Monocytes|pDCs|VCAN|SELL,Classical Monocytes,pDCs,VCAN,SELL,-0.043397606812090775,-0.11415022031325546,0.02735500668907391,44,0.02305911599315702,10.877998116002292,0.22929177360945097,0.5794203119110826
Classical Monocytes|NK Cells|RETN|CAP1,Classical Monocytes,NK Cells,RETN,CAP1,-0.15083364879289496,-0.3966328591525169,0.09496556156672697,55,0.04837930053799466,12.658421525295251,0.22908328534983613,0.5794203119110826
CD8 T Cells|NK Cells|TIMP1|CD63,CD8 T Cells,NK Cells,TIMP1,CD63,0.11535174118018948,-0.07253222915138235,0.3032357115117613,50,0.2519100565692959,12.101630309997411,0.22885103197429502,0.5794203119110826
CD4 T Cells|NK Cells|SELPLG|ITGB2,CD4 T Cells,NK Cells,SELPLG,ITGB2,-0.1138690415684691,-0.29982454565972627,0.07208646252278807,56,0.07168888899724102,12.823253107384767,0.23007122939226976,0.5802295375990676
Classical Monocytes|Classical Monocytes|IL1B|SIGIRR,Classical Monocytes,Classical Monocytes,IL1B,SIGIRR,-0.159131700270013,-0.41891655105329667,0.10065315051327067,56,0.17655679659232604,12.823253107384767,0.22991430466639118,0.5802295375990676
NK Cells|Classical Monocytes|ICAM2|ITGAM_ITGB2,NK Cells,Classical Monocytes,ICAM2,ITGAM_ITGB2,-0.09634077706215305,-0.2539851820960516,0.06130362797174546,55,0.11301079222245436,12.658421525295251,0.2309998646759629,0.5815161636995552
Non-classical Monocytes|pDCs|ICAM1|SPN,Non-classical Monocytes,pDCs,ICAM1,SPN,-0.1704248146638358,-0.44931944051940487,0.10846981119173327,37,0.08262317829612331,9.869819187724579,0.2310416416123282,0.5815161636995552
Classical Monocytes|NK Cells|HLA-F|CD8A,Classical Monocytes,NK Cells,HLA-F,CD8A,0.16613343823410623,-0.10618084919759455,0.43844772566580703,42,0.38037899022409893,10.905461348856132,0.2318002305772895,0.5822655891340065
CD4 T Cells|NK Cells|GNAI2|S1PR4,CD4 T Cells,NK Cells,GNAI2,S1PR4,-0.07510218549996248,-0.19820414286954613,0.04799977186962118,54,0.06373091475271608,12.491554402353886,0.2317991647770674,0.5822655891340065
Classical Monocytes|Classical Monocytes|ANXA2|TLR2,Classical Monocytes,Classical Monocytes,ANXA2,TLR2,0.12804819975410306,-0.08240726689134364,0.33850366639954976,56,0.054501651621292946,12.823253107384767,0.23306205585509865,0.5830772376729852
B Cells|CD4 T Cells|LGALS1|PTPRC,B Cells,CD4 T Cells,LGALS1,PTPRC,-0.1510080781762587,-0.3991703150970304,0.097154158744513,53,0.05514536904440104,13.001070204273278,0.2330069444952788,0.5830772376729852
CD4 T Cells|CD8 T Cells|HLA-E|CD8A,CD4 T Cells,CD8 T Cells,HLA-E,CD8A,-0.06292819397191482,-0.1663409007964781,0.04048451285264845,56,0.05307382719703313,12.823253107384767,0.23299954565889425,0.5830772376729852
CD4 T Cells|Non-classical Monocytes|GNAI2|FPR1,CD4 T Cells,Non-classical Monocytes,GNAI2,FPR1,-0.1226242560504617,-0.3239547524472523,0.07870624034632889,55,0.08946614291580413,12.837866108718586,0.2325741324365742,0.5830772376729852
B Cells|CD4 T Cells|HLA-DMA|CD4,B Cells,CD4 T Cells,HLA-DMA,CD4,0.09162063773413504,-0.05903307011136594,0.242274345579636,56,0.25764572265961716,12.823253107384767,0.233277042852152,0.5830772376729852
Classical Monocytes|NK Cells|APP|PTGER2,Classical Monocytes,NK Cells,APP,PTGER2,-0.0737641056763636,-0.1951382594132602,0.04761004806053301,55,0.08607009960047507,12.658421525295251,0.23359416326674975,0.5832929353508662
B Cells|Non-classical Monocytes|MIF|CD44_CD74,B Cells,Non-classical Monocytes,MIF,CD44_CD74,-0.14962921325383544,-0.3965728196225525,0.0973143931148816,56,0.10259020347910874,12.823253107384767,0.2349948014947889,0.5850560230318538
NK Cells|pDCs|SPON2|ITGB1,NK Cells,pDCs,SPON2,ITGB1,-0.13320319804618394,-0.352915716354958,0.08650932026259009,44,0.10354435602086975,10.877998116002292,0.23473480300800564,0.5850560230318538
B Cells|NK Cells|HLA-C|CD8A,B Cells,NK Cells,HLA-C,CD8A,-0.1214995878496406,-0.3219667709336811,0.07896759523439992,42,0.4651608134720142,10.905461348856132,0.2348731054538693,0.5850560230318538
pDCs|Classical Monocytes|HLA-C|LILRB2,pDCs,Classical Monocytes,HLA-C,LILRB2,-0.06855544329767567,-0.18195965679661275,0.04484877020126142,44,0.18224627866658283,10.877998116002292,0.23607948828634717,0.5866551850105939
Non-classical Monocytes|Non-classical Monocytes|HLA-DRB1|CD4,Non-classical Monocytes,Non-classical Monocytes,HLA-DRB1,CD4,-0.04226812572079662,-0.1122258597840373,0.027689608342444064,56,0.17725409135051307,12.823253107384767,0.2363335885796536,0.5866551850105939
pDCs|Classical Monocytes|IL16|CD4,pDCs,Classical Monocytes,IL16,CD4,0.1715872062241136,-0.11234660180481343,0.45552101425304065,44,0.03405613095314941,10.877998116002292,0.2362358896810387,0.5866551850105939
Non-classical Monocytes|pDCs|HLA-DMB|CD4,Non-classical Monocytes,pDCs,HLA-DMB,CD4,0.15947982329956362,-0.10535511598953201,0.42431476258865924,43,0.12579404869451905,10.683833490877575,0.23789588439859122,0.5888514662455672
B Cells|Classical Monocytes|GNAS|ADCY7,B Cells,Classical Monocytes,GNAS,ADCY7,-0.08849614704265443,-0.23540536674534931,0.05841307266004045,56,0.13825694813221256,12.823253107384767,0.23773938237667813,0.5888514662455672
Non-classical Monocytes|Classical Monocytes|HLA-DQB1|CD4,Non-classical Monocytes,Classical Monocytes,HLA-DQB1,CD4,0.16799643517585552,-0.11099414543140321,0.4469870157831143,56,0.061758764000621746,12.823253107384767,0.23791743056459203,0.5888514662455672
Non-classical Monocytes|Non-classical Monocytes|S100A9|CD68,Non-classical Monocytes,Non-classical Monocytes,S100A9,CD68,-0.061370711751778176,-0.1633414149348538,0.040599991431297444,56,0.47038453018020954,12.823253107384767,0.23816034479821635,0.588875921042165
B Cells|Classical Monocytes|CALR|LRP1,B Cells,Classical Monocytes,CALR,LRP1,-0.11489108510067972,-0.306013189667168,0.07623101946580857,56,0.018215628129195194,12.823253107384767,0.23871203328839696,0.5896630577905954
Non-classical Monocytes|CD4 T Cells|VCAN|CD44,Non-classical Monocytes,CD4 T Cells,VCAN,CD44,0.14360983835242383,-0.09560824461501558,0.3828279213198632,55,0.1385764139248219,12.837866108718586,0.23934499098322737,0.5906492111470855
Classical Monocytes|Classical Monocytes|VCAN|CD44,Classical Monocytes,Classical Monocytes,VCAN,CD44,-0.035015356511831755,-0.09340268470338825,0.02337197167972474,56,0.13776899715255253,12.823253107384767,0.23983217496132458,0.5912740547583095
CD4 T Cells|NK Cells|CALM1|PTPRA,CD4 T Cells,NK Cells,CALM1,PTPRA,-0.11187633595865056,-0.298647208329979,0.07489453641267789,56,0.10486949575912052,12.823253107384767,0.24038519279213622,0.592059826691743
NK Cells|NK Cells|LRPAP1|SORL1,NK Cells,NK Cells,LRPAP1,SORL1,-0.05823291645788517,-0.1557594401889123,0.039293607273141976,55,0.1668651649375953,12.658421525295251,0.2418838577930943,0.5951708944918688
pDCs|Non-classical Monocytes|COPA|CD74,pDCs,Non-classical Monocytes,COPA,CD74,0.12960287911939217,-0.08782810571228966,0.347033863951074,43,0.22372208471314103,10.683833490877575,0.24269995192364524,0.5965980335710618
NK Cells|Non-classical Monocytes|MIF|CD74_CXCR4,NK Cells,Non-classical Monocytes,MIF,CD74_CXCR4,0.1782785664482327,-0.1211683623078263,0.4777254952042917,56,0.1056094429515737,12.823253107384767,0.24325756962968825,0.5973876369817515
Non-classical Monocytes|Non-classical Monocytes|MIF|CD74_CXCR4,Non-classical Monocytes,Non-classical Monocytes,MIF,CD74_CXCR4,0.18064634248243222,-0.12311761994880027,0.4844103049136647,56,0.11158544494393474,12.823253107384767,0.2437854619791907,0.5976706307157349
Non-classical Monocytes|Classical Monocytes|ADAM10|NOTCH2,Non-classical Monocytes,Classical Monocytes,ADAM10,NOTCH2,0.0034647324116446627,-0.0023620980577611543,0.009291562881050479,56,0.01765982967369273,12.823253107384767,0.24384583310958552,0.5976706307157349
Non-classical Monocytes|Classical Monocytes|TGFB1|CXCR4,Non-classical Monocytes,Classical Monocytes,TGFB1,CXCR4,0.16328826483811404,-0.11187344052964587,0.43844997020587395,56,0.03658070430792393,12.823253107384767,0.2447910866201829,0.5983895101674387
Classical Monocytes|Classical Monocytes|ANXA1|FPR1,Classical Monocytes,Classical Monocytes,ANXA1,FPR1,-0.08898779489162348,-0.23890405698695863,0.06092846720371167,56,0.10471467830231407,12.823253107384767,0.24466645498162187,0.5983895101674387
NK Cells|CD4 T Cells|HLA-DPB1|CD4,NK Cells,CD4 T Cells,HLA-DPB1,CD4,0.17055052977460738,-0.11691641072283654,0.4580174702720513,56,0.271643733684761,12.823253107384767,0.24490171056335763,0.5983895101674387
CD8 T Cells|Classical Monocytes|GNAI2|C5AR1,CD8 T Cells,Classical Monocytes,GNAI2,C5AR1,-0.13167372373388753,-0.3539999276184841,0.09065248015070901,56,0.13422542981750152,12.823253107384767,0.24572416006486753,0.5983895101674387
Non-classical Monocytes|CD4 T Cells|SELPLG|SELL,Non-classical Monocytes,CD4 T Cells,SELPLG,SELL,0.13656577998352576,-0.09405591614567685,0.3671874761127284,56,0.18536265092527404,12.823253107384767,0.24579672004503417,0.5983895101674387
Classical Monocytes|Classical Monocytes|GRN|TNFRSF1A,Classical Monocytes,Classical Monocytes,GRN,TNFRSF1A,-0.0938553579894086,-0.25222366933449475,0.06451295335567754,56,0.14155946357214488,12.823253107384767,0.24541725149863625,0.5983895101674387
Classical Monocytes|Non-classical Monocytes|TNFSF13B|HLA-DPB1,Classical Monocytes,Non-classical Monocytes,TNFSF13B,HLA-DPB1,-0.03529365979081285,-0.09482648184246546,0.02423916226083976,56,0.22318061940169887,12.823253107384767,0.24525482364074902,0.5983895101674387
NK Cells|CD8 T Cells|HLA-F|CD8A,NK Cells,CD8 T Cells,HLA-F,CD8A,-0.15254609657448212,-0.41038152433962183,0.10528933119065756,56,0.16412965246400113,12.823253107384767,0.24621344948872115,0.5988271288334922
CD4 T Cells|B Cells|TGFB1|ITGB1,CD4 T Cells,B Cells,TGFB1,ITGB1,-0.1152040442237573,-0.3110504920051054,0.08064240355759078,44,0.20397985156650267,11.588913686680788,0.24894219311706633,0.6048816557757949
Non-classical Monocytes|NK Cells|VCAN|SELL,Non-classical Monocytes,NK Cells,VCAN,SELL,0.1535446934607509,-0.10824095046077958,0.41533033738228137,55,0.02591538605987609,12.837866108718586,0.25031921553031566,0.6075565679446897
Classical Monocytes|CD4 T Cells|HLA-DPA1|CD4,Classical Monocytes,CD4 T Cells,HLA-DPA1,CD4,-0.09812839806643002,-0.2655044741078377,0.06924767797497762,56,0.08710670857209468,12.823253107384767,0.2505239191920723,0.6075565679446897
Non-classical Monocytes|NK Cells|ICAM2|ITGAM_ITGB2,Non-classical Monocytes,NK Cells,ICAM2,ITGAM_ITGB2,-0.1490619990174255,-0.40365228770504136,0.10552828967019035,55,0.06492382904734639,12.96329824896671,0.2511526550950798,0.6084973724115691
pDCs|Non-classical Monocytes|LRPAP1|LRP1,pDCs,Non-classical Monocytes,LRPAP1,LRP1,0.08921106498831441,-0.06374320667135938,0.2421653366479882,43,0.06745094644502836,10.883029712025287,0.25297414988194933,0.611152654638323
Classical Monocytes|Classical Monocytes|HLA-DPA1|CD4,Classical Monocytes,Classical Monocytes,HLA-DPA1,CD4,0.1237267949008155,-0.08830003777400394,0.335753627575635,56,0.10745706387539267,12.823253107384767,0.2527383424007187,0.611152654638323
Non-classical Monocytes|Classical Monocytes|ADAM17|IL6R,Non-classical Monocytes,Classical Monocytes,ADAM17,IL6R,0.08197015645439751,-0.058560932076398065,0.22250124498519308,52,0.05695686315873494,12.151432051416158,0.25294547811198187,0.611152654638323
pDCs|CD4 T Cells|COPA|CD74,pDCs,CD4 T Cells,COPA,CD74,0.1353110279651254,-0.09708270382656203,0.3677047597568128,43,0.05185707137332485,10.683833490877575,0.2537920486780708,0.6125429866375214
B Cells|CD8 T Cells|HLA-DPB1|LAG3,B Cells,CD8 T Cells,HLA-DPB1,LAG3,0.12420263561932987,-0.08955746153893057,0.3379627327775903,55,0.3587314734621114,12.658421525295251,0.25478132418718635,0.6140795412223495
pDCs|B Cells|LGALS9|PTPRC,pDCs,B Cells,LGALS9,PTPRC,-0.11610415241599517,-0.3159823819137473,0.08377407708175691,43,0.3445769762735915,10.683833490877575,0.2549146967717628,0.6140795412223495
NK Cells|NK Cells|LGALS1|ITGB1,NK Cells,NK Cells,LGALS1,ITGB1,0.2237739437894099,-0.1622003411527842,0.6097482287316041,56,0.14100652665007318,12.823253107384767,0.2558242122940406,0.614832459057864
Classical Monocytes|Classical Monocytes|HLA-A|APLP2,Classical Monocytes,Classical Monocytes,HLA-A,APLP2,0.02423817494095848,-0.01758049548220178,0.06605684536411874,56,0.08855405427930751,12.823253107384767,0.2559571614281254,0.614832459057864
CD8 T Cells|CD4 T Cells|SELPLG|ITGB2,CD8 T Cells,CD4 T Cells,SELPLG,ITGB2,-0.09917869732014528,-0.27016470744368815,0.07180731280339758,56,0.041543694470271286,12.823253107384767,0.25559799147103823,0.614832459057864
CD8 T Cells|Classical Monocytes|ANXA1|FPR1,CD8 T Cells,Classical Monocytes,ANXA1,FPR1,-0.1559547597191215,-0.4253479041237176,0.11343838468547454,56,0.0672540484647719,12.823253107384767,0.25652389138641996,0.6151427099425837
pDCs|Classical Monocytes|APP|PTGER2,pDCs,Classical Monocytes,APP,PTGER2,0.10803412433026782,-0.07860120852474989,0.29466945718528553,44,0.04772081852265353,10.877998116002292,0.2565731762087389,0.6151427099425837
Classical Monocytes|pDCs|APP|CD74,Classical Monocytes,pDCs,APP,CD74,-0.08091169398508896,-0.22143179981654346,0.05960841184636553,44,0.04572547087587797,10.877998116002292,0.2590875909375737,0.6173775774129533
NK Cells|Non-classical Monocytes|LTB|TNFRSF1A,NK Cells,Non-classical Monocytes,LTB,TNFRSF1A,-0.17475180749550812,-0.4783727024153026,0.12886908742428638,56,0.04258169526601563,12.823253107384767,0.2592880961533188,0.6173775774129533
CD4 T Cells|Classical Monocytes|LGALS1|CD69,CD4 T Cells,Classical Monocytes,LGALS1,CD69,0.15894058989620719,-0.11684115714128396,0.43472233693369833,55,0.05169146998625407,12.96329824896671,0.2586528050594664,0.6173775774129533
Classical Monocytes|CD8 T Cells|APP|PTGER2,Classical Monocytes,CD8 T Cells,APP,PTGER2,-0.07274423398514476,-0.1989511670524722,0.05346269908218268,55,0.13360488696505624,12.658421525295251,0.2586023018513498,0.6173775774129533
CD8 T Cells|pDCs|LGALS1|PTPRC,CD8 T Cells,pDCs,LGALS1,PTPRC,0.17379830699685025,-0.1279550674523854,0.47555168144608595,44,0.10114646816283812,10.877998116002292,0.25895534774738804,0.6173775774129533
Classical Monocytes|CD8 T Cells|ICAM1|SPN,Classical Monocytes,CD8 T Cells,ICAM1,SPN,0.11737129125187454,-0.08628872221686484,0.3210313047206139,46,0.0577723734137644,11.257444407177868,0.2586672653207238,0.6173775774129533
NK Cells|CD8 T Cells|HLA-F|CD8B,NK Cells,CD8 T Cells,HLA-F,CD8B,-0.14711733746508016,-0.4028241007740492,0.10858942584388886,56,0.05340624156432938,12.823253107384767,0.2594727988473823,0.6173775774129533
Non-classical Monocytes|CD8 T Cells|ADAM17|ITGB1,Non-classical Monocytes,CD8 T Cells,ADAM17,ITGB1,-0.1290119364744194,-0.3530343472766341,0.09501047432779527,56,0.15400253367114325,12.823253107384767,0.2590156426962391,0.6173775774129533
Non-classical Monocytes|B Cells|CD14|ITGB1,Non-classical Monocytes,B Cells,CD14,ITGB1,0.16898211263053198,-0.12487077703124883,0.4628350022923128,45,0.23096459087274368,11.486669209818757,0.2597041411911236,0.6173775774129533
Classical Monocytes|Classical Monocytes|TIMP2|CD44,Classical Monocytes,Classical Monocytes,TIMP2,CD44,-0.12385429472356445,-0.3394944495791957,0.09178586013206681,56,0.13497768344508732,12.823253107384767,0.2602849942843657,0.6181768614253685
Non-classical Monocytes|CD8 T Cells|VIM|CD44,Non-classical Monocytes,CD8 T Cells,VIM,CD44,-0.034020754454601454,-0.09338439676886351,0.025342887859660594,56,0.23737674905056072,12.823253107384767,0.2613367524786049,0.6200919939093282
CD4 T Cells|Classical Monocytes|SIRPG|CD47,CD4 T Cells,Classical Monocytes,SIRPG,CD47,0.12854923842694022,-0.09629422499860277,0.35339270185248317,53,0.07795020402019415,12.322582179956465,0.26247276335590364,0.6210380833336784
B Cells|CD8 T Cells|HLA-DPA1|LAG3,B Cells,CD8 T Cells,HLA-DPA1,LAG3,0.12615299910344258,-0.09435359799527152,0.3466595962021567,55,0.3804279291745205,12.658421525295251,0.26215770112532966,0.6210380833336784
Classical Monocytes|CD4 T Cells|CD47|SIRPG,Classical Monocytes,CD4 T Cells,CD47,SIRPG,0.12854923842694022,-0.09629422499860277,0.35339270185248317,53,0.07795020402019415,12.322582179956465,0.26247276335590364,0.6210380833336784
Non-classical Monocytes|Non-classical Monocytes|HLA-DMB|CD4,Non-classical Monocytes,Non-classical Monocytes,HLA-DMB,CD4,0.09545535001817068,-0.07159253531682877,0.2625032353531701,56,0.05394261090802832,12.823253107384767,0.2627254545150688,0.6210544654439466
B Cells|NK Cells|ICAM3|ITGAL,B Cells,NK Cells,ICAM3,ITGAL,0.07832651867134767,-0.05914901485002007,0.21580205219271542,56,0.0695771394691368,12.823253107384767,0.26412813297915194,0.6237867215311373
B Cells|Non-classical Monocytes|HMGB1|HAVCR2,B Cells,Non-classical Monocytes,HMGB1,HAVCR2,0.12775538448005433,-0.09660294544516682,0.3521137144052755,53,0.13995287315588611,12.322582179956465,0.26439913351155386,0.6238437071743199
Non-classical Monocytes|Non-classical Monocytes|GNAS|ADCY7,Non-classical Monocytes,Non-classical Monocytes,GNAS,ADCY7,-0.09073444651285217,-0.25026986129845474,0.0688009682727504,56,0.24761232442478553,12.823253107384767,0.2649733034241676,0.6246152404411115
Classical Monocytes|CD8 T Cells|APP|CD74,Classical Monocytes,CD8 T Cells,APP,CD74,-0.07822162772370901,-0.21606818873041245,0.05962493328299441,55,0.05340839800593156,12.658421525295251,0.26605644643005155,0.6265840075757132
NK Cells|CD4 T Cells|LGALS1|ITGB1,NK Cells,CD4 T Cells,LGALS1,ITGB1,0.12475637128448273,-0.09543065239818081,0.34494339496714627,56,0.08645545914675512,12.823253107384767,0.26678303201334075,0.6277101693647226
pDCs|CD4 T Cells|CD48|CD2,pDCs,CD4 T Cells,CD48,CD2,0.15500280811225692,-0.11915802515510693,0.42916364137962076,43,0.04887778341594207,10.975902595125358,0.2678150050657203,0.6295521095823955
Classical Monocytes|Non-classical Monocytes|COPA|CD74,Classical Monocytes,Non-classical Monocytes,COPA,CD74,-0.07841200006977478,-0.21727929009483804,0.06045528995528848,56,0.1100898288604023,12.823253107384767,0.26842282625108105,0.6298091754284882
Classical Monocytes|CD8 T Cells|VCAN|ITGA4,Classical Monocytes,CD8 T Cells,VCAN,ITGA4,-0.13505104361760806,-0.3742127459909803,0.10411065875576417,56,0.11791878853901316,12.823253107384767,0.2683966652491554,0.6298091754284882
CD8 T Cells|pDCs|HLA-DPA1|CD4,CD8 T Cells,pDCs,HLA-DPA1,CD4,0.15511776121533788,-0.12061975682250997,0.43085527925318573,43,0.03835771183474579,10.683833490877575,0.27020557734548367,0.631139450944806
Non-classical Monocytes|CD4 T Cells|LGALS9|PTPRC,Non-classical Monocytes,CD4 T Cells,LGALS9,PTPRC,-0.08734300799571239,-0.24242639091720547,0.06774037492578071,56,0.032248831650628085,12.823253107384767,0.269657210481686,0.631139450944806
Non-classical Monocytes|Classical Monocytes|TNFSF13B|HLA-DPB1,Non-classical Monocytes,Classical Monocytes,TNFSF13B,HLA-DPB1,-0.12776855010628652,-0.3550241712355128,0.09948707102293977,56,0.04676726519545649,12.823253107384767,0.27048833611920253,0.631139450944806
B Cells|Classical Monocytes|HMGB1|CXCR4,B Cells,Classical Monocytes,HMGB1,CXCR4,-0.112513272781996,-0.31259387439301756,0.0875673288290256,56,0.04503743242321678,12.823253107384767,0.27038967096590505,0.631139450944806
B Cells|Classical Monocytes|HMGB1|TLR2,B Cells,Classical Monocytes,HMGB1,TLR2,-0.10037659256239548,-0.27882129449357723,0.07806810936878628,56,0.04784713341219904,12.823253107384767,0.2702462518515004,0.631139450944806
Classical Monocytes|pDCs|S100A8|ITGB2,Classical Monocytes,pDCs,S100A8,ITGB2,-0.020956481472427485,-0.05821536407165775,0.016302401126802778,44,0.04044673525402542,10.877998116002292,0.27029064858901275,0.631139450944806
Non-classical Monocytes|Classical Monocytes|SEMA4A|LILRB2,Non-classical Monocytes,Classical Monocytes,SEMA4A,LILRB2,-0.07642825957187954,-0.2125075208486569,0.059651001704897816,55,0.08609460222117649,12.658421525295251,0.2709818392295956,0.6317076639605056
B Cells|Non-classical Monocytes|MIF|CD74_CXCR4,B Cells,Non-classical Monocytes,MIF,CD74_CXCR4,0.17182018329282653,-0.13445174885823583,0.47809211544388885,56,0.12633549792631382,12.823253107384767,0.27152814048919127,0.6321822852145217
CD4 T Cells|NK Cells|S100A9|ITGB2,CD4 T Cells,NK Cells,S100A9,ITGB2,0.18504993098303527,-0.14491271231372702,0.5150125742797975,53,0.4103135385808959,12.805316252406456,0.27168577829163854,0.6321822852145217
Classical Monocytes|pDCs|LGALS1|PTPRC,Classical Monocytes,pDCs,LGALS1,PTPRC,-0.03932357150138305,-0.10949455864036145,0.030847415637595355,44,0.02363190946038285,10.877998116002292,0.2720486997437853,0.6324444013362884
Classical Monocytes|Classical Monocytes|HLA-F|LILRB2,Classical Monocytes,Classical Monocytes,HLA-F,LILRB2,-0.11298401840520475,-0.31493516772239194,0.08896713091198247,56,0.12024626331815969,12.823253107384767,0.27284882276660993,0.6337214844956097
CD4 T Cells|B Cells|SEMA4D|CD72,CD4 T Cells,B Cells,SEMA4D,CD72,0.17975115282280474,-0.14179350077869685,0.5012958064243063,54,0.06893058658438633,12.79531477744459,0.27322463853337786,0.6337558240071781
pDCs|CD4 T Cells|APP|CD74,pDCs,CD4 T Cells,APP,CD74,-0.09422467319976122,-0.26282620140119334,0.0743768550016709,44,0.14481012771722013,10.877998116002292,0.27336519515940805,0.6337558240071781
Non-classical Monocytes|CD4 T Cells|LGALS9|CD44,Non-classical Monocytes,CD4 T Cells,LGALS9,CD44,-0.13836794827817242,-0.38679998527856196,0.11006408872221715,56,0.0629268384875542,12.823253107384767,0.2749951790436258,0.6362728314777191
B Cells|CD8 T Cells|FAM3C|CLEC2D,B Cells,CD8 T Cells,FAM3C,CLEC2D,0.06397896235155265,-0.050938889682929075,0.1788968143860344,55,0.12018574040279384,12.658421525295251,0.275192154466512,0.6362728314777191
Classical Monocytes|NK Cells|MIF|CD44_CD74,Classical Monocytes,NK Cells,MIF,CD44_CD74,0.12077214719292323,-0.09616296529205062,0.33770725967789705,56,0.060271761282290615,12.823253107384767,0.27520625437481083,0.6362728314777191
CD8 T Cells|CD4 T Cells|PKM|CD44,CD8 T Cells,CD4 T Cells,PKM,CD44,-0.11548737830361544,-0.3230634141377283,0.09208865753049747,56,0.08059177267420359,12.823253107384767,0.2755153617872411,0.6364052278211685
Classical Monocytes|Classical Monocytes|CD14|ITGB2,Classical Monocytes,Classical Monocytes,CD14,ITGB2,-0.09762781955007535,-0.27333542165820673,0.07807978255805603,56,0.045362234502143495,12.823253107384767,0.2761502929678543,0.6372893062372309
Non-classical Monocytes|pDCs|S100A8|CD68,Non-classical Monocytes,pDCs,S100A8,CD68,-0.1545709519028471,-0.4348250566728798,0.12568315286718562,44,0.40988353974994096,10.877998116002292,0.2796990000073142,0.6381064912440899
CD8 T Cells|B Cells|MIF|CD74_CXCR4,CD8 T Cells,B Cells,MIF,CD74_CXCR4,0.059712982606618975,-0.04859511748793788,0.16802108270117583,56,0.11557732931376663,12.823253107384767,0.2798850985043766,0.6381064912440899
CD8 T Cells|B Cells|SELPLG|ITGB2,CD8 T Cells,B Cells,SELPLG,ITGB2,-0.09340296106293142,-0.26254720256141806,0.0757412804355552,56,0.12096498528041943,12.823253107384767,0.2791149728268554,0.6381064912440899
Classical Monocytes|NK Cells|ICAM1|SPN,Classical Monocytes,NK Cells,ICAM1,SPN,-0.11934576291610072,-0.33471191808842027,0.09602039225621886,46,0.1392298512682214,11.257444407177868,0.2774260927761656,0.6381064912440899
NK Cells|Classical Monocytes|SPON2|ITGB2,NK Cells,Classical Monocytes,SPON2,ITGB2,-0.1730645745755479,-0.4858318766822793,0.13970272753118346,56,0.3233281211348722,12.823253107384767,0.2781372247183117,0.6381064912440899
B Cells|pDCs|LGALS1|ITGB1,B Cells,pDCs,LGALS1,ITGB1,-0.1277356411800114,-0.35860661907538804,0.10313533671536526,42,0.06110736697242425,10.977367192234547,0.27818600978671326,0.6381064912440899
NK Cells|CD4 T Cells|SPON2|ITGB1,NK Cells,CD4 T Cells,SPON2,ITGB1,-0.1545756029340103,-0.4346938597216136,0.12554265385359303,56,0.20751322796451577,12.823253107384767,0.2794513988353844,0.6381064912440899
Non-classical Monocytes|Non-classical Monocytes|HLA-A|APLP2,Non-classical Monocytes,Non-classical Monocytes,HLA-A,APLP2,0.03279947006415383,-0.026607908337307383,0.09220684846561505,56,0.19552423510389094,12.823253107384767,0.27920019923756545,0.6381064912440899
CD4 T Cells|Classical Monocytes|S100A9|CD68,CD4 T Cells,Classical Monocytes,S100A9,CD68,0.16195553608089888,-0.130612012859907,0.4545230850217048,53,0.035360649661713595,12.805316252406456,0.2779349361619522,0.6381064912440899
pDCs|Non-classical Monocytes|LGALS9|CD47,pDCs,Non-classical Monocytes,LGALS9,CD47,-0.14425573928083832,-0.4049218670939697,0.11641038853229305,43,0.07132092799672207,10.683833490877575,0.27806898734933294,0.6381064912440899
CD8 T Cells|pDCs|HLA-F|LILRB1,CD8 T Cells,pDCs,HLA-F,LILRB1,-0.15796214648673684,-0.4429352749320092,0.1270109819585355,43,0.0540477121382259,10.683833490877575,0.27729381942065456,0.6381064912440899
Classical Monocytes|Non-classical Monocytes|SERPINA1|LRP1,Classical Monocytes,Non-classical Monocytes,SERPINA1,LRP1,0.10288927232822762,-0.0837924536227915,0.2895709982792467,56,0.03078355290250745,12.823253107384767,0.2800396117094166,0.6381064912440899
Classical Monocytes|pDCs|CD14|ITGB1,Classical Monocytes,pDCs,CD14,ITGB1,0.12130837655097047,-0.09837012320505957,0.34098687630700053,44,0.04635738021649505,10.877998116002292,0.2791151841672791,0.6381064912440899
Non-classical Monocytes|pDCs|S100A8|CD36,Non-classical Monocytes,pDCs,S100A8,CD36,-0.22311939603653566,-0.6266173297205281,0.18037853764745673,43,0.30010517752102883,10.883029712025287,0.2784590686830174,0.6381064912440899
Non-classical Monocytes|CD8 T Cells|CD14|ITGB1,Non-classical Monocytes,CD8 T Cells,CD14,ITGB1,0.1636199840839997,-0.13401782209550195,0.46125779026350133,56,0.04730531813184358,12.823253107384767,0.2812801444721219,0.6403557883613081
pDCs|B Cells|LGALS9|CD44,pDCs,B Cells,LGALS9,CD44,-0.13451808983935537,-0.37982975752679515,0.11079357784808444,43,0.07981083622764873,10.683833490877575,0.28248320932499627,0.642515814549294
CD4 T Cells|Non-classical Monocytes|CIRBP|TREM1,CD4 T Cells,Non-classical Monocytes,CIRBP,TREM1,-0.08799302269345709,-0.24858231325719526,0.07259626787028108,56,0.025377565809554636,12.823253107384767,0.2828498736428622,0.6426935071466799
Non-classical Monocytes|CD8 T Cells|CALM1|PTPRA,Non-classical Monocytes,CD8 T Cells,CALM1,PTPRA,0.09864438479162554,-0.0815614032173077,0.2788501728005588,55,0.06187601372954055,12.658421525295251,0.2833243240844485,0.6426935071466799
B Cells|pDCs|HLA-DMB|CD4,B Cells,pDCs,HLA-DMB,CD4,-0.12029253053091132,-0.3399520728703146,0.09936701180849192,43,0.27300017097032314,10.683833490877575,0.28311930027905075,0.6426935071466799
Classical Monocytes|Non-classical Monocytes|APP|LRP1,Classical Monocytes,Non-classical Monocytes,APP,LRP1,0.1680478382398784,-0.1395950135884918,0.4756906900682486,55,0.11463084965451054,12.658421525295251,0.28434161277079095,0.6438452109962265
Classical Monocytes|B Cells|SELPLG|SELL,Classical Monocytes,B Cells,SELPLG,SELL,0.117424221554211,-0.09744253182759682,0.33229097493601883,56,0.04546310664157349,12.823253107384767,0.28411721679447777,0.6438452109962265
Classical Monocytes|B Cells|RETN|CAP1,Classical Monocytes,B Cells,RETN,CAP1,-0.14313869417889236,-0.40604927872321955,0.11977189036543484,55,0.09450840209037326,12.658421525295251,0.2859356112454279,0.6468749235606054
NK Cells|pDCs|SELPLG|SELL,NK Cells,pDCs,SELPLG,SELL,-0.12413341196014799,-0.35262271603508394,0.10435589211478796,44,0.032975211788595304,10.877998116002292,0.2869632642783114,0.6484008014415781
Non-classical Monocytes|CD8 T Cells|HLA-DRB1|LAG3,Non-classical Monocytes,CD8 T Cells,HLA-DRB1,LAG3,0.12310505508427821,-0.1035666159791219,0.3497767261476783,55,0.30826108265738705,12.658421525295251,0.2871232674369315,0.6484008014415781
NK Cells|Non-classical Monocytes|ANXA2|TLR2,NK Cells,Non-classical Monocytes,ANXA2,TLR2,-0.10959277963317735,-0.31149203407201875,0.09230647480566406,56,0.1918967053783358,12.823253107384767,0.2873800971807535,0.6484013442640751
NK Cells|B Cells|SELPLG|SELL,NK Cells,B Cells,SELPLG,SELL,0.09763930164399828,-0.08245845948429262,0.27773706277228916,56,0.12504015545794633,12.823253107384767,0.28796934797717444,0.6485726758808554
B Cells|Classical Monocytes|HLA-DMB|CD4,B Cells,Classical Monocytes,HLA-DMB,CD4,0.09073170503919087,-0.07661436029358248,0.2580777703719642,56,0.21426154688789822,12.823253107384767,0.28793913696495244,0.6485726758808554
Classical Monocytes|CD4 T Cells|CD14|ITGB1,Classical Monocytes,CD4 T Cells,CD14,ITGB1,-0.0849064622446598,-0.24177512364327847,0.07196219915395886,56,0.09016354123133241,12.823253107384767,0.28875955691891697,0.6487042967150729
pDCs|Non-classical Monocytes|S100A8|CD68,pDCs,Non-classical Monocytes,S100A8,CD68,0.15315340081644502,-0.12982718330035098,0.436133984933241,42,0.2063583427304011,10.977367192234547,0.2887979160286731,0.6487042967150729
CD4 T Cells|Non-classical Monocytes|S100A9|ITGB2,CD4 T Cells,Non-classical Monocytes,S100A9,ITGB2,0.1648710560430575,-0.13950191468929227,0.4692440267754072,53,0.24505364957050202,12.805316252406456,0.28838898454233985,0.6487042967150729
CD8 T Cells|CD4 T Cells|CALM1|PTPRA,CD8 T Cells,CD4 T Cells,CALM1,PTPRA,0.09183630261311959,-0.07844373765165971,0.26211634287789887,55,0.09137849013714805,12.658421525295251,0.29048520684016654,0.6513363954614915
CD4 T Cells|B Cells|MIF|CD74_CXCR4,CD4 T Cells,B Cells,MIF,CD74_CXCR4,0.04264775938735105,-0.036391581505577336,0.12168710028027943,56,0.11832501569013776,12.823253107384767,0.2902605472191655,0.6513363954614915
pDCs|Non-classical Monocytes|MIF|CD44_CD74,pDCs,Non-classical Monocytes,MIF,CD44_CD74,-0.14833514440807724,-0.4237064480119359,0.12703615919578146,44,0.10678356969778136,10.877998116002292,0.2910686948880069,0.6514885668573901
Non-classical Monocytes|CD4 T Cells|S100A8|ITGB2,Non-classical Monocytes,CD4 T Cells,S100A8,ITGB2,-0.15944256075540686,-0.4553064908560081,0.1364213693451944,56,0.4135927232437765,12.823253107384767,0.2908611134167999,0.6514885668573901
Non-classical Monocytes|NK Cells|ICAM2|ITGAL_ITGB2,Non-classical Monocytes,NK Cells,ICAM2,ITGAL_ITGB2,-0.09765043168773015,-0.2791563788089037,0.08385551543344343,56,0.12708628905797292,12.823253107384767,0.29167093221178,0.6516140262127299
CD4 T Cells|CD4 T Cells|HLA-DRA|CD4,CD4 T Cells,CD4 T Cells,HLA-DRA,CD4,0.17767299992311084,-0.15238042260515003,0.5077264224513717,54,0.0697659018870389,13.18210742033319,0.2913888548182597,0.6516140262127299
NK Cells|Classical Monocytes|MIF|CD74_CXCR4,NK Cells,Classical Monocytes,MIF,CD74_CXCR4,0.16607096224424808,-0.14275588849659684,0.47489781298509304,56,0.10772007824302077,12.823253107384767,0.2918983291146855,0.6516140262127299
Non-classical Monocytes|pDCs|TIMP2|CD44,Non-classical Monocytes,pDCs,TIMP2,CD44,-0.1561052409639757,-0.447288212261957,0.13507773033400555,44,0.051737064918316755,10.877998116002292,0.2933731997054686,0.6526004187110204
CD4 T Cells|Classical Monocytes|GNAI2|FPR1,CD4 T Cells,Classical Monocytes,GNAI2,FPR1,-0.12090670723882997,-0.34642704306844757,0.10461362859078764,56,0.060010484741883974,12.823253107384767,0.2933585573395917,0.6526004187110204
B Cells|B Cells|FAM3C|LAMP1,B Cells,B Cells,FAM3C,LAMP1,0.04138349745827134,-0.03578211065427135,0.11854910557081404,56,0.13562110342267697,12.823253107384767,0.29320436878884326,0.6526004187110204
Classical Monocytes|pDCs|TGFB1|ITGB1,Classical Monocytes,pDCs,TGFB1,ITGB1,0.15518912529575085,-0.13400770307474918,0.4443859536662509,43,0.07439885876425989,10.975902595125358,0.29291056364082757,0.6526004187110204
Non-classical Monocytes|CD4 T Cells|HBEGF|CD44,Non-classical Monocytes,CD4 T Cells,HBEGF,CD44,0.1302147346527383,-0.11305529568364087,0.3734847649891175,45,0.08798739827464452,11.486669209818757,0.29412906683031803,0.6526839529396059
B Cells|B Cells|MIF|TNFRSF14,B Cells,B Cells,MIF,TNFRSF14,0.11315471028849741,-0.0982098326700789,0.32451925324707376,56,0.02674983345405013,12.823253107384767,0.29405238281106827,0.6526839529396059
Non-classical Monocytes|Non-classical Monocytes|VCAN|SELL,Non-classical Monocytes,Non-classical Monocytes,VCAN,SELL,0.1371059077100852,-0.1190683609950666,0.39328017641523705,55,0.04316798431547253,12.837866108718586,0.29418560443142505,0.6526839529396059
pDCs|Non-classical Monocytes|APP|CD74,pDCs,Non-classical Monocytes,APP,CD74,-0.017869477930300554,-0.05135851716439046,0.015619561303789352,44,0.04239861081209528,10.877998116002292,0.2956437847913942,0.6547693638631491
Non-classical Monocytes|NK Cells|S100A8|ITGB2,Non-classical Monocytes,NK Cells,S100A8,ITGB2,-0.07675222908305798,-0.22059228223187805,0.06708782406576208,56,0.4467230205757532,12.823253107384767,0.2956415759985461,0.6547693638631491
pDCs|Non-classical Monocytes|TGFB1|CXCR4,pDCs,Non-classical Monocytes,TGFB1,CXCR4,0.1703752014630227,-0.14944159681273356,0.49019199973877897,42,0.08653318976171209,11.139161019626373,0.29642677350437363,0.655928596011867
CD8 T Cells|Non-classical Monocytes|S100A9|ITGB2,CD8 T Cells,Non-classical Monocytes,S100A9,ITGB2,0.16184571502428396,-0.14221050099501947,0.4659019310435874,51,0.18190783414594136,13.035746994107193,0.2968247170822541,0.6562345232430937
B Cells|CD4 T Cells|IL16|CD4,B Cells,CD4 T Cells,IL16,CD4,-0.06304158366473277,-0.18162915194608786,0.05554598461662233,56,0.09910604752182317,12.823253107384767,0.29744691598262274,0.6570352768252514
CD8 T Cells|CD4 T Cells|SELPLG|SELL,CD8 T Cells,CD4 T Cells,SELPLG,SELL,-0.17421608422422588,-0.5022185939400634,0.15378642549161167,56,0.1057574910248753,12.823253107384767,0.29786615583102516,0.6573867037423585
pDCs|CD8 T Cells|COPA|CD74,pDCs,CD8 T Cells,COPA,CD74,-0.10094215210297669,-0.29145808088728276,0.08957377668132935,43,0.10167541344161535,10.683833490877575,0.2990564094649235,0.659437649841066
Classical Monocytes|Non-classical Monocytes|LGALS9|HAVCR2,Classical Monocytes,Non-classical Monocytes,LGALS9,HAVCR2,-0.09697816350283653,-0.2806766705289333,0.08672034352326027,53,0.19927920487591744,12.322582179956465,0.30080684259215573,0.6627191728250894
CD4 T Cells|CD4 T Cells|MIF|TNFRSF14,CD4 T Cells,CD4 T Cells,MIF,TNFRSF14,0.09686169596871923,-0.0868051235889905,0.28052851552642893,56,0.14579557655268494,12.823253107384767,0.30130432879500846,0.6632369676524271
NK Cells|CD8 T Cells|SPON2|ITGB2,NK Cells,CD8 T Cells,SPON2,ITGB2,-0.11716874211360126,-0.33965632505306165,0.1053188408258591,56,0.6035097409890993,12.823253107384767,0.3019893154233546,0.6636701852580104
CD4 T Cells|CD4 T Cells|ARF6|SMAP1,CD4 T Cells,CD4 T Cells,ARF6,SMAP1,-0.13646833601721414,-0.3956231143581789,0.12268644232375059,55,0.11452755842225881,12.658421525295251,0.3020264000976304,0.6636701852580104
B Cells|CD8 T Cells|HLA-E|CD8A,B Cells,CD8 T Cells,HLA-E,CD8A,-0.05852047098864403,-0.17019247806263169,0.05315153608534362,56,0.09867234147005444,12.823253107384767,0.30437465605950853,0.6676690589083143
Non-classical Monocytes|Classical Monocytes|GNAI2|C5AR1,Non-classical Monocytes,Classical Monocytes,GNAI2,C5AR1,0.13697539233430756,-0.12430087035003895,0.39825165501865406,56,0.0254795046509938,12.823253107384767,0.3041752219343361,0.6676690589083143
Non-classical Monocytes|Non-classical Monocytes|CD14|ITGB1,Non-classical Monocytes,Non-classical Monocytes,CD14,ITGB1,0.13975595145314512,-0.12743541681174536,0.4069473197180356,56,0.03276322889618388,12.823253107384767,0.30528288122976843,0.6690805211341065
NK Cells|Non-classical Monocytes|PSAP|LRP1,NK Cells,Non-classical Monocytes,PSAP,LRP1,-0.14800304371449585,-0.4325096093777127,0.136503521948721,56,0.1593705692197298,12.823253107384767,0.30792197235663055,0.6700406063712806
NK Cells|Classical Monocytes|LGALS1|ITGB1,NK Cells,Classical Monocytes,LGALS1,ITGB1,0.08946223216202054,-0.08261592386321706,0.2615403881872581,56,0.09746213079721355,12.823253107384767,0.30821645219346105,0.6700406063712806
Non-classical Monocytes|Classical Monocytes|CD1D|LILRB2,Non-classical Monocytes,Classical Monocytes,CD1D,LILRB2,-0.09913552803133335,-0.2902479371757256,0.0919768811130589,51,0.032355896221308966,12.35568856836393,0.3093009510817074,0.6700406063712806
Non-classical Monocytes|Non-classical Monocytes|HLA-DQB1|CD4,Non-classical Monocytes,Non-classical Monocytes,HLA-DQB1,CD4,0.16550144405279754,-0.15247956133275753,0.4834824494383526,56,0.060975444029167325,12.823253107384767,0.3076744061477342,0.6700406063712806
pDCs|CD8 T Cells|HLA-B|CD3D,pDCs,CD8 T Cells,HLA-B,CD3D,-0.0016595360449238317,-0.004838175282034266,0.001519103192186603,44,0.08392971108143266,10.877998116002292,0.306176529952945,0.6700406063712806
CD8 T Cells|Non-classical Monocytes|HMGB1|TLR2,CD8 T Cells,Non-classical Monocytes,HMGB1,TLR2,0.09230461307292134,-0.08511288245112175,0.26972210859696444,56,0.022378605922128925,12.823253107384767,0.30786782823227044,0.6700406063712806
CD4 T Cells|Non-classical Monocytes|CD40LG|CD53,CD4 T Cells,Non-classical Monocytes,CD40LG,CD53,0.08491464623489858,-0.0788246593048327,0.24865395177462987,56,0.05602393653682247,12.823253107384767,0.30942435739966667,0.6700406063712806
CD8 T Cells|pDCs|TGFB1|ITGB1,CD8 T Cells,pDCs,TGFB1,ITGB1,-0.15910854594699744,-0.46608826674950654,0.14787117485551168,43,0.050351510287716894,10.975902595125358,0.3096982304082532,0.6700406063712806
Classical Monocytes|Non-classical Monocytes|TGFB1|ITGB1,Classical Monocytes,Non-classical Monocytes,TGFB1,ITGB1,0.1421729962111284,-0.13069173021766145,0.4150377226399182,55,0.09138449001583837,12.96329824896671,0.30715189183174474,0.6700406063712806
B Cells|Classical Monocytes|HLA-F|LILRB2,B Cells,Classical Monocytes,HLA-F,LILRB2,0.09897347055081786,-0.09073560781257041,0.28868254891420614,56,0.08904428499757189,12.823253107384767,0.306527094612398,0.6700406063712806
pDCs|Classical Monocytes|LRPAP1|SORL1,pDCs,Classical Monocytes,LRPAP1,SORL1,-0.07818356811167235,-0.22845302271409834,0.07208588649075365,42,0.0742709441144418,10.686067420962344,0.3078479846434392,0.6700406063712806
Classical Monocytes|B Cells|ADAM17|ITGB1,Classical Monocytes,B Cells,ADAM17,ITGB1,-0.10329015698819125,-0.3023214575356503,0.0957411435592678,45,0.3203934018077841,11.486669209818757,0.30908135991083907,0.6700406063712806
Non-classical Monocytes|Non-classical Monocytes|MIF|TNFRSF14,Non-classical Monocytes,Non-classical Monocytes,MIF,TNFRSF14,0.14325211297323284,-0.1322772465692104,0.4187814725156761,56,0.05968928011363339,12.823253107384767,0.3081951013316918,0.6700406063712806
NK Cells|B Cells|MIF|CD74_CXCR4,NK Cells,B Cells,MIF,CD74_CXCR4,0.05003767779184837,-0.046475875332179256,0.146551230915876,56,0.11927923324538059,12.823253107384767,0.30955895206909567,0.6700406063712806
Classical Monocytes|Classical Monocytes|S100A8|ITGB2,Classical Monocytes,Classical Monocytes,S100A8,ITGB2,-0.0014118412635060335,-0.004131987261680542,0.001308304734668475,56,0.09674385257153895,12.823253107384767,0.30901886562556735,0.6700406063712806
CD4 T Cells|pDCs|SPTAN1|PTPRA,CD4 T Cells,pDCs,SPTAN1,PTPRA,0.1957879466976522,-0.18242514311264962,0.574001036507954,40,0.14417890824091262,10.082276589390014,0.3102936101062017,0.6707544505888552
pDCs|CD4 T Cells|IL16|CD4,pDCs,CD4 T Cells,IL16,CD4,0.11177468206916188,-0.10450680240632773,0.32805616654465153,44,0.11780895386637569,10.877998116002292,0.3111016654519648,0.6719264176043719
Classical Monocytes|Non-classical Monocytes|HLA-C|LILRB2,Classical Monocytes,Non-classical Monocytes,HLA-C,LILRB2,-0.053534336029333884,-0.15718720196738759,0.05011852990871982,56,0.050684223241679094,12.823253107384767,0.31140582068109923,0.6720089742622867
Classical Monocytes|Non-classical Monocytes|HLA-A|APLP2,Classical Monocytes,Non-classical Monocytes,HLA-A,APLP2,0.03531204058544862,-0.03354277338980491,0.10416685456070215,56,0.17025583420912216,12.823253107384767,0.31481825365293403,0.673254039659787
Non-classical Monocytes|Non-classical Monocytes|PSEN1|NOTCH2,Non-classical Monocytes,Non-classical Monocytes,PSEN1,NOTCH2,0.0421612628152453,-0.04006499629890612,0.12438752192939673,56,0.045482441262669315,12.823253107384767,0.3149134447478703,0.673254039659787
pDCs|Classical Monocytes|S100A8|CD68,pDCs,Classical Monocytes,S100A8,CD68,0.13779251595372688,-0.13009312162319647,0.40567815353065023,42,0.059374715526310684,10.977367192234547,0.31338341922067015,0.673254039659787
Non-classical Monocytes|Classical Monocytes|GNAI2|FPR1,Non-classical Monocytes,Classical Monocytes,GNAI2,FPR1,-0.09248213179769979,-0.2719835978745657,0.08701933427916617,56,0.06019060177068247,12.823253107384767,0.312588271446673,0.673254039659787
B Cells|pDCs|FAM3C|LAMP1,B Cells,pDCs,FAM3C,LAMP1,-0.10448804986405216,-0.30738835199498304,0.09841225226687869,44,0.14412505580584245,10.877998116002292,0.31281769056228315,0.673254039659787
Non-classical Monocytes|CD4 T Cells|ICAM1|IL2RG,Non-classical Monocytes,CD4 T Cells,ICAM1,IL2RG,0.09097674632405917,-0.08619277033016243,0.26814626297828076,47,0.13880176482920326,11.640813492190432,0.31420217481303125,0.673254039659787
pDCs|pDCs|HLA-DPB1|CD4,pDCs,pDCs,HLA-DPB1,CD4,-0.07583166019428239,-0.2235253828540038,0.07186206246543902,43,0.13730104671471233,10.683833490877575,0.31426109007085756,0.673254039659787
Classical Monocytes|Non-classical Monocytes|S100A8|CD69,Classical Monocytes,Non-classical Monocytes,S100A8,CD69,0.03269031955482933,-0.03086520097701935,0.09624584008667801,56,0.09246493561650826,12.823253107384767,0.31339491166962385,0.673254039659787
B Cells|CD8 T Cells|HMGB1|CXCR4,B Cells,CD8 T Cells,HMGB1,CXCR4,-0.027133912362712564,-0.079994673307781,0.02572684858235587,56,0.1493877635273071,12.823253107384767,0.31438312496558696,0.673254039659787
NK Cells|Non-classical Monocytes|CIRBP|TREM1,NK Cells,Non-classical Monocytes,CIRBP,TREM1,-0.08176538167701444,-0.24102264639836654,0.07749188304433766,56,0.05170709457197886,12.823253107384767,0.3142814935368714,0.673254039659787
CD4 T Cells|Classical Monocytes|ICAM2|ITGAL_ITGB2,CD4 T Cells,Classical Monocytes,ICAM2,ITGAL_ITGB2,0.053520447694685294,-0.05053189149511611,0.1575727868844867,53,0.08772035501984898,12.502764428486943,0.3133926790225754,0.673254039659787
CD8 T Cells|Classical Monocytes|MFNG|NOTCH2,CD8 T Cells,Classical Monocytes,MFNG,NOTCH2,-0.035416746211433314,-0.10466549225303128,0.03383199983016465,56,0.01848373510861523,12.823253107384767,0.31614623131629294,0.67531828109575
B Cells|CD8 T Cells|MIF|CD44_CD74,B Cells,CD8 T Cells,MIF,CD44_CD74,-0.12448575864721446,-0.36858334505948237,0.11961182776505346,56,0.14171059461825575,12.823253107384767,0.31752860613990697,0.6764765729131681
Classical Monocytes|CD8 T Cells|VCAN|SELL,Classical Monocytes,CD8 T Cells,VCAN,SELL,-0.08303032310963177,-0.24586333097867194,0.07980268475940841,56,0.035809068632880026,12.823253107384767,0.31759758502776914,0.6764765729131681
Non-classical Monocytes|Classical Monocytes|IL16|CD4,Non-classical Monocytes,Classical Monocytes,IL16,CD4,0.06256883092146688,-0.06030544216819801,0.1854431040111318,53,0.03580502069149205,12.322582179956465,0.31826305790548703,0.6764765729131681
pDCs|Non-classical Monocytes|GRN|TNFRSF1A,pDCs,Non-classical Monocytes,GRN,TNFRSF1A,-0.12247073873521902,-0.36244642572455454,0.11750494825411648,44,0.07190855588242562,10.877998116002292,0.3171843840986365,0.6764765729131681
Non-classical Monocytes|Non-classical Monocytes|APP|PTGER2,Non-classical Monocytes,Non-classical Monocytes,APP,PTGER2,0.09641341187794517,-0.09304285918013391,0.2858696829360242,49,0.056363307072503144,12.767291671449737,0.31856237505606255,0.6764765729131681
B Cells|NK Cells|B2M|KLRD1,B Cells,NK Cells,B2M,KLRD1,0.01129796899043585,-0.010896787740045828,0.03349272572091753,56,0.15467050341390465,12.823253107384767,0.318426961530911,0.6764765729131681
pDCs|Non-classical Monocytes|MIF|CD74_CXCR4,pDCs,Non-classical Monocytes,MIF,CD74_CXCR4,0.16502718242050296,-0.15901242193941628,0.4890667867804222,44,0.10821761814859332,10.877998116002292,0.3181958506019257,0.6764765729131681
B Cells|pDCs|HLA-DRB1|CD4,B Cells,pDCs,HLA-DRB1,CD4,-0.043816798441501326,-0.1300356063642796,0.04240200948127695,43,0.15328404759587455,10.683833490877575,0.3192196351256713,0.6773031217150054
NK Cells|Classical Monocytes|HLA-F|LILRB2,NK Cells,Classical Monocytes,HLA-F,LILRB2,0.10540626635431502,-0.10226986152552459,0.3130823942341546,56,0.0898916287297995,12.823253107384767,0.3198422745746665,0.6777815593914105
CD4 T Cells|NK Cells|B2M|KLRD1,CD4 T Cells,NK Cells,B2M,KLRD1,0.009270761601551658,-0.009000164459220299,0.027541687662323615,56,0.1494933928643738,12.823253107384767,0.3199815593011289,0.6777815593914105
pDCs|B Cells|LGALS9|CD47,pDCs,B Cells,LGALS9,CD47,-0.108446829328838,-0.3229688368555047,0.10607517819782873,43,0.1918849608525417,10.683833490877575,0.3217753387416188,0.681010285594699
NK Cells|CD4 T Cells|LGALS1|PTPRC,NK Cells,CD4 T Cells,LGALS1,PTPRC,0.07783120009749211,-0.07650074175249927,0.2321631419474835,56,0.022723201369060697,12.823253107384767,0.3229420129669299,0.6816427864716383
NK Cells|pDCs|HLA-DPB1|CD4,NK Cells,pDCs,HLA-DPB1,CD4,0.16398760617422375,-0.16112744267504786,0.48910265502349537,43,0.05278274326373478,10.683833490877575,0.32285728328962515,0.6816427864716383
pDCs|pDCs|LGALS9|SLC1A5,pDCs,pDCs,LGALS9,SLC1A5,-0.1301110433982136,-0.3880897829339751,0.1278676961375479,39,0.21280735335592738,10.162560099562315,0.32290598438132023,0.6816427864716383
Non-classical Monocytes|Classical Monocytes|IL1B|SIGIRR,Non-classical Monocytes,Classical Monocytes,IL1B,SIGIRR,-0.17925426197982905,-0.5348537313526319,0.17634520739297385,56,0.11079647112697211,12.823253107384767,0.3231531690514534,0.6816427864716383
B Cells|Non-classical Monocytes|HLA-DPB1|CD4,B Cells,Non-classical Monocytes,HLA-DPB1,CD4,-0.02908991751322082,-0.0870175306981257,0.028837695671684073,56,0.11191455701544761,12.823253107384767,0.32499313859414414,0.6822325453635646
pDCs|Non-classical Monocytes|CD52|SIGLEC10,pDCs,Non-classical Monocytes,CD52,SIGLEC10,0.15312213311538123,-0.15161666333940807,0.45786092957017055,43,0.11311524171977361,10.683833490877575,0.3247108752066633,0.6822325453635646
CD8 T Cells|CD4 T Cells|MIF|TNFRSF14,CD8 T Cells,CD4 T Cells,MIF,TNFRSF14,0.09970402377345666,-0.09886396082390517,0.29827200837081846,56,0.020100186422154498,12.823253107384767,0.3250526254917815,0.6822325453635646
CD8 T Cells|NK Cells|B2M|KLRD1,CD8 T Cells,NK Cells,B2M,KLRD1,0.00903205641621703,-0.008926835234423613,0.026990948066857673,56,0.14588971346287927,12.823253107384767,0.3242687119352594,0.6822325453635646
pDCs|Non-classical Monocytes|LGALS9|LRP1,pDCs,Non-classical Monocytes,LGALS9,LRP1,0.1400260132133267,-0.13838842360285514,0.4184404500295085,43,0.19651756194760706,10.683833490877575,0.3242577256622482,0.6822325453635646
Non-classical Monocytes|pDCs|PSEN1|NOTCH4,Non-classical Monocytes,pDCs,PSEN1,NOTCH4,0.13868420898264827,-0.1374538552015403,0.41482227316683684,39,0.04201211693495499,10.583476002386448,0.3249442517665505,0.6822325453635646
CD8 T Cells|pDCs|LGALS1|ITGB1,CD8 T Cells,pDCs,LGALS1,ITGB1,0.11427295846556978,-0.11356603872598847,0.34211195565712804,44,0.25663027224063784,10.877998116002292,0.3255963166576188,0.6828065495384255
pDCs|NK Cells|B2M|KLRD1,pDCs,NK Cells,B2M,KLRD1,0.010697343723658131,-0.01068731432805169,0.03208200177536795,44,0.15062174754651714,10.877998116002292,0.3268681819984094,0.6849053863266837
pDCs|Non-classical Monocytes|ICAM3|ITGAL,pDCs,Non-classical Monocytes,ICAM3,ITGAL,-0.14259620053390742,-0.4284133399273424,0.14322093885952752,44,0.10026124927021962,10.877998116002292,0.3281534886909052,0.686460153908872
pDCs|pDCs|HLA-DRB1|CD4,pDCs,pDCs,HLA-DRB1,CD4,-0.07176279084623638,-0.2155612376471833,0.07203565595471054,43,0.1855437529951136,10.683833490877575,0.3280137779905238,0.686460153908872
NK Cells|NK Cells|B2M|KLRD1,NK Cells,NK Cells,B2M,KLRD1,0.008565061750195696,-0.00861334931486887,0.025743472815260262,56,0.142557068841345,12.823253107384767,0.32845662699862554,0.6865259689210312
Non-classical Monocytes|NK Cells|B2M|KLRD1,Non-classical Monocytes,NK Cells,B2M,KLRD1,0.009566859233385558,-0.00964005512362216,0.028773773590393275,56,0.14723982418200743,12.823253107384767,0.3289418961611855,0.6869720426440626
Classical Monocytes|NK Cells|VCAN|CD44,Classical Monocytes,NK Cells,VCAN,CD44,-0.051289207350793356,-0.1544010190328139,0.05182260433122719,56,0.1177907784256782,12.823253107384767,0.32960364056811786,0.6877856314745119
Classical Monocytes|pDCs|PSEN1|CD44,Classical Monocytes,pDCs,PSEN1,CD44,-0.13027499268082793,-0.39270085860362564,0.13215087324196978,44,0.06288590621931767,10.877998116002292,0.3305648053172905,0.688086707608561
B Cells|CD8 T Cells|FAM3C|LAMP1,B Cells,CD8 T Cells,FAM3C,LAMP1,-0.07558490125691855,-0.22775961868212044,0.07658981616828334,56,0.14319117442357754,12.823253107384767,0.3302996475230511,0.688086707608561
B Cells|CD4 T Cells|ADAM28|ITGA4,B Cells,CD4 T Cells,ADAM28,ITGA4,-0.10617851644449473,-0.3199660429617956,0.10760901007280611,56,0.08919711302143718,12.823253107384767,0.3303422462175122,0.688086707608561
CD4 T Cells|Classical Monocytes|HLA-F|LILRB2,CD4 T Cells,Classical Monocytes,HLA-F,LILRB2,0.09501610267328309,-0.09745871228881625,0.2874909176353824,56,0.13579090088757328,12.823253107384767,0.333271411947212,0.6891340017149145
CD4 T Cells|pDCs|HLA-DPB1|CD4,CD4 T Cells,pDCs,HLA-DPB1,CD4,-0.11470272167461232,-0.3471865723012365,0.11778112895201184,43,0.062286731142681795,10.683833490877575,0.3335411956116885,0.6891340017149145
pDCs|CD8 T Cells|LGALS9|CD44,pDCs,CD8 T Cells,LGALS9,CD44,-0.12618039926066102,-0.3816238599864098,0.12926306146508773,43,0.2448608377323539,10.683833490877575,0.33296662416356815,0.6891340017149145
Classical Monocytes|Classical Monocytes|LGALS9|PTPRC,Classical Monocytes,Classical Monocytes,LGALS9,PTPRC,-0.09475024314269646,-0.2868563596485085,0.09735587336311556,56,0.23833091779392646,12.823253107384767,0.33369902160780396,0.6891340017149145
pDCs|NK Cells|APP|CD74,pDCs,NK Cells,APP,CD74,-0.0709707535716793,-0.2148423464074884,0.07290083926412981,44,0.05564429791775716,10.877998116002292,0.3336264221721542,0.6891340017149145
Classical Monocytes|NK Cells|APP|CD74,Classical Monocytes,NK Cells,APP,CD74,0.06422775367017405,-0.06559866118607616,0.19405416852642426,55,0.21911211862505786,12.658421525295251,0.33222904342361015,0.6891340017149145
Classical Monocytes|NK Cells|B2M|KLRD1,Classical Monocytes,NK Cells,B2M,KLRD1,0.009853400243442709,-0.010095189737284467,0.029801990224169884,56,0.1462404720056989,12.823253107384767,0.33299243621341823,0.6891340017149145
CD4 T Cells|CD8 T Cells|ICAM2|ITGAL_ITGB2,CD4 T Cells,CD8 T Cells,ICAM2,ITGAL_ITGB2,-0.07880533891387032,-0.23859681574668204,0.08098613791894141,56,0.14158044350942767,12.823253107384767,0.3337403273219718,0.6891340017149145
Classical Monocytes|pDCs|HLA-DMA|CD4,Classical Monocytes,pDCs,HLA-DMA,CD4,0.12429219663760475,-0.12703851348629552,0.37562290676150506,43,0.07556069871456406,10.683833490877575,0.33240868417068636,0.6891340017149145
Classical Monocytes|B Cells|IL1B|SIGIRR,Classical Monocytes,B Cells,IL1B,SIGIRR,-0.15682358848992786,-0.47484656287977745,0.1611993858999217,49,0.11836406019604107,11.922378084750218,0.3337950210126851,0.6891340017149145
CD4 T Cells|pDCs|HLA-DPA1|CD4,CD4 T Cells,pDCs,HLA-DPA1,CD4,-0.13680076944203873,-0.4144644538334069,0.14086291494932945,43,0.12940962732853434,10.683833490877575,0.33422179075240976,0.6894518083521138
Classical Monocytes|B Cells|TGFB1|ITGB1,Classical Monocytes,B Cells,TGFB1,ITGB1,0.11380842361862889,-0.11747978804582304,0.3450966352830808,44,0.10481165519417535,11.588913686680788,0.3348322911908298,0.6895853299423202
NK Cells|Classical Monocytes|LRPAP1|LRP1,NK Cells,Classical Monocytes,LRPAP1,LRP1,0.025203364740241742,-0.025992766164167368,0.07639949564465084,56,0.059606485495754424,12.823253107384767,0.3346091821834166,0.6895853299423202
B Cells|Classical Monocytes|LGALS1|ITGB1,B Cells,Classical Monocytes,LGALS1,ITGB1,-0.09232049340016585,-0.28072678107588833,0.09608579427555661,53,0.15266156841311285,13.001070204273278,0.3368554243459978,0.6916149807538592
NK Cells|Non-classical Monocytes|LGALS1|ITGB1,NK Cells,Non-classical Monocytes,LGALS1,ITGB1,0.1539210148965779,-0.1602358473127542,0.46807787710591,56,0.11898097330772961,12.823253107384767,0.3369125608658491,0.6916149807538592
Classical Monocytes|Classical Monocytes|ICAM1|SPN,Classical Monocytes,Classical Monocytes,ICAM1,SPN,0.1074975098067532,-0.11155034369455434,0.3265453633080607,44,0.03372952884654523,10.877998116002292,0.3361247977210373,0.6916149807538592
CD8 T Cells|NK Cells|CLEC2D|KLRB1,CD8 T Cells,NK Cells,CLEC2D,KLRB1,0.1112909902645305,-0.11562492267812273,0.3382069032071837,55,0.3072419088324706,12.658421525295251,0.3364189243585628,0.6916149807538592
Classical Monocytes|Classical Monocytes|S100A8|CD68,Classical Monocytes,Classical Monocytes,S100A8,CD68,-0.0022459606156077644,-0.006838283673510004,0.0023463624422944756,56,0.08704066951482425,12.823253107384767,0.3377821277017915,0.6922752933515224
B Cells|Non-classical Monocytes|ANXA2|TLR2,B Cells,Non-classical Monocytes,ANXA2,TLR2,0.1818308476777327,-0.18992802129645944,0.5535897166519248,52,0.03877386002373684,12.33200631643905,0.33774150270033887,0.6922752933515224
B Cells|Classical Monocytes|HLA-DQB1|CD4,B Cells,Classical Monocytes,HLA-DQB1,CD4,-0.05834579619710026,-0.17780613882933455,0.06111454643513403,56,0.10236219280839542,12.823253107384767,0.3384315973844497,0.6927898578521622
CD4 T Cells|Non-classical Monocytes|S100A9|CD68,CD4 T Cells,Non-classical Monocytes,S100A9,CD68,0.13981986584709322,-0.14654375856571084,0.42618349025989727,53,0.3089509774303356,12.805316252406456,0.3385815094766206,0.6927898578521622
CD4 T Cells|Non-classical Monocytes|HLA-C|LILRB2,CD4 T Cells,Non-classical Monocytes,HLA-C,LILRB2,-0.014205915964489571,-0.04332846868540567,0.01491663675642653,56,0.0380767151063468,12.823253107384767,0.33903887069142524,0.693164422522032
Non-classical Monocytes|pDCs|TNFSF13B|HLA-DPB1,Non-classical Monocytes,pDCs,TNFSF13B,HLA-DPB1,-0.044774293074984414,-0.13691015243673804,0.0473615662867692,44,0.009418572365996192,10.877998116002292,0.3408621953250882,0.6963288339421971
Non-classical Monocytes|B Cells|MIF|CD74_CXCR4,Non-classical Monocytes,B Cells,MIF,CD74_CXCR4,0.055288976285532546,-0.05855437510717529,0.16913232767824038,56,0.0867931763038079,12.823253107384767,0.34116143941335,0.6963771869123873
NK Cells|Classical Monocytes|TGFB1|ITGB1,NK Cells,Classical Monocytes,TGFB1,ITGB1,0.13207326899639626,-0.14006430637486827,0.4042108443676608,56,0.08645170411522252,12.823253107384767,0.3414998952191436,0.6965054360119256
Non-classical Monocytes|pDCs|VCAN|CD44,Non-classical Monocytes,pDCs,VCAN,CD44,0.14262617160474433,-0.15164308453231962,0.4368954277418083,43,0.07088424284168715,10.883029712025287,0.3421357946572169,0.6966520480837178
Classical Monocytes|Non-classical Monocytes|ANXA1|FPR1,Classical Monocytes,Non-classical Monocytes,ANXA1,FPR1,-0.1058170776988662,-0.3242600562404994,0.11262590084276702,55,0.15433545096925794,12.837866108718586,0.34239883012266625,0.6966520480837178
B Cells|Non-classical Monocytes|HLA-A|LILRB2,B Cells,Non-classical Monocytes,HLA-A,LILRB2,-0.028440470371119825,-0.0871340835911415,0.030253142848901855,56,0.036139324722898714,12.823253107384767,0.3422562827045432,0.6966520480837178
Classical Monocytes|CD4 T Cells|VCAN|SELL,Classical Monocytes,CD4 T Cells,VCAN,SELL,-0.04362708652161032,-0.13375959889257324,0.046505425849352605,56,0.017681301671907845,12.823253107384767,0.3427799656708277,0.69686643061157
CD4 T Cells|Classical Monocytes|LRPAP1|SORL1,CD4 T Cells,Classical Monocytes,LRPAP1,SORL1,0.0243827852871399,-0.026020917959058032,0.07478648853333783,54,0.04806149215157263,12.491554402353886,0.34306208731353605,0.6968793365283807
pDCs|Classical Monocytes|TGFB1|CXCR4,pDCs,Classical Monocytes,TGFB1,CXCR4,0.13229290162480653,-0.141751998411192,0.406337801660805,42,0.10852722060481934,11.139161019626373,0.34406884558514383,0.6983630303563522
Non-classical Monocytes|B Cells|TGFB1|CXCR4,Non-classical Monocytes,B Cells,TGFB1,CXCR4,0.1397026317352934,-0.14987562859505638,0.4292808920656432,56,0.21631395917076823,12.823253107384767,0.3443756852538329,0.6984248448125487
pDCs|CD8 T Cells|APP|PTGER2,pDCs,CD8 T Cells,APP,PTGER2,-0.11031295349429195,-0.33929940558994875,0.11867349860136485,44,0.06336570005366837,10.877998116002292,0.3450665453270475,0.6992647634654764
Classical Monocytes|B Cells|APP|LRP10,Classical Monocytes,B Cells,APP,LRP10,0.05908730578088091,-0.06389715127263068,0.1820717628343925,55,0.06224754002851074,12.658421525295251,0.34636904135360735,0.7013418008818636
Non-classical Monocytes|CD8 T Cells|TIMP1|CD63,Non-classical Monocytes,CD8 T Cells,TIMP1,CD63,-0.07599059620127445,-0.2354738256542646,0.0834926332517157,56,0.07351390768953925,12.823253107384767,0.3503637477084628,0.7041730273575323
Non-classical Monocytes|B Cells|MIF|CD44_CD74,Non-classical Monocytes,B Cells,MIF,CD44_CD74,0.11058369859491626,-0.12152623994960016,0.3426936371394327,56,0.04761268048333911,12.823253107384767,0.35041639216903653,0.7041730273575323
CD8 T Cells|CD4 T Cells|VIM|CD44,CD8 T Cells,CD4 T Cells,VIM,CD44,-0.06693736972196483,-0.20747583716464008,0.0736010977207104,56,0.13506194480260947,12.823253107384767,0.3505538854039476,0.7041730273575323
pDCs|Non-classical Monocytes|IL16|CD4,pDCs,Non-classical Monocytes,IL16,CD4,0.11559552974491977,-0.1260411634908173,0.3572322229806568,44,0.06053128330915947,10.877998116002292,0.348440412938239,0.7041730273575323
Classical Monocytes|CD8 T Cells|ARF6|SMAP1,Classical Monocytes,CD8 T Cells,ARF6,SMAP1,-0.10197291304116364,-0.3156508671887411,0.11170504110641381,41,0.22822944317135951,10.776173834062366,0.3496090102250017,0.7041730273575323
Classical Monocytes|NK Cells|S100A8|CD69,Classical Monocytes,NK Cells,S100A8,CD69,0.00028018156328848964,-0.0003069024617055278,0.0008672655882825071,56,0.11556401074544798,12.823253107384767,0.34959327427640086,0.7041730273575323
Classical Monocytes|Non-classical Monocytes|HLA-F|LILRB2,Classical Monocytes,Non-classical Monocytes,HLA-F,LILRB2,0.10585339790594213,-0.11565027492050971,0.32735707073239395,56,0.11368086525592858,12.823253107384767,0.34894458818091034,0.7041730273575323
B Cells|Non-classical Monocytes|HLA-DMB|CD4,B Cells,Non-classical Monocytes,HLA-DMB,CD4,0.059693848250316046,-0.06526934870715537,0.18465704520778747,56,0.1360947565993007,12.823253107384767,0.3491403678688869,0.7041730273575323
CD4 T Cells|CD8 T Cells|CD40LG|CD53,CD4 T Cells,CD8 T Cells,CD40LG,CD53,0.07293188810255694,-0.07980124584530476,0.22566502205041863,56,0.14997799685327895,12.823253107384767,0.3493215285441914,0.7041730273575323
pDCs|pDCs|S100A9|CD36,pDCs,pDCs,S100A9,CD36,-0.11824113699379185,-0.36637923768409686,0.12989696369651316,40,0.18206606179540463,11.038302619805199,0.35033012010688325,0.7041730273575323
pDCs|NK Cells|ICAM3|ITGAL,pDCs,NK Cells,ICAM3,ITGAL,-0.12335013413559975,-0.38286398882024447,0.13616372054904496,44,0.05353914315242325,10.877998116002292,0.3515458462978852,0.7045495331645193
CD8 T Cells|Classical Monocytes|MIF|CD74_CXCR4,CD8 T Cells,Classical Monocytes,MIF,CD74_CXCR4,0.15823727413899658,-0.17478757273878243,0.4912621210167756,56,0.05166131724109635,12.823253107384767,0.35170877750310436,0.7045495331645193
NK Cells|Classical Monocytes|ICAM2|ITGAL_ITGB2,NK Cells,Classical Monocytes,ICAM2,ITGAL_ITGB2,0.1233428199836178,-0.13647349476214427,0.38315913472937985,52,0.10109643253809764,12.33200631643905,0.3521353622424962,0.7045495331645193
Non-classical Monocytes|pDCs|GNAI2|ADCY7,Non-classical Monocytes,pDCs,GNAI2,ADCY7,0.16772533389898775,-0.18527913359975162,0.5207298013977271,34,0.0731775403332594,10.015665273394857,0.3517239613779529,0.7045495331645193
Classical Monocytes|Non-classical Monocytes|CD14|ITGB2,Classical Monocytes,Non-classical Monocytes,CD14,ITGB2,-0.051670648257738705,-0.16047514536346366,0.05713384884798625,56,0.04300345949126072,12.823253107384767,0.35196947042903415,0.7045495331645193
B Cells|Classical Monocytes|FCER2|ITGAM_ITGB2,B Cells,Classical Monocytes,FCER2,ITGAM_ITGB2,0.11872844407171343,-0.13187627378863667,0.36933316193206356,55,0.08629492415674866,12.96329824896671,0.35311310997059653,0.7047568471652195
Non-classical Monocytes|CD4 T Cells|TIMP2|CD44,Non-classical Monocytes,CD4 T Cells,TIMP2,CD44,0.10883062559952122,-0.12060319321149934,0.3382644444105418,56,0.02741178597909344,12.823253107384767,0.352527596462589,0.7047568471652195
Classical Monocytes|CD8 T Cells|HLA-F|CD8A,Classical Monocytes,CD8 T Cells,HLA-F,CD8A,0.08786183344126865,-0.09768456750569963,0.2734082343882369,56,0.07489094776384919,12.823253107384767,0.3533545410994591,0.7047568471652195
Non-classical Monocytes|pDCs|S100A8|ITGB2,Non-classical Monocytes,pDCs,S100A8,ITGB2,-0.18185863381414016,-0.5654676449486296,0.2017503773203492,44,0.3624780976253512,10.877998116002292,0.3528031699026347,0.7047568471652195
Non-classical Monocytes|pDCs|PKM|CD44,Non-classical Monocytes,pDCs,PKM,CD44,0.09127749586922514,-0.1018379093533424,0.28439290109179266,44,0.058908468218768384,10.877998116002292,0.35424219778141985,0.7059700581968832
Non-classical Monocytes|B Cells|PKM|CD44,Non-classical Monocytes,B Cells,PKM,CD44,-0.097935897058741,-0.3053535226224522,0.1094817285049702,56,0.018580351633436076,12.823253107384767,0.35474143296682126,0.7060558351257149
Classical Monocytes|Classical Monocytes|S100A9|CD68,Classical Monocytes,Classical Monocytes,S100A9,CD68,-0.0013795811194794033,-0.004307103732068413,0.0015479414931096067,56,0.07502056374284105,12.823253107384767,0.355682262807691,0.7060558351257149
Classical Monocytes|Non-classical Monocytes|S100A9|CD68,Classical Monocytes,Non-classical Monocytes,S100A9,CD68,-0.00016933412195530018,-0.0005283666211461828,0.00018969837723558242,56,0.17114411927096307,12.823253107384767,0.35527934409309836,0.7060558351257149
Classical Monocytes|CD4 T Cells|HMGB1|CXCR4,Classical Monocytes,CD4 T Cells,HMGB1,CXCR4,-0.02934035339382432,-0.0915977035574147,0.03291699676976606,56,0.17496223021752777,12.823253107384767,0.35565155319211006,0.7060558351257149
Non-classical Monocytes|Non-classical Monocytes|COPA|CD74,Non-classical Monocytes,Non-classical Monocytes,COPA,CD74,-0.06222573858514775,-0.19407848654036913,0.06962700937007361,56,0.09391197812457674,12.823253107384767,0.3549800519493359,0.7060558351257149
Non-classical Monocytes|Non-classical Monocytes|SEMA4D|PLXNB2,Non-classical Monocytes,Non-classical Monocytes,SEMA4D,PLXNB2,0.1569534751592423,-0.17648594593267586,0.49039289625116045,55,0.17638524339522754,12.837866108718586,0.35622828384957717,0.70635073682245
CD4 T Cells|Classical Monocytes|LGALS1|PTPRC,CD4 T Cells,Classical Monocytes,LGALS1,PTPRC,0.0848624226470878,-0.09548391920217987,0.2652087644963555,56,0.15707071061148747,12.823253107384767,0.35638986523491245,0.70635073682245
NK Cells|Non-classical Monocytes|TIMP1|CD63,NK Cells,Non-classical Monocytes,TIMP1,CD63,0.11706348895659097,-0.13322196419896126,0.3673489421121432,54,0.061524777919563345,12.79531477744459,0.35929243713597603,0.7115454456446797
Non-classical Monocytes|NK Cells|TIMP2|ITGB1,Non-classical Monocytes,NK Cells,TIMP2,ITGB1,0.10475941270717058,-0.12133106745770454,0.3308498928720457,56,0.3775711825658409,12.823253107384767,0.36379755986513884,0.7168433982252517
B Cells|NK Cells|CLEC2B|KLRF1,B Cells,NK Cells,CLEC2B,KLRF1,0.12271150099147386,-0.14189422171621296,0.3873172236991607,55,0.2076161723531602,12.96329824896671,0.3633830013381265,0.7168433982252517
NK Cells|Classical Monocytes|LTB|TNFRSF1A,NK Cells,Classical Monocytes,LTB,TNFRSF1A,-0.13785588798524984,-0.4359999252149443,0.16028814924444462,56,0.039951123014389855,12.823253107384767,0.36480435699156066,0.7168433982252517
Non-classical Monocytes|CD8 T Cells|ICAM3|ITGAL,Non-classical Monocytes,CD8 T Cells,ICAM3,ITGAL,0.0871371893985314,-0.10127662242036975,0.2755510012174326,56,0.09384774831718723,12.823253107384767,0.36470318498971954,0.7168433982252517
pDCs|Classical Monocytes|S100A8|CD36,pDCs,Classical Monocytes,S100A8,CD36,0.1371865345739574,-0.15926260020395544,0.43363566935187026,42,0.04635911718409491,10.977367192234547,0.36440447524689124,0.7168433982252517
Classical Monocytes|Non-classical Monocytes|TGFB1|CXCR4,Classical Monocytes,Non-classical Monocytes,TGFB1,CXCR4,0.12695349353854496,-0.14726149519672288,0.4011684822738128,55,0.14076060746420815,12.96329824896671,0.3641922360624411,0.7168433982252517
Non-classical Monocytes|NK Cells|S100A9|ITGB2,Non-classical Monocytes,NK Cells,S100A9,ITGB2,-0.027565322692744518,-0.08714741670134098,0.03201677131585194,56,0.39900358463725527,12.823253107384767,0.36453035214749185,0.7168433982252517
Non-classical Monocytes|Non-classical Monocytes|ICAM2|ITGAL_ITGB2,Non-classical Monocytes,Non-classical Monocytes,ICAM2,ITGAL_ITGB2,-0.09628994871425636,-0.30414109059913386,0.11156119317062113,56,0.060366662278403926,12.823253107384767,0.36388840273994305,0.7168433982252517
B Cells|Non-classical Monocytes|FCER2|ITGAX_ITGB2,B Cells,Non-classical Monocytes,FCER2,ITGAX_ITGB2,-0.11935538094140963,-0.37741456072222523,0.13870379883940598,55,0.22040727464761556,12.96329824896671,0.36466798153881474,0.7168433982252517
pDCs|CD8 T Cells|ARF6|SMAP1,pDCs,CD8 T Cells,ARF6,SMAP1,0.1282659548027276,-0.14771331971165738,0.4042452293171126,34,0.16567324162769537,9.485388419793413,0.36233445075974535,0.7168433982252517
B Cells|pDCs|GNAS|ADCY7,B Cells,pDCs,GNAS,ADCY7,0.05826625456988186,-0.0684136366462528,0.1849461457860165,34,0.1355773407684132,10.015665273394857,0.3673316017276288,0.7191278821891204
CD4 T Cells|Classical Monocytes|S100A9|ITGB2,CD4 T Cells,Classical Monocytes,S100A9,ITGB2,0.1596606908776028,-0.18676932576965974,0.5060907075248653,53,0.04211307118358687,12.805316252406456,0.3663682743492057,0.7191278821891204
Non-classical Monocytes|Non-classical Monocytes|SERPINA1|LRP1,Non-classical Monocytes,Non-classical Monocytes,SERPINA1,LRP1,0.07403549356421875,-0.08704652884156071,0.2351175159699982,56,0.10394047831213238,12.823253107384767,0.3676807519673446,0.7191278821891204
CD4 T Cells|pDCs|LRPAP1|SORL1,CD4 T Cells,pDCs,LRPAP1,SORL1,0.14145799118927802,-0.16649671306892141,0.4494126954474774,39,0.10322202653395707,10.363474393140448,0.3679589836448487,0.7191278821891204
Classical Monocytes|NK Cells|LGALS9|CD47,Classical Monocytes,NK Cells,LGALS9,CD47,0.09630193287363417,-0.11334701586994445,0.3059508816172128,56,0.09409262788055983,12.823253107384767,0.3679571405963037,0.7191278821891204
CD4 T Cells|pDCs|TIMP1|CD63,CD4 T Cells,pDCs,TIMP1,CD63,0.12491494535114714,-0.14687289049511984,0.3967027811974141,44,0.041215025333367405,10.877998116002292,0.36769014486444174,0.7191278821891204
CD4 T Cells|Non-classical Monocytes|HLA-DPA1|CD4,CD4 T Cells,Non-classical Monocytes,HLA-DPA1,CD4,0.08293547357996248,-0.09750046107950153,0.2633714082394265,56,0.058323884390569014,12.823253107384767,0.3676538458792393,0.7191278821891204
Non-classical Monocytes|B Cells|LGALS9|CD44,Non-classical Monocytes,B Cells,LGALS9,CD44,-0.09968461290541208,-0.3170955037525671,0.11772627794174295,56,0.06581056944079566,12.823253107384767,0.36883432843476693,0.7202815671983432
pDCs|NK Cells|S100A8|CD69,pDCs,NK Cells,S100A8,CD69,0.12579453094074994,-0.14886816276176373,0.4004572246432636,42,0.33744203971312214,10.977367192234547,0.3693687115438682,0.7207681344180347
pDCs|NK Cells|HLA-A|CD8A,pDCs,NK Cells,HLA-A,CD8A,-0.10993736686246391,-0.350183877927545,0.13030914420261716,31,0.5236675695940247,8.73846100033619,0.36978075694758694,0.7210154111161667
B Cells|Classical Monocytes|PSAP|LRP1,B Cells,Classical Monocytes,PSAP,LRP1,0.10801729768910101,-0.1282425309922661,0.34427712637046815,56,0.11727709884420479,12.823253107384767,0.37020482565067514,0.7212857320117626
pDCs|CD4 T Cells|SELPLG|ITGB2,pDCs,CD4 T Cells,SELPLG,ITGB2,0.11276145990040502,-0.13421950162729673,0.35974242142810675,44,0.026569180334026332,10.877998116002292,0.3708727182089675,0.7220303227381054
CD8 T Cells|CD8 T Cells|HLA-B|CD3D,CD8 T Cells,CD8 T Cells,HLA-B,CD3D,-0.00027538456259290633,-0.0008792149361034554,0.00032844581091764273,56,0.047620202196188566,12.823253107384767,0.37139325089328423,0.7224871016222705
Non-classical Monocytes|Non-classical Monocytes|PSAP|LRP1,Non-classical Monocytes,Non-classical Monocytes,PSAP,LRP1,-0.09081949792176156,-0.2902256135563407,0.1085866177128176,56,0.1930752025003022,12.823253107384767,0.3720363710872363,0.7226256031802045
Non-classical Monocytes|CD4 T Cells|HLA-DQB1|CD4,Non-classical Monocytes,CD4 T Cells,HLA-DQB1,CD4,-0.0972111836827971,-0.31056424507322666,0.11614187770763248,56,0.029715746800577425,12.823253107384767,0.37184177365726734,0.7226256031802045
Classical Monocytes|Classical Monocytes|HMGB1|TLR2,Classical Monocytes,Classical Monocytes,HMGB1,TLR2,0.09172847920611484,-0.10990031344648486,0.2933572718587145,56,0.08269669026798898,12.823253107384767,0.37257470410510496,0.7231154203330263
pDCs|B Cells|LGALS1|CD69,pDCs,B Cells,LGALS1,CD69,0.062482406417123354,-0.07528276621197541,0.20024757904622212,44,0.03692925681593251,10.877998116002292,0.3740419834695642,0.7235007498457422
B Cells|Non-classical Monocytes|GRN|TNFRSF1A,B Cells,Non-classical Monocytes,GRN,TNFRSF1A,0.12005354728409803,-0.14452683569568883,0.3846339302638849,54,0.08306134253874342,12.671359849426228,0.3738229976468207,0.7235007498457422
CD8 T Cells|Classical Monocytes|S100A9|CD68,CD8 T Cells,Classical Monocytes,S100A9,CD68,0.14511175768125234,-0.17425711653328751,0.4644806318957922,51,0.022413507475740557,13.035746994107193,0.3731708552798969,0.7235007498457422
pDCs|Non-classical Monocytes|HLA-C|LILRB2,pDCs,Non-classical Monocytes,HLA-C,LILRB2,-0.04095071034580702,-0.13122346032645266,0.049322039634838596,44,0.09104513047567553,10.877998116002292,0.3739468660314029,0.7235007498457422
Classical Monocytes|pDCs|S100A8|CD68,Classical Monocytes,pDCs,S100A8,CD68,-0.005573914539677927,-0.017867823351456244,0.006719994272100391,44,0.01708035835605548,10.877998116002292,0.3742047803911298,0.7235007498457422
Classical Monocytes|Classical Monocytes|HLA-A|LILRB2,Classical Monocytes,Classical Monocytes,HLA-A,LILRB2,-0.05112082637616544,-0.16403264206260537,0.061790989310274505,56,0.07168345364494955,12.823253107384767,0.3748777244338869,0.7242477137954374
NK Cells|Non-classical Monocytes|HLA-DRB1|CD4,NK Cells,Non-classical Monocytes,HLA-DRB1,CD4,-0.06785849158524644,-0.2189428683950264,0.08322588522453354,56,0.26588671213107395,12.823253107384767,0.3786945806557833,0.7247851331466909
CD8 T Cells|NK Cells|SELPLG|SELL,CD8 T Cells,NK Cells,SELPLG,SELL,-0.1167610900626215,-0.37596619334926695,0.14244401322402392,56,0.15698702643255402,12.823253107384767,0.3773000063119233,0.7247851331466909
pDCs|pDCs|LGALS1|ITGB1,pDCs,pDCs,LGALS1,ITGB1,-0.12161225998002015,-0.3916917066166864,0.14846718665664613,44,0.030923736814841063,10.877998116002292,0.3774853894561899,0.7247851331466909
pDCs|B Cells|APP|CD74,pDCs,B Cells,APP,CD74,-0.006751783195370564,-0.02173919832103556,0.008235631930294432,44,0.026003052682433303,10.877998116002292,0.37725918758100585,0.7247851331466909
Classical Monocytes|Non-classical Monocytes|CD14|ITGB1,Classical Monocytes,Non-classical Monocytes,CD14,ITGB1,-0.08903448788675435,-0.28725107179889775,0.10918209602538907,56,0.046566632334294256,12.823253107384767,0.37865765792670525,0.7247851331466909
Classical Monocytes|CD8 T Cells|HLA-DPB1|LAG3,Classical Monocytes,CD8 T Cells,HLA-DPB1,LAG3,-0.08374977547928111,-0.2698829990807221,0.10238344812215985,55,0.24020181200985957,12.658421525295251,0.37784351549207207,0.7247851331466909
CD4 T Cells|Non-classical Monocytes|PTPN6|CD300LF,CD4 T Cells,Non-classical Monocytes,PTPN6,CD300LF,-0.04345384889885148,-0.14026524250126188,0.05335754470355891,56,0.017230088152733747,12.823253107384767,0.3790050811357235,0.7247851331466909
Classical Monocytes|pDCs|ARF6|SMAP1,Classical Monocytes,pDCs,ARF6,SMAP1,-0.10725526103707655,-0.3449393563270453,0.1304288342528922,36,0.32350616655744624,9.716578034972798,0.3764607189076574,0.7247851331466909
CD8 T Cells|NK Cells|SELPLG|ITGB2,CD8 T Cells,NK Cells,SELPLG,ITGB2,-0.08437795024332552,-0.2714223160456305,0.10266641555897944,56,0.07781239761601011,12.823253107384767,0.3766081247170473,0.7247851331466909
Non-classical Monocytes|CD8 T Cells|SELPLG|SELL,Non-classical Monocytes,CD8 T Cells,SELPLG,SELL,0.09940559903090651,-0.12164725890207656,0.3204584569638896,56,0.018793091213551993,12.823253107384767,0.37811260478590114,0.7247851331466909
NK Cells|CD8 T Cells|MIF|TNFRSF14,NK Cells,CD8 T Cells,MIF,TNFRSF14,0.10968556192666601,-0.1340896928571822,0.3534608167105142,56,0.045152388058336546,12.823253107384767,0.37784341344052463,0.7247851331466909
NK Cells|Classical Monocytes|LGALS1|PTPRC,NK Cells,Classical Monocytes,LGALS1,PTPRC,0.08005189114091664,-0.09734413215754652,0.2574479144393798,56,0.056976715916242204,12.823253107384767,0.37645057186633857,0.7247851331466909
Classical Monocytes|CD8 T Cells|ADAM17|ITGB1,Classical Monocytes,CD8 T Cells,ADAM17,ITGB1,-0.10822776704092046,-0.3482788525689126,0.13182331848707168,56,0.10418132115446399,12.823253107384767,0.37688206629049814,0.7247851331466909
CD4 T Cells|CD4 T Cells|SELPLG|SELL,CD4 T Cells,CD4 T Cells,SELPLG,SELL,-0.13707392408119315,-0.4425692259909141,0.16842137782852776,56,0.0659558434997849,12.823253107384767,0.37917132806486953,0.7247851331466909
pDCs|pDCs|APP|CD74,pDCs,pDCs,APP,CD74,-0.0226358414500043,-0.07312233852948781,0.027850655629479207,44,0.02317804937139445,10.877998116002292,0.3795322798623392,0.7249267356100764
pDCs|NK Cells|LGALS1|PTPRC,pDCs,NK Cells,LGALS1,PTPRC,-0.05945724163598616,-0.19276876177729702,0.07385427850532471,44,0.11778489546747628,10.877998116002292,0.38203744161248476,0.7291605853132545
Non-classical Monocytes|Classical Monocytes|ICAM2|ITGAM_ITGB2,Non-classical Monocytes,Classical Monocytes,ICAM2,ITGAM_ITGB2,-0.09386833887756633,-0.3051410565892372,0.11740437883410453,56,0.03451687738539566,12.823253107384767,0.3838574694995136,0.7294377802880812
NK Cells|Non-classical Monocytes|LGALS1|CD69,NK Cells,Non-classical Monocytes,LGALS1,CD69,0.12272747653756777,-0.15353270000495528,0.3989876530800908,56,0.07955128497977781,12.823253107384767,0.38391462120425324,0.7294377802880812
pDCs|B Cells|CD99|CD81,pDCs,B Cells,CD99,CD81,-0.06434979611673802,-0.2091142223070301,0.08041463007355407,39,0.0613707113546641,10.162560099562315,0.38362793485222224,0.7294377802880812
Non-classical Monocytes|pDCs|LILRB4|LAIR1,Non-classical Monocytes,pDCs,LILRB4,LAIR1,-0.11330203358367796,-0.3677167922776147,0.1411127251102588,43,0.03734785798863871,10.683833490877575,0.3827405932562522,0.7294377802880812
B Cells|B Cells|CD99|CD81,B Cells,B Cells,CD99,CD81,-0.07752495184173586,-0.2518964574687662,0.0968465537852945,51,0.11092787620447764,12.278467695811537,0.38353959370555735,0.7294377802880812
Non-classical Monocytes|CD8 T Cells|TGFB1|CXCR4,Non-classical Monocytes,CD8 T Cells,TGFB1,CXCR4,0.14045409768041003,-0.17513327410277782,0.4560414694635979,56,0.06408861394264176,12.823253107384767,0.38304800647786674,0.7294377802880812
CD4 T Cells|CD8 T Cells|HLA-E|CD8B,CD4 T Cells,CD8 T Cells,HLA-E,CD8B,-0.06574333726931048,-0.21424357146689116,0.08275689692827021,56,0.061902331243575026,12.823253107384767,0.3855551932445114,0.7302769321642071
NK Cells|CD8 T Cells|HLA-B|CD3D,NK Cells,CD8 T Cells,HLA-B,CD3D,-0.00018925478539744134,-0.0006181681321296151,0.00023965856133473235,56,0.043934329878450806,12.823253107384767,0.3871379469001561,0.7302769321642071
pDCs|Non-classical Monocytes|LGALS1|PTPRC,pDCs,Non-classical Monocytes,LGALS1,PTPRC,-0.05846151161087615,-0.19081819898352717,0.07389517576177487,44,0.06396387776673962,10.877998116002292,0.3866494243779056,0.7302769321642071
B Cells|pDCs|HLA-DRA|CD4,B Cells,pDCs,HLA-DRA,CD4,-0.02204265948479117,-0.0719842740855306,0.02789895511594826,43,0.13310868947513388,10.683833490877575,0.387002279730675,0.7302769321642071
Non-classical Monocytes|Non-classical Monocytes|ICAM1|IL2RG,Non-classical Monocytes,Non-classical Monocytes,ICAM1,IL2RG,-0.10808425436771846,-0.35344483683590683,0.1372763281004699,47,0.047608604308043034,11.640813492190432,0.38792448122792567,0.7302769321642071
B Cells|NK Cells|MIF|CD44_CD74,B Cells,NK Cells,MIF,CD44_CD74,-0.10770559686830979,-0.35251526475389805,0.1371040710172785,56,0.09768024477779813,12.823253107384767,0.3885230950658367,0.7302769321642071
Non-classical Monocytes|Non-classical Monocytes|HMGB1|TLR2,Non-classical Monocytes,Non-classical Monocytes,HMGB1,TLR2,-0.09573958739844322,-0.31320388169039026,0.1217247068935038,56,0.12775196786426601,12.823253107384767,0.3882020498734814,0.7302769321642071
CD8 T Cells|Non-classical Monocytes|CIRBP|TREM1,CD8 T Cells,Non-classical Monocytes,CIRBP,TREM1,-0.07152896664832545,-0.23396682677852063,0.09090889348186973,56,0.022210946825974243,12.823253107384767,0.3881025195863911,0.7302769321642071
CD8 T Cells|NK Cells|LGALS1|PTPRC,CD8 T Cells,NK Cells,LGALS1,PTPRC,-0.09633659001973771,-0.3139465695549868,0.12127338951551137,56,0.14177565417397486,12.823253107384767,0.3855684812555481,0.7302769321642071
CD8 T Cells|Classical Monocytes|TGFB1|ITGB1,CD8 T Cells,Classical Monocytes,TGFB1,ITGB1,-0.1415886968588926,-0.46201248249519955,0.1788350887774143,55,0.08287810710434329,12.96329824896671,0.3864529420768721,0.7302769321642071
Non-classical Monocytes|CD4 T Cells|APP|LRP10,Non-classical Monocytes,CD4 T Cells,APP,LRP10,0.07797249615998987,-0.09859407845266886,0.2545390707726486,49,0.03703409652120737,12.767291671449737,0.38674914756880796,0.7302769321642071
Non-classical Monocytes|NK Cells|HBEGF|CD44,Non-classical Monocytes,NK Cells,HBEGF,CD44,0.10224858577930933,-0.12912331927079584,0.33362049082941453,45,0.34488768899746125,11.486669209818757,0.38640608381743524,0.7302769321642071
CD4 T Cells|CD8 T Cells|HLA-B|CD3D,CD4 T Cells,CD8 T Cells,HLA-B,CD3D,-0.0007279709791057631,-0.0023825940452093693,0.0009266520869978428,56,0.02756170384863843,12.823253107384767,0.3885173221413636,0.7302769321642071
NK Cells|CD4 T Cells|HLA-DRB1|CD4,NK Cells,CD4 T Cells,HLA-DRB1,CD4,0.1326169689310623,-0.16655366734352342,0.4317876052056481,56,0.17829455548498563,12.823253107384767,0.38494732799957176,0.7302769321642071
CD8 T Cells|Non-classical Monocytes|LGALS1|PTPRC,CD8 T Cells,Non-classical Monocytes,LGALS1,PTPRC,-0.09369084659771836,-0.3067211036383076,0.1193394104428709,56,0.23395752552288873,12.823253107384767,0.3886911253505574,0.7302769321642071
NK Cells|NK Cells|HLA-B|KLRD1,NK Cells,NK Cells,HLA-B,KLRD1,0.01157615476592952,-0.014858140011789985,0.03801044954364902,56,0.15350048028771202,12.823253107384767,0.3907207479127648,0.7330002449707176
pDCs|NK Cells|MIF|TNFRSF14,pDCs,NK Cells,MIF,TNFRSF14,0.09883474832048171,-0.12677990809512862,0.324449404736092,44,0.03235707095438056,10.877998116002292,0.39056171969488995,0.7330002449707176
Classical Monocytes|CD8 T Cells|VIM|CD44,Classical Monocytes,CD8 T Cells,VIM,CD44,-0.01764582771688758,-0.05798040386635545,0.022688748432580293,56,0.20242637006462239,12.823253107384767,0.3911920661064686,0.7333400230349008
Classical Monocytes|Non-classical Monocytes|ADAM17|IL6R,Classical Monocytes,Non-classical Monocytes,ADAM17,IL6R,0.05318982647789869,-0.06873190893873496,0.17511156189453234,43,0.06238131571896999,11.394342458993984,0.39251908940604074,0.7345444977426259
CD8 T Cells|CD8 T Cells|LGALS1|CD69,CD8 T Cells,CD8 T Cells,LGALS1,CD69,0.05732663270294849,-0.07412956321348824,0.18878282861938522,56,0.13416698742902122,12.823253107384767,0.3927066151366393,0.7345444977426259
CD8 T Cells|Classical Monocytes|LTB|TNFRSF1A,CD8 T Cells,Classical Monocytes,LTB,TNFRSF1A,-0.12545618401473274,-0.4130260532314695,0.16211368520200403,56,0.09506053071758869,12.823253107384767,0.392517720676275,0.7345444977426259
Non-classical Monocytes|Non-classical Monocytes|IL1B|SIGIRR,Non-classical Monocytes,Non-classical Monocytes,IL1B,SIGIRR,-0.13707401961901208,-0.4519324451311595,0.1777844058931353,56,0.14625102355596598,12.823253107384767,0.3935080202457213,0.7354990881367882
CD8 T Cells|Non-classical Monocytes|HMGB1|HAVCR2,CD8 T Cells,Non-classical Monocytes,HMGB1,HAVCR2,0.08794929296180021,-0.11421295158181524,0.29011153750541563,53,0.08304243780666554,12.322582179956465,0.3938429750285668,0.7355810775293335
B Cells|NK Cells|GNAI2|S1PR4,B Cells,NK Cells,GNAI2,S1PR4,-0.07543618234472912,-0.24901842501088844,0.0981460603214302,53,0.1417282899937914,12.322582179956465,0.3943415884452235,0.7359683855251696
CD8 T Cells|B Cells|VIM|CD44,CD8 T Cells,B Cells,VIM,CD44,-0.11213834678464354,-0.3709797068696815,0.14670301330039445,56,0.16227454590242563,12.823253107384767,0.39581507007408934,0.737628821590873
pDCs|CD8 T Cells|PKM|CD44,pDCs,CD8 T Cells,PKM,CD44,0.1028695798057152,-0.13451770041267203,0.34025686002410244,44,0.14462143955741646,10.877998116002292,0.39569644347001987,0.737628821590873
Classical Monocytes|pDCs|LGALS1|ITGB1,Classical Monocytes,pDCs,LGALS1,ITGB1,0.11255449909252675,-0.14755935131383136,0.37266834949888483,44,0.06759253326005754,10.877998116002292,0.3963818363557088,0.7381406783130995
Classical Monocytes|CD8 T Cells|CD14|ITGA4,Classical Monocytes,CD8 T Cells,CD14,ITGA4,0.07867164237322934,-0.10356024574909233,0.260903530495551,56,0.048263771929504706,12.823253107384767,0.3974749674835255,0.7388077521569457
CD8 T Cells|Classical Monocytes|SELPLG|SELL,CD8 T Cells,Classical Monocytes,SELPLG,SELL,-0.09593359784964087,-0.3181948460273398,0.12632765032805804,56,0.022210585473371958,12.823253107384767,0.3975693583343195,0.7388077521569457
pDCs|pDCs|MIF|CD44_CD74,pDCs,pDCs,MIF,CD44_CD74,0.11167486742321328,-0.14720828401117272,0.3705580188575993,44,0.049079945043762674,10.877998116002292,0.39784679399939304,0.7388077521569457
B Cells|CD8 T Cells|HLA-B|CD3D,B Cells,CD8 T Cells,HLA-B,CD3D,-0.0011601617862782576,-0.0038499905170100096,0.0015296669444534944,56,0.0587452448300636,12.823253107384767,0.39790951748539893,0.7388077521569457
CD4 T Cells|NK Cells|MIF|TNFRSF14,CD4 T Cells,NK Cells,MIF,TNFRSF14,0.08956867631687106,-0.11838775680583839,0.2975251094395805,56,0.16869849180917684,12.823253107384767,0.39857227314847976,0.7394949590647638
CD4 T Cells|CD8 T Cells|MIF|TNFRSF14,CD4 T Cells,CD8 T Cells,MIF,TNFRSF14,0.08228100172641875,-0.10893473450890978,0.2734967379617473,56,0.16249813066103747,12.823253107384767,0.3990151573549049,0.7397735162405317
Classical Monocytes|Classical Monocytes|S100A8|CD69,Classical Monocytes,Classical Monocytes,S100A8,CD69,0.041663859116118473,-0.055296368471917115,0.13862408670415405,55,0.06244689012579263,12.96329824896671,0.3996774011047848,0.7400850324003299
CD4 T Cells|NK Cells|LGALS1|CD69,CD4 T Cells,NK Cells,LGALS1,CD69,0.08444192463465665,-0.11210967707946136,0.28099352634877467,56,0.2566466764967623,12.823253107384767,0.3997689233187377,0.7400850324003299
CD8 T Cells|Classical Monocytes|PSAP|LRP1,CD8 T Cells,Classical Monocytes,PSAP,LRP1,-0.09263004257180917,-0.3085813280059972,0.12332124286237885,56,0.021918778691343288,12.823253107384767,0.4005126429937955,0.7409190694328853
CD8 T Cells|NK Cells|HLA-B|KLRD1,CD8 T Cells,NK Cells,HLA-B,KLRD1,0.012203731611136998,-0.016344236224438112,0.04075169944671211,56,0.16280370299515423,12.823253107384767,0.4021157483959138,0.7433405239184155
Non-classical Monocytes|Classical Monocytes|S100A8|ITGB2,Non-classical Monocytes,Classical Monocytes,S100A8,ITGB2,-0.11590125272246295,-0.38722378358997006,0.1554212781450442,56,0.36400239445840166,12.823253107384767,0.40245725228493034,0.7434279799152186
Classical Monocytes|Non-classical Monocytes|VCAN|SELL,Classical Monocytes,Non-classical Monocytes,VCAN,SELL,0.06922582154423926,-0.09308567764539818,0.2315373207338767,56,0.0999235005762722,12.823253107384767,0.40319752325611835,0.7442513814961367
Non-classical Monocytes|CD8 T Cells|HLA-B|CD3D,Non-classical Monocytes,CD8 T Cells,HLA-B,CD3D,-0.0009371499639402175,-0.003152674082950154,0.0012783741550697189,56,0.02395869486408364,12.823253107384767,0.40707613876766646,0.7498175756450005
B Cells|pDCs|CD22|PTPRC,B Cells,pDCs,CD22,PTPRC,0.08588024908583647,-0.11699922288422701,0.2887597210559,44,0.04515792739845137,10.877998116002292,0.4067276631244606,0.7498175756450005
CD4 T Cells|pDCs|LGALS1|CD69,CD4 T Cells,pDCs,LGALS1,CD69,-0.1069605835555424,-0.35984157171491205,0.14592040460382727,44,0.0460387318805221,10.877998116002292,0.4071031712643216,0.7498175756450005
Classical Monocytes|Non-classical Monocytes|CD99|PILRA,Classical Monocytes,Non-classical Monocytes,CD99,PILRA,-0.0836606754252894,-0.2819388948237207,0.11461754397314186,56,0.048660771340018893,12.823253107384767,0.4082490010165888,0.7513803536554405
CD4 T Cells|Non-classical Monocytes|MIF|TNFRSF14,CD4 T Cells,Non-classical Monocytes,MIF,TNFRSF14,0.08592585612188518,-0.11819997008378087,0.29005168232755124,56,0.08006139142641389,12.823253107384767,0.40934996172133586,0.7515582194993288
Non-classical Monocytes|pDCs|PSEN1|CD44,Non-classical Monocytes,pDCs,PSEN1,CD44,-0.11841245480117228,-0.3998249120698846,0.16300000246753998,44,0.03523802371633811,10.877998116002292,0.40953528620917123,0.7515582194993288
NK Cells|CD4 T Cells|IL16|CD4,NK Cells,CD4 T Cells,IL16,CD4,-0.029372036190488317,-0.09915701429625592,0.040412941915279284,56,0.016190323014476315,12.823253107384767,0.40940798850866456,0.7515582194993288
B Cells|Non-classical Monocytes|CD99|PILRA,B Cells,Non-classical Monocytes,CD99,PILRA,0.09756116047344812,-0.13392639105166165,0.3290487119985579,56,0.02484869977339721,12.823253107384767,0.40878536211384364,0.7515582194993288
pDCs|Non-classical Monocytes|FABP5|RXRA,pDCs,Non-classical Monocytes,FABP5,RXRA,-0.10616755990142768,-0.3586598610388566,0.14632474123600125,44,0.04226831155349198,10.877998116002292,0.4098699404015138,0.7516265162515424
pDCs|Non-classical Monocytes|TGFB1|LPP,pDCs,Non-classical Monocytes,TGFB1,LPP,-0.18607651255743432,-0.6300273934556219,0.2578743683407533,41,0.08430648843745281,10.935391584391928,0.41136458375307206,0.7538203793647665
NK Cells|Classical Monocytes|ANXA1|FPR1,NK Cells,Classical Monocytes,ANXA1,FPR1,-0.1166638702642726,-0.3952220417905519,0.1618943012620067,56,0.2401660665974834,12.823253107384767,0.41172658331859024,0.7539370116275923
pDCs|CD8 T Cells|TNFSF13B|HLA-DPB1,pDCs,CD8 T Cells,TNFSF13B,HLA-DPB1,0.10255115534585212,-0.14251804980339633,0.3476203604951006,43,0.10761753207683644,10.683833490877575,0.41212347866087207,0.7541173284402779
Non-classical Monocytes|Classical Monocytes|SELPLG|ITGB2,Non-classical Monocytes,Classical Monocytes,SELPLG,ITGB2,-0.10257626208696034,-0.34797146559941616,0.1428189414254955,56,0.14498807201227204,12.823253107384767,0.4126304067281482,0.7544985801751306
Non-classical Monocytes|NK Cells|VCAN|CD44,Non-classical Monocytes,NK Cells,VCAN,CD44,0.11040280225320642,-0.15397521664396024,0.3747808211503731,55,0.051315168793023114,12.837866108718586,0.4130887810780105,0.7547905638352369
Classical Monocytes|pDCs|S100A9|CD68,Classical Monocytes,pDCs,S100A9,CD68,-0.0035005863214888633,-0.011906897239506551,0.004905724596528825,44,0.015878817596315487,10.877998116002292,0.41439989661898413,0.7566391175983909
Classical Monocytes|pDCs|APP|LRP10,Classical Monocytes,pDCs,APP,LRP10,0.05383420937457552,-0.07582407632603723,0.18349249507518828,43,0.05944747236412229,10.683833490877575,0.4157719147285843,0.7576108902324845
Non-classical Monocytes|NK Cells|ADAM10|CD44,Non-classical Monocytes,NK Cells,ADAM10,CD44,0.12469185951566969,-0.1762352419788899,0.4256189610102293,56,0.09532295558920645,12.823253107384767,0.416717751998258,0.7576108902324845
Non-classical Monocytes|B Cells|HBEGF|CD82,Non-classical Monocytes,B Cells,HBEGF,CD82,-0.07967577679376414,-0.2719680430898077,0.11261648950227943,43,0.08327368024210424,11.102279244445205,0.41673096059483716,0.7576108902324845
Classical Monocytes|pDCs|S100A8|CD36,Classical Monocytes,pDCs,S100A8,CD36,-0.030579418396047053,-0.10434710681169686,0.04318827001960275,43,0.1208316358045618,10.883029712025287,0.4165179124554125,0.7576108902324845
NK Cells|Non-classical Monocytes|GNAI2|FPR1,NK Cells,Non-classical Monocytes,GNAI2,FPR1,-0.0956951927377952,-0.3264038505518159,0.13501346507622553,55,0.0999111798555653,12.837866108718586,0.4162354730152863,0.7576108902324845
Classical Monocytes|Classical Monocytes|TGFB1|CXCR4,Classical Monocytes,Classical Monocytes,TGFB1,CXCR4,0.09402368563373645,-0.13230374174023043,0.32035111300770336,55,0.10992454565541732,12.96329824896671,0.4155120473906706,0.7576108902324845
CD4 T Cells|NK Cells|TGFB1|ITGB1,CD4 T Cells,NK Cells,TGFB1,ITGB1,-0.10860632496970034,-0.3714982907519751,0.1542856408125744,55,0.053882697024825954,12.96329824896671,0.4181107358142012,0.7590271762948897
Classical Monocytes|CD8 T Cells|TNFSF13B|HLA-DPB1,Classical Monocytes,CD8 T Cells,TNFSF13B,HLA-DPB1,-0.12098639445592188,-0.41384420015498613,0.17187141124314234,56,0.2793025636617169,12.823253107384767,0.418108671488167,0.7590271762948897
Non-classical Monocytes|pDCs|GNAI2|CXCR3,Non-classical Monocytes,pDCs,GNAI2,CXCR3,0.11798504124755413,-0.16983835100795572,0.40580843350306395,43,0.024676445372095235,10.683833490877575,0.42172527042217345,0.7628016092593223
pDCs|NK Cells|LGALS9|PTPRC,pDCs,NK Cells,LGALS9,PTPRC,-0.08971702312190882,-0.3084600635349357,0.12902601729111807,43,0.22893584329338268,10.683833490877575,0.4214689781120493,0.7628016092593223
Non-classical Monocytes|Non-classical Monocytes|S100A8|ITGB2,Non-classical Monocytes,Non-classical Monocytes,S100A8,ITGB2,-0.06061176133574975,-0.20834776976639915,0.08712424709489966,56,0.4245859892310645,12.823253107384767,0.42133005882018093,0.7628016092593223
Non-classical Monocytes|Classical Monocytes|ICAM1|ITGAL_ITGB2,Non-classical Monocytes,Classical Monocytes,ICAM1,ITGAL_ITGB2,0.14386257995210722,-0.20678423973248827,0.4945093996367027,44,0.01807969527411246,11.295973717598665,0.4213221501709179,0.7628016092593223
Non-classical Monocytes|NK Cells|TIMP1|CD63,Non-classical Monocytes,NK Cells,TIMP1,CD63,0.03922779401804678,-0.05652491169318988,0.13498049972928344,56,0.17583477262829672,12.823253107384767,0.4220010485732222,0.7628016092593223
NK Cells|NK Cells|CALM1|PTPRA,NK Cells,NK Cells,CALM1,PTPRA,-0.08793345950428258,-0.3019794960788126,0.1261125770702474,56,0.12281700900312353,12.823253107384767,0.42071358959910776,0.7628016092593223
CD4 T Cells|Non-classical Monocytes|LGALS1|CD69,CD4 T Cells,Non-classical Monocytes,LGALS1,CD69,0.10267073884552881,-0.14869818497476478,0.3540396626658224,56,0.05849106090039102,12.823253107384767,0.42339783169713185,0.764233086213323
Classical Monocytes|B Cells|MIF|CD74_CXCR4,Classical Monocytes,B Cells,MIF,CD74_CXCR4,0.0855968715201767,-0.1238751249543123,0.2950688679946657,56,0.15919711428669403,12.823253107384767,0.42318770654956783,0.764233086213323
CD4 T Cells|CD8 T Cells|HLA-DPA1|LAG3,CD4 T Cells,CD8 T Cells,HLA-DPA1,LAG3,0.06292100169246861,-0.09153380250865176,0.21737580589358899,55,0.1423569478439125,12.658421525295251,0.4246151861966896,0.7658833515482046
CD8 T Cells|CD8 T Cells|S100A9|ITGB2,CD8 T Cells,CD8 T Cells,S100A9,ITGB2,0.10705047848594329,-0.1561239083229357,0.3702248652948223,51,0.14862596964595542,13.035746994107193,0.42530739160282727,0.7660383311335315
Non-classical Monocytes|CD4 T Cells|S100A9|ITGB2,Non-classical Monocytes,CD4 T Cells,S100A9,ITGB2,-0.06570695143390055,-0.22721215470259137,0.09579825183479025,56,0.3379016610224338,12.823253107384767,0.42522232086117073,0.7660383311335315
B Cells|B Cells|MIF|CD74_CXCR4,B Cells,B Cells,MIF,CD74_CXCR4,0.053323740687917204,-0.07803565994430658,0.184683141320141,56,0.09488718657131678,12.823253107384767,0.42625096893471204,0.7662338656834722
Non-classical Monocytes|CD8 T Cells|PKM|CD44,Non-classical Monocytes,CD8 T Cells,PKM,CD44,0.0796246318926446,-0.11655687498811701,0.2758061387734062,56,0.055111640332075607,12.823253107384767,0.4263256094780221,0.7662338656834722
NK Cells|Non-classical Monocytes|GNAI2|C5AR1,NK Cells,Non-classical Monocytes,GNAI2,C5AR1,0.10275376440858218,-0.15037816081422156,0.35588568963138595,56,0.033972988856921904,12.823253107384767,0.4262601615787375,0.7662338656834722
pDCs|pDCs|COPA|CD74,pDCs,pDCs,COPA,CD74,0.08346358508190321,-0.12269185044753278,0.2896190206113392,43,0.24577763439938904,10.683833490877575,0.4274829456983563,0.7663176830725268
Classical Monocytes|pDCs|SIRPA|CD47,Classical Monocytes,pDCs,SIRPA,CD47,0.08048158560823856,-0.11853944760366866,0.2795026188201458,43,0.13222951938301586,10.883029712025287,0.42801987461535773,0.7663176830725268
pDCs|Classical Monocytes|CD47|SIRPA,pDCs,Classical Monocytes,CD47,SIRPA,0.08048158560823856,-0.11853944760366866,0.2795026188201458,43,0.13222951938301586,10.883029712025287,0.42801987461535773,0.7663176830725268
CD8 T Cells|Non-classical Monocytes|GNAI2|C5AR1,CD8 T Cells,Non-classical Monocytes,GNAI2,C5AR1,0.11429156544030311,-0.16752693331869423,0.39611006419930045,56,0.03231731279124683,12.823253107384767,0.4266926735021844,0.7663176830725268
Classical Monocytes|CD8 T Cells|HLA-F|CD8B,Classical Monocytes,CD8 T Cells,HLA-F,CD8B,0.08477864500172785,-0.12508427809412712,0.2946415680975828,56,0.014333986891159167,12.823253107384767,0.4284950083820659,0.7663176830725268
Classical Monocytes|CD8 T Cells|HMGB1|CXCR4,Classical Monocytes,CD8 T Cells,HMGB1,CXCR4,-0.02608834828350752,-0.09056531546832286,0.03838861890130782,56,0.1542379017094404,12.823253107384767,0.4277598584965694,0.7663176830725268
B Cells|CD8 T Cells|HLA-F|CD8A,B Cells,CD8 T Cells,HLA-F,CD8A,0.08550263302062058,-0.12611995658863512,0.2971252226298763,56,0.042988248356303216,12.823253107384767,0.42842407757030054,0.7663176830725268
Classical Monocytes|Classical Monocytes|MIF|CD74_CXCR4,Classical Monocytes,Classical Monocytes,MIF,CD74_CXCR4,0.11590824214869037,-0.17176721746323204,0.4035837017606128,56,0.08202609848829656,12.823253107384767,0.42970569269789005,0.7679393815046451
Classical Monocytes|Non-classical Monocytes|SELPLG|ITGB2,Classical Monocytes,Non-classical Monocytes,SELPLG,ITGB2,-0.06665748681155717,-0.23256626972931937,0.09925129610620503,56,0.06495648935880716,12.823253107384767,0.43101354077174003,0.7697323092086127
NK Cells|pDCs|LGALS1|CD69,NK Cells,pDCs,LGALS1,CD69,0.1425289464031281,-0.21341564137189703,0.4984735341781532,44,0.12966414755895272,10.877998116002292,0.4325604789740587,0.7697748805404551
pDCs|Non-classical Monocytes|S100A8|CD69,pDCs,Non-classical Monocytes,S100A8,CD69,-0.09113705554087202,-0.3186275002919246,0.1363533892101806,42,0.33463184973037097,10.977367192234547,0.43233670381829314,0.7697748805404551
NK Cells|NK Cells|CLEC2B|KLRF1,NK Cells,NK Cells,CLEC2B,KLRF1,-0.08532989195426316,-0.2982986338105535,0.12763884990202717,55,0.40852690990528084,12.96329824896671,0.43228000217716,0.7697748805404551
B Cells|CD8 T Cells|MIF|TNFRSF14,B Cells,CD8 T Cells,MIF,TNFRSF14,0.10607161406216663,-0.15845106918043428,0.37059429730476756,56,0.055223737822015284,12.823253107384767,0.43190798643384665,0.7697748805404551
B Cells|Non-classical Monocytes|GNAI2|ADCY7,B Cells,Non-classical Monocytes,GNAI2,ADCY7,0.07795429428893941,-0.11627982618990357,0.2721884147677824,54,0.05502915914194595,12.491554402353886,0.43150686399412785,0.7697748805404551
Classical Monocytes|Non-classical Monocytes|ICAM1|ITGAX_ITGB2,Classical Monocytes,Non-classical Monocytes,ICAM1,ITGAX_ITGB2,0.08974713093436115,-0.13489585379267716,0.31439011566139946,46,0.04229838575636036,11.257444407177868,0.4336122451997104,0.7711035493452979
Classical Monocytes|Non-classical Monocytes|ADAM10|IL6R,Classical Monocytes,Non-classical Monocytes,ADAM10,IL6R,0.1536546373728078,-0.2313854709578795,0.5386947457034951,43,0.07150111857516916,11.394342458993984,0.4341288141026136,0.771479263879961
Non-classical Monocytes|CD4 T Cells|HLA-DMA|CD4,Non-classical Monocytes,CD4 T Cells,HLA-DMA,CD4,0.05465417330808972,-0.08240682734727331,0.19171517396345275,56,0.04295653269431987,12.823253107384767,0.4344782824507999,0.7715577088918982
Non-classical Monocytes|pDCs|LRPAP1|SORL1,Non-classical Monocytes,pDCs,LRPAP1,SORL1,-0.0979169532353169,-0.3444462600925827,0.14861235362194894,39,0.046235367341805444,10.363474393140448,0.4362966894511279,0.7742427909009832
Non-classical Monocytes|Classical Monocytes|TGFB1|ITGB1,Non-classical Monocytes,Classical Monocytes,TGFB1,ITGB1,-0.10978523616232365,-0.38710617320395385,0.16753570087930653,56,0.1269507090382085,12.823253107384767,0.4378042130216111,0.7752846855680527
Classical Monocytes|pDCs|HLA-DPB1|CD4,Classical Monocytes,pDCs,HLA-DPB1,CD4,-0.12030586402988727,-0.4241435576562692,0.1835318295964947,43,0.1798633510713985,10.683833490877575,0.4377157361797668,0.7752846855680527
CD8 T Cells|Non-classical Monocytes|HLA-DRB1|CD4,CD8 T Cells,Non-classical Monocytes,HLA-DRB1,CD4,-0.061602421657344836,-0.21720853647382546,0.09400369315913579,56,0.010774124371745852,12.823253107384767,0.43779382768182273,0.7752846855680527
CD8 T Cells|Non-classical Monocytes|MIF|CD44_CD74,CD8 T Cells,Non-classical Monocytes,MIF,CD44_CD74,-0.1036450182819858,-0.36605659806558377,0.15876656150161217,56,0.094331667230518,12.823253107384767,0.4388543086372544,0.7766000265590628
Classical Monocytes|pDCs|SELPLG|ITGB2,Classical Monocytes,pDCs,SELPLG,ITGB2,-0.08643222665835791,-0.30588242409997274,0.13301797078325694,44,0.33506712420191587,10.877998116002292,0.4401454684389756,0.7772974998970634
NK Cells|Classical Monocytes|ANXA2|TLR2,NK Cells,Classical Monocytes,ANXA2,TLR2,-0.10024478668927667,-0.35444756045594933,0.153957987077396,56,0.09098183790209646,12.823253107384767,0.439574934421189,0.7772974998970634
Non-classical Monocytes|Classical Monocytes|HLA-A|LILRB2,Non-classical Monocytes,Classical Monocytes,HLA-A,LILRB2,-0.04109036481891655,-0.14547437543264324,0.06329364579481016,56,0.0604648269138538,12.823253107384767,0.44039148836844866,0.7772974998970634
NK Cells|Non-classical Monocytes|HMGB1|HAVCR2,NK Cells,Non-classical Monocytes,HMGB1,HAVCR2,0.07808141864602856,-0.12031081465424422,0.27647365194630136,53,0.14735861263868655,12.322582179956465,0.4404788365067649,0.7772974998970634
Non-classical Monocytes|NK Cells|APP|PTGER2,Non-classical Monocytes,NK Cells,APP,PTGER2,0.05660411212129641,-0.08742637110042606,0.20063459534301886,49,0.016260659602019167,12.767291671449737,0.44114114477667377,0.7779230096654951
CD8 T Cells|CD8 T Cells|TNF|TNFRSF1B,CD8 T Cells,CD8 T Cells,TNF,TNFRSF1B,0.08691420887382903,-0.13440938918980536,0.3082378069374634,43,0.13859023259305714,11.350171955988852,0.44148873895480756,0.777993056721617
Classical Monocytes|Classical Monocytes|S100A9|ITGB2,Classical Monocytes,Classical Monocytes,S100A9,ITGB2,-0.0007086895079403965,-0.002515393864200309,0.001098014848319516,56,0.05997517786507456,12.823253107384767,0.4420082359074342,0.7782843777379811
Non-classical Monocytes|pDCs|HLA-DQA1|CD4,Non-classical Monocytes,pDCs,HLA-DQA1,CD4,0.1554255123265002,-0.24103734201077603,0.5518883666637764,42,0.15467721884242303,10.486563748480568,0.44227003024603906,0.7782843777379811
pDCs|Non-classical Monocytes|LGALS1|CD69,pDCs,Non-classical Monocytes,LGALS1,CD69,-0.0919376374891454,-0.327296262794011,0.14342098781572016,44,0.035194218275127365,10.877998116002292,0.44390449508750873,0.780074171826241
Non-classical Monocytes|Non-classical Monocytes|TNFSF13B|TFRC,Non-classical Monocytes,Non-classical Monocytes,TNFSF13B,TFRC,-0.10705243512357378,-0.38097594884057856,0.16687107859343103,44,0.1502332931286533,11.076869256908273,0.4436904089821244,0.780074171826241
Non-classical Monocytes|Non-classical Monocytes|HLA-F|LILRB1,Non-classical Monocytes,Non-classical Monocytes,HLA-F,LILRB1,-0.1078068174445811,-0.3842588447151035,0.16864520982594133,56,0.0387801056643825,12.823253107384767,0.44467728951050745,0.7803468823562864
B Cells|Non-classical Monocytes|HMGB1|TLR2,B Cells,Non-classical Monocytes,HMGB1,TLR2,0.07546023512948863,-0.1179245955735026,0.26884506583247986,56,0.02088254601263173,12.823253107384767,0.4443948835824889,0.7803468823562864
B Cells|B Cells|GNAI2|S1PR4,B Cells,B Cells,GNAI2,S1PR4,-0.06831843352892945,-0.24442063369745415,0.10778376663959525,52,0.08290043899492461,12.151432051416158,0.4470373892197127,0.7823154311344973
pDCs|pDCs|CALM1|PTPRA,pDCs,pDCs,CALM1,PTPRA,-0.11618025949922157,-0.4155585253826909,0.18319800638424777,42,0.038287971296513734,10.486563748480568,0.44689199782076394,0.7823154311344973
CD4 T Cells|pDCs|ARF6|SMAP1,CD4 T Cells,pDCs,ARF6,SMAP1,-0.118924830616979,-0.4251876663569751,0.18733800512301707,36,0.20781987158421367,9.716578034972798,0.44661344736053554,0.7823154311344973
pDCs|Non-classical Monocytes|CALM1|PTPRA,pDCs,Non-classical Monocytes,CALM1,PTPRA,-0.11618515153888981,-0.4152844323450563,0.18291412926727668,41,0.07020374098950222,10.286080250568475,0.44644909135336397,0.7823154311344973
B Cells|CD8 T Cells|HLA-E|CD8B,B Cells,CD8 T Cells,HLA-E,CD8B,-0.06353390265175618,-0.2275718299966247,0.10050402469311234,56,0.09973332219378517,12.823253107384767,0.44778190805841533,0.7830760426737824
Non-classical Monocytes|Non-classical Monocytes|CD1D|LILRB2,Non-classical Monocytes,Non-classical Monocytes,CD1D,LILRB2,-0.08191979755842416,-0.2951449018609895,0.13130530674414118,51,0.011801992209794943,12.35568856836393,0.4514461113970497,0.7839546058861447
Non-classical Monocytes|Classical Monocytes|LGALS9|LRP1,Non-classical Monocytes,Classical Monocytes,LGALS9,LRP1,0.0633924872441488,-0.10248257311652777,0.22926754760482537,56,0.029451287030028528,12.823253107384767,0.45383332681767574,0.7839546058861447
Classical Monocytes|NK Cells|ADAM15|ITGB1,Classical Monocytes,NK Cells,ADAM15,ITGB1,0.09244089969278123,-0.14818137248834307,0.3330631718739055,53,0.2627070239439788,12.502764428486943,0.45146923590901955,0.7839546058861447
Classical Monocytes|Non-classical Monocytes|ICAM1|ITGAL_ITGB2,Classical Monocytes,Non-classical Monocytes,ICAM1,ITGAL_ITGB2,0.10778979192871399,-0.1724382859877879,0.3880178698452159,46,0.051219163396045375,11.257444407177868,0.4509089231466281,0.7839546058861447
B Cells|Non-classical Monocytes|ADAM28|ITGA4,B Cells,Non-classical Monocytes,ADAM28,ITGA4,-0.07780417498047329,-0.28088471518213454,0.12527636522118796,56,0.12886510886923475,12.823253107384767,0.4527122382122891,0.7839546058861447
NK Cells|Classical Monocytes|LRPAP1|SORL1,NK Cells,Classical Monocytes,LRPAP1,SORL1,-0.03815989250537484,-0.1373448167104519,0.061025031699702234,54,0.04776836005799079,12.491554402353886,0.45080937459703796,0.7839546058861447
pDCs|Non-classical Monocytes|HLA-F|LILRB2,pDCs,Non-classical Monocytes,HLA-F,LILRB2,0.08633296824156214,-0.1393370098271216,0.3120029463102459,44,0.06901602799437101,10.877998116002292,0.4533694062432506,0.7839546058861447
pDCs|CD4 T Cells|MIF|TNFRSF14,pDCs,CD4 T Cells,MIF,TNFRSF14,0.08619435202709871,-0.13898122714656908,0.3113699312007665,44,0.027230957496788166,10.877998116002292,0.45310455831875884,0.7839546058861447
Classical Monocytes|CD4 T Cells|COPA|CD74,Classical Monocytes,CD4 T Cells,COPA,CD74,0.07234476912090598,-0.11510813627033123,0.2597976745121432,56,0.02066567739199887,12.823253107384767,0.44939737175460015,0.7839546058861447
B Cells|NK Cells|HLA-F|CD8A,B Cells,NK Cells,HLA-F,CD8A,0.0718888530885996,-0.1143870200280413,0.2581647262052405,42,0.41531451711568235,10.905461348856132,0.4494078232288077,0.7839546058861447
Non-classical Monocytes|B Cells|IL1B|SIGIRR,Non-classical Monocytes,B Cells,IL1B,SIGIRR,-0.11570654693092465,-0.4152795999127475,0.18386650605089822,49,0.03193939834458348,11.922378084750218,0.44904213569962714,0.7839546058861447
NK Cells|CD8 T Cells|TGFB1|ITGB1,NK Cells,CD8 T Cells,TGFB1,ITGB1,0.10251408641257306,-0.1655515570369763,0.3705797298621224,56,0.023161504010962508,12.823253107384767,0.45353630552309077,0.7839546058861447
CD4 T Cells|CD8 T Cells|ARF6|SMAP1,CD4 T Cells,CD8 T Cells,ARF6,SMAP1,-0.12050969302707504,-0.4358331650535629,0.19481377899941282,41,0.18038507529874404,10.776173834062366,0.45382398967392135,0.7839546058861447
Non-classical Monocytes|Non-classical Monocytes|CALM1|PTPRA,Non-classical Monocytes,Non-classical Monocytes,CALM1,PTPRA,-0.10610860381179685,-0.3812416026638398,0.1690243950402461,51,0.05309279516700971,11.978027881857493,0.4497178536983467,0.7839546058861447
CD8 T Cells|Classical Monocytes|ICAM3|ITGAL,CD8 T Cells,Classical Monocytes,ICAM3,ITGAL,-0.08999866239455105,-0.3241984187189042,0.14420109392980207,53,0.040049403176457,12.502764428486943,0.45134287332791756,0.7839546058861447
pDCs|CD8 T Cells|LGALS9|PTPRC,pDCs,CD8 T Cells,LGALS9,PTPRC,-0.06741981477790943,-0.2433614030937278,0.10852177353790896,43,0.40518428710715226,10.683833490877575,0.4526243475862286,0.7839546058861447
B Cells|CD4 T Cells|LGALS1|ITGB1,B Cells,CD4 T Cells,LGALS1,ITGB1,-0.10777597421675815,-0.3898084071947769,0.17425645876126056,53,0.05409981200904568,13.001070204273278,0.453868456039347,0.7839546058861447
B Cells|Classical Monocytes|GNAI2|FPR1,B Cells,Classical Monocytes,GNAI2,FPR1,-0.10323046896845336,-0.3720285988590226,0.16556766092211592,54,0.05388214122816737,12.491554402353886,0.4516220507205376,0.7839546058861447
B Cells|Non-classical Monocytes|HLA-DPA1|CD4,B Cells,Non-classical Monocytes,HLA-DPA1,CD4,-0.02524350463011249,-0.09135972272926535,0.04087271346904037,56,0.09730545387448963,12.823253107384767,0.45426468664257735,0.7841030485968532
Non-classical Monocytes|pDCs|TIMP1|CD63,Non-classical Monocytes,pDCs,TIMP1,CD63,-0.07243878873342369,-0.262335343220335,0.11745776575348763,44,0.06438885578852427,10.877998116002292,0.45466730037971514,0.7842622990167509
Non-classical Monocytes|Classical Monocytes|LRPAP1|LRP1,Non-classical Monocytes,Classical Monocytes,LRPAP1,LRP1,-0.05972212179437395,-0.21645560874321518,0.09701136515446729,56,0.02844761741175239,12.823253107384767,0.45516642406060137,0.784587690041705
pDCs|Non-classical Monocytes|CALR|LRP1,pDCs,Non-classical Monocytes,CALR,LRP1,-0.09389221777350154,-0.34083627040499986,0.1530518348579968,44,0.0848400285496983,10.877998116002292,0.45614431882028517,0.785737350824036
CD8 T Cells|NK Cells|ICAM2|ITGAM_ITGB2,CD8 T Cells,NK Cells,ICAM2,ITGAM_ITGB2,-0.1120706325166802,-0.4072505312614702,0.1831092662281098,46,0.18439115833444086,11.36923258707052,0.4567933528588878,0.7863193478708511
B Cells|Classical Monocytes|LGALS1|CD69,B Cells,Classical Monocytes,LGALS1,CD69,-0.0647594115619749,-0.23557996747835674,0.10606114435440694,52,0.150952563780816,13.211497142378965,0.4574588512775709,0.7869288748661822
NK Cells|Non-classical Monocytes|SEMA4D|PLXNB2,NK Cells,Non-classical Monocytes,SEMA4D,PLXNB2,0.029099791909673503,-0.04798126957229626,0.10618085339164327,54,0.02666618696794354,12.671359849426228,0.45934282986788044,0.788023985795067
NK Cells|CD8 T Cells|HLA-DPB1|LAG3,NK Cells,CD8 T Cells,HLA-DPB1,LAG3,0.11463759548558441,-0.1885661274443757,0.4178413184155445,55,0.3182389371593979,12.658421525295251,0.45867024416007873,0.788023985795067
Classical Monocytes|CD8 T Cells|COPA|CD74,Classical Monocytes,CD8 T Cells,COPA,CD74,-0.07197721150831397,-0.26238768192600137,0.11843325890937344,56,0.17500970060966847,12.823253107384767,0.45876163973349793,0.788023985795067
Classical Monocytes|Classical Monocytes|S100A9|CD36,Classical Monocytes,Classical Monocytes,S100A9,CD36,0.005885917494073925,-0.009700820287541271,0.02147265527568912,56,0.11368503239458316,12.823253107384767,0.459222126244616,0.788023985795067
Classical Monocytes|CD8 T Cells|MIF|CD44_CD74,Classical Monocytes,CD8 T Cells,MIF,CD44_CD74,-0.07799098374613195,-0.28479075867121684,0.12880879117895294,56,0.20165373262029673,12.823253107384767,0.4598057433449524,0.7882829806191959
Non-classical Monocytes|CD8 T Cells|HBEGF|CD44,Non-classical Monocytes,CD8 T Cells,HBEGF,CD44,0.10590154625988818,-0.175330766774221,0.38713385929399735,45,0.020142561951694615,11.486669209818757,0.46048469693373717,0.7889117485773246
Non-classical Monocytes|Classical Monocytes|CD14|ITGB1,Non-classical Monocytes,Classical Monocytes,CD14,ITGB1,-0.10253865015298397,-0.37603578844898056,0.17095848814301262,56,0.09233724684408484,12.823253107384767,0.4624471336404419,0.7907115851768852
NK Cells|Classical Monocytes|LGALS1|CD69,NK Cells,Classical Monocytes,LGALS1,CD69,-0.07524659489623442,-0.2756974459578704,0.1252042561654015,55,0.19319542279892465,12.96329824896671,0.46188618818702676,0.7907115851768852
pDCs|CD4 T Cells|VIM|CD44,pDCs,CD4 T Cells,VIM,CD44,-0.020454143148467663,-0.07501391203025315,0.03410562573331783,44,0.0302327648143228,10.877998116002292,0.46247397027757675,0.7907115851768852
Non-classical Monocytes|B Cells|CD99|CD81,Non-classical Monocytes,B Cells,CD99,CD81,0.05258544709837869,-0.08791287912358299,0.19308377332034038,51,0.11007524543558556,12.278467695811537,0.46320987309051875,0.7914343132520223
pDCs|CD8 T Cells|APP|CD74,pDCs,CD8 T Cells,APP,CD74,-0.047253520548883904,-0.17386429892572983,0.07935725782796202,44,0.01972634322110456,10.877998116002292,0.46447663036361875,0.7914761282608719
Non-classical Monocytes|CD8 T Cells|VCAN|SELL,Non-classical Monocytes,CD8 T Cells,VCAN,SELL,0.09614890049042116,-0.16137737982403452,0.3536751808048768,55,0.010394859749243368,12.837866108718586,0.464312812574706,0.7914761282608719
Non-classical Monocytes|Non-classical Monocytes|TIMP2|CD44,Non-classical Monocytes,Non-classical Monocytes,TIMP2,CD44,0.06300727446047703,-0.10555425428279948,0.23156880320375356,56,0.012686042572006562,12.823253107384767,0.46378863131630754,0.7914761282608719
NK Cells|pDCs|HLA-F|LILRB1,NK Cells,pDCs,HLA-F,LILRB1,-0.10908969301702212,-0.4013908159465217,0.18321142991247744,43,0.07245930514196841,10.683833490877575,0.46448717776449266,0.7914761282608719
Classical Monocytes|pDCs|VCAN|ITGB1,Classical Monocytes,pDCs,VCAN,ITGB1,0.09956513563639367,-0.16741383220718897,0.36654410347997635,44,0.02581829230960564,10.877998116002292,0.4648192954847882,0.7915083286321156
CD4 T Cells|CD4 T Cells|SELPLG|ITGB2,CD4 T Cells,CD4 T Cells,SELPLG,ITGB2,-0.08396566899780175,-0.3101154314937871,0.14218409349818362,56,0.04521946441729019,12.823253107384767,0.46679588309357467,0.7943388529141167
Classical Monocytes|pDCs|S100A9|ITGB2,Classical Monocytes,pDCs,S100A9,ITGB2,-0.010470783250244836,-0.038853911194903494,0.017912344694413822,44,0.03546305348613876,10.877998116002292,0.4696505211634332,0.7945653201178647
pDCs|NK Cells|TGFB1|ITGB1,pDCs,NK Cells,TGFB1,ITGB1,-0.07986215519137439,-0.2955513048892656,0.1358269945065168,42,0.1257883020006917,11.139161019626373,0.4680189152280977,0.7945653201178647
Non-classical Monocytes|CD8 T Cells|MIF|CD44_CD74,Non-classical Monocytes,CD8 T Cells,MIF,CD44_CD74,-0.10525175046485138,-0.38971965356531757,0.17921615263561483,56,0.17060065691352932,12.823253107384767,0.4683433223907473,0.7945653201178647
Non-classical Monocytes|NK Cells|IL1B|SIGIRR,Non-classical Monocytes,NK Cells,IL1B,SIGIRR,0.08504031612090568,-0.1447779671657517,0.31485859940756306,56,0.01381599890904417,12.823253107384767,0.46829801484815137,0.7945653201178647
pDCs|Classical Monocytes|HMGB1|TLR2,pDCs,Classical Monocytes,HMGB1,TLR2,-0.07213220295934537,-0.2676021236249753,0.12333771770628459,44,0.15760799515585822,10.877998116002292,0.4695171927385977,0.7945653201178647
Non-classical Monocytes|Non-classical Monocytes|GRN|TNFRSF1A,Non-classical Monocytes,Non-classical Monocytes,GRN,TNFRSF1A,0.08726381862505844,-0.14904212644417061,0.32356976369428747,56,0.08654836842238389,12.823253107384767,0.4691997061071925,0.7945653201178647
Classical Monocytes|CD4 T Cells|VCAN|ITGB1,Classical Monocytes,CD4 T Cells,VCAN,ITGB1,-0.03183616945639407,-0.11791156499967716,0.05423922608688901,56,0.11632657838157334,12.823253107384767,0.4685013256678203,0.7945653201178647
Non-classical Monocytes|Classical Monocytes|S100A8|CD68,Non-classical Monocytes,Classical Monocytes,S100A8,CD68,-0.10448959371921737,-0.3872257866798775,0.1782465992414428,56,0.4827670139064919,12.823253107384767,0.4688598337272376,0.7945653201178647
Non-classical Monocytes|CD4 T Cells|ADAM17|ITGB1,Non-classical Monocytes,CD4 T Cells,ADAM17,ITGB1,0.08196499801551202,-0.14027152120484623,0.3042015172358703,56,0.12964357411889116,12.823253107384767,0.46975883983224775,0.7945653201178647
Non-classical Monocytes|Non-classical Monocytes|VCAN|ITGB1,Non-classical Monocytes,Non-classical Monocytes,VCAN,ITGB1,0.07865654615116666,-0.13506648948401548,0.2923795817863488,55,0.010771472655195735,12.837866108718586,0.4707089201050141,0.7951079151773868
Non-classical Monocytes|pDCs|LGALS1|CD69,Non-classical Monocytes,pDCs,LGALS1,CD69,-0.08614302985413279,-0.3200663530397203,0.14778029333145476,44,0.09169910363825395,10.877998116002292,0.4704401052157898,0.7951079151773868
NK Cells|pDCs|MIF|CD44_CD74,NK Cells,pDCs,MIF,CD44_CD74,0.08805503772640022,-0.15216384721245832,0.3282739226652588,44,0.07961275587064509,10.877998116002292,0.47248129163220887,0.7951085124727183
pDCs|CD8 T Cells|GRN|TNFRSF1B,pDCs,CD8 T Cells,GRN,TNFRSF1B,-0.06171201717462957,-0.22975969038073057,0.10633565603147144,44,0.09780201928456922,10.877998116002292,0.47167520352619896,0.7951085124727183
pDCs|Non-classical Monocytes|HLA-DMA|CD4,pDCs,Non-classical Monocytes,HLA-DMA,CD4,-0.08275930883095084,-0.30875079644229103,0.14323217878038935,44,0.15647496433443964,10.877998116002292,0.4729117903626813,0.7951085124727183
Classical Monocytes|B Cells|TIMP2|CD44,Classical Monocytes,B Cells,TIMP2,CD44,0.05834343080523294,-0.10077957011874258,0.21746643172920846,56,0.060772952701457994,12.823253107384767,0.4723671385379906,0.7951085124727183
Non-classical Monocytes|Non-classical Monocytes|HMGB1|CXCR4,Non-classical Monocytes,Non-classical Monocytes,HMGB1,CXCR4,0.06919331043444604,-0.11964609363770554,0.2580327145065976,56,0.09238156503790884,12.823253107384767,0.4726603033714092,0.7951085124727183
CD8 T Cells|pDCs|S100A9|ITGB2,CD8 T Cells,pDCs,S100A9,ITGB2,-0.11294241019925896,-0.42013475276628753,0.19424993236776958,41,0.09105381098336895,11.135992295959353,0.4711551444534372,0.7951085124727183
CD4 T Cells|B Cells|LGALS1|CD69,CD4 T Cells,B Cells,LGALS1,CD69,0.04156937023968775,-0.07179299577738782,0.15493173625676332,56,0.17884651400718066,12.823253107384767,0.4723206945044718,0.7951085124727183
CD4 T Cells|Non-classical Monocytes|LGALS1|PTPRC,CD4 T Cells,Non-classical Monocytes,LGALS1,PTPRC,-0.0475514303844085,-0.1778031258315766,0.08270026506275961,56,0.06949029976877907,12.823253107384767,0.4742811581753562,0.7968806427587267
Non-classical Monocytes|pDCs|HMGB1|CXCR4,Non-classical Monocytes,pDCs,HMGB1,CXCR4,0.044766996548179644,-0.07850440166626779,0.16803839476262708,44,0.06475114556711203,10.877998116002292,0.47660310383822224,0.7979815188900274
Non-classical Monocytes|B Cells|COPA|CD74,Non-classical Monocytes,B Cells,COPA,CD74,-0.020218723536037042,-0.07588222392669022,0.03544477685461614,56,0.028119343357937754,12.823253107384767,0.4765141970312331,0.7979815188900274
Classical Monocytes|Non-classical Monocytes|ICAM3|ITGAL,Classical Monocytes,Non-classical Monocytes,ICAM3,ITGAL,-0.07240591890200462,-0.27154306322195604,0.1267312254179468,56,0.03413204161635952,12.823253107384767,0.47606886771308654,0.7979815188900274
pDCs|B Cells|PKM|CD44,pDCs,B Cells,PKM,CD44,0.09091956544069792,-0.15928335120518922,0.341122482086585,44,0.08262902983205644,10.877998116002292,0.4763296614918242,0.7979815188900274
Non-classical Monocytes|Non-classical Monocytes|ICAM1|ITGAX_ITGB2,Non-classical Monocytes,Non-classical Monocytes,ICAM1,ITGAX_ITGB2,0.08735705013964654,-0.15260609081703916,0.32732019109633226,47,0.1312023841502572,11.640813492190432,0.47552875451563037,0.7979815188900274
Classical Monocytes|pDCs|MIF|TNFRSF14,Classical Monocytes,pDCs,MIF,TNFRSF14,-0.08657034302140695,-0.3250756841901341,0.15193499814732017,44,0.12558518611691238,10.877998116002292,0.47683106194061786,0.7979815188900274
NK Cells|pDCs|HLA-DRB1|CD4,NK Cells,pDCs,HLA-DRB1,CD4,-0.07383593583096157,-0.2782562435665399,0.13058437190461675,43,0.2033191333728831,10.683833490877575,0.4789871897258299,0.8010593172979299
pDCs|CD8 T Cells|HMGB1|CXCR4,pDCs,CD8 T Cells,HMGB1,CXCR4,0.013783672302091154,-0.024541242967636705,0.052108587571819014,44,0.17702483609058894,10.877998116002292,0.48086810976928573,0.8021700163107001
pDCs|CD4 T Cells|LGALS9|CD44,pDCs,CD4 T Cells,LGALS9,CD44,0.08669216631293132,-0.15438082723087965,0.3277651598567423,43,0.03544614863672113,10.683833490877575,0.4809210821965614,0.8021700163107001
CD4 T Cells|CD8 T Cells|HLA-F|CD8A,CD4 T Cells,CD8 T Cells,HLA-F,CD8A,-0.10563510312697308,-0.3987641803338866,0.18749397407994048,56,0.034130741910269546,12.823253107384767,0.47999325681930527,0.8021700163107001
Classical Monocytes|Classical Monocytes|MIF|TNFRSF14,Classical Monocytes,Classical Monocytes,MIF,TNFRSF14,-0.08646410498523832,-0.32684718052420325,0.15391897055372664,56,0.10805100000082302,12.823253107384767,0.4808193917875849,0.8021700163107001
Classical Monocytes|Non-classical Monocytes|S100A8|ITGB2,Classical Monocytes,Non-classical Monocytes,S100A8,ITGB2,-0.00012008660507817348,-0.00045605015297515246,0.0002158769428188055,56,0.013318993317343764,12.823253107384767,0.48357244982364866,0.8035058660382539
pDCs|CD8 T Cells|LGALS1|PTPRC,pDCs,CD8 T Cells,LGALS1,PTPRC,-0.040766645472063684,-0.15480195408084743,0.07326866313672006,44,0.0518815433149441,10.877998116002292,0.4835087786125669,0.8035058660382539
pDCs|B Cells|APP|LRP10,pDCs,B Cells,APP,LRP10,0.07668755058850912,-0.13747865431464984,0.2908537554916681,44,0.0583717232969293,10.877998116002292,0.4827951775532805,0.8035058660382539
CD8 T Cells|Classical Monocytes|LGALS1|CD69,CD8 T Cells,Classical Monocytes,LGALS1,CD69,-0.08796473183859527,-0.333588399678023,0.1576589360008325,55,0.19849676831959873,12.96329824896671,0.48273021996513743,0.8035058660382539
pDCs|Classical Monocytes|MIF|CD74_CXCR4,pDCs,Classical Monocytes,MIF,CD74_CXCR4,0.1197732568256871,-0.21535756488499444,0.4549040785363686,44,0.08887832667531803,10.877998116002292,0.48362976740964947,0.8035058660382539
B Cells|Non-classical Monocytes|CALR|LRP1,B Cells,Non-classical Monocytes,CALR,LRP1,-0.05676162253714779,-0.21502109850104548,0.10149785342674991,56,0.0834570695433603,12.823253107384767,0.48207809965883763,0.8035058660382539
CD4 T Cells|Non-classical Monocytes|MIF|CD44_CD74,CD4 T Cells,Non-classical Monocytes,MIF,CD44_CD74,-0.08323190623201755,-0.3169159372199595,0.1504521247559244,56,0.15514354808026887,12.823253107384767,0.48512344464993273,0.8050540169626798
Classical Monocytes|pDCs|GNAI2|CXCR3,Classical Monocytes,pDCs,GNAI2,CXCR3,0.09812071367081368,-0.1774130494747478,0.3736544768163752,43,0.02060588528839269,10.683833490877575,0.48519876052004796,0.8050540169626798
Non-classical Monocytes|Classical Monocytes|S100A9|ITGB2,Non-classical Monocytes,Classical Monocytes,S100A9,ITGB2,-0.049177360297571235,-0.18755936783409272,0.08920464723895023,56,0.3193608908301746,12.823253107384767,0.48610315001585014,0.8055548826132116
Classical Monocytes|Classical Monocytes|RETN|CAP1,Classical Monocytes,Classical Monocytes,RETN,CAP1,0.06549532140251807,-0.1188976212911452,0.24988826409618134,55,0.013973575698261409,12.658421525295251,0.48632360834249255,0.8055548826132116
pDCs|CD8 T Cells|ICAM3|ITGAL,pDCs,CD8 T Cells,ICAM3,ITGAL,-0.08328344790078972,-0.3178281253325899,0.1512612295310105,44,0.10914793271329692,10.877998116002292,0.4864569651237677,0.8055548826132116
Classical Monocytes|CD4 T Cells|HBEGF|CD82,Classical Monocytes,CD4 T Cells,HBEGF,CD82,0.07516308516712294,-0.1378096451435036,0.28813581547774947,49,0.04555622951927063,11.805964484357464,0.4891148276687953,0.8083670173440456
Non-classical Monocytes|CD8 T Cells|HLA-A|CD8A,Non-classical Monocytes,CD8 T Cells,HLA-A,CD8A,0.025150320686309485,-0.04605279944425762,0.09635344081687659,56,0.12451220116352124,12.823253107384767,0.4887506900706151,0.8083670173440456
NK Cells|CD8 T Cells|ICAM3|ITGAL,NK Cells,CD8 T Cells,ICAM3,ITGAL,0.08358382694537707,-0.1532480850448404,0.3204157389355945,56,0.09908713075975084,12.823253107384767,0.48911339584384805,0.8083670173440456
CD8 T Cells|CD8 T Cells|LGALS1|PTPRC,CD8 T Cells,CD8 T Cells,LGALS1,PTPRC,-0.07629458597118723,-0.2929860850986417,0.14039691315626723,56,0.23361320034366972,12.823253107384767,0.4901433834351411,0.8090087066888318
Non-classical Monocytes|Non-classical Monocytes|ADAM10|TSPAN14,Non-classical Monocytes,Non-classical Monocytes,ADAM10,TSPAN14,0.019211180502198572,-0.035337563991127224,0.07375992499552436,56,0.023162028019760417,12.823253107384767,0.4900260234872935,0.8090087066888318
CD4 T Cells|NK Cells|CLEC2D|KLRB1,CD4 T Cells,NK Cells,CLEC2D,KLRB1,0.06664448245928835,-0.1229750017974668,0.2562639667160435,56,0.2103734709954469,12.823253107384767,0.49091300816181793,0.8090252950936972
NK Cells|B Cells|TGFB1|CXCR4,NK Cells,B Cells,TGFB1,CXCR4,0.08278601768091136,-0.15262278860829148,0.31819482397011417,56,0.16800095179548957,12.823253107384767,0.49066036188577955,0.8090252950936972
Non-classical Monocytes|B Cells|VCAN|CD44,Non-classical Monocytes,B Cells,VCAN,CD44,0.09032693282934309,-0.16679390963838128,0.3474477752970675,55,0.023449683571977298,12.837866108718586,0.49111389104619374,0.8090252950936972
CD8 T Cells|Non-classical Monocytes|ANXA2|TLR2,CD8 T Cells,Non-classical Monocytes,ANXA2,TLR2,-0.07338830050148243,-0.2827811005221186,0.13600449951915375,56,0.09816636429622116,12.823253107384767,0.492126149470723,0.8096372263753365
B Cells|Non-classical Monocytes|CALM1|PTPRA,B Cells,Non-classical Monocytes,CALM1,PTPRA,-0.1178451550683076,-0.45390023634700416,0.21820992621038893,51,0.022122715680173766,11.978027881857493,0.49189069481608017,0.8096372263753365
CD8 T Cells|pDCs|MIF|CD74_CXCR4,CD8 T Cells,pDCs,MIF,CD74_CXCR4,0.09216602466436703,-0.1713434070889463,0.35567545641768034,44,0.24654908200654113,10.877998116002292,0.4930132033680895,0.8102165416563865
Non-classical Monocytes|pDCs|LGALS1|ITGB1,Non-classical Monocytes,pDCs,LGALS1,ITGB1,0.09497883249118905,-0.17663940265699785,0.36659706763937594,44,0.0533441939018362,10.877998116002292,0.49311952555105754,0.8102165416563865
Non-classical Monocytes|pDCs|GNAS|ADCY7,Non-classical Monocytes,pDCs,GNAS,ADCY7,0.11168452453349488,-0.20830116166265944,0.4316702107296492,34,0.054654728461105306,10.015665273394857,0.49392102438143703,0.8108345426374495
B Cells|CD8 T Cells|LGALS1|ITGB1,B Cells,CD8 T Cells,LGALS1,ITGB1,-0.08411654602796267,-0.32523839089999934,0.157005298844074,53,0.13851739637763005,13.001070204273278,0.49413739440509385,0.8108345426374495
Classical Monocytes|Non-classical Monocytes|S100A9|ITGB2,Classical Monocytes,Non-classical Monocytes,S100A9,ITGB2,-5.362434784378367e-05,-0.00020749381536020467,0.00010024511967263733,56,0.02422432949945974,12.823253107384767,0.4945701124905122,0.8110179586395355
Non-classical Monocytes|Non-classical Monocytes|ADAM17|ITGB1,Non-classical Monocytes,Non-classical Monocytes,ADAM17,ITGB1,-0.060448241008929246,-0.23532729231691474,0.11443081029905623,56,0.06481070207669792,12.823253107384767,0.4981039375489361,0.8141165170667605
pDCs|CD8 T Cells|LRPAP1|SORL1,pDCs,CD8 T Cells,LRPAP1,SORL1,-0.034944806065129196,-0.13595275638767018,0.06606314425741178,39,0.08925248379223372,10.07521900532931,0.49772668045930335,0.8141165170667605
CD8 T Cells|NK Cells|CALM1|PTPRA,CD8 T Cells,NK Cells,CALM1,PTPRA,-0.07085104115001241,-0.27596358341925153,0.13426150111922674,56,0.07166788432722249,12.823253107384767,0.4983926600325598,0.8141165170667605
pDCs|Classical Monocytes|VIM|CD44,pDCs,Classical Monocytes,VIM,CD44,-0.017864913241573105,-0.06952910025243657,0.03379927376929036,44,0.07229518365851584,10.877998116002292,0.4979402368183913,0.8141165170667605
Classical Monocytes|Classical Monocytes|ICAM1|ITGAM_ITGB2,Classical Monocytes,Classical Monocytes,ICAM1,ITGAM_ITGB2,0.03338277276094637,-0.0631383972713341,0.12990394279322684,46,0.10300762722162649,11.257444407177868,0.4978526329803492,0.8141165170667605
NK Cells|Classical Monocytes|SPON2|ITGB1,NK Cells,Classical Monocytes,SPON2,ITGB1,0.07273891188352029,-0.13764005495637605,0.2831178787234166,56,0.09561533655385146,12.823253107384767,0.4979865796582985,0.8141165170667605
Classical Monocytes|CD4 T Cells|MIF|CD74_CXCR4,Classical Monocytes,CD4 T Cells,MIF,CD74_CXCR4,-0.06170524279560197,-0.24080314476162593,0.11739265917042199,56,0.021685518907486823,12.823253107384767,0.49950206515156126,0.8143494958954809
CD4 T Cells|NK Cells|SELPLG|ITGAM,CD4 T Cells,NK Cells,SELPLG,ITGAM,0.04698001017221268,-0.08933438677918504,0.1832944071236104,55,0.0347449661540733,12.96329824896671,0.49936396242560965,0.8143494958954809
Non-classical Monocytes|pDCs|S100A9|CD68,Non-classical Monocytes,pDCs,S100A9,CD68,-0.05542930267734107,-0.21627202858929762,0.10541342323461546,44,0.340354961674572,10.877998116002292,0.4993969458651165,0.8143494958954809
CD4 T Cells|Non-classical Monocytes|HMGB1|TLR2,CD4 T Cells,Non-classical Monocytes,HMGB1,TLR2,0.055508508401076094,-0.10645421453183426,0.21747123133398646,56,0.014663750299100387,12.823253107384767,0.5017577321997242,0.8174995417593185
Non-classical Monocytes|Non-classical Monocytes|S100A9|ITGB2,Non-classical Monocytes,Non-classical Monocytes,S100A9,ITGB2,-0.02059390416018758,-0.08080233615530016,0.039614527834925,56,0.31090073998931667,12.823253107384767,0.5026073052649853,0.8177014922035439
CD8 T Cells|CD8 T Cells|LGALS1|ITGB1,CD8 T Cells,CD8 T Cells,LGALS1,ITGB1,-0.08957739619149105,-0.3520141249092089,0.17285933252622684,56,0.16620573815967754,12.823253107384767,0.5034996129278648,0.8177014922035439
Classical Monocytes|NK Cells|IL1B|SIGIRR,Classical Monocytes,NK Cells,IL1B,SIGIRR,-0.08817849886418608,-0.34622594384552297,0.16986894611715078,56,0.10915857425077768,12.823253107384767,0.5030186404770247,0.8177014922035439
Classical Monocytes|Non-classical Monocytes|HLA-A|LILRB2,Classical Monocytes,Non-classical Monocytes,HLA-A,LILRB2,-0.02140063919528895,-0.08407646194559111,0.04127518355501321,56,0.03139444076654696,12.823253107384767,0.5033493702363345,0.8177014922035439
NK Cells|CD8 T Cells|LGALS1|PTPRC,NK Cells,CD8 T Cells,LGALS1,PTPRC,0.046880239577961294,-0.09032057213860141,0.184081051294524,56,0.035946679912224555,12.823253107384767,0.503048133620894,0.8177014922035439
B Cells|NK Cells|LGALS1|ITGB1,B Cells,NK Cells,LGALS1,ITGB1,0.07412820363586255,-0.14382856549229633,0.2920849727640214,53,0.20945283441925377,13.001070204273278,0.505031693777829,0.8180865962670344
NK Cells|B Cells|LGALS1|ITGB1,NK Cells,B Cells,LGALS1,ITGB1,-0.096535845146545,-0.37999281962823844,0.18692112933514843,45,0.03938818856339554,11.486669209818757,0.5044545009147082,0.8180865962670344
Non-classical Monocytes|CD4 T Cells|TGFB1|CXCR4,Non-classical Monocytes,CD4 T Cells,TGFB1,CXCR4,0.10320106756057919,-0.20020616910513284,0.4066083042262912,56,0.05555276908262807,12.823253107384767,0.504987424100983,0.8180865962670344
B Cells|CD8 T Cells|LGALS1|CD69,B Cells,CD8 T Cells,LGALS1,CD69,-0.07249966006164933,-0.2855504345291181,0.14055111440581947,53,0.4224705304962493,13.001070204273278,0.5047965503802858,0.8180865962670344
Non-classical Monocytes|Non-classical Monocytes|HBEGF|CD44,Non-classical Monocytes,Non-classical Monocytes,HBEGF,CD44,0.0847778082686595,-0.16505663293309802,0.334612249470417,45,0.10764037995739106,11.486669209818757,0.5059953305470173,0.8191224857734226
CD8 T Cells|Classical Monocytes|ICAM2|ITGAM_ITGB2,CD8 T Cells,Classical Monocytes,ICAM2,ITGAM_ITGB2,-0.05456295450755666,-0.2160793242740303,0.10695341525891697,47,0.07529681746344608,11.260230809465511,0.5079014331617409,0.8195884204575051
Classical Monocytes|Classical Monocytes|CD14|ITGB1,Classical Monocytes,Classical Monocytes,CD14,ITGB1,-0.06544061838588341,-0.26058612747805904,0.1297048907062922,56,0.012690551462427035,12.823253107384767,0.5110140222418355,0.8195884204575051
CD8 T Cells|Non-classical Monocytes|HLA-DPB1|CD4,CD8 T Cells,Non-classical Monocytes,HLA-DPB1,CD4,0.0794829736219716,-0.1565591270087813,0.31552507425272447,56,0.024797694692475947,12.823253107384767,0.5092647605702815,0.8195884204575051
B Cells|pDCs|HLA-DPB1|CD4,B Cells,pDCs,HLA-DPB1,CD4,-0.02874775747244679,-0.11443331006397527,0.05693779511908169,43,0.10674429154515086,10.683833490877575,0.5108120731337433,0.8195884204575051
Classical Monocytes|Classical Monocytes|SELPLG|SELL,Classical Monocytes,Classical Monocytes,SELPLG,SELL,0.08814393689131833,-0.17478686812796268,0.35107474191059934,56,0.017350110657270545,12.823253107384767,0.5111481403407313,0.8195884204575051
NK Cells|B Cells|MIF|TNFRSF14,NK Cells,B Cells,MIF,TNFRSF14,0.06712121995794408,-0.13129565808109084,0.26553809799697903,56,0.03236741145696831,12.823253107384767,0.5073151136444656,0.8195884204575051
Classical Monocytes|Classical Monocytes|LGALS9|CD47,Classical Monocytes,Classical Monocytes,LGALS9,CD47,-0.06743633095736279,-0.2671274963749529,0.13225483446022732,56,0.10783678655381368,12.823253107384767,0.5080443065302354,0.8195884204575051
NK Cells|Non-classical Monocytes|GNAI2|ADCY7,NK Cells,Non-classical Monocytes,GNAI2,ADCY7,-0.035761507367217366,-0.1418727415048488,0.07034972677041408,56,0.03683712933569949,12.823253107384767,0.5089040218220716,0.8195884204575051
Classical Monocytes|Non-classical Monocytes|LTB|TNFRSF1A,Classical Monocytes,Non-classical Monocytes,LTB,TNFRSF1A,-0.04539538300341023,-0.18024423337277842,0.08945346736595797,55,0.054045394525787493,12.96329824896671,0.509381972596612,0.8195884204575051
CD8 T Cells|pDCs|VIM|CD44,CD8 T Cells,pDCs,VIM,CD44,0.09053018962367872,-0.1791234286837457,0.3601838079311031,44,0.09627492038373042,10.877998116002292,0.5105290036722334,0.8195884204575051
Non-classical Monocytes|Classical Monocytes|HLA-DRB5|CD4,Non-classical Monocytes,Classical Monocytes,HLA-DRB5,CD4,0.18932885857235593,-0.3740992198002582,0.75275693694497,50,0.020511392990502975,12.18064662723827,0.5101480895742492,0.8195884204575051
CD8 T Cells|Non-classical Monocytes|MIF|TNFRSF14,CD8 T Cells,Non-classical Monocytes,MIF,TNFRSF14,0.06049794676066655,-0.11989906302357067,0.24089495654490378,56,0.043749359216744166,12.823253107384767,0.5109921622787179,0.8195884204575051
Classical Monocytes|NK Cells|GNAS|PTGDR,Classical Monocytes,NK Cells,GNAS,PTGDR,-0.07891645381420508,-0.3140518732599627,0.15621896563155252,55,0.07620494595365346,12.658421525295251,0.5106630238346105,0.8195884204575051
Non-classical Monocytes|Non-classical Monocytes|APP|CD74,Non-classical Monocytes,Non-classical Monocytes,APP,CD74,0.07101822441799778,-0.1396060420962873,0.28164249093228283,49,0.1446718463913047,12.767291671449737,0.508702071833151,0.8195884204575051
pDCs|B Cells|TGFB1|CXCR4,pDCs,B Cells,TGFB1,CXCR4,-0.10841245380285774,-0.42985525828066184,0.21303035067494636,42,0.13055750158761936,11.139161019626373,0.5085907446650362,0.8195884204575051
NK Cells|Non-classical Monocytes|SELPLG|SELL,NK Cells,Non-classical Monocytes,SELPLG,SELL,-0.07505007845598706,-0.3001899170377676,0.15008976012579345,56,0.031214508464775026,12.823253107384767,0.5135296995419419,0.8228849402298587
Non-classical Monocytes|Classical Monocytes|ADAM17|ITGB1,Non-classical Monocytes,Classical Monocytes,ADAM17,ITGB1,0.01792815225941349,-0.035983576114836144,0.07183988063366313,56,0.039464933190853535,12.823253107384767,0.5145437467606675,0.8236811809258348
pDCs|CD8 T Cells|HLA-F|CD8B,pDCs,CD8 T Cells,HLA-F,CD8B,-0.09920527861399593,-0.3976209927653473,0.19921043553735546,44,0.025315970290061718,10.877998116002292,0.5146785060078722,0.8236811809258348
Non-classical Monocytes|pDCs|HBEGF|CD44,Non-classical Monocytes,pDCs,HBEGF,CD44,-0.08513642373133957,-0.3415764528248362,0.17130360536215705,36,0.14886395819301013,9.897717855021916,0.5152431911552653,0.8240630025628831
Classical Monocytes|Classical Monocytes|APP|CD74,Classical Monocytes,Classical Monocytes,APP,CD74,-0.06485960922032308,-0.26049014086431677,0.13077092242367064,55,0.08566235028204139,12.658421525295251,0.5158155453161797,0.8244565989968287
pDCs|CD8 T Cells|HLA-B|CD8A,pDCs,CD8 T Cells,HLA-B,CD8A,-0.016768089705067907,-0.06739678810130861,0.03386060869117279,44,0.17338850793262184,10.877998116002292,0.5162512257888535,0.82463138278662
Non-classical Monocytes|Classical Monocytes|S100A8|CD36,Non-classical Monocytes,Classical Monocytes,S100A8,CD36,-0.10359269009294529,-0.42318905835364107,0.21600367816775046,56,0.4043891414674441,12.823253107384767,0.5252361015855782,0.8247576732766917
NK Cells|Non-classical Monocytes|MIF|CD44_CD74,NK Cells,Non-classical Monocytes,MIF,CD44_CD74,-0.0840556842186397,-0.3423787692204326,0.17426740078315323,56,0.12275482511484137,12.823253107384767,0.5236350047720628,0.8247576732766917
CD4 T Cells|pDCs|GNAS|ADCY7,CD4 T Cells,pDCs,GNAS,ADCY7,-0.0486378039334537,-0.1963548245686782,0.09907921670177079,34,0.05588029525714544,10.015665273394857,0.5187040610768656,0.8247576732766917
Non-classical Monocytes|Non-classical Monocytes|LGALS1|PTPRC,Non-classical Monocytes,Non-classical Monocytes,LGALS1,PTPRC,-0.0077774383494033095,-0.031515022909312594,0.015960146210505975,56,0.047031335834642585,12.823253107384767,0.520764604154341,0.8247576732766917
Classical Monocytes|NK Cells|LGALS1|PTPRC,Classical Monocytes,NK Cells,LGALS1,PTPRC,-0.004624233779884052,-0.018899430191304658,0.009650962631536555,56,0.0629966499129162,12.823253107384767,0.5254932047074281,0.8247576732766917
Classical Monocytes|pDCs|LGALS1|CD69,Classical Monocytes,pDCs,LGALS1,CD69,-0.06785244413963577,-0.2774685509593068,0.14176366268003526,44,0.07611768001105201,10.877998116002292,0.5257952558958252,0.8247576732766917
Non-classical Monocytes|Non-classical Monocytes|ADAM10|IL6R,Non-classical Monocytes,Non-classical Monocytes,ADAM10,IL6R,0.14249508765766714,-0.2967648777074814,0.5817550530228157,43,0.06758526703329804,11.394342458993984,0.5249012167850413,0.8247576732766917
Classical Monocytes|CD4 T Cells|TIMP1|CD63,Classical Monocytes,CD4 T Cells,TIMP1,CD63,-0.04931847559249311,-0.2007834917329094,0.10214654054792319,56,0.17600173426355126,12.823253107384767,0.5233544008003406,0.8247576732766917
pDCs|CD4 T Cells|HMGB1|CXCR4,pDCs,CD4 T Cells,HMGB1,CXCR4,0.01219647674803287,-0.025170056873336462,0.0495630103694022,44,0.16845988609153695,10.877998116002292,0.5223453184912428,0.8247576732766917
CD8 T Cells|Non-classical Monocytes|ANXA1|FPR1,CD8 T Cells,Non-classical Monocytes,ANXA1,FPR1,-0.07521076573809017,-0.3035732790549015,0.15315174757872113,55,0.07077556418077968,12.837866108718586,0.5185964389469246,0.8247576732766917
Non-classical Monocytes|pDCs|LGALS9|CD44,Non-classical Monocytes,pDCs,LGALS9,CD44,0.0832121890444209,-0.1698693136513857,0.3362936917402275,44,0.05948615637106469,10.877998116002292,0.5192977097781797,0.8247576732766917
Non-classical Monocytes|CD4 T Cells|HMGB1|CXCR4,Non-classical Monocytes,CD4 T Cells,HMGB1,CXCR4,-0.01970366573614936,-0.07932074594524721,0.0399134144729485,56,0.1726982807336348,12.823253107384767,0.5171302585586136,0.8247576732766917
Non-classical Monocytes|NK Cells|HLA-F|CD8A,Non-classical Monocytes,NK Cells,HLA-F,CD8A,-0.06813492553249853,-0.27655070158201833,0.14028085051702127,42,0.21774068355664322,10.905461348856132,0.5216863962847516,0.8247576732766917
Classical Monocytes|Non-classical Monocytes|HBEGF|CD44,Classical Monocytes,Non-classical Monocytes,HBEGF,CD44,0.08093260692799022,-0.1683863456347351,0.33025155949071555,50,0.10757386739484132,11.983689349526355,0.5246244375311397,0.8247576732766917
CD8 T Cells|CD8 T Cells|TGFB1|ITGB1,CD8 T Cells,CD8 T Cells,TGFB1,ITGB1,0.09491742510290006,-0.19453677127552904,0.3843716214813292,55,0.04065780588832968,12.96329824896671,0.5204131247832908,0.8247576732766917
B Cells|Non-classical Monocytes|GNAI2|C5AR1,B Cells,Non-classical Monocytes,GNAI2,C5AR1,-0.09916966924990256,-0.40531233874904005,0.20697300024923493,54,0.19435887765322468,12.491554402353886,0.5254957692508408,0.8247576732766917
pDCs|pDCs|HLA-DRA|CD4,pDCs,pDCs,HLA-DRA,CD4,-0.026176648727251006,-0.10676040320244409,0.05440710574794208,43,0.1264555011664672,10.683833490877575,0.5243395778657542,0.8247576732766917
Classical Monocytes|Classical Monocytes|RNASE2|TLR2,Classical Monocytes,Classical Monocytes,RNASE2,TLR2,0.049945664069887895,-0.10116584219184677,0.20105717033162257,56,0.15102317365893736,12.823253107384767,0.5171071708703652,0.8247576732766917
pDCs|NK Cells|HLA-C|CD8A,pDCs,NK Cells,HLA-C,CD8A,-0.07877164051351038,-0.318076948787682,0.16053366776066125,31,0.49834949014370533,8.73846100033619,0.5188252222099793,0.8247576732766917
pDCs|NK Cells|LGALS1|ITGB1,pDCs,NK Cells,LGALS1,ITGB1,-0.08838988400283591,-0.3572826232313244,0.18050285522565257,44,0.16347135176676986,10.877998116002292,0.5193968355097434,0.8247576732766917
pDCs|NK Cells|HMGB1|CXCR4,pDCs,NK Cells,HMGB1,CXCR4,0.03179976329840262,-0.06631160981136314,0.12991113640816837,44,0.2572431883059605,10.877998116002292,0.5252577942025562,0.8247576732766917
Non-classical Monocytes|pDCs|HLA-DRA|CD4,Non-classical Monocytes,pDCs,HLA-DRA,CD4,-0.021949776857640824,-0.08867591173744274,0.044776358022161095,43,0.13179255624229191,10.683833490877575,0.5190979833709835,0.8247576732766917
Non-classical Monocytes|B Cells|VCAN|ITGB1,Non-classical Monocytes,B Cells,VCAN,ITGB1,0.09793894536481387,-0.20355803818284265,0.3994359289124704,44,0.1861300285255162,11.544062030936054,0.524333938629176,0.8247576732766917
CD4 T Cells|B Cells|MIF|TNFRSF14,CD4 T Cells,B Cells,MIF,TNFRSF14,0.06740484866712479,-0.13891696423915148,0.2737266615734011,56,0.09405672408495203,12.823253107384767,0.5219674397156615,0.8247576732766917
CD8 T Cells|CD4 T Cells|CD47|SIRPG,CD8 T Cells,CD4 T Cells,CD47,SIRPG,-0.057741257530656766,-0.23388475214047996,0.11840223707916644,53,0.08985961732897552,12.322582179956465,0.5205537855160567,0.8247576732766917
Classical Monocytes|NK Cells|HLA-B|CD3D,Classical Monocytes,NK Cells,HLA-B,CD3D,0.05278673282926921,-0.10985129500609725,0.21542476066463567,48,0.2373118546405616,12.041919275124867,0.5246870186923833,0.8247576732766917
Non-classical Monocytes|Non-classical Monocytes|HLA-F|LILRB2,Non-classical Monocytes,Non-classical Monocytes,HLA-F,LILRB2,0.08560321219143115,-0.1740910610730772,0.34529748545593947,56,0.08117825277274726,12.823253107384767,0.5182376793587107,0.8247576732766917
pDCs|B Cells|MIF|TNFRSF14,pDCs,B Cells,MIF,TNFRSF14,0.06585462143546841,-0.13699567502526339,0.2687049178962002,44,0.01021553713832557,10.877998116002292,0.52458398066017,0.8247576732766917
CD4 T Cells|CD8 T Cells|SIRPG|CD47,CD4 T Cells,CD8 T Cells,SIRPG,CD47,-0.057741257530656766,-0.23388475214047996,0.11840223707916644,53,0.08985961732897552,12.322582179956465,0.5205537855160567,0.8247576732766917
Classical Monocytes|NK Cells|MIF|CD74_CXCR4,Classical Monocytes,NK Cells,MIF,CD74_CXCR4,-0.08280081911238754,-0.3390210400974545,0.17341940187267943,56,0.17537743610585466,12.823253107384767,0.5264807834661889,0.8253206822698879
Classical Monocytes|CD4 T Cells|VCAN|CD44,Classical Monocytes,CD4 T Cells,VCAN,CD44,-0.025798098177108778,-0.10584498006054367,0.05424878370632612,56,0.04590354625740245,12.823253107384767,0.5276014784853194,0.8265089734228336
CD4 T Cells|Non-classical Monocytes|TGFB1|ITGB1,CD4 T Cells,Non-classical Monocytes,TGFB1,ITGB1,-0.08980521348947389,-0.368759915846174,0.1891494888672262,55,0.14003961285966138,12.96329824896671,0.528053259440654,0.8265089734228336
pDCs|pDCs|S100A8|ITGB2,pDCs,pDCs,S100A8,ITGB2,-0.06839121801664466,-0.2809152454491589,0.1441328094158696,42,0.10907756984526029,10.977367192234547,0.5282200206085779,0.8265089734228336
Classical Monocytes|Non-classical Monocytes|TIMP1|CD63,Classical Monocytes,Non-classical Monocytes,TIMP1,CD63,0.07392953811095598,-0.15666957649763916,0.3045286527195511,56,0.24871973172632345,12.823253107384767,0.5297682127027729,0.8273944830036507
CD8 T Cells|CD4 T Cells|HLA-DPB1|CD4,CD8 T Cells,CD4 T Cells,HLA-DPB1,CD4,-0.0960232409384814,-0.3954029191095463,0.20335643723258345,56,0.01699480776359552,12.823253107384767,0.5295846509569598,0.8273944830036507
B Cells|Non-classical Monocytes|HLA-C|LILRB2,B Cells,Non-classical Monocytes,HLA-C,LILRB2,-0.02802461271094625,-0.1153297155472668,0.0592804901253743,56,0.03503706092357051,12.823253107384767,0.5292566615603365,0.8273944830036507
Non-classical Monocytes|Classical Monocytes|TIMP1|CD63,Non-classical Monocytes,Classical Monocytes,TIMP1,CD63,-0.038246299669624506,-0.1576737936518829,0.08118119431263388,56,0.05365087664485224,12.823253107384767,0.5302184151140786,0.8275861241465576
pDCs|Classical Monocytes|PSAP|LRP1,pDCs,Classical Monocytes,PSAP,LRP1,-0.0617890496763194,-0.25500866630809327,0.13143056695545444,44,0.08912825102395772,10.877998116002292,0.5308098317475124,0.8279978054481258
CD8 T Cells|CD4 T Cells|HLA-DRA|CD4,CD8 T Cells,CD4 T Cells,HLA-DRA,CD4,0.07881235875141482,-0.16883309037936697,0.3264578078821966,56,0.23767120981887768,12.823253107384767,0.5327903597630319,0.8305744843437272
B Cells|Non-classical Monocytes|PSAP|LRP1,B Cells,Non-classical Monocytes,PSAP,LRP1,0.07670280475090377,-0.16656158998585116,0.3199671994876587,56,0.259507768984212,12.823253107384767,0.5365825495926422,0.8332846258918073
pDCs|pDCs|LGALS1|CD69,pDCs,pDCs,LGALS1,CD69,0.09767618007296308,-0.21229934529477973,0.4076517054407059,44,0.023103334363417716,10.877998116002292,0.5368371076184655,0.8332846258918073
Non-classical Monocytes|pDCs|S100A9|ITGB2,Non-classical Monocytes,pDCs,S100A9,ITGB2,-0.06878100308610396,-0.2864912243026587,0.1489292181304508,44,0.330542193624498,10.877998116002292,0.5357781980293386,0.8332846258918073
CD4 T Cells|pDCs|CCL5|CXCR3,CD4 T Cells,pDCs,CCL5,CXCR3,0.08126340673688315,-0.17635472000602237,0.33888153347978867,43,0.13604602306705504,10.683833490877575,0.5364081413875386,0.8332846258918073
Classical Monocytes|NK Cells|PSEN1|CD44,Classical Monocytes,NK Cells,PSEN1,CD44,-0.08861008487295557,-0.3693607430227258,0.19214057327681466,56,0.15420893998217566,12.823253107384767,0.5361793904739199,0.8332846258918073
Non-classical Monocytes|Non-classical Monocytes|ADAM15|ITGB1,Non-classical Monocytes,Non-classical Monocytes,ADAM15,ITGB1,0.031716776912182804,-0.06889496860971207,0.13232852243407767,52,0.08059363025709299,12.746815901557841,0.5366691525939984,0.8332846258918073
Non-classical Monocytes|Classical Monocytes|ICAM2|ITGAL_ITGB2,Non-classical Monocytes,Classical Monocytes,ICAM2,ITGAL_ITGB2,-0.06652580513809292,-0.2772921486114034,0.14424053833521755,53,0.0728314093646073,12.502764428486943,0.5361545094569031,0.8332846258918073
pDCs|CD8 T Cells|HLA-DQB1|LAG3,pDCs,CD8 T Cells,HLA-DQB1,LAG3,0.06681148825201225,-0.1458661155856544,0.27948909208967887,43,0.034851890505107286,10.683833490877575,0.5380847465403655,0.8347085049155947
Classical Monocytes|pDCs|CD14|ITGA4,Classical Monocytes,pDCs,CD14,ITGA4,0.0783042747350071,-0.17263640284294696,0.3292449523129612,37,0.016565311230447244,10.1164695267978,0.5408070798294329,0.8348316986737794
Classical Monocytes|Classical Monocytes|VCAN|TLR2,Classical Monocytes,Classical Monocytes,VCAN,TLR2,-0.07490027942168906,-0.3146752633922013,0.16487470454882322,56,0.0709218828360193,12.823253107384767,0.5403734241019216,0.8348316986737794
Non-classical Monocytes|CD8 T Cells|IL1B|SIGIRR,Non-classical Monocytes,CD8 T Cells,IL1B,SIGIRR,0.07292758924800037,-0.16002401626497953,0.3058791947609803,56,0.02378083506282791,12.823253107384767,0.539490059145828,0.8348316986737794
CD4 T Cells|pDCs|GNAI2|CXCR3,CD4 T Cells,pDCs,GNAI2,CXCR3,-0.06723220258163544,-0.2821062065939043,0.14764180143063338,43,0.14696683115229336,10.683833490877575,0.5397073174047189,0.8348316986737794
Non-classical Monocytes|CD8 T Cells|HLA-A|CD8B,Non-classical Monocytes,CD8 T Cells,HLA-A,CD8B,0.03974201214313837,-0.08698325667317967,0.1664672809594564,56,0.10320332289511902,12.823253107384767,0.5387794962288097,0.8348316986737794
Classical Monocytes|NK Cells|CALM1|PTPRA,Classical Monocytes,NK Cells,CALM1,PTPRA,-0.06570135394741855,-0.2758296755281778,0.14442696763334067,56,0.07627935050065471,12.823253107384767,0.5399908035506684,0.8348316986737794
Non-classical Monocytes|pDCs|ADAM10|CD44,Non-classical Monocytes,pDCs,ADAM10,CD44,-0.08965218702704236,-0.37589365299876865,0.19658927894468392,44,0.014240237584171367,10.877998116002292,0.5393012151358043,0.8348316986737794
NK Cells|B Cells|TGFB1|ITGB1,NK Cells,B Cells,TGFB1,ITGB1,0.10120544671237454,-0.22300287617412923,0.4254137695988783,45,0.10963588254871037,11.486669209818757,0.5406529892398714,0.8348316986737794
pDCs|Classical Monocytes|TNFSF13B|HLA-DPB1,pDCs,Classical Monocytes,TNFSF13B,HLA-DPB1,0.07528504324733673,-0.16619228451698212,0.3167623710116556,43,0.06141100337396532,10.683833490877575,0.5411630466698254,0.834871195930799
CD4 T Cells|Classical Monocytes|SELPLG|ITGAM,CD4 T Cells,Classical Monocytes,SELPLG,ITGAM,-0.04342350841707199,-0.18305811787435955,0.09621110104021557,56,0.1018361732572024,12.823253107384767,0.5421872922363964,0.8351252903658716
Non-classical Monocytes|NK Cells|APP|CD74,Non-classical Monocytes,NK Cells,APP,CD74,0.04925836165576058,-0.10932057902363668,0.20783730233515785,49,0.022929507992389464,12.767291671449737,0.5426496742306138,0.8351252903658716
CD8 T Cells|CD8 T Cells|HLA-A|CD8A,CD8 T Cells,CD8 T Cells,HLA-A,CD8A,0.010654677620181935,-0.023640471794115978,0.04494982703447985,56,0.0701540933767294,12.823253107384767,0.5425816800094148,0.8351252903658716
NK Cells|NK Cells|HLA-B|CD3D,NK Cells,NK Cells,HLA-B,CD3D,0.03493620382885218,-0.07726230562336343,0.1471347132810678,48,0.1978171632977569,12.041919275124867,0.5416692895510087,0.8351252903658716
B Cells|NK Cells|HLA-B|CD3D,B Cells,NK Cells,HLA-B,CD3D,0.04446513537244606,-0.09909165539564094,0.18802192614053306,48,0.21512421630053136,12.041919275124867,0.5437996372837901,0.8353824873300746
Classical Monocytes|pDCs|APP|TNFRSF21,Classical Monocytes,pDCs,APP,TNFRSF21,-0.0677820187520112,-0.2871164074149195,0.15155236991089707,42,0.07371156675317492,10.486563748480568,0.5447155697132458,0.8353824873300746
Non-classical Monocytes|NK Cells|HLA-B|KLRD1,Non-classical Monocytes,NK Cells,HLA-B,KLRD1,0.010879032475529751,-0.02435522834533308,0.046113293296392584,56,0.16437059738418625,12.823253107384767,0.5450699271661963,0.8353824873300746
CD8 T Cells|pDCs|TGFB1|CXCR4,CD8 T Cells,pDCs,TGFB1,CXCR4,-0.08017389602000072,-0.33928825703827936,0.17894046499827795,43,0.20933963190319593,10.975902595125358,0.5442209850903728,0.8353824873300746
Classical Monocytes|pDCs|ADAM15|ITGB1,Classical Monocytes,pDCs,ADAM15,ITGB1,-0.07838015490310148,-0.3312957757248997,0.17453546591869679,41,0.031741514235960167,10.485860719202712,0.5435819925818692,0.8353824873300746
B Cells|Non-classical Monocytes|HMGB1|CXCR4,B Cells,Non-classical Monocytes,HMGB1,CXCR4,-0.0545144221135212,-0.2310987441249791,0.1220698998979367,56,0.09227043513669142,12.823253107384767,0.5451308751908559,0.8353824873300746
pDCs|CD4 T Cells|HLA-DQB1|CD4,pDCs,CD4 T Cells,HLA-DQB1,CD4,0.06724124323037012,-0.1504239312258312,0.28490641768657143,44,0.08517721189448024,10.877998116002292,0.5448646714104508,0.8353824873300746
NK Cells|pDCs|TGFB1|CXCR4,NK Cells,pDCs,TGFB1,CXCR4,-0.07543546642632312,-0.32054250768827,0.16967157483562376,44,0.2513595767872161,10.877998116002292,0.5463695958058226,0.8361692829244594
Classical Monocytes|Non-classical Monocytes|GNAI2|FPR1,Classical Monocytes,Non-classical Monocytes,GNAI2,FPR1,0.08526215120590638,-0.19215677066462541,0.36268107307643815,55,0.04215231171944056,12.837866108718586,0.5469232938125788,0.8361692829244594
NK Cells|Non-classical Monocytes|SPON2|ITGB1,NK Cells,Non-classical Monocytes,SPON2,ITGB1,-0.07871497558884429,-0.3348597259805544,0.17742977480286587,56,0.33847653905208974,12.823253107384767,0.5469678768002103,0.8361692829244594
CD4 T Cells|NK Cells|HLA-B|KLRD1,CD4 T Cells,NK Cells,HLA-B,KLRD1,0.009727691406438643,-0.021887419637923386,0.04134280245080067,56,0.1503251357330354,12.823253107384767,0.5464663354832615,0.8361692829244594
CD8 T Cells|Classical Monocytes|S100A9|ITGB2,CD8 T Cells,Classical Monocytes,S100A9,ITGB2,0.11339885517697898,-0.25680783716191535,0.48360554751587337,51,0.04930853531478474,13.035746994107193,0.5482656517698566,0.8364037473446239
Non-classical Monocytes|pDCs|TIMP2|ITGB1,Non-classical Monocytes,pDCs,TIMP2,ITGB1,-0.024819857082694033,-0.10588419228694668,0.05624447812155861,44,0.044083903093983134,10.877998116002292,0.5484451956272425,0.8364037473446239
CD8 T Cells|Non-classical Monocytes|S100A9|CD68,CD8 T Cells,Non-classical Monocytes,S100A9,CD68,0.09201105648549923,-0.20809337865112182,0.3921154916221203,51,0.28375802806772,13.035746994107193,0.5478941599124392,0.8364037473446239
CD4 T Cells|pDCs|IL16|CD4,CD4 T Cells,pDCs,IL16,CD4,-0.06798665283801217,-0.2896064094661258,0.15363310379010145,43,0.24164782848585664,10.683833490877575,0.5476659372438375,0.8364037473446239
Non-classical Monocytes|Classical Monocytes|MIF|TNFRSF14,Non-classical Monocytes,Classical Monocytes,MIF,TNFRSF14,0.10087251759993068,-0.22896839344411282,0.4307134286439742,56,0.16602535534729157,12.823253107384767,0.5489064610788807,0.8364367675467151
NK Cells|pDCs|MIF|CD74_CXCR4,NK Cells,pDCs,MIF,CD74_CXCR4,0.07766496548509647,-0.17643145343253522,0.3317613844027282,44,0.37115835280646525,10.877998116002292,0.5491288473921647,0.8364367675467151
NK Cells|CD8 T Cells|HLA-C|CD8A,NK Cells,CD8 T Cells,HLA-C,CD8A,0.008614002105294435,-0.019672672261360404,0.03690067647194928,56,0.03388639567415552,12.823253107384767,0.5506020488549901,0.8367588900951922
NK Cells|Non-classical Monocytes|HMGB1|CXCR4,NK Cells,Non-classical Monocytes,HMGB1,CXCR4,0.045636006697106116,-0.10396984286027151,0.19524185625448376,56,0.039915821736579704,12.823253107384767,0.5499263207600268,0.8367588900951922
Non-classical Monocytes|CD8 T Cells|COPA|CD74,Non-classical Monocytes,CD8 T Cells,COPA,CD74,-0.05680031454378744,-0.243329225920959,0.1297285968333841,56,0.0370628630508083,12.823253107384767,0.5506190226157068,0.8367588900951922
pDCs|CD8 T Cells|HLA-DRA|LAG3,pDCs,CD8 T Cells,HLA-DRA,LAG3,0.05077217149714708,-0.11597983912067106,0.21752418211496521,43,0.28149599170355766,10.683833490877575,0.5506648334896338,0.8367588900951922
Classical Monocytes|CD8 T Cells|GRN|TNFRSF1B,Classical Monocytes,CD8 T Cells,GRN,TNFRSF1B,0.060742523237030166,-0.14002801956227184,0.2615130660363322,56,0.05262620197325174,12.823253107384767,0.5531937323927483,0.837666045983674
Classical Monocytes|B Cells|LGALS1|PTPRC,Classical Monocytes,B Cells,LGALS1,PTPRC,-0.013684052627961282,-0.059033664350558276,0.03166555909463571,56,0.012892382556958903,12.823253107384767,0.5542452033576188,0.837666045983674
Classical Monocytes|CD4 T Cells|LGALS9|PTPRC,Classical Monocytes,CD4 T Cells,LGALS9,PTPRC,-0.060038462929309436,-0.25794435813444627,0.13786743227582737,56,0.12350783169869006,12.823253107384767,0.552116353954136,0.837666045983674
CD4 T Cells|Non-classical Monocytes|GNAI2|ADCY7,CD4 T Cells,Non-classical Monocytes,GNAI2,ADCY7,0.01693996899195679,-0.03889139743909531,0.0727713354230089,56,0.03325805945323912,12.823253107384767,0.5520582058500709,0.837666045983674
Non-classical Monocytes|pDCs|S100A9|CD36,Non-classical Monocytes,pDCs,S100A9,CD36,-0.07570918096547802,-0.32536876541146076,0.17395040348050475,43,0.1000589369040189,10.883029712025287,0.5522724344604721,0.837666045983674
CD4 T Cells|CD4 T Cells|HLA-DPA1|CD4,CD4 T Cells,CD4 T Cells,HLA-DPA1,CD4,0.052132510705060815,-0.12035841308466996,0.22462343449479158,56,0.03529139792574154,12.823253107384767,0.5536051994456412,0.837666045983674
Classical Monocytes|NK Cells|CLEC2B|KLRF1,Classical Monocytes,NK Cells,CLEC2B,KLRF1,-0.06557049902721268,-0.28284343437159787,0.1517024363171725,55,0.18072461867637757,12.96329824896671,0.554188922546967,0.837666045983674
Classical Monocytes|Classical Monocytes|S100A8|CD36,Classical Monocytes,Classical Monocytes,S100A8,CD36,0.004916559639800158,-0.011345082893163133,0.02117820217276345,56,0.09949152352871682,12.823253107384767,0.55346409114103,0.837666045983674
Non-classical Monocytes|Classical Monocytes|HLA-DQA1|CD4,Non-classical Monocytes,Classical Monocytes,HLA-DQA1,CD4,0.08187906695154001,-0.18847355324885345,0.3522316871519335,55,0.1775049091107691,12.658421525295251,0.5527828807210817,0.837666045983674
pDCs|Non-classical Monocytes|GNAI2|FPR1,pDCs,Non-classical Monocytes,GNAI2,FPR1,-0.08071621276719199,-0.34910344966177875,0.18767102412739478,43,0.025167579203668633,10.883029712025287,0.5555594108457342,0.8391504071770295
pDCs|CD4 T Cells|HLA-DQA1|CD4,pDCs,CD4 T Cells,HLA-DQA1,CD4,-0.09338062365289745,-0.4041422087020587,0.21738096139626378,43,0.02118827009246238,10.975902595125358,0.5558956275113816,0.8391566611238118
CD4 T Cells|NK Cells|ICAM2|ITGAM_ITGB2,CD4 T Cells,NK Cells,ICAM2,ITGAM_ITGB2,-0.03861307329280694,-0.16737996490009838,0.09015381831448449,55,0.04735562442887087,12.96329824896671,0.5567131823186877,0.8392601904878205
NK Cells|CD8 T Cells|SPON2|ITGB1,NK Cells,CD8 T Cells,SPON2,ITGB1,0.0780726537264767,-0.1821720368476365,0.3383173443005899,56,0.3701362560795607,12.823253107384767,0.5565433538671909,0.8392601904878205
Non-classical Monocytes|NK Cells|LGALS9|CD47,Non-classical Monocytes,NK Cells,LGALS9,CD47,-0.06572816344599572,-0.28505596736875505,0.15359964047676358,56,0.04183103525080811,12.823253107384767,0.5569605617127324,0.8392601904878205
Non-classical Monocytes|pDCs|HLA-DRB1|CD4,Non-classical Monocytes,pDCs,HLA-DRB1,CD4,-0.027178472742288018,-0.11806725120217908,0.06371030571760304,43,0.18278938559377822,10.683833490877575,0.5578163404405441,0.8400488035120708
pDCs|CD4 T Cells|PKM|CD44,pDCs,CD4 T Cells,PKM,CD44,-0.05761924960566529,-0.2504738602669004,0.13523536105556977,44,0.04400195639950022,10.877998116002292,0.5581583105703243,0.8400631630799341
B Cells|CD4 T Cells|MIF|CD44_CD74,B Cells,CD4 T Cells,MIF,CD44_CD74,-0.09290702687438758,-0.40415757807424185,0.21834352432546672,56,0.029060692162123702,12.823253107384767,0.5585199481472256,0.8401070886714519
NK Cells|CD4 T Cells|VIM|CD44,NK Cells,CD4 T Cells,VIM,CD44,-0.07601652317253187,-0.33129739435572286,0.1792643480106591,56,0.20346971278169212,12.823253107384767,0.5594690799928994,0.840534105316324
NK Cells|Classical Monocytes|HLA-DRB1|CD4,NK Cells,Classical Monocytes,HLA-DRB1,CD4,-0.05839209706796563,-0.2544760725070547,0.13769187837112343,56,0.1988505358772773,12.823253107384767,0.5594489668305225,0.840534105316324
pDCs|NK Cells|LGALS9|CD44,pDCs,NK Cells,LGALS9,CD44,0.09098503081523446,-0.2156401967539323,0.3976102583844012,43,0.11212634590235526,10.683833490877575,0.5608489943503605,0.84210660054864
NK Cells|Classical Monocytes|SELPLG|ITGB2,NK Cells,Classical Monocytes,SELPLG,ITGB2,0.08952093849001613,-0.21279719195069435,0.3918390689307266,56,0.14881843467993405,12.823253107384767,0.5616619156781946,0.842326208260414
pDCs|Non-classical Monocytes|HMGB1|CXCR4,pDCs,Non-classical Monocytes,HMGB1,CXCR4,0.04375195443379576,-0.10394537125511996,0.19144928012271148,44,0.05021538968790462,10.877998116002292,0.5615137800519667,0.842326208260414
CD8 T Cells|Non-classical Monocytes|TNF|TNFRSF1A,CD8 T Cells,Non-classical Monocytes,TNF,TNFRSF1A,0.05296026124126062,-0.12719141206071038,0.2331119345432316,43,0.05772643511318665,11.350171955988852,0.5644919708025582,0.842653724443013
CD8 T Cells|pDCs|LRPAP1|SORL1,CD8 T Cells,pDCs,LRPAP1,SORL1,0.09845931562245314,-0.2353511456399957,0.432269776884902,39,0.11193980690521443,10.363474393140448,0.5631948174145853,0.842653724443013
NK Cells|B Cells|MIF|CD44_CD74,NK Cells,B Cells,MIF,CD44_CD74,0.05825352048784193,-0.1405257196652678,0.25703276064095165,56,0.015870921285787265,12.823253107384767,0.565710744552581,0.842653724443013
Classical Monocytes|B Cells|COPA|CD74,Classical Monocytes,B Cells,COPA,CD74,-0.01601722498248423,-0.07063856507824824,0.03860411511327978,56,0.025759461249262094,12.823253107384767,0.565465725466854,0.842653724443013
CD4 T Cells|CD8 T Cells|TGFB1|ITGB1,CD4 T Cells,CD8 T Cells,TGFB1,ITGB1,-0.07177041589762315,-0.316781391005985,0.17324055921073875,55,0.03293937157567972,12.96329824896671,0.56588182444788,0.842653724443013
pDCs|B Cells|LGALS1|PTPRC,pDCs,B Cells,LGALS1,PTPRC,-0.08078388454295223,-0.355243499128118,0.19367573004221356,44,0.06293126437808605,10.877998116002292,0.5640125425316187,0.842653724443013
Classical Monocytes|CD8 T Cells|S100A8|ITGB2,Classical Monocytes,CD8 T Cells,S100A8,ITGB2,-0.0006095725467769736,-0.0026828501764176917,0.0014637050828637446,56,0.2648862506915417,12.823253107384767,0.564441648843419,0.842653724443013
Non-classical Monocytes|CD8 T Cells|TIMP2|CD44,Non-classical Monocytes,CD8 T Cells,TIMP2,CD44,0.05911288039801825,-0.1416459302895749,0.2598716910856114,56,0.04339741106787687,12.823253107384767,0.5638678433173746,0.842653724443013
NK Cells|NK Cells|VIM|CD44,NK Cells,NK Cells,VIM,CD44,-0.09241809187347823,-0.40538629446523866,0.22055011071828223,56,0.27616464793294515,12.823253107384767,0.5627454004607079,0.842653724443013
B Cells|CD8 T Cells|HLA-B|CD8A,B Cells,CD8 T Cells,HLA-B,CD8A,-0.014175689264628838,-0.06224512724690854,0.033893748717650864,56,0.1217544961699516,12.823253107384767,0.5632682588866114,0.842653724443013
CD4 T Cells|CD4 T Cells|LGALS1|PTPRC,CD4 T Cells,CD4 T Cells,LGALS1,PTPRC,0.04721136337747646,-0.11388072136885034,0.20830344812380325,56,0.12025437477867762,12.823253107384767,0.5656917839929562,0.842653724443013
CD4 T Cells|pDCs|S100A9|ITGB2,CD4 T Cells,pDCs,S100A9,ITGB2,-0.08303952557314274,-0.3659079775584737,0.1998289264121882,42,0.1086741230116195,10.977367192234547,0.5650399936768965,0.842653724443013
pDCs|NK Cells|LRPAP1|SORL1,pDCs,NK Cells,LRPAP1,SORL1,-0.04264017802201646,-0.1884970156761337,0.10321665963210076,43,0.21447798029913223,10.883029712025287,0.5666574820002641,0.843311812140558
Non-classical Monocytes|CD4 T Cells|CD14|ITGB1,Non-classical Monocytes,CD4 T Cells,CD14,ITGB1,0.0773506327872761,-0.1878597302337306,0.3425609958082828,56,0.12769126356154537,12.823253107384767,0.5675669061295463,0.8439170339122839
CD4 T Cells|Classical Monocytes|TIMP1|CD63,CD4 T Cells,Classical Monocytes,TIMP1,CD63,0.0637637440519903,-0.15495481872037603,0.2824823068243566,56,0.09138839103245666,12.823253107384767,0.5677320766327196,0.8439170339122839
CD8 T Cells|NK Cells|MIF|TNFRSF14,CD8 T Cells,NK Cells,MIF,TNFRSF14,0.06606961599033166,-0.16121248389921844,0.29335171587988174,56,0.008615616289968542,12.823253107384767,0.5688469995332213,0.8450772297592299
CD8 T Cells|pDCs|MIF|CD44_CD74,CD8 T Cells,pDCs,MIF,CD44_CD74,0.06531995280077076,-0.15964824280216233,0.29028814840370387,44,0.0832265661481928,10.877998116002292,0.5693022901539682,0.845169818603755
CD8 T Cells|pDCs|PKM|CD44,CD8 T Cells,pDCs,PKM,CD44,0.08173910012118019,-0.20241945436419723,0.3658976546065576,44,0.01223759784874734,10.877998116002292,0.5728971996787555,0.845169818603755
Classical Monocytes|Classical Monocytes|HLA-DPB1|CD4,Classical Monocytes,Classical Monocytes,HLA-DPB1,CD4,0.06555411737695857,-0.16275189422436911,0.2938601289782863,56,0.07577593625014822,12.823253107384767,0.5735917051465926,0.845169818603755
CD8 T Cells|CD8 T Cells|CALM1|PTPRA,CD8 T Cells,CD8 T Cells,CALM1,PTPRA,-0.05101489681153561,-0.22753261205051178,0.12550281842744054,55,0.024701245818318673,12.658421525295251,0.5710921461125711,0.845169818603755
Non-classical Monocytes|Non-classical Monocytes|HLA-C|LILRB2,Non-classical Monocytes,Non-classical Monocytes,HLA-C,LILRB2,-0.015751638052163494,-0.07044713433976271,0.03894385823543573,56,0.06083207572952021,12.823253107384767,0.5724507751524781,0.845169818603755
Classical Monocytes|Classical Monocytes|GRN|TNFRSF1B,Classical Monocytes,Classical Monocytes,GRN,TNFRSF1B,-0.028945039897741262,-0.1296397646974416,0.07174968490195907,56,0.04870743199852412,12.823253107384767,0.5731637015690239,0.845169818603755
NK Cells|NK Cells|SELPLG|SELL,NK Cells,NK Cells,SELPLG,SELL,0.07746568302930373,-0.1903767539907088,0.34530812004931627,56,0.11478607745055192,12.823253107384767,0.570807311090148,0.845169818603755
Non-classical Monocytes|Classical Monocytes|HMGB1|CXCR4,Non-classical Monocytes,Classical Monocytes,HMGB1,CXCR4,0.05890327512080215,-0.1447435114934198,0.2625500617350241,56,0.026190220851135648,12.823253107384767,0.570779006404891,0.845169818603755
pDCs|CD8 T Cells|MIF|TNFRSF14,pDCs,CD8 T Cells,MIF,TNFRSF14,0.06599470985369188,-0.16147683003951757,0.29346624974690133,44,0.041663234256705484,10.877998116002292,0.5696069248617729,0.845169818603755
Non-classical Monocytes|NK Cells|PSEN1|CD44,Non-classical Monocytes,NK Cells,PSEN1,CD44,-0.09107061294805624,-0.4072898443651249,0.2251486184690124,56,0.09190769092977191,12.823253107384767,0.5724367816916067,0.845169818603755
B Cells|pDCs|HLA-DPA1|CD4,B Cells,pDCs,HLA-DPA1,CD4,-0.029960948843297697,-0.1338536796964393,0.07393178200984392,43,0.08992204559858497,10.683833490877575,0.5719232750040228,0.845169818603755
NK Cells|CD8 T Cells|HLA-A|CD8A,NK Cells,CD8 T Cells,HLA-A,CD8A,0.009094557035623244,-0.02255951853740131,0.0407486326086478,56,0.06259381730818803,12.823253107384767,0.5733540079017929,0.845169818603755
Classical Monocytes|Non-classical Monocytes|TNFSF13B|TFRC,Classical Monocytes,Non-classical Monocytes,TNFSF13B,TFRC,-0.085264169267798,-0.3818894074619672,0.2113610689263712,44,0.015253798230796978,11.076869256908273,0.5731716219064513,0.845169818603755
Classical Monocytes|pDCs|LGALS9|CD47,Classical Monocytes,pDCs,LGALS9,CD47,-0.045942779824674866,-0.20575512391069622,0.11386956426134648,44,0.12330955395081833,10.877998116002292,0.5731288026071129,0.845169818603755
Non-classical Monocytes|CD8 T Cells|HLA-DPB1|LAG3,Non-classical Monocytes,CD8 T Cells,HLA-DPB1,LAG3,0.07321281254081508,-0.18275646544186258,0.32918209052349273,55,0.13724591898646887,12.658421525295251,0.5750753167012862,0.8462550566335013
CD8 T Cells|pDCs|LGALS1|CD69,CD8 T Cells,pDCs,LGALS1,CD69,0.07273869150317713,-0.18196762155837892,0.3274450045647332,44,0.08400825216222196,10.877998116002292,0.5756677650783494,0.8462550566335013
Classical Monocytes|Non-classical Monocytes|LGALS1|PTPRC,Classical Monocytes,Non-classical Monocytes,LGALS1,PTPRC,-0.004532389144493498,-0.02039593874582467,0.011331160456837675,56,0.02766598634676254,12.823253107384767,0.5754909735119043,0.8462550566335013
NK Cells|B Cells|LGALS1|PTPRC,NK Cells,B Cells,LGALS1,PTPRC,0.07456521129487417,-0.1863175350949872,0.33544795768473556,56,0.04109091455674285,12.823253107384767,0.5753466501040836,0.8462550566335013
CD4 T Cells|Non-classical Monocytes|HMGB1|HAVCR2,CD4 T Cells,Non-classical Monocytes,HMGB1,HAVCR2,0.05824542604157195,-0.14599969490803846,0.26249054699118235,53,0.04636714356065752,12.322582179956465,0.576208786326414,0.8465579087481676
B Cells|pDCs|IL16|CD4,B Cells,pDCs,IL16,CD4,-0.07114712731183771,-0.3210325951597494,0.17873834053607401,43,0.023887344929353405,10.683833490877575,0.5768178336276982,0.8469602937694326
pDCs|Classical Monocytes|LGALS1|ITGB1,pDCs,Classical Monocytes,LGALS1,ITGB1,-0.04893770709109996,-0.22113131627632576,0.12325590209412585,44,0.06427803296129897,10.877998116002292,0.577510355455142,0.847484708615066
B Cells|Classical Monocytes|CD47|SIRPA,B Cells,Classical Monocytes,CD47,SIRPA,-0.04177000020189879,-0.18940636494171592,0.10586636453791833,55,0.05829547887449815,12.837866108718586,0.5792212654207185,0.8480255722584911
pDCs|Non-classical Monocytes|LGALS9|HAVCR2,pDCs,Non-classical Monocytes,LGALS9,HAVCR2,-0.08281576460110551,-0.37503233108605877,0.20940080188384774,41,0.10563235940358928,10.286080250568475,0.5785770159457997,0.8480255722584911
Classical Monocytes|B Cells|SIRPA|CD47,Classical Monocytes,B Cells,SIRPA,CD47,-0.04177000020189879,-0.18940636494171592,0.10586636453791833,55,0.05829547887449815,12.837866108718586,0.5792212654207185,0.8480255722584911
CD4 T Cells|Non-classical Monocytes|HLA-F|LILRB2,CD4 T Cells,Non-classical Monocytes,HLA-F,LILRB2,-0.053330480892457365,-0.2415854980542022,0.13492453626928747,56,0.14644647818007106,12.823253107384767,0.5787337598691451,0.8480255722584911
CD4 T Cells|Non-classical Monocytes|S100A9|CD36,CD4 T Cells,Non-classical Monocytes,S100A9,CD36,-0.06536340408975548,-0.29674144479198594,0.16601463661247495,53,0.17035894068108848,12.805316252406456,0.5797963139268983,0.8483759613742166
Classical Monocytes|CD8 T Cells|LGALS1|PTPRC,Classical Monocytes,CD8 T Cells,LGALS1,PTPRC,-0.003819452901919637,-0.017394633472408924,0.00975572766856965,56,0.07622697283617119,12.823253107384767,0.5813274140147777,0.8488225835842026
B Cells|Non-classical Monocytes|ICAM3|ITGAL,B Cells,Non-classical Monocytes,ICAM3,ITGAL,-0.05396590953551904,-0.24617410823265934,0.13824228916162123,56,0.11677789516886317,12.823253107384767,0.5821169518604761,0.8488225835842026
CD4 T Cells|pDCs|MIF|CD74_CXCR4,CD4 T Cells,pDCs,MIF,CD74_CXCR4,0.057911323390756456,-0.1482391301269369,0.26406177690844984,44,0.37892298154546533,10.877998116002292,0.5819156637315808,0.8488225835842026
Non-classical Monocytes|Non-classical Monocytes|ADAM10|NOTCH2,Non-classical Monocytes,Non-classical Monocytes,ADAM10,NOTCH2,-0.011846731233685844,-0.0538626934234854,0.03016923095611371,56,0.032457451063440446,12.823253107384767,0.5805186636088986,0.8488225835842026
NK Cells|CD8 T Cells|ARF6|SMAP1,NK Cells,CD8 T Cells,ARF6,SMAP1,0.051192105492529935,-0.130946671120801,0.23333088210586084,41,0.023205517318842128,10.776173834062366,0.5817231886040736,0.8488225835842026
B Cells|NK Cells|HMGB1|CXCR4,B Cells,NK Cells,HMGB1,CXCR4,-0.029507064131756564,-0.13453413844101966,0.07552001017750654,56,0.22109940200752376,12.823253107384767,0.5818760775104086,0.8488225835842026
Non-classical Monocytes|CD8 T Cells|HLA-C|CD8A,Non-classical Monocytes,CD8 T Cells,HLA-C,CD8A,0.015048303648526024,-0.03877056576991933,0.06886717306697138,56,0.07572689999138404,12.823253107384767,0.5836741338864565,0.8496224287621403
CD4 T Cells|pDCs|TGFB1|CXCR4,CD4 T Cells,pDCs,TGFB1,CXCR4,-0.07650185973650866,-0.34983904734912685,0.1968353278761095,43,0.06603036056916722,10.975902595125358,0.5833098480898331,0.8496224287621403
CD8 T Cells|pDCs|GNAI2|ADCY7,CD8 T Cells,pDCs,GNAI2,ADCY7,0.10821864728422928,-0.27862668409778457,0.4950639786662431,34,0.08391211880555194,10.015665273394857,0.5834906197885432,0.8496224287621403
NK Cells|NK Cells|LGALS1|PTPRC,NK Cells,NK Cells,LGALS1,PTPRC,0.03872278508798829,-0.10069425147307351,0.1781398216490501,56,0.047774097412183525,12.823253107384767,0.5861828788453638,0.84994805385797
pDCs|pDCs|HLA-DQB1|CD4,pDCs,pDCs,HLA-DQB1,CD4,-0.10584152743159965,-0.48798990393310926,0.27630684906991,43,0.06565981604858895,10.683833490877575,0.5872396867403326,0.84994805385797
Classical Monocytes|pDCs|ICAM1|IL2RG,Classical Monocytes,pDCs,ICAM1,IL2RG,-0.08742889143200738,-0.4026962364025206,0.22783845353850585,37,0.13273022585548921,9.650133108882384,0.5867644643210534,0.84994805385797
NK Cells|CD4 T Cells|TIMP1|CD63,NK Cells,CD4 T Cells,TIMP1,CD63,-0.020296435077666403,-0.09352624632826854,0.05293337617293574,54,0.03738958806938997,12.79531477744459,0.5869747306739974,0.84994805385797
Non-classical Monocytes|Classical Monocytes|TIMP2|CD44,Non-classical Monocytes,Classical Monocytes,TIMP2,CD44,-0.05390720154470119,-0.24756210476735624,0.13974770167795386,56,0.007017785648613106,12.823253107384767,0.5853478179645697,0.84994805385797
Non-classical Monocytes|B Cells|ADAM17|RHBDF2,Non-classical Monocytes,B Cells,ADAM17,RHBDF2,0.04549246872649655,-0.11876136335571681,0.20974630080870993,56,0.02545508831079979,12.823253107384767,0.5872397599974903,0.84994805385797
NK Cells|pDCs|LGALS1|PTPRC,NK Cells,pDCs,LGALS1,PTPRC,0.1023506924715513,-0.26683497534035416,0.4715363602834568,44,0.039044828709169255,10.877998116002292,0.586876466529597,0.84994805385797
CD8 T Cells|B Cells|LGALS1|ITGB1,CD8 T Cells,B Cells,LGALS1,ITGB1,-0.08140295420718965,-0.3753311152492188,0.21252520683483947,45,0.24239316038588832,11.486669209818757,0.5872612987875012,0.84994805385797
pDCs|CD4 T Cells|TGFB1|CXCR4,pDCs,CD4 T Cells,TGFB1,CXCR4,-0.09075994033536888,-0.41777621887705885,0.23625633820632108,42,0.01931105172105363,11.139161019626373,0.5864638654564701,0.84994805385797
Non-classical Monocytes|pDCs|TGFB1|ITGB1,Non-classical Monocytes,pDCs,TGFB1,ITGB1,0.07378360135932288,-0.19188688629064454,0.3394540890092903,44,0.01933370487124053,10.877998116002292,0.5862123738551559,0.84994805385797
Classical Monocytes|pDCs|VCAN|ITGA4,Classical Monocytes,pDCs,VCAN,ITGA4,0.07251106071058028,-0.1901189012333055,0.33514102265446605,37,0.014369512242659144,10.1164695267978,0.5884124282217609,0.8511266205588951
B Cells|CD8 T Cells|HLA-DQA1|LAG3,B Cells,CD8 T Cells,HLA-DQA1,LAG3,0.06849012824888831,-0.17994037372868954,0.31692063022646616,55,0.18194521514185769,12.658421525295251,0.5889591160957599,0.8511326538643103
Non-classical Monocytes|pDCs|HLA-DQB1|CD4,Non-classical Monocytes,pDCs,HLA-DQB1,CD4,0.07574120551474858,-0.2003348367626124,0.35181724779210954,43,0.18108777391216124,10.683833490877575,0.5907743074309458,0.8511326538643103
CD4 T Cells|CD8 T Cells|LGALS3|LAG3,CD4 T Cells,CD8 T Cells,LGALS3,LAG3,0.0747978358914192,-0.1976862515920208,0.3472819233748592,43,0.03977802961836763,11.350171955988852,0.5905653294852446,0.8511326538643103
Classical Monocytes|CD4 T Cells|LGALS9|CD44,Classical Monocytes,CD4 T Cells,LGALS9,CD44,-0.0482957554505785,-0.22419145780954897,0.127599946908392,56,0.16508167222562975,12.823253107384767,0.5904747945922133,0.8511326538643103
CD8 T Cells|Classical Monocytes|SELPLG|ITGAM,CD8 T Cells,Classical Monocytes,SELPLG,ITGAM,-0.03892581466674955,-0.18066879519368748,0.10281716586018838,56,0.10551868971171696,12.823253107384767,0.5904042921284769,0.8511326538643103
CD4 T Cells|pDCs|TGFB1|ITGB1,CD4 T Cells,pDCs,TGFB1,ITGB1,-0.06905193402852651,-0.320469854735984,0.182365986678931,43,0.14760008503911448,10.975902595125358,0.5903671041614582,0.8511326538643103
CD8 T Cells|CD8 T Cells|HLA-C|CD8A,CD8 T Cells,CD8 T Cells,HLA-C,CD8A,0.008573108627033657,-0.022535625725750057,0.039681842979817375,56,0.06404872135707174,12.823253107384767,0.5891024294996217,0.8511326538643103
Classical Monocytes|Classical Monocytes|SELPLG|ITGB2,Classical Monocytes,Classical Monocytes,SELPLG,ITGB2,0.0724802882427378,-0.19222144864018062,0.3371820251256562,56,0.043415498557296206,12.823253107384767,0.5914922584717619,0.8516814456741552
Classical Monocytes|CD8 T Cells|CD14|ITGB1,Classical Monocytes,CD8 T Cells,CD14,ITGB1,-0.06401796678937038,-0.2984002455170727,0.17036431193833196,56,0.08519801151515394,12.823253107384767,0.5924186055705177,0.8517997841957038
Non-classical Monocytes|Non-classical Monocytes|LGALS9|CD47,Non-classical Monocytes,Non-classical Monocytes,LGALS9,CD47,-0.06582939193730283,-0.3069524931692206,0.17529370929461488,56,0.0548982996625178,12.823253107384767,0.5925856828714077,0.8517997841957038
pDCs|CD4 T Cells|HLA-DRB5|CD4,pDCs,CD4 T Cells,HLA-DRB5,CD4,0.08972531747081469,-0.23884839259664442,0.4182990275382738,39,0.03882209113068147,10.363474393140448,0.5924994853275807,0.8517997841957038
Classical Monocytes|B Cells|HBEGF|CD82,Classical Monocytes,B Cells,HBEGF,CD82,-0.04549361941936951,-0.2127192320593495,0.12173199322061047,48,0.12340673551418757,11.62574471479249,0.5938903446591641,0.8527050573600612
B Cells|CD4 T Cells|ARF6|SMAP1,B Cells,CD4 T Cells,ARF6,SMAP1,0.042679642764331005,-0.11415042544472559,0.1995097109733876,55,0.07261914508466039,12.658421525295251,0.593768172215461,0.8527050573600612
CD4 T Cells|Non-classical Monocytes|SELPLG|SELL,CD4 T Cells,Non-classical Monocytes,SELPLG,SELL,0.04684941970645898,-0.12581890172362362,0.21951774113654157,56,0.1508591917451455,12.823253107384767,0.5948718961454049,0.8536293478474948
CD8 T Cells|B Cells|LGALS1|PTPRC,CD8 T Cells,B Cells,LGALS1,PTPRC,0.07142713072309315,-0.19313140715443167,0.33598566860061796,56,0.11710639012418878,12.823253107384767,0.5966923441056442,0.8547895934810799
pDCs|CD8 T Cells|MIF|CD44_CD74,pDCs,CD8 T Cells,MIF,CD44_CD74,-0.08942479060678643,-0.42064736023277094,0.24179777901919808,44,0.055949452848414793,10.877998116002292,0.5966952286903937,0.8547895934810799
Non-classical Monocytes|CD4 T Cells|LGALS1|CD69,Non-classical Monocytes,CD4 T Cells,LGALS1,CD69,0.0018406179001960177,-0.004974469494888655,0.00865570529528069,56,0.08494583594798122,12.823253107384767,0.5965648867757245,0.8547895934810799
CD8 T Cells|Classical Monocytes|TNF|TNFRSF1A,CD8 T Cells,Classical Monocytes,TNF,TNFRSF1A,0.029111000465274664,-0.07894117235683153,0.13716317328738087,43,0.03926241447566614,11.350171955988852,0.5974674424409224,0.8554108935117342
Non-classical Monocytes|NK Cells|LGALS1|PTPRC,Non-classical Monocytes,NK Cells,LGALS1,PTPRC,-0.006413613608084623,-0.030255735523137997,0.01742850830696875,56,0.08843271295750266,12.823253107384767,0.5980289345045007,0.855729964605251
Classical Monocytes|Non-classical Monocytes|HLA-DPA1|CD4,Classical Monocytes,Non-classical Monocytes,HLA-DPA1,CD4,0.04858246800806505,-0.13238758506946052,0.2295525210855906,56,0.0339131924632613,12.823253107384767,0.5987744158508357,0.8563117990124854
CD4 T Cells|CD4 T Cells|TGFB1|CXCR4,CD4 T Cells,CD4 T Cells,TGFB1,CXCR4,-0.09246745932100503,-0.4374222944840435,0.25248737584203346,55,0.05631764355909241,12.96329824896671,0.5993180088893548,0.8566044165516967
Non-classical Monocytes|Classical Monocytes|APP|LRP1,Non-classical Monocytes,Classical Monocytes,APP,LRP1,0.0931347180042642,-0.25517756480611364,0.44144700081464205,49,0.01720843843655706,12.767291671449737,0.6002285058457341,0.857420822087151
Non-classical Monocytes|B Cells|TNFSF13B|HLA-DPB1,Non-classical Monocytes,B Cells,TNFSF13B,HLA-DPB1,0.008945662584028041,-0.02462707613634186,0.04251840130439794,56,0.046201508877280695,12.823253107384767,0.6015001405955993,0.8587518956412877
NK Cells|pDCs|SPON2|ITGB2,NK Cells,pDCs,SPON2,ITGB2,-0.07027650730547633,-0.3366595881284735,0.19610657351752084,44,0.446832988579165,10.877998116002292,0.605105398444959,0.8598525579586201
Non-classical Monocytes|pDCs|CALM1|PTPRA,Non-classical Monocytes,pDCs,CALM1,PTPRA,0.06625686504836786,-0.18522493378180827,0.317738663878544,42,0.03635200421847773,10.486563748480568,0.6055865382549783,0.8598525579586201
B Cells|NK Cells|CALM1|PTPRA,B Cells,NK Cells,CALM1,PTPRA,0.05816788696451067,-0.16158033670998112,0.27791611063900246,56,0.017858110259049265,12.823253107384767,0.6038951873846404,0.8598525579586201
CD4 T Cells|Classical Monocytes|TGFB1|CXCR4,CD4 T Cells,Classical Monocytes,TGFB1,CXCR4,0.062774840089823,-0.1759989679674167,0.30154864814706267,55,0.1057532403156135,12.96329824896671,0.6063542771200083,0.8598525579586201
pDCs|Classical Monocytes|MIF|TNFRSF14,pDCs,Classical Monocytes,MIF,TNFRSF14,0.08620813189706888,-0.24012364972083056,0.4125399135149683,44,0.09292974918930874,10.877998116002292,0.6046186939296126,0.8598525579586201
pDCs|Classical Monocytes|SELPLG|ITGB2,pDCs,Classical Monocytes,SELPLG,ITGB2,-0.07886048963315048,-0.37620919433395594,0.21848821506765495,44,0.09909523334976122,10.877998116002292,0.6031986125442554,0.8598525579586201
CD4 T Cells|CD8 T Cells|MIF|CD44_CD74,CD4 T Cells,CD8 T Cells,MIF,CD44_CD74,0.08381036114879588,-0.23459960695039922,0.40222032924799095,56,0.05490423674625522,12.823253107384767,0.6059295476250295,0.8598525579586201
CD4 T Cells|pDCs|MIF|CD44_CD74,CD4 T Cells,pDCs,MIF,CD44_CD74,-0.05795321402873554,-0.2778930852415602,0.1619866571840891,44,0.04029735654112665,10.877998116002292,0.605545657698098,0.8598525579586201
CD4 T Cells|B Cells|S100A9|ITGB2,CD4 T Cells,B Cells,S100A9,ITGB2,0.06066810702431461,-0.16789012150191557,0.2892263355505448,53,0.2899662721189672,12.805316252406456,0.6028896865807617,0.8598525579586201
pDCs|pDCs|APP|LRP10,pDCs,pDCs,APP,LRP10,-0.05285998017135789,-0.25266648478441683,0.1469465244417011,43,0.07388846887094114,10.683833490877575,0.6040955494336893,0.8598525579586201
Non-classical Monocytes|CD8 T Cells|LGALS9|CD47,Non-classical Monocytes,CD8 T Cells,LGALS9,CD47,0.06072008034873528,-0.1701366113295848,0.29157677202705534,56,0.12684785926310382,12.823253107384767,0.6061959648098642,0.8598525579586201
pDCs|B Cells|S100A9|ITGB2,pDCs,B Cells,S100A9,ITGB2,-0.06584249678933227,-0.31522959896037583,0.18354460538171127,40,0.23035555656047568,11.038302619805199,0.6048320835235884,0.8598525579586201
CD8 T Cells|Classical Monocytes|LRPAP1|SORL1,CD8 T Cells,Classical Monocytes,LRPAP1,SORL1,-0.014938353001608465,-0.07187431071764139,0.041997604714424465,54,0.020786541067438935,12.491554402353886,0.607085592637586,0.8599244913650111
pDCs|pDCs|HLA-DPA1|CD4,pDCs,pDCs,HLA-DPA1,CD4,-0.039816644313077854,-0.1914863296295204,0.11185304100336468,43,0.08528178354925509,10.683833490877575,0.6068787924831411,0.8599244913650111
pDCs|Non-classical Monocytes|S100A8|CD36,pDCs,Non-classical Monocytes,S100A8,CD36,0.08596600302769392,-0.24251804508434865,0.4144500511397365,42,0.21055184894928414,10.977367192234547,0.6079982704577513,0.8607348064127381
pDCs|CD4 T Cells|MIF|CD44_CD74,pDCs,CD4 T Cells,MIF,CD44_CD74,-0.09767684348041901,-0.4731091684214241,0.2777554814605861,44,0.0743450220243933,10.877998116002292,0.6101025751578267,0.8627471781890477
CD4 T Cells|CD8 T Cells|HLA-C|CD8A,CD4 T Cells,CD8 T Cells,HLA-C,CD8A,0.011343228964461688,-0.032243905192364294,0.05493036312128767,56,0.04176379129510299,12.823253107384767,0.6100051425907567,0.8627471781890477
CD4 T Cells|Non-classical Monocytes|LGALS1|ITGB1,CD4 T Cells,Non-classical Monocytes,LGALS1,ITGB1,-0.054575506712464944,-0.26586633840139906,0.15671532497646914,56,0.2504338602436089,12.823253107384767,0.6126810122270758,0.8651029610902753
pDCs|pDCs|LGALS9|CD47,pDCs,pDCs,LGALS9,CD47,-0.07118649602502536,-0.347913144599337,0.20554015254928626,43,0.1295210056952837,10.683833490877575,0.6141274620552019,0.8651029610902753
Non-classical Monocytes|pDCs|MIF|CD74_CXCR4,Non-classical Monocytes,pDCs,MIF,CD74_CXCR4,0.06865441349907289,-0.1992726808624222,0.33658150786056795,44,0.18703969672097587,10.877998116002292,0.6155079653304052,0.8651029610902753
CD8 T Cells|B Cells|HMGB1|CXCR4,CD8 T Cells,B Cells,HMGB1,CXCR4,-0.008406058700551361,-0.041170250252441504,0.024358132851338782,56,0.03950720803810759,12.823253107384767,0.6150676213401544,0.8651029610902753
NK Cells|pDCs|HMGB1|CXCR4,NK Cells,pDCs,HMGB1,CXCR4,0.023068584786649943,-0.06672239767643692,0.11285956724973681,44,0.1575791711403992,10.877998116002292,0.614582754419063,0.8651029610902753
pDCs|Non-classical Monocytes|SELPLG|SELL,pDCs,Non-classical Monocytes,SELPLG,SELL,-0.06390985013803495,-0.3132937573471813,0.18547405707111142,44,0.09969393263947124,10.877998116002292,0.6154692907419893,0.8651029610902753
pDCs|pDCs|HLA-DMA|CD4,pDCs,pDCs,HLA-DMA,CD4,-0.06579926200385265,-0.32260312276221464,0.1910045987545093,43,0.22888464566591815,10.683833490877575,0.6155342793986209,0.8651029610902753
Non-classical Monocytes|CD8 T Cells|HMGB1|CXCR4,Non-classical Monocytes,CD8 T Cells,HMGB1,CXCR4,-0.017004052925241486,-0.08316824477598105,0.04916013892549807,56,0.14854781769046232,12.823253107384767,0.6144676631538679,0.8651029610902753
Classical Monocytes|CD8 T Cells|HLA-A|CD8A,Classical Monocytes,CD8 T Cells,HLA-A,CD8A,0.023141058094693245,-0.06669416639862774,0.11297628258801423,56,0.13289252967380139,12.823253107384767,0.6136459972647159,0.8651029610902753
B Cells|CD8 T Cells|GRN|TNFRSF1B,B Cells,CD8 T Cells,GRN,TNFRSF1B,0.05179446093645383,-0.15032128028355218,0.2539102021564599,54,0.059758146476049157,12.671359849426228,0.6154824644319252,0.8651029610902753
Classical Monocytes|pDCs|ADAM17|ITGB1,Classical Monocytes,pDCs,ADAM17,ITGB1,0.04029424384025818,-0.11617865426858195,0.1967671419490983,44,0.05200929419625444,10.877998116002292,0.6137543194555228,0.8651029610902753
pDCs|pDCs|LGALS9|PTPRC,pDCs,pDCs,LGALS9,PTPRC,-0.06064449179742723,-0.29791102069893416,0.17662203710407973,43,0.18699598887393099,10.683833490877575,0.6163993352455487,0.8654049566388535
CD4 T Cells|Classical Monocytes|HLA-DPB1|CD4,CD4 T Cells,Classical Monocytes,HLA-DPB1,CD4,0.06329362996250129,-0.1843618374185822,0.3109490973435848,56,0.005790642037603377,12.823253107384767,0.6164340807083246,0.8654049566388535
Classical Monocytes|pDCs|ADAM10|CD44,Classical Monocytes,pDCs,ADAM10,CD44,-0.06879441852424632,-0.3388467445205945,0.20125790747210182,44,0.017409207004696503,10.877998116002292,0.6175746899441509,0.8658045822625524
NK Cells|Classical Monocytes|HLA-DRA|CD4,NK Cells,Classical Monocytes,HLA-DRA,CD4,-0.07729052935285265,-0.38140464225343973,0.22682358354773446,55,0.029623400613864814,12.96329824896671,0.6183963778208396,0.8658045822625524
Classical Monocytes|B Cells|VCAN|ITGB1,Classical Monocytes,B Cells,VCAN,ITGB1,0.06613233960989723,-0.19342756475108075,0.3256922439708752,45,0.12565828678955326,11.486669209818757,0.6175171908728379,0.8658045822625524
Non-classical Monocytes|Non-classical Monocytes|HLA-DQA1|CD4,Non-classical Monocytes,Non-classical Monocytes,HLA-DQA1,CD4,0.07834299398078462,-0.22994338258142386,0.38662937054299307,55,0.13504543339071107,12.658421525295251,0.6184318444732517,0.8658045822625524
Non-classical Monocytes|Classical Monocytes|S100A9|CD68,Non-classical Monocytes,Classical Monocytes,S100A9,CD68,-0.038287166121962105,-0.18886873259666676,0.11229440035274253,56,0.4171370211278792,12.823253107384767,0.6182413825101364,0.8658045822625524
Non-classical Monocytes|Non-classical Monocytes|GNAI2|FPR1,Non-classical Monocytes,Non-classical Monocytes,GNAI2,FPR1,0.06621810886942699,-0.1947927492079255,0.32722896694677944,55,0.0238562038534067,12.837866108718586,0.6190196295678658,0.8661476212170526
Classical Monocytes|CD8 T Cells|ADAM15|ITGB1,Classical Monocytes,CD8 T Cells,ADAM15,ITGB1,-0.0452572344947669,-0.2240279094428543,0.1335134404533205,53,0.12670592889812515,12.502764428486943,0.6197669620017828,0.8662340226651024
NK Cells|Classical Monocytes|TIMP1|CD63,NK Cells,Classical Monocytes,TIMP1,CD63,-0.06875634558516439,-0.3402692951840819,0.20275660401375314,54,0.062054063567254625,12.79531477744459,0.6196617626119205,0.8662340226651024
Non-classical Monocytes|Non-classical Monocytes|HLA-DRB5|CD4,Non-classical Monocytes,Non-classical Monocytes,HLA-DRB5,CD4,0.14546808595377758,-0.430270401347568,0.7212065732551232,50,0.016408218489036397,12.18064662723827,0.6204509692900437,0.8667106685439141
Classical Monocytes|NK Cells|COPA|CD74,Classical Monocytes,NK Cells,COPA,CD74,0.03608324718170146,-0.10697232184664913,0.17913881621005207,56,0.16720099317033232,12.823253107384767,0.6210474475358284,0.8670645855928388
Non-classical Monocytes|NK Cells|SELPLG|SELL,Non-classical Monocytes,NK Cells,SELPLG,SELL,0.07157769423014607,-0.21316348067549948,0.3563188691357916,56,0.033256283568960154,12.823253107384767,0.6222302216204754,0.8671950592729264
Non-classical Monocytes|CD8 T Cells|APP|LRP10,Non-classical Monocytes,CD8 T Cells,APP,LRP10,0.06066064046956651,-0.18060027986627814,0.30192156080541116,49,0.025998944477292785,12.767291671449737,0.6221559930768852,0.8671950592729264
B Cells|pDCs|LGALS1|PTPRC,B Cells,pDCs,LGALS1,PTPRC,0.05965798641076438,-0.1781922538878275,0.2975082267093563,42,0.15374375293717935,10.977367192234547,0.6230011724656608,0.8671950592729264
Classical Monocytes|CD4 T Cells|CALM1|PTPRA,Classical Monocytes,CD4 T Cells,CALM1,PTPRA,-0.06430432263791204,-0.3210543220143634,0.19244567673853935,55,0.0445026581408734,12.658421525295251,0.6235093488743785,0.8671950592729264
Non-classical Monocytes|NK Cells|APP|LRP10,Non-classical Monocytes,NK Cells,APP,LRP10,0.02237398079187045,-0.06696803900113805,0.11171600058487895,49,0.017163190092773117,12.767291671449737,0.623543103561103,0.8671950592729264
CD4 T Cells|Classical Monocytes|HMGB1|TLR2,CD4 T Cells,Classical Monocytes,HMGB1,TLR2,0.039558292326870734,-0.1181827307965727,0.19729931545031415,56,0.0771875123991258,12.823253107384767,0.6230588868659634,0.8671950592729264
NK Cells|pDCs|HLA-DPA1|CD4,NK Cells,pDCs,HLA-DPA1,CD4,0.06786867072844707,-0.20200349488505168,0.33774083634194585,43,0.026505959018927494,10.683833490877575,0.6220828286860309,0.8671950592729264
CD4 T Cells|NK Cells|PKM|CD44,CD4 T Cells,NK Cells,PKM,CD44,-0.0575976272029952,-0.28979320631787875,0.17459795191188837,56,0.1119601067840158,12.823253107384767,0.6268382426275226,0.8706409039629363
B Cells|Non-classical Monocytes|GNAI2|FPR1,B Cells,Non-classical Monocytes,GNAI2,FPR1,-0.04325993552828899,-0.21753999209489958,0.13102012103832159,53,0.1397942494519393,12.502764428486943,0.6266099880760704,0.8706409039629363
Classical Monocytes|NK Cells|CD14|ITGB2,Classical Monocytes,NK Cells,CD14,ITGB2,-0.02505085531463215,-0.1261674327902226,0.0760657221609583,56,0.0851689100178814,12.823253107384767,0.6272748925771645,0.8706409039629363
pDCs|pDCs|MIF|CD74_CXCR4,pDCs,pDCs,MIF,CD74_CXCR4,0.0647255234127092,-0.19689189381490063,0.32634294064031905,44,0.3578126954726938,10.877998116002292,0.6277434614248001,0.8706409039629363
Non-classical Monocytes|CD4 T Cells|SECTM1|CD7,Non-classical Monocytes,CD4 T Cells,SECTM1,CD7,0.07111096966856423,-0.2161689508278291,0.35839089016495757,56,0.025899486596692278,12.823253107384767,0.6275672652111327,0.8706409039629363
Non-classical Monocytes|Non-classical Monocytes|S100A8|CD69,Non-classical Monocytes,Non-classical Monocytes,S100A8,CD69,-0.08338015857610774,-0.42202259056807356,0.25526227341585805,56,0.450977856343586,12.823253107384767,0.629393892516866,0.872451106083445
Classical Monocytes|CD8 T Cells|PKM|CD44,Classical Monocytes,CD8 T Cells,PKM,CD44,0.04066783794929034,-0.12484029919117597,0.20617597508975666,56,0.05337635856226486,12.823253107384767,0.6300953684836186,0.8724662992647146
CD8 T Cells|CD4 T Cells|HLA-DPA1|CD4,CD8 T Cells,CD4 T Cells,HLA-DPA1,CD4,-0.073639948957289,-0.37325977645867303,0.22597987854409507,56,0.1563526033031547,12.823253107384767,0.6300077487954636,0.8724662992647146
B Cells|pDCs|HMGB1|CXCR4,B Cells,pDCs,HMGB1,CXCR4,-0.029299817938161637,-0.14893750859560356,0.09033787271928029,44,0.042387879244226045,10.877998116002292,0.6312244427074327,0.8728725110286764
B Cells|pDCs|LGALS1|CD69,B Cells,pDCs,LGALS1,CD69,0.06462101723321521,-0.1989340302157423,0.32817606468217275,42,0.2085135562327144,10.977367192234547,0.6308269498689149,0.8728725110286764
CD8 T Cells|CD8 T Cells|HLA-DPA1|LAG3,CD8 T Cells,CD8 T Cells,HLA-DPA1,LAG3,0.07759065902151147,-0.2398122322799921,0.39499355032301503,55,0.03499183669766692,12.658421525295251,0.6318514157615224,0.8728725110286764
Classical Monocytes|CD4 T Cells|TIMP2|CD44,Classical Monocytes,CD4 T Cells,TIMP2,CD44,0.04867510269956021,-0.15102804514825857,0.248378250547379,56,0.030849147383023245,12.823253107384767,0.6328521435622205,0.8728725110286764
CD4 T Cells|Classical Monocytes|HLA-A|APLP2,CD4 T Cells,Classical Monocytes,HLA-A,APLP2,0.003325790806691542,-0.010331235614337053,0.01698281722772014,56,0.02934305618482358,12.823253107384767,0.6331520825942081,0.8728725110286764
CD4 T Cells|NK Cells|HLA-B|CD3D,CD4 T Cells,NK Cells,HLA-B,CD3D,0.03258837903209014,-0.10114503933205474,0.166321797396235,48,0.20748033415994827,12.041919275124867,0.6329297748565643,0.8728725110286764
Classical Monocytes|pDCs|CALM1|PTPRA,Classical Monocytes,pDCs,CALM1,PTPRA,0.08290539583058446,-0.2569871420957288,0.4227979337568978,42,0.06687213872759845,10.486563748480568,0.6326021334427772,0.8728725110286764
pDCs|NK Cells|GNAS|PTGDR,pDCs,NK Cells,GNAS,PTGDR,0.050911537454668254,-0.15801499868520144,0.2598380735945379,43,0.28355961696653154,10.683833490877575,0.6329299352339057,0.8728725110286764
CD8 T Cells|NK Cells|HLA-B|CD3D,CD8 T Cells,NK Cells,HLA-B,CD3D,0.027596202534510672,-0.08591512490195885,0.1411075299709802,48,0.19171156094701292,12.041919275124867,0.6337218746080411,0.8731816669217666
Classical Monocytes|Non-classical Monocytes|ADAM10|NOTCH2,Classical Monocytes,Non-classical Monocytes,ADAM10,NOTCH2,-0.0069538778880930165,-0.03565337277560933,0.0217456169994233,56,0.025533985498782164,12.823253107384767,0.6348592426440811,0.873537105895818
Non-classical Monocytes|Classical Monocytes|MIF|CD44_CD74,Non-classical Monocytes,Classical Monocytes,MIF,CD44_CD74,-0.04643419890936966,-0.23794375741810148,0.14507535959936213,56,0.14536741144552678,12.823253107384767,0.6346294843236981,0.873537105895818
pDCs|Non-classical Monocytes|APP|LRP1,pDCs,Non-classical Monocytes,APP,LRP1,0.046413693507310526,-0.14523047444718085,0.2380578614618019,44,0.04000495878554733,10.877998116002292,0.6350168830750367,0.873537105895818
B Cells|NK Cells|PKM|CD44,B Cells,NK Cells,PKM,CD44,-0.047225512015036594,-0.2430388718476182,0.14858784781754497,56,0.08508569731238247,12.823253107384767,0.6364296771500302,0.8741411534800939
Non-classical Monocytes|pDCs|SELPLG|ITGB2,Non-classical Monocytes,pDCs,SELPLG,ITGB2,0.03799313499383777,-0.11989334685134459,0.19587961683902014,44,0.05656203852755881,10.877998116002292,0.637185597431869,0.8741411534800939
CD4 T Cells|CD8 T Cells|HLA-A|CD8B,CD4 T Cells,CD8 T Cells,HLA-A,CD8B,0.023382038812138933,-0.07361800447803289,0.12038208210231076,56,0.09395659404821444,12.823253107384767,0.6366035368974796,0.8741411534800939
Classical Monocytes|pDCs|TIMP2|CD44,Classical Monocytes,pDCs,TIMP2,CD44,0.04872039782109415,-0.15364270435262112,0.2510834999948094,44,0.07947233807187581,10.877998116002292,0.637015533018144,0.8741411534800939
Non-classical Monocytes|NK Cells|COPA|CD74,Non-classical Monocytes,NK Cells,COPA,CD74,0.04741150148751559,-0.14956502702030522,0.24438802999533638,56,0.012953881816142987,12.823253107384767,0.6371010467428178,0.8741411534800939
Classical Monocytes|Non-classical Monocytes|GRN|TNFRSF1A,Classical Monocytes,Non-classical Monocytes,GRN,TNFRSF1A,0.05628091993368616,-0.17801811870734713,0.29057995857471947,56,0.04708205467256221,12.823253107384767,0.6377817701090993,0.8744842827269094
Non-classical Monocytes|Non-classical Monocytes|VCAN|CD44,Non-classical Monocytes,Non-classical Monocytes,VCAN,CD44,-0.061391895266314306,-0.3186557241874233,0.19587193365479463,55,0.03628096773304257,12.837866108718586,0.6399891024983697,0.8756104288107094
NK Cells|pDCs|ARF6|SMAP1,NK Cells,pDCs,ARF6,SMAP1,0.06770440396767495,-0.21520598000949226,0.3506147879448422,36,0.147876441240248,9.716578034972798,0.639036227141213,0.8756104288107094
B Cells|Classical Monocytes|MIF|CD44_CD74,B Cells,Classical Monocytes,MIF,CD44_CD74,-0.04745912413071758,-0.246224073233346,0.15130582497191086,56,0.08803119225641853,12.823253107384767,0.6397983411737969,0.8756104288107094
CD8 T Cells|CD8 T Cells|HLA-E|CD8A,CD8 T Cells,CD8 T Cells,HLA-E,CD8A,-0.021802946087989675,-0.11303663028686571,0.06943073811088636,56,0.13579644559862414,12.823253107384767,0.6395053750831747,0.8756104288107094
Classical Monocytes|Non-classical Monocytes|CALR|LRP1,Classical Monocytes,Non-classical Monocytes,CALR,LRP1,0.021222907129631912,-0.06786830540007996,0.11031411965934379,56,0.05766634898070011,12.823253107384767,0.6405758705132958,0.8759389744518931
CD8 T Cells|Non-classical Monocytes|TIMP1|CD63,CD8 T Cells,Non-classical Monocytes,TIMP1,CD63,0.0593703779461147,-0.19091918617662512,0.30965994206885455,50,0.031632016284071196,12.101630309997411,0.6419910983853131,0.8769251381728034
B Cells|NK Cells|LRPAP1|SORL1,B Cells,NK Cells,LRPAP1,SORL1,0.008127555262668583,-0.02612664059351715,0.04238175111885432,55,0.018959438991010935,12.658421525295251,0.6418997940845323,0.8769251381728034
CD8 T Cells|NK Cells|SELPLG|ITGAM,CD8 T Cells,NK Cells,SELPLG,ITGAM,0.05300190518014605,-0.1707045995919704,0.27670840995226254,55,0.1316701031239753,12.96329824896671,0.6423851274643236,0.8769893123189334
CD4 T Cells|CD4 T Cells|TGFB1|ITGB1,CD4 T Cells,CD4 T Cells,TGFB1,ITGB1,-0.06801766461218947,-0.35542852091744825,0.21939319169306928,55,0.09134333653342308,12.96329824896671,0.6427635759712557,0.877032157926222
NK Cells|Classical Monocytes|PTPN6|CD300LF,NK Cells,Classical Monocytes,PTPN6,CD300LF,-0.03400385302814346,-0.17813383667037389,0.11012613061408696,51,0.07818375237315778,11.978027881857493,0.6437914009829327,0.8779605344219488
NK Cells|pDCs|CCL5|CXCR3,NK Cells,pDCs,CCL5,CXCR3,-0.05242853881156967,-0.2769484764847089,0.17209139886156952,43,0.05835974434194102,10.683833490877575,0.6471831181090211,0.8791133233511107
Non-classical Monocytes|B Cells|LGALS1|PTPRC,Non-classical Monocytes,B Cells,LGALS1,PTPRC,-0.013806350536598386,-0.07287803825130106,0.045265337178104284,56,0.02228964616720175,12.823253107384767,0.6468902106777112,0.8791133233511107
NK Cells|Non-classical Monocytes|SPON2|ITGA4,NK Cells,Non-classical Monocytes,SPON2,ITGA4,0.06377329072877985,-0.20896931932755175,0.33651590078511145,56,0.07890197791914655,12.823253107384767,0.6467490005000054,0.8791133233511107
Classical Monocytes|CD4 T Cells|SELPLG|ITGB2,Classical Monocytes,CD4 T Cells,SELPLG,ITGB2,-0.042716239000693615,-0.22598391033851467,0.14055143233712747,56,0.0880747585316577,12.823253107384767,0.6477927714141754,0.8791133233511107
Classical Monocytes|NK Cells|S100A9|ITGB2,Classical Monocytes,NK Cells,S100A9,ITGB2,6.18706233272287e-05,-0.00020281680704167565,0.00032655805369613306,56,0.14165152109980594,12.823253107384767,0.6468510647696456,0.8791133233511107
CD4 T Cells|Non-classical Monocytes|TIMP1|CD63,CD4 T Cells,Non-classical Monocytes,TIMP1,CD63,-0.0549032002405478,-0.2906889918862991,0.18088259140520352,56,0.1407632012384883,12.823253107384767,0.6481156000803796,0.8791133233511107
Non-classical Monocytes|NK Cells|HLA-B|CD3D,Non-classical Monocytes,NK Cells,HLA-B,CD3D,0.030995415698444384,-0.10121005020046403,0.1632008815973528,48,0.21084884346452348,12.041919275124867,0.645867077559627,0.8791133233511107
Classical Monocytes|pDCs|HLA-DPA1|CD4,Classical Monocytes,pDCs,HLA-DPA1,CD4,-0.0679487263523065,-0.35736502036330486,0.22146756765869188,43,0.08664746744365481,10.683833490877575,0.645403228379225,0.8791133233511107
pDCs|pDCs|S100A8|CD36,pDCs,pDCs,S100A8,CD36,-0.06223498398950934,-0.32903084661039605,0.2045608786313774,41,0.07774682928024046,10.995704939539172,0.6475292950076954,0.8791133233511107
Non-classical Monocytes|CD4 T Cells|PKM|CD44,Non-classical Monocytes,CD4 T Cells,PKM,CD44,-0.027416281986010774,-0.14409962815308752,0.08926706418106597,56,0.03565490853211317,12.823253107384767,0.6451435684162203,0.8791133233511107
Classical Monocytes|pDCs|LGALS9|CD44,Classical Monocytes,pDCs,LGALS9,CD44,0.05430999352635897,-0.17962550675977085,0.28824549381248876,44,0.023724816329164677,10.877998116002292,0.6490939279149595,0.8797172397327442
NK Cells|CD4 T Cells|HMGB1|CXCR4,NK Cells,CD4 T Cells,HMGB1,CXCR4,-0.00862333823228452,-0.0458145667305907,0.02856789026602166,56,0.10815829272774868,12.823253107384767,0.6495073212495834,0.8797172397327442
pDCs|Classical Monocytes|CD99|PILRA,pDCs,Classical Monocytes,CD99,PILRA,0.04530627993576449,-0.15029591962298341,0.2409084794945124,44,0.1315789685351706,10.877998116002292,0.6498462010084546,0.8797172397327442
NK Cells|CD8 T Cells|VIM|CD44,NK Cells,CD8 T Cells,VIM,CD44,0.0738971562219348,-0.24524595398069546,0.393040266424565,56,0.35631108357809493,12.823253107384767,0.6499533385757947,0.8797172397327442
Classical Monocytes|Classical Monocytes|ICAM1|ITGAL_ITGB2,Classical Monocytes,Classical Monocytes,ICAM1,ITGAL_ITGB2,0.07932202058222697,-0.2642107861686848,0.4228548273331388,43,0.041660581209594816,10.883029712025287,0.6508675015755448,0.8804829638551401
Non-classical Monocytes|Non-classical Monocytes|APP|NOTCH2,Non-classical Monocytes,Non-classical Monocytes,APP,NOTCH2,0.04224208505589073,-0.1425106924491814,0.22699486256096285,49,0.029429211896166763,12.767291671449737,0.654060537604913,0.8805726966711692
B Cells|pDCs|MIF|TNFRSF14,B Cells,pDCs,MIF,TNFRSF14,-0.0605350646382333,-0.3246067559866853,0.2035366267102187,44,0.11689291954543157,10.877998116002292,0.6532176188780237,0.8805726966711692
pDCs|B Cells|TNFSF13B|TNFRSF13C,pDCs,B Cells,TNFSF13B,TNFRSF13C,0.046295112694524417,-0.15653988884879547,0.24913011423784429,41,0.10923713960863735,10.575960620018982,0.6546276541470459,0.8805726966711692
Classical Monocytes|CD8 T Cells|HLA-A|CD8B,Classical Monocytes,CD8 T Cells,HLA-A,CD8B,0.03254702843000255,-0.10991995055107491,0.17501400741108003,56,0.1167511417621272,12.823253107384767,0.6543264699683895,0.8805726966711692
Classical Monocytes|CD8 T Cells|PSEN1|CD44,Classical Monocytes,CD8 T Cells,PSEN1,CD44,0.034442123917146454,-0.11617137507233452,0.18505562290662744,56,0.11760635423313048,12.823253107384767,0.6540071753168695,0.8805726966711692
Non-classical Monocytes|B Cells|S100A8|CD69,Non-classical Monocytes,B Cells,S100A8,CD69,0.013341819386496007,-0.044620215693250774,0.0713038544662428,56,0.2892215432615546,12.823253107384767,0.6518825205250758,0.8805726966711692
B Cells|pDCs|VIM|CD44,B Cells,pDCs,VIM,CD44,0.054642299735893136,-0.1830002743305649,0.2922848738023512,44,0.1754610024113047,10.877998116002292,0.6522317732291885,0.8805726966711692
NK Cells|NK Cells|HMGB1|CXCR4,NK Cells,NK Cells,HMGB1,CXCR4,0.019006718586174823,-0.06438698205843686,0.10240041923078651,56,0.18579560846221888,12.823253107384767,0.6550871979895712,0.8805726966711692
pDCs|CD8 T Cells|HLA-DPA1|LAG3,pDCs,CD8 T Cells,HLA-DPA1,LAG3,0.05235052384931799,-0.17647315083231419,0.28117419853095016,43,0.22320181936957195,10.683833490877575,0.653862632126647,0.8805726966711692
Classical Monocytes|pDCs|PKM|CD44,Classical Monocytes,pDCs,PKM,CD44,0.04110730019939544,-0.13790245243078683,0.2201170528295777,44,0.09790815305123113,10.877998116002292,0.6526522802849121,0.8805726966711692
NK Cells|CD4 T Cells|PKM|CD44,NK Cells,CD4 T Cells,PKM,CD44,-0.04835424710727469,-0.2605314533603324,0.163822959145783,56,0.14565249499331634,12.823253107384767,0.6551154213461805,0.8805726966711692
Classical Monocytes|NK Cells|HLA-B|KLRD1,Classical Monocytes,NK Cells,HLA-B,KLRD1,0.009479575869304868,-0.03168996723947701,0.05064911897808674,56,0.16186150243007658,12.823253107384767,0.6517766270855112,0.8805726966711692
Non-classical Monocytes|Classical Monocytes|GNAI2|ADCY7,Non-classical Monocytes,Classical Monocytes,GNAI2,ADCY7,-0.0420730319620722,-0.22703902082925043,0.142892956905106,56,0.014097925437510539,12.823253107384767,0.6557269213205394,0.8809260660164823
CD4 T Cells|CD8 T Cells|HLA-A|CD8A,CD4 T Cells,CD8 T Cells,HLA-A,CD8A,0.010268686581945324,-0.03505659610385722,0.055593969267747866,56,0.069163970020377,12.823253107384767,0.6570133878799425,0.8810593047838073
NK Cells|CD8 T Cells|TGFB1|CXCR4,NK Cells,CD8 T Cells,TGFB1,CXCR4,0.05132732895541068,-0.1752016588090264,0.2778563167198478,56,0.04523931079293486,12.823253107384767,0.6569760543858063,0.8810593047838073
NK Cells|CD4 T Cells|LRPAP1|SORL1,NK Cells,CD4 T Cells,LRPAP1,SORL1,0.011906935851542523,-0.04059572210606244,0.06440959380914749,56,0.053139252314240104,12.823253107384767,0.6566847913830637,0.8810593047838073
Classical Monocytes|pDCs|S100A8|CD69,Classical Monocytes,pDCs,S100A8,CD69,-0.027937740330221658,-0.1513327138765441,0.09545723321610078,44,0.0338938590910558,10.877998116002292,0.6572207319024443,0.8810593047838073
pDCs|CD8 T Cells|HLA-A|CD8A,pDCs,CD8 T Cells,HLA-A,CD8A,-0.024152055592400704,-0.131212247628823,0.08290813644402159,44,0.15051576776541864,10.877998116002292,0.6583773179228836,0.8816743414897332
CD8 T Cells|CD8 T Cells|MIF|CD44_CD74,CD8 T Cells,CD8 T Cells,MIF,CD44_CD74,-0.07007405809908739,-0.3803630771564274,0.24021496095825262,56,0.10139581701560263,12.823253107384767,0.6580347768501456,0.8816743414897332
CD8 T Cells|pDCs|CCL5|CXCR3,CD8 T Cells,pDCs,CCL5,CXCR3,-0.058510753146996886,-0.3184146690106578,0.20139316271666402,43,0.18813889903808056,10.683833490877575,0.6590421405287936,0.8818637464482417
CD4 T Cells|CD8 T Cells|TGFB1|CXCR4,CD4 T Cells,CD8 T Cells,TGFB1,CXCR4,-0.09104687904249179,-0.49569694067561254,0.3136031825906289,55,0.04032117624300724,12.96329824896671,0.6592167063873086,0.8818637464482417
Classical Monocytes|Classical Monocytes|GNAI2|FPR1,Classical Monocytes,Classical Monocytes,GNAI2,FPR1,-0.04026732368041507,-0.2197829124398566,0.13924826507902643,56,0.06972540618835443,12.823253107384767,0.6601967726475312,0.8823454051148225
Non-classical Monocytes|CD4 T Cells|HLA-DMB|CD4,Non-classical Monocytes,CD4 T Cells,HLA-DMB,CD4,-0.05678931103336422,-0.310023779290278,0.1964451572235496,56,0.08380210789704168,12.823253107384767,0.6602750934199166,0.8823454051148225
CD8 T Cells|CD4 T Cells|S100A9|ITGB2,CD8 T Cells,CD4 T Cells,S100A9,ITGB2,0.08143933638803547,-0.28400178557448363,0.44688045835055457,51,0.004332582506395677,13.035746994107193,0.6622693309444172,0.8845426000510265
CD8 T Cells|Classical Monocytes|HMGB1|CXCR4,CD8 T Cells,Classical Monocytes,HMGB1,CXCR4,-0.040339373238151593,-0.2222824859183528,0.14160373944204963,56,0.006868590257784413,12.823253107384767,0.6638877414719089,0.8858184407622419
B Cells|pDCs|HLA-DMA|CD4,B Cells,pDCs,HLA-DMA,CD4,-0.055509258324525385,-0.3059033582059624,0.19488484155691158,43,0.22308819497698318,10.683833490877575,0.6639256536619257,0.8858184407622419
Classical Monocytes|Classical Monocytes|CD99|PILRA,Classical Monocytes,Classical Monocytes,CD99,PILRA,0.05624967713358888,-0.1980541183394038,0.31055347260658156,56,0.1277439338746904,12.823253107384767,0.6646325842807081,0.886293688906253
NK Cells|CD8 T Cells|MIF|CD44_CD74,NK Cells,CD8 T Cells,MIF,CD44_CD74,-0.06103122429922192,-0.33885069840178383,0.21678824980334,56,0.10614912272593502,12.823253107384767,0.6667855855937348,0.8870263535149159
Non-classical Monocytes|B Cells|TIMP2|ITGB1,Non-classical Monocytes,B Cells,TIMP2,ITGB1,-0.04623324458782137,-0.2562532340555149,0.16378674487987221,45,0.052034968663645875,11.486669209818757,0.6661329978729944,0.8870263535149159
pDCs|CD8 T Cells|CD48|CD2,pDCs,CD8 T Cells,CD48,CD2,0.07380652434936374,-0.2622949646795796,0.40990801337830707,43,0.03583394216769886,10.975902595125358,0.6669045900200093,0.8870263535149159
Non-classical Monocytes|Classical Monocytes|VCAN|CD44,Non-classical Monocytes,Classical Monocytes,VCAN,CD44,-0.05585201813658122,-0.3095206522260975,0.197816615952935,55,0.015619339019378842,12.837866108718586,0.6660764002857507,0.8870263535149159
CD4 T Cells|NK Cells|MIF|CD44_CD74,CD4 T Cells,NK Cells,MIF,CD44_CD74,0.048744100050222144,-0.17325072747947795,0.27073892757992224,56,0.16739692398527328,12.823253107384767,0.6669371079059517,0.8870263535149159
Non-classical Monocytes|Non-classical Monocytes|LRPAP1|SORL1,Non-classical Monocytes,Non-classical Monocytes,LRPAP1,SORL1,0.01203515654470805,-0.04296851836649602,0.06703883145591212,51,0.025140300233358892,12.278467695811537,0.66803043894869,0.8880131084815043
Non-classical Monocytes|Non-classical Monocytes|CD14|ITGB2,Non-classical Monocytes,Non-classical Monocytes,CD14,ITGB2,-0.04399589270050361,-0.24539260916259442,0.1574008237615872,56,0.23991815661649474,12.823253107384767,0.6685333816529984,0.8882144350352927
pDCs|CD4 T Cells|CALM1|PTPRA,pDCs,CD4 T Cells,CALM1,PTPRA,0.04746074289284613,-0.17071368286384542,0.2656351686495377,43,0.0265924756237913,10.683833490877575,0.6698438786772158,0.8894879040553465
CD8 T Cells|NK Cells|ICAM2|ITGAL_ITGB2,CD8 T Cells,NK Cells,ICAM2,ITGAL_ITGB2,-0.0249580027905475,-0.1403390649017312,0.09042305932063621,47,0.08444429129294095,11.260230809465511,0.6715960503111889,0.8913462285380116
pDCs|Non-classical Monocytes|ANXA1|FPR1,pDCs,Non-classical Monocytes,ANXA1,FPR1,0.06504643343303508,-0.23613655858890792,0.36622942545497805,42,0.10633300343366703,10.686067420962344,0.6720814654828206,0.8915222379396786
Non-classical Monocytes|NK Cells|GNAS|PTGDR,Non-classical Monocytes,NK Cells,GNAS,PTGDR,0.049279550659624,-0.1795849698842591,0.2781440712035071,55,0.07525043604455772,12.658421525295251,0.6730080608345314,0.8922829851672931
CD4 T Cells|CD8 T Cells|HLA-C|CD8B,CD4 T Cells,CD8 T Cells,HLA-C,CD8B,0.01637619671037159,-0.0599031918465525,0.09265558526729568,56,0.06792939169975232,12.823253107384767,0.6739165545406007,0.8929968047842377
Classical Monocytes|CD8 T Cells|S100A9|ITGB2,Classical Monocytes,CD8 T Cells,S100A9,ITGB2,-0.0003314645690658674,-0.0018788818126314042,0.0012159526744996694,56,0.26346490157598546,12.823253107384767,0.6746066087586505,0.8929968047842377
CD8 T Cells|B Cells|MIF|TNFRSF14,CD8 T Cells,B Cells,MIF,TNFRSF14,0.04036200444590836,-0.1478649865048285,0.22858899539664518,56,0.03590567154721991,12.823253107384767,0.6742807816390721,0.8929968047842377
Non-classical Monocytes|CD4 T Cells|TGFB1|ITGB1,Non-classical Monocytes,CD4 T Cells,TGFB1,ITGB1,-0.04353258516218299,-0.24717987164395983,0.16011470131959388,56,0.2782007289678512,12.823253107384767,0.6752373560064102,0.8933637689152872
CD4 T Cells|CD4 T Cells|IL16|CD4,CD4 T Cells,CD4 T Cells,IL16,CD4,-0.014891405996443646,-0.08472680094968928,0.054943988956801984,56,0.017214799710020046,12.823253107384767,0.6759950224810682,0.8934306599422904
NK Cells|CD4 T Cells|HLA-DRA|CD4,NK Cells,CD4 T Cells,HLA-DRA,CD4,0.052922519068171185,-0.19514035320138864,0.300985391337731,55,0.04818544656876411,12.96329824896671,0.6758411596310996,0.8934306599422904
B Cells|B Cells|LGALS1|PTPRC,B Cells,B Cells,LGALS1,PTPRC,-0.05175184327919135,-0.29549057440831156,0.19198688784992887,53,0.10714194777996633,13.001070204273278,0.6773006167128945,0.8946882689145241
CD4 T Cells|Non-classical Monocytes|HLA-DPB1|CD4,CD4 T Cells,Non-classical Monocytes,HLA-DPB1,CD4,0.048365264057791194,-0.18053438363010255,0.27726491174568496,56,0.023589215826853915,12.823253107384767,0.6787790165780831,0.8947296134497174
Non-classical Monocytes|Classical Monocytes|APP|PTGER2,Non-classical Monocytes,Classical Monocytes,APP,PTGER2,-0.07416928535628307,-0.4265239188415563,0.27818534812899015,49,0.1141142786056294,12.767291671449737,0.6799254762169289,0.8947296134497174
Non-classical Monocytes|NK Cells|VCAN|ITGB1,Non-classical Monocytes,NK Cells,VCAN,ITGB1,0.0394628720824387,-0.14692252498230451,0.22584826914718192,55,0.08392210700893943,12.837866108718586,0.6781581312555045,0.8947296134497174
CD8 T Cells|Classical Monocytes|HMGB1|TLR2,CD8 T Cells,Classical Monocytes,HMGB1,TLR2,-0.03594157646924654,-0.2056843274135643,0.13380117447507123,56,0.10856404297140743,12.823253107384767,0.6781377897248702,0.8947296134497174
Non-classical Monocytes|CD8 T Cells|LGALS1|PTPRC,Non-classical Monocytes,CD8 T Cells,LGALS1,PTPRC,-0.00479365224590847,-0.027496214906133964,0.017908910414317025,56,0.11474031773394922,12.823253107384767,0.6789862153717465,0.8947296134497174
pDCs|NK Cells|COPA|CD74,pDCs,NK Cells,COPA,CD74,0.040229674537103965,-0.15099321643270008,0.23145256550690801,43,0.02365853727534717,10.683833490877575,0.6800907463392394,0.8947296134497174
Classical Monocytes|B Cells|TGFB1|CXCR4,Classical Monocytes,B Cells,TGFB1,CXCR4,0.06743605892310017,-0.2521947839714751,0.38706690181767545,55,0.1444014123995938,12.96329824896671,0.6792291085495035,0.8947296134497174
Non-classical Monocytes|B Cells|S100A8|ITGB2,Non-classical Monocytes,B Cells,S100A8,ITGB2,-0.06011231326715144,-0.34591265917201486,0.22568803263771198,56,0.41352700946052345,12.823253107384767,0.680164458819512,0.8947296134497174
Classical Monocytes|NK Cells|LGALS1|CD69,Classical Monocytes,NK Cells,LGALS1,CD69,0.0036205071007228,-0.013635815017250561,0.02087682921869616,56,0.11659094135915993,12.823253107384767,0.6809146768433905,0.8952504622181309
Classical Monocytes|CD4 T Cells|TNFSF13B|HLA-DPB1,Classical Monocytes,CD4 T Cells,TNFSF13B,HLA-DPB1,-0.05847852169538148,-0.33815855991906313,0.22120151652830017,56,0.016283488169664073,12.823253107384767,0.6819450154257689,0.8957383959015068
Classical Monocytes|CD8 T Cells|TGFB1|CXCR4,Classical Monocytes,CD8 T Cells,TGFB1,CXCR4,0.0696150818562623,-0.2633818542776955,0.4026120179902201,55,0.019235031556690374,12.96329824896671,0.6819947264402451,0.8957383959015068
NK Cells|CD8 T Cells|SELPLG|ITGB2,NK Cells,CD8 T Cells,SELPLG,ITGB2,-0.04603079149556422,-0.2671166850180606,0.1750551020269321,56,0.12361240449191002,12.823253107384767,0.6832217099091455,0.8968837719170965
B Cells|Non-classical Monocytes|LGALS1|ITGB1,B Cells,Non-classical Monocytes,LGALS1,ITGB1,-0.04853655826533601,-0.28331197764495686,0.18623886111428486,53,0.24242290416350742,13.001070204273278,0.6853339293097925,0.8991894285388607
pDCs|Non-classical Monocytes|APP|NOTCH2,pDCs,Non-classical Monocytes,APP,NOTCH2,-0.03299887758222422,-0.19308862967066942,0.12709087450622097,44,0.0770808070685628,10.877998116002292,0.6862111034579018,0.8998730972693917
Classical Monocytes|Non-classical Monocytes|LGALS9|CD47,Classical Monocytes,Non-classical Monocytes,LGALS9,CD47,0.0409750624608288,-0.15845709839644656,0.24040722331810416,56,0.10950687308567719,12.823253107384767,0.6871751483336122,0.9000392119636694
pDCs|CD8 T Cells|S100A8|CD69,pDCs,CD8 T Cells,S100A8,CD69,0.05948700900845799,-0.22996439095987492,0.3489384089767909,42,0.3927135199601153,10.977367192234547,0.6870918756593372,0.9000392119636694
CD4 T Cells|B Cells|TGFB1|CXCR4,CD4 T Cells,B Cells,TGFB1,CXCR4,-0.08088073783579333,-0.47484750776624407,0.31308603209465746,55,0.12651872723894064,12.96329824896671,0.6874062837712236,0.9000392119636694
NK Cells|Non-classical Monocytes|HLA-DPA1|CD4,NK Cells,Non-classical Monocytes,HLA-DPA1,CD4,0.04672606090587639,-0.18145117408099243,0.2749032958927452,56,0.08370365733854146,12.823253107384767,0.6881545092303725,0.9005522759322379
CD8 T Cells|NK Cells|TNF|TNFRSF1B,CD8 T Cells,NK Cells,TNF,TNFRSF1B,-0.030908626225408714,-0.18284015273489534,0.12102290028407792,43,0.037672622065133776,11.350171955988852,0.690091497532109,0.9016862534972282
pDCs|Classical Monocytes|HLA-DMA|CD4,pDCs,Classical Monocytes,HLA-DMA,CD4,-0.04430358627822967,-0.2616514432473832,0.1730442706909239,44,0.21460049075252097,10.877998116002292,0.6895147753185985,0.9016862534972282
B Cells|CD8 T Cells|HLA-F|CD8B,B Cells,CD8 T Cells,HLA-F,CD8B,0.04798548752823499,-0.187887178932161,0.28385815398863096,56,0.09593718035580834,12.823253107384767,0.6900911635779963,0.9016862534972282
CD8 T Cells|Classical Monocytes|MIF|TNFRSF14,CD8 T Cells,Classical Monocytes,MIF,TNFRSF14,0.0631653629433278,-0.2479985633710946,0.3743292892577502,56,0.13182634624560396,12.823253107384767,0.6907282771751977,0.902051863783837
Non-classical Monocytes|Classical Monocytes|S100A9|CD36,Non-classical Monocytes,Classical Monocytes,S100A9,CD36,-0.03253078205920532,-0.20058256532444577,0.13552100120603514,56,0.3183410697403304,12.823253107384767,0.7043894603712801,0.9035493230244797
B Cells|NK Cells|HLA-B|KLRD1,B Cells,NK Cells,HLA-B,KLRD1,0.007243844040415129,-0.0292238632906305,0.04371155137146076,56,0.1450143890221961,12.823253107384767,0.6970381124807916,0.9035493230244797
CD4 T Cells|NK Cells|HMGB1|CXCR4,CD4 T Cells,NK Cells,HMGB1,CXCR4,0.020667717035040542,-0.08429168108905795,0.12562711515913905,56,0.22077911864306865,12.823253107384767,0.699541451879399,0.9035493230244797
CD8 T Cells|Non-classical Monocytes|HLA-DPA1|CD4,CD8 T Cells,Non-classical Monocytes,HLA-DPA1,CD4,0.032162719862042215,-0.1309332094752322,0.19525864919931665,56,0.020145518163726894,12.823253107384767,0.6991209732531571,0.9035493230244797
Classical Monocytes|NK Cells|SELPLG|SELL,Classical Monocytes,NK Cells,SELPLG,SELL,-0.052689688814687705,-0.3147653812213293,0.20938600359195386,56,0.05022583889399879,12.823253107384767,0.6935470380467541,0.9035493230244797
Classical Monocytes|NK Cells|ADAM10|CD44,Classical Monocytes,NK Cells,ADAM10,CD44,0.06212241645225122,-0.24586960388995657,0.370114436794459,56,0.16200542674993956,12.823253107384767,0.6926012464066964,0.9035493230244797
NK Cells|Classical Monocytes|IFNG|IFNGR1_IFNGR2,NK Cells,Classical Monocytes,IFNG,IFNGR1_IFNGR2,0.04149567216591628,-0.17026704987263674,0.2532583942044693,49,0.18560926534750255,12.301314433257074,0.7009324658067881,0.9035493230244797
B Cells|Non-classical Monocytes|HLA-F|LILRB1,B Cells,Non-classical Monocytes,HLA-F,LILRB1,-0.04906903064403598,-0.29937671670449706,0.20123865541642508,56,0.07468083713565132,12.823253107384767,0.7008144672779923,0.9035493230244797
Non-classical Monocytes|Non-classical Monocytes|ADAM17|IL6R,Non-classical Monocytes,Non-classical Monocytes,ADAM17,IL6R,0.04494288027260515,-0.18645908332487685,0.2763448438700872,43,0.02750095329249813,11.394342458993984,0.7034524900051979,0.9035493230244797
CD8 T Cells|CD8 T Cells|HLA-A|CD8B,CD8 T Cells,CD8 T Cells,HLA-A,CD8B,0.01636797095771396,-0.0658845087498059,0.09862045066523382,56,0.09493402201712386,12.823253107384767,0.6965170701254686,0.9035493230244797
pDCs|CD8 T Cells|HLA-DQA1|LAG3,pDCs,CD8 T Cells,HLA-DQA1,LAG3,0.04101496354029069,-0.16887917817226725,0.2509091052528486,42,0.13502682955421796,10.777553792320838,0.70172543348722,0.9035493230244797
NK Cells|Non-classical Monocytes|LGALS1|PTPRC,NK Cells,Non-classical Monocytes,LGALS1,PTPRC,0.02597412920679676,-0.10745693278113078,0.1594051911947243,56,0.00845869747239092,12.823253107384767,0.7028077647184707,0.9035493230244797
Classical Monocytes|CD4 T Cells|LGALS1|CD69,Classical Monocytes,CD4 T Cells,LGALS1,CD69,0.0008280851599769407,-0.003298113479736094,0.004954283799689975,56,0.08149839105675416,12.823253107384767,0.6940651360047148,0.9035493230244797
Non-classical Monocytes|CD8 T Cells|HLA-C|CD8B,Non-classical Monocytes,CD8 T Cells,HLA-C,CD8B,0.016066775917572926,-0.06607291440548829,0.09820646624063414,56,0.05193861325175353,12.823253107384767,0.7014417517723323,0.9035493230244797
Non-classical Monocytes|Non-classical Monocytes|PTPN6|CLEC12A,Non-classical Monocytes,Non-classical Monocytes,PTPN6,CLEC12A,-0.061850235295981215,-0.37687770857164815,0.2531772379796857,56,0.005103432972039523,12.823253107384767,0.7003816903326336,0.9035493230244797
pDCs|CD4 T Cells|LGALS1|PTPRC,pDCs,CD4 T Cells,LGALS1,PTPRC,-0.02819103175728742,-0.17299687086622395,0.11661480735164913,44,0.08630471975094489,10.877998116002292,0.70278114486208,0.9035493230244797
Classical Monocytes|CD8 T Cells|LGALS9|CD44,Classical Monocytes,CD8 T Cells,LGALS9,CD44,-0.03957631125171179,-0.2411146620664132,0.1619620395629896,56,0.13461477940318267,12.823253107384767,0.7003260881769,0.9035493230244797
CD4 T Cells|B Cells|LGALS1|PTPRC,CD4 T Cells,B Cells,LGALS1,PTPRC,0.05188810753060247,-0.20757409559128048,0.3113503106524854,56,0.15528231601872056,12.823253107384767,0.6950877211418129,0.9035493230244797
Non-classical Monocytes|NK Cells|CD14|ITGB1,Non-classical Monocytes,NK Cells,CD14,ITGB1,-0.05664905948007412,-0.3391967296634324,0.22589861070328413,56,0.00942413624174454,12.823253107384767,0.6943485444814815,0.9035493230244797
CD4 T Cells|pDCs|LGALS1|ITGB1,CD4 T Cells,pDCs,LGALS1,ITGB1,0.04178919104797206,-0.16965875155763138,0.2532371336535755,44,0.21947132086005472,10.877998116002292,0.6984937927392145,0.9035493230244797
pDCs|Classical Monocytes|HLA-A|APLP2,pDCs,Classical Monocytes,HLA-A,APLP2,-0.012468268525205106,-0.07425492049428264,0.04931838344387243,44,0.11294059179093852,10.877998116002292,0.6924651274466394,0.9035493230244797
CD4 T Cells|Non-classical Monocytes|SELPLG|ITGB2,CD4 T Cells,Non-classical Monocytes,SELPLG,ITGB2,-0.03417771525791859,-0.20482909560683543,0.13647366509099823,56,0.025133397941494495,12.823253107384767,0.69466100188095,0.9035493230244797
Classical Monocytes|Non-classical Monocytes|RETN|CAP1,Classical Monocytes,Non-classical Monocytes,RETN,CAP1,0.06101554105561788,-0.24720350406701627,0.369234586178252,55,0.0056869574932977285,12.658421525295251,0.6980177780225479,0.9035493230244797
pDCs|Classical Monocytes|LGALS9|CD47,pDCs,Classical Monocytes,LGALS9,CD47,0.03853929496973271,-0.16054317684793074,0.23762176678739616,43,0.27229917851647567,10.683833490877575,0.7043769010967149,0.9035493230244797
pDCs|Classical Monocytes|LGALS1|CD69,pDCs,Classical Monocytes,LGALS1,CD69,-0.05290442537121551,-0.3173695613947437,0.21156071065231272,43,0.007537000668500604,10.975902595125358,0.6950011221510152,0.9035493230244797
pDCs|pDCs|LILRB4|LAIR1,pDCs,pDCs,LILRB4,LAIR1,0.0448539784531419,-0.18064113668148682,0.2703490935877706,42,0.01618207011094841,10.486563748480568,0.696637919756266,0.9035493230244797
CD8 T Cells|Non-classical Monocytes|TNF|TRADD,CD8 T Cells,Non-classical Monocytes,TNF,TRADD,-0.06010766166510395,-0.36910877058243663,0.24889344725222873,43,0.09755578990316427,11.350171955988852,0.7030125182759166,0.9035493230244797
Non-classical Monocytes|CD4 T Cells|S100A8|CD69,Non-classical Monocytes,CD4 T Cells,S100A8,CD69,0.013270282242327777,-0.053383525153606545,0.0799240896382621,56,0.32858919773186257,12.823253107384767,0.6963780165568731,0.9035493230244797
Classical Monocytes|CD8 T Cells|IL1B|SIGIRR,Classical Monocytes,CD8 T Cells,IL1B,SIGIRR,-0.04930119001705813,-0.3038463951355519,0.20524401510143564,56,0.1000920967858322,12.823253107384767,0.7042330363916773,0.9035493230244797
CD8 T Cells|Non-classical Monocytes|SELPLG|ITGB2,CD8 T Cells,Non-classical Monocytes,SELPLG,ITGB2,-0.030979109331506383,-0.18816007161776607,0.1262018529547533,56,0.05615920913116512,12.823253107384767,0.6992795282024935,0.9035493230244797
pDCs|Classical Monocytes|S100A8|CD69,pDCs,Classical Monocytes,S100A8,CD69,-0.04846721977179742,-0.2965567750597645,0.19962233551616965,41,0.31762503414144283,11.135992295959353,0.7017923737418021,0.9035493230244797
CD4 T Cells|NK Cells|TGFB1|CXCR4,CD4 T Cells,NK Cells,TGFB1,CXCR4,0.057723420977860485,-0.23655529550971083,0.3520021374654318,55,0.21795582127158142,12.96329824896671,0.7006440069943267,0.9035493230244797
NK Cells|pDCs|CALM1|PTPRA,NK Cells,pDCs,CALM1,PTPRA,-0.045544023656711424,-0.2794920560713682,0.1884040087579453,42,0.031627822004727246,10.486563748480568,0.702789550878524,0.9035493230244797
pDCs|pDCs|GNAI2|CXCR3,pDCs,pDCs,GNAI2,CXCR3,-0.052996650077865,-0.32517836313632076,0.2191850629805908,43,0.016776099219209306,10.683833490877575,0.7027390494848608,0.9035493230244797
pDCs|CD4 T Cells|S100A8|ITGB2,pDCs,CD4 T Cells,S100A8,ITGB2,0.05942872545286994,-0.2407669098042164,0.35962436070995624,42,0.05746478284651024,10.977367192234547,0.6980104745352451,0.9035493230244797
CD8 T Cells|NK Cells|HMGB1|CXCR4,CD8 T Cells,NK Cells,HMGB1,CXCR4,0.01819891076613235,-0.07617352280957825,0.11257134434184295,56,0.2237562531953664,12.823253107384767,0.7054586979409987,0.9040031083655699
Non-classical Monocytes|CD4 T Cells|APP|PTGER2,Non-classical Monocytes,CD4 T Cells,APP,PTGER2,-0.04459709402782949,-0.27583027443495833,0.18663608637929935,48,0.018285524302904865,12.58633124144209,0.7054223827369422,0.9040031083655699
Classical Monocytes|B Cells|APP|CD74,Classical Monocytes,B Cells,APP,CD74,-0.011429544379752077,-0.07087596037132371,0.04801687161181955,55,0.14580409977753328,12.658421525295251,0.7062961639796652,0.9044434702466048
pDCs|Non-classical Monocytes|HMGB1|HAVCR2,pDCs,Non-classical Monocytes,HMGB1,HAVCR2,0.03293635442522012,-0.13892147202636998,0.2047941808768102,41,0.22654797945293625,10.286080250568475,0.7071958217178015,0.9044434702466048
Non-classical Monocytes|B Cells|ADAM15|ITGB1,Non-classical Monocytes,B Cells,ADAM15,ITGB1,-0.05995678229436488,-0.372118161324436,0.25220459673570617,41,0.038871852058426914,11.601240966202631,0.7065824213711465,0.9044434702466048
Non-classical Monocytes|Classical Monocytes|ICAM1|SPN,Non-classical Monocytes,Classical Monocytes,ICAM1,SPN,0.05209417995523885,-0.2197639661306547,0.3239523260411324,45,0.07388187548856051,11.26770437170979,0.7072339917717811,0.9044434702466048
B Cells|CD8 T Cells|HLA-DRB1|LAG3,B Cells,CD8 T Cells,HLA-DRB1,LAG3,0.041575496195314476,-0.17568372509575,0.258834717486379,55,0.3630535051646784,12.658421525295251,0.7076116285439227,0.9044686825141591
CD8 T Cells|CD4 T Cells|HMGB1|CXCR4,CD8 T Cells,CD4 T Cells,HMGB1,CXCR4,-0.008242786624678353,-0.05138651328354694,0.03490094003419023,56,0.15215785830348205,12.823253107384767,0.7080627137019272,0.9045877035008948
Classical Monocytes|NK Cells|SELPLG|ITGB2,Classical Monocytes,NK Cells,SELPLG,ITGB2,-0.0418392724306693,-0.2617051371468103,0.17802659228547169,56,0.1539506050580206,12.823253107384767,0.7091704486691333,0.9053951115625596
CD4 T Cells|CD8 T Cells|HLA-B|CD8A,CD4 T Cells,CD8 T Cells,HLA-B,CD8A,-0.006628162761371834,-0.04148947906278237,0.028233153540038705,56,0.06076469137266327,12.823253107384767,0.7094112864637389,0.9053951115625596
Non-classical Monocytes|NK Cells|LGALS1|CD69,Non-classical Monocytes,NK Cells,LGALS1,CD69,0.004869847815480027,-0.02092076723907957,0.030660462870039623,56,0.17856644614578487,12.823253107384767,0.7113189687803732,0.906462965741707
Non-classical Monocytes|pDCs|SECTM1|CD7,Non-classical Monocytes,pDCs,SECTM1,CD7,0.041174107350113384,-0.1767452391483646,0.25909345384859134,41,0.011834816103740708,10.286080250568475,0.711144500570936,0.906462965741707
Non-classical Monocytes|NK Cells|ADAM15|ITGB1,Non-classical Monocytes,NK Cells,ADAM15,ITGB1,0.05450239654601094,-0.23414658426894233,0.34315137736096424,52,0.33761579123088536,12.746815901557841,0.7113241238883281,0.906462965741707
Non-classical Monocytes|Non-classical Monocytes|APP|LRP10,Non-classical Monocytes,Non-classical Monocytes,APP,LRP10,0.07446069608375155,-0.321382165648034,0.4703035578155371,49,0.025676674453646076,12.767291671449737,0.7123644945863745,0.9070014355320026
pDCs|CD4 T Cells|LGALS1|ITGB1,pDCs,CD4 T Cells,LGALS1,ITGB1,-0.04704775155825845,-0.29725085204650575,0.20315534892998882,44,0.12247312081681916,10.877998116002292,0.7124645229643947,0.9070014355320026
Non-classical Monocytes|pDCs|ICAM1|IL2RG,Non-classical Monocytes,pDCs,ICAM1,IL2RG,-0.053995949219886145,-0.343271955705905,0.2352800572661327,37,0.10577979746576938,9.869819187724579,0.7144809061479906,0.9073298415506091
CD4 T Cells|CD4 T Cells|CD40LG|CD53,CD4 T Cells,CD4 T Cells,CD40LG,CD53,-0.031094068090797587,-0.1976988304618469,0.1355106942802517,56,0.043505208138539864,12.823253107384767,0.7145177620442075,0.9073298415506091
pDCs|CD8 T Cells|HLA-DRB5|LAG3,pDCs,CD8 T Cells,HLA-DRB5,LAG3,-0.061237723170060876,-0.38791855490219934,0.2654431085620776,38,0.026926950734021404,10.151692396693102,0.7133179449420968,0.9073298415506091
NK Cells|NK Cells|ICAM2|ITGAM_ITGB2,NK Cells,NK Cells,ICAM2,ITGAM_ITGB2,-0.04539161157274577,-0.2882661498874632,0.19748292674197165,54,0.011351661080245656,12.79531477744459,0.714138217500991,0.9073298415506091
NK Cells|pDCs|GNAS|ADCY7,NK Cells,pDCs,GNAS,ADCY7,-0.03171046594570058,-0.2011107210476228,0.13768978915622165,34,0.058115580965954816,10.015665273394857,0.713700579554019,0.9073298415506091
Classical Monocytes|CD4 T Cells|ARF6|SMAP1,Classical Monocytes,CD4 T Cells,ARF6,SMAP1,-0.03865076036195747,-0.24659681055797592,0.16929528983406097,55,0.1310568099212659,12.658421525295251,0.7156363258895451,0.9082938199512207
Classical Monocytes|Non-classical Monocytes|PTPN6|CLEC12A,Classical Monocytes,Non-classical Monocytes,PTPN6,CLEC12A,-0.045948774548806554,-0.29462955296451343,0.2027320038669003,56,0.01311358036611543,12.823253107384767,0.7172453519101745,0.9098790182113509
pDCs|Classical Monocytes|ICAM3|ITGAL,pDCs,Classical Monocytes,ICAM3,ITGAL,-0.038105896900177016,-0.24472039737462747,0.16850860357427344,43,0.050480863090116235,10.683833490877575,0.7177436345599553,0.9100542722192709
Non-classical Monocytes|Non-classical Monocytes|LRPAP1|LRP1,Non-classical Monocytes,Non-classical Monocytes,LRPAP1,LRP1,0.016639462468306335,-0.07373622675783366,0.10701515169444632,56,0.09805424929588957,12.823253107384767,0.7182059603288525,0.9101837822221718
Classical Monocytes|Non-classical Monocytes|LGALS1|CD69,Classical Monocytes,Non-classical Monocytes,LGALS1,CD69,0.024329127871228692,-0.10914292458964399,0.1578011803321014,56,0.07187673004296402,12.823253107384767,0.7208972340539592,0.9131364964683484
pDCs|Non-classical Monocytes|LGALS1|ITGB1,pDCs,Non-classical Monocytes,LGALS1,ITGB1,0.04388311765093393,-0.19910407730611612,0.28687031260798396,44,0.17118679727992148,10.877998116002292,0.7233639793018936,0.9148852731210635
pDCs|pDCs|HMGB1|CXCR4,pDCs,pDCs,HMGB1,CXCR4,0.014014651010234497,-0.06351202780785437,0.09154132982832336,44,0.11525669533418803,10.877998116002292,0.723109148612469,0.9148852731210635
Non-classical Monocytes|CD8 T Cells|HLA-B|CD8A,Non-classical Monocytes,CD8 T Cells,HLA-B,CD8A,-0.0064432751830820895,-0.04206153055443868,0.029174980188274503,56,0.08590686697854988,12.823253107384767,0.7229239028114363,0.9148852731210635
Classical Monocytes|Non-classical Monocytes|MIF|CD74_CXCR4,Classical Monocytes,Non-classical Monocytes,MIF,CD74_CXCR4,-0.04644714151706323,-0.3048603753471912,0.2119660923130647,56,0.07323069417410555,12.823253107384767,0.7246256434190541,0.9155645004599748
Classical Monocytes|Classical Monocytes|TIMP1|CD63,Classical Monocytes,Classical Monocytes,TIMP1,CD63,0.04249778692270454,-0.1937128909951366,0.2787084648405457,56,0.19790196965013618,12.823253107384767,0.7243685088139364,0.9155645004599748
Classical Monocytes|CD4 T Cells|ADAM15|ITGB1,Classical Monocytes,CD4 T Cells,ADAM15,ITGB1,-0.02976943893725621,-0.19684796296851537,0.13730908509400297,53,0.15594062194178504,12.502764428486943,0.7269247545282824,0.9180104221354171
Classical Monocytes|CD8 T Cells|HLA-B|CD3D,Classical Monocytes,CD8 T Cells,HLA-B,CD3D,-0.0006501870177094693,-0.0043304847417783635,0.0030301107063594253,56,0.048379025223973304,12.823253107384767,0.7291466635569093,0.9181196553372093
CD8 T Cells|pDCs|S100A9|CD36,CD8 T Cells,pDCs,S100A9,CD36,-0.04956927365725355,-0.33012847440644794,0.23098992709194083,40,0.15036773431259953,11.149007498157456,0.7291270718568617,0.9181196553372093
Classical Monocytes|CD8 T Cells|CALM1|PTPRA,Classical Monocytes,CD8 T Cells,CALM1,PTPRA,-0.047175122187060714,-0.314065905346262,0.21971566097214057,55,0.03645117905841866,12.658421525295251,0.7290123569199306,0.9181196553372093
Non-classical Monocytes|pDCs|ARF6|SMAP1,Non-classical Monocytes,pDCs,ARF6,SMAP1,0.045028669939060774,-0.2102502706977704,0.30030761057589195,36,0.22533959935890258,9.716578034972798,0.7295545183684671,0.9181196553372093
NK Cells|NK Cells|ICAM2|ITGAL_ITGB2,NK Cells,NK Cells,ICAM2,ITGAL_ITGB2,-0.023257396549264685,-0.1543815808703635,0.10786678777183413,55,0.1733722277181664,12.658421525295251,0.7281125774372581,0.9181196553372093
pDCs|B Cells|MIF|CD44_CD74,pDCs,B Cells,MIF,CD44_CD74,-0.044107989021750706,-0.2938612194618359,0.2056452414183345,44,0.003828264189157604,10.877998116002292,0.7292360391022584,0.9181196553372093
CD8 T Cells|Classical Monocytes|GNAI2|FPR1,CD8 T Cells,Classical Monocytes,GNAI2,FPR1,-0.03621493528118929,-0.2402675246725675,0.16783765411018892,56,0.008053982569527718,12.823253107384767,0.7279518226327746,0.9181196553372093
Non-classical Monocytes|Non-classical Monocytes|IL16|CD4,Non-classical Monocytes,Non-classical Monocytes,IL16,CD4,-0.024428170277764408,-0.16341865608989004,0.11456231553436123,53,0.06139794008172439,12.322582179956465,0.7304913317824981,0.9187620416468407
NK Cells|NK Cells|MIF|CD74_CXCR4,NK Cells,NK Cells,MIF,CD74_CXCR4,0.06379824033668265,-0.2996205994590516,0.4272170801324169,56,0.09282617955541095,12.823253107384767,0.7307921265176691,0.9187620416468407
pDCs|pDCs|HLA-DMB|CD4,pDCs,pDCs,HLA-DMB,CD4,0.04602523561845956,-0.22079128040899054,0.31284175164590966,43,0.1380867198497716,10.683833490877575,0.7352959075971538,0.9198479002465384
CD8 T Cells|B Cells|LTB|CD40,CD8 T Cells,B Cells,LTB,CD40,-0.049679932484433705,-0.33662449626945445,0.23726463130058706,56,0.21184668609567137,12.823253107384767,0.7343559486186944,0.9198479002465384
Classical Monocytes|CD4 T Cells|LGALS9|CD47,Classical Monocytes,CD4 T Cells,LGALS9,CD47,0.030992808584780034,-0.1478432915730061,0.20982890874256618,56,0.07160935965130344,12.823253107384767,0.7341070338138065,0.9198479002465384
NK Cells|CD8 T Cells|HMGB1|CXCR4,NK Cells,CD8 T Cells,HMGB1,CXCR4,-0.00664418563903843,-0.045130023966706664,0.031841652688629804,56,0.10329927954759222,12.823253107384767,0.735086112519054,0.9198479002465384
Classical Monocytes|B Cells|LGALS1|CD69,Classical Monocytes,B Cells,LGALS1,CD69,0.000750546665734611,-0.003571509638963185,0.005072602970432407,56,0.022029306394565906,12.823253107384767,0.7335872932500775,0.9198479002465384
CD4 T Cells|Classical Monocytes|MIF|CD74_CXCR4,CD4 T Cells,Classical Monocytes,MIF,CD74_CXCR4,0.05895743001461949,-0.2799586567364777,0.3978735167657167,56,0.11974057182985531,12.823253107384767,0.7331390023963338,0.9198479002465384
Non-classical Monocytes|NK Cells|TNFSF13B|HLA-DPB1,Non-classical Monocytes,NK Cells,TNFSF13B,HLA-DPB1,-0.06059949280171996,-0.41159890229884105,0.29039991669540116,56,0.05701238659748642,12.823253107384767,0.7350733164259767,0.9198479002465384
pDCs|CD8 T Cells|HLA-F|CD8A,pDCs,CD8 T Cells,HLA-F,CD8A,0.046574834705061796,-0.2219303156905672,0.3150799851006908,44,0.008918697721252866,10.877998116002292,0.7338754667684091,0.9198479002465384
NK Cells|Non-classical Monocytes|HLA-DPB1|CD4,NK Cells,Non-classical Monocytes,HLA-DPB1,CD4,-0.0450535946304762,-0.305646986961507,0.2155397977005546,56,0.11356060235618659,12.823253107384767,0.7347188243590854,0.9198479002465384
Classical Monocytes|CD8 T Cells|HLA-B|CD8A,Classical Monocytes,CD8 T Cells,HLA-B,CD8A,-0.008981398532784887,-0.06080045676984588,0.0428376597042761,56,0.14187315811563772,12.823253107384767,0.7340783402428145,0.9198479002465384
Non-classical Monocytes|Non-classical Monocytes|HMGB1|HAVCR2,Non-classical Monocytes,Non-classical Monocytes,HMGB1,HAVCR2,0.035750262800224766,-0.1723681658400335,0.24386869144048307,53,0.0324045074450412,12.322582179956465,0.7363584497532794,0.9203188673934428
NK Cells|pDCs|IL16|CD4,NK Cells,pDCs,IL16,CD4,-0.042225570209662916,-0.2880806801000258,0.20362953968069997,43,0.05379170943435574,10.683833490877575,0.7364007716143812,0.9203188673934428
NK Cells|CD8 T Cells|HLA-A|CD8B,NK Cells,CD8 T Cells,HLA-A,CD8B,0.012906886647052834,-0.06308671012366285,0.08890048341776852,56,0.08861306829611071,12.823253107384767,0.7392220410485869,0.9229318664672822
Non-classical Monocytes|NK Cells|CD14|ITGA4,Non-classical Monocytes,NK Cells,CD14,ITGA4,0.05703814415118401,-0.2786211117582315,0.39269740006059956,56,0.128275627348597,12.823253107384767,0.7390934081227092,0.9229318664672822
Non-classical Monocytes|Classical Monocytes|LGALS9|CD47,Non-classical Monocytes,Classical Monocytes,LGALS9,CD47,-0.03114034381295977,-0.21663027766394533,0.15434959003802579,56,0.05346049244856976,12.823253107384767,0.7421240504172428,0.9260975187182087
CD8 T Cells|Non-classical Monocytes|HLA-DRA|CD4,CD8 T Cells,Non-classical Monocytes,HLA-DRA,CD4,-0.04139636540291839,-0.2883976169386439,0.20560488613280714,56,0.07518308668710627,12.823253107384767,0.7425474961886537,0.9261685700240512
Classical Monocytes|NK Cells|PKM|CD44,Classical Monocytes,NK Cells,PKM,CD44,-0.04059738997855564,-0.28413072290276253,0.20293594294565126,56,0.20516317327755107,12.823253107384767,0.7438728023758893,0.9273638735095571
pDCs|NK Cells|HLA-F|CD8A,pDCs,NK Cells,HLA-F,CD8A,0.03770900532654156,-0.19072858603522952,0.26614659668831264,31,0.26855464046648736,8.73846100033619,0.7462876650923547,0.9299156458029488
CD4 T Cells|B Cells|MIF|CD44_CD74,CD4 T Cells,B Cells,MIF,CD44_CD74,-0.031059613545932722,-0.21995588939892663,0.15783666230706117,56,0.016058103398784107,12.823253107384767,0.7472476726327844,0.930652966359313
pDCs|pDCs|MIF|TNFRSF14,pDCs,pDCs,MIF,TNFRSF14,0.04342488761409756,-0.2213339744956856,0.30818374972388074,44,0.14181968098614062,10.877998116002292,0.7478565775305989,0.9306881205762658
NK Cells|Non-classical Monocytes|CALM1|PTPRA,NK Cells,Non-classical Monocytes,CALM1,PTPRA,0.03621083826857402,-0.18470581670132205,0.25712749323847006,51,0.04090052493137397,11.978027881857493,0.7480124942185975,0.9306881205762658
pDCs|NK Cells|MIF|CD44_CD74,pDCs,NK Cells,MIF,CD44_CD74,0.037828577451533354,-0.19377340133945847,0.26943055624252515,44,0.14337929225796386,10.877998116002292,0.7488700860396003,0.9310145257845627
Classical Monocytes|Non-classical Monocytes|CALM1|PTPRA,Classical Monocytes,Non-classical Monocytes,CALM1,PTPRA,0.05406054083750454,-0.27711337667335373,0.38523445834836284,51,0.045639429006419374,11.978027881857493,0.7490116861575054,0.9310145257845627
Non-classical Monocytes|pDCs|TGFB1|CXCR4,Non-classical Monocytes,pDCs,TGFB1,CXCR4,-0.04501453715387074,-0.32156458447934355,0.2315355101716021,44,0.1792065851874668,10.877998116002292,0.7497062041486708,0.9314196548100743
Non-classical Monocytes|CD4 T Cells|VCAN|ITGA4,Non-classical Monocytes,CD4 T Cells,VCAN,ITGA4,-0.041245760691190014,-0.29655737208363914,0.2140658507012591,55,0.11637339384020595,12.837866108718586,0.7515217241792331,0.9332164113026644
Non-classical Monocytes|B Cells|HBEGF|CD44,Non-classical Monocytes,B Cells,HBEGF,CD44,-0.04662678191685245,-0.3384431191598085,0.24518955532610365,45,0.18830408319542313,11.486669209818757,0.7541549173372547,0.9355667531228486
Non-classical Monocytes|pDCs|TNFSF13B|TFRC,Non-classical Monocytes,pDCs,TNFSF13B,TFRC,-0.045794131920622795,-0.33222518804954326,0.24063692420829766,38,0.05734784588476971,10.08428638712406,0.7540103170227022,0.9355667531228486
CD8 T Cells|CD8 T Cells|PKM|CD44,CD8 T Cells,CD8 T Cells,PKM,CD44,-0.03261560689839833,-0.23863182658518917,0.17340061278839253,56,0.14522059949741795,12.823253107384767,0.756338065254422,0.9378146667801396
Non-classical Monocytes|CD8 T Cells|TIMP2|ITGB1,Non-classical Monocytes,CD8 T Cells,TIMP2,ITGB1,-0.032676481427851775,-0.23955365340818502,0.17420069055248144,56,0.244458424263575,12.823253107384767,0.7568815001860507,0.9380282250957087
Non-classical Monocytes|Non-classical Monocytes|S100A8|CD36,Non-classical Monocytes,Non-classical Monocytes,S100A8,CD36,0.04807777963864041,-0.2572773171135471,0.35343287639082793,56,0.4339339903339563,12.823253107384767,0.7576304707123823,0.9382016405900306
CD4 T Cells|Non-classical Monocytes|HMGB1|CXCR4,CD4 T Cells,Non-classical Monocytes,HMGB1,CXCR4,0.026485392620616735,-0.1418262661622205,0.194797051403454,56,0.039049270201069186,12.823253107384767,0.7577639685177098,0.9382016405900306
CD8 T Cells|CD4 T Cells|MIF|CD44_CD74,CD8 T Cells,CD4 T Cells,MIF,CD44_CD74,-0.05769696205131816,-0.425536967912175,0.3101430438095387,56,0.03200981626279764,12.823253107384767,0.7585183419991796,0.9382162751991809
Non-classical Monocytes|CD8 T Cells|ICAM2|ITGAL_ITGB2,Non-classical Monocytes,CD8 T Cells,ICAM2,ITGAL_ITGB2,-0.02930465715334988,-0.21608020220654794,0.1574708878998482,56,0.14628579323951652,12.823253107384767,0.7584522596061363,0.9382162751991809
NK Cells|Non-classical Monocytes|TGFB1|CXCR4,NK Cells,Non-classical Monocytes,TGFB1,CXCR4,0.04252163764028179,-0.23041507293116503,0.3154583482117286,56,0.014260483166259275,12.823253107384767,0.7601005646260173,0.9387947833870702
CD8 T Cells|CD4 T Cells|TIMP1|CD63,CD8 T Cells,CD4 T Cells,TIMP1,CD63,0.016373271619227928,-0.08861497864876171,0.12136152188721756,50,0.05695459875400222,12.101630309997411,0.7598612537178582,0.9387947833870702
CD8 T Cells|pDCs|CALM1|PTPRA,CD8 T Cells,pDCs,CALM1,PTPRA,-0.03805371217100015,-0.2818031849360517,0.2056957605940514,42,0.046987424430778746,10.486563748480568,0.759615370360742,0.9387947833870702
CD4 T Cells|CD4 T Cells|HMGB1|CXCR4,CD4 T Cells,CD4 T Cells,HMGB1,CXCR4,-0.007133193785344202,-0.05307544274563063,0.03880905517494222,56,0.16386044358375962,12.823253107384767,0.7608897850979252,0.939310447944532
pDCs|pDCs|TNFSF13B|TFRC,pDCs,pDCs,TNFSF13B,TFRC,0.0653078574584588,-0.36148748767241806,0.49210320258933565,38,0.010573536204993794,10.08428638712406,0.7642442754426018,0.9429908613493431
Classical Monocytes|CD4 T Cells|GRN|TNFRSF1B,Classical Monocytes,CD4 T Cells,GRN,TNFRSF1B,0.028229352612086443,-0.15692551022430043,0.21338421544847333,56,0.07025299210600466,12.823253107384767,0.7650751715356483,0.9430867495278322
NK Cells|CD8 T Cells|HLA-C|CD8B,NK Cells,CD8 T Cells,HLA-C,CD8B,0.008304242700659811,-0.04624505312325891,0.06285353852457853,56,0.06827902747999648,12.823253107384767,0.7654187797763398,0.9430867495278322
Non-classical Monocytes|pDCs|CD14|ITGA4,Non-classical Monocytes,pDCs,CD14,ITGA4,-0.04745211455777215,-0.35918901452301033,0.264284785407466,37,0.17376012250289008,10.1164695267978,0.7654416000322849,0.9430867495278322
Non-classical Monocytes|B Cells|LGALS1|CD69,Non-classical Monocytes,B Cells,LGALS1,CD69,0.0011159687814857877,-0.0062490749792881595,0.008481012542259735,56,0.014033687099201164,12.823253107384767,0.7664830302160406,0.9432497643405195
CD8 T Cells|CD8 T Cells|ICAM2|ITGAL_ITGB2,CD8 T Cells,CD8 T Cells,ICAM2,ITGAL_ITGB2,0.011423805477884868,-0.06382463551425502,0.08667224647002475,47,0.09220377919013378,11.260230809465511,0.7660458935169386,0.9432497643405195
pDCs|Non-classical Monocytes|S100A9|CD36,pDCs,Non-classical Monocytes,S100A9,CD36,0.04436761024660254,-0.24871702340565757,0.33745224389886264,40,0.15611292907293128,11.038302619805199,0.7666937142680756,0.9432497643405195
pDCs|Non-classical Monocytes|S100A9|CD68,pDCs,Non-classical Monocytes,S100A9,CD68,0.028716669043524448,-0.16170953345059097,0.2191428715376399,40,0.11524088470412253,11.038302619805199,0.767561036303878,0.9436091025985376
pDCs|Non-classical Monocytes|HLA-A|APLP2,pDCs,Non-classical Monocytes,HLA-A,APLP2,-0.014361045012591889,-0.10966455185178942,0.08094246182660564,44,0.21543553321785736,10.877998116002292,0.767732613748553,0.9436091025985376
pDCs|CD4 T Cells|MIF|CD74_CXCR4,pDCs,CD4 T Cells,MIF,CD74_CXCR4,-0.059038340323619584,-0.4516813640330715,0.3336046833858323,44,0.142106504555359,10.877998116002292,0.7682208807369464,0.9437502020526318
Non-classical Monocytes|CD8 T Cells|TGFB1|ITGB1,Non-classical Monocytes,CD8 T Cells,TGFB1,ITGB1,0.039138164548809015,-0.22284864379220132,0.3011249728898194,56,0.10295059296313869,12.823253107384767,0.7696760335426873,0.9441608430885295
NK Cells|Classical Monocytes|GNAI2|C5AR1,NK Cells,Classical Monocytes,GNAI2,C5AR1,-0.03888726911655371,-0.29879454425977575,0.22102000602666833,56,0.055242203136757984,12.823253107384767,0.76933154353876,0.9441608430885295
Non-classical Monocytes|pDCs|VIM|CD44,Non-classical Monocytes,pDCs,VIM,CD44,-0.020647523699070136,-0.15880785385656404,0.11751280645842377,44,0.03996589535971007,10.877998116002292,0.7695917167533664,0.9441608430885295
Classical Monocytes|pDCs|S100A9|CD36,Classical Monocytes,pDCs,S100A9,CD36,-0.010029590655066256,-0.07742125337340948,0.05736207206327697,43,0.09742689964882367,10.883029712025287,0.7705218134798266,0.9447397489876379
Non-classical Monocytes|Classical Monocytes|HLA-DMB|CD4,Non-classical Monocytes,Classical Monocytes,HLA-DMB,CD4,-0.022437295340512087,-0.17367962729089997,0.1288050366098758,56,0.09034419966605689,12.823253107384767,0.7712294666778948,0.945088553505078
Non-classical Monocytes|pDCs|VCAN|ITGB1,Non-classical Monocytes,pDCs,VCAN,ITGB1,0.04535845486898085,-0.26083496123554917,0.3515518709735109,43,0.09264447540746279,10.883029712025287,0.7715542880415417,0.945088553505078
pDCs|pDCs|HLA-DRB5|CD4,pDCs,pDCs,HLA-DRB5,CD4,-0.07387966051994621,-0.5753190428746503,0.4275597218347579,38,0.023559276145338925,10.151692396693102,0.7727561344240231,0.9452364381122706
pDCs|Non-classical Monocytes|PTDSS1|JMJD6,pDCs,Non-classical Monocytes,PTDSS1,JMJD6,0.08257332160453895,-0.47620104281028736,0.6413476860193652,35,0.03359600741872826,9.95978300681224,0.7720953190561296,0.9452364381122706
Non-classical Monocytes|pDCs|LGALS9|PTPRC,Non-classical Monocytes,pDCs,LGALS9,PTPRC,-0.03296583657493088,-0.25675462422859247,0.1908229510787307,44,0.10587936307518864,10.877998116002292,0.7727971828808671,0.9452364381122706
pDCs|pDCs|SELPLG|ITGB2,pDCs,pDCs,SELPLG,ITGB2,0.034905307858894494,-0.20305006101486067,0.27286067673264963,44,0.008726926952736691,10.877998116002292,0.7737263562838939,0.9454576897144099
Classical Monocytes|CD8 T Cells|TGFB1|ITGB1,Classical Monocytes,CD8 T Cells,TGFB1,ITGB1,0.04063245280197439,-0.23608746471502165,0.31735237031897046,55,0.024136505948339826,12.96329824896671,0.773504950121481,0.9454576897144099
B Cells|pDCs|HLA-DQB1|CD4,B Cells,pDCs,HLA-DQB1,CD4,-0.021680499180931956,-0.17155957305223216,0.12819857469036824,43,0.08768275422201743,10.683833490877575,0.7767819215415819,0.9465411304148785
Non-classical Monocytes|CD4 T Cells|HBEGF|CD82,Non-classical Monocytes,CD4 T Cells,HBEGF,CD82,0.03510196707180706,-0.2082289848272696,0.2784329189708837,45,0.10920861872476406,11.486669209818757,0.7773786782374161,0.9465411304148785
CD4 T Cells|NK Cells|MIF|CD74_CXCR4,CD4 T Cells,NK Cells,MIF,CD74_CXCR4,0.04618453782636283,-0.2746757427651049,0.3670448184178306,56,0.0821705237453847,12.823253107384767,0.7778540588118215,0.9465411304148785
Non-classical Monocytes|Classical Monocytes|MFNG|NOTCH2,Non-classical Monocytes,Classical Monocytes,MFNG,NOTCH2,0.008070343500622346,-0.047511072563478876,0.06365175956472356,56,0.011737601487145533,12.823253107384767,0.7759628584121795,0.9465411304148785
NK Cells|CD4 T Cells|TGFB1|CXCR4,NK Cells,CD4 T Cells,TGFB1,CXCR4,0.034488428587005134,-0.20525902583833475,0.274235883012345,56,0.046884108710019134,12.823253107384767,0.7779841424106462,0.9465411304148785
Classical Monocytes|B Cells|MIF|TNFRSF14,Classical Monocytes,B Cells,MIF,TNFRSF14,-0.039899639281650884,-0.31639738107998894,0.2365981025166872,56,0.19418739397476292,12.823253107384767,0.7773071570782331,0.9465411304148785
Non-classical Monocytes|pDCs|MIF|TNFRSF14,Non-classical Monocytes,pDCs,MIF,TNFRSF14,-0.048684807507609756,-0.38536869948085295,0.2879990844656334,44,0.09928770447649748,10.877998116002292,0.7768605432178979,0.9465411304148785
Non-classical Monocytes|CD8 T Cells|APP|CD74,Non-classical Monocytes,CD8 T Cells,APP,CD74,-0.026015460824699927,-0.20439774840759348,0.1523668267581936,49,0.032628713680280086,12.767291671449737,0.7749982089881212,0.9465411304148785
Non-classical Monocytes|CD4 T Cells|LGALS9|CD47,Non-classical Monocytes,CD4 T Cells,LGALS9,CD47,-0.035995913734415436,-0.2833817188234977,0.21138989135466682,56,0.017820925930808418,12.823253107384767,0.7755024931632357,0.9465411304148785
Non-classical Monocytes|Classical Monocytes|VCAN|ITGB1,Non-classical Monocytes,Classical Monocytes,VCAN,ITGB1,0.0477117621006502,-0.28465950324762246,0.38008302744892286,55,0.019270758760886797,12.837866108718586,0.778440395239849,0.946640461391289
NK Cells|Classical Monocytes|GNAI2|FPR1,NK Cells,Classical Monocytes,GNAI2,FPR1,0.02865442389003747,-0.17368961053708765,0.2309984583171626,56,0.04694348070202814,12.823253107384767,0.7813538269477018,0.9477980501462573
Non-classical Monocytes|Non-classical Monocytes|TNFSF13B|HLA-DPB1,Non-classical Monocytes,Non-classical Monocytes,TNFSF13B,HLA-DPB1,-0.010051836271713174,-0.08118689646350227,0.061083223920075924,56,0.17696390351145552,12.823253107384767,0.7818143739945118,0.9477980501462573
CD4 T Cells|CD4 T Cells|LGALS1|ITGB1,CD4 T Cells,CD4 T Cells,LGALS1,ITGB1,0.034656011974016965,-0.2110140458256693,0.2803260697737032,56,0.12848503386002852,12.823253107384767,0.782174174293972,0.9477980501462573
B Cells|pDCs|GNAI2|ADCY7,B Cells,pDCs,GNAI2,ADCY7,0.05837438508028648,-0.3558574239666871,0.47260619412726007,32,0.04510526547191529,9.543488155546743,0.7823928502592373,0.9477980501462573
Classical Monocytes|Classical Monocytes|ADAM17|ITGB1,Classical Monocytes,Classical Monocytes,ADAM17,ITGB1,0.029662733730783847,-0.1789133266796326,0.2382387941412003,56,0.02036577342575796,12.823253107384767,0.7804465755340282,0.9477980501462573
pDCs|pDCs|TGFB1|ITGB1,pDCs,pDCs,TGFB1,ITGB1,0.0416020348989453,-0.25057681781068825,0.3337808876085789,42,0.010436544934756542,11.139161019626373,0.7801907438301484,0.9477980501462573
pDCs|Classical Monocytes|S100A8|ITGB2,pDCs,Classical Monocytes,S100A8,ITGB2,0.04502465618892919,-0.27305505953657055,0.36310437191442896,42,0.08070588090721176,10.977367192234547,0.7814454856230919,0.9477980501462573
NK Cells|NK Cells|SELPLG|ITGAM,NK Cells,NK Cells,SELPLG,ITGAM,-0.013068633680362091,-0.10546284542294336,0.07932557806221917,55,0.14476730882192534,12.96329824896671,0.7816067960256682,0.9477980501462573
Non-classical Monocytes|Non-classical Monocytes|HLA-A|LILRB2,Non-classical Monocytes,Non-classical Monocytes,HLA-A,LILRB2,-0.007154533159978493,-0.05818931702033801,0.04388025070038103,56,0.027561460051411246,12.823253107384767,0.7834959624244267,0.9486795865100748
pDCs|CD8 T Cells|HLA-B|CD8B,pDCs,CD8 T Cells,HLA-B,CD8B,-0.011308177301999095,-0.09341767380033045,0.07080131919633226,44,0.11834257570892126,10.877998116002292,0.7872159447217321,0.9502450730016879
CD8 T Cells|Non-classical Monocytes|PSAP|LRP1,CD8 T Cells,Non-classical Monocytes,PSAP,LRP1,-0.028876320409930614,-0.23852926062912438,0.18077661980926313,56,0.1540951587671493,12.823253107384767,0.7871960164031009,0.9502450730016879
pDCs|pDCs|GNAI2|ADCY7,pDCs,pDCs,GNAI2,ADCY7,-0.040106660409714195,-0.32884613652806327,0.2486328157086349,34,0.10020028076026377,10.015665273394857,0.7854343586335477,0.9502450730016879
CD8 T Cells|pDCs|TNF|TRADD,CD8 T Cells,pDCs,TNF,TRADD,0.06836296485013918,-0.4294185380970774,0.5661444677973557,33,0.12770113262007932,9.498685316438165,0.7877971618276756,0.9502450730016879
CD4 T Cells|CD4 T Cells|S100A9|ITGB2,CD4 T Cells,CD4 T Cells,S100A9,ITGB2,0.04125788260251577,-0.25909175925988576,0.3416075244649173,53,0.01565793871404786,12.805316252406456,0.7877505694508417,0.9502450730016879
NK Cells|CD8 T Cells|HLA-E|CD8A,NK Cells,CD8 T Cells,HLA-E,CD8A,-0.011907184922706038,-0.09801814463749736,0.07420377479208529,56,0.07557351565664316,12.823253107384767,0.78637688874167,0.9502450730016879
pDCs|NK Cells|MIF|CD74_CXCR4,pDCs,NK Cells,MIF,CD74_CXCR4,0.05471260440954036,-0.33939933398464983,0.4488245428037305,44,0.0672878746621034,10.877998116002292,0.7855512248518225,0.9502450730016879
Non-classical Monocytes|CD8 T Cells|VCAN|ITGA4,Non-classical Monocytes,CD8 T Cells,VCAN,ITGA4,-0.04091602814118209,-0.3361866134959164,0.25435455721355227,55,0.09668387412022106,12.837866108718586,0.7859336347493601,0.9502450730016879
pDCs|NK Cells|PTDSS1|JMJD6,pDCs,NK Cells,PTDSS1,JMJD6,-0.0538559335358505,-0.447765183285861,0.34005331621416,37,0.05997819396895321,10.403180350570436,0.7887227462772106,0.9502731824723073
NK Cells|pDCs|PKM|CD44,NK Cells,pDCs,PKM,CD44,-0.030722320434304312,-0.25979580065546853,0.1983511597868599,44,0.050192890425746484,10.877998116002292,0.7926571870493347,0.9502731824723073
Classical Monocytes|NK Cells|TGFB1|CXCR4,Classical Monocytes,NK Cells,TGFB1,CXCR4,0.0444070034557873,-0.2890988283540523,0.3779128352656269,55,0.14829523949229872,12.96329824896671,0.7941130744749707,0.9502731824723073
Non-classical Monocytes|CD8 T Cells|HLA-DPA1|LAG3,Non-classical Monocytes,CD8 T Cells,HLA-DPA1,LAG3,0.0339259868479051,-0.22375769261945072,0.2916096663152609,55,0.1055119811573072,12.658421525295251,0.7963729946877158,0.9502731824723073
Non-classical Monocytes|pDCs|LGALS9|CD47,Non-classical Monocytes,pDCs,LGALS9,CD47,-0.03557351078273795,-0.3028278878831925,0.23168086631771656,44,0.05060082224861262,10.877998116002292,0.7941807835706051,0.9502731824723073
CD4 T Cells|Non-classical Monocytes|TGFB1|LPP,CD4 T Cells,Non-classical Monocytes,TGFB1,LPP,-0.052139508727474235,-0.4354453831435846,0.3311663656886361,53,0.26406122059573245,12.62523127790349,0.7897727095996985,0.9502731824723073
Classical Monocytes|Non-classical Monocytes|HLA-DPB1|CD4,Classical Monocytes,Non-classical Monocytes,HLA-DPB1,CD4,-0.02967808841460431,-0.2506685653081132,0.19131238847890458,56,0.02712734139590478,12.823253107384767,0.7923849535432517,0.9502731824723073
Non-classical Monocytes|pDCs|CD14|ITGB2,Non-classical Monocytes,pDCs,CD14,ITGB2,0.03141653737715812,-0.19844471601895125,0.26127779077326746,44,0.05043323326642135,10.877998116002292,0.788791524114492,0.9502731824723073
Classical Monocytes|Non-classical Monocytes|GNAI2|C5AR1,Classical Monocytes,Non-classical Monocytes,GNAI2,C5AR1,-0.02625772527798604,-0.22055870126967475,0.16804325071370269,56,0.03545871083556362,12.823253107384767,0.7911108136263401,0.9502731824723073
Non-classical Monocytes|NK Cells|MIF|CD74_CXCR4,Non-classical Monocytes,NK Cells,MIF,CD74_CXCR4,0.045296629427842676,-0.2958646591914586,0.38645791804714397,56,0.06583731077048383,12.823253107384767,0.7946878111418038,0.9502731824723073
Non-classical Monocytes|pDCs|ADAM15|ITGB1,Non-classical Monocytes,pDCs,ADAM15,ITGB1,-0.03613891656579158,-0.3010005220104862,0.22872268887890304,40,0.09399434573686882,10.749268873883246,0.789140906324757,0.9502731824723073
pDCs|CD8 T Cells|TGFB1|ITGB1,pDCs,CD8 T Cells,TGFB1,ITGB1,-0.042192141194505206,-0.3607498689593838,0.2763655865703734,42,0.07951913458648263,11.139161019626373,0.7951784122390794,0.9502731824723073
pDCs|CD8 T Cells|HLA-DRB1|LAG3,pDCs,CD8 T Cells,HLA-DRB1,LAG3,-0.030435593893300306,-0.25864340436599187,0.19777221657939123,43,0.2509392369553247,10.683833490877575,0.7937869418468829,0.9502731824723073
CD8 T Cells|Classical Monocytes|CALR|LRP1,CD8 T Cells,Classical Monocytes,CALR,LRP1,-0.023870440156036815,-0.2046953417356643,0.15695446142359068,56,0.03942665310073856,12.823253107384767,0.7958419654511097,0.9502731824723073
Classical Monocytes|CD4 T Cells|TGFB1|ITGB1,Classical Monocytes,CD4 T Cells,TGFB1,ITGB1,-0.04062586189865977,-0.34648019654997886,0.26522847275265926,55,0.30501306325315836,12.96329824896671,0.7946037682215848,0.9502731824723073
CD8 T Cells|pDCs|HLA-DPB1|CD4,CD8 T Cells,pDCs,HLA-DPB1,CD4,0.042991187529537095,-0.2811141358202245,0.3670965108792986,43,0.06489191808243566,10.683833490877575,0.7948785411258124,0.9502731824723073
CD4 T Cells|Classical Monocytes|PSAP|LRP1,CD4 T Cells,Classical Monocytes,PSAP,LRP1,-0.025979839149606315,-0.21971863132126743,0.16775895302205482,56,0.01565205268559966,12.823253107384767,0.7926848647614052,0.9502731824723073
B Cells|NK Cells|ADAM28|ITGA4,B Cells,NK Cells,ADAM28,ITGA4,0.030391636139334363,-0.20055899766208168,0.2613422699407504,56,0.024318250225176752,12.823253107384767,0.7964695688469912,0.9502731824723073
NK Cells|B Cells|HMGB1|CXCR4,NK Cells,B Cells,HMGB1,CXCR4,-0.0033715636166482543,-0.028817979644906573,0.022074852411610064,56,0.05117029187879385,12.823253107384767,0.795104013996598,0.9502731824723073
CD8 T Cells|pDCs|MIF|TNFRSF14,CD8 T Cells,pDCs,MIF,TNFRSF14,0.03867329029674103,-0.24979902766556347,0.32714560825904554,44,0.09340461011723722,10.877998116002292,0.7927375187120063,0.9502731824723073
Non-classical Monocytes|Classical Monocytes|APP|CD74,Non-classical Monocytes,Classical Monocytes,APP,CD74,0.024483578929673157,-0.156911881360224,0.2058790392195703,49,0.054085730327840364,12.767291671449737,0.791361392369049,0.9502731824723073
Classical Monocytes|B Cells|HMGB1|CXCR4,Classical Monocytes,B Cells,HMGB1,CXCR4,-0.0073004239198136145,-0.0625690061139763,0.04796815827434907,56,0.0580855108794337,12.823253107384767,0.7957189314458617,0.9502731824723073
CD8 T Cells|CD8 T Cells|HMGB1|CXCR4,CD8 T Cells,CD8 T Cells,HMGB1,CXCR4,-0.005963238969596843,-0.05073799606078957,0.03881151812159588,56,0.1456796207731127,12.823253107384767,0.7940662934335365,0.9502731824723073
CD8 T Cells|Classical Monocytes|LGALS1|PTPRC,CD8 T Cells,Classical Monocytes,LGALS1,PTPRC,-0.03588636848566329,-0.3113375003675212,0.23956476339619465,56,0.2701569449131691,12.823253107384767,0.7984540657487527,0.9517421812014613
pDCs|NK Cells|HLA-B|KLRD1,pDCs,NK Cells,HLA-B,KLRD1,0.004697049993110269,-0.03134136459793314,0.040735464584153676,44,0.19224509903201037,10.877998116002292,0.7983747895159343,0.9517421812014613
Classical Monocytes|CD4 T Cells|HBEGF|CD44,Classical Monocytes,CD4 T Cells,HBEGF,CD44,0.03386130010801233,-0.2266964763445338,0.29441907656055843,50,0.04131050879316023,11.983689349526355,0.7989463288803824,0.9518799495901586
Non-classical Monocytes|Non-classical Monocytes|APP|LRP1,Non-classical Monocytes,Non-classical Monocytes,APP,LRP1,0.055805035726870816,-0.37574993809095547,0.48736000954469705,49,0.0917053996903554,12.767291671449737,0.7999236237037963,0.9525951918470751
CD4 T Cells|pDCs|HMGB1|CXCR4,CD4 T Cells,pDCs,HMGB1,CXCR4,0.014127936512523448,-0.09595690016521198,0.12421277319025888,44,0.16178451535738503,10.877998116002292,0.8014001030214539,0.9539039379817307
CD8 T Cells|CD8 T Cells|MIF|CD74_CXCR4,CD8 T Cells,CD8 T Cells,MIF,CD74_CXCR4,0.03278085891748196,-0.22404203720635812,0.289603755041322,56,0.018321022887145322,12.823253107384767,0.8024561283516888,0.9547112223845187
CD8 T Cells|CD8 T Cells|HLA-DRB1|LAG3,CD8 T Cells,CD8 T Cells,HLA-DRB1,LAG3,0.04183905806060707,-0.28722596366236414,0.37090407978357826,55,0.08392991553816675,12.658421525295251,0.8032059770998192,0.9551536490029379
Non-classical Monocytes|Non-classical Monocytes|LGALS1|CD69,Non-classical Monocytes,Non-classical Monocytes,LGALS1,CD69,0.019906627223108264,-0.13714074523136535,0.17695399967758188,56,0.06990011982711808,12.823253107384767,0.8037968293540387,0.9554066734607977
CD8 T Cells|CD8 T Cells|HLA-C|CD8B,CD8 T Cells,CD8 T Cells,HLA-C,CD8B,0.0072397694987846595,-0.050319634596332465,0.06479917359390178,56,0.07082000381520104,12.823253107384767,0.8052777990060062,0.9567169713625658
Non-classical Monocytes|CD4 T Cells|LGALS1|ITGB1,Non-classical Monocytes,CD4 T Cells,LGALS1,ITGB1,0.00596703017883235,-0.04165296853858722,0.05358702889625192,56,0.08545583167209214,12.823253107384767,0.8059968874261079,0.9571213038185031
CD8 T Cells|CD4 T Cells|LGALS1|CD69,CD8 T Cells,CD4 T Cells,LGALS1,CD69,0.013182272377903426,-0.0928587583095111,0.11922330306531795,56,0.13528431328637058,12.823253107384767,0.8075027627298874,0.9575595877139491
NK Cells|Classical Monocytes|PSAP|LRP1,NK Cells,Classical Monocytes,PSAP,LRP1,-0.034511769014528224,-0.31126337870552767,0.2422398406764712,56,0.047335578630275044,12.823253107384767,0.8069106019662378,0.9575595877139491
Non-classical Monocytes|Non-classical Monocytes|CD14|ITGA4,Non-classical Monocytes,Non-classical Monocytes,CD14,ITGA4,-0.030227898919415436,-0.27308618750552927,0.21263038966669842,56,0.1728073493158555,12.823253107384767,0.8072685438697775,0.9575595877139491
B Cells|CD4 T Cells|FAM3C|LAMP1,B Cells,CD4 T Cells,FAM3C,LAMP1,0.015904596307416932,-0.11414656575551714,0.14595575837035102,56,0.11096917470809298,12.823253107384767,0.8105677685859279,0.9575992291802898
NK Cells|NK Cells|SPON2|ITGB2,NK Cells,NK Cells,SPON2,ITGB2,0.025267005940291798,-0.1806079279142703,0.2311419397948539,56,0.46605628429769297,12.823253107384767,0.8099068948105093,0.9575992291802898
pDCs|Non-classical Monocytes|APP|PTGER2,pDCs,Non-classical Monocytes,APP,PTGER2,-0.021048341861924225,-0.19235093848466128,0.15025425476081283,44,0.016263850575779837,10.877998116002292,0.8096905528039424,0.9575992291802898
CD8 T Cells|CD4 T Cells|TGFB1|CXCR4,CD8 T Cells,CD4 T Cells,TGFB1,CXCR4,-0.03893263697204841,-0.3551079648461102,0.27724269090201337,55,0.02855061027690664,12.96329824896671,0.8092896194861326,0.9575992291802898
CD8 T Cells|pDCs|TIMP1|CD63,CD8 T Cells,pDCs,TIMP1,CD63,-0.029837533620415538,-0.27191606751715763,0.21224100027632659,40,0.043956524684267584,10.371002613449164,0.8091083128068944,0.9575992291802898
pDCs|pDCs|HLA-DQA1|CD4,pDCs,pDCs,HLA-DQA1,CD4,0.04503435548927029,-0.3225464901463304,0.41261520112487104,42,0.04681450097214945,10.777553792320838,0.8102325856818235,0.9575992291802898
CD4 T Cells|Classical Monocytes|HLA-DRA|CD4,CD4 T Cells,Classical Monocytes,HLA-DRA,CD4,0.023127862032351763,-0.1636267892211022,0.2098825132858057,54,0.08025437262053947,13.18210742033319,0.8082194602255318,0.9575992291802898
CD8 T Cells|CD4 T Cells|IL16|CD4,CD8 T Cells,CD4 T Cells,IL16,CD4,0.0069433239135584975,-0.04935026446092525,0.06323691228804225,56,0.04751584979872814,12.823253107384767,0.8089781538538842,0.9575992291802898
Classical Monocytes|CD4 T Cells|HLA-DPB1|CD4,Classical Monocytes,CD4 T Cells,HLA-DPB1,CD4,0.026156592007955913,-0.18829912872256066,0.2406123127384725,56,0.11465773111266453,12.823253107384767,0.8110655890010461,0.9577395997222633
B Cells|Non-classical Monocytes|HLA-DMA|CD4,B Cells,Non-classical Monocytes,HLA-DMA,CD4,-0.02276880494205717,-0.21122748092573737,0.16568987104162305,56,0.11803379867519481,12.823253107384767,0.8128159727988828,0.9586066023916343
Non-classical Monocytes|NK Cells|SECTM1|CD7,Non-classical Monocytes,NK Cells,SECTM1,CD7,0.03151728054656289,-0.2295261972164977,0.29256075830962347,56,0.3118612675609983,12.823253107384767,0.812937850781667,0.9586066023916343
Classical Monocytes|CD4 T Cells|HLA-DRB1|CD4,Classical Monocytes,CD4 T Cells,HLA-DRB1,CD4,0.018926748740033666,-0.1372619130342119,0.17511541051427923,56,0.13603905726738896,12.823253107384767,0.8122642572233707,0.9586066023916343
pDCs|CD8 T Cells|HLA-A|CD8B,pDCs,CD8 T Cells,HLA-A,CD8B,-0.019152193654142655,-0.1781880639863364,0.13988367667805113,44,0.11361388968968056,10.877998116002292,0.8134075696467679,0.9587131196349732
Non-classical Monocytes|Non-classical Monocytes|LGALS9|HAVCR2,Non-classical Monocytes,Non-classical Monocytes,LGALS9,HAVCR2,-0.029565831937055777,-0.27691539955796496,0.2177837356838534,53,0.015106990398974118,12.322582179956465,0.814771035396831,0.9587613522815286
CD4 T Cells|pDCs|S100A9|CD36,CD4 T Cells,pDCs,S100A9,CD36,-0.03228491766139186,-0.30232778031023383,0.23775794498745012,41,0.14684151128570155,10.995704939539172,0.8147341677978871,0.9587613522815286
Classical Monocytes|Non-classical Monocytes|HMGB1|HAVCR2,Classical Monocytes,Non-classical Monocytes,HMGB1,HAVCR2,-0.024126566492296577,-0.22517950175450827,0.1769263687699151,53,0.00175633937100228,12.322582179956465,0.8140552391720521,0.9587613522815286
CD8 T Cells|NK Cells|MIF|CD74_CXCR4,CD8 T Cells,NK Cells,MIF,CD74_CXCR4,0.04370165415221254,-0.32230166709571756,0.40970497540014267,56,0.046421074526608375,12.823253107384767,0.8149661197865942,0.9587613522815286
pDCs|Classical Monocytes|FABP5|RXRA,pDCs,Classical Monocytes,FABP5,RXRA,-0.027441942660601612,-0.25779465726464884,0.2029107719434456,44,0.1967332513390232,10.877998116002292,0.8153803812306315,0.9588023375382996
Non-classical Monocytes|CD4 T Cells|CALM1|PTPRA,Non-classical Monocytes,CD4 T Cells,CALM1,PTPRA,-0.020300807277069566,-0.198163763047481,0.15756214849334188,55,0.09999312154369633,12.658421525295251,0.8229867737320393,0.9590909257746895
pDCs|pDCs|VIM|CD44,pDCs,pDCs,VIM,CD44,-0.01784871073521524,-0.17452460389960492,0.13882718242917444,44,0.05959382418197856,10.877998116002292,0.8233164158977943,0.9590909257746895
pDCs|B Cells|HMGB1|CXCR4,pDCs,B Cells,HMGB1,CXCR4,0.0024624120739459576,-0.01928284557944011,0.024207669727332026,44,0.023375800046531725,10.877998116002292,0.8243571369020916,0.9590909257746895
pDCs|B Cells|S100A8|ITGB2,pDCs,B Cells,S100A8,ITGB2,-0.02066966653148898,-0.19907547204293374,0.1577361389799558,42,0.22396520364454997,10.977367192234547,0.8203640997990129,0.9590909257746895
CD8 T Cells|Non-classical Monocytes|CALM1|PTPRA,CD8 T Cells,Non-classical Monocytes,CALM1,PTPRA,-0.02392706727798477,-0.23739820240959125,0.1895440678536217,51,0.005913728323120315,11.978027881857493,0.8261172763893958,0.9590909257746895
CD4 T Cells|NK Cells|LGALS1|PTPRC,CD4 T Cells,NK Cells,LGALS1,PTPRC,-0.016398274193089313,-0.1600747009977451,0.12727815261156647,56,0.1903387428732065,12.823253107384767,0.8229928574166832,0.9590909257746895
pDCs|Non-classical Monocytes|MIF|TNFRSF14,pDCs,Non-classical Monocytes,MIF,TNFRSF14,0.020407595032267738,-0.16177935604414254,0.20259454610867803,44,0.03124690272743158,10.877998116002292,0.826225884260964,0.9590909257746895
NK Cells|pDCs|TGFB1|ITGB1,NK Cells,pDCs,TGFB1,ITGB1,0.036802269469010135,-0.2870472605903538,0.3606517995283741,44,0.0796663761565013,10.877998116002292,0.8237453702688811,0.9590909257746895
B Cells|Non-classical Monocytes|HLA-A|APLP2,B Cells,Non-classical Monocytes,HLA-A,APLP2,0.0069463779039046075,-0.055019608733720075,0.0689123645415293,56,0.09986926911755545,12.823253107384767,0.8260957140454264,0.9590909257746895
B Cells|pDCs|ARF6|SMAP1,B Cells,pDCs,ARF6,SMAP1,0.036466893173013354,-0.27472618061330556,0.3476599669593322,36,0.20693390290662983,9.716578034972798,0.8183430041399479,0.9590909257746895
CD8 T Cells|CD8 T Cells|HLA-E|CD8B,CD8 T Cells,CD8 T Cells,HLA-E,CD8B,-0.01536904498723328,-0.1489998576816367,0.11826176770717013,56,0.1071843784108949,12.823253107384767,0.8216542024465977,0.9590909257746895
Non-classical Monocytes|Classical Monocytes|S100A8|CD69,Non-classical Monocytes,Classical Monocytes,S100A8,CD69,-0.0349014733958834,-0.33529599628160567,0.2654930494898389,55,0.5163474720787916,12.96329824896671,0.8198644663677677,0.9590909257746895
NK Cells|pDCs|LGALS1|ITGB1,NK Cells,pDCs,LGALS1,ITGB1,-0.03018929963412191,-0.29412537650051973,0.23374677723227588,44,0.04641489718930403,10.877998116002292,0.8226150332781095,0.9590909257746895
CD4 T Cells|Non-classical Monocytes|GNAI2|C5AR1,CD4 T Cells,Non-classical Monocytes,GNAI2,C5AR1,-0.0294525895203423,-0.29283641053899956,0.23393123149831496,56,0.08426302806077024,12.823253107384767,0.8265170836825978,0.9590909257746895
CD4 T Cells|Classical Monocytes|MIF|TNFRSF14,CD4 T Cells,Classical Monocytes,MIF,TNFRSF14,-0.03221169128795136,-0.32046383193392847,0.2560404493580257,56,0.04091070473886216,12.823253107384767,0.8266323847792931,0.9590909257746895
Classical Monocytes|CD8 T Cells|MIF|CD74_CXCR4,Classical Monocytes,CD8 T Cells,MIF,CD74_CXCR4,0.0377504829626005,-0.2803666355529665,0.35586760147816754,56,0.010443827523290539,12.823253107384767,0.8160829023267058,0.9590909257746895
CD8 T Cells|CD4 T Cells|HLA-DRB1|CD4,CD8 T Cells,CD4 T Cells,HLA-DRB1,CD4,-0.03388681218549276,-0.3314947867358464,0.2637211623648609,56,0.18393551888628734,12.823253107384767,0.8234038279386098,0.9590909257746895
Classical Monocytes|Classical Monocytes|VCAN|SELL,Classical Monocytes,Classical Monocytes,VCAN,SELL,-0.014391600955994469,-0.1406319608247633,0.11184875891277436,56,0.026247880494467135,12.823253107384767,0.823193855178413,0.9590909257746895
CD8 T Cells|CD4 T Cells|TNF|TNFRSF1B,CD8 T Cells,CD4 T Cells,TNF,TNFRSF1B,0.01995365591285643,-0.15612657562130888,0.19603388744702177,43,0.002750898604845897,11.350171955988852,0.824231495199807,0.9590909257746895
Classical Monocytes|Classical Monocytes|LGALS9|LRP1,Classical Monocytes,Classical Monocytes,LGALS9,LRP1,-0.0215835483094803,-0.21228600519120483,0.1691189085722442,56,0.31488270548501673,12.823253107384767,0.8244484643805353,0.9590909257746895
CD4 T Cells|Non-classical Monocytes|PSAP|LRP1,CD4 T Cells,Non-classical Monocytes,PSAP,LRP1,0.022258220678255593,-0.1726008843466502,0.21711732570316136,56,0.11807543196689585,12.823253107384767,0.822849662309281,0.9590909257746895
Non-classical Monocytes|Classical Monocytes|CD99|PILRA,Non-classical Monocytes,Classical Monocytes,CD99,PILRA,-0.031024610096999625,-0.2988770623853604,0.2368278421913611,56,0.06528062612189567,12.823253107384767,0.8204103540225388,0.9590909257746895
pDCs|Classical Monocytes|LGALS1|PTPRC,pDCs,Classical Monocytes,LGALS1,PTPRC,0.02190730698901809,-0.16389053180806729,0.20770514578610344,44,0.010439727660737641,10.877998116002292,0.8172385695508314,0.9590909257746895
Non-classical Monocytes|NK Cells|ICAM1|ITGAM_ITGB2,Non-classical Monocytes,NK Cells,ICAM1,ITGAM_ITGB2,0.02693556231910796,-0.2125067870903042,0.2663779117285201,46,0.01207671317980974,11.750816881791547,0.8254957764974371,0.9590909257746895
CD4 T Cells|Non-classical Monocytes|TGFB1|CXCR4,CD4 T Cells,Non-classical Monocytes,TGFB1,CXCR4,-0.03465849488602424,-0.33583939811890773,0.26652240834685925,55,0.09956741968601279,12.96329824896671,0.8215564716186162,0.9590909257746895
pDCs|pDCs|LGALS1|PTPRC,pDCs,pDCs,LGALS1,PTPRC,-0.029745696305353966,-0.29305640078958295,0.23356500817887504,44,0.011189782923850422,10.877998116002292,0.8247706332211991,0.9590909257746895
Non-classical Monocytes|CD4 T Cells|TIMP1|CD63,Non-classical Monocytes,CD4 T Cells,TIMP1,CD63,0.01985650664784597,-0.14882928709874632,0.18854230039443826,56,0.20892900936105774,12.823253107384767,0.8175376244022985,0.9590909257746895
Non-classical Monocytes|pDCs|VCAN|ITGA4,Non-classical Monocytes,pDCs,VCAN,ITGA4,-0.03206991122054374,-0.3165297087644051,0.2523898863233176,37,0.14550876813525193,10.1164695267978,0.8251191055421788,0.9590909257746895
pDCs|Classical Monocytes|MIF|CD44_CD74,pDCs,Classical Monocytes,MIF,CD44_CD74,-0.026850469079818237,-0.2543694510581728,0.20066851289853632,44,0.08043445052884846,10.877998116002292,0.8170789748229278,0.9590909257746895
Classical Monocytes|pDCs|LGALS9|SLC1A5,Classical Monocytes,pDCs,LGALS9,SLC1A5,-0.02213808366879129,-0.2208945214400252,0.1766183541024426,39,0.3801665931459327,10.162560099562315,0.8271902147019996,0.9592976927728101
pDCs|CD4 T Cells|APP|LRP10,pDCs,CD4 T Cells,APP,LRP10,0.018595257113573738,-0.14904057597444564,0.18623109020159312,44,0.04732904673590521,10.877998116002292,0.8278873151498146,0.9596657088915511
Classical Monocytes|CD4 T Cells|TGFB1|CXCR4,Classical Monocytes,CD4 T Cells,TGFB1,CXCR4,0.035129364375897976,-0.2892857596305761,0.3595444883823721,55,0.010772769334770227,12.96329824896671,0.831923594062112,0.9599012203666052
pDCs|CD8 T Cells|TGFB1|CXCR4,pDCs,CD8 T Cells,TGFB1,CXCR4,-0.038433085640968284,-0.39401995362420383,0.3171537823422672,42,0.004018434493639922,11.139161019626373,0.8322319893793775,0.9599012203666052
pDCs|Non-classical Monocytes|LGALS9|PTPRC,pDCs,Non-classical Monocytes,LGALS9,PTPRC,-0.021053314095923814,-0.2130370619474535,0.17093043375560588,43,0.24999736950519713,10.683833490877575,0.8298191720164463,0.9599012203666052
CD4 T Cells|CD8 T Cells|LRPAP1|SORL1,CD4 T Cells,CD8 T Cells,LRPAP1,SORL1,-0.01524881989012973,-0.15435049571044213,0.12385285593018265,49,0.053335751741858006,11.624136027467104,0.8298778635001703,0.9599012203666052
pDCs|NK Cells|GNAI2|S1PR5,pDCs,NK Cells,GNAI2,S1PR5,0.026815659055683685,-0.21942076208825806,0.27305208019962546,44,0.11279087059929271,10.877998116002292,0.8309805396240253,0.9599012203666052
CD8 T Cells|Non-classical Monocytes|SELPLG|SELL,CD8 T Cells,Non-classical Monocytes,SELPLG,SELL,0.01677482863437884,-0.13781938016291018,0.17136903743166787,56,0.10756631938992178,12.823253107384767,0.8315817967553887,0.9599012203666052
Non-classical Monocytes|NK Cells|GRN|TNFRSF1B,Non-classical Monocytes,NK Cells,GRN,TNFRSF1B,0.017551747268889882,-0.1436954603751273,0.17879895491290707,56,0.23683792357782907,12.823253107384767,0.8310602610611675,0.9599012203666052
CD4 T Cells|pDCs|HLA-DRA|CD4,CD4 T Cells,pDCs,HLA-DRA,CD4,-0.025671663308221435,-0.26324162963087744,0.21189830301443457,41,0.024610638145414865,10.935391584391928,0.8322689251378046,0.9599012203666052
CD8 T Cells|Non-classical Monocytes|LTB|TNFRSF1A,CD8 T Cells,Non-classical Monocytes,LTB,TNFRSF1A,-0.02987773130147614,-0.30217461788332683,0.24241915528037455,56,0.11803958201695175,12.823253107384767,0.8297230910861304,0.9599012203666052
Non-classical Monocytes|Classical Monocytes|CD14|ITGB2,Non-classical Monocytes,Classical Monocytes,CD14,ITGB2,0.03088987575286023,-0.25358518667784696,0.3153649381835674,56,0.21633592218236808,12.823253107384767,0.8314644536397436,0.9599012203666052
pDCs|CD4 T Cells|LGALS9|PTPRC,pDCs,CD4 T Cells,LGALS9,PTPRC,-0.022658318646995856,-0.2283585385815375,0.1830419012875458,43,0.05905604198457204,10.683833490877575,0.8290702027795533,0.9599012203666052
Classical Monocytes|Non-classical Monocytes|S100A8|CD36,Classical Monocytes,Non-classical Monocytes,S100A8,CD36,-0.02002378092932544,-0.20632108334252264,0.16627352148387176,56,0.17231044402153928,12.823253107384767,0.8331504961885576,0.9602267828282652
B Cells|CD8 T Cells|CALM1|PTPRA,B Cells,CD8 T Cells,CALM1,PTPRA,-0.01478387498286235,-0.15310465626311634,0.12353690629739164,55,0.06370666830215499,12.658421525295251,0.8340711469363048,0.9602267828282652
B Cells|CD4 T Cells|MIF|CD74_CXCR4,B Cells,CD4 T Cells,MIF,CD74_CXCR4,-0.036062078086059435,-0.3728658099670173,0.3007416537948984,56,0.07669089564510867,12.823253107384767,0.833779855136962,0.9602267828282652
CD8 T Cells|CD8 T Cells|LRPAP1|SORL1,CD8 T Cells,CD8 T Cells,LRPAP1,SORL1,-0.013244227635574073,-0.1368820142470557,0.11039355897590757,49,0.06750040762389142,11.624136027467104,0.8337038196466067,0.9602267828282652
Classical Monocytes|pDCs|TIMP1|CD63,Classical Monocytes,pDCs,TIMP1,CD63,0.03700503615573095,-0.31016977466704243,0.3841798469785044,44,0.018347811195201902,10.877998116002292,0.8345179390159135,0.9603036575105708
CD4 T Cells|CD8 T Cells|LGALS1|PTPRC,CD4 T Cells,CD8 T Cells,LGALS1,PTPRC,-0.013200722452614388,-0.13803548836867008,0.11163404346344129,56,0.12411880250781526,12.823253107384767,0.8358087692986903,0.9604769258834882
Non-classical Monocytes|CD4 T Cells|IL1B|SIGIRR,Non-classical Monocytes,CD4 T Cells,IL1B,SIGIRR,-0.025909427733253672,-0.27036522632865917,0.21854637086215184,56,0.0516351544774768,12.823253107384767,0.8354374212939012,0.9604769258834882
Non-classical Monocytes|pDCs|APP|TNFRSF21,Non-classical Monocytes,pDCs,APP,TNFRSF21,0.0189941927443106,-0.16051874526604962,0.19850713075467083,38,0.020585474268198456,10.61870603136957,0.8357107490396886,0.9604769258834882
B Cells|Classical Monocytes|HLA-A|APLP2,B Cells,Classical Monocytes,HLA-A,APLP2,0.0037952752724467326,-0.03230182753307398,0.039892378077967444,56,0.04616583920035844,12.823253107384767,0.8367346554885969,0.9611038520089474
Classical Monocytes|NK Cells|TIMP2|CD44,Classical Monocytes,NK Cells,TIMP2,CD44,0.024721668270826745,-0.21225462232833409,0.2616979588699876,56,0.07059537826529783,12.823253107384767,0.8379894075499823,0.9621077841339415
Classical Monocytes|Classical Monocytes|HLA-DMA|CD4,Classical Monocytes,Classical Monocytes,HLA-DMA,CD4,-0.021076267377384016,-0.22505146554644812,0.18289893079168007,56,0.06941216911271986,12.823253107384767,0.8395114974721924,0.9629802787617932
B Cells|pDCs|MIF|CD74_CXCR4,B Cells,pDCs,MIF,CD74_CXCR4,0.02331755643743219,-0.20190481390321222,0.2485399267780766,44,0.2643706438981194,10.877998116002292,0.8391994793949532,0.9629802787617932
CD8 T Cells|Classical Monocytes|HLA-DRA|CD4,CD8 T Cells,Classical Monocytes,HLA-DRA,CD4,-0.025154600636092227,-0.2693901645871365,0.21908096331495203,56,0.05822018237058768,12.823253107384767,0.8400238678403686,0.9631308139893883
Non-classical Monocytes|NK Cells|LGALS9|CD44,Non-classical Monocytes,NK Cells,LGALS9,CD44,-0.02696621582207953,-0.2967560601265157,0.2428236284823566,56,0.2655645605067485,12.823253107384767,0.8446855902664907,0.9632312665177897
pDCs|B Cells|SELPLG|ITGB2,pDCs,B Cells,SELPLG,ITGB2,-0.028455697676087632,-0.30717585530926406,0.2502644599570888,44,0.019245233213390445,10.877998116002292,0.8414017025856929,0.9632312665177897
CD4 T Cells|CD8 T Cells|CLEC2D|KLRB1,CD4 T Cells,CD8 T Cells,CLEC2D,KLRB1,-0.023582500726813352,-0.2561995762803119,0.20903457482668525,56,0.03638823033560468,12.823253107384767,0.8424979648676503,0.9632312665177897
NK Cells|CD8 T Cells|MIF|CD74_CXCR4,NK Cells,CD8 T Cells,MIF,CD74_CXCR4,0.023733093287284734,-0.21064159286242293,0.25810777943699237,56,0.055558378690740096,12.823253107384767,0.8426784755203908,0.9632312665177897
Non-classical Monocytes|Classical Monocytes|HLA-F|LILRB2,Non-classical Monocytes,Classical Monocytes,HLA-F,LILRB2,-0.02109005353850871,-0.22671681289244794,0.18453670581543052,56,0.09905571222559839,12.823253107384767,0.8406804478295754,0.9632312665177897
Non-classical Monocytes|B Cells|APP|LRP10,Non-classical Monocytes,B Cells,APP,LRP10,0.03403780441469482,-0.30516946200360584,0.3732450708329955,49,0.008689149733487556,12.767291671449737,0.8440835324353747,0.9632312665177897
NK Cells|CD8 T Cells|HLA-B|CD8B,NK Cells,CD8 T Cells,HLA-B,CD8B,0.004820866055919429,-0.04249059251017442,0.052132324622013275,56,0.08979632021608885,12.823253107384767,0.8417048721674126,0.9632312665177897
CD8 T Cells|NK Cells|MIF|CD44_CD74,CD8 T Cells,NK Cells,MIF,CD44_CD74,-0.019949347907223802,-0.21771667759737293,0.17781798178292532,56,0.28339610948790683,12.823253107384767,0.8432742415507746,0.9632312665177897
Non-classical Monocytes|pDCs|S100A8|CD69,Non-classical Monocytes,pDCs,S100A8,CD69,-0.03557662259942404,-0.3908211041398113,0.3196678589409633,44,0.4010827373500878,10.877998116002292,0.8443876830873277,0.9632312665177897
CD8 T Cells|pDCs|GNAI2|CXCR3,CD8 T Cells,pDCs,GNAI2,CXCR3,-0.020905943950619052,-0.22998968509443984,0.1881777971932017,43,0.23061474079227584,10.683833490877575,0.8446308154154424,0.9632312665177897
pDCs|Classical Monocytes|GNAS|ADCY7,pDCs,Classical Monocytes,GNAS,ADCY7,0.024153280192579146,-0.2156939548543659,0.26400051523952417,44,0.004432833687341486,10.877998116002292,0.8435350338830826,0.9632312665177897
Non-classical Monocytes|pDCs|VCAN|SELL,Non-classical Monocytes,pDCs,VCAN,SELL,-0.0256019329637035,-0.28086575141778686,0.22966188549037986,43,0.320602705706286,10.883029712025287,0.844158966546652,0.9632312665177897
Non-classical Monocytes|Non-classical Monocytes|VCAN|TLR2,Non-classical Monocytes,Non-classical Monocytes,VCAN,TLR2,0.032375480436965864,-0.2924764937288894,0.3572274546028211,55,0.09322471968914536,12.837866108718586,0.8451311438980309,0.9633046462022211
B Cells|pDCs|PKM|CD44,B Cells,pDCs,PKM,CD44,-0.022720374774577473,-0.26377069737534026,0.2183299478261853,44,0.05818805531717197,10.877998116002292,0.8534346638244958,0.9645795163141941
Non-classical Monocytes|B Cells|CD14|ITGB2,Non-classical Monocytes,B Cells,CD14,ITGB2,-0.027115004268872325,-0.3161956067324831,0.26196559819473847,56,0.034540326081573425,12.823253107384767,0.8541393720568109,0.9645795163141941
Classical Monocytes|CD4 T Cells|IL1B|SIGIRR,Classical Monocytes,CD4 T Cells,IL1B,SIGIRR,-0.024932434003194615,-0.28547965099828243,0.2356147829918932,56,0.06472880345078114,12.823253107384767,0.8512262890152615,0.9645795163141941
CD8 T Cells|CD8 T Cells|HLA-DPB1|LAG3,CD8 T Cells,CD8 T Cells,HLA-DPB1,LAG3,-0.030460070648399618,-0.35236600254306527,0.29144586124626604,55,0.015782876515746724,12.658421525295251,0.852868331002042,0.9645795163141941
pDCs|CD8 T Cells|SNCA|LAG3,pDCs,CD8 T Cells,SNCA,LAG3,-0.032226193148752566,-0.3716070910559171,0.30715470475841194,39,0.03688025353815161,9.875052058658353,0.8523585023151363,0.9645795163141941
CD8 T Cells|Non-classical Monocytes|TGFB1|CXCR4,CD8 T Cells,Non-classical Monocytes,TGFB1,CXCR4,0.031609947957485895,-0.3009686099143411,0.3641885058293129,55,0.04977254465773884,12.96329824896671,0.8522213573276505,0.9645795163141941
Classical Monocytes|Non-classical Monocytes|HMGB1|CXCR4,Classical Monocytes,Non-classical Monocytes,HMGB1,CXCR4,0.019093469064774223,-0.18300112774178157,0.22118806587133,56,0.07165353237784777,12.823253107384767,0.8530931558226611,0.9645795163141941
pDCs|Classical Monocytes|LGALS9|PTPRC,pDCs,Classical Monocytes,LGALS9,PTPRC,-0.026364481323213257,-0.2995192825712927,0.2467903199248662,43,0.008882034647701542,10.683833490877575,0.8499574561256299,0.9645795163141941
CD8 T Cells|B Cells|MIF|CD44_CD74,CD8 T Cells,B Cells,MIF,CD44_CD74,0.020416069345024643,-0.19743586168626548,0.2382680003763148,56,0.06442904629509871,12.823253107384767,0.854265515437739,0.9645795163141941
Classical Monocytes|Non-classical Monocytes|MIF|TNFRSF14,Classical Monocytes,Non-classical Monocytes,MIF,TNFRSF14,0.016792107421812794,-0.16086241103477528,0.19444662587840084,56,0.29422456593805535,12.823253107384767,0.8530266568641385,0.9645795163141941
CD4 T Cells|pDCs|MIF|TNFRSF14,CD4 T Cells,pDCs,MIF,TNFRSF14,0.02821991269835074,-0.26332570166498104,0.3197655270616825,44,0.09088502179481961,10.877998116002292,0.8495339811464149,0.9645795163141941
pDCs|Classical Monocytes|APP|NOTCH2,pDCs,Classical Monocytes,APP,NOTCH2,-0.0171373896764294,-0.19507522836480973,0.1608004490119509,44,0.08144779498239829,10.877998116002292,0.8502759895464549,0.9645795163141941
Non-classical Monocytes|Non-classical Monocytes|SELPLG|SELL,Non-classical Monocytes,Non-classical Monocytes,SELPLG,SELL,-0.021996894203673147,-0.25402129167736603,0.21002750327001973,56,0.00398932263635654,12.823253107384767,0.8525915074197566,0.9645795163141941
CD8 T Cells|NK Cells|VIM|CD44,CD8 T Cells,NK Cells,VIM,CD44,-0.027763348952329125,-0.3139347923995882,0.25840809449492996,56,0.2508206438052498,12.823253107384767,0.8491925102650618,0.9645795163141941
pDCs|Non-classical Monocytes|S100A9|ITGB2,pDCs,Non-classical Monocytes,S100A9,ITGB2,0.028414159572485744,-0.26632726408466195,0.3231555832296334,40,0.14507607398377675,11.038302619805199,0.8501337669301527,0.9645795163141941
CD4 T Cells|CD8 T Cells|MIF|CD74_CXCR4,CD4 T Cells,CD8 T Cells,MIF,CD74_CXCR4,0.020351087551976108,-0.19418986017582252,0.2348920352797747,56,0.037712798980383266,12.823253107384767,0.8525076965890501,0.9645795163141941
Classical Monocytes|pDCs|TGFB1|CXCR4,Classical Monocytes,pDCs,TGFB1,CXCR4,0.02661791599513294,-0.2468985302541206,0.3001343622443865,43,0.19157493679104365,10.975902595125358,0.8487303591479184,0.9645795163141941
NK Cells|Non-classical Monocytes|HLA-A|APLP2,NK Cells,Non-classical Monocytes,HLA-A,APLP2,0.0019194281340957908,-0.018371262237229583,0.022210118505421164,56,0.18903253519891539,12.823253107384767,0.852910823985771,0.9645795163141941
Classical Monocytes|Classical Monocytes|TIMP2|ITGB1,Classical Monocytes,Classical Monocytes,TIMP2,ITGB1,0.011659207463020549,-0.11213998310816282,0.13545839803420393,56,0.04916153969847736,12.823253107384767,0.8535535818185733,0.9645795163141941
Classical Monocytes|CD8 T Cells|HLA-DRB1|LAG3,Classical Monocytes,CD8 T Cells,HLA-DRB1,LAG3,0.02876812835968015,-0.264836550324408,0.32237280704376836,55,0.07001321952654682,12.658421525295251,0.8477091309218647,0.9645795163141941
B Cells|CD8 T Cells|VIM|CD44,B Cells,CD8 T Cells,VIM,CD44,-0.028712580458051515,-0.3216194693179925,0.26419430840188945,56,0.17305801235389695,12.823253107384767,0.847641918948476,0.9645795163141941
CD4 T Cells|Non-classical Monocytes|HLA-DRA|CD4,CD4 T Cells,Non-classical Monocytes,HLA-DRA,CD4,-0.02168089939767103,-0.25571732695799937,0.21235552816265732,54,0.12699119421169947,13.18210742033319,0.8559209055358493,0.9660170291599335
pDCs|Classical Monocytes|COPA|CD74,pDCs,Classical Monocytes,COPA,CD74,-0.019378252557458148,-0.2292962786670576,0.1905397735521413,43,0.19052847068571332,10.683833490877575,0.8564217407293631,0.9661507762603128
Classical Monocytes|CD4 T Cells|HLA-DQB1|CD4,Classical Monocytes,CD4 T Cells,HLA-DQB1,CD4,0.03180891212348064,-0.3160406121449378,0.37965843639189906,55,0.05143615819909664,12.658421525295251,0.8577587971064518,0.9665703855418617
pDCs|CD4 T Cells|TGFB1|ITGB1,pDCs,CD4 T Cells,TGFB1,ITGB1,0.02371761586614209,-0.23598531721524,0.28342054894752416,42,0.0011298509440719195,11.139161019626373,0.8579411851089813,0.9665703855418617
B Cells|CD8 T Cells|MIF|CD74_CXCR4,B Cells,CD8 T Cells,MIF,CD74_CXCR4,0.022287233102846915,-0.2208116056926356,0.2653860718983294,56,0.03091252216677365,12.823253107384767,0.8573967717493306,0.9665703855418617
pDCs|CD8 T Cells|VIM|CD44,pDCs,CD8 T Cells,VIM,CD44,-0.005628537225610464,-0.07320063897637351,0.06194356452515258,44,0.012258228074368938,10.877998116002292,0.8703147879427384,0.9667156270793511
CD8 T Cells|CD8 T Cells|CLEC2D|KLRB1,CD8 T Cells,CD8 T Cells,CLEC2D,KLRB1,0.018226363988813832,-0.1854026729353818,0.22185540091300945,55,0.033582606376142854,12.658421525295251,0.8607403224125951,0.9667156270793511
CD4 T Cells|pDCs|LGALS1|PTPRC,CD4 T Cells,pDCs,LGALS1,PTPRC,-0.016653214760177792,-0.20394284887100883,0.17063641935065327,44,0.17318427640290146,10.877998116002292,0.8616501841584473,0.9667156270793511
Non-classical Monocytes|CD4 T Cells|CD14|ITGA4,Non-classical Monocytes,CD4 T Cells,CD14,ITGA4,-0.02451710285613174,-0.3171987275201489,0.2681645218078854,56,0.1501030618186716,12.823253107384767,0.8695889893454729,0.9667156270793511
Classical Monocytes|NK Cells|VCAN|ITGB1,Classical Monocytes,NK Cells,VCAN,ITGB1,0.009011185412772488,-0.09866073961564387,0.11668311044118884,56,0.1202552300703924,12.823253107384767,0.8697062621861049,0.9667156270793511
CD8 T Cells|CD8 T Cells|HLA-B|CD8B,CD8 T Cells,CD8 T Cells,HLA-B,CD8B,0.00426241138241959,-0.04561906598169085,0.054143888746530026,56,0.09642615532984611,12.823253107384767,0.8669920206838246,0.9667156270793511
pDCs|CD4 T Cells|TNFSF13B|HLA-DPB1,pDCs,CD4 T Cells,TNFSF13B,HLA-DPB1,0.01832480601205121,-0.19952563640722518,0.23617524843132762,43,0.06921579108711584,10.683833490877575,0.869050072892366,0.9667156270793511
Classical Monocytes|pDCs|VCAN|CD44,Classical Monocytes,pDCs,VCAN,CD44,0.014157862438249527,-0.14272605716325093,0.17104178203974996,44,0.0023406549118223374,10.877998116002292,0.859606289717295,0.9667156270793511
CD4 T Cells|B Cells|HMGB1|CXCR4,CD4 T Cells,B Cells,HMGB1,CXCR4,-0.0033204241869311812,-0.0420421680131297,0.035401319639267334,56,0.03882311615901313,12.823253107384767,0.8665292597900257,0.9667156270793511
Non-classical Monocytes|Non-classical Monocytes|CD99|PILRA,Non-classical Monocytes,Non-classical Monocytes,CD99,PILRA,0.01897458416945773,-0.2068801619833635,0.244829330322279,56,0.036095072557716046,12.823253107384767,0.86921069954052,0.9667156270793511
CD8 T Cells|CD8 T Cells|MIF|TNFRSF14,CD8 T Cells,CD8 T Cells,MIF,TNFRSF14,0.01752617303435592,-0.17922040340073497,0.2142727494694468,56,0.021907661319332195,12.823253107384767,0.8613990781870592,0.9667156270793511
B Cells|NK Cells|FCER2|ITGAM_ITGB2,B Cells,NK Cells,FCER2,ITGAM_ITGB2,0.02536668581825799,-0.2692214324866049,0.31995480412312083,54,0.04801568162566916,13.18210742033319,0.8659771454233203,0.9667156270793511
pDCs|NK Cells|CALM1|PTPRA,pDCs,NK Cells,CALM1,PTPRA,-0.017042640286647037,-0.21647107774120297,0.1823857971679089,44,0.10150706227804818,10.877998116002292,0.86698178451812,0.9667156270793511
Non-classical Monocytes|Non-classical Monocytes|SEMA4A|PLXNB2,Non-classical Monocytes,Non-classical Monocytes,SEMA4A,PLXNB2,-0.008368073025805972,-0.10072545650699745,0.0839893104553855,55,0.04684423167860441,12.658421525295251,0.8590503018623036,0.9667156270793511
CD4 T Cells|CD8 T Cells|PKM|CD44,CD4 T Cells,CD8 T Cells,PKM,CD44,-0.019072713878360716,-0.2400357522874912,0.20189032453076977,56,0.12243213247463236,12.823253107384767,0.8656575330523685,0.9667156270793511
Non-classical Monocytes|Non-classical Monocytes|TIMP1|CD63,Non-classical Monocytes,Non-classical Monocytes,TIMP1,CD63,0.009601598265196548,-0.10308761291114706,0.12229080944154015,56,0.10391413889798173,12.823253107384767,0.8673722237367143,0.9667156270793511
CD4 T Cells|Classical Monocytes|MIF|CD44_CD74,CD4 T Cells,Classical Monocytes,MIF,CD44_CD74,-0.013572972652150142,-0.1675251521285292,0.14037920682422894,56,0.09980027253222856,12.823253107384767,0.862810674554603,0.9667156270793511
Classical Monocytes|CD8 T Cells|LGALS3|LAG3,Classical Monocytes,CD8 T Cells,LGALS3,LAG3,-0.019971493392570816,-0.25143899189531427,0.2114960051101726,55,0.0964554991709452,12.658421525295251,0.865710326318639,0.9667156270793511
pDCs|NK Cells|HLA-B|CD3D,pDCs,NK Cells,HLA-B,CD3D,0.012514751041830936,-0.13296569148239487,0.15799519356605676,37,0.2935866228563013,10.1164695267978,0.8661088002923414,0.9667156270793511
pDCs|Non-classical Monocytes|TGFB1|ITGB1,pDCs,Non-classical Monocytes,TGFB1,ITGB1,0.026204768837313486,-0.2694425184054234,0.32185205608005035,42,0.06432820581460852,11.139161019626373,0.8620840396686845,0.9667156270793511
B Cells|B Cells|MIF|CD44_CD74,B Cells,B Cells,MIF,CD44_CD74,0.022428620268739353,-0.22614058354132507,0.2709978240788038,56,0.016437043627946957,12.823253107384767,0.8596267690335602,0.9667156270793511
Non-classical Monocytes|CD4 T Cells|MIF|CD44_CD74,Non-classical Monocytes,CD4 T Cells,MIF,CD44_CD74,-0.02712261739286044,-0.3372259930435212,0.28298075825780034,56,0.01038839938105185,12.823253107384767,0.8638898975324847,0.9667156270793511
pDCs|NK Cells|CD48|CD2,pDCs,NK Cells,CD48,CD2,-0.024631749109983697,-0.3079525016390937,0.2586890034191264,43,0.124783573697549,10.975902595125358,0.8646970018503145,0.9667156270793511
NK Cells|B Cells|PKM|CD44,NK Cells,B Cells,PKM,CD44,0.014049172871150154,-0.14521571372118094,0.17331405946348125,56,0.1387728072661799,12.823253107384767,0.8627350957043125,0.9667156270793511
B Cells|CD8 T Cells|HLA-B|CD8B,B Cells,CD8 T Cells,HLA-B,CD8B,-0.006569105009287146,-0.08264943818154816,0.06951122816297386,56,0.12192402019419812,12.823253107384767,0.865614343564911,0.9667156270793511
CD8 T Cells|CD4 T Cells|ARF6|SMAP1,CD8 T Cells,CD4 T Cells,ARF6,SMAP1,0.014082717995271693,-0.15455836382431254,0.18272379981485593,55,0.03148095938051998,12.658421525295251,0.8699903090082666,0.9667156270793511
CD8 T Cells|Non-classical Monocytes|S100A9|CD36,CD8 T Cells,Non-classical Monocytes,S100A9,CD36,-0.022101396157522907,-0.2730925554642102,0.2288897631491644,51,0.17014691619581856,13.035746994107193,0.8629756661989081,0.9667156270793511
B Cells|CD8 T Cells|HLA-A|CD8B,B Cells,CD8 T Cells,HLA-A,CD8B,0.010202488351498104,-0.11264392391346939,0.1330489006164656,56,0.11946271480018467,12.823253107384767,0.8706944072942632,0.9667156270793511
Non-classical Monocytes|CD8 T Cells|ARF6|SMAP1,Non-classical Monocytes,CD8 T Cells,ARF6,SMAP1,0.017861374858909547,-0.18993606234823734,0.22565881206605642,41,0.1685677857753275,10.776173834062366,0.8662134777807926,0.9667156270793511
B Cells|CD8 T Cells|ADAM28|ITGA4,B Cells,CD8 T Cells,ADAM28,ITGA4,-0.01982244838729487,-0.2584991319846743,0.21885423521008457,56,0.04062824697405076,12.823253107384767,0.870693323965195,0.9667156270793511
Non-classical Monocytes|CD4 T Cells|VCAN|ITGB1,Non-classical Monocytes,CD4 T Cells,VCAN,ITGB1,0.020051911467051098,-0.20241956840674824,0.24252339134085044,55,0.08636279002358793,12.837866108718586,0.8597782420264414,0.9667156270793511
CD8 T Cells|Non-classical Monocytes|HLA-A|APLP2,CD8 T Cells,Non-classical Monocytes,HLA-A,APLP2,0.0016956829606181445,-0.017502554880846774,0.020893920802083063,56,0.22894062777602286,12.823253107384767,0.8625620750877501,0.9667156270793511
B Cells|CD8 T Cells|HLA-C|CD8A,B Cells,CD8 T Cells,HLA-C,CD8A,-0.006731095558150907,-0.08697322738813656,0.07351103627183475,56,0.11057864203846046,12.823253107384767,0.8694074503074726,0.9667156270793511
pDCs|CD4 T Cells|S100A8|CD69,pDCs,CD4 T Cells,S100A8,CD69,0.023184625327792474,-0.26086080238145165,0.3072300530370366,42,0.42233495029239165,10.977367192234547,0.8728983733851361,0.9687370178059899
pDCs|Non-classical Monocytes|LTB|TNFRSF1A,pDCs,Non-classical Monocytes,LTB,TNFRSF1A,0.01895111734885746,-0.21562362804631233,0.2535258627440272,44,0.018703389502696788,10.877998116002292,0.8741857250805722,0.9697398276025487
B Cells|CD4 T Cells|GRN|TNFRSF1B,B Cells,CD4 T Cells,GRN,TNFRSF1B,0.013959333829852524,-0.15950940546428877,0.1874280731239938,54,0.026508105778113578,12.671359849426228,0.8746760681526511,0.9698580185264367
pDCs|NK Cells|LGALS1|CD69,pDCs,NK Cells,LGALS1,CD69,0.014227606135363599,-0.16326095368024135,0.19171616595096852,44,0.06022680322434615,10.877998116002292,0.8751565226717585,0.969965145961199
Classical Monocytes|NK Cells|ICAM1|ITGAM_ITGB2,Classical Monocytes,NK Cells,ICAM1,ITGAM_ITGB2,0.019595057663050836,-0.2261729026200761,0.2653630179461778,45,0.02294435642294923,11.363340631782586,0.8758219721935915,0.9702771257050441
Classical Monocytes|B Cells|ADAM17|RHBDF2,Classical Monocytes,B Cells,ADAM17,RHBDF2,-0.012541102650173705,-0.17197135684235343,0.146889151542006,56,0.014825940529480719,12.823253107384767,0.8774720004735675,0.9716791170888278
NK Cells|Classical Monocytes|HMGB1|TLR2,NK Cells,Classical Monocytes,HMGB1,TLR2,-0.013669110428849426,-0.19123071658429003,0.16389249572659115,56,0.08682983813982259,12.823253107384767,0.8800682938981235,0.9727954794338491
NK Cells|Classical Monocytes|HMGB1|CXCR4,NK Cells,Classical Monocytes,HMGB1,CXCR4,0.01144009976726465,-0.1375712660927315,0.1604514656272608,56,0.030422260307869986,12.823253107384767,0.880391470820907,0.9727954794338491
Classical Monocytes|Classical Monocytes|LTB|TNFRSF1A,Classical Monocytes,Classical Monocytes,LTB,TNFRSF1A,-0.00938258852530266,-0.13168930225485198,0.11292412520424665,55,0.059942725221679205,12.96329824896671,0.8804838351300538,0.9727954794338491
Non-classical Monocytes|NK Cells|GNAI2|S1PR5,Non-classical Monocytes,NK Cells,GNAI2,S1PR5,0.017467927439870065,-0.2084733813730975,0.2434092362528376,56,0.005973525056621409,12.823253107384767,0.8795589666102591,0.9727954794338491
NK Cells|CD4 T Cells|MIF|CD44_CD74,NK Cells,CD4 T Cells,MIF,CD44_CD74,-0.02509754327545015,-0.3531028068703391,0.3029077203194388,56,0.10262205304413785,12.823253107384767,0.8807898919448542,0.9727954794338491
pDCs|pDCs|ARF6|SMAP1,pDCs,pDCs,ARF6,SMAP1,-0.022105568741691763,-0.306889373200565,0.2626782357171814,36,0.1251851872653127,9.716578034972798,0.8790789791964696,0.9727954794338491
CD4 T Cells|CD4 T Cells|MIF|CD74_CXCR4,CD4 T Cells,CD4 T Cells,MIF,CD74_CXCR4,0.029844154102909436,-0.36178503217214086,0.4214733403779597,56,0.19404019113773785,12.823253107384767,0.8812701131023694,0.9729006447399245
Non-classical Monocytes|Classical Monocytes|HMGB1|TLR2,Non-classical Monocytes,Classical Monocytes,HMGB1,TLR2,0.013388610214540443,-0.16580279097031947,0.19258001139940034,56,0.027338882820512223,12.823253107384767,0.883572267956846,0.9750162100991047
B Cells|Non-classical Monocytes|HLA-DQB1|CD4,B Cells,Non-classical Monocytes,HLA-DQB1,CD4,0.008351785735375351,-0.1054651508412113,0.12216872231196202,56,0.006433730215763767,12.823253107384767,0.8856422802759307,0.9768738726570393
pDCs|NK Cells|TGFB1|CXCR4,pDCs,NK Cells,TGFB1,CXCR4,-0.019793999033252074,-0.29175077497778656,0.2521627769112824,42,0.20269752376247352,11.139161019626373,0.8865640189794404,0.9774639074873672
NK Cells|CD4 T Cells|SPON2|ITGA4,NK Cells,CD4 T Cells,SPON2,ITGA4,-0.019158919657739,-0.28534073880964783,0.2470228994941698,56,0.026259096836955376,12.823253107384767,0.8878130901196459,0.9784141642967054
Classical Monocytes|pDCs|HLA-DMB|CD4,Classical Monocytes,pDCs,HLA-DMB,CD4,-0.01234768159586952,-0.18775289704535755,0.1630575338536185,43,0.14501411086915783,10.683833490877575,0.8902625338673718,0.9788195341329068
Non-classical Monocytes|NK Cells|VCAN|ITGA4,Non-classical Monocytes,NK Cells,VCAN,ITGA4,-0.019779277593810735,-0.30138028900960234,0.26182173382198093,55,0.10379846028548545,12.837866108718586,0.8905049896998626,0.9788195341329068
pDCs|CD8 T Cells|HLA-C|CD8A,pDCs,CD8 T Cells,HLA-C,CD8A,-0.006941284038975898,-0.10550374117436871,0.09162117309641692,44,0.14640821450835362,10.877998116002292,0.8902159801098803,0.9788195341329068
pDCs|Classical Monocytes|PTPN6|CD300LF,pDCs,Classical Monocytes,PTPN6,CD300LF,0.008614967731012144,-0.11274360980963294,0.12997354527165722,39,0.05994999644345167,9.875052058658353,0.8893447682792253,0.9788195341329068
Non-classical Monocytes|NK Cells|PKM|CD44,Non-classical Monocytes,NK Cells,PKM,CD44,-0.019477627984449027,-0.2922887831325467,0.25333352716364865,56,0.11818675864338979,12.823253107384767,0.8887124468600391,0.9788195341329068
pDCs|CD8 T Cells|MIF|CD74_CXCR4,pDCs,CD8 T Cells,MIF,CD74_CXCR4,0.0185742539824707,-0.24397421536511532,0.2811227233300567,44,0.025299674394286598,10.877998116002292,0.8897191348072476,0.9788195341329068
Non-classical Monocytes|CD4 T Cells|MIF|CD74_CXCR4,Non-classical Monocytes,CD4 T Cells,MIF,CD74_CXCR4,0.023051833203297123,-0.30724610712191536,0.3533497735285096,56,0.05249611177781488,12.823253107384767,0.891198445208011,0.9791558569741928
pDCs|CD8 T Cells|APP|LRP10,pDCs,CD8 T Cells,APP,LRP10,0.012939764452718716,-0.1755648943283678,0.20144442323380524,44,0.06312915383979278,10.877998116002292,0.8929753503564953,0.9806817515649126
CD4 T Cells|NK Cells|LRPAP1|SORL1,CD4 T Cells,NK Cells,LRPAP1,SORL1,0.004659098235689956,-0.06392906559225853,0.07324726206363844,55,0.02630534254152439,12.658421525295251,0.8940845452377392,0.9814733474438605
Non-classical Monocytes|Non-classical Monocytes|S100A9|CD36,Non-classical Monocytes,Non-classical Monocytes,S100A9,CD36,-0.01767682398967501,-0.28123685141952837,0.24588320344017833,56,0.29212894302241377,12.823253107384767,0.895416417906318,0.9815651598897224
Non-classical Monocytes|Non-classical Monocytes|VCAN|ITGA4,Non-classical Monocytes,Non-classical Monocytes,VCAN,ITGA4,-0.019593679536380165,-0.31369642951555754,0.27450907044279726,55,0.028957622009379014,12.837866108718586,0.8961103378969488,0.9815651598897224
Classical Monocytes|NK Cells|HMGB1|CXCR4,Classical Monocytes,NK Cells,HMGB1,CXCR4,-0.009925286635112288,-0.15866909955261504,0.13881852628239044,56,0.20297718909403095,12.823253107384767,0.895946746774006,0.9815651598897224
Non-classical Monocytes|B Cells|SELPLG|SELL,Non-classical Monocytes,B Cells,SELPLG,SELL,0.009849459278250455,-0.13733986965772516,0.15703878821422607,56,0.05901066553673562,12.823253107384767,0.8956528596921683,0.9815651598897224
Non-classical Monocytes|NK Cells|MIF|CD44_CD74,Non-classical Monocytes,NK Cells,MIF,CD44_CD74,0.016470272897735463,-0.22994507960251065,0.2628856253979816,56,0.06768512376122549,12.823253107384767,0.8957729622236411,0.9815651598897224
B Cells|CD4 T Cells|CD72|CD5,B Cells,CD4 T Cells,CD72,CD5,-0.008073211909762887,-0.13105853915863674,0.11491211533911098,55,0.07511976056757197,12.96329824896671,0.8976272514164693,0.9825416107694787
CD4 T Cells|CD8 T Cells|HLA-F|CD8B,CD4 T Cells,CD8 T Cells,HLA-F,CD8B,0.015479420125894358,-0.2215899166817864,0.2525487569335751,56,0.056553345465123694,12.823253107384767,0.8981682314513241,0.9825416107694787
Non-classical Monocytes|CD4 T Cells|APP|CD74,Non-classical Monocytes,CD4 T Cells,APP,CD74,0.015866215221619007,-0.22695926620206527,0.2586916966453033,49,0.01685323098486813,12.767291671449737,0.898098299332972,0.9825416107694787
CD8 T Cells|Classical Monocytes|ICAM2|ITGAL_ITGB2,CD8 T Cells,Classical Monocytes,ICAM2,ITGAL_ITGB2,-0.020822004354456497,-0.3441723876511311,0.3025283789422182,45,0.007521864982739324,11.069166144300441,0.8995648959462162,0.9836436573154862
CD8 T Cells|Classical Monocytes|LRPAP1|LRP1,CD8 T Cells,Classical Monocytes,LRPAP1,LRP1,-0.001976334960559663,-0.03281953060858971,0.028866860687470387,56,0.021075087447984142,12.823253107384767,0.9000578034098028,0.9836671860673554
CD8 T Cells|B Cells|TGFB1|CXCR4,CD8 T Cells,B Cells,TGFB1,CXCR4,-0.019174002347815966,-0.3193357325453153,0.28098772784968334,55,0.10534760735993376,12.96329824896671,0.9003649392060914,0.9836671860673554
Classical Monocytes|CD4 T Cells|S100A8|CD69,Classical Monocytes,CD4 T Cells,S100A8,CD69,-6.4378589410690745e-06,-0.00010845869928816531,9.558298140602716e-05,56,0.030419936571137618,12.823253107384767,0.9015683828740227,0.98370608960391
NK Cells|Classical Monocytes|HLA-DPA1|CD4,NK Cells,Classical Monocytes,HLA-DPA1,CD4,-0.013211424991901408,-0.22228918477572596,0.1958663347919231,56,0.09946994802899634,12.823253107384767,0.9014354184012066,0.98370608960391
CD8 T Cells|NK Cells|LRPAP1|SORL1,CD8 T Cells,NK Cells,LRPAP1,SORL1,0.005087679771954373,-0.07530552834855102,0.08548088789245976,55,0.04277409335498372,12.658421525295251,0.9012866023056859,0.98370608960391
Classical Monocytes|B Cells|TIMP1|CD63,Classical Monocytes,B Cells,TIMP1,CD63,-0.014205156976809019,-0.24425966987266412,0.21584935591904608,54,0.050633226503229545,12.79531477744459,0.9036738204633539,0.9838792521804806
CD8 T Cells|NK Cells|LGALS1|ITGB1,CD8 T Cells,NK Cells,LGALS1,ITGB1,0.01641290739623774,-0.2489592811819772,0.28178509597445267,56,0.034920340826180785,12.823253107384767,0.9035159156462504,0.9838792521804806
B Cells|Classical Monocytes|FAM3C|LAMP1,B Cells,Classical Monocytes,FAM3C,LAMP1,0.006916772733217218,-0.10391338114149126,0.11774692660792571,56,0.1163325402965375,12.823253107384767,0.9026464433653151,0.9838792521804806
CD8 T Cells|CD8 T Cells|TNF|TRADD,CD8 T Cells,CD8 T Cells,TNF,TRADD,0.011157690049609384,-0.168483967909402,0.19079934800862075,42,0.030508140169610565,11.153167554590173,0.9031089224043343,0.9838792521804806
Classical Monocytes|pDCs|TNFSF13B|TFRC,Classical Monocytes,pDCs,TNFSF13B,TFRC,-0.018099518009688925,-0.307392318252664,0.2711932822332861,38,0.0055909702689860286,10.08428638712406,0.9024044021495093,0.9838792521804806
Classical Monocytes|NK Cells|SELPLG|ITGAM,Classical Monocytes,NK Cells,SELPLG,ITGAM,0.006340700446202871,-0.09743214945919654,0.11011355035160228,55,0.04050742005453434,12.96329824896671,0.9046754982213794,0.9841218183406912
Classical Monocytes|CD4 T Cells|TIMP2|ITGB1,Classical Monocytes,CD4 T Cells,TIMP2,ITGB1,-0.013911364418536465,-0.2411559856669881,0.21333325682991516,56,0.0805342674176055,12.823253107384767,0.9044956322043176,0.9841218183406912
NK Cells|Classical Monocytes|HLA-A|APLP2,NK Cells,Classical Monocytes,HLA-A,APLP2,-0.00047449149362230325,-0.008317158375669383,0.007368175388424776,56,0.054160932886019864,12.823253107384767,0.9056078284009839,0.9842885945674349
Non-classical Monocytes|Classical Monocytes|GRN|TNFRSF1A,Non-classical Monocytes,Classical Monocytes,GRN,TNFRSF1A,0.014239359340704942,-0.22037693533605768,0.24885565401746756,56,0.05517518318886294,12.823253107384767,0.9053115134169428,0.9842885945674349
Classical Monocytes|Non-classical Monocytes|S100A12|CD36,Classical Monocytes,Non-classical Monocytes,S100A12,CD36,0.016215305894283494,-0.2536665848434959,0.2860971966320629,56,0.10307772854581065,12.823253107384767,0.9062574599791525,0.9845711957727079
NK Cells|pDCs|GNAI2|CXCR3,NK Cells,pDCs,GNAI2,CXCR3,0.012873913219669398,-0.20890101005345904,0.23464883649279786,43,0.206055381688807,10.683833490877575,0.9094162844041347,0.9858837197294074
Classical Monocytes|CD4 T Cells|MIF|TNFRSF14,Classical Monocytes,CD4 T Cells,MIF,TNFRSF14,-0.01543411830386477,-0.2782801348013447,0.2474118981936152,56,0.2946596092860997,12.823253107384767,0.9083756919778553,0.9858837197294074
pDCs|B Cells|S100A8|CD69,pDCs,B Cells,S100A8,CD69,-0.019339090489498,-0.3496341414118668,0.31095596043287077,42,0.31003124354043377,10.977367192234547,0.9086371288197168,0.9858837197294074
Non-classical Monocytes|CD8 T Cells|MIF|CD74_CXCR4,Non-classical Monocytes,CD8 T Cells,MIF,CD74_CXCR4,0.014717777682086569,-0.23760493557926923,0.2670404909434424,56,0.02179474960017269,12.823253107384767,0.9089816732521783,0.9858837197294074
Classical Monocytes|Non-classical Monocytes|S100A9|CD36,Classical Monocytes,Non-classical Monocytes,S100A9,CD36,0.007208751591521845,-0.11680334856468143,0.13122085174772513,56,0.16686393535068766,12.823253107384767,0.9092920378349294,0.9858837197294074
Non-classical Monocytes|B Cells|TGFB1|ITGB1,Non-classical Monocytes,B Cells,TGFB1,ITGB1,0.01561692109205878,-0.3040997765641467,0.33533361874826423,45,0.008990386735512446,11.486669209818757,0.9237297387748777,0.9866014283044601
B Cells|CD8 T Cells|HLA-A|CD8A,B Cells,CD8 T Cells,HLA-A,CD8A,-0.003653819249014423,-0.07246998576645125,0.0651623472684224,56,0.11990389125352852,12.823253107384767,0.9171177686693548,0.9866014283044601
CD8 T Cells|pDCs|ARF6|SMAP1,CD8 T Cells,pDCs,ARF6,SMAP1,0.014442306657397826,-0.3104514193513938,0.33933603266618945,36,0.2155016237100994,9.716578034972798,0.9305720681285009,0.9866014283044601
Non-classical Monocytes|CD8 T Cells|CD14|ITGA4,Non-classical Monocytes,CD8 T Cells,CD14,ITGA4,0.015837748474567356,-0.273781710181711,0.30545720713084573,56,0.128689601667215,12.823253107384767,0.9146461734172034,0.9866014283044601
Non-classical Monocytes|pDCs|CD14|ITGB1,Non-classical Monocytes,pDCs,CD14,ITGB1,-0.015472307612334597,-0.34647412310015396,0.3155295078754848,44,0.021944439006850724,10.877998116002292,0.9270028906694656,0.9866014283044601
Classical Monocytes|Non-classical Monocytes|APP|CD74,Classical Monocytes,Non-classical Monocytes,APP,CD74,-0.008761180457084794,-0.1749461428913221,0.1574237819771525,55,0.14784123868952304,12.658421525295251,0.9177024705745919,0.9866014283044601
pDCs|Classical Monocytes|HLA-DRB5|CD4,pDCs,Classical Monocytes,HLA-DRB5,CD4,0.021758037380511908,-0.44125721996301137,0.4847732947240352,39,0.0036933429281331698,10.363474393140448,0.9266164187492996,0.9866014283044601
CD8 T Cells|Non-classical Monocytes|HMGB1|CXCR4,CD8 T Cells,Non-classical Monocytes,HMGB1,CXCR4,0.008494564055011838,-0.14870138117170667,0.16569050928173035,56,0.050781218569569964,12.823253107384767,0.9156516548316321,0.9866014283044601
CD8 T Cells|B Cells|LGALS1|CD69,CD8 T Cells,B Cells,LGALS1,CD69,0.006213257046906423,-0.13459515590311505,0.1470216699969279,56,0.1518056180954377,12.823253107384767,0.9310811932848528,0.9866014283044601
Classical Monocytes|Non-classical Monocytes|ADAM15|ITGB1,Classical Monocytes,Non-classical Monocytes,ADAM15,ITGB1,-0.0036240801021707805,-0.08285967421278007,0.07561151400843849,53,0.02693105675554508,12.502764428486943,0.9285694073234778,0.9866014283044601
pDCs|CD8 T Cells|PTDSS1|JMJD6,pDCs,CD8 T Cells,PTDSS1,JMJD6,0.01330949256875516,-0.2903961732528644,0.31701515839037464,38,0.10794293783676756,10.371891274133363,0.9315516454034198,0.9866014283044601
pDCs|Classical Monocytes|LGALS9|LRP1,pDCs,Classical Monocytes,LGALS9,LRP1,0.010396988715856259,-0.21091654197261922,0.23171051940433174,43,0.23329653177924636,10.683833490877575,0.9266374456451277,0.9866014283044601
Classical Monocytes|NK Cells|TNFSF13B|HLA-DPB1,Classical Monocytes,NK Cells,TNFSF13B,HLA-DPB1,0.015102054142646995,-0.26537701673300995,0.2955811250183039,56,0.14036366619607887,12.823253107384767,0.9159537787053922,0.9866014283044601
Classical Monocytes|NK Cells|VCAN|SELL,Classical Monocytes,NK Cells,VCAN,SELL,-0.008405480362521867,-0.19948325014933155,0.18267228942428781,56,0.061506789097414694,12.823253107384767,0.9312927242245644,0.9866014283044601
Non-classical Monocytes|NK Cells|TGFB1|CXCR4,Non-classical Monocytes,NK Cells,TGFB1,CXCR4,0.014259484748801732,-0.25847108949810754,0.286990058995711,56,0.11689679444442846,12.823253107384767,0.9183796236134689,0.9866014283044601
Non-classical Monocytes|NK Cells|TIMP2|CD44,Non-classical Monocytes,NK Cells,TIMP2,CD44,-0.01753001154544917,-0.36063150740084526,0.325571484309947,56,0.06057386447109303,12.823253107384767,0.9202331621970202,0.9866014283044601
NK Cells|NK Cells|SPON2|ITGB1,NK Cells,NK Cells,SPON2,ITGB1,-0.015688044597789996,-0.32256099414215117,0.2911849049465712,56,0.2738158334447627,12.823253107384767,0.9201872719389492,0.9866014283044601
NK Cells|NK Cells|TGFB1|CXCR4,NK Cells,NK Cells,TGFB1,CXCR4,-0.013174751400856888,-0.2854768359260604,0.2591273331243466,56,0.03633076147611647,12.823253107384767,0.9244509323828167,0.9866014283044601
CD4 T Cells|B Cells|PKM|CD44,CD4 T Cells,B Cells,PKM,CD44,-0.006634796635426803,-0.15125792057267998,0.1379883273018264,56,0.0797866049301077,12.823253107384767,0.9283538036393343,0.9866014283044601
Non-classical Monocytes|NK Cells|CD58|CD2,Non-classical Monocytes,NK Cells,CD58,CD2,-0.008753842342611937,-0.19742530488815813,0.17991762020293423,56,0.19088239929174244,12.823253107384767,0.9275426547424772,0.9866014283044601
Non-classical Monocytes|NK Cells|CALM1|PTPRA,Non-classical Monocytes,NK Cells,CALM1,PTPRA,-0.009046014231940777,-0.21505890808954514,0.19696687962566362,56,0.17889377377969473,12.823253107384767,0.9314172066393092,0.9866014283044601
CD4 T Cells|Non-classical Monocytes|CALM1|PTPRA,CD4 T Cells,Non-classical Monocytes,CALM1,PTPRA,0.010987606315686904,-0.2062973886327974,0.2282726012641712,51,0.0013217497092573582,11.978027881857493,0.9210502131881335,0.9866014283044601
Classical Monocytes|pDCs|VIM|CD44,Classical Monocytes,pDCs,VIM,CD44,0.004665983930763673,-0.10061905580730743,0.10995102366883477,44,0.03787384003011762,10.877998116002292,0.9307820253177848,0.9866014283044601
CD4 T Cells|Classical Monocytes|HMGB1|CXCR4,CD4 T Cells,Classical Monocytes,HMGB1,CXCR4,-0.010802319968651511,-0.22360388971005152,0.20199924977274852,56,0.017494491798045075,12.823253107384767,0.9207472502838793,0.9866014283044601
Non-classical Monocytes|Classical Monocytes|HBEGF|CD44,Non-classical Monocytes,Classical Monocytes,HBEGF,CD44,0.010029805391697028,-0.185348028499597,0.20540763928299108,45,0.04661838751986758,11.486669209818757,0.9198556151597884,0.9866014283044601
CD8 T Cells|CD4 T Cells|MIF|CD74_CXCR4,CD8 T Cells,CD4 T Cells,MIF,CD74_CXCR4,-0.02060599232322695,-0.41381549040924004,0.3726035057627861,56,0.07764032358386908,12.823253107384767,0.9181922178143296,0.9866014283044601
Classical Monocytes|Classical Monocytes|TGFB1|ITGB1,Classical Monocytes,Classical Monocytes,TGFB1,ITGB1,0.01417445198714165,-0.2604020431697158,0.28875094714399907,55,0.08730331366072741,12.96329824896671,0.9194082505353542,0.9866014283044601
pDCs|CD8 T Cells|LGALS1|ITGB1,pDCs,CD8 T Cells,LGALS1,ITGB1,0.01324049581882776,-0.28186995613032084,0.30835094776797634,44,0.011893025307137206,10.877998116002292,0.9299273759317349,0.9866014283044601
Classical Monocytes|Classical Monocytes|SELPLG|ITGAM,Classical Monocytes,Classical Monocytes,SELPLG,ITGAM,0.008586726907113117,-0.15466504402148654,0.17183849783571278,56,0.08260672268348412,12.823253107384767,0.9178912964712969,0.9866014283044601
NK Cells|Classical Monocytes|MIF|TNFRSF14,NK Cells,Classical Monocytes,MIF,TNFRSF14,-0.017730204013702497,-0.3372686796274776,0.30180827160007256,56,0.041211369755255745,12.823253107384767,0.913398915859632,0.9866014283044601
NK Cells|Classical Monocytes|TGFB1|CXCR4,NK Cells,Classical Monocytes,TGFB1,CXCR4,-0.01290567958524396,-0.2974934568462024,0.27168209767571444,56,0.058378400291883015,12.823253107384767,0.929175866554471,0.9866014283044601
NK Cells|Classical Monocytes|SPON2|ITGAM,NK Cells,Classical Monocytes,SPON2,ITGAM,-0.010823335530899023,-0.24043958989247427,0.2187929188306762,56,0.33670248965605254,12.823253107384767,0.9263912911063192,0.9866014283044601
Classical Monocytes|CD8 T Cells|TIMP2|CD44,Classical Monocytes,CD8 T Cells,TIMP2,CD44,-0.01138417060350251,-0.22500654740164133,0.20223820619463628,56,0.06739432690550273,12.823253107384767,0.9168133333403097,0.9866014283044601
Classical Monocytes|Classical Monocytes|HMGB1|CXCR4,Classical Monocytes,Classical Monocytes,HMGB1,CXCR4,0.012634910014106084,-0.20916665306195825,0.2344364730901704,56,0.016315679096842173,12.823253107384767,0.9111015545479677,0.9866014283044601
Classical Monocytes|Classical Monocytes|LGALS1|CD69,Classical Monocytes,Classical Monocytes,LGALS1,CD69,0.011491296429032127,-0.2287840026708929,0.2517665955289572,55,0.09471572662443095,12.96329824896671,0.9253186021863962,0.9866014283044601
Classical Monocytes|Classical Monocytes|CIRBP|TREM1,Classical Monocytes,Classical Monocytes,CIRBP,TREM1,-0.00638539345706466,-0.146696026716741,0.1339252398026117,56,0.04731452212376064,12.823253107384767,0.9289261784638077,0.9866014283044601
B Cells|Non-classical Monocytes|HLA-F|LILRB2,B Cells,Non-classical Monocytes,HLA-F,LILRB2,0.013533915446775631,-0.2598025738968537,0.28687040479040493,56,0.10669876725780225,12.823253107384767,0.9226905210005856,0.9866014283044601
Classical Monocytes|Classical Monocytes|PTPN6|CLEC12A,Classical Monocytes,Classical Monocytes,PTPN6,CLEC12A,-0.011765866958783178,-0.249421111636655,0.22588937771908865,56,0.03577555572880764,12.823253107384767,0.9226992718643748,0.9866014283044601
CD8 T Cells|NK Cells|LGALS1|CD69,CD8 T Cells,NK Cells,LGALS1,CD69,-0.012248980843923202,-0.26954444144269807,0.2450464797548517,56,0.21916549525148987,12.823253107384767,0.9256593816616464,0.9866014283044601
CD8 T Cells|NK Cells|TGFB1|CXCR4,CD8 T Cells,NK Cells,TGFB1,CXCR4,-0.019556878787882037,-0.38123126808923713,0.34211751051347306,55,0.04418446572251056,12.96329824896671,0.9155970659443207,0.9866014283044601
B Cells|NK Cells|MIF|CD74_CXCR4,B Cells,NK Cells,MIF,CD74_CXCR4,-0.0141376261620271,-0.33598931563307344,0.3077140633090193,56,0.08459796667178987,12.823253107384767,0.9313923384744346,0.9866014283044601
pDCs|Non-classical Monocytes|LGALS9|CD44,pDCs,Non-classical Monocytes,LGALS9,CD44,0.011003296226328618,-0.23872478344247283,0.26073137589513007,43,0.000584561636695291,10.683833490877575,0.9311816842929352,0.9866014283044601
Non-classical Monocytes|CD8 T Cells|CD58|CD2,Non-classical Monocytes,CD8 T Cells,CD58,CD2,0.00982332640087262,-0.17450069151564307,0.19414734431738828,56,0.06643431856914583,12.823253107384767,0.9168091358375439,0.9866014283044601
Non-classical Monocytes|B Cells|APP|CD74,Non-classical Monocytes,B Cells,APP,CD74,0.0034143946888234916,-0.0687319226186477,0.07556071199629467,49,0.10238758013160754,12.767291671449737,0.9260964512184627,0.9866014283044601
NK Cells|pDCs|VIM|CD44,NK Cells,pDCs,VIM,CD44,0.01390823610697279,-0.26136413790371127,0.28918061011765683,44,0.14027323331671615,10.877998116002292,0.9211161274060419,0.9866014283044601
Non-classical Monocytes|pDCs|APP|LRP10,Non-classical Monocytes,pDCs,APP,LRP10,0.016516639267353347,-0.34803153668060377,0.3810648152153105,39,0.007132222674978372,10.83035639261881,0.9292405522945482,0.9866014283044601
Non-classical Monocytes|B Cells|HMGB1|CXCR4,Non-classical Monocytes,B Cells,HMGB1,CXCR4,-0.002695159294880539,-0.0541478062597237,0.04875748766996262,56,0.058387661640941224,12.823253107384767,0.9182284031148598,0.9866014283044601
pDCs|pDCs|TGFB1|CXCR4,pDCs,pDCs,TGFB1,CXCR4,-0.015434762664873786,-0.3095071153078881,0.2786375899781406,42,0.24495528214443463,11.139161019626373,0.9180651870293184,0.9866014283044601
Non-classical Monocytes|pDCs|APP|CD74,Non-classical Monocytes,pDCs,APP,CD74,0.008076615990431954,-0.1662280382775806,0.18238127025844453,40,0.0821215843819274,11.038302619805199,0.9276377708297855,0.9866014283044601
CD8 T Cells|Non-classical Monocytes|GNAI2|ADCY7,CD8 T Cells,Non-classical Monocytes,GNAI2,ADCY7,-0.004937814883496306,-0.09890514292860661,0.089029513161614,56,0.01929432257480357,12.823253107384767,0.9179688448802714,0.9866014283044601
pDCs|Non-classical Monocytes|ANXA2|TLR2,pDCs,Non-classical Monocytes,ANXA2,TLR2,0.01269081053080277,-0.23512466111640062,0.26050628217800614,44,0.09709337477461089,10.877998116002292,0.9200496483843444,0.9866014283044601
NK Cells|CD8 T Cells|LRPAP1|SORL1,NK Cells,CD8 T Cells,LRPAP1,SORL1,-0.002087819927039396,-0.04760677767976548,0.043431137825686694,49,0.027211586276097655,11.624136027467104,0.92836846952253,0.9866014283044601
pDCs|NK Cells|TNFSF13B|HLA-DPB1,pDCs,NK Cells,TNFSF13B,HLA-DPB1,0.017059093461894007,-0.302315809581966,0.336433996505754,43,0.06542626856389533,10.683833490877575,0.9166221694092461,0.9866014283044601
NK Cells|CD8 T Cells|HLA-E|CD8B,NK Cells,CD8 T Cells,HLA-E,CD8B,-0.0056694102887217546,-0.1280130778451354,0.1166742572676919,56,0.07032573163835254,12.823253107384767,0.927631798469105,0.9866014283044601
Classical Monocytes|CD8 T Cells|HLA-DRA|LAG3,Classical Monocytes,CD8 T Cells,HLA-DRA,LAG3,0.01092635212650972,-0.2326574407532352,0.25451014500625463,55,0.1666256759153607,12.658421525295251,0.9299423174982085,0.9866014283044601
CD8 T Cells|CD8 T Cells|HLA-B|CD8A,CD8 T Cells,CD8 T Cells,HLA-B,CD8A,-0.001071287806024862,-0.025868164175690395,0.02372558856364067,56,0.07160368080725033,12.823253107384767,0.9325194507345343,0.9872126736515159
NK Cells|Classical Monocytes|GNAI2|ADCY7,NK Cells,Classical Monocytes,GNAI2,ADCY7,0.0029408146025054795,-0.0665268987154538,0.07240852792046475,56,0.028342698535053112,12.823253107384767,0.9338736250650281,0.9882322657199858
NK Cells|pDCs|GNAI2|ADCY7,NK Cells,pDCs,GNAI2,ADCY7,0.008982322519575599,-0.2045656969660043,0.22253034200515548,34,0.006252900718917265,10.015665273394857,0.9342963451491572,0.9882657447433739
CD4 T Cells|pDCs|PKM|CD44,CD4 T Cells,pDCs,PKM,CD44,-0.0096093115573221,-0.2413330448203999,0.22211442170575574,44,0.040694251004009696,10.877998116002292,0.9352213398036716,0.9884512347042084
Classical Monocytes|NK Cells|GRN|TNFRSF1B,Classical Monocytes,NK Cells,GRN,TNFRSF1B,0.008063988050933186,-0.18649340413553717,0.20262138023740356,56,0.1305459975775859,12.823253107384767,0.9352540174822961,0.9884512347042084
NK Cells|pDCs|LRPAP1|SORL1,NK Cells,pDCs,LRPAP1,SORL1,0.0076501431429701686,-0.17875983266171064,0.19406011894765096,39,0.07585494639932955,10.363474393140448,0.9358907849581891,0.9884694276786349
Classical Monocytes|Non-classical Monocytes|LGALS9|LRP1,Classical Monocytes,Non-classical Monocytes,LGALS9,LRP1,0.00805888433391689,-0.18881175960940733,0.2049295282772411,56,0.3486768802372556,12.823253107384767,0.9360535577502862,0.9884694276786349
Classical Monocytes|Non-classical Monocytes|GNAI2|ADCY7,Classical Monocytes,Non-classical Monocytes,GNAI2,ADCY7,0.006813015560614824,-0.1614366376720932,0.17506266879332288,56,0.08058978534235905,12.823253107384767,0.9367416855964081,0.9885365617352678
Non-classical Monocytes|B Cells|LTB|CD40,Non-classical Monocytes,B Cells,LTB,CD40,-0.008421922474451607,-0.23519808088866365,0.21835423593976042,56,0.03243257601981442,12.823253107384767,0.9419745335061553,0.9885365617352678
CD8 T Cells|B Cells|TGFB1|ITGB1,CD8 T Cells,B Cells,TGFB1,ITGB1,-0.01134356648044861,-0.2976354906518106,0.2749483576909134,44,0.1676859850499035,11.588913686680788,0.9380997611250307,0.9885365617352678
Classical Monocytes|B Cells|TNFSF13B|HLA-DPB1,Classical Monocytes,B Cells,TNFSF13B,HLA-DPB1,-0.0009603572454849052,-0.026788714776895598,0.024868000285925788,56,0.04030214682485522,12.823253107384767,0.9419048469095017,0.9885365617352678
Classical Monocytes|CD4 T Cells|ADAM17|ITGB1,Classical Monocytes,CD4 T Cells,ADAM17,ITGB1,-0.00856465613193752,-0.22523705993577237,0.20810774767189733,56,0.11437320188460953,12.823253107384767,0.9382466953045011,0.9885365617352678
CD8 T Cells|Classical Monocytes|MIF|CD44_CD74,CD8 T Cells,Classical Monocytes,MIF,CD44_CD74,-0.008071141251182318,-0.21654555696583191,0.20040327446346726,56,0.09860153491965196,12.823253107384767,0.9395141584111494,0.9885365617352678
Classical Monocytes|CD4 T Cells|LGALS1|PTPRC,Classical Monocytes,CD4 T Cells,LGALS1,PTPRC,-0.0008023080693146806,-0.02129510525620092,0.01969048911757156,56,0.01978768729628999,12.823253107384767,0.9388351320726871,0.9885365617352678
NK Cells|pDCs|MIF|TNFRSF14,NK Cells,pDCs,MIF,TNFRSF14,0.011340230123494513,-0.2780368513961503,0.3007173116431393,44,0.11301176838872884,10.877998116002292,0.9387763751461329,0.9885365617352678
Classical Monocytes|CD8 T Cells|HLA-C|CD8B,Classical Monocytes,CD8 T Cells,HLA-C,CD8B,0.004518982258184381,-0.11134735467635731,0.12038531919272608,56,0.10727879514597438,12.823253107384767,0.9390675389409037,0.9885365617352678
CD8 T Cells|CD8 T Cells|VIM|CD44,CD8 T Cells,CD8 T Cells,VIM,CD44,0.0074886851379658975,-0.19372463506234333,0.2087020053382751,56,0.20486540934473496,12.823253107384767,0.9418496965451121,0.9885365617352678
NK Cells|CD8 T Cells|HLA-DRB1|LAG3,NK Cells,CD8 T Cells,HLA-DRB1,LAG3,0.010357409650200516,-0.2555824169926505,0.2762972362930516,55,0.12346505173424915,12.658421525295251,0.9391536783192825,0.9885365617352678
Classical Monocytes|NK Cells|CD14|ITGB1,Classical Monocytes,NK Cells,CD14,ITGB1,-0.007779815479091422,-0.2122742329569774,0.19671460199879454,56,0.08474588653832726,12.823253107384767,0.9405606983787167,0.9885365617352678
B Cells|pDCs|ADAM28|ITGA4,B Cells,pDCs,ADAM28,ITGA4,0.011655922896187457,-0.2931700290795733,0.3164818748719482,37,0.0053862138461426845,10.1164695267978,0.940258451211508,0.9885365617352678
NK Cells|Classical Monocytes|HLA-DPB1|CD4,NK Cells,Classical Monocytes,HLA-DPB1,CD4,-0.008364616374505425,-0.23472987608333049,0.21800064333431965,56,0.1756706695471667,12.823253107384767,0.9422642421867338,0.9885365617352678
Classical Monocytes|pDCs|HMGB1|CXCR4,Classical Monocytes,pDCs,HMGB1,CXCR4,-0.004909955596267945,-0.13520929531066778,0.12538938411813189,44,0.07815494322073935,10.877998116002292,0.9411252840358404,0.9885365617352678
Classical Monocytes|pDCs|MIF|CD74_CXCR4,Classical Monocytes,pDCs,MIF,CD74_CXCR4,-0.009568252464739052,-0.2690104317715575,0.2498739268420794,44,0.27978918545110154,10.877998116002292,0.9423761682707797,0.9885365617352678
Classical Monocytes|B Cells|CD14|ITGB1,Classical Monocytes,B Cells,CD14,ITGB1,0.009186634563900876,-0.24539937737572362,0.2637726465035254,45,0.13070104588502407,11.486669209818757,0.9436170074641722,0.9893862108377168
Non-classical Monocytes|CD8 T Cells|LGALS9|CD44,Non-classical Monocytes,CD8 T Cells,LGALS9,CD44,-0.010116342001864842,-0.2942205864219539,0.27398790241822424,56,0.09058810131083339,12.823253107384767,0.9443607204355254,0.9893862108377168
Classical Monocytes|B Cells|S100A8|CD69,Classical Monocytes,B Cells,S100A8,CD69,3.822278120430012e-06,-0.00010351924713247755,0.00011116380337333757,56,0.014753768561478364,12.823253107384767,0.944359602353358,0.9893862108377168
pDCs|Classical Monocytes|GNAI2|C5AR1,pDCs,Classical Monocytes,GNAI2,C5AR1,-0.008218053274517703,-0.25859842740834715,0.24216232085931177,44,0.08404635958162421,10.877998116002292,0.9487070880278141,0.9898633121666083
Non-classical Monocytes|Classical Monocytes|VCAN|TLR2,Non-classical Monocytes,Classical Monocytes,VCAN,TLR2,0.009826533680010907,-0.28971263348713594,0.30936570084715775,55,0.03299932287769047,12.837866108718586,0.94873325764445,0.9898633121666083
B Cells|Non-classical Monocytes|LGALS1|CD69,B Cells,Non-classical Monocytes,LGALS1,CD69,0.007086709895996135,-0.20525057860403162,0.2194239983960239,53,0.131328240170703,13.001070204273278,0.9478448846048791,0.9898633121666083
Non-classical Monocytes|CD8 T Cells|TNFSF13B|HLA-DPB1,Non-classical Monocytes,CD8 T Cells,TNFSF13B,HLA-DPB1,-0.009095362997299159,-0.28319931921223007,0.2650085932176317,56,0.386570844297062,12.823253107384767,0.9481454561413035,0.9898633121666083
B Cells|Classical Monocytes|HLA-DMA|CD4,B Cells,Classical Monocytes,HLA-DMA,CD4,-0.005823385355956619,-0.18313940343928967,0.17149263272737644,56,0.102156087306149,12.823253107384767,0.9486765443683273,0.9898633121666083
Non-classical Monocytes|NK Cells|S100A8|CD69,Non-classical Monocytes,NK Cells,S100A8,CD69,0.004473362660769933,-0.12838066426301487,0.13732738958455476,56,0.39989026526911375,12.823253107384767,0.947382236484679,0.9898633121666083
Non-classical Monocytes|CD8 T Cells|LGALS3|LAG3,Non-classical Monocytes,CD8 T Cells,LGALS3,LAG3,0.008776893795054072,-0.24665735998070604,0.2642111475708142,55,0.1214996924935029,12.658421525295251,0.9463065051121562,0.9898633121666083
NK Cells|CD4 T Cells|MIF|CD74_CXCR4,NK Cells,CD4 T Cells,MIF,CD74_CXCR4,0.011868986981668168,-0.34193591672250545,0.3656738906858418,56,0.15542429805828128,12.823253107384767,0.9475766063817346,0.9898633121666083
Classical Monocytes|Classical Monocytes|CALR|LRP1,Classical Monocytes,Classical Monocytes,CALR,LRP1,0.0044778938566092386,-0.1274432709869055,0.13639905870012398,56,0.006859644987279423,12.823253107384767,0.946957107653401,0.9898633121666083
B Cells|CD8 T Cells|LRPAP1|SORL1,B Cells,CD8 T Cells,LRPAP1,SORL1,0.0054938389074685595,-0.16190276136236548,0.17289043917730262,49,0.06490606923360931,11.624136027467104,0.9487117325509135,0.9898633121666083
pDCs|CD4 T Cells|ARF6|SMAP1,pDCs,CD4 T Cells,ARF6,SMAP1,-0.007503409931296591,-0.23999860817726174,0.22499178831466857,44,0.14193768953607822,10.877998116002292,0.9495636903524,0.9899347899541142
NK Cells|CD4 T Cells|HLA-DPA1|CD4,NK Cells,CD4 T Cells,HLA-DPA1,CD4,0.00952223649388847,-0.2856532064211946,0.3046976794089715,56,0.2687390354222947,12.823253107384767,0.9495852516219917,0.9899347899541142
NK Cells|NK Cells|SPON2|ITGAM,NK Cells,NK Cells,SPON2,ITGAM,0.00960550330299026,-0.2950249196286202,0.3142359262346007,55,0.04358990096869564,12.96329824896671,0.9507213704958885,0.9907104755641691
Non-classical Monocytes|B Cells|VCAN|SELL,Non-classical Monocytes,B Cells,VCAN,SELL,-0.004127487533131496,-0.2610199316953551,0.25276495662909215,55,0.14484654461262603,12.837866108718586,0.9748781963129968,0.9910979068978963
B Cells|CD8 T Cells|HLA-C|CD8B,B Cells,CD8 T Cells,HLA-C,CD8B,-0.0016039470412989448,-0.10755501290424893,0.10434711882165104,56,0.08843223154547541,12.823253107384767,0.9763294075715961,0.9910979068978963
B Cells|CD8 T Cells|ARF6|SMAP1,B Cells,CD8 T Cells,ARF6,SMAP1,0.00711702716706367,-0.2521971412413374,0.2664311955754648,41,0.13670944326841827,10.776173834062366,0.9571006093744402,0.9910979068978963
Non-classical Monocytes|pDCs|S100A12|CD36,Non-classical Monocytes,pDCs,S100A12,CD36,-0.00552251952460479,-0.27496068222592307,0.26391564317671345,41,0.1185590886702107,10.705390030977274,0.9679557947233042,0.9910979068978963
Non-classical Monocytes|CD4 T Cells|HLA-DRB5|CD4,Non-classical Monocytes,CD4 T Cells,HLA-DRB5,CD4,0.007060109661763153,-0.27762602927935875,0.291746248602885,50,0.05762330331158949,12.18064662723827,0.96123299103216,0.9910979068978963
pDCs|NK Cells|S100A9|ITGB2,pDCs,NK Cells,S100A9,ITGB2,-0.00441555293852967,-0.29060277520404976,0.2817716693269904,40,0.30595847553121325,11.038302619805199,0.9758755832635945,0.9910979068978963
CD4 T Cells|CD8 T Cells|HMGB1|CXCR4,CD4 T Cells,CD8 T Cells,HMGB1,CXCR4,-0.0009716630606696197,-0.05001332051151183,0.04806999439017259,56,0.16216539796680607,12.823253107384767,0.9690236983434815,0.9910979068978963
pDCs|pDCs|LGALS9|CD44,pDCs,pDCs,LGALS9,CD44,-0.008241522187251119,-0.29195249910578425,0.27546945473128204,43,0.00505925652704764,10.683833490877575,0.9545969673928073,0.9910979068978963
NK Cells|CD8 T Cells|HLA-B|CD8A,NK Cells,CD8 T Cells,HLA-B,CD8A,0.0005570176748554839,-0.022253626206434108,0.023367661556145076,56,0.06407910864170496,12.823253107384767,0.9618272184814013,0.9910979068978963
CD4 T Cells|Classical Monocytes|CD28|CD86,CD4 T Cells,Classical Monocytes,CD28,CD86,0.0010556180316784597,-0.04175774115924518,0.0438689772226021,56,0.020090838049710458,12.823253107384767,0.9614569004725636,0.9910979068978963
pDCs|NK Cells|PKM|CD44,pDCs,NK Cells,PKM,CD44,-0.0049354886452917385,-0.2255028289305338,0.2156318516399503,44,0.0001972433140579044,10.877998116002292,0.9650185425771235,0.9910979068978963
Classical Monocytes|pDCs|SELPLG|SELL,Classical Monocytes,pDCs,SELPLG,SELL,-0.0033120019986181692,-0.23904861289633597,0.23242460889909963,44,0.03474816760770072,10.877998116002292,0.9780316810862085,0.9910979068978963
Non-classical Monocytes|Classical Monocytes|PTPN6|CLEC12A,Non-classical Monocytes,Classical Monocytes,PTPN6,CLEC12A,-0.0077281785645534895,-0.2608011796283299,0.2453448224992229,56,0.04211223993379143,12.823253107384767,0.9522734267020911,0.9910979068978963
CD4 T Cells|Classical Monocytes|SELPLG|SELL,CD4 T Cells,Classical Monocytes,SELPLG,SELL,-0.005530042827690481,-0.27698398393827356,0.2659238982828926,56,0.009791153396980001,12.823253107384767,0.9681503172091721,0.9910979068978963
NK Cells|B Cells|VIM|CD44,NK Cells,B Cells,VIM,CD44,0.005042086359731581,-0.3037193907755907,0.31380356349505384,56,0.25978090087760075,12.823253107384767,0.9744670391804674,0.9910979068978963
Non-classical Monocytes|Classical Monocytes|LGALS1|CD69,Non-classical Monocytes,Classical Monocytes,LGALS1,CD69,0.0036287774943669637,-0.2579506385278317,0.2652081935165656,55,0.1102105514881816,12.96329824896671,0.9783084084716164,0.9910979068978963
CD4 T Cells|Non-classical Monocytes|HLA-F|LILRB1,CD4 T Cells,Non-classical Monocytes,HLA-F,LILRB1,-0.005233306387502117,-0.20390123180168293,0.19343461902667872,56,0.052572393932030836,12.823253107384767,0.9588240479054506,0.9910979068978963
CD4 T Cells|CD8 T Cells|CALM1|PTPRA,CD4 T Cells,CD8 T Cells,CALM1,PTPRA,0.004476138234623811,-0.16754742176099136,0.17649969823023898,55,0.0200445256002848,12.658421525295251,0.959326131213138,0.9910979068978963
CD4 T Cells|Non-classical Monocytes|HLA-A|APLP2,CD4 T Cells,Non-classical Monocytes,HLA-A,APLP2,0.0007681019434619824,-0.028848693577386533,0.030384897464310497,56,0.12567328387630017,12.823253107384767,0.9594601665102823,0.9910979068978963
NK Cells|Classical Monocytes|MIF|CD44_CD74,NK Cells,Classical Monocytes,MIF,CD44_CD74,-0.003828041611382718,-0.19777276071247013,0.19011667748970468,56,0.07505947718616968,12.823253107384767,0.9691412357881808,0.9910979068978963
Classical Monocytes|pDCs|TIMP2|ITGB1,Classical Monocytes,pDCs,TIMP2,ITGB1,-0.004753066463486874,-0.19816898418958678,0.18866285126261306,44,0.01865111458656088,10.877998116002292,0.9615849027710152,0.9910979068978963
NK Cells|NK Cells|MIF|CD44_CD74,NK Cells,NK Cells,MIF,CD44_CD74,-0.004099630869541453,-0.21441093685437354,0.20621167511529062,56,0.12921488108803014,12.823253107384767,0.9695235314880192,0.9910979068978963
NK Cells|Non-classical Monocytes|HLA-DRA|CD4,NK Cells,Non-classical Monocytes,HLA-DRA,CD4,0.004204370343403277,-0.26966467243689984,0.27807341312370637,55,0.08467250825391792,12.96329824896671,0.9759961642795317,0.9910979068978963
Classical Monocytes|NK Cells|MIF|TNFRSF14,Classical Monocytes,NK Cells,MIF,TNFRSF14,-0.00776914842155681,-0.27668831703844754,0.26115002019533395,56,0.3205131776821174,12.823253107384767,0.954844798645881,0.9910979068978963
CD4 T Cells|pDCs|SIRPG|CD47,CD4 T Cells,pDCs,SIRPG,CD47,0.002995012376602998,-0.17331762494736017,0.17930764970056615,41,0.2151663213871633,10.286080250568475,0.973440303752583,0.9910979068978963
pDCs|CD8 T Cells|SELPLG|SELL,pDCs,CD8 T Cells,SELPLG,SELL,0.0055396626341597255,-0.23342063053111053,0.24449995579942999,44,0.03098100293462247,10.877998116002292,0.96375932188391,0.9910979068978963
CD8 T Cells|B Cells|S100A9|ITGB2,CD8 T Cells,B Cells,S100A9,ITGB2,0.004282962025228307,-0.24941502112551261,0.25798094517596926,51,0.25279396800540144,13.035746994107193,0.9736041215261352,0.9910979068978963
CD4 T Cells|pDCs|CALM1|PTPRA,CD4 T Cells,pDCs,CALM1,PTPRA,-0.0039011752867778027,-0.24889689966588951,0.2410945490923339,42,0.03926228615620608,10.486563748480568,0.9751025646129714,0.9910979068978963
CD4 T Cells|pDCs|GNAI2|ADCY7,CD4 T Cells,pDCs,GNAI2,ADCY7,-0.007748120407776921,-0.37983994859395875,0.36434370777840486,34,0.08583699879609585,10.015665273394857,0.9674452900962545,0.9910979068978963
CD4 T Cells|pDCs|CD40LG|CD53,CD4 T Cells,pDCs,CD40LG,CD53,-0.004893047827372607,-0.3032793060298753,0.2934932103751301,44,0.03477878639800491,10.877998116002292,0.974360235638539,0.9910979068978963
Non-classical Monocytes|NK Cells|HMGB1|CXCR4,Non-classical Monocytes,NK Cells,HMGB1,CXCR4,0.002126939846236492,-0.1318108297600718,0.13606470945254479,56,0.19819581099283645,12.823253107384767,0.9751703736997654,0.9910979068978963
Classical Monocytes|Non-classical Monocytes|PSAP|LRP1,Classical Monocytes,Non-classical Monocytes,PSAP,LRP1,-0.004596844404195506,-0.208432957750156,0.199239268941765,56,0.12080783037465403,12.823253107384767,0.9647446173406883,0.9910979068978963
Classical Monocytes|CD8 T Cells|VCAN|CD44,Classical Monocytes,CD8 T Cells,VCAN,CD44,0.0017178724481701907,-0.08763241625219285,0.09106816114853324,56,0.08956530516012906,12.823253107384767,0.9699405981720288,0.9910979068978963
Non-classical Monocytes|CD8 T Cells|HLA-F|CD8A,Non-classical Monocytes,CD8 T Cells,HLA-F,CD8A,-0.006446610065981975,-0.27166003989924153,0.2587668197672776,56,0.0012022291787993078,12.823253107384767,0.9620020837550151,0.9910979068978963
pDCs|Non-classical Monocytes|HLA-DRB5|CD4,pDCs,Non-classical Monocytes,HLA-DRB5,CD4,0.010135255112984076,-0.4626265505803718,0.48289706080633993,39,0.0012713725239718032,10.363474393140448,0.9664839619703979,0.9910979068978963
Classical Monocytes|Classical Monocytes|S100A12|CD36,Classical Monocytes,Classical Monocytes,S100A12,CD36,-0.004702405555804284,-0.16123417784381402,0.15182936673220546,56,0.03953334210757986,12.823253107384767,0.9530479182082915,0.9910979068978963
NK Cells|Non-classical Monocytes|SPON2|ITGB2,NK Cells,Non-classical Monocytes,SPON2,ITGB2,0.003308531818321192,-0.2014613050963328,0.2080783687329752,56,0.39819226309759814,12.823253107384767,0.9747370012797254,0.9910979068978963
B Cells|pDCs|CALM1|PTPRA,B Cells,pDCs,CALM1,PTPRA,-0.003858525719430045,-0.2901537125393916,0.28243666110053145,42,0.024886301487500706,10.486563748480568,0.9789260958014068,0.9910979068978963
pDCs|CD8 T Cells|HLA-C|CD8B,pDCs,CD8 T Cells,HLA-C,CD8B,-0.002079397886966372,-0.12808149126982307,0.12392269549589033,44,0.08732216308258489,10.877998116002292,0.9741968772187569,0.9910979068978963
Classical Monocytes|NK Cells|CD14|ITGA4,Classical Monocytes,NK Cells,CD14,ITGA4,0.00471190998796063,-0.2117113834702154,0.22113520344613669,56,0.07824103627945267,12.823253107384767,0.9659631506562674,0.9910979068978963
Classical Monocytes|NK Cells|HBEGF|CD44,Classical Monocytes,NK Cells,HBEGF,CD44,-0.003444091851708214,-0.25267894358051934,0.24579075987710292,50,0.08099873841717775,11.983689349526355,0.978392674580795,0.9910979068978963
pDCs|CD8 T Cells|HLA-DPB1|LAG3,pDCs,CD8 T Cells,HLA-DPB1,LAG3,0.0037015184030823045,-0.2218965436363541,0.22929958044251872,43,0.1786558139910842,10.683833490877575,0.9743458369041943,0.9910979068978963
Classical Monocytes|NK Cells|S100A8|ITGB2,Classical Monocytes,NK Cells,S100A8,ITGB2,6.378961123321147e-06,-0.00040234491772392914,0.00041510283997057143,56,0.14110566988039097,12.823253107384767,0.9755971599831508,0.9910979068978963
B Cells|Classical Monocytes|GRN|TNFRSF1A,B Cells,Classical Monocytes,GRN,TNFRSF1A,0.004739495090135331,-0.1520038026741678,0.16148279285443845,54,0.07041162770741372,12.671359849426228,0.9527418097200258,0.9910979068978963
pDCs|B Cells|COPA|CD74,pDCs,B Cells,COPA,CD74,0.001173020694016924,-0.07850383917473601,0.08084988056276986,43,0.15928588827493917,10.683833490877575,0.9769802102170282,0.9910979068978963
CD8 T Cells|Non-classical Monocytes|LGALS1|CD69,CD8 T Cells,Non-classical Monocytes,LGALS1,CD69,0.002872439863534096,-0.2063728535716619,0.21211773329873013,56,0.15467681726847338,12.823253107384767,0.9785349945310381,0.9910979068978963
CD8 T Cells|pDCs|HMGB1|CXCR4,CD8 T Cells,pDCs,HMGB1,CXCR4,-0.0023418677357952278,-0.10430755524139006,0.0996238197697996,44,0.14467852870907527,10.877998116002292,0.9640954231910368,0.9910979068978963
Non-classical Monocytes|pDCs|HLA-DRB5|CD4,Non-classical Monocytes,pDCs,HLA-DRB5,CD4,0.007355092421325232,-0.5305211700096739,0.5452313548523244,37,0.04139581404113579,9.869819187724579,0.9786183154318585,0.9910979068978963
Classical Monocytes|B Cells|TNFSF13B|TNFRSF13C,Classical Monocytes,B Cells,TNFSF13B,TNFRSF13C,0.005584059060303237,-0.18812758455951015,0.19929570268011662,51,0.012821888129653902,12.278467695811537,0.9549441256175417,0.9910979068978963
B Cells|Classical Monocytes|GRN|TNFRSF1B,B Cells,Classical Monocytes,GRN,TNFRSF1B,-0.003775855377113946,-0.23111522195386455,0.22356351119963666,54,0.013613454291488636,12.671359849426228,0.974031183284051,0.9910979068978963
Non-classical Monocytes|pDCs|HLA-DMA|CD4,Non-classical Monocytes,pDCs,HLA-DMA,CD4,-0.005088986430373116,-0.2751138258869399,0.2649358530261936,43,0.12543349214143096,10.683833490877575,0.9705342854674945,0.9910979068978963
CD8 T Cells|Classical Monocytes|TIMP1|CD63,CD8 T Cells,Classical Monocytes,TIMP1,CD63,-0.008557624555797297,-0.3104990474789229,0.2933837983673283,50,0.06032309792140833,12.101630309997411,0.9557008515650494,0.9910979068978963
B Cells|Classical Monocytes|MIF|TNFRSF14,B Cells,Classical Monocytes,MIF,TNFRSF14,-0.008324832218971963,-0.30853288791757444,0.2918832234796305,56,0.1498819110790215,12.823253107384767,0.9566561456339956,0.9910979068978963
CD8 T Cells|Classical Monocytes|TNF|TNFRSF1B,CD8 T Cells,Classical Monocytes,TNF,TNFRSF1B,0.0032819690914694666,-0.20681960608891276,0.2133835442718517,43,0.013436904627675772,11.350171955988852,0.9755755109846741,0.9910979068978963
Classical Monocytes|CD4 T Cells|CD86|CD28,Classical Monocytes,CD4 T Cells,CD86,CD28,0.0010556180316784597,-0.04175774115924518,0.0438689772226021,56,0.020090838049710458,12.823253107384767,0.9614569004725636,0.9910979068978963
Non-classical Monocytes|CD8 T Cells|HLA-B|CD8B,Non-classical Monocytes,CD8 T Cells,HLA-B,CD8B,0.0014587616108140827,-0.06358707925495499,0.06650460247658316,56,0.10284893787524729,12.823253107384767,0.9649399028510793,0.9910979068978963
CD8 T Cells|Classical Monocytes|HLA-DRB1|CD4,CD8 T Cells,Classical Monocytes,HLA-DRB1,CD4,0.0040503553408979855,-0.1893096486836217,0.19741035936541768,56,0.07914612113135933,12.823253107384767,0.9672514074873314,0.9910979068978963
CD8 T Cells|Classical Monocytes|HLA-A|APLP2,CD8 T Cells,Classical Monocytes,HLA-A,APLP2,0.00016898968237295808,-0.007079307265187333,0.007417286629933249,56,0.07799008220002268,12.823253107384767,0.9635530453287212,0.9910979068978963
Classical Monocytes|CD4 T Cells|LGALS1|ITGB1,Classical Monocytes,CD4 T Cells,LGALS1,ITGB1,-0.0009991157309110765,-0.0368474285520935,0.034849197090271344,56,0.05149949631561268,12.823253107384767,0.9564368488704578,0.9910979068978963
pDCs|CD4 T Cells|GRN|TNFRSF1B,pDCs,CD4 T Cells,GRN,TNFRSF1B,0.0018089961319001438,-0.12131559016495516,0.12493358242875544,44,0.04761066283216886,10.877998116002292,0.9770268267826396,0.9910979068978963
pDCs|CD4 T Cells|CD47|SIRPG,pDCs,CD4 T Cells,CD47,SIRPG,0.002995012376602998,-0.17331762494736017,0.17930764970056615,41,0.2151663213871633,10.286080250568475,0.973440303752583,0.9910979068978963
Classical Monocytes|CD8 T Cells|HLA-C|CD8A,Classical Monocytes,CD8 T Cells,HLA-C,CD8A,-0.0021465159605320444,-0.11640880852896494,0.11211577660790085,56,0.14486504658931454,12.823253107384767,0.9706288316767652,0.9910979068978963
Classical Monocytes|CD8 T Cells|MIF|TNFRSF14,Classical Monocytes,CD8 T Cells,MIF,TNFRSF14,-0.007197111827628812,-0.25344820698932374,0.23905398333406613,56,0.36655973666321695,12.823253107384767,0.9543195082469059,0.9910979068978963
Classical Monocytes|CD8 T Cells|TIMP1|CD63,Classical Monocytes,CD8 T Cells,TIMP1,CD63,-0.0035990964401663786,-0.15936118160291501,0.15216298872258227,56,0.07170417995478617,12.823253107384767,0.9638780281234794,0.9910979068978963
pDCs|pDCs|PKM|CD44,pDCs,pDCs,PKM,CD44,0.0037414400861601957,-0.19497447807701565,0.20245735824933606,44,0.0619155579703321,10.877998116002292,0.970562852126815,0.9910979068978963
B Cells|CD4 T Cells|HLA-DQA1|CD4,B Cells,CD4 T Cells,HLA-DQA1,CD4,-0.00546759603832285,-0.19773336384554002,0.18679817176889435,56,0.06294123527915185,12.823253107384767,0.9555514303972679,0.9910979068978963
B Cells|B Cells|LGALS1|CD69,B Cells,B Cells,LGALS1,CD69,0.0038364306198811517,-0.20347410109057545,0.21114696233033775,53,0.26772214875543654,13.001070204273278,0.9710666366461534,0.9910979068978963
Non-classical Monocytes|CD4 T Cells|COPA|CD74,Non-classical Monocytes,CD4 T Cells,COPA,CD74,0.004692274155872315,-0.16659699090434607,0.1759815392160907,56,0.026925378154888935,12.823253107384767,0.9571813700684505,0.9910979068978963
Non-classical Monocytes|B Cells|LGALS1|ITGB1,Non-classical Monocytes,B Cells,LGALS1,ITGB1,-0.007477781531821981,-0.298864151070051,0.283908588006407,45,0.07753725470461648,11.486669209818757,0.9598848330962878,0.9910979068978963
CD8 T Cells|pDCs|TNF|PTPRS,CD8 T Cells,pDCs,TNF,PTPRS,0.007989488046522908,-0.25432711126734103,0.2703060873603868,33,0.036041952537912536,9.498685316438165,0.9523981914351696,0.9910979068978963
Non-classical Monocytes|CD8 T Cells|ADAM15|ITGB1,Non-classical Monocytes,CD8 T Cells,ADAM15,ITGB1,0.0032274116794149335,-0.23639394166120062,0.24284876502003047,52,0.06883736134217877,12.746815901557841,0.9789396025394338,0.9910979068978963
CD4 T Cells|NK Cells|SPTAN1|PTPRA,CD4 T Cells,NK Cells,SPTAN1,PTPRA,-0.00025553926678326556,-0.020458552592062605,0.019947474058496076,54,0.02879653242750868,12.491554402353886,0.9802218728974251,0.9912047510251274
Classical Monocytes|Non-classical Monocytes|CD14|ITGA4,Classical Monocytes,Non-classical Monocytes,CD14,ITGA4,-0.0030594911624942447,-0.24234079439989484,0.23622181207490636,56,0.009771640675061088,12.823253107384767,0.9800067620824082,0.9912047510251274
pDCs|Classical Monocytes|HMGB1|CXCR4,pDCs,Classical Monocytes,HMGB1,CXCR4,-0.002088523645485077,-0.16392404388997456,0.15974699659900443,44,0.002515399648358785,10.877998116002292,0.979820639717079,0.9912047510251274
B Cells|CD4 T Cells|LGALS1|CD69,B Cells,CD4 T Cells,LGALS1,CD69,0.0023563553353828843,-0.19355587731431628,0.19826858798508207,53,0.33873226136446166,13.001070204273278,0.9811926694359966,0.9917895502659053
Non-classical Monocytes|CD4 T Cells|GRN|TNFRSF1B,Non-classical Monocytes,CD4 T Cells,GRN,TNFRSF1B,-0.0018329739929512437,-0.17049573156871797,0.1668297835828155,56,0.01168490883331097,12.823253107384767,0.983006124981473,0.9932253010108686
CD8 T Cells|CD8 T Cells|ARF6|SMAP1,CD8 T Cells,CD8 T Cells,ARF6,SMAP1,0.002746913554626404,-0.30071091136726025,0.3062047384765131,41,0.004309375548607219,10.776173834062366,0.985844930008432,0.9956954988534403
CD8 T Cells|Classical Monocytes|TGFB1|CXCR4,CD8 T Cells,Classical Monocytes,TGFB1,CXCR4,0.0016189659276839574,-0.19546517483426581,0.19870310668963373,55,0.00436385194114064,12.96329824896671,0.987154369651814,0.9961371043866707
Non-classical Monocytes|CD8 T Cells|HLA-DRB5|LAG3,Non-classical Monocytes,CD8 T Cells,HLA-DRB5,LAG3,0.0032535786823039902,-0.3851852054560399,0.39169236282064784,49,0.1655980514696096,12.003214592256363,0.9869019280140813,0.9961371043866707
CD4 T Cells|CD8 T Cells|HLA-B|CD8B,CD4 T Cells,CD8 T Cells,HLA-B,CD8B,0.0005150986171751776,-0.06374301741744025,0.0647732146517906,56,0.09578020260763276,12.823253107384767,0.9874647591961259,0.9961371043866707
pDCs|B Cells|LTB|CD40,pDCs,B Cells,LTB,CD40,-0.0017146057060890285,-0.2344567759169128,0.23102756450473474,44,0.12358134207624116,10.877998116002292,0.9884797408908573,0.9963686470897288
Non-classical Monocytes|CD8 T Cells|APP|PTGER2,Non-classical Monocytes,CD8 T Cells,APP,PTGER2,-0.0015754091433749506,-0.22306407303160106,0.21991325474485116,49,0.015826768692000948,12.767291671449737,0.988877153502588,0.9963686470897288
CD8 T Cells|Classical Monocytes|LGALS1|ITGB1,CD8 T Cells,Classical Monocytes,LGALS1,ITGB1,0.0018958078310165327,-0.2576409937002919,0.26143260936232493,56,0.23530863716753536,12.823253107384767,0.9885773023558279,0.9963686470897288
CD8 T Cells|pDCs|GNAS|ADCY7,CD8 T Cells,pDCs,GNAS,ADCY7,0.0013823936128613823,-0.20070525980369247,0.20347004702941524,34,0.09209073410413204,10.015665273394857,0.989302874793526,0.9964003047442169
Classical Monocytes|pDCs|GNAS|ADCY7,Classical Monocytes,pDCs,GNAS,ADCY7,0.0018384637534551093,-0.28333205684771545,0.28700898435462563,34,0.030198854781834483,10.015665273394857,0.9899184562427424,0.9966230832372152
CD8 T Cells|CD8 T Cells|TGFB1|CXCR4,CD8 T Cells,CD8 T Cells,TGFB1,CXCR4,0.0017617926676382067,-0.2945953389614308,0.2981189242967072,55,0.02943216358359413,12.96329824896671,0.9907035370808137,0.9970162637209146
Classical Monocytes|B Cells|LGALS1|ITGB1,Classical Monocytes,B Cells,LGALS1,ITGB1,0.0016175862888891377,-0.2828139692599905,0.2860491418377688,45,0.09269145750096075,11.486669209818757,0.9911065792351261,0.9970248111971193
Classical Monocytes|Classical Monocytes|LGALS1|PTPRC,Classical Monocytes,Classical Monocytes,LGALS1,PTPRC,-9.309941747170924e-05,-0.019453522828345587,0.01926732399340217,56,0.06524345892782246,12.823253107384767,0.9924800693526137,0.9979981380268588
CD8 T Cells|CD4 T Cells|LGALS1|PTPRC,CD8 T Cells,CD4 T Cells,LGALS1,PTPRC,0.0010781390685343645,-0.24903065307363365,0.2511869312107024,56,0.19442182757694593,12.823253107384767,0.9932589304066284,0.9979981380268588
Classical Monocytes|Classical Monocytes|SERPINA1|LRP1,Classical Monocytes,Classical Monocytes,SERPINA1,LRP1,0.0007450932298039767,-0.167114083898993,0.16860427035860096,56,0.08180911368432187,12.823253107384767,0.9930585819383404,0.9979981380268588
CD4 T Cells|NK Cells|SELPLG|SELL,CD4 T Cells,NK Cells,SELPLG,SELL,-0.0008433091571248899,-0.27625805556627087,0.2745714372520211,56,0.11345101586315065,12.823253107384767,0.9952116578862998,0.9987688083711992
Non-classical Monocytes|NK Cells|CD14|ITGB2,Non-classical Monocytes,NK Cells,CD14,ITGB2,-0.0007316813860271457,-0.2329067640331848,0.23144340126113053,56,0.3414406863609163,12.823253107384767,0.9950717606854877,0.9987688083711992
Classical Monocytes|CD4 T Cells|CD14|ITGA4,Classical Monocytes,CD4 T Cells,CD14,ITGA4,-0.0007323769977293192,-0.22445518888067503,0.2229904348852164,56,0.057282383518608815,12.823253107384767,0.9948807115689602,0.9987688083711992
Non-classical Monocytes|Classical Monocytes|LGALS1|PTPRC,Non-classical Monocytes,Classical Monocytes,LGALS1,PTPRC,6.280292660978959e-05,-0.02694863882600472,0.0270742446792243,56,0.08635110863276807,12.823253107384767,0.9963640427684771,0.9992485633114686
NK Cells|B Cells|TIMP1|CD63,NK Cells,B Cells,TIMP1,CD63,-0.0003689170340699724,-0.16429275097364449,0.16355491690550455,52,0.05643419018953366,12.835544081131198,0.996480561751049,0.9992485633114686
Non-classical Monocytes|CD4 T Cells|HLA-DQA1|CD4,Non-classical Monocytes,CD4 T Cells,HLA-DQA1,CD4,8.828392633528082e-05,-0.27452285412645183,0.27469942197912245,55,0.07709988820838154,12.658421525295251,0.9994972505368541,0.9996829789813607
NK Cells|Non-classical Monocytes|IFNG|IFNGR1_IFNGR2,NK Cells,Non-classical Monocytes,IFNG,IFNGR1_IFNGR2,-0.00017050184741108573,-0.23669203460361907,0.23635103090879692,49,0.16061377832364465,12.301314433257074,0.9988726820758358,0.9996829789813607
CD8 T Cells|CD4 T Cells|LGALS1|ITGB1,CD8 T Cells,CD4 T Cells,LGALS1,ITGB1,7.696902517288773e-05,-0.2505881364420681,0.2507420744924139,56,0.19336635868986152,12.823253107384767,0.9995198131844832,0.9996829789813607
Classical Monocytes|Non-classical Monocytes|SELPLG|SELL,Classical Monocytes,Non-classical Monocytes,SELPLG,SELL,0.00017725703058632525,-0.15014822091720054,0.1505027349783732,56,0.0956058071432877,12.823253107384767,0.998156009657113,0.9996829789813607
CD4 T Cells|CD4 T Cells|MIF|CD44_CD74,CD4 T Cells,CD4 T Cells,MIF,CD44_CD74,-8.633784587232934e-05,-0.3653150029806165,0.36514232728887186,56,0.15457516081966283,12.823253107384767,0.9996303212476509,0.9996829789813607
Non-classical Monocytes|CD4 T Cells|LGALS1|PTPRC,Non-classical Monocytes,CD4 T Cells,LGALS1,PTPRC,-2.5923398400115594e-05,-0.030403220659490908,0.030351373862690677,56,0.03481285475008156,12.823253107384767,0.9986654625877304,0.9996829789813607
Classical Monocytes|CD8 T Cells|HLA-B|CD8B,Classical Monocytes,CD8 T Cells,HLA-B,CD8B,-1.639351085830354e-05,-0.08088352844902201,0.0808507414273054,56,0.14112923211945194,12.823253107384767,0.9996829789813607,0.9996829789813607
