interaction_id,source,target,ligand_complex,receptor_complex,interaction_coef,interaction_ci95_low,interaction_ci95_high,n_observations,interaction_p_value,fdr_q_value,n_cHD,mean_cHD,n_cSLE,mean_cSLE,n_aHD,mean_aHD,n_aSLE,mean_aSLE
B Cells|Non-classical Monocytes|CD52|SIGLEC10,B Cells,Non-classical Monocytes,CD52,SIGLEC10,-0.2813970020815293,-0.39856698106447774,-0.16422702309858087,55,2.512953082541338e-06,0.0010583720732636602,11,0.909392681706466,32,0.6674090622839507,5,0.8254815384716299,7,0.8648949211306439
CD8 T Cells|Non-classical Monocytes|CD52|SIGLEC10,CD8 T Cells,Non-classical Monocytes,CD52,SIGLEC10,-0.3040065300917504,-0.42700612333784344,-0.18100693684565733,55,1.2708525802345141e-06,0.0010583720732636602,11,0.8920281523255682,32,0.6600519619297714,5,0.7451219947804345,7,0.817152334476388
Classical Monocytes|NK Cells|TGFB1|ITGB1,Classical Monocytes,NK Cells,TGFB1,ITGB1,-0.4346183610100481,-0.6107741986310684,-0.25846252338902775,55,1.3267959811462452e-06,0.0010583720732636602,11,0.3869485373322121,33,0.19390948690018756,5,0.10423795626258565,6,0.34581726684060915
Classical Monocytes|NK Cells|TIMP2|ITGB1,Classical Monocytes,NK Cells,TIMP2,ITGB1,0.3664714545843465,0.21458967430772138,0.5183532348609716,56,2.254681194593067e-06,0.0010583720732636602,11,0.23248439219654526,33,0.3462307994475615,5,0.3940637425604783,7,0.1413386952271481
Non-classical Monocytes|CD4 T Cells|CD48|CD2,Non-classical Monocytes,CD4 T Cells,CD48,CD2,-0.2970727910324652,-0.41994075354557436,-0.174204828519356,56,2.1494206502168267e-06,0.0010583720732636602,11,0.7168938225507969,33,0.5185404506706673,5,0.6043849111883637,7,0.7031043303406993
Non-classical Monocytes|CD4 T Cells|SELPLG|ITGB2,Non-classical Monocytes,CD4 T Cells,SELPLG,ITGB2,0.30794424018547684,0.18263909983100426,0.43324938053994944,56,1.4593815491725102e-06,0.0010583720732636602,11,0.04290937522122876,33,0.2305325509881722,5,0.3220278291394497,7,0.20170676472091634
CD4 T Cells|NK Cells|CD48|CD244,CD4 T Cells,NK Cells,CD48,CD244,0.39844084737757046,0.23086300952809216,0.5660186852270488,53,3.160537008850793e-06,0.0011409538601951364,11,0.24022861515621055,32,0.4257647705009604,5,0.5524364407322481,5,0.3395317486994275
CD4 T Cells|Classical Monocytes|ICAM2|ITGAM_ITGB2,CD4 T Cells,Classical Monocytes,ICAM2,ITGAM_ITGB2,-0.2770228183070236,-0.3958981162201762,-0.15814752039387098,56,4.9373761373919625e-06,0.0015595936873986861,11,0.17750411507091943,33,0.17834344063939236,5,0.01147659401060872,7,0.28933873788610526
CD4 T Cells|Non-classical Monocytes|ARF6|SMAP1,CD4 T Cells,Non-classical Monocytes,ARF6,SMAP1,-0.4663117048467469,-0.6718928185492463,-0.2607305911442475,55,8.760179206058568e-06,0.00201245207761,11,0.23270764407296476,32,0.16530787280157447,5,0.11007426089454977,7,0.5089861944699063
CD4 T Cells|B Cells|LTB|CD40,CD4 T Cells,B Cells,LTB,CD40,-0.29881563202641837,-0.42996982430052855,-0.1676614397523082,56,7.988529774611389e-06,0.00201245207761,11,0.8553986144000703,33,0.7264657238226588,5,0.6921328320508244,7,0.8620155734998314
Non-classical Monocytes|CD8 T Cells|SELPLG|ITGB2,Non-classical Monocytes,CD8 T Cells,SELPLG,ITGB2,-0.4019999094457761,-0.578450071536546,-0.2255497473550062,56,7.995147921020895e-06,0.00201245207761,11,0.5330428478668058,33,0.4231714495415744,5,0.08604501564354738,7,0.3781735267640921
Classical Monocytes|Non-classical Monocytes|ARF6|SMAP1,Classical Monocytes,Non-classical Monocytes,ARF6,SMAP1,-0.44779761475316426,-0.6474670944405811,-0.24812813506574732,55,1.1046711077639594e-05,0.0021473106840919427,11,0.22435934666934862,32,0.18758248315730763,5,0.1401342206439307,7,0.5511549718850539
CD8 T Cells|Non-classical Monocytes|PTPN6|CLEC12A,CD8 T Cells,Non-classical Monocytes,PTPN6,CLEC12A,-0.37524855917765704,-0.5422557626779626,-0.2082413556773515,56,1.063494600860786e-05,0.0021473106840919427,11,0.34368583994841057,33,0.32467679248949005,5,0.0,7,0.3562395117187365
B Cells|B Cells|LTB|CD40,B Cells,B Cells,LTB,CD40,-0.37466746032139797,-0.5431448793440375,-0.2061900412987584,56,1.3086498977686838e-05,0.0022612287135158633,11,0.7837260424354728,33,0.5913593956743218,5,0.6397879946882477,7,0.8220888082484946
CD4 T Cells|Non-classical Monocytes|IL16|CD4,CD4 T Cells,Non-classical Monocytes,IL16,CD4,-0.3777036953422782,-0.5477629966452466,-0.20764439403930973,56,1.3422410250390955e-05,0.0022612287135158633,11,0.292535990180483,33,0.10755431184977275,5,0.08376156621616335,7,0.27648358322773137
Non-classical Monocytes|NK Cells|CD48|CD2,Non-classical Monocytes,NK Cells,CD48,CD2,-0.3787067259845953,-0.550638697506093,-0.2067747544630977,56,1.5807576829583037e-05,0.002496609165522271,11,0.5390642074021897,33,0.3566538421524482,5,0.5459690936899987,7,0.7422654544248525
CD4 T Cells|Non-classical Monocytes|CD52|SIGLEC10,CD4 T Cells,Non-classical Monocytes,CD52,SIGLEC10,-0.2762399946078873,-0.4031564912837031,-0.14932349793207145,55,1.9904625290979942e-05,0.002958764006488607,11,0.8894844091865892,32,0.6602511782313376,5,0.7977013426169692,7,0.844708106269605
Non-classical Monocytes|Non-classical Monocytes|ARF6|SMAP1,Non-classical Monocytes,Non-classical Monocytes,ARF6,SMAP1,-0.38668335680941107,-0.565056398072047,-0.20831031554677518,55,2.1484300794860095e-05,0.003016157117145081,11,0.4303888284985788,32,0.2647360258018266,5,0.3395900362598991,7,0.560620590372558
Classical Monocytes|Non-classical Monocytes|GNAI2|S1PR4,Classical Monocytes,Non-classical Monocytes,GNAI2,S1PR4,0.4199965980815562,0.22560758252143678,0.6143856136416757,56,2.2886204457318166e-05,0.003043865192823316,11,0.16663535500562487,33,0.3875874320674964,5,0.5301469642177227,7,0.331102443198038
pDCs|B Cells|GNAI2|S1PR4,pDCs,B Cells,GNAI2,S1PR4,-0.3873292438008448,-0.5677024734990124,-0.20695601410267722,41,2.5675242769184354e-05,0.003244066923886443,10,0.324345312874864,19,0.2457311632603276,5,0.090084573636892,7,0.39879966782320037
Non-classical Monocytes|NK Cells|ADAM17|ITGB1,Non-classical Monocytes,NK Cells,ADAM17,ITGB1,0.44126378027780705,0.23209742509922288,0.6504301354563913,56,3.552633610280341e-05,0.00359630960137643,11,0.041779570389673525,33,0.2763464320531698,5,0.44082264979538366,7,0.23412573118107285
Classical Monocytes|CD4 T Cells|CD48|CD2,Classical Monocytes,CD4 T Cells,CD48,CD2,-0.3326058157593675,-0.4897932518772439,-0.17541837964149112,56,3.364942068646655e-05,0.00359630960137643,11,0.546178992795731,33,0.36875201657182477,5,0.41948191344270597,7,0.5746607529781672
CD4 T Cells|Classical Monocytes|LTB|TNFRSF1A,CD4 T Cells,Classical Monocytes,LTB,TNFRSF1A,-0.39607162150878067,-0.5837778921793723,-0.20836535083818908,56,3.539622000707966e-05,0.00359630960137643,11,0.6573361301079013,33,0.5627743303157056,5,0.4770690685646713,7,0.7785788902812563
NK Cells|Non-classical Monocytes|GNAI2|S1PR4,NK Cells,Non-classical Monocytes,GNAI2,S1PR4,-0.33677826438535935,-0.4964298481062662,-0.1771266806644525,56,3.557884449323734e-05,0.00359630960137643,11,0.3141157532736561,33,0.10396280606386726,5,0.0,7,0.12662531717557052
B Cells|CD4 T Cells|FAM3C|CLEC2D,B Cells,CD4 T Cells,FAM3C,CLEC2D,0.1129035151445966,0.059429201951417474,0.1663778283377757,56,3.500577111459387e-05,0.00359630960137643,11,0.007729305623678714,33,0.1206328207682753,5,0.0,7,0.0
B Cells|pDCs|HLA-A|LILRB1,B Cells,pDCs,HLA-A,LILRB1,-0.457868341128854,-0.6769775897683984,-0.2387590924893096,43,4.208971008670068e-05,0.00409079605342664,10,0.6193724682772175,21,0.51420541947361,5,0.3056367520589812,7,0.6583380443842277
CD8 T Cells|B Cells|SELPLG|SELL,CD8 T Cells,B Cells,SELPLG,SELL,0.28948513716571844,0.14989284609828143,0.4290774282331554,56,4.812434055887027e-05,0.004343221735438042,11,0.26945375576778186,33,0.3430206157774475,5,0.46408321318110024,7,0.24816493602504744
Non-classical Monocytes|CD4 T Cells|GNAI2|S1PR4,Non-classical Monocytes,CD4 T Cells,GNAI2,S1PR4,0.3940979613395661,0.2042267414666082,0.583969181212524,56,4.739514787630486e-05,0.004343221735438042,11,0.12970846802130084,33,0.2601930028916643,5,0.4587823200991714,7,0.19516889362996875
CD8 T Cells|NK Cells|CD48|CD244,CD8 T Cells,NK Cells,CD48,CD244,0.396235982746181,0.20392043976267535,0.5885515257296866,53,5.386336325477198e-05,0.004537090631493627,11,0.23610071214147507,32,0.4185040198744429,5,0.5679301783076606,5,0.35409750329444745
CD4 T Cells|Non-classical Monocytes|PKM|CD44,CD4 T Cells,Non-classical Monocytes,PKM,CD44,-0.26290610599921477,-0.3903899701355411,-0.13542224186288845,56,5.300304899336199e-05,0.004537090631493627,11,0.6334258028764665,33,0.42413757892840104,5,0.4786843125906131,7,0.5323021946417623
Non-classical Monocytes|CD8 T Cells|CD48|CD2,Non-classical Monocytes,CD8 T Cells,CD48,CD2,-0.26784528129589236,-0.3992400548787073,-0.1364505077130774,56,6.460083063908166e-05,0.005266009645966431,11,0.6497754516423041,33,0.5628736948348178,5,0.5711435109536765,7,0.7520870354420826
NK Cells|Non-classical Monocytes|HLA-B|LILRA1,NK Cells,Non-classical Monocytes,HLA-B,LILRA1,-0.20173080692873013,-0.30159797968594915,-0.10186363417151112,56,7.522960328142558e-05,0.005805527435997399,11,0.877924465598214,33,0.77022282822036,5,0.7342171285134659,7,0.828246298064342
CD8 T Cells|Non-classical Monocytes|HLA-B|LILRA1,CD8 T Cells,Non-classical Monocytes,HLA-B,LILRA1,-0.21379426069197505,-0.3196829248108868,-0.1079055965730633,56,7.581416912857705e-05,0.005805527435997399,11,0.875862282981119,33,0.7636698731679553,5,0.7155326744570137,7,0.8171345253358251
CD4 T Cells|Non-classical Monocytes|HLA-B|LILRA1,CD4 T Cells,Non-classical Monocytes,HLA-B,LILRA1,-0.26320331776173134,-0.39384990653461216,-0.13255672898885054,56,7.861484732499301e-05,0.00584293291736051,11,0.8328881932874433,33,0.6971625760869548,5,0.661291557621855,7,0.7887692581830977
Classical Monocytes|Non-classical Monocytes|HLA-B|LILRA1,Classical Monocytes,Non-classical Monocytes,HLA-B,LILRA1,-0.290292146661841,-0.43522481837589233,-0.14535947494778967,56,8.647797324043309e-05,0.006243709667959269,11,0.7794317575534894,33,0.6433828412103181,5,0.5866391241096627,7,0.7408823544283324
Classical Monocytes|CD4 T Cells|GNAI2|S1PR4,Classical Monocytes,CD4 T Cells,GNAI2,S1PR4,0.3909139727679548,0.1950529312628581,0.5867750142730515,56,9.15951034258473e-05,0.0064294673988087815,11,0.14565163919862023,33,0.27371122826947025,5,0.5031982186151822,7,0.24034383491807745
B Cells|Non-classical Monocytes|HLA-B|LILRA1,B Cells,Non-classical Monocytes,HLA-B,LILRA1,-0.2859184250700456,-0.4306462830294227,-0.14119056711066852,56,0.00010793508809402073,0.006818799190339759,11,0.80640082238721,33,0.6782154641496962,5,0.6160591706096704,7,0.7737922374422023
Non-classical Monocytes|Non-classical Monocytes|HLA-B|LILRA1,Non-classical Monocytes,Non-classical Monocytes,HLA-B,LILRA1,-0.26718712123730737,-0.40222200897900706,-0.13215223349560765,56,0.0001052807751011307,0.006818799190339759,11,0.8284487608801069,33,0.692978360029401,5,0.6449871595887096,7,0.7767038799753111
B Cells|Non-classical Monocytes|ARF6|SMAP1,B Cells,Non-classical Monocytes,ARF6,SMAP1,-0.38829286803661855,-0.5843647906708616,-0.19222094540237558,55,0.00010384274941155992,0.006818799190339759,11,0.34799534051865616,32,0.23936749276214753,5,0.25721831934669337,7,0.5368833396268033
pDCs|CD4 T Cells|HLA-DRB1|CD4,pDCs,CD4 T Cells,HLA-DRB1,CD4,-0.29859517073728337,-0.44929254456489115,-0.14789779690967558,44,0.0001029564213502286,0.006818799190339759,10,0.6300729718530592,22,0.49105190971446133,5,0.24723276601218194,7,0.4068068746108674
B Cells|Classical Monocytes|LTB|TNFRSF1A,B Cells,Classical Monocytes,LTB,TNFRSF1A,-0.4145545654910894,-0.627368206870119,-0.20174092411205985,56,0.00013456473770084005,0.008293782735854216,11,0.5573827101029086,33,0.4755753164109997,5,0.4051989018402137,7,0.7379460736393941
CD8 T Cells|pDCs|SELPLG|SELL,CD8 T Cells,pDCs,SELPLG,SELL,0.32701799783435764,0.1579141865875052,0.49612180908121006,44,0.00015050370053068673,0.009055305981929652,10,0.26701038446628383,22,0.3616667294156807,5,0.5698901758231635,7,0.3375285229382027
NK Cells|CD8 T Cells|LCK|CD8A_CD8B,NK Cells,CD8 T Cells,LCK,CD8A_CD8B,-0.45884207833628865,-0.6975570096884081,-0.2201271469841692,56,0.00016501382762117208,0.00910455893800032,11,0.35705886145438837,33,0.2591677867955493,5,0.16661643558737507,7,0.5275674392648246
NK Cells|CD4 T Cells|SELPLG|ITGB2,NK Cells,CD4 T Cells,SELPLG,ITGB2,0.3149550846103348,0.15058621213205398,0.4793239570886156,56,0.00017293978196439072,0.00910455893800032,11,0.11244476466847636,33,0.2527675364545837,5,0.42572683497484354,7,0.2510945221506161
CD4 T Cells|CD4 T Cells|CD48|CD2,CD4 T Cells,CD4 T Cells,CD48,CD2,-0.2707565669092089,-0.4120397348807768,-0.12947339893764104,56,0.0001725846226550878,0.00910455893800032,11,0.6643750796174573,33,0.489126372766468,5,0.5761683051837925,7,0.671676165242012
CD8 T Cells|Non-classical Monocytes|HLA-C|LILRA1,CD8 T Cells,Non-classical Monocytes,HLA-C,LILRA1,-0.19373502383396113,-0.29418014939471326,-0.09328989827320898,56,0.00015663348382693868,0.00910455893800032,11,0.8467230916541535,33,0.7251375043715138,5,0.6777356086249844,7,0.7498850451763058
CD8 T Cells|Non-classical Monocytes|GNAI2|S1PR4,CD8 T Cells,Non-classical Monocytes,GNAI2,S1PR4,-0.3262807262689004,-0.49655691333171526,-0.1560045392060856,56,0.0001728892922166059,0.00910455893800032,11,0.27254892154733557,33,0.06359553610614277,5,0.0,7,0.11732734082770764
CD4 T Cells|Classical Monocytes|CALR|LRP1,CD4 T Cells,Classical Monocytes,CALR,LRP1,-0.30943875231806006,-0.47034876425246064,-0.1485287403836595,56,0.00016382547950118982,0.00910455893800032,11,0.3934657991226482,33,0.2575070316377533,5,0.20792366949366378,7,0.38140365432682904
pDCs|Non-classical Monocytes|CIRBP|TREM1,pDCs,Non-classical Monocytes,CIRBP,TREM1,-0.2806415947826127,-0.4283576599453319,-0.13292552961989343,44,0.00019633944027625062,0.010125505419960925,10,0.48047983080006534,22,0.40915452104194183,5,0.3559173814670615,7,0.5652336664915507
Non-classical Monocytes|B Cells|GNAI2|S1PR4,Non-classical Monocytes,B Cells,GNAI2,S1PR4,0.38928258796574466,0.18394601064556212,0.5946191652859272,52,0.00020260001538530375,0.010239404777573251,11,0.23080101894336416,29,0.3273570614871726,5,0.5518384427907441,7,0.25911189736880785
CD8 T Cells|Non-classical Monocytes|IL16|CD4,CD8 T Cells,Non-classical Monocytes,IL16,CD4,-0.303199265289406,-0.4637048451892414,-0.1426936853895706,56,0.00021354971424516895,0.010581178978383175,11,0.16700777804602526,33,0.06941090072144816,5,0.12542864594178132,7,0.3310310339066102
B Cells|pDCs|HLA-C|LILRB1,B Cells,pDCs,HLA-C,LILRB1,-0.44887487106140483,-0.6879440710470437,-0.20980567107576592,43,0.00023321893823017827,0.01112380194658302,10,0.6337716087548129,21,0.5304990839238634,5,0.28150965829421287,7,0.6271120045246682
Non-classical Monocytes|Non-classical Monocytes|LGALS9|CD44,Non-classical Monocytes,Non-classical Monocytes,LGALS9,CD44,-0.22450591576837398,-0.3440800418969795,-0.10493178963976847,56,0.00023330490825836962,0.01112380194658302,11,0.6559234090100089,33,0.5491037749832571,5,0.492428734026929,7,0.6101150157685512
CD4 T Cells|Classical Monocytes|PTPN6|CD300LF,CD4 T Cells,Classical Monocytes,PTPN6,CD300LF,0.35377547462949543,0.16424183233993261,0.5433091169190583,51,0.00025380877169223226,0.01187731048270872,11,0.001811064185286295,28,0.10591593266215628,5,0.2725269820532633,7,0.022856375900637844
Classical Monocytes|pDCs|HLA-A|LILRB1,Classical Monocytes,pDCs,HLA-A,LILRB1,-0.39481361107402235,-0.6080706515262555,-0.18155657062178915,43,0.0002849832693624393,0.012748336136346367,10,0.6037829154210537,21,0.487181510022592,5,0.32221884244068466,7,0.6004310481162454
NK Cells|CD4 T Cells|GNAI2|S1PR4,NK Cells,CD4 T Cells,GNAI2,S1PR4,-0.31425002645813915,-0.4840020425365483,-0.14449801037972998,56,0.00028524486350654056,0.012748336136346367,11,0.3288873756879833,33,0.17382078576578433,5,0.0,7,0.15918343653594016
CD8 T Cells|Non-classical Monocytes|HLA-A|LILRA1,CD8 T Cells,Non-classical Monocytes,HLA-A,LILRA1,-0.20025600519724762,-0.30849276114169333,-0.0920192492528019,56,0.0002875564542033015,0.012748336136346367,11,0.8272437379321381,33,0.7148674700070496,5,0.6711297259011927,7,0.7590094631733518
Classical Monocytes|Non-classical Monocytes|PTPN6|CD300LF,Classical Monocytes,Non-classical Monocytes,PTPN6,CD300LF,-0.29943357168449114,-0.4641367216049004,-0.13473042176408193,56,0.0003662871472250792,0.014692184460917065,11,0.3367310897643989,33,0.23150072338430755,5,0.0564713118061114,7,0.2506745171105112
CD4 T Cells|Non-classical Monocytes|HLA-C|LILRA1,CD4 T Cells,Non-classical Monocytes,HLA-C,LILRA1,-0.22616543053082472,-0.3500426958582411,-0.10228816520340836,56,0.0003457714363964542,0.014692184460917065,11,0.7830970478578055,33,0.6428949056681935,5,0.6159046352810001,7,0.7018679236222128
CD4 T Cells|Classical Monocytes|IL16|CD4,CD4 T Cells,Classical Monocytes,IL16,CD4,-0.2792442115204108,-0.43240731344044303,-0.12608110960037855,56,0.0003524148007875378,0.014692184460917065,11,0.26261924597086317,33,0.047945869513824464,5,0.08748254955129753,7,0.15205338461466963
Non-classical Monocytes|CD8 T Cells|HLA-DQB1|LAG3,Non-classical Monocytes,CD8 T Cells,HLA-DQB1,LAG3,-0.3304663496730968,-0.5120431445802459,-0.14888955476594765,55,0.00036095711115224547,0.014692184460917065,11,0.40251248694413827,32,0.25963026593451366,5,0.3161237916001383,7,0.5037079202636104
CD4 T Cells|Non-classical Monocytes|PTPN6|CLEC12A,CD4 T Cells,Non-classical Monocytes,PTPN6,CLEC12A,-0.3868484047592476,-0.5994486807647534,-0.17424812875374168,56,0.0003619752083874411,0.014692184460917065,11,0.35203779215903686,33,0.3452454733233905,5,0.0,7,0.38005608592360124
Classical Monocytes|Non-classical Monocytes|MIF|CD44_CD74,Classical Monocytes,Non-classical Monocytes,MIF,CD44_CD74,-0.2595247799300416,-0.40180538366846485,-0.11724417619161828,56,0.00035017085348449875,0.014692184460917065,11,0.47926091093346357,33,0.28803156335578717,5,0.3088995459310662,7,0.3771949782834314
B Cells|CD8 T Cells|PKM|CD44,B Cells,CD8 T Cells,PKM,CD44,-0.21922988414442313,-0.34006472902313745,-0.09839503926570883,56,0.0003766155796442634,0.014870430777516463,11,0.2180766025191409,33,0.219571178963441,5,0.10121656779272847,7,0.32194102838145167
NK Cells|Non-classical Monocytes|HLA-C|LILRA1,NK Cells,Non-classical Monocytes,HLA-C,LILRA1,-0.17417605844321193,-0.2705075226762643,-0.07784459421015953,56,0.000394414272949454,0.015333613349896465,11,0.8507610108334912,33,0.731912632515695,5,0.7171653193920019,7,0.7724929995174177
pDCs|Non-classical Monocytes|HLA-B|LILRA1,pDCs,Non-classical Monocytes,HLA-B,LILRA1,-0.28046846665964786,-0.43629017551557714,-0.12464675780371862,44,0.0004190258988174282,0.016043612822903654,10,0.7921901212226558,22,0.6776376526663929,5,0.5864700514591039,7,0.7523860495624889
pDCs|CD4 T Cells|GNAI2|S1PR4,pDCs,CD4 T Cells,GNAI2,S1PR4,-0.3564347900358054,-0.5556433697263603,-0.15722621034525047,44,0.00045340410405827553,0.016849296631695033,10,0.33581681302211963,22,0.20499160258085122,5,0.14506100600110045,7,0.3706705855956375
B Cells|Classical Monocytes|ICAM3|ITGAL,B Cells,Classical Monocytes,ICAM3,ITGAL,-0.2754012910289584,-0.42916773232085176,-0.12163484973706501,53,0.00044748892839238734,0.016849296631695033,10,0.27815194806493604,31,0.0858373778415525,5,0.1730739325830047,7,0.2561606533885795
Classical Monocytes|Non-classical Monocytes|LGALS9|CD44,Classical Monocytes,Non-classical Monocytes,LGALS9,CD44,-0.2667749346621959,-0.4167257279565302,-0.1168241413678616,56,0.0004885828479369125,0.01738942051741659,11,0.4518195025773325,33,0.3882340301018541,5,0.2269021617416705,7,0.43009162392838796
CD4 T Cells|Non-classical Monocytes|GNAI2|S1PR4,CD4 T Cells,Non-classical Monocytes,GNAI2,S1PR4,-0.19690525391776648,-0.3075747262811773,-0.08623578155435564,56,0.00048809593449237044,0.01738942051741659,11,0.20847525812566356,33,0.0457106204409517,5,0.0,7,0.03414061623305461
CD4 T Cells|Non-classical Monocytes|ICAM3|ITGAL,CD4 T Cells,Non-classical Monocytes,ICAM3,ITGAL,0.3868947096667121,0.1695019612628108,0.6042874580706133,56,0.0004863652492166248,0.01738942051741659,11,0.10614395348832696,33,0.3867359227453126,5,0.36418960561059704,7,0.2578868652008706
CD4 T Cells|CD8 T Cells|LCK|CD8A_CD8B,CD4 T Cells,CD8 T Cells,LCK,CD8A_CD8B,-0.4099270749756887,-0.6411618854517244,-0.17869226449965303,56,0.0005116665095979418,0.01795807319102776,11,0.4485772152783347,33,0.3755570075187878,5,0.10975115985349446,7,0.44665802706963625
Classical Monocytes|Non-classical Monocytes|HLA-DMB|CD4,Classical Monocytes,Non-classical Monocytes,HLA-DMB,CD4,-0.2282337703550496,-0.3571284065712078,-0.0993391341388914,56,0.0005194733105418966,0.0179823158320462,11,0.34287054298024294,33,0.18623609044696152,5,0.34437727098301735,7,0.41597658880478555
Non-classical Monocytes|Classical Monocytes|ADAM15|ITGB1,Non-classical Monocytes,Classical Monocytes,ADAM15,ITGB1,0.08051984650927248,0.03497847005673188,0.12606122296181307,52,0.000529576845816537,0.018084333640248498,8,0.0,32,0.08051984650927248,5,0.0,7,0.0
B Cells|CD8 T Cells|CD72|CD5,B Cells,CD8 T Cells,CD72,CD5,0.2710940356617245,0.11713614833953048,0.4250519229839186,49,0.0005581658447482229,0.018806467862383457,8,0.0,30,0.10543311814116883,5,0.1765406296177582,6,0.010879712097202529
Non-classical Monocytes|NK Cells|BAG6|NCR3,Non-classical Monocytes,NK Cells,BAG6,NCR3,-0.20278628776987276,-0.3182098780559968,-0.08736269748374871,55,0.0005743711481652254,0.01909606641488144,11,0.4050210710283055,33,0.2226594076259092,5,0.003331778525928408,6,0.023756402893404898
Non-classical Monocytes|Classical Monocytes|CIRBP|TREM1,Non-classical Monocytes,Classical Monocytes,CIRBP,TREM1,-0.2985195277531882,-0.4686067997477988,-0.12843225575857758,56,0.0005818745998994345,0.01909606641488144,11,0.4595752155703423,33,0.22589514840650834,5,0.3111850567102264,7,0.3760245172995806
Non-classical Monocytes|pDCs|HLA-A|LILRB1,Non-classical Monocytes,pDCs,HLA-A,LILRB1,-0.4118147998234859,-0.6467857713203089,-0.17684382832666293,43,0.000592396682642944,0.019192133551778456,10,0.6348768404176471,21,0.5290903623476372,5,0.3316732468163631,7,0.6377015685698391
CD4 T Cells|CD8 T Cells|SELPLG|ITGB2,CD4 T Cells,CD8 T Cells,SELPLG,ITGB2,0.27144756008451815,0.11626010685594315,0.42663501331309317,56,0.0006073984499208163,0.019429061809492443,11,0.30776224316706063,33,0.3796111717265831,5,0.5428815794648811,7,0.34328294793988545
Non-classical Monocytes|NK Cells|GNAI2|S1PR4,Non-classical Monocytes,NK Cells,GNAI2,S1PR4,0.30221021188717506,0.12892924511160544,0.4754911786627447,54,0.0006302055521501677,0.019906617878543423,11,0.3102889221658675,31,0.34912195929121564,5,0.522451716146527,7,0.25907454138470004
CD4 T Cells|Classical Monocytes|PKM|CD44,CD4 T Cells,Classical Monocytes,PKM,CD44,-0.17643851106295771,-0.277956219713086,-0.07492080241282946,56,0.0006581804874176838,0.020533606070425762,11,0.6903181459507975,33,0.5068377492665792,5,0.639852229172609,7,0.6328103435513484
NK Cells|Non-classical Monocytes|HLA-A|LILRA1,NK Cells,Non-classical Monocytes,HLA-A,LILRA1,-0.18980483386097735,-0.29941113676190956,-0.08019853096004516,56,0.0006886398347684227,0.021221864176339075,11,0.8355095978057597,33,0.7253763074573882,5,0.6920673147849936,7,0.7717388582975995
CD4 T Cells|Non-classical Monocytes|HLA-A|LILRA1,CD4 T Cells,Non-classical Monocytes,HLA-A,LILRA1,-0.22165372476285194,-0.34990885897278917,-0.09339859055291472,56,0.0007059478962685601,0.02149313655265845,11,0.7781597730961298,33,0.6546212818629779,5,0.6215337714013988,7,0.7196490049310987
Non-classical Monocytes|Non-classical Monocytes|CD52|SIGLEC10,Non-classical Monocytes,Non-classical Monocytes,CD52,SIGLEC10,-0.3243017101483886,-0.5127550641453247,-0.1358483561514525,55,0.0007440195719793782,0.022382588790379625,11,0.8690013222572336,32,0.5545641714431956,5,0.7409570534459845,7,0.7508216127803351
Non-classical Monocytes|B Cells|SELPLG|ITGB2,Non-classical Monocytes,B Cells,SELPLG,ITGB2,-0.3073579847497069,-0.4864369290301816,-0.12827904046923216,56,0.0007683862436012125,0.022645290803061654,11,0.3567634496564921,33,0.23086313766997069,5,0.08417513440803297,7,0.26563280717121845
B Cells|Non-classical Monocytes|VIM|CD44,B Cells,Non-classical Monocytes,VIM,CD44,-0.3083214869248906,-0.48800565116145345,-0.1286373226883277,56,0.0007706747166851216,0.022645290803061654,11,0.6199616520049358,33,0.4601196339962274,5,0.48892454230339666,7,0.6374040112195789
Non-classical Monocytes|Non-classical Monocytes|PSEN1|CD44,Non-classical Monocytes,Non-classical Monocytes,PSEN1,CD44,0.2494124485598927,0.1028029146923671,0.39602198242741826,56,0.0008551595032999666,0.024838943274011673,11,0.31706737512185873,33,0.44028783863067317,5,0.46909600411707925,7,0.342904019066001
pDCs|pDCs|HLA-A|LILRB1,pDCs,pDCs,HLA-A,LILRB1,-0.3608617039881342,-0.5732675979225467,-0.14845581005372177,43,0.000868983971249378,0.0249536647198543,10,0.5833207751648357,21,0.4914340118913061,5,0.34571763766886665,7,0.6146925783834712
B Cells|Non-classical Monocytes|CD22|PTPRC,B Cells,Non-classical Monocytes,CD22,PTPRC,-0.2076518742436585,-0.3304654936133959,-0.08483825487392112,56,0.0009200938442197569,0.026124462295992426,11,0.6504069174311895,33,0.5594316802780834,5,0.5142129327138225,7,0.6308895698043749
Classical Monocytes|CD8 T Cells|ICAM3|ITGAL,Classical Monocytes,CD8 T Cells,ICAM3,ITGAL,-0.22292021594464556,-0.35526609899605144,-0.09057433289323968,56,0.0009623239671122371,0.027019918498806923,11,0.345034299908281,33,0.3298619272793794,5,0.12613685445817197,7,0.33388469777391594
CD4 T Cells|Non-classical Monocytes|MFNG|NOTCH2,CD4 T Cells,Non-classical Monocytes,MFNG,NOTCH2,-0.1388215155747464,-0.22234289448082434,-0.05530013666866844,56,0.001123305715866369,0.031193335648289168,11,0.14876680956982744,33,0.06285385765321248,5,0.004057137015627199,7,0.05696570067375866
CD4 T Cells|NK Cells|CD40LG|CD53,CD4 T Cells,NK Cells,CD40LG,CD53,0.2740875315767184,0.10848608657511441,0.4396889765783224,56,0.0011788722917371417,0.03238054653499736,11,0.18527158288935547,33,0.35819807561924333,5,0.49418614699296776,7,0.3930251081461372
Classical Monocytes|Non-classical Monocytes|HLA-DRA|CD4,Classical Monocytes,Non-classical Monocytes,HLA-DRA,CD4,-0.12346111723766862,-0.19880757702455626,-0.04811465745078097,56,0.0013201843106009443,0.035872104869769744,11,0.8533488651635232,33,0.7274214354763834,5,0.8190822919098849,7,0.8166159794604138
Classical Monocytes|pDCs|HLA-B|LILRB1,Classical Monocytes,pDCs,HLA-B,LILRB1,-0.4291720424755671,-0.6914831274900729,-0.16686095746106133,43,0.001342512982637026,0.036090747948125154,10,0.685885218454962,21,0.5791658136431506,5,0.35872114415776696,7,0.6811737818215227
pDCs|Non-classical Monocytes|HLA-DMB|CD4,pDCs,Non-classical Monocytes,HLA-DMB,CD4,0.24727579526179383,0.0958308708657418,0.39872071965784583,44,0.0013733978762175039,0.03649078787211273,10,0.12788177208351503,22,0.20472177254036275,5,0.2915963692563906,7,0.1211605744514445
CD8 T Cells|CD4 T Cells|GNAI2|S1PR4,CD8 T Cells,CD4 T Cells,GNAI2,S1PR4,-0.2685306292637616,-0.43313153695772666,-0.10392972156979655,56,0.0013862744897992967,0.03649078787211273,11,0.2981707779425584,33,0.16735122311165915,5,0.0,7,0.13771107443286235
pDCs|pDCs|HLA-B|LILRB1,pDCs,pDCs,HLA-B,LILRB1,-0.4270886039648265,-0.6898677518526886,-0.1643094560769645,43,0.0014451302434777614,0.037647877580085594,10,0.7090961582627255,21,0.6119193719154444,5,0.36546473423254,7,0.6953765518500854
pDCs|B Cells|SEMA4D|CD72,pDCs,B Cells,SEMA4D,CD72,0.5536710043350187,0.21144137378729383,0.8959006348827436,36,0.0015196852971773199,0.03899331206871738,7,0.05913595078692013,18,0.18034988547329625,5,0.46588675086784564,6,0.033429681219203054
CD8 T Cells|Non-classical Monocytes|PKM|CD44,CD8 T Cells,Non-classical Monocytes,PKM,CD44,-0.2547554320546724,-0.41241468208851007,-0.0970961820208347,56,0.0015400477587618699,0.03899331206871738,11,0.48037956297955237,33,0.3026039460538401,5,0.37039090943930447,7,0.44737072456826465
CD4 T Cells|Non-classical Monocytes|LTB|TNFRSF1A,CD4 T Cells,Non-classical Monocytes,LTB,TNFRSF1A,-0.3707830178321475,-0.6004990095831038,-0.14106702608119126,56,0.001558498028864446,0.03899331206871738,11,0.6809497794882711,33,0.6107803527737656,5,0.4211834667184732,7,0.7217970578361153
pDCs|Non-classical Monocytes|GRN|TNFRSF1B,pDCs,Non-classical Monocytes,GRN,TNFRSF1B,-0.2139161358506757,-0.3463358096744636,-0.08149646202688782,44,0.0015444155399698281,0.03899331206871738,10,0.8256811961823921,22,0.6812033475269185,5,0.670056883145218,7,0.7394951703404201
Classical Monocytes|pDCs|HLA-C|LILRB1,Classical Monocytes,pDCs,HLA-C,LILRB1,-0.383576798468001,-0.621945756932426,-0.14520784000357598,43,0.0016109304297905519,0.03991001172628161,10,0.5926702153772067,21,0.4692543283484969,5,0.32233795354858613,7,0.5824988649878774
B Cells|NK Cells|CD22|PTPRC,B Cells,NK Cells,CD22,PTPRC,-0.21397264207037936,-0.34718520786277896,-0.08076007627797976,56,0.0016428400926214403,0.04030540693256679,11,0.5632067248546332,33,0.499672947235505,5,0.5143354839596899,7,0.6647743484109411
CD8 T Cells|pDCs|HLA-B|LILRB1,CD8 T Cells,pDCs,HLA-B,LILRB1,-0.32941922189848594,-0.5350041327105464,-0.12383431108642548,43,0.0016863058618266482,0.040973989546499424,10,0.8286729466940684,21,0.7097663302781443,5,0.5614168228709586,7,0.7719294283535204
B Cells|Non-classical Monocytes|IL16|CD4,B Cells,Non-classical Monocytes,IL16,CD4,-0.2926019892780197,-0.4754192910204116,-0.10978468753562784,56,0.0017071324359396326,0.04108498729161383,11,0.22338398065658824,33,0.11919747157066249,5,0.13691510641114815,7,0.32533058660324216
B Cells|Classical Monocytes|VIM|CD44,B Cells,Classical Monocytes,VIM,CD44,-0.19860983776833752,-0.32321467461133846,-0.0740050009253366,56,0.0017839771423685841,0.0425293418751454,11,0.682736257251446,33,0.5505171838432791,5,0.6480614593279667,7,0.7144522236881372
CD4 T Cells|Non-classical Monocytes|CALR|LRP1,CD4 T Cells,Non-classical Monocytes,CALR,LRP1,-0.3102278690612369,-0.5054375627400789,-0.1150181753823949,56,0.0018408150906411972,0.0433115931044586,11,0.3253646773104714,33,0.26361689582901404,5,0.06122873764043331,7,0.3097088252202128
CD4 T Cells|Non-classical Monocytes|ANXA1|FPR1,CD4 T Cells,Non-classical Monocytes,ANXA1,FPR1,-0.30938324034318515,-0.5041639497008154,-0.11460253098555492,55,0.0018510692739539091,0.0433115931044586,10,0.4196933354251128,33,0.2918564848666693,5,0.3913353603122857,7,0.5728817500970275
Classical Monocytes|CD4 T Cells|HLA-DMB|CD4,Classical Monocytes,CD4 T Cells,HLA-DMB,CD4,-0.18877737461333588,-0.3078137575635066,-0.06974099166316514,56,0.0018818799896693954,0.04362853884306938,11,0.14020278891462035,33,0.028689171256728794,5,0.01243841604041911,7,0.08970217299586343
NK Cells|CD8 T Cells|GNAI2|S1PR4,NK Cells,CD8 T Cells,GNAI2,S1PR4,-0.2399441740869902,-0.391551456398501,-0.0883368917754794,55,0.001922344492762915,0.04416149575647169,11,0.19769853194835313,32,0.14578480091754245,5,0.0,7,0.18803044305617952
pDCs|CD4 T Cells|HLA-DPB1|CD4,pDCs,CD4 T Cells,HLA-DPB1,CD4,-0.25998845261133674,-0.4247132266504902,-0.09526367857218326,44,0.0019784327580240476,0.04498055978881114,10,0.5924342649006937,22,0.45801412993228124,5,0.292069400640272,7,0.41763771828319624
Non-classical Monocytes|B Cells|SEMA4D|CD72,Non-classical Monocytes,B Cells,SEMA4D,CD72,0.4233579954646737,0.15469859170684158,0.6920173992225058,54,0.002011398201874024,0.04498055978881114,10,0.10758124820410737,33,0.11868242222956853,5,0.5611167475278147,6,0.1488599260886022
B Cells|Non-classical Monocytes|HLA-A|LILRA1,B Cells,Non-classical Monocytes,HLA-A,LILRA1,-0.25539512045684143,-0.41744202550254295,-0.09334821541113994,56,0.0020082164349772514,0.04498055978881114,11,0.6970624296441296,33,0.588374194206548,5,0.5106147348972492,7,0.6573216199165091
CD8 T Cells|Non-classical Monocytes|ARF6|SMAP1,CD8 T Cells,Non-classical Monocytes,ARF6,SMAP1,-0.4014640628465388,-0.6565420340509394,-0.14638609164213828,55,0.002037143673572249,0.045016422611950595,11,0.43131861351639955,32,0.3359191172988098,5,0.21456051652461153,7,0.5206250831535605
CD8 T Cells|Classical Monocytes|PTPN6|CD300LF,CD8 T Cells,Classical Monocytes,PTPN6,CD300LF,0.18176491168542863,0.06621439160177858,0.2973154317690787,51,0.0020486302336265604,0.045016422611950595,11,0.0,28,0.10451864045811034,5,0.0912040530242283,7,0.013957781796910016
Non-classical Monocytes|pDCs|HLA-C|LILRB1,Non-classical Monocytes,pDCs,HLA-C,LILRB1,-0.42191054565746344,-0.6906762217081671,-0.15314486960675977,43,0.0020925850970302776,0.04558588396720268,10,0.6692258831759237,21,0.5552142698726806,5,0.33845503705542324,7,0.6463539694096436
CD4 T Cells|NK Cells|CD48|CD2,CD4 T Cells,NK Cells,CD48,CD2,-0.2982651370167745,-0.4893156968212706,-0.1072145772122784,56,0.0022143676049949214,0.04782655502412109,11,0.4471193349000257,33,0.3464633125392854,5,0.5134565499101748,7,0.7110656645662089
Classical Monocytes|CD4 T Cells|ADAM10|TSPAN14,Classical Monocytes,CD4 T Cells,ADAM10,TSPAN14,0.309914967724093,0.11112636629982342,0.5087035691483626,55,0.0022459665417185067,0.04809794449934463,11,0.02269428080933188,32,0.08106382035738999,5,0.32555050233147925,7,0.07400507415544434
Non-classical Monocytes|Non-classical Monocytes|GNAI2|S1PR4,Non-classical Monocytes,Non-classical Monocytes,GNAI2,S1PR4,0.4212209869886169,0.1503759898294641,0.6920659841477697,56,0.0023024990908223097,0.04889424539922669,11,0.16238658165589917,33,0.38096444113095346,5,0.4816147350465136,7,0.278971607532951
CD4 T Cells|CD8 T Cells|HLA-DPB1|LAG3,CD4 T Cells,CD8 T Cells,HLA-DPB1,LAG3,0.177857946004383,0.06299252473421844,0.29272336727454756,55,0.0024068420901132564,0.04955698919741739,11,0.026434342955533596,32,0.1835045983421526,5,0.04986067286585829,7,0.029072982248094292
Non-classical Monocytes|Non-classical Monocytes|HLA-C|LILRA1,Non-classical Monocytes,Non-classical Monocytes,HLA-C,LILRA1,-0.2403894298171474,-0.39567337414810766,-0.08510548548618713,56,0.002412152620214618,0.04955698919741739,11,0.7687042018535397,33,0.6160422201753941,5,0.5802471567162087,7,0.6679746048552105
CD8 T Cells|Non-classical Monocytes|ICAM3|ITGAL,CD8 T Cells,Non-classical Monocytes,ICAM3,ITGAL,0.40387091833226363,0.14350655997842438,0.6642352766861028,56,0.0023638270819953933,0.04955698919741739,11,0.13062365440212978,33,0.40158067654762797,5,0.3736772275846896,7,0.2407633313979242
CD4 T Cells|CD4 T Cells|SPTAN1|PTPRA,CD4 T Cells,CD4 T Cells,SPTAN1,PTPRA,0.394983294571009,0.14007694832318263,0.6498896408188354,54,0.002389378110981774,0.04955698919741739,11,0.15584670400265435,31,0.29978544862307066,5,0.43502036372862785,7,0.18397581377803515
CD8 T Cells|NK Cells|HLA-F|CD8A,CD8 T Cells,NK Cells,HLA-F,CD8A,-0.37686648764969183,-0.6210961647432935,-0.13263681055609008,42,0.002491385928918694,0.0507720342127221,8,0.4813968270278537,22,0.34012078719445715,5,0.13501650758858702,7,0.37060695540488237
CD4 T Cells|CD8 T Cells|CD48|CD2,CD4 T Cells,CD8 T Cells,CD48,CD2,-0.22936616267462506,-0.37827747311837506,-0.08045485223087506,56,0.0025368827745677067,0.05128562217066076,11,0.5830167295349707,33,0.5335937972753704,5,0.5432946189533038,7,0.7232378493683285
B Cells|pDCs|HLA-B|LILRB1,B Cells,pDCs,HLA-B,LILRB1,-0.42486888320958494,-0.7015516705175455,-0.1481860959016244,43,0.0026151977211930602,0.05227150783979959,10,0.7148004400085424,21,0.6079607799427638,5,0.3861082380072203,7,0.7041374611510266
Classical Monocytes|Classical Monocytes|HLA-DMB|CD4,Classical Monocytes,Classical Monocytes,HLA-DMB,CD4,-0.1967441316497559,-0.32502772733709606,-0.06846053596241575,56,0.002647705976847783,0.05227150783979959,11,0.33527126306115723,33,0.12326237570072782,5,0.33876942979476976,7,0.3235046740840962
NK Cells|B Cells|CD99|CD81,NK Cells,B Cells,CD99,CD81,0.21273014369972976,0.07406820158135285,0.35139208581810666,51,0.0026392139515418345,0.05227150783979959,11,0.4171148775868732,29,0.399123142646563,5,0.5556220617007925,6,0.3249001830607526
CD4 T Cells|B Cells|LGALS1|ITGB1,CD4 T Cells,B Cells,LGALS1,ITGB1,0.3884312775404162,0.13388752082508804,0.6429750342557443,45,0.002781694754560939,0.05407186649827302,8,0.13559055858327765,25,0.28265093723322404,5,0.49465570216155264,7,0.2532848032710828
CD4 T Cells|B Cells|VIM|CD44,CD4 T Cells,B Cells,VIM,CD44,-0.17073411616194112,-0.2825800169848278,-0.05888821533905443,56,0.0027723920461360393,0.05407186649827302,11,0.7657194367603742,33,0.6694388717890304,5,0.7173186688438495,7,0.7917722200344468
NK Cells|Non-classical Monocytes|ICAM3|ITGAL,NK Cells,Non-classical Monocytes,ICAM3,ITGAL,0.4125032584567141,0.14167906730477337,0.6833274496086548,56,0.0028330008233998457,0.05464880214298786,11,0.14157076305427188,33,0.4068440935545642,5,0.351726116850341,7,0.2044961888939192
B Cells|Classical Monocytes|CIRBP|TREM1,B Cells,Classical Monocytes,CIRBP,TREM1,-0.1644075107245382,-0.27244522670376875,-0.05636979474530761,56,0.0028581551298030696,0.054716348583426944,11,0.6259063164826942,33,0.5103930853349623,5,0.5608130552394475,7,0.6097073348162537
pDCs|CD4 T Cells|HLA-DPA1|CD4,pDCs,CD4 T Cells,HLA-DPA1,CD4,-0.19944570169834203,-0.33095966057466863,-0.06793174282201539,44,0.0029552316119490817,0.05614940062703255,10,0.5272106993042843,22,0.45135286887044135,5,0.25570304987795217,7,0.3792909211424512
Classical Monocytes|Classical Monocytes|HLA-DRA|CD4,Classical Monocytes,Classical Monocytes,HLA-DRA,CD4,-0.14190725049164465,-0.23573532576882664,-0.04807917521446267,56,0.0030338775097056123,0.0572134960225827,11,0.8508875311373237,33,0.6555090071277863,5,0.8241306751079982,7,0.7706594015901054
pDCs|Classical Monocytes|GNAI2|ADCY7,pDCs,Classical Monocytes,GNAI2,ADCY7,-0.29270806017706585,-0.48657717267787454,-0.09883894767625717,44,0.003084399977951368,0.05734319747966582,10,0.23733922630029175,22,0.20579966666932528,5,0.03192810580865213,7,0.29309660635475154
Non-classical Monocytes|Non-classical Monocytes|ADAM10|CD44,Non-classical Monocytes,Non-classical Monocytes,ADAM10,CD44,0.2594404961499228,0.08746412134237466,0.43141687095747094,56,0.00310883183803491,0.05734319747966582,11,0.2660937279764762,33,0.4270251527990632,5,0.43222114750688123,7,0.33371207617954546
B Cells|Non-classical Monocytes|CIRBP|TREM1,B Cells,Non-classical Monocytes,CIRBP,TREM1,-0.23411117379135826,-0.3892860834544497,-0.07893626412826685,56,0.003106659005952937,0.05734319747966582,11,0.4745032760296776,33,0.38945824960863656,5,0.33169618469842976,7,0.48076233206874697
NK Cells|Non-classical Monocytes|HLA-B|LILRB2,NK Cells,Non-classical Monocytes,HLA-B,LILRB2,-0.013776150337370452,-0.0230081088210361,-0.004544191853704804,56,0.0034478249618006217,0.06313517158311718,11,0.9955448660594307,33,0.9879416139421753,5,0.986994713494988,7,0.993167611715103
pDCs|Non-classical Monocytes|HLA-A|LILRA1,pDCs,Non-classical Monocytes,HLA-A,LILRA1,-0.2785227532570616,-0.465559401448779,-0.09148610506534421,44,0.003515503798440527,0.0639113532277641,10,0.6421760436336998,22,0.5485846086420759,5,0.408428273797066,7,0.5933595920625037
CD8 T Cells|Non-classical Monocytes|TGFB1|LPP,CD8 T Cells,Non-classical Monocytes,TGFB1,LPP,-0.4099992898875028,-0.6863296722234623,-0.13366890755154326,53,0.0036368482362718886,0.06426794051090254,11,0.3978243027621229,31,0.1744488010239151,5,0.15958554012983214,6,0.34620932827912715
CD4 T Cells|pDCs|HLA-B|LILRB1,CD4 T Cells,pDCs,HLA-B,LILRB1,-0.3838827210458297,-0.6421030983564764,-0.12566234373518298,43,0.003570861638794227,0.06426794051090254,10,0.760418965486996,21,0.6195565199511902,5,0.471951509988698,7,0.714971785498722
Non-classical Monocytes|NK Cells|ICAM1|IL2RG,Non-classical Monocytes,NK Cells,ICAM1,IL2RG,0.2854373237987426,0.0931334468306492,0.477741200766836,47,0.0036237645455440117,0.06426794051090254,9,0.34277375065591026,26,0.458712973608073,5,0.5350547274387505,7,0.36555662659217064
CD4 T Cells|pDCs|HLA-C|LILRB1,CD4 T Cells,pDCs,HLA-C,LILRB1,-0.39608508603816794,-0.6626428642474822,-0.12952730782885363,43,0.0035870769766227287,0.06426794051090254,10,0.6892976844310368,21,0.5643815166249849,5,0.3752878721142524,7,0.6464567903463685
NK Cells|pDCs|HLA-B|LILRB1,NK Cells,pDCs,HLA-B,LILRB1,-0.2906020065741297,-0.4869003213048938,-0.09430369184336562,43,0.0037132096371231852,0.06516167189590479,10,0.8332560397626922,21,0.730713775697278,5,0.6007224443018349,7,0.7887821868105503
CD8 T Cells|pDCs|TNF|TNFRSF21,CD8 T Cells,pDCs,TNF,TNFRSF21,-0.2827499024892904,-0.47407088882817033,-0.09142891615041043,33,0.003772350677127002,0.0657429666282754,6,0.3732587002171861,15,0.19167035325085446,5,0.0,7,0.10116155552295873
Non-classical Monocytes|B Cells|TNFSF13B|CD40,Non-classical Monocytes,B Cells,TNFSF13B,CD40,0.25283379265025485,0.0814172543026899,0.42425033099781984,56,0.003841613178279019,0.0664914828870622,11,0.2862906964854695,33,0.3389308866555881,5,0.4531231202409648,7,0.25292951776082856
NK Cells|CD8 T Cells|PKM|CD44,NK Cells,CD8 T Cells,PKM,CD44,-0.2156089719263906,-0.3620750094656776,-0.06914293438710364,56,0.0039114803745573575,0.06724021024834315,11,0.23109966618675815,33,0.1569244677973134,5,0.14932003349309458,7,0.29075380703004045
Classical Monocytes|Classical Monocytes|PSEN1|CD44,Classical Monocytes,Classical Monocytes,PSEN1,CD44,0.26269536323897796,0.08360002959134383,0.4417906968866121,56,0.0040421068446504305,0.06901624321913269,11,0.293389967126319,33,0.438019726962327,5,0.41223861631047487,7,0.2941730129075049
Non-classical Monocytes|Non-classical Monocytes|HLA-DPA1|CD4,Non-classical Monocytes,Non-classical Monocytes,HLA-DPA1,CD4,-0.1344966529625531,-0.22663339619152145,-0.04235990973358472,56,0.004222293726142068,0.07160896809369803,11,0.7806289603084839,33,0.621714449733003,5,0.8517166382105309,7,0.8272987805976031
CD4 T Cells|pDCs|SELPLG|SELL,CD4 T Cells,pDCs,SELPLG,SELL,0.28483383584730304,0.08930109221722757,0.4803665794773785,44,0.004302430295392971,0.07205759716779739,10,0.24185841119419452,22,0.37335616025915663,5,0.4859768519772443,7,0.3326407651949033
CD4 T Cells|Non-classical Monocytes|VIM|CD44,CD4 T Cells,Non-classical Monocytes,VIM,CD44,-0.11405065091428679,-0.19235091809743898,-0.03575038373113461,56,0.004305776482919433,0.07205759716779739,11,0.9252733190811026,33,0.8354904709943477,5,0.8886155870833562,7,0.9128833899108881
CD8 T Cells|Classical Monocytes|GNAS|ADCY7,CD8 T Cells,Classical Monocytes,GNAS,ADCY7,-0.1907120036277311,-0.3218252470106233,-0.0595987602448389,56,0.004359786026280712,0.07248144268691684,11,0.03852937077224585,33,0.11224976572470108,5,0.03592438413631997,7,0.3003567827165063
CD4 T Cells|CD4 T Cells|GNAI2|S1PR4,CD4 T Cells,CD4 T Cells,GNAI2,S1PR4,-0.2026320997593055,-0.3421782902249285,-0.06308590929368249,56,0.004426904708954862,0.07281837678703489,11,0.2419337100409776,33,0.11565942403521763,5,0.0,7,0.07635781375354553
Classical Monocytes|Non-classical Monocytes|HLA-A|LILRA1,Classical Monocytes,Non-classical Monocytes,HLA-A,LILRA1,-0.2404672742372283,-0.40613226938189373,-0.07480227909256285,56,0.004441959939060076,0.07281837678703489,11,0.6581661163824544,33,0.5428945700835442,5,0.47445803545901316,7,0.5996537633973313
CD4 T Cells|B Cells|SELPLG|SELL,CD4 T Cells,B Cells,SELPLG,SELL,0.2321311677254767,0.07211042127707418,0.39215191417387923,56,0.004466501148393513,0.07281837678703489,11,0.3534234249280241,33,0.3463724560352523,5,0.5344115727119887,7,0.2952294360937402
CD8 T Cells|CD8 T Cells|LCK|CD8A_CD8B,CD8 T Cells,CD8 T Cells,LCK,CD8A_CD8B,-0.38231464328185255,-0.6463587408633242,-0.11827054570038081,56,0.004541561720111124,0.07356747735077443,11,0.45822545145380783,33,0.4379466781351397,5,0.18208545063480291,7,0.5441213205979873
Classical Monocytes|CD4 T Cells|HLA-DRA|CD4,Classical Monocytes,CD4 T Cells,HLA-DRA,CD4,-0.28239068060808614,-0.4782289597542656,-0.08655240146190668,56,0.004710578173982505,0.07564859689974995,11,0.6556607254657191,33,0.4605068768970674,5,0.36267403082577243,7,0.4499108628652068
CD4 T Cells|pDCs|HLA-A|LILRB1,CD4 T Cells,pDCs,HLA-A,LILRB1,-0.3996119956295101,-0.676872106103747,-0.12235188515527323,43,0.00472990831427008,0.07564859689974995,10,0.6968194055100108,21,0.5735433005493569,5,0.3869526796362299,7,0.6632885703050861
CD4 T Cells|NK Cells|GNAS|PTGDR,CD4 T Cells,NK Cells,GNAS,PTGDR,-0.18138175624919609,-0.3073943557762848,-0.05536915672210732,55,0.004785032528387152,0.07601780852152461,11,0.32678927610992736,32,0.24643554404048668,5,0.01066081593515964,7,0.11168884011491502
B Cells|Non-classical Monocytes|LTB|TNFRSF1A,B Cells,Non-classical Monocytes,LTB,TNFRSF1A,-0.338841608205118,-0.5744043934812444,-0.10327882292899163,56,0.004813157642834957,0.07601780852152461,11,0.5889962873845542,33,0.515779314816766,5,0.4075490024447782,7,0.673173638082108
CD8 T Cells|Non-classical Monocytes|HLA-B|LILRB2,CD8 T Cells,Non-classical Monocytes,HLA-B,LILRB2,-0.016138198372940282,-0.027379728974193253,-0.00489666777168731,56,0.0048975005944842005,0.07686946585255636,11,0.9954068442044869,33,0.9874210580563834,5,0.9840327255120613,7,0.9921851377368981
Non-classical Monocytes|pDCs|HLA-B|LILRB1,Non-classical Monocytes,pDCs,HLA-B,LILRB1,-0.39488515451028944,-0.6715115316600057,-0.11825877736057322,43,0.0051443092517259445,0.08002714027338188,10,0.7464697338074956,21,0.6219106123807348,5,0.43550748087593477,7,0.7058335139594634
Classical Monocytes|B Cells|PSEN1|CD44,Classical Monocytes,B Cells,PSEN1,CD44,-0.35915392582633116,-0.6108496169244712,-0.10745823472819116,56,0.005162019732711218,0.08002714027338188,11,0.2984170231182571,33,0.1268167826896176,5,0.11576771484612895,7,0.30332140024382065
CD4 T Cells|Non-classical Monocytes|ANXA2|TLR2,CD4 T Cells,Non-classical Monocytes,ANXA2,TLR2,-0.2962763772187272,-0.5044782658105744,-0.08807448862688,56,0.005285855093780288,0.08004131800458812,11,0.1577888255344255,33,0.2234363286262435,5,0.009482059430276713,7,0.37140593974082187
CD8 T Cells|Classical Monocytes|ANXA2|TLR2,CD8 T Cells,Classical Monocytes,ANXA2,TLR2,-0.2428841257175368,-0.4135799091512822,-0.07218834228379142,56,0.0052896320169237105,0.08004131800458812,11,0.20160088984327373,33,0.21091166096756336,5,0.09621835498693057,7,0.348413251828757
NK Cells|Non-classical Monocytes|SELPLG|ITGB2,NK Cells,Non-classical Monocytes,SELPLG,ITGB2,-0.24623688907331198,-0.4192307706059137,-0.07324300754071028,56,0.005274333717550459,0.08004131800458812,11,0.5344537661226758,33,0.4718952604872396,5,0.3328204973650659,7,0.5164988808029417
NK Cells|Non-classical Monocytes|ARF6|SMAP1,NK Cells,Non-classical Monocytes,ARF6,SMAP1,-0.26564303758609065,-0.4519798640852194,-0.0793062110869619,55,0.005203828498611117,0.08004131800458812,11,0.4794091886726992,32,0.40831014336019356,5,0.3821505540399931,7,0.5766945463135781
pDCs|pDCs|HLA-C|LILRB1,pDCs,pDCs,HLA-C,LILRB1,-0.35298741517176074,-0.6015004693559884,-0.10447436098753307,43,0.005370484052802246,0.0807319917540516,10,0.6141105039365697,21,0.5279395059815224,5,0.2963672355352997,7,0.5631836527520131
CD4 T Cells|Classical Monocytes|CIRBP|TREM1,CD4 T Cells,Classical Monocytes,CIRBP,TREM1,-0.170854084868452,-0.2912148870133347,-0.05049328272356929,56,0.0053991715894082795,0.0807319917540516,11,0.555177072484653,33,0.4346102020669217,5,0.4981078803522777,7,0.5483950948029984
CD8 T Cells|Non-classical Monocytes|LGALS1|ITGB1,CD8 T Cells,Non-classical Monocytes,LGALS1,ITGB1,0.24545798738761257,0.07188380120726798,0.4190321735679572,56,0.005577107225019578,0.08290205857426161,11,0.2719364074677038,33,0.34312620148223105,5,0.38008365341947864,7,0.2058154600463933
B Cells|CD4 T Cells|HLA-DRB1|CD4,B Cells,CD4 T Cells,HLA-DRB1,CD4,-0.24866816884884452,-0.4246667748991868,-0.0726695627985022,56,0.00561889196518121,0.08303473681878899,11,0.73647454551486,33,0.5975366662335695,5,0.41814326463712365,7,0.5278735542046776
NK Cells|Non-classical Monocytes|PTPN6|CLEC12A,NK Cells,Non-classical Monocytes,PTPN6,CLEC12A,-0.2608008747104567,-0.44581773894964416,-0.07578401047126926,56,0.005731192295515999,0.08420187750447053,11,0.29181620828085536,33,0.28968976485467834,5,0.04877709786226825,7,0.30745152914654794
Classical Monocytes|CD8 T Cells|CD48|CD2,Classical Monocytes,CD8 T Cells,CD48,CD2,-0.28696922914751244,-0.49092504132632714,-0.08301341696869774,56,0.0058209234004262716,0.08502585799350976,11,0.423820016184169,33,0.4197964097902041,5,0.3661505750393922,7,0.6490961977929398
Classical Monocytes|B Cells|TNFSF13B|CD40,Classical Monocytes,B Cells,TNFSF13B,CD40,0.28687140064846633,0.08262943408460216,0.4911133672123305,56,0.005907002140513982,0.08578732419010823,11,0.13711344684530868,33,0.33481029278713753,5,0.39831699298783774,7,0.30914243828120025
Non-classical Monocytes|Classical Monocytes|LGALS9|CD44,Non-classical Monocytes,Classical Monocytes,LGALS9,CD44,-0.12452454542225677,-0.21338340304231224,-0.03566568780220129,56,0.006020849804426683,0.0869410711759213,11,0.7116407522270584,33,0.6212842141400278,5,0.6501036014646854,7,0.6842716087999116
Non-classical Monocytes|Non-classical Monocytes|RPS19|C5AR1,Non-classical Monocytes,Non-classical Monocytes,RPS19,C5AR1,-0.038899802707974884,-0.06667924510989322,-0.011120360306056547,56,0.006059296831079128,0.0869991084780509,11,0.9918903319339291,33,0.9583046984286623,5,0.9827429415904098,7,0.9880571107931179
Non-classical Monocytes|Non-classical Monocytes|HLA-A|LILRA1,Non-classical Monocytes,Non-classical Monocytes,HLA-A,LILRA1,-0.2195100765228526,-0.37642240880385475,-0.06259774424185044,56,0.006109214081146555,0.08722024849184941,11,0.7105188511549513,33,0.595993157005319,5,0.5400458187904664,7,0.6450302011636867
Non-classical Monocytes|B Cells|PSEN1|CD44,Non-classical Monocytes,B Cells,PSEN1,CD44,-0.3455978178311503,-0.5930622336074164,-0.09813340205488422,56,0.006196485408714279,0.0879692057742752,11,0.35115741901169717,33,0.13508418149035595,5,0.16951883664074094,7,0.29904341695055
CD8 T Cells|Classical Monocytes|PKM|CD44,CD8 T Cells,Classical Monocytes,PKM,CD44,-0.17332149015293963,-0.2976239573206535,-0.04901902298522576,56,0.0062782968791817405,0.08863271627761038,11,0.5696502282430427,33,0.391644810621077,5,0.5644285677818317,7,0.5597446403128056
CD8 T Cells|NK Cells|GNAS|PTGDR,CD8 T Cells,NK Cells,GNAS,PTGDR,-0.24646722065567062,-0.4236129577839631,-0.06932148352737816,55,0.006392348125451399,0.08881592758963582,11,0.2940529276332184,32,0.26463833142843846,5,0.05697686653325018,7,0.27402949098414087
Classical Monocytes|Non-classical Monocytes|CIRBP|TREM1,Classical Monocytes,Non-classical Monocytes,CIRBP,TREM1,0.23237817298347316,0.06538543568070626,0.39937091028624006,56,0.006383924373212901,0.08881592758963582,11,0.3222794128524881,33,0.3535352469595627,5,0.4118980189352932,7,0.2107756800588946
CD4 T Cells|Classical Monocytes|MFNG|NOTCH2,CD4 T Cells,Classical Monocytes,MFNG,NOTCH2,-0.1247026508862428,-0.21436531581296725,-0.03503998595951835,56,0.006412372324148727,0.08881592758963582,11,0.11179797515318804,33,0.031650284671930914,5,0.0,7,0.04455496040498568
NK Cells|B Cells|SELPLG|ITGB2,NK Cells,B Cells,SELPLG,ITGB2,-0.23938073277539137,-0.4116626312047476,-0.06709883434603514,56,0.006463070083446032,0.08881592758963582,11,0.23909242750134274,33,0.21510802978218657,5,0.01912483261096929,7,0.2345211676672045
CD8 T Cells|Non-classical Monocytes|TGFB1|ITGB1,CD8 T Cells,Non-classical Monocytes,TGFB1,ITGB1,0.3138483588336614,0.08795554600560235,0.5397411716617204,55,0.006467008577955279,0.08881592758963582,11,0.11409783980522471,33,0.2725417248280779,5,0.2892814902826369,6,0.1338770164718287
Classical Monocytes|Non-classical Monocytes|CD1D|LILRB2,Classical Monocytes,Non-classical Monocytes,CD1D,LILRB2,-0.2037586258383991,-0.3506897192288436,-0.056827532447954576,52,0.006567668124597644,0.08971079649112566,10,0.51418799784422,30,0.3992156527667745,5,0.32179558008338593,7,0.4105818608443395
CD8 T Cells|Classical Monocytes|PTPN6|CLEC12A,CD8 T Cells,Classical Monocytes,PTPN6,CLEC12A,-0.3352453978657475,-0.5778503008196239,-0.09264049491187104,56,0.006761034192854027,0.0918555559426996,11,0.32768582610214786,33,0.30932227479713026,5,0.07584341087865323,7,0.3927252574393831
B Cells|Non-classical Monocytes|GNAI2|S1PR4,B Cells,Non-classical Monocytes,GNAI2,S1PR4,-0.16985704498583817,-0.2929028503928997,-0.04681123957877664,54,0.006817951576520692,0.09213349536827695,11,0.0883682389460761,31,0.057493614523294406,5,0.0,7,0.13898242056305649
NK Cells|Non-classical Monocytes|RPS19|C5AR1,NK Cells,Non-classical Monocytes,RPS19,C5AR1,-0.03868549987883996,-0.06674875738780187,-0.010622242369878052,56,0.006895874878562225,0.09220040115410977,11,0.9870408828129769,33,0.9558166595815486,5,0.9808052346152916,7,0.9882665112627034
Non-classical Monocytes|CD4 T Cells|IL16|CD4,Non-classical Monocytes,CD4 T Cells,IL16,CD4,0.18405189162119903,0.050561695524576344,0.3175420877178217,53,0.006885458273400179,0.09220040115410977,11,0.004595625950298731,30,0.19757986955564802,5,0.0262594196495745,7,0.03519177163372478
B Cells|Non-classical Monocytes|RPS19|C5AR1,B Cells,Non-classical Monocytes,RPS19,C5AR1,-0.028035120077270825,-0.04842742708292245,-0.007642813071619202,56,0.007048650119601512,0.09325622435724094,11,0.9933179026697256,33,0.9690031235925519,5,0.9868508340702327,7,0.9905711750703298
Classical Monocytes|Non-classical Monocytes|PKM|CD44,Classical Monocytes,Non-classical Monocytes,PKM,CD44,-0.16866329652127177,-0.29131378069235314,-0.04601281235019036,56,0.007033537323469798,0.09325622435724094,11,0.6920626910904104,33,0.5676543366880842,5,0.5601534220077974,7,0.6044083641267429
Classical Monocytes|NK Cells|CD48|CD2,Classical Monocytes,NK Cells,CD48,CD2,-0.31283942639209167,-0.5408310377289056,-0.08484781505527778,56,0.007158682742568993,0.09373052482109764,11,0.26674829219642116,33,0.25965523621115005,5,0.3245943181878634,7,0.630340688594684
Non-classical Monocytes|B Cells|VIM|CD44,Non-classical Monocytes,B Cells,VIM,CD44,-0.10347754072595339,-0.1788802422736333,-0.028074839178273456,56,0.007151171271366237,0.09373052482109764,11,0.8620571286243544,33,0.7663457263938026,5,0.861878903232039,7,0.8696450417274406
Classical Monocytes|Classical Monocytes|ADAM10|IL6R,Classical Monocytes,Classical Monocytes,ADAM10,IL6R,0.265647713992834,0.07173230983088066,0.45956311815478734,52,0.007253306077316899,0.09447991988340104,11,0.02478659516102549,29,0.1428900201661531,5,0.19467746908749956,7,0.04713318009979316
Classical Monocytes|Non-classical Monocytes|HLA-C|LILRA1,Classical Monocytes,Non-classical Monocytes,HLA-C,LILRA1,-0.2705300160378068,-0.46852696865533916,-0.07253306342027446,56,0.007407075803635207,0.09598810541428804,11,0.6573721057630434,33,0.5288327077112487,5,0.4164563301681389,7,0.558446948154151
B Cells|CD4 T Cells|CD48|CD2,B Cells,CD4 T Cells,CD48,CD2,-0.24465355891870721,-0.42546902632740186,-0.06383809151001257,56,0.008003024627145887,0.10213961228685685,11,0.5114614692299125,33,0.4264335393347102,5,0.40793204715469367,7,0.5675576761781985
pDCs|NK Cells|GNAI2|S1PR4,pDCs,NK Cells,GNAI2,S1PR4,-0.2859721840028022,-0.4973174442446402,-0.07462692376096428,42,0.00800080751612548,0.10213961228685685,10,0.32552224250559375,20,0.2186017068863504,5,0.09505226396230515,7,0.274103912345864
B Cells|Non-classical Monocytes|HLA-C|LILRA1,B Cells,Non-classical Monocytes,HLA-C,LILRA1,-0.2523404556672302,-0.4388304214722102,-0.06585048986225014,56,0.008000788124172162,0.10213961228685685,11,0.7222577597277108,33,0.6036181515148692,5,0.5031335540645239,7,0.6368344015189125
B Cells|Classical Monocytes|PTPN6|CD300LF,B Cells,Classical Monocytes,PTPN6,CD300LF,-0.25223363179459385,-0.438895186868939,-0.06557207672024867,51,0.008085535264007878,0.10267410860375832,11,0.2081029107352225,28,0.10320376549953983,5,0.009454865945386404,7,0.1567893525042976
Non-classical Monocytes|Non-classical Monocytes|TGFB1|ITGB1,Non-classical Monocytes,Non-classical Monocytes,TGFB1,ITGB1,0.27084223197800794,0.07014146802914481,0.4715429959268711,56,0.008170595488802983,0.10323547400102569,11,0.15207527590182776,33,0.3350294786474685,5,0.20173151419440466,7,0.11384348496203749
CD8 T Cells|Non-classical Monocytes|GNAS|ADCY7,CD8 T Cells,Non-classical Monocytes,GNAS,ADCY7,-0.21457085956681327,-0.37367951875610067,-0.05546220037752586,56,0.008213390428208867,0.10325988861733236,11,0.08517223399267902,33,0.14828879538852413,5,0.08470529810274323,7,0.3623927190654016
B Cells|Classical Monocytes|HLA-DRA|CD4,B Cells,Classical Monocytes,HLA-DRA,CD4,-0.06186447988612387,-0.10778891648204578,-0.015940043290201968,56,0.008284404455642103,0.1036370795020178,11,0.944728427479732,33,0.8434870536993843,5,0.9383851000670516,7,0.8990082061728276
CD4 T Cells|Non-classical Monocytes|RPS19|C5AR1,CD4 T Cells,Non-classical Monocytes,RPS19,C5AR1,-0.030150390393824722,-0.05255029627299941,-0.007750484514650036,56,0.008336664097627629,0.10377709445667498,11,0.9927174105388464,33,0.9667460275532936,5,0.9860155556434913,7,0.9901945630517632
Classical Monocytes|pDCs|LGALS9|PTPRC,Classical Monocytes,pDCs,LGALS9,PTPRC,0.24988914766637224,0.06344239773864402,0.43633589759410046,44,0.008617104988743136,0.10674227601251915,10,0.18618217874767065,22,0.21576230394879145,5,0.38311282235169264,7,0.1628037998864412
Non-classical Monocytes|CD8 T Cells|ADAM10|CD44,Non-classical Monocytes,CD8 T Cells,ADAM10,CD44,0.1752179043584291,0.044321578668638784,0.3061142300482194,56,0.00870035934366253,0.107247844202123,11,0.5161737591707396,33,0.47437457576324443,5,0.544457110046134,7,0.3274400222802097
Non-classical Monocytes|pDCs|HLA-F|LILRB1,Non-classical Monocytes,pDCs,HLA-F,LILRB1,-0.2558494099625869,-0.447104140348932,-0.0645946795762419,43,0.008743457604475988,0.10725590954616904,10,0.1995084336537795,21,0.15913340410453372,5,0.024576231580484987,7,0.24005061199382613
CD8 T Cells|NK Cells|GNAI2|S1PR5,CD8 T Cells,NK Cells,GNAI2,S1PR5,-0.26340875961665117,-0.4609801890087609,-0.06583733022454141,56,0.008972799497671212,0.10953750884355146,11,0.3901557147756606,33,0.2987477961295883,5,0.04000835488124248,7,0.21200919585182135
NK Cells|Non-classical Monocytes|IL16|CD4,NK Cells,Non-classical Monocytes,IL16,CD4,-0.252258106775698,-0.4417559206177282,-0.06276029293366775,56,0.009078342809307301,0.11029313595730554,11,0.24184428643718306,33,0.11288310998682911,5,0.1090670320798001,7,0.2323639624051442
CD4 T Cells|Non-classical Monocytes|ICAM2|ITGAL_ITGB2,CD4 T Cells,Non-classical Monocytes,ICAM2,ITGAL_ITGB2,-0.25232207904700654,-0.4422900481856783,-0.06235410990833476,56,0.009233314371622083,0.1115464714265202,11,0.18720097663039018,33,0.1284122291487518,5,0.0,7,0.19353333156536817
Non-classical Monocytes|B Cells|ICAM1|IL2RG,Non-classical Monocytes,B Cells,ICAM1,IL2RG,-0.31628129210649575,-0.5545265213703569,-0.07803606284263467,47,0.009269789869239906,0.1115464714265202,9,0.2905728401408119,26,0.19819902758836602,5,0.25979196909536845,7,0.48369944864941833
Classical Monocytes|Non-classical Monocytes|RPS19|C5AR1,Classical Monocytes,Non-classical Monocytes,RPS19,C5AR1,-0.04367007571590531,-0.0766492411836349,-0.010690910248175714,56,0.009450048780783605,0.11211395900957825,11,0.9826151404164141,33,0.9460917439377267,5,0.9672758788365762,7,0.974422558073794
pDCs|Classical Monocytes|GRN|TNFRSF1B,pDCs,Classical Monocytes,GRN,TNFRSF1B,-0.18272417026899934,-0.3206771115102728,-0.04477122902772593,44,0.009430222245840022,0.11211395900957825,10,0.7060981757313544,22,0.571024597422413,5,0.5680270520252446,7,0.6156776439853026
CD4 T Cells|Non-classical Monocytes|HLA-B|LILRB2,CD4 T Cells,Non-classical Monocytes,HLA-B,LILRB2,-0.028030962003794846,-0.04918036106760429,-0.006881562939985406,56,0.009385197281328668,0.11211395900957825,11,0.9893862019651748,33,0.978344460720102,5,0.9720278291240503,7,0.9890170498827722
CD8 T Cells|Non-classical Monocytes|RPS19|C5AR1,CD8 T Cells,Non-classical Monocytes,RPS19,C5AR1,-0.032363528192803415,-0.056895020887566164,-0.007832035498040669,56,0.009717838257097726,0.11475223026021474,11,0.9911820448975536,33,0.9636211015707657,5,0.984365466995567,7,0.9891680518615827
Non-classical Monocytes|Non-classical Monocytes|LGALS9|LRP1,Non-classical Monocytes,Non-classical Monocytes,LGALS9,LRP1,-0.28754752703474634,-0.5073305342854773,-0.0677645197840154,56,0.01033933170745756,0.12152321499881515,11,0.4898462272726562,33,0.41051034340136144,5,0.2928025961512774,7,0.501014239314729
Classical Monocytes|Classical Monocytes|APP|LRP1,Classical Monocytes,Classical Monocytes,APP,LRP1,0.09797101498583106,0.02259415444200928,0.17334787552965286,55,0.010850978169358125,0.1263613909399446,11,0.0,32,0.07142590301452861,5,0.026545111971302448,7,0.0
Non-classical Monocytes|Non-classical Monocytes|VIM|CD44,Non-classical Monocytes,Non-classical Monocytes,VIM,CD44,-0.06457940840811616,-0.11424067419815849,-0.014918142618073824,56,0.010811499058043558,0.1263613909399446,11,0.9658656459124231,33,0.8915137441399557,5,0.958582615355257,7,0.9488101219909059
CD8 T Cells|CD8 T Cells|SELPLG|SELL,CD8 T Cells,CD8 T Cells,SELPLG,SELL,-0.24885241210821996,-0.44112639240199963,-0.05657843181444028,56,0.011190220556723595,0.1286655861098575,11,0.18956776502339903,33,0.209719550268981,5,0.0,7,0.26900419735380193
B Cells|Non-classical Monocytes|PTPN6|CD300LF,B Cells,Non-classical Monocytes,PTPN6,CD300LF,-0.25905485152380653,-0.4592397413900994,-0.05886996165751371,56,0.01120159435859464,0.1286655861098575,11,0.3438366330073284,33,0.2243887857220219,5,0.12993530136752957,7,0.26954230560602954
Classical Monocytes|NK Cells|CD48|CD244,Classical Monocytes,NK Cells,CD48,CD244,0.2626388139282866,0.05975366253630182,0.46552396532027135,53,0.011173930348089453,0.1286655861098575,11,0.274249734109947,32,0.40359381625524177,5,0.5177236933197061,5,0.3844289615367143
CD4 T Cells|Classical Monocytes|PTPN6|CLEC12A,CD4 T Cells,Classical Monocytes,PTPN6,CLEC12A,-0.3356515770489221,-0.5957067929103985,-0.07559636118744567,56,0.01141559335326418,0.1305303366683194,11,0.30863076240662835,33,0.3201185015479551,5,0.06933201271824004,7,0.4164713289084889
Classical Monocytes|Non-classical Monocytes|ADAM10|CD44,Classical Monocytes,Non-classical Monocytes,ADAM10,CD44,0.2184441903850507,0.04895243651597361,0.3879359442541278,56,0.011535674171723933,0.13130922807183054,11,0.32800919922433747,33,0.4252883063791701,5,0.45834075888350423,7,0.33717567565328616
pDCs|CD4 T Cells|HLA-DMA|CD4,pDCs,CD4 T Cells,HLA-DMA,CD4,0.19142956751367968,0.042154751584196765,0.34070438344316256,44,0.01195561068823756,0.13461826252630205,10,0.21427504676898934,22,0.37162652408958846,5,0.4554125171629724,7,0.4213344269698918
Non-classical Monocytes|CD8 T Cells|GNAI2|S1PR4,Non-classical Monocytes,CD8 T Cells,GNAI2,S1PR4,0.26813361636340727,0.05897076845903268,0.47729646426778183,55,0.011986192745713478,0.13461826252630205,11,0.2797776133274869,32,0.3307973967886658,5,0.42504375093270974,7,0.2079299180304814
pDCs|Non-classical Monocytes|GNAI2|ADCY7,pDCs,Non-classical Monocytes,GNAI2,ADCY7,-0.2549191131302446,-0.453532126711289,-0.05630609954920024,44,0.011882761275006256,0.13461826252630205,10,0.2662660548920329,22,0.22448503947544018,5,0.08819862848107787,7,0.30133672619472973
B Cells|NK Cells|CD48|CD244,B Cells,NK Cells,CD48,CD244,0.20253712801561924,0.04402361000661012,0.36105064602462833,53,0.012269379042360997,0.13718903026569132,11,0.311192955892961,32,0.383043547800308,5,0.5093463364486459,5,0.3786598003403737
NK Cells|NK Cells|PKM|CD44,NK Cells,NK Cells,PKM,CD44,-0.2137850599430016,-0.3812605794300076,-0.04630954045599561,56,0.012352044517494496,0.13750491848329777,11,0.3805860363330816,33,0.2775366945980092,5,0.19014229814583725,7,0.3008780163537665
CD4 T Cells|NK Cells|ICAM3|ITGAL,CD4 T Cells,NK Cells,ICAM3,ITGAL,0.27886866193914805,0.06004842057894433,0.4976889032993518,56,0.012496130374890129,0.13849877832169893,11,0.10481554010982795,33,0.23489269013876377,5,0.3746980414594051,7,0.2259065295491929
CD8 T Cells|CD4 T Cells|CD48|CD2,CD8 T Cells,CD4 T Cells,CD48,CD2,-0.2086902841949172,-0.3736349034405034,-0.04374566494933102,56,0.013146553927180107,0.14507136145844599,11,0.5888058645565146,33,0.4617984587051047,5,0.561132905655281,7,0.6428157839987882
CD8 T Cells|Non-classical Monocytes|CD99|PILRA,CD8 T Cells,Non-classical Monocytes,CD99,PILRA,-0.21590593140613867,-0.3873230559707128,-0.04448880684156453,56,0.013562608547606487,0.14709318369013558,11,0.714462033645566,33,0.6344647546775591,5,0.4929280610511646,7,0.6288367134892964
Non-classical Monocytes|Non-classical Monocytes|ANXA2|TLR2,Non-classical Monocytes,Non-classical Monocytes,ANXA2,TLR2,0.24156364156130822,0.049860520048888385,0.433266763073728,56,0.013521292169593907,0.14709318369013558,11,0.3313626735790312,33,0.41526787191137243,5,0.5026240568791893,7,0.3449656136502223
pDCs|pDCs|IL16|CD4,pDCs,pDCs,IL16,CD4,-0.25776837775189765,-0.46239731867712536,-0.05313943682666994,43,0.013551364327891542,0.14709318369013558,10,0.25776393089431615,21,0.23989724718574146,5,0.1285867419916782,7,0.36848843603500114
CD4 T Cells|Classical Monocytes|VIM|CD44,CD4 T Cells,Classical Monocytes,VIM,CD44,-0.06664859654887745,-0.11947437570724659,-0.0138228173905083,56,0.013405018163530928,0.14709318369013558,11,0.9433443377310963,33,0.8686252725720979,5,0.944331882800576,7,0.9362614141904549
NK Cells|Classical Monocytes|SELPLG|SELL,NK Cells,Classical Monocytes,SELPLG,SELL,0.19313012451668288,0.03950932283002109,0.3467509262033447,56,0.013738005985546703,0.14835872275844667,11,0.2165092044598983,33,0.3532833794417824,5,0.3699164618658415,7,0.3135605123310427
CD8 T Cells|Non-classical Monocytes|CALR|LRP1,CD8 T Cells,Non-classical Monocytes,CALR,LRP1,-0.2916698904158114,-0.524985240046572,-0.05835454078505073,56,0.01427884241396115,0.15354312672374396,11,0.45416775209567545,33,0.3918709841059536,5,0.23412932436900583,7,0.46350244679509534
CD8 T Cells|pDCs|HLA-C|LILRB1,CD8 T Cells,pDCs,HLA-C,LILRB1,-0.33399085845215376,-0.6019495274940198,-0.06603218941028777,43,0.01456769165581623,0.15598541022986276,10,0.7836714970144519,21,0.6565678370340875,5,0.45959752005860305,7,0.6664847185303924
NK Cells|Non-classical Monocytes|HMGB1|TLR2,NK Cells,Non-classical Monocytes,HMGB1,TLR2,0.2537264067286114,0.049699606668639984,0.45775320678858283,56,0.014793366088950422,0.15641354019572265,11,0.29564922837302726,33,0.42557247039028245,5,0.46470586945753123,7,0.340902704746175
NK Cells|Non-classical Monocytes|CD52|SIGLEC10,NK Cells,Non-classical Monocytes,CD52,SIGLEC10,-0.22154096269066526,-0.3995812642262987,-0.043500661155031844,55,0.014734376224528771,0.15641354019572265,11,0.613590911043046,32,0.5004632770495014,5,0.7109786778567943,7,0.819392006553915
Non-classical Monocytes|Non-classical Monocytes|SELPLG|ITGB2,Non-classical Monocytes,Non-classical Monocytes,SELPLG,ITGB2,-0.21084483558793404,-0.3802225901491907,-0.04146708102667737,56,0.014695289930585888,0.15641354019572265,11,0.5729403254219048,33,0.4615552330799887,5,0.4410400222165339,7,0.5404997654625519
Non-classical Monocytes|Non-classical Monocytes|SEMA4A|LILRB2,Non-classical Monocytes,Non-classical Monocytes,SEMA4A,LILRB2,-0.21453167555278496,-0.3872310358633456,-0.04183231524222428,55,0.014903371686995725,0.15692008438765917,11,0.5009822639356712,32,0.32198373039037004,5,0.43344146751347956,7,0.46897460952096337
Classical Monocytes|Non-classical Monocytes|VCAN|ITGA4,Classical Monocytes,Non-classical Monocytes,VCAN,ITGA4,-0.25161675256425,-0.45462015548818524,-0.04861334964031472,56,0.01512726756033957,0.1586166187758427,11,0.5179970070483332,33,0.38291426490764263,5,0.47062664408852173,7,0.5871606545120812
Classical Monocytes|Classical Monocytes|LGALS9|CD44,Classical Monocytes,Classical Monocytes,LGALS9,CD44,-0.14170165274456326,-0.2561251234204369,-0.027278182068689608,56,0.01521531979946409,0.15888063278200726,11,0.5450880959104154,33,0.4934717428978914,5,0.46631856379060943,7,0.5564038635226487
CD4 T Cells|NK Cells|ICAM2|ITGAL_ITGB2,CD4 T Cells,NK Cells,ICAM2,ITGAL_ITGB2,-0.20913643605590762,-0.37839744291192057,-0.039875429199894674,56,0.015447971632224148,0.15998780456815745,11,0.15914564981185125,33,0.1756827284488851,5,0.0,7,0.22567351469294147
Non-classical Monocytes|Classical Monocytes|HLA-DPA1|CD4,Non-classical Monocytes,Classical Monocytes,HLA-DPA1,CD4,-0.1168806521117034,-0.2114324560782223,-0.0223288481451845,56,0.015400615047725627,0.15998780456815745,11,0.7783327861561115,33,0.5859915942683901,5,0.8512741567333728,7,0.7758136169573548
Classical Monocytes|Non-classical Monocytes|PSEN1|CD44,Classical Monocytes,Non-classical Monocytes,PSEN1,CD44,0.19518354566159862,0.03686095390366423,0.353506137419533,56,0.01567972432156094,0.16172515657381425,11,0.33147699148354376,33,0.4338363542180223,5,0.5019665810791702,7,0.40914239815205017
CD4 T Cells|Classical Monocytes|CD47|SIRPA,CD4 T Cells,Classical Monocytes,CD47,SIRPA,-0.2243511410575803,-0.40791055772797924,-0.040791724387181344,55,0.016596832798903456,0.1631914260032258,10,0.16971559802557779,33,0.112939327755322,5,0.07271890764410453,7,0.24029377843142904
Classical Monocytes|CD4 T Cells|PSEN1|CD44,Classical Monocytes,CD4 T Cells,PSEN1,CD44,0.17567251348399793,0.03220485272364951,0.3191401742443464,56,0.016398377077891414,0.1631914260032258,11,0.46068178952254074,33,0.48222790511286967,5,0.545348003533977,7,0.39122160564030806
CD4 T Cells|Classical Monocytes|ANXA1|FPR1,CD4 T Cells,Classical Monocytes,ANXA1,FPR1,-0.21900451537393373,-0.3979684817605273,-0.04004054898734016,56,0.01646340903073467,0.1631914260032258,11,0.4326031542147238,33,0.29137907195594315,5,0.5665320447004747,7,0.6443124778156278
NK Cells|CD4 T Cells|HLA-B|CD3D,NK Cells,CD4 T Cells,HLA-B,CD3D,-0.0006247831909156343,-0.0011334148089354062,-0.00011615157289586236,56,0.016060265525623663,0.1631914260032258,11,0.9997863866589142,33,0.9994905036729309,5,0.999339925021981,7,0.9996688252269134
Non-classical Monocytes|Classical Monocytes|HLA-DRA|CD4,Non-classical Monocytes,Classical Monocytes,HLA-DRA,CD4,-0.09664419287201009,-0.17542011207266647,-0.017868273671353713,56,0.016193234101961645,0.1631914260032258,11,0.9015773722414969,33,0.7476825147281994,5,0.9205494262915821,7,0.8632987616502946
Classical Monocytes|NK Cells|ICAM1|IL2RG,Classical Monocytes,NK Cells,ICAM1,IL2RG,0.18244882311429877,0.03385148596270482,0.33104616026589273,46,0.016108094219224274,0.1631914260032258,10,0.4168388043033091,24,0.4445567605064619,5,0.4928405350597832,7,0.33810966814863724
B Cells|Non-classical Monocytes|PKM|CD44,B Cells,Non-classical Monocytes,PKM,CD44,-0.23098674740237984,-0.4197500085329916,-0.042223486271768085,56,0.016467848607900657,0.1631914260032258,11,0.40106754464777394,33,0.26234255989311617,5,0.28087754103076695,7,0.3731393036784891
Classical Monocytes|CD4 T Cells|SIRPA|CD47,Classical Monocytes,CD4 T Cells,SIRPA,CD47,-0.2243511410575803,-0.40791055772797924,-0.040791724387181344,55,0.016596832798903456,0.1631914260032258,10,0.16971559802557779,33,0.112939327755322,5,0.07271890764410453,7,0.24029377843142904
Non-classical Monocytes|NK Cells|SELPLG|ITGAM,Non-classical Monocytes,NK Cells,SELPLG,ITGAM,-0.1857524217316165,-0.3373542787242191,-0.03415056473901387,55,0.016329128597534347,0.1631914260032258,11,0.24792532108896603,33,0.13334748288762094,5,0.006568804314137755,6,0.07774338784440914
B Cells|Classical Monocytes|HLA-DRB1|CD4,B Cells,Classical Monocytes,HLA-DRB1,CD4,-0.11626492443009306,-0.2113145289602416,-0.021215319899944504,56,0.01651039728387736,0.1631914260032258,11,0.9042944973887429,33,0.7526261233616958,5,0.8551848737501213,7,0.8197814241531672
Non-classical Monocytes|NK Cells|CD48|CD244,Non-classical Monocytes,NK Cells,CD48,CD244,0.21295079874224865,0.039330084459245795,0.3865715130252515,53,0.016218894377817462,0.1631914260032258,11,0.297220388636245,32,0.373585327107302,5,0.5135356583445152,5,0.37694979807332357
B Cells|CD8 T Cells|CD22|PTPRC,B Cells,CD8 T Cells,CD22,PTPRC,-0.1652765231815726,-0.29972189264190696,-0.030831153721238236,56,0.015977680121383748,0.1631914260032258,11,0.6366617538825182,33,0.6029966483532687,5,0.5507371559313686,7,0.6823485735836917
CD8 T Cells|B Cells|CD99|CD81,CD8 T Cells,B Cells,CD99,CD81,0.1719664436696729,0.031099049624932318,0.3128338377144135,51,0.01672665008806701,0.1631978562646538,11,0.3779331288153672,29,0.365885275733186,5,0.5242980063459244,6,0.3402837095940703
Classical Monocytes|Classical Monocytes|PSEN1|NOTCH2,Classical Monocytes,Classical Monocytes,PSEN1,NOTCH2,0.08389254782406112,0.015172229204438947,0.1526128664436833,56,0.016725396895894522,0.1631978562646538,11,0.0,33,0.06009660332474165,5,0.023795944499319478,7,0.0
pDCs|CD4 T Cells|HLA-DRA|CD4,pDCs,CD4 T Cells,HLA-DRA,CD4,-0.20494526829646526,-0.3734438175169043,-0.0364467190760262,44,0.017129799887629516,0.1664884781386146,10,0.758818108945355,22,0.6179361033322451,5,0.48792679101095066,7,0.5519900536943061
Non-classical Monocytes|CD4 T Cells|HLA-DPA1|CD4,Non-classical Monocytes,CD4 T Cells,HLA-DPA1,CD4,-0.22269565930404228,-0.40646179261806004,-0.038929525990024555,56,0.017540956042259467,0.1698314019876999,11,0.5749281344577056,33,0.4005869959521928,5,0.4023957226344324,7,0.4507502434329619
Non-classical Monocytes|Non-classical Monocytes|PTPN6|CD300LF,Non-classical Monocytes,Non-classical Monocytes,PTPN6,CD300LF,0.24405361540527581,0.04236074062710457,0.44574649018344703,56,0.01771090279423357,0.1703154622414447,11,0.15978176265892513,33,0.31848778275342576,5,0.4347001108186469,7,0.3493525155078717
NK Cells|B Cells|GNAI2|S1PR4,NK Cells,B Cells,GNAI2,S1PR4,-0.21874526868205835,-0.3995462085633029,-0.03794432880081375,52,0.01772574854352986,0.1703154622414447,11,0.21405830542109278,29,0.149153434575732,5,0.0,7,0.15384039783669756
Classical Monocytes|pDCs|HLA-DRB1|CD4,Classical Monocytes,pDCs,HLA-DRB1,CD4,-0.18496105901903448,-0.3382445026568199,-0.03167761538124908,43,0.018029540527238153,0.17257821557701064,10,0.7978693760639375,21,0.6138102578204018,5,0.7020651841114306,7,0.7029671248869294
Non-classical Monocytes|NK Cells|HLA-B|CD8A,Non-classical Monocytes,NK Cells,HLA-B,CD8A,-0.16762647038197298,-0.3066528453990499,-0.028600095364896022,42,0.01811974749969096,0.1727871771008266,8,0.7096612002993281,22,0.5930795016105328,5,0.9280943285875753,7,0.9791391002807529
NK Cells|NK Cells|ICAM3|ITGAL,NK Cells,NK Cells,ICAM3,ITGAL,0.23898688533794632,0.04054445996498046,0.4374293107109122,56,0.018254696902449227,0.17313497802988137,11,0.15543290903910345,33,0.20854101916440457,5,0.4030891483235971,7,0.2172103731109519
pDCs|Non-classical Monocytes|GNAI2|S1PR4,pDCs,Non-classical Monocytes,GNAI2,S1PR4,-0.2745370178259262,-0.5027082025439126,-0.04636583310793982,44,0.018361762608630077,0.17313497802988137,10,0.31469768512885005,22,0.21478694201952944,5,0.13439414905319788,7,0.30902042376980354
pDCs|B Cells|TGFB1|ITGB1,pDCs,B Cells,TGFB1,ITGB1,-0.4204044629650676,-0.7696869837624867,-0.07112194216764856,34,0.018321408750076,0.17313497802988137,8,0.23808301105905,16,0.1771295470741451,5,0.07337702219777364,5,0.4328280211779364
Non-classical Monocytes|Classical Monocytes|PSEN1|CD44,Non-classical Monocytes,Classical Monocytes,PSEN1,CD44,0.18972419521497863,0.03152793720237701,0.34792045322758025,56,0.01874429583950689,0.17428146301192926,11,0.3404695743263973,33,0.4293762609396789,5,0.357615516021552,7,0.256798007419855
CD8 T Cells|pDCs|HLA-DRA|CD4,CD8 T Cells,pDCs,HLA-DRA,CD4,0.2649773851142171,0.04406247397299426,0.48589229625543995,43,0.018728688916557896,0.17428146301192926,10,0.16987494110454723,21,0.1731860393745867,5,0.4597477048329405,7,0.1980814179887629
Non-classical Monocytes|Classical Monocytes|VIM|CD44,Non-classical Monocytes,Classical Monocytes,VIM,CD44,-0.04570865143715541,-0.08382634707262436,-0.007590955801686464,56,0.01875922356123655,0.17428146301192926,11,0.9760366401424151,33,0.9135034914614715,5,0.9795869196297922,7,0.962762422386004
B Cells|CD8 T Cells|ICAM3|ITGAL,B Cells,CD8 T Cells,ICAM3,ITGAL,-0.15553664031571163,-0.2852187182883545,-0.025854562343068765,56,0.018737143473822805,0.17428146301192926,11,0.4411059185766636,33,0.34502759011119677,5,0.27821934295915274,7,0.33767765480939754
CD8 T Cells|CD4 T Cells|HLA-B|CD3D,CD8 T Cells,CD4 T Cells,HLA-B,CD3D,-0.0008236624093128642,-0.0015117411057729024,-0.00013558371285282591,56,0.018967523440564897,0.1749304077894434,11,0.9997590177395989,33,0.9994116056101793,5,0.99902936829402,7,0.9995056185739133
Classical Monocytes|B Cells|S100A8|ITGB2,Classical Monocytes,B Cells,S100A8,ITGB2,-0.05105917390828274,-0.093692148783598,-0.008426199032967485,56,0.018907926921935846,0.1749304077894434,11,0.9475777043695474,33,0.9461969511137702,5,0.9138396649749506,7,0.9635180856274562
NK Cells|Non-classical Monocytes|HLA-A|LILRB2,NK Cells,Non-classical Monocytes,HLA-A,LILRB2,-0.012997247823760438,-0.023883637408661923,-0.002110858238858952,56,0.019283806272363552,0.17534745943299793,11,0.9901646505068515,33,0.9829297413174787,5,0.98076171803828,7,0.9865240566726676
Non-classical Monocytes|Non-classical Monocytes|GPI|AMFR,Non-classical Monocytes,Non-classical Monocytes,GPI,AMFR,0.41511097770175087,0.06780470711418934,0.7624172482893123,28,0.01914947341512442,0.17534745943299793,7,0.248003330446206,11,0.4521175326978993,5,0.5230164768248472,5,0.31201970137478957
Non-classical Monocytes|CD4 T Cells|CD86|CD28,Non-classical Monocytes,CD4 T Cells,CD86,CD28,-0.23201121769439367,-0.4263523830275846,-0.037670052361202744,56,0.01929030222492023,0.17534745943299793,11,0.1424487358000466,33,0.09568113365136391,5,0.024618798385316464,7,0.20986241393102745
CD4 T Cells|Non-classical Monocytes|CD28|CD86,CD4 T Cells,Non-classical Monocytes,CD28,CD86,-0.23201121769439367,-0.4263523830275846,-0.037670052361202744,56,0.01929030222492023,0.17534745943299793,11,0.1424487358000466,33,0.09568113365136391,5,0.024618798385316464,7,0.20986241393102745
NK Cells|pDCs|HLA-C|LILRB1,NK Cells,pDCs,HLA-C,LILRB1,-0.2780490254139699,-0.5116452644417554,-0.04445278638618444,43,0.01965127980977988,0.17798847340255827,10,0.7915034470148237,21,0.6702583153931224,5,0.5450388148806764,7,0.7018427086729451
CD8 T Cells|Classical Monocytes|CIRBP|TREM1,CD8 T Cells,Classical Monocytes,CIRBP,TREM1,-0.1589346805701376,-0.292613327867039,-0.025256033273236195,56,0.019792316636056347,0.17862565764040855,11,0.548713126685562,33,0.42131251770925743,5,0.5037512082772179,7,0.5352852798710509
NK Cells|NK Cells|SELPLG|ITGB2,NK Cells,NK Cells,SELPLG,ITGB2,-0.2157746301012436,-0.39823112088908064,-0.03331813931340652,56,0.020456364237584145,0.18103364399330565,11,0.6788435611355421,33,0.6372442783890137,5,0.4052726988818878,7,0.579448046236603
pDCs|B Cells|TNFSF13B|CD40,pDCs,B Cells,TNFSF13B,CD40,-0.2188105909637569,-0.4042253097926328,-0.03339587213488099,43,0.02072363754844036,0.18103364399330565,10,0.18292495585995897,21,0.19239893883292045,5,0.01704770496126191,7,0.2453322788979803
Classical Monocytes|NK Cells|HLA-B|CD8A,Classical Monocytes,NK Cells,HLA-B,CD8A,-0.17723146116636812,-0.3273889501758568,-0.027073972156879428,42,0.020703237780937564,0.18103364399330565,8,0.6431224639089003,22,0.5381989063490732,5,0.8955324223547914,7,0.9678403259613324
pDCs|B Cells|HLA-A|APLP2,pDCs,B Cells,HLA-A,APLP2,-0.28847592243393266,-0.5334343877798795,-0.043517457087985795,41,0.02099044625644581,0.18103364399330565,10,0.7204691490054947,21,0.60002131093539,5,0.49562233892565793,5,0.6636504232894859
B Cells|CD4 T Cells|HLA-DQB1|CD4,B Cells,CD4 T Cells,HLA-DQB1,CD4,-0.16441642440447674,-0.30319922791959264,-0.02563362088936086,56,0.020234254608177623,0.18103364399330565,11,0.5125642543448955,33,0.4624032706439178,5,0.22664733892553474,7,0.34090277962903376
Non-classical Monocytes|CD4 T Cells|PSEN1|CD44,Non-classical Monocytes,CD4 T Cells,PSEN1,CD44,0.25084826391852855,0.038092859638279825,0.4636036681987773,56,0.02083913238031786,0.18103364399330565,11,0.3353570967692129,33,0.48295315828993185,5,0.5002245054567939,7,0.3969723030589843
CD8 T Cells|Classical Monocytes|IL16|CD4,CD8 T Cells,Classical Monocytes,IL16,CD4,-0.1901461524156953,-0.351344793780299,-0.028947511051091612,56,0.020781665767933683,0.18103364399330565,11,0.14012149172854055,33,0.040646639284824926,5,0.11957789869894367,7,0.21024919867092334
Classical Monocytes|Classical Monocytes|VIM|CD44,Classical Monocytes,Classical Monocytes,VIM,CD44,-0.021454407916175144,-0.03962915159182785,-0.0032796642405224334,56,0.02068731793260925,0.18103364399330565,11,0.991225858276664,33,0.9619152524716351,5,0.9925900606337621,7,0.9847338627449085
CD8 T Cells|Classical Monocytes|CD99|PILRA,CD8 T Cells,Classical Monocytes,CD99,PILRA,-0.19830156837316287,-0.3666485135710431,-0.029954623175282663,56,0.02095979245011943,0.18103364399330565,11,0.4315772913908628,33,0.4250922427185525,5,0.18915862868297878,7,0.38097514838383134
NK Cells|CD8 T Cells|HLA-DRA|LAG3,NK Cells,CD8 T Cells,HLA-DRA,LAG3,0.26900382512175247,0.04132940775343211,0.49667824249007286,54,0.02057173624556322,0.18103364399330565,11,0.0441393684836128,32,0.23859794280468727,5,0.11040412802386138,6,0.03585887722318335
Non-classical Monocytes|Non-classical Monocytes|LTB|TNFRSF1A,Non-classical Monocytes,Non-classical Monocytes,LTB,TNFRSF1A,-0.3380251785475068,-0.6232832041019583,-0.052767152993055344,56,0.02020500815205779,0.18103364399330565,11,0.36242861584142494,33,0.17232067050308605,5,0.12944244189402365,7,0.27735967510319154
CD4 T Cells|Non-classical Monocytes|CD99|PILRA,CD4 T Cells,Non-classical Monocytes,CD99,PILRA,-0.2910047274214043,-0.5372341665601931,-0.044775288282615566,56,0.020538009028084475,0.18103364399330565,11,0.48665550595206264,33,0.27781281974394306,5,0.3604606838356276,7,0.4426227250489124
Classical Monocytes|Non-classical Monocytes|HLA-DRB1|CD4,Classical Monocytes,Non-classical Monocytes,HLA-DRB1,CD4,-0.20946061930367188,-0.38723986223151496,-0.03168137637582877,56,0.02093016377487814,0.18103364399330565,11,0.6365928133558636,33,0.5191186392310468,5,0.5465845164163309,7,0.638570961595186
NK Cells|Non-classical Monocytes|CD99|PILRA,NK Cells,Non-classical Monocytes,CD99,PILRA,-0.1519845152118937,-0.28124605366384664,-0.022722976759940783,56,0.021194175644274695,0.18160148842095997,11,0.6921688684134476,33,0.563435945738339,5,0.6501239636255878,7,0.6733755561623729
Non-classical Monocytes|Non-classical Monocytes|GNAI2|C5AR1,Non-classical Monocytes,Non-classical Monocytes,GNAI2,C5AR1,-0.23531504889014476,-0.43545754249401886,-0.03517255528627067,56,0.021200015466633634,0.18160148842095997,11,0.39792405505391104,33,0.2027365080870471,5,0.3294997748243005,7,0.36962727674758133
CD8 T Cells|pDCs|HLA-A|LILRB1,CD8 T Cells,pDCs,HLA-A,LILRB1,-0.3450331166887676,-0.6386816775554613,-0.05138455582207391,43,0.02128270488991423,0.18169390289463938,10,0.7580168970472461,21,0.6371186682861176,5,0.4534492132621269,7,0.6775841011897661
Non-classical Monocytes|Classical Monocytes|GNAS|ADCY7,Non-classical Monocytes,Classical Monocytes,GNAS,ADCY7,-0.2600201842915968,-0.4819244804179741,-0.038115888165219464,56,0.02164036616658119,0.18324605945357123,11,0.43164527395690855,33,0.22899220151151276,5,0.38740973373632526,7,0.4447768455825263
Classical Monocytes|pDCs|RETN|CAP1,Classical Monocytes,pDCs,RETN,CAP1,-0.31598250193729394,-0.5857314046928929,-0.046233599181695006,43,0.021682062436334703,0.18324605945357123,10,0.5172288287353803,21,0.33569848014125536,5,0.27737579992186534,7,0.41182795326503435
B Cells|NK Cells|FAM3C|LAMP1,B Cells,NK Cells,FAM3C,LAMP1,-0.22765905724528596,-0.42186328606746415,-0.033454828423107735,56,0.021584590063351203,0.18324605945357123,11,0.28837894256882013,33,0.24731505142430166,5,0.019753606666194745,7,0.20634877276696223
B Cells|NK Cells|HLA-B|CD8A,B Cells,NK Cells,HLA-B,CD8A,-0.1671317138877333,-0.3099690210675264,-0.024294406707940197,42,0.02182939263163143,0.18387625060044208,8,0.6846896009361186,22,0.5846322543212721,5,0.9121278650659113,7,0.979202232338798
Non-classical Monocytes|CD4 T Cells|VIM|CD44,Non-classical Monocytes,CD4 T Cells,VIM,CD44,-0.04320304676075104,-0.0804036764086051,-0.0060024171128969725,56,0.022833491183961135,0.19152798894007814,11,0.9440461315965668,33,0.8933988337311373,5,0.9518278783515193,7,0.9443836272468408
Non-classical Monocytes|CD4 T Cells|LRPAP1|SORL1,Non-classical Monocytes,CD4 T Cells,LRPAP1,SORL1,-0.149302346249561,-0.2781215046538232,-0.020483187845298845,56,0.023109920078350592,0.19152798894007814,11,0.19723770266414747,33,0.12281491249752245,5,0.015246030257073362,7,0.09012558634000935
Classical Monocytes|B Cells|ICAM1|IL2RG,Classical Monocytes,B Cells,ICAM1,IL2RG,-0.24162539866202698,-0.4504405171426917,-0.032810280181362284,46,0.02333376325800976,0.19152798894007814,10,0.33808929991632425,24,0.2864339864208028,5,0.28680998476377456,7,0.4767800699302801
B Cells|Classical Monocytes|LRPAP1|LRP1,B Cells,Classical Monocytes,LRPAP1,LRP1,0.03477018141127285,0.004792530587112279,0.06474783223543343,56,0.023007887206556464,0.19152798894007814,11,0.0,33,0.03477018141127285,5,0.0,7,0.0
NK Cells|Non-classical Monocytes|PTPN6|CD300LF,NK Cells,Non-classical Monocytes,PTPN6,CD300LF,-0.2580899950545599,-0.4805472868336868,-0.03563270327543294,56,0.022971605207021076,0.19152798894007814,11,0.19461980824081274,33,0.12957961078911312,5,0.0,7,0.19304979760286026
B Cells|Classical Monocytes|LGALS1|PTPRC,B Cells,Classical Monocytes,LGALS1,PTPRC,-0.2426640852004391,-0.45237799172483806,-0.032950178676040165,53,0.02333451784890205,0.19152798894007814,9,0.44844123805790453,33,0.3959799393577064,5,0.21057355695841581,6,0.4007763434586568
CD4 T Cells|NK Cells|CLEC2B|KLRF1,CD4 T Cells,NK Cells,CLEC2B,KLRF1,-0.22445443756239453,-0.4184424493921516,-0.030466425732637498,55,0.02334246800610518,0.19152798894007814,11,0.5716846630880709,33,0.4205909517427038,5,0.13002539611972547,6,0.20338612233675293
Non-classical Monocytes|B Cells|ADAM10|CD44,Non-classical Monocytes,B Cells,ADAM10,CD44,-0.23095646839695763,-0.43056635615035554,-0.03134658064355972,56,0.023344131615965203,0.19152798894007814,11,0.3454033296464604,33,0.17953108354941974,5,0.23917577720997837,7,0.30425999950989535
Non-classical Monocytes|Non-classical Monocytes|ICAM3|ITGAL,Non-classical Monocytes,Non-classical Monocytes,ICAM3,ITGAL,0.21713528587328426,0.028392637017399358,0.40587793472916917,56,0.024145747066833173,0.19516463848363347,11,0.18002591990601477,33,0.3488691951088578,5,0.3741976107504103,7,0.32590560007996905
Classical Monocytes|B Cells|S100A9|ITGB2,Classical Monocytes,B Cells,S100A9,ITGB2,-0.038155716196323186,-0.0713286940202996,-0.004982738372346779,56,0.024173538522112098,0.19516463848363347,11,0.9563251387073844,33,0.9562776486792335,5,0.9274391400723238,7,0.965547366240496
pDCs|Non-classical Monocytes|APP|LRP10,pDCs,Non-classical Monocytes,APP,LRP10,0.20705947281811032,0.027265375073268067,0.38685357056295255,44,0.023996319687112994,0.19516463848363347,10,0.27642985279134114,22,0.39043370103427755,5,0.4280629670010816,7,0.3350073424259077
Classical Monocytes|CD8 T Cells|ICAM1|IL2RG,Classical Monocytes,CD8 T Cells,ICAM1,IL2RG,0.20817702925324372,0.02735766223947278,0.38899639626701465,46,0.024039135313675526,0.19516463848363347,10,0.38854034834967555,24,0.429940860204203,5,0.5320077318135616,7,0.3652312144148454
CD8 T Cells|pDCs|SELPLG|ITGB2,CD8 T Cells,pDCs,SELPLG,ITGB2,-0.23460937957569533,-0.4384473856977853,-0.030771373453605366,44,0.02408065120386431,0.19516463848363347,10,0.19125323397219646,22,0.25114651368754254,5,0.0,7,0.2945026592910414
NK Cells|pDCs|SELPLG|ITGB2,NK Cells,pDCs,SELPLG,ITGB2,-0.2426808179247204,-0.4540327948968574,-0.031328840952583425,44,0.024417811925575187,0.19650895138830732,10,0.3362845099322691,22,0.29155431239425805,5,0.10393682259214924,7,0.3018874429788586
Classical Monocytes|Classical Monocytes|HBEGF|CD44,Classical Monocytes,Classical Monocytes,HBEGF,CD44,0.19998323442396976,0.025713761006585484,0.374252707841354,50,0.024502315365696983,0.19656301882259136,10,0.328917535901942,28,0.44037113462754157,5,0.4273170092667439,7,0.3387873735683737
CD8 T Cells|pDCs|HLA-DRB1|CD4,CD8 T Cells,pDCs,HLA-DRB1,CD4,0.3006626251759999,0.03791680268637687,0.5634084476656229,43,0.02490932502270485,0.19856739537026863,10,0.17553919639244678,21,0.29381126009173525,5,0.36661869409945863,7,0.1842281326227472
Non-classical Monocytes|Classical Monocytes|SERPINA1|LRP1,Non-classical Monocytes,Classical Monocytes,SERPINA1,LRP1,-0.2362193769800231,-0.44255167725991673,-0.029887076700129495,56,0.024841199616974632,0.19856739537026863,11,0.5293191041787789,33,0.4149373304153704,5,0.3648960851679465,7,0.4867336883845611
Non-classical Monocytes|CD4 T Cells|HLA-DRB1|CD4,Non-classical Monocytes,CD4 T Cells,HLA-DRB1,CD4,-0.19047003312256094,-0.35733451897683677,-0.02360554726828515,56,0.025271244485625254,0.20081897740621074,11,0.6482011819329156,33,0.5055717663351581,5,0.4526984564847002,7,0.5005390740095036
Non-classical Monocytes|CD4 T Cells|CD58|CD2,Non-classical Monocytes,CD4 T Cells,CD58,CD2,0.2063641754027048,0.024562609726788004,0.38816574107862156,56,0.026096799715803417,0.2062384171232545,11,0.40272189204117814,33,0.4264475727267189,5,0.5409516101253654,7,0.3583131154082014
pDCs|Non-classical Monocytes|HLA-C|LILRA1,pDCs,Non-classical Monocytes,HLA-C,LILRA1,-0.22283760391156315,-0.4191776626765856,-0.02649754514654068,44,0.026116459627796376,0.2062384171232545,10,0.6771032203097096,22,0.5916869958867875,5,0.4418432187745309,7,0.579264598263172
pDCs|pDCs|SELPLG|SELL,pDCs,pDCs,SELPLG,SELL,-0.2560449070827068,-0.48204410325275965,-0.0300457109126539,44,0.026382571187742756,0.2076908329950964,10,0.5063460426587985,22,0.46471514691333465,5,0.26828865131548285,7,0.4827026626527259
Classical Monocytes|Non-classical Monocytes|LGALS9|PTPRC,Classical Monocytes,Non-classical Monocytes,LGALS9,PTPRC,-0.17796264184390015,-0.3353231171818917,-0.020602166505908598,56,0.02665255045884017,0.2091645807748109,11,0.5060211510396928,33,0.5245127872619217,5,0.40069946008750196,7,0.597153738153631
NK Cells|Non-classical Monocytes|PKM|CD44,NK Cells,Non-classical Monocytes,PKM,CD44,-0.20426021527894234,-0.3851323072729718,-0.023388123284912854,56,0.026869937095387444,0.20978241116894025,11,0.38752186452484544,33,0.2943398472939193,5,0.2903373474096534,7,0.4014155454576696
CD4 T Cells|NK Cells|LGALS1|ITGB1,CD4 T Cells,NK Cells,LGALS1,ITGB1,-0.2792439083795392,-0.5265583221324766,-0.031929494626601884,56,0.026897309544414976,0.20978241116894025,11,0.33440036713358606,33,0.24720491596652291,5,0.11948255191189723,7,0.3115310091243733
Non-classical Monocytes|pDCs|IL16|CD4,Non-classical Monocytes,pDCs,IL16,CD4,-0.3174238395828953,-0.5987491967289524,-0.036098482436838164,42,0.027004117135197635,0.20996739692505978,10,0.5199562068952679,20,0.2131696037449328,5,0.30343665466453923,7,0.3140738910970993
Non-classical Monocytes|CD4 T Cells|TIMP2|ITGB1,Non-classical Monocytes,CD4 T Cells,TIMP2,ITGB1,0.19427233380847875,0.02136850168090565,0.36717616593605185,56,0.027652017802866777,0.2143455490424673,11,0.4261671857134408,33,0.44147018452045117,5,0.5227874166733215,7,0.3438180816718531
CD4 T Cells|Classical Monocytes|S100A9|CD36,CD4 T Cells,Classical Monocytes,S100A9,CD36,0.2949691300498277,0.03200931596361073,0.5579289441360447,53,0.02791032204276996,0.21443890782396058,10,0.2834339041392439,32,0.38070873548266926,5,0.3959621808897162,6,0.19826788218331384
pDCs|Non-classical Monocytes|HLA-B|LILRB2,pDCs,Non-classical Monocytes,HLA-B,LILRB2,-0.04504394287838753,-0.08520196322683884,-0.004885922529936228,44,0.027918638968770493,0.21443890782396058,10,0.9806708344119093,22,0.9688495076235014,5,0.9453768434427783,7,0.978599459532758
Non-classical Monocytes|Non-classical Monocytes|HLA-B|LILRB2,Non-classical Monocytes,Non-classical Monocytes,HLA-B,LILRB2,-0.029838608700546332,-0.05642237900719323,-0.0032548383938994334,56,0.027811422511918645,0.21443890782396058,11,0.988134606405554,33,0.9761291562554748,5,0.9670301532792627,7,0.9848633118297299
Non-classical Monocytes|pDCs|MIF|CD44_CD74,Non-classical Monocytes,pDCs,MIF,CD44_CD74,0.20167945745527918,0.021541154142174446,0.3818177607683839,44,0.0282110601804578,0.21602833053338444,10,0.05259174642868941,22,0.2062652402443235,5,0.29201836370660883,7,0.24401240006696373
CD4 T Cells|CD4 T Cells|CLEC2D|KLRB1,CD4 T Cells,CD4 T Cells,CLEC2D,KLRB1,0.18744468299854078,0.01970237614536166,0.3551869898517199,56,0.028511625021625197,0.21767032153971863,11,0.31390850301455864,33,0.34250029028670514,5,0.47993643354807103,7,0.32108353782167676
NK Cells|pDCs|HLA-A|LILRB1,NK Cells,pDCs,HLA-A,LILRB1,-0.3227305025055298,-0.613992029404449,-0.031468975606610716,43,0.02987635411901276,0.221790642125669,10,0.7727218874560309,21,0.6532778368515592,5,0.48761268258526946,7,0.6908991344863276
Non-classical Monocytes|CD4 T Cells|VCAN|SELL,Non-classical Monocytes,CD4 T Cells,VCAN,SELL,0.27904317182423827,0.02715581462331873,0.5309305290251578,55,0.02991103714405964,0.221790642125669,10,0.16093033077414312,33,0.3845902744175722,5,0.25976409205244055,7,0.20438086387163137
Non-classical Monocytes|CD8 T Cells|B2M|KLRD1,Non-classical Monocytes,CD8 T Cells,B2M,KLRD1,-0.07281886526248926,-0.13836924747606183,-0.00726848304891671,55,0.029458752986155794,0.221790642125669,11,0.997900627375249,33,0.9950458674731439,5,0.909082718390005,6,0.9790468237503892
Classical Monocytes|NK Cells|ADAM17|ITGB1,Classical Monocytes,NK Cells,ADAM17,ITGB1,0.20206955368658122,0.019937328097862694,0.38420177927529975,56,0.029666566191441607,0.221790642125669,11,0.21325980868011263,33,0.2917214659537067,5,0.3358753227591304,7,0.21226742634614323
CD4 T Cells|NK Cells|HLA-B|CD8A,CD4 T Cells,NK Cells,HLA-B,CD8A,-0.1524229192261255,-0.2898403608824408,-0.015005477569810188,42,0.029706275277850844,0.221790642125669,8,0.7124715985976733,22,0.606170825847678,5,0.9355398317583585,7,0.9816619782344889
Non-classical Monocytes|Classical Monocytes|RPS19|C5AR1,Non-classical Monocytes,Classical Monocytes,RPS19,C5AR1,-0.04860209251843517,-0.09245242985279922,-0.004751755184071123,56,0.02982915197515793,0.221790642125669,11,0.9723265780965995,33,0.9236957906559448,5,0.9716677947460033,7,0.9716390998237837
Non-classical Monocytes|Non-classical Monocytes|LGALS9|PTPRC,Non-classical Monocytes,Non-classical Monocytes,LGALS9,PTPRC,-0.14829380883448862,-0.28189879653513905,-0.014688821133838181,56,0.029596661048252162,0.221790642125669,11,0.6911195462710054,33,0.6534419110175342,5,0.5960157979487378,7,0.7066319715297553
Non-classical Monocytes|Non-classical Monocytes|CALR|LRP1,Non-classical Monocytes,Non-classical Monocytes,CALR,LRP1,-0.23209537293131355,-0.4416267311180688,-0.022564014744558242,56,0.029929010274971562,0.221790642125669,11,0.4174619140135583,33,0.30423235433658685,5,0.2408939707138817,7,0.3597597839682238
pDCs|Non-classical Monocytes|HMGB1|TLR2,pDCs,Non-classical Monocytes,HMGB1,TLR2,0.23408806933976262,0.02288125906742236,0.4452948796121029,44,0.02983317367423421,0.221790642125669,10,0.36284721080923454,22,0.44265021715757413,5,0.5127574713597643,7,0.3584724083683413
B Cells|Classical Monocytes|HLA-DPB1|CD4,B Cells,Classical Monocytes,HLA-DPB1,CD4,-0.08308555123288641,-0.157738992453027,-0.008432110012745825,56,0.029158128840227508,0.221790642125669,11,0.871386354793372,33,0.730510415883856,5,0.8799428264673315,7,0.8221524387907019
Non-classical Monocytes|B Cells|ADAM17|ITGB1,Non-classical Monocytes,B Cells,ADAM17,ITGB1,-0.17516898860012117,-0.3334573105536247,-0.016880666646617637,45,0.030083864520194528,0.22228633228810402,8,0.0002904074953885005,25,0.009380349301543377,5,0.0,7,0.18425893040627606
CD4 T Cells|CD4 T Cells|HLA-B|CD3D,CD4 T Cells,CD4 T Cells,HLA-B,CD3D,-0.002456477278575675,-0.004678674433735706,-0.0002342801234156435,56,0.030265551533964298,0.2227580197437821,11,0.9987960591957066,33,0.9979160563405842,5,0.9971086258102322,7,0.9986851002336855
NK Cells|Classical Monocytes|RPS19|C5AR1,NK Cells,Classical Monocytes,RPS19,C5AR1,-0.053534491726416666,-0.1019803828467177,-0.0050886006061156355,56,0.0303240042706217,0.2227580197437821,11,0.9637237355218132,33,0.9144368880333273,5,0.9680049379083366,7,0.9722525821462673
pDCs|Classical Monocytes|HLA-DMB|CD4,pDCs,Classical Monocytes,HLA-DMB,CD4,0.1996097811541661,0.018752260744887617,0.3804673015634446,44,0.030527078159771386,0.22359978698476024,10,0.14489076586878974,22,0.3268665434178835,5,0.2899363770309949,7,0.27230237342592256
Classical Monocytes|Classical Monocytes|GNAI2|ADCY7,Classical Monocytes,Classical Monocytes,GNAI2,ADCY7,-0.17882069184646787,-0.34141274950368006,-0.016228634189255714,56,0.031115548860491088,0.22685978573905877,11,0.531038611794516,33,0.419914811736685,5,0.4143759666873993,7,0.4820728584760362
Classical Monocytes|CD8 T Cells|HLA-DPA1|LAG3,Classical Monocytes,CD8 T Cells,HLA-DPA1,LAG3,-0.20697963673644754,-0.3955532397042647,-0.018406033768630398,55,0.03145493711212079,0.22685978573905877,11,0.4660931589824928,32,0.26201451882728244,5,0.4361257267151049,7,0.43902672329634207
Classical Monocytes|CD8 T Cells|B2M|KLRD1,Classical Monocytes,CD8 T Cells,B2M,KLRD1,-0.08026206166497818,-0.15358269554317772,-0.006941427786778628,55,0.03191144245935856,0.22685978573905877,11,0.9973698454972459,33,0.9940625822289435,5,0.9013811295303297,6,0.9783359279270054
CD8 T Cells|CD4 T Cells|CLEC2D|KLRB1,CD8 T Cells,CD4 T Cells,CLEC2D,KLRB1,0.2452965908050418,0.02115131949923338,0.4694418621108502,55,0.031959669063357704,0.22685978573905877,11,0.3206194578931221,32,0.34956789889893913,5,0.46978950375750345,7,0.2534413539582787
Classical Monocytes|Non-classical Monocytes|RNASE2|TLR2,Classical Monocytes,Non-classical Monocytes,RNASE2,TLR2,0.33953319292144046,0.02975990250674515,0.6493064833361357,56,0.0316932960803713,0.22685978573905877,11,0.027463197960627864,33,0.13175731045718195,5,0.315214747833501,7,0.0799756674086146
B Cells|CD4 T Cells|HLA-DRA|CD4,B Cells,CD4 T Cells,HLA-DRA,CD4,-0.12176604066202867,-0.23280185571405537,-0.010730225610001962,56,0.031605078429233595,0.22685978573905877,11,0.8226762847473263,33,0.7403339012780992,5,0.647154375582651,7,0.6865780327754525
Non-classical Monocytes|CD4 T Cells|ADAM10|CD44,Non-classical Monocytes,CD4 T Cells,ADAM10,CD44,0.20706547066219172,0.018332012683357796,0.3957989286410256,56,0.03152843071391153,0.22685978573905877,11,0.3877126159685707,33,0.42298923222626794,5,0.4844352189431089,7,0.31264636453861444
CD4 T Cells|CD4 T Cells|PKM|CD44,CD4 T Cells,CD4 T Cells,PKM,CD44,-0.18516021551100514,-0.3540657195089888,-0.016254711513021464,56,0.031667536576044236,0.22685978573905877,11,0.49783433829642854,33,0.3831795462385121,5,0.4094140770958431,7,0.4799195005489318
CD8 T Cells|Non-classical Monocytes|HLA-A|LILRB2,CD8 T Cells,Non-classical Monocytes,HLA-A,LILRB2,-0.013004494500359676,-0.02488503416113836,-0.0011239548395809932,56,0.03192201502271821,0.22685978573905877,11,0.9886099885151374,33,0.9814357174922606,5,0.9777766088741652,7,0.983606832351648
Non-classical Monocytes|Non-classical Monocytes|TGFB1|LPP,Non-classical Monocytes,Non-classical Monocytes,TGFB1,LPP,-0.35755061034792146,-0.6835205016069881,-0.03158071908885485,54,0.03156709427976402,0.22685978573905877,11,0.3271096097922962,31,0.18192181622408338,5,0.2187256181663967,7,0.4310884349461053
Classical Monocytes|CD8 T Cells|RETN|CAP1,Classical Monocytes,CD8 T Cells,RETN,CAP1,-0.2592441655374015,-0.4951330652951982,-0.023355265779604784,55,0.031238663414847843,0.22685978573905877,11,0.4976897550464687,32,0.3637781191551074,5,0.25301242151992165,7,0.37834495116596184
CD8 T Cells|CD8 T Cells|TIMP1|CD63,CD8 T Cells,CD8 T Cells,TIMP1,CD63,-0.2380155629266414,-0.45566127337306384,-0.02036985248021897,50,0.03208095059106909,0.22708280712501847,11,0.4162707519917275,28,0.19888110969932254,5,0.07044858481321954,6,0.091074505447456
CD8 T Cells|NK Cells|TGFB1|ITGB1,CD8 T Cells,NK Cells,TGFB1,ITGB1,-0.20434070927764342,-0.39131997122200735,-0.017361447333279517,55,0.03219741937995753,0.22727061109819183,11,0.2185560541054107,33,0.1703963139209102,5,0.09562003890665001,6,0.25180100799979294
NK Cells|Non-classical Monocytes|HLA-A|LILRB1,NK Cells,Non-classical Monocytes,HLA-A,LILRB1,-0.16615968107732637,-0.3184013601427665,-0.013918002011886255,56,0.03242394603418983,0.22793322212909958,11,0.9384595079082867,33,0.855997705387193,5,0.8018427677393195,7,0.8855406462955522
B Cells|Non-classical Monocytes|HLA-A|LILRB1,B Cells,Non-classical Monocytes,HLA-A,LILRB1,-0.23800747729481453,-0.4561388734569357,-0.01987608113269332,56,0.03247168973742614,0.22793322212909958,11,0.8489440221030055,33,0.7707357245201805,5,0.6505151119772411,7,0.8103142916892306
Classical Monocytes|Non-classical Monocytes|GRN|TNFRSF1B,Classical Monocytes,Non-classical Monocytes,GRN,TNFRSF1B,-0.10534282730792688,-0.20212529672489055,-0.008560357890963224,56,0.032898340748738514,0.2302883852411696,11,0.7632683882724405,33,0.7364903729306681,5,0.6922112053443997,7,0.7707760173105542
NK Cells|CD4 T Cells|SELPLG|SELL,NK Cells,CD4 T Cells,SELPLG,SELL,0.2220100379691582,0.017911127075874833,0.42610894886244155,56,0.0330097464754344,0.2303464280799453,11,0.1417185503706886,33,0.2582881595490858,5,0.38988753348130134,7,0.28444710469054035
pDCs|pDCs|APP|TNFRSF21,pDCs,pDCs,APP,TNFRSF21,-0.28843413299673626,-0.5537179734924517,-0.023150292501020853,42,0.033088940796604724,0.2303464280799453,10,0.5446230739866786,20,0.37738937695187574,5,0.242478457885036,7,0.36367889384696933
pDCs|Non-classical Monocytes|HLA-A|LILRB1,pDCs,Non-classical Monocytes,HLA-A,LILRB1,-0.25458431330830145,-0.4893258599756719,-0.019842766640931014,44,0.03353322366962374,0.23279795662950326,10,0.8105792787740016,22,0.7392195697127927,5,0.570458174414477,7,0.7536827786615695
CD4 T Cells|NK Cells|GNAI2|S1PR5,CD4 T Cells,NK Cells,GNAI2,S1PR5,-0.14972287799964412,-0.28819695230155495,-0.01124880369773329,56,0.03407528239314633,0.23526841149584915,11,0.37686391405072095,33,0.2909513295369421,5,0.027333409466449042,7,0.0911437029523143
NK Cells|CD4 T Cells|ARF6|SMAP1,NK Cells,CD4 T Cells,ARF6,SMAP1,0.16653310797097404,0.012561634093657542,0.32050458184829056,55,0.03401734664236898,0.23526841149584915,11,0.46376263521769173,32,0.4644012319702003,5,0.5221405744600917,7,0.35624606324162617
Non-classical Monocytes|NK Cells|TGFB1|ITGB1,Non-classical Monocytes,NK Cells,TGFB1,ITGB1,-0.22651871854661668,-0.436378462681229,-0.016658974412004368,56,0.034383200201634746,0.23610420355850817,11,0.252731938301383,33,0.19169556955842593,5,0.10711491964994577,7,0.27259726945360535
CD4 T Cells|CD4 T Cells|CALM1|PTPRA,CD4 T Cells,CD4 T Cells,CALM1,PTPRA,0.17130965691857591,0.01260814147744277,0.33001117235970906,55,0.03437249626491809,0.23610420355850817,11,0.2901752014973552,32,0.4057789723311744,5,0.39562133767619845,7,0.3399154515914417
B Cells|CD4 T Cells|CD22|PTPRC,B Cells,CD4 T Cells,CD22,PTPRC,-0.16762004314485496,-0.3231506985484603,-0.012089387741249624,56,0.0346597094602579,0.23707629799935379,11,0.5326026928554995,33,0.4586034276806737,5,0.4679932380636617,7,0.5616140160336908
CD4 T Cells|B Cells|CD40LG|CD40,CD4 T Cells,B Cells,CD40LG,CD40,-0.13972309328858512,-0.2694065458202479,-0.010039640756922347,56,0.034712398203308625,0.23707629799935379,11,0.08384618307287192,33,0.05411028573485642,5,0.0,7,0.10998719595056962
pDCs|Classical Monocytes|HLA-DRA|CD4,pDCs,Classical Monocytes,HLA-DRA,CD4,-0.09922245671903596,-0.19144377091352133,-0.007001142524550585,44,0.034965468543539664,0.23816102158901542,10,0.9192707286509286,22,0.7703039465019536,5,0.8859073938257314,7,0.8361630683957922
pDCs|CD8 T Cells|B2M|KLRD1,pDCs,CD8 T Cells,B2M,KLRD1,-0.09375734462451712,-0.18100698889995553,-0.006507700349078702,43,0.03519114517243503,0.23835781435715458,10,0.9971043429772125,22,0.9938873542562106,5,0.8828956433323858,6,0.973435999235901
NK Cells|CD4 T Cells|MIF|TNFRSF14,NK Cells,CD4 T Cells,MIF,TNFRSF14,0.22131898751558543,0.015269891351832432,0.42736808367933843,56,0.03527276745540507,0.23835781435715458,11,0.1573919148757039,33,0.21453879104435591,5,0.29203913169189716,7,0.12786702034496375
Non-classical Monocytes|Classical Monocytes|HLA-DRB1|CD4,Non-classical Monocytes,Classical Monocytes,HLA-DRB1,CD4,-0.0973878879873572,-0.18805876426659013,-0.00671701170812429,56,0.03527733382254682,0.23835781435715458,11,0.8429157769511132,33,0.6759296832038982,5,0.8776540067605536,7,0.8080558010006959
B Cells|B Cells|PKM|CD44,B Cells,B Cells,PKM,CD44,0.2001918738848783,0.013603299817903092,0.3867804479518535,56,0.035478377665690175,0.23907696096319753,11,0.36125301162495327,33,0.34653491289513766,5,0.3841409152658655,7,0.1692309426511716
NK Cells|B Cells|SEMA4D|CD72,NK Cells,B Cells,SEMA4D,CD72,0.21955763752346524,0.014720346079611785,0.4243949289673187,53,0.035657291651078324,0.2393282256065348,10,0.0,32,0.09516360731684244,5,0.16830123594269647,6,0.04390720573607367
Classical Monocytes|Classical Monocytes|COPA|CD74,Classical Monocytes,Classical Monocytes,COPA,CD74,-0.16831635575255255,-0.32546904034283186,-0.011163671162273209,56,0.03579978997992487,0.2393282256065348,11,0.5608836453113677,33,0.4843609396955492,5,0.5195470282863105,7,0.6113406784230445
Non-classical Monocytes|Classical Monocytes|ANXA2|TLR2,Non-classical Monocytes,Classical Monocytes,ANXA2,TLR2,-0.15652791449701808,-0.30261749762604495,-0.010438331367991188,56,0.03572826883935662,0.2393282256065348,11,0.36738318607012804,33,0.4027749372336734,5,0.2696349805554731,7,0.46155464621603653
Classical Monocytes|Non-classical Monocytes|HLA-B|LILRB2,Classical Monocytes,Non-classical Monocytes,HLA-B,LILRB2,-0.04068421768986197,-0.07873148040957118,-0.0026369549701527675,56,0.03609959068283877,0.24069568774547118,11,0.9718438795710305,33,0.9633694320850748,5,0.9440792937797227,7,0.9762890639836289
B Cells|Classical Monocytes|HLA-DQA1|CD4,B Cells,Classical Monocytes,HLA-DQA1,CD4,-0.22929503717372768,-0.4438635613812907,-0.014726512966164673,56,0.03621702216867885,0.24084319742171437,11,0.5811754427242429,33,0.44326306139458693,5,0.5410020858026172,7,0.6323847416466889
CD4 T Cells|NK Cells|VIM|CD44,CD4 T Cells,NK Cells,VIM,CD44,-0.14055654509023485,-0.2721810044596584,-0.00893208572081125,56,0.03635202160022902,0.24110645297579716,11,0.733771049378623,33,0.6816204345718107,5,0.7506871438137682,7,0.8390930740971907
Non-classical Monocytes|Classical Monocytes|ICAM1|ITGAM_ITGB2,Non-classical Monocytes,Classical Monocytes,ICAM1,ITGAM_ITGB2,0.0788200181683464,0.004953393633528022,0.1526866427031648,47,0.03649253949434124,0.24140483586963432,9,0.0,26,0.09932120066938811,5,0.0,7,0.020501182501041715
pDCs|Classical Monocytes|HLA-F|LILRB2,pDCs,Classical Monocytes,HLA-F,LILRB2,-0.19820441202063266,-0.38441556185945247,-0.011993262181812847,44,0.03696060344508393,0.24292722557694651,10,0.10101484246084605,22,0.18898756425989013,5,0.0,7,0.28617713381967674
NK Cells|CD4 T Cells|LGALS1|CD69,NK Cells,CD4 T Cells,LGALS1,CD69,0.08056227027210239,0.004925150021324001,0.1561993905228808,56,0.03683501103157025,0.24292722557694651,11,0.8223283222680421,33,0.9029264587762904,5,0.9339404061862708,7,0.9339762724224168
CD4 T Cells|CD8 T Cells|B2M|KLRD1,CD4 T Cells,CD8 T Cells,B2M,KLRD1,-0.047266218237369095,-0.0916842391531994,-0.0028481973215387854,55,0.03701107314884226,0.24292722557694651,11,0.9980172609776079,33,0.9953214636535948,5,0.935574640785914,6,0.98014506169927
B Cells|Non-classical Monocytes|HLA-C|LILRB1,B Cells,Non-classical Monocytes,HLA-C,LILRB1,-0.227748443096763,-0.442125242365108,-0.013371643828418017,56,0.03732276807923136,0.24433843247724776,11,0.8604701395828694,33,0.7730015542588976,5,0.6504277264998094,7,0.7907075842726006
NK Cells|Non-classical Monocytes|HLA-C|LILRB1,NK Cells,Non-classical Monocytes,HLA-C,LILRB1,-0.1469916076777512,-0.285487344085345,-0.00849587127015744,56,0.03750757210915491,0.2449137848057738,11,0.9448004759172303,33,0.8602266674071335,5,0.823444393413831,7,0.8858621925814855
NK Cells|CD4 T Cells|TGFB1|ITGB1,NK Cells,CD4 T Cells,TGFB1,ITGB1,-0.22095511917119287,-0.42955536019795654,-0.012354878144429204,56,0.03788952838819713,0.2461358309433783,11,0.4231161012963592,33,0.25537468581386386,5,0.3305082221800311,7,0.38372192586872866
CD4 T Cells|CD4 T Cells|VIM|CD44,CD4 T Cells,CD4 T Cells,VIM,CD44,-0.08873537229344874,-0.17249404742669194,-0.0049766971602055315,56,0.037855183064838045,0.2461358309433783,11,0.8840662412021424,33,0.8313635628935993,5,0.863701060678092,7,0.8997337546629977
Classical Monocytes|Non-classical Monocytes|ICAM1|SPN,Classical Monocytes,Non-classical Monocytes,ICAM1,SPN,-0.32876166941820406,-0.6398320587449735,-0.017691280091434614,46,0.038318481192698206,0.24828410762550862,10,0.33981555032668326,24,0.13761091219493257,5,0.17917202947823704,7,0.3057290607646905
Non-classical Monocytes|B Cells|TIMP2|CD44,Non-classical Monocytes,B Cells,TIMP2,CD44,-0.24615914802271796,-0.47967441408004957,-0.01264388196538635,56,0.03882018098373765,0.2483508793567216,11,0.3565204643356589,33,0.21954953482122064,5,0.19611810893243034,7,0.30530632744071
Non-classical Monocytes|NK Cells|VIM|CD44,Non-classical Monocytes,NK Cells,VIM,CD44,-0.07995770419801462,-0.15577247574560588,-0.004142932650423384,56,0.038727830995030764,0.2483508793567216,11,0.8397300083691033,33,0.7735219479989317,5,0.8874482171407472,7,0.9011978609685902
NK Cells|CD8 T Cells|LGALS1|CD69,NK Cells,CD8 T Cells,LGALS1,CD69,0.14533506312410382,0.007528541587874832,0.2831415846603328,56,0.03873045531405443,0.2483508793567216,11,0.7082591130580101,33,0.8518816027464555,5,0.9202462022682509,7,0.9185336288325925
Non-classical Monocytes|Classical Monocytes|PSAP|LRP1,Non-classical Monocytes,Classical Monocytes,PSAP,LRP1,-0.1643924721823583,-0.32022447517147445,-0.00856046919324216,56,0.03867458699755145,0.2483508793567216,11,0.7459135870122373,33,0.616869366744394,5,0.6528151153292853,7,0.6881633672438002
NK Cells|CD4 T Cells|CD48|CD2,NK Cells,CD4 T Cells,CD48,CD2,-0.24561898915643426,-0.4783997579325858,-0.012838220380282678,56,0.03863447191245608,0.2483508793567216,11,0.4787938979900704,33,0.40272924451951775,5,0.42100319409137893,7,0.5905575297772605
NK Cells|NK Cells|HLA-F|CD8A,NK Cells,NK Cells,HLA-F,CD8A,-0.2746099950403317,-0.535505068988929,-0.013714921091734333,42,0.03911293316457823,0.24959187400729593,8,0.4265558644749251,22,0.3558756309397027,5,0.1597519968099354,7,0.3636817583150447
NK Cells|Classical Monocytes|CIRBP|TREM1,NK Cells,Classical Monocytes,CIRBP,TREM1,-0.1413181346268969,-0.27577324763034033,-0.00686302162345348,56,0.039397885665968024,0.2507769699695244,11,0.6297048054098225,33,0.5157108206021929,5,0.5279145171160992,7,0.5552386669353664
B Cells|CD4 T Cells|HLA-DPA1|CD4,B Cells,CD4 T Cells,HLA-DPA1,CD4,-0.17624527965647074,-0.3440356637448162,-0.008454895568125315,56,0.039520508743656944,0.2509254411940229,11,0.6246819265524229,33,0.5348756759138199,5,0.40990674440768193,7,0.4963457734255497
pDCs|Non-classical Monocytes|SELPLG|ITGB2,pDCs,Non-classical Monocytes,SELPLG,ITGB2,-0.18956959890017133,-0.370266039862829,-0.008873157937513615,44,0.03976240808601691,0.2512987345843812,10,0.6422951949980488,22,0.5992629535817734,5,0.47557549504215546,7,0.6221128525260514
B Cells|Non-classical Monocytes|HLA-B|LILRB2,B Cells,Non-classical Monocytes,HLA-B,LILRB2,-0.035442377992984,-0.06922850103948672,-0.001656254946481285,56,0.03977819304857636,0.2512987345843812,11,0.9812125741447737,33,0.973934199193651,5,0.9573237757714107,7,0.985487778813272
B Cells|Classical Monocytes|IL16|CD4,B Cells,Classical Monocytes,IL16,CD4,-0.23500087788031507,-0.45938182770790237,-0.010619928052727767,56,0.040098878984435864,0.2526929356450609,11,0.18997892418278314,33,0.049801768625621225,5,0.15290163872811172,7,0.24772536105126483
Classical Monocytes|Non-classical Monocytes|TGFB1|LPP,Classical Monocytes,Non-classical Monocytes,TGFB1,LPP,-0.27180342157715653,-0.5314792168498115,-0.012127626304501538,53,0.04021827095496511,0.2528148524955145,11,0.2127192921583755,31,0.16738008159523507,5,0.09723883024158789,6,0.32370304125560395
Non-classical Monocytes|CD8 T Cells|PTDSS1|JMJD6,Non-classical Monocytes,CD8 T Cells,PTDSS1,JMJD6,0.3326333248952372,0.014620998142642283,0.6506456516478322,47,0.04035704627441689,0.2530577070358598,10,0.1103357664191877,25,0.24165535006421945,5,0.23077615041144028,7,0.0294624091612348
CD8 T Cells|CD8 T Cells|B2M|KLRD1,CD8 T Cells,CD8 T Cells,B2M,KLRD1,-0.03904881989953968,-0.07641705664968992,-0.0016805831493894377,55,0.040549166523486446,0.25363302921992636,11,0.9987412208594609,33,0.9964155576942947,5,0.946032698066195,6,0.9827558548005685
Classical Monocytes|CD4 T Cells|APP|LRP10,Classical Monocytes,CD4 T Cells,APP,LRP10,0.047822012267005665,0.0019029383707494449,0.09374108616326188,55,0.04123223250873039,0.2566351023388219,11,0.0,32,0.047822012267005665,5,0.0,7,0.0
Non-classical Monocytes|CD8 T Cells|SECTM1|CD7,Non-classical Monocytes,CD8 T Cells,SECTM1,CD7,0.2050689431806368,0.00823946982018467,0.40189841654108893,56,0.041150544392671,0.2566351023388219,11,0.31407487459073813,33,0.3625086801636416,5,0.36257751785830017,7,0.20594238025056683
CD8 T Cells|Non-classical Monocytes|HLA-A|LILRB1,CD8 T Cells,Non-classical Monocytes,HLA-A,LILRB1,-0.17526595532494016,-0.3439400690530797,-0.006591841596800596,56,0.041694150453581644,0.2582380347946098,11,0.9344022953619547,33,0.8506458639593293,5,0.7848013984357489,7,0.8763109223580636
Non-classical Monocytes|Classical Monocytes|LTB|TNFRSF1A,Non-classical Monocytes,Classical Monocytes,LTB,TNFRSF1A,-0.29177916698162165,-0.572492540970894,-0.011065792992349333,56,0.04162737285020033,0.2582380347946098,11,0.4017609441393714,33,0.19066183748038093,5,0.22617888875955341,7,0.3068589490821846
CD4 T Cells|Classical Monocytes|CD40LG|CD53,CD4 T Cells,Classical Monocytes,CD40LG,CD53,-0.1770330981561753,-0.3475784750559412,-0.006487721256409423,56,0.04189888931574551,0.2588716217625645,11,0.40698619022589066,33,0.3698319714823688,5,0.2988517491349042,7,0.4387306285475576
Classical Monocytes|Classical Monocytes|APP|PTGER2,Classical Monocytes,Classical Monocytes,APP,PTGER2,-0.08287516620882043,-0.16302389229547315,-0.002726440122167731,55,0.04269959160960863,0.2616536485540474,11,0.13473561741200704,32,0.04481936709881869,5,0.007041084104367923,7,0.0
B Cells|B Cells|HLA-A|APLP2,B Cells,B Cells,HLA-A,APLP2,-0.2599407909897955,-0.5112313995221469,-0.008650182457444033,51,0.042618265372823955,0.2616536485540474,11,0.7602408416636205,30,0.6526755922676446,5,0.5592842121277372,5,0.7116597537215568
B Cells|B Cells|LGALS1|ITGB1,B Cells,B Cells,LGALS1,ITGB1,-0.2616317727216879,-0.5148073838806732,-0.00845616156270268,44,0.04282348336476054,0.2616536485540474,8,0.15622335083818467,25,0.14057669955200938,5,0.004640545535032481,6,0.25062566697054506
pDCs|Classical Monocytes|S100A9|ITGB2,pDCs,Classical Monocytes,S100A9,ITGB2,0.32397845363434113,0.010093827040467795,0.6378630802282145,40,0.04307396826216213,0.2616536485540474,6,0.2879083179139825,22,0.5527589361654931,5,0.4717821174769603,7,0.41265428209412974
pDCs|pDCs|S100A9|CD68,pDCs,pDCs,S100A9,CD68,0.27727374863977766,0.008659404849173324,0.5458880924303819,40,0.043057895306269516,0.2616536485540474,6,0.36694550914198976,22,0.48697028712379314,5,0.4101047285811076,7,0.2528557579231333
NK Cells|Non-classical Monocytes|ICAM2|ITGAL_ITGB2,NK Cells,Non-classical Monocytes,ICAM2,ITGAL_ITGB2,-0.12567631604049878,-0.24735882242168172,-0.003993809659315839,55,0.0429400073137277,0.2616536485540474,11,0.19316309320641611,32,0.09503361743725164,5,0.0,7,0.0275468402713343
Classical Monocytes|CD4 T Cells|S100A9|ITGB2,Classical Monocytes,CD4 T Cells,S100A9,ITGB2,-0.0038647004339665836,-0.007603683668034171,-0.0001257171998989958,56,0.042778664838259435,0.2616536485540474,11,0.9978718953544715,33,0.9956174806874136,5,0.9946812355956605,7,0.9962915213625692
pDCs|Non-classical Monocytes|CD99|PILRA,pDCs,Non-classical Monocytes,CD99,PILRA,-0.21599598899743366,-0.42545852091836983,-0.006533457076497495,44,0.04326959422838897,0.26221166574373844,10,0.6022174694483486,22,0.41237657108060244,5,0.45401605530912637,7,0.48017114593881377
Classical Monocytes|Classical Monocytes|HLA-DRB1|CD4,Classical Monocytes,Classical Monocytes,HLA-DRB1,CD4,-0.18111664837343766,-0.35691166886869297,-0.005321627878182356,56,0.04345650705535984,0.2627143381074027,11,0.6285413717419303,33,0.4877092788764184,5,0.5460602102191101,7,0.5863447657270359
Non-classical Monocytes|CD4 T Cells|ADAM10|TSPAN14,Non-classical Monocytes,CD4 T Cells,ADAM10,TSPAN14,0.24789557471174425,0.006465371614516852,0.4893257778089717,55,0.04417244112792201,0.26640515210085663,11,0.0,32,0.07437592341187535,5,0.2946205147200075,7,0.1211008634201386
CD4 T Cells|CD4 T Cells|TIMP1|CD63,CD4 T Cells,CD4 T Cells,TIMP1,CD63,-0.19579910025138395,-0.38706448453636666,-0.004533715966401258,56,0.04481118182411185,0.2681655549815976,11,0.14699871145816013,33,0.1396676066364645,5,0.12651176807034606,7,0.31497976350003437
CD4 T Cells|B Cells|HLA-A|APLP2,CD4 T Cells,B Cells,HLA-A,APLP2,-0.22721370747163838,-0.44935680971718506,-0.005070605226091679,51,0.044994932850097896,0.2681655549815976,11,0.8282121665362644,30,0.7192798371600662,5,0.6494290093700363,5,0.7677103874654765
CD8 T Cells|Classical Monocytes|HLA-B|LILRB2,CD8 T Cells,Classical Monocytes,HLA-B,LILRB2,-0.0640266874039701,-0.12660043223319534,-0.0014529425747448754,56,0.0449124265671947,0.2681655549815976,11,0.93284872547409,33,0.9278679878822641,5,0.883590512514451,7,0.9426364623265951
CD8 T Cells|Non-classical Monocytes|HLA-C|LILRB1,CD8 T Cells,Non-classical Monocytes,HLA-C,LILRB1,-0.1595781400470272,-0.31534200634714493,-0.00381427374690943,56,0.04464768280985057,0.2681655549815976,11,0.9429941129359584,33,0.8586922475096245,5,0.7939230828898807,7,0.869199357510574
CD4 T Cells|Classical Monocytes|RPS19|C5AR1,CD4 T Cells,Classical Monocytes,RPS19,C5AR1,-0.037972222860402916,-0.07506816238837613,-0.0008762833324297004,56,0.04482825780508581,0.2681655549815976,11,0.9731043718823542,33,0.9319058297873146,5,0.9785342391472447,7,0.975307919912608
CD4 T Cells|NK Cells|SIRPG|CD47,CD4 T Cells,NK Cells,SIRPG,CD47,-0.1967511418829421,-0.38936831243672543,-0.004133971329158798,53,0.04528161786208326,0.2686071557217944,11,0.22845673101039612,30,0.22928127111108498,5,0.020689559733857,7,0.21826524171748796
NK Cells|CD4 T Cells|CD47|SIRPG,NK Cells,CD4 T Cells,CD47,SIRPG,-0.1967511418829421,-0.38936831243672543,-0.004133971329158798,53,0.04528161786208326,0.2686071557217944,11,0.22845673101039612,30,0.22928127111108498,5,0.020689559733857,7,0.21826524171748796
Non-classical Monocytes|Classical Monocytes|SELPLG|ITGAM,Non-classical Monocytes,Classical Monocytes,SELPLG,ITGAM,-0.16190671971781512,-0.32122524139557707,-0.0025881980400531968,56,0.046392518465100376,0.2690882719069082,11,0.32720508763908823,33,0.26831255697865125,5,0.25754781075097855,7,0.3605619998083567
Classical Monocytes|Non-classical Monocytes|APP|PTGER2,Classical Monocytes,Non-classical Monocytes,APP,PTGER2,0.046434144892090745,0.0006714358906691822,0.09219685389351231,55,0.04673202790238565,0.2690882719069082,11,0.0,32,0.046434144892090745,5,0.0,7,0.0
Non-classical Monocytes|Non-classical Monocytes|TIMP2|ITGB1,Non-classical Monocytes,Non-classical Monocytes,TIMP2,ITGB1,-0.12426118280931601,-0.24615190944009846,-0.002370456178533556,56,0.04570796994322072,0.2690882719069082,11,0.12117934130183515,33,0.06205160765529032,5,0.031712939312596486,7,0.09684638847536767
CD4 T Cells|CD8 T Cells|SELPLG|SELL,CD4 T Cells,CD8 T Cells,SELPLG,SELL,-0.21905528671168623,-0.4343673147663179,-0.003743258657054549,56,0.04614784770700584,0.2690882719069082,11,0.19105018334866955,33,0.2149491645257411,5,0.0,7,0.24295426788875776
Classical Monocytes|CD8 T Cells|APP|LRP10,Classical Monocytes,CD8 T Cells,APP,LRP10,0.04126306801584451,0.0006697002294262788,0.08185643580226275,55,0.046338258243770386,0.2690882719069082,11,0.0,32,0.03241604633833492,5,0.008847021677509592,7,0.0
CD4 T Cells|NK Cells|BAG6|NCR3,CD4 T Cells,NK Cells,BAG6,NCR3,-0.1362718939104317,-0.27011977594937797,-0.002424011871485443,52,0.04599280630452448,0.2690882719069082,11,0.2894898677762074,30,0.17208855015233906,5,0.0,6,0.018870576286563395
Classical Monocytes|B Cells|GNAI2|S1PR4,Classical Monocytes,B Cells,GNAI2,S1PR4,0.2014355741534236,0.0029649623905183553,0.39990618591632887,52,0.046674279180632605,0.2690882719069082,11,0.36476780759475375,29,0.34838597612243194,5,0.5252240340096758,7,0.30740662838393035
pDCs|Classical Monocytes|HLA-DRB1|CD4,pDCs,Classical Monocytes,HLA-DRB1,CD4,-0.14437071380665423,-0.2869352340114695,-0.001806193601838979,44,0.04716724295148252,0.2690882719069082,10,0.8321676683243716,22,0.6645948642681675,5,0.7211682206353254,7,0.6979661303857755
Classical Monocytes|Non-classical Monocytes|VIM|CD44,Classical Monocytes,Non-classical Monocytes,VIM,CD44,-0.030878707854435472,-0.06130628039237838,-0.0004511353164925666,56,0.04669861475713413,0.2690882719069082,11,0.9877259082653712,33,0.9500248257307711,5,0.9825469673848024,7,0.9757245927046377
pDCs|Non-classical Monocytes|PTPN6|CLEC12A,pDCs,Non-classical Monocytes,PTPN6,CLEC12A,-0.23251560118440195,-0.4620129649186753,-0.0030182374501286635,43,0.047062148242711516,0.2690882719069082,10,0.30310553182590183,21,0.32167081203505793,5,0.08022353303749537,7,0.3313044144310534
CD8 T Cells|B Cells|HLA-A|APLP2,CD8 T Cells,B Cells,HLA-A,APLP2,-0.20434763567884529,-0.4061471023548745,-0.0025481690028160975,51,0.04717642191556023,0.2690882719069082,11,0.8683906577417797,30,0.7700352126266922,5,0.6931864400692801,5,0.7991786306330378
CD8 T Cells|Non-classical Monocytes|HLA-F|LILRB2,CD8 T Cells,Non-classical Monocytes,HLA-F,LILRB2,-0.24865315976579477,-0.49428342852582546,-0.0030228910057640834,56,0.047246407677453015,0.2690882719069082,11,0.23672777033344508,33,0.2382114648035947,5,0.031398465729265745,7,0.28153531996521014
B Cells|Non-classical Monocytes|HLA-DRA|CD4,B Cells,Non-classical Monocytes,HLA-DRA,CD4,-0.023754185879389822,-0.047225496371228776,-0.00028287538755087174,56,0.04730207814675111,0.2690882719069082,11,0.9485632501011781,33,0.9200720049250883,5,0.9374499817401197,7,0.9327129224434197
pDCs|CD8 T Cells|GNAI2|S1PR4,pDCs,CD8 T Cells,GNAI2,S1PR4,-0.19256855678821239,-0.38291600073165055,-0.0022211128447741924,43,0.047385944202047545,0.2690882719069082,10,0.3062730892723049,21,0.22990128564142592,5,0.1623040975719502,7,0.2785008507292836
CD4 T Cells|Classical Monocytes|LRPAP1|LRP1,CD4 T Cells,Classical Monocytes,LRPAP1,LRP1,0.02722535111829125,0.0004909504647732897,0.053959751771809214,56,0.045938629810431376,0.2690882719069082,11,0.0,33,0.02722535111829125,5,0.0,7,0.0
Non-classical Monocytes|NK Cells|MIF|TNFRSF14,Non-classical Monocytes,NK Cells,MIF,TNFRSF14,0.19360352513500603,0.0033479417190308836,0.38385910855098115,56,0.046102504027499866,0.2690882719069082,11,0.31035129428682,33,0.3287339823925034,5,0.29863973022476203,7,0.12341889319543939
Classical Monocytes|CD4 T Cells|CD14|ITGB2,Classical Monocytes,CD4 T Cells,CD14,ITGB2,-0.1573098100737612,-0.3126617625322714,-0.0019578576152509963,56,0.047181770046600464,0.2690882719069082,11,0.7104076616998497,33,0.6326981242282734,5,0.6204570833242922,7,0.7000573559264771
CD4 T Cells|Non-classical Monocytes|GNAS|ADCY7,CD4 T Cells,Non-classical Monocytes,GNAS,ADCY7,-0.15715876880744836,-0.31188406430313903,-0.0024334733117576945,56,0.04650401070564153,0.2690882719069082,11,0.10484576873896737,33,0.10507545444000424,5,0.03396570248282003,7,0.19135415699130526
pDCs|pDCs|S100A8|CD68,pDCs,pDCs,S100A8,CD68,0.22271671338445642,0.004375920770670755,0.4410575059982421,42,0.04558185229725893,0.2690882719069082,9,0.2797299111430842,22,0.4250097180534226,5,0.32185605653418103,6,0.24441915006006298
B Cells|CD8 T Cells|B2M|KLRD1,B Cells,CD8 T Cells,B2M,KLRD1,-0.09583198849920282,-0.19070083864977333,-0.0009631383486323197,55,0.047719020017562626,0.26976725634089654,11,0.9965964035976903,33,0.992893069320106,5,0.882334773113031,6,0.9744634273346495
Classical Monocytes|B Cells|ADAM10|CD44,Classical Monocytes,B Cells,ADAM10,CD44,-0.21238787613061583,-0.4225526707444929,-0.0022230815167388063,56,0.04762536497426405,0.26976725634089654,11,0.29898945748576833,33,0.17771436403676238,5,0.22285673314944826,7,0.31396951583105814
Non-classical Monocytes|CD4 T Cells|ARF6|SMAP1,Non-classical Monocytes,CD4 T Cells,ARF6,SMAP1,0.15458437673142617,0.001335348610807141,0.3078334048520452,55,0.04803684905151589,0.2709578516812068,11,0.48583704973558584,32,0.38957965020866064,5,0.5568570020563688,7,0.30601522579801743
CD4 T Cells|Non-classical Monocytes|HLA-C|LILRB1,CD4 T Cells,Non-classical Monocytes,HLA-C,LILRB1,-0.188886650564281,-0.3765791060731656,-0.001194195055396391,56,0.048560052432007776,0.27264161528710884,11,0.9097694248562885,33,0.8104162470280027,5,0.7484878512830888,7,0.838021324019084
Classical Monocytes|Non-classical Monocytes|VCAN|ITGB1,Classical Monocytes,Non-classical Monocytes,VCAN,ITGB1,-0.10325290983552482,-0.20580266098880418,-0.0007031586822454639,56,0.04844966831877636,0.27264161528710884,11,0.6861767961612281,33,0.5920527235103147,5,0.691091998192119,7,0.7002208353767304
pDCs|Non-classical Monocytes|PKM|CD44,pDCs,Non-classical Monocytes,PKM,CD44,-0.1816597624924397,-0.3622504034940759,-0.001069121490803543,44,0.04865902987514289,0.27264161528710884,10,0.5145386446971892,22,0.3737265724192247,5,0.4245210332579649,7,0.46536872347244
Classical Monocytes|B Cells|CD14|ITGB2,Classical Monocytes,B Cells,CD14,ITGB2,-0.21622368311627876,-0.4314106844632843,-0.00103668176927324,56,0.04890645534442787,0.27281812948205125,11,0.47022882635146956,33,0.4253491373697267,5,0.3683830309732287,7,0.5397270251077646
Non-classical Monocytes|Non-classical Monocytes|HLA-B|LILRB1,Non-classical Monocytes,Non-classical Monocytes,HLA-B,LILRB1,-0.2259656952218202,-0.45076528830019624,-0.0011661021434441199,56,0.04882337049258037,0.27281812948205125,11,0.9324566425423445,33,0.83804460956928,5,0.7530794502415548,7,0.8846331124903104
CD4 T Cells|Non-classical Monocytes|HLA-A|LILRB1,CD4 T Cells,Non-classical Monocytes,HLA-A,LILRB1,-0.1935176564034944,-0.38630036288540553,-0.0007349499215832389,56,0.04913296744947901,0.2734779928300296,11,0.9090779797329623,33,0.8182580458704591,5,0.7467595104628307,7,0.8494572330038219
CD4 T Cells|Non-classical Monocytes|HLA-B|LILRB1,CD4 T Cells,Non-classical Monocytes,HLA-B,LILRB1,-0.22662142527545526,-0.45256082758161487,-0.0006820229692956481,56,0.049312433212059116,0.27387366753158987,11,0.9347729672018213,33,0.8417004321536903,5,0.76170164708781,7,0.8952505373151342
Classical Monocytes|CD8 T Cells|CD14|ITGB2,Classical Monocytes,CD8 T Cells,CD14,ITGB2,-0.11463767110928036,-0.2291645478093406,-0.00011079440922011352,56,0.04977877744152702,0.2750507162498194,11,0.8747885063084148,33,0.8404169899655339,5,0.7258233274754298,7,0.8060894822418293
Non-classical Monocytes|Non-classical Monocytes|ICAM1|SPN,Non-classical Monocytes,Non-classical Monocytes,ICAM1,SPN,-0.2858539757824471,-0.5713754229576228,-0.00033252860727139844,47,0.049733777513394244,0.2750507162498194,9,0.23085297183537742,26,0.09142040124193394,5,0.12193927109552542,7,0.26836067628452903
Classical Monocytes|Non-classical Monocytes|HLA-C|LILRB1,Classical Monocytes,Non-classical Monocytes,HLA-C,LILRB1,-0.24254088675900476,-0.48492383321063776,-0.00015794030737176223,56,0.04985090148097242,0.2750507162498194,11,0.8057425501047295,33,0.7121373080588879,5,0.5748884538658736,7,0.7238240985790367
Non-classical Monocytes|Non-classical Monocytes|HLA-C|LILRB1,Non-classical Monocytes,Non-classical Monocytes,HLA-C,LILRB1,-0.2071272269096609,-0.4142214931038585,-3.2960715463353774e-05,56,0.04996354796657268,0.27507164643034676,11,0.9019988965541241,33,0.7907501034401735,5,0.718780043171373,7,0.8146584769670833
B Cells|Classical Monocytes|ANXA2|TLR2,B Cells,Classical Monocytes,ANXA2,TLR2,-0.19443075682119987,-0.389116773967587,0.0002552603251872454,52,0.05030113983535485,0.276328218182482,10,0.034244639757860997,30,0.07153984792176936,5,0.0,7,0.23172596498510822
Classical Monocytes|Classical Monocytes|TNFSF13B|HLA-DPB1,Classical Monocytes,Classical Monocytes,TNFSF13B,HLA-DPB1,-0.18987249485157986,-0.3800949314373553,0.0003499417341955302,56,0.05042295531907184,0.2763965468357799,11,0.5710566770952222,33,0.513595054616717,5,0.5077719764361248,7,0.6401828488091994
CD8 T Cells|NK Cells|HLA-B|CD8A,CD8 T Cells,NK Cells,HLA-B,CD8A,-0.11075501487723127,-0.22190535736020284,0.000395327605740306,42,0.05082042523936117,0.2779723259304452,8,0.774094410786652,22,0.6964304374506854,5,0.9537786952870982,7,0.9868697368283631
Classical Monocytes|NK Cells|APP|LRP10,Classical Monocytes,NK Cells,APP,LRP10,0.015210856538069403,-7.457165938996521e-05,0.030496284735528772,55,0.05112821384745084,0.2789101973329496,11,0.0,32,0.015210856538069403,5,0.0,7,0.0
Classical Monocytes|CD4 T Cells|HLA-DMA|CD4,Classical Monocytes,CD4 T Cells,HLA-DMA,CD4,-0.18196509767194596,-0.3649781720895172,0.001047976745625262,56,0.05132639140392507,0.2789101973329496,11,0.4822293535413202,33,0.31622151435992796,5,0.3845494381265991,7,0.4005066966171528
CD8 T Cells|CD4 T Cells|LRPAP1|SORL1,CD8 T Cells,CD4 T Cells,LRPAP1,SORL1,0.01702821992058548,-9.398711091974585e-05,0.03415042695209071,56,0.051270904817492254,0.2789101973329496,11,0.0,33,0.01702821992058548,5,0.0,7,0.0
Non-classical Monocytes|CD8 T Cells|VCAN|CD44,Non-classical Monocytes,CD8 T Cells,VCAN,CD44,0.23644442715618647,-0.0014709607796491442,0.4743598150920221,55,0.051433380275882276,0.2789101973329496,10,0.15965497380693583,33,0.3452506346866579,5,0.24348112235242522,7,0.19263235607596083
pDCs|Non-classical Monocytes|HLA-B|LILRB1,pDCs,Non-classical Monocytes,HLA-B,LILRB1,-0.2500072725002789,-0.5020561628129799,0.0020416178124221807,44,0.05188482722238179,0.2789637412573591,10,0.9157146778355456,22,0.8218927842748118,5,0.7129663636721655,7,0.8691517426117106
CD8 T Cells|Classical Monocytes|RPS19|C5AR1,CD8 T Cells,Classical Monocytes,RPS19,C5AR1,-0.040097755695320925,-0.080514593134357,0.0003190817437151369,56,0.05183632818491306,0.2789637412573591,11,0.9699545758828451,33,0.9276971060048462,5,0.9755766987784537,7,0.9734169845957757
CD8 T Cells|Non-classical Monocytes|ICAM2|ITGAL_ITGB2,CD8 T Cells,Non-classical Monocytes,ICAM2,ITGAL_ITGB2,-0.07770372077856366,-0.15595856856988344,0.000551127012756128,47,0.051635462333698055,0.2789637412573591,11,0.03235914971998391,24,0.020272525503141302,5,0.0,7,0.06561709656172106
NK Cells|NK Cells|CD48|CD244,NK Cells,NK Cells,CD48,CD244,0.2147357418229816,-0.0015496471489538366,0.43102113079491705,53,0.051664207867742486,0.2789637412573591,11,0.34874716389896665,32,0.39324573961534326,5,0.5231432711674099,5,0.3529061050608049
CD4 T Cells|Non-classical Monocytes|SEMA4D|PLXNB2,CD4 T Cells,Non-classical Monocytes,SEMA4D,PLXNB2,0.05287077293815673,-0.0006450541674381388,0.1063866000437516,55,0.05282613194953246,0.281816398392645,11,0.0,32,0.018544380754248614,5,0.034326392183908115,7,0.0
B Cells|Non-classical Monocytes|HLA-B|LILRB1,B Cells,Non-classical Monocytes,HLA-B,LILRB1,-0.24725125817363136,-0.49732864869884447,0.002826132351581745,56,0.052645873861161006,0.281816398392645,11,0.9209539150037515,33,0.8286828850545238,5,0.7296860632004423,7,0.884666291424846
CD4 T Cells|Classical Monocytes|HLA-B|LILRB2,CD4 T Cells,Classical Monocytes,HLA-B,LILRB2,-0.08198311602766495,-0.1649788507240418,0.001012618668711912,56,0.052861485096206466,0.281816398392645,11,0.9081337595964019,33,0.9012260583589254,5,0.8542252454430592,7,0.9293006602332478
NK Cells|NK Cells|HLA-B|CD8A,NK Cells,NK Cells,HLA-B,CD8A,-0.10190061677660489,-0.20498734738473995,0.0011861138315301806,42,0.052694918029908465,0.281816398392645,8,0.781325217843107,22,0.7091900524455899,5,0.9584605154808742,7,0.9882259668599618
Classical Monocytes|Classical Monocytes|RPS19|C5AR1,Classical Monocytes,Classical Monocytes,RPS19,C5AR1,-0.05487653027853168,-0.11048320215556606,0.0007301415985027024,56,0.053085010118774895,0.28241225383188245,11,0.9576812783950299,33,0.9013996519195029,5,0.954602444044715,7,0.9531973478477195
B Cells|Non-classical Monocytes|HLA-DRB1|CD4,B Cells,Non-classical Monocytes,HLA-DRB1,CD4,-0.06855694837036819,-0.13823336458830018,0.0011194678475638098,56,0.053796208376296666,0.2845033702425193,11,0.9091715932999661,33,0.8571380364803642,5,0.8519107369489607,7,0.868434128499727
CD4 T Cells|Classical Monocytes|CD99|PILRA,CD4 T Cells,Classical Monocytes,CD99,PILRA,0.18459951064618818,-0.0032937517751978895,0.3724927730675742,56,0.05415358966626506,0.2845033702425193,11,0.11925473614606251,33,0.19965860882133452,5,0.22162405265997012,7,0.11742841468905395
Classical Monocytes|NK Cells|VCAN|ITGA4,Classical Monocytes,NK Cells,VCAN,ITGA4,-0.16782296131304186,-0.3385317527169188,0.0028858300908350953,56,0.054000717639192834,0.2845033702425193,11,0.3624609337043499,33,0.4139348775288407,5,0.34581873538281205,7,0.5651156405203447
Classical Monocytes|B Cells|VIM|CD44,Classical Monocytes,B Cells,VIM,CD44,-0.05467583171998169,-0.11019681057241051,0.0008451471324471202,56,0.053590834589425054,0.2845033702425193,11,0.9366729657800565,33,0.8729046554020575,5,0.9352421272478015,7,0.9261496485897842
NK Cells|Non-classical Monocytes|MFNG|NOTCH2,NK Cells,Non-classical Monocytes,MFNG,NOTCH2,-0.07868459689974432,-0.15876718577214569,0.0013979919726570533,56,0.0541357057386245,0.2845033702425193,11,0.07151223999343011,33,0.018885035193513873,5,0.0,7,0.02605739209982808
Classical Monocytes|B Cells|TIMP2|ITGB1,Classical Monocytes,B Cells,TIMP2,ITGB1,-0.17411530091588007,-0.35118930199662607,0.002958700164865935,45,0.053952807633183275,0.2845033702425193,8,0.029669826117043357,25,0.05360559344560853,5,0.009627457110105353,7,0.20767852535455059
Classical Monocytes|Non-classical Monocytes|HLA-B|LILRB1,Classical Monocytes,Non-classical Monocytes,HLA-B,LILRB1,-0.24584458583954316,-0.4964915795286336,0.004802407849547274,56,0.054554064432983024,0.2854205400044474,11,0.9046338969775689,33,0.8072116630605297,5,0.7135160015894296,7,0.8619383535119336
NK Cells|Non-classical Monocytes|HLA-C|LILRB2,NK Cells,Non-classical Monocytes,HLA-C,LILRB2,-0.009512581163932055,-0.019209588423397175,0.00018442609553306552,56,0.054519283821832604,0.2854205400044474,11,0.9928740580033139,33,0.9840940938696083,5,0.9858734917173324,7,0.9866061087475589
Non-classical Monocytes|CD8 T Cells|LRPAP1|SORL1,Non-classical Monocytes,CD8 T Cells,LRPAP1,SORL1,-0.08469037403919294,-0.17122823291552697,0.0018474848371410751,49,0.055095672395040055,0.2876586035997236,11,0.12376563734769887,26,0.0455211683372995,5,0.0,7,0.006445905028793576
CD4 T Cells|pDCs|SELPLG|ITGB2,CD4 T Cells,pDCs,SELPLG,ITGB2,-0.21328445389994227,-0.4317417174177418,0.005172809617857266,44,0.055677121976903776,0.29009502522811514,10,0.14335947833016766,22,0.23735677008730097,5,0.0029952124964240713,7,0.31027695815349965
Non-classical Monocytes|Classical Monocytes|HLA-B|LILRB2,Non-classical Monocytes,Classical Monocytes,HLA-B,LILRB2,-0.08346459160896746,-0.16899978750092196,0.0020706042829870264,56,0.05580979845225024,0.2901879849564534,11,0.9053644354126935,33,0.8992176546495032,5,0.8459461805812989,7,0.923263991427076
Classical Monocytes|B Cells|LGALS9|CD44,Classical Monocytes,B Cells,LGALS9,CD44,0.1549930195441544,-0.004085920869199483,0.31407195995750825,56,0.05618182604192919,0.2915225347185936,11,0.24826384078283034,33,0.19417773759572535,5,0.40840999494158864,7,0.19933087221032922
pDCs|Non-classical Monocytes|ARF6|SMAP1,pDCs,Non-classical Monocytes,ARF6,SMAP1,-0.2496488307032515,-0.5060976151138115,0.006799953707308515,43,0.0563920043693025,0.2920135144287447,10,0.24476561657276363,21,0.2397959480707616,5,0.18316946630087166,7,0.42784862850212113
CD4 T Cells|CD8 T Cells|ICAM3|ITGAL,CD4 T Cells,CD8 T Cells,ICAM3,ITGAL,0.1965665959640257,-0.0056659044027281,0.3987990963307795,56,0.05677329955405614,0.2933867647711654,11,0.26803085895575607,33,0.28119880923850105,5,0.5219892060148703,7,0.3385905603335896
Classical Monocytes|Non-classical Monocytes|VCAN|TLR2,Classical Monocytes,Non-classical Monocytes,VCAN,TLR2,0.21559416076493892,-0.0065000202011958885,0.43768834173107374,56,0.05709252299238563,0.29443429714644587,11,0.29419041533438733,33,0.48652523167196116,5,0.4628422371261182,7,0.4395828926987531
CD4 T Cells|pDCs|HLA-F|LILRB1,CD4 T Cells,pDCs,HLA-F,LILRB1,-0.22299479573828915,-0.45379108556635017,0.007801494089771849,43,0.05826321036478874,0.2968369608706071,10,0.2220197532012816,21,0.19770562404833125,5,0.05050834623832099,7,0.2491890128236598
NK Cells|Classical Monocytes|HLA-B|LILRB2,NK Cells,Classical Monocytes,HLA-B,LILRB2,-0.05815919914433554,-0.11822594742752789,0.0019075491388568094,56,0.05773283138053425,0.2968369608706071,11,0.9345632789166153,33,0.9304671433598297,5,0.8927412259465569,7,0.9468042895341069
Non-classical Monocytes|pDCs|SELPLG|SELL,Non-classical Monocytes,pDCs,SELPLG,SELL,-0.2050451017542648,-0.4169715427815862,0.006881339273056591,44,0.05791732791100836,0.2968369608706071,10,0.40660712468373994,22,0.36664914172560203,5,0.20063745263624302,7,0.3657245714323699
NK Cells|B Cells|HLA-A|APLP2,NK Cells,B Cells,HLA-A,APLP2,-0.19952571824842114,-0.40599883120861,0.006947394711767724,51,0.05822298757545639,0.2968369608706071,11,0.875238757373631,30,0.7792609390218522,5,0.7065333622315096,5,0.810081262128152
Non-classical Monocytes|Non-classical Monocytes|PKM|CD44,Non-classical Monocytes,Non-classical Monocytes,PKM,CD44,-0.11918840717119028,-0.24250203592817568,0.004125221585795119,56,0.058172315999751256,0.2968369608706071,11,0.7132395285553148,33,0.5807597533394547,5,0.6180194344109065,7,0.6047280663662367
Classical Monocytes|Classical Monocytes|LGALS1|ITGB1,Classical Monocytes,Classical Monocytes,LGALS1,ITGB1,-0.08455058965195983,-0.1719739831602854,0.0028728038563657354,56,0.05801851902260817,0.2968369608706071,11,0.7788857155367516,33,0.7419050534483019,5,0.7412720190602891,7,0.7888419466237993
Classical Monocytes|Non-classical Monocytes|HLA-DQB1|CD4,Classical Monocytes,Non-classical Monocytes,HLA-DQB1,CD4,0.20344624280217638,-0.007809931873360598,0.41470241747771336,55,0.05909229281836913,0.2992278581430063,11,0.1649284039096851,32,0.2623857130097398,5,0.23999121451930425,7,0.13400228081718255
CD4 T Cells|CD8 T Cells|SPTAN1|PTPRA,CD4 T Cells,CD8 T Cells,SPTAN1,PTPRA,0.1781857562542462,-0.006888161247303903,0.3632596737557963,54,0.05915801281987316,0.2992278581430063,11,0.050595444384538286,31,0.10012092887739917,5,0.24830010547322798,7,0.11963983371184264
B Cells|pDCs|HLA-F|LILRB1,B Cells,pDCs,HLA-F,LILRB1,-0.19069858105796045,-0.3885959453963791,0.007198783280458226,43,0.05893637547247314,0.2992278581430063,10,0.1108102534957002,21,0.16338667248763944,5,0.0,7,0.2432750000498997
B Cells|Classical Monocytes|RPS19|C5AR1,B Cells,Classical Monocytes,RPS19,C5AR1,-0.03492799711982075,-0.07121309163729139,0.0013570973976498799,56,0.05920614525979547,0.2992278581430063,11,0.9744559427417827,33,0.9352607479000966,5,0.9793117452579633,7,0.9750445475360979
Classical Monocytes|CD4 T Cells|VCAN|ITGA4,Classical Monocytes,CD4 T Cells,VCAN,ITGA4,-0.18132312784139087,-0.37023540953876743,0.007589153855985686,56,0.05994110743412787,0.30025823788286954,11,0.4572233316519641,33,0.5029325477983847,5,0.3103670867173296,7,0.5373994307051411
CD4 T Cells|B Cells|CD40LG|CD53,CD4 T Cells,B Cells,CD40LG,CD53,0.16491391861622362,-0.006701283240474115,0.3365291204729214,56,0.05964202214483368,0.30025823788286954,11,0.3101828775671977,33,0.33431641828931746,5,0.5223305551041146,7,0.3815501772100108
pDCs|Non-classical Monocytes|RPS19|C5AR1,pDCs,Non-classical Monocytes,RPS19,C5AR1,-0.029863902786592456,-0.06098436104962432,0.0012565554764394082,44,0.059995562100991516,0.30025823788286954,10,0.9915403906888802,22,0.9664772779915441,5,0.9822897399977023,7,0.9870905300869587
pDCs|B Cells|SELPLG|SELL,pDCs,B Cells,SELPLG,SELL,-0.2043535808929412,-0.4172653698862733,0.008558208100390846,44,0.059947271687799654,0.30025823788286954,10,0.34183650421662665,22,0.3110911171941973,5,0.20035133355951124,7,0.3739595274300231
pDCs|Non-classical Monocytes|SEMA4D|PLXNB2,pDCs,Non-classical Monocytes,SEMA4D,PLXNB2,0.2767288387343872,-0.011653302065003313,0.5651109795337776,37,0.06000411956107998,0.30025823788286954,7,0.10361792310362176,18,0.06931120779993276,5,0.36704220544084887,7,0.056006651402772674
B Cells|Classical Monocytes|HLA-B|LILRB2,B Cells,Classical Monocytes,HLA-B,LILRB2,-0.09477927575220335,-0.1937606227713784,0.004202071266971696,56,0.060551363356315877,0.3023978166035775,11,0.8897899203722951,33,0.8921223168554332,5,0.8258705263860946,7,0.922982198621436
NK Cells|Non-classical Monocytes|HLA-B|LILRB1,NK Cells,Non-classical Monocytes,HLA-B,LILRB1,-0.17100626542705422,-0.35016066560207876,0.008148134747970326,56,0.06136965803489936,0.3042624030993238,11,0.9551010092722325,33,0.8858346555006715,5,0.8163241216218887,7,0.918064033277382
pDCs|Classical Monocytes|HLA-B|LILRB2,pDCs,Classical Monocytes,HLA-B,LILRB2,-0.09580222091292756,-0.19618343425827892,0.004578992432423795,44,0.061406341741454346,0.3042624030993238,10,0.8869108174205298,22,0.8918749743190708,5,0.8108041836956552,7,0.9115705615071238
Non-classical Monocytes|NK Cells|PTDSS1|JMJD6,Non-classical Monocytes,NK Cells,PTDSS1,JMJD6,0.2865432009870528,-0.013475023466202052,0.5865614254403078,46,0.06121571706564914,0.3042624030993238,9,0.11232566764873186,25,0.27481146143968704,5,0.17003353621918899,7,0.04597612902309135
CD8 T Cells|Classical Monocytes|S100A9|CD36,CD8 T Cells,Classical Monocytes,S100A9,CD36,0.3080618772266385,-0.01461054346971774,0.6307342979229948,51,0.06131498132525712,0.3042624030993238,9,0.2329896884585335,32,0.37873119521780246,5,0.34558966842654587,5,0.18326929795917632
Classical Monocytes|Classical Monocytes|PSAP|LRP1,Classical Monocytes,Classical Monocytes,PSAP,LRP1,-0.15438957611567516,-0.31640297203753465,0.007623819806184318,56,0.0617990874851073,0.3050122931149729,11,0.642907589787197,33,0.5051110851706571,5,0.5998184062739992,7,0.6164114777731344
Classical Monocytes|NK Cells|LGALS9|CD44,Classical Monocytes,NK Cells,LGALS9,CD44,-0.21091021875532756,-0.4321910590987683,0.010370621588113221,56,0.061747066146487214,0.3050122931149729,11,0.3390672574252631,33,0.15997048735066455,5,0.2320252988118101,7,0.2638387474925391
B Cells|CD4 T Cells|HLA-B|CD3D,B Cells,CD4 T Cells,HLA-B,CD3D,-0.0030453877170445454,-0.006249703529532252,0.0001589280954431612,56,0.0624969659923648,0.3063283756794624,11,0.9977016829153207,33,0.9970865662309631,5,0.9952806313522355,7,0.9977109023849225
Classical Monocytes|Classical Monocytes|HLA-B|LILRB2,Classical Monocytes,Classical Monocytes,HLA-B,LILRB2,-0.0952360836166426,-0.1953780946854573,0.004905927452172096,56,0.062329297872797014,0.3063283756794624,11,0.8722666761870836,33,0.874652029435667,5,0.8087178146160003,7,0.9063392514812263
Classical Monocytes|CD8 T Cells|HLA-E|CD8B,Classical Monocytes,CD8 T Cells,HLA-E,CD8B,-0.20065762869514148,-0.41174350706577584,0.010428249675492884,56,0.06244311684081344,0.3063283756794624,11,0.5986299382463081,33,0.6540695483802048,5,0.4719121153679815,7,0.7280093541970197
B Cells|CD8 T Cells|CD48|CD2,B Cells,CD8 T Cells,CD48,CD2,-0.17869122439189172,-0.36674619224094374,0.00936374345716029,56,0.06255062993692229,0.3063283756794624,11,0.3858179296963538,33,0.48208215439385416,5,0.3636335192038089,7,0.638588968293201
CD8 T Cells|Non-classical Monocytes|HLA-B|LILRB1,CD8 T Cells,Non-classical Monocytes,HLA-B,LILRB1,-0.18160205898264448,-0.37298231193642317,0.00977819397113422,56,0.06291049901999403,0.30749483756968066,11,0.9540881358896453,33,0.8838283908651515,5,0.801308030565834,7,0.9126503445239847
NK Cells|Non-classical Monocytes|MIF|TNFRSF14,NK Cells,Non-classical Monocytes,MIF,TNFRSF14,0.18679314510875605,-0.010261663195680004,0.3838479534131921,56,0.06318342642666525,0.30813236286635304,11,0.1111906648165276,33,0.16547339977853023,5,0.23044176077237893,7,0.0979313506256255
Classical Monocytes|Non-classical Monocytes|LGALS1|ITGB1,Classical Monocytes,Non-classical Monocytes,LGALS1,ITGB1,-0.07103930794451985,-0.1460100115969776,0.003931395707937907,56,0.06328480266230203,0.30813236286635304,11,0.9012318965253805,33,0.842933575708162,5,0.8734633952013657,7,0.886204382328667
pDCs|Classical Monocytes|CIRBP|TREM1,pDCs,Classical Monocytes,CIRBP,TREM1,-0.11715480593336325,-0.24101581216261886,0.0067062002958923755,44,0.06376123078074207,0.30926032664670866,10,0.611784153632895,22,0.5539706418857294,5,0.6078552408505697,7,0.6671965350367675
Non-classical Monocytes|Non-classical Monocytes|HLA-A|LILRB1,Non-classical Monocytes,Non-classical Monocytes,HLA-A,LILRB1,-0.20397296922524133,-0.41961256249988255,0.011666624049399887,56,0.06374986378864647,0.30926032664670866,11,0.8627437894117623,33,0.776519534625648,5,0.6813696596513477,7,0.7991183740904747
NK Cells|Non-classical Monocytes|VIM|CD44,NK Cells,Non-classical Monocytes,VIM,CD44,-0.19071562450307666,-0.39265333901649974,0.011222090010346408,56,0.064163109050806,0.31061336507928494,11,0.5854416229258615,33,0.5092888543895447,5,0.6224820883897626,7,0.7370449443565225
Classical Monocytes|CD8 T Cells|TIMP2|ITGB1,Classical Monocytes,CD8 T Cells,TIMP2,ITGB1,-0.15097133835830404,-0.31103504282594097,0.009092366109332894,56,0.06451142031689634,0.3107531427911879,11,0.29836431462600604,33,0.307340513014011,5,0.03503072797966289,7,0.19497826472597188
CD4 T Cells|Non-classical Monocytes|SPTAN1|PTPRA,CD4 T Cells,Non-classical Monocytes,SPTAN1,PTPRA,0.33434254894139015,-0.020272602205793633,0.6889577000885739,50,0.06461435567449937,0.3107531427911879,11,0.3550334396169964,27,0.4531482971620174,5,0.5784259082347901,7,0.34219821683842094
Non-classical Monocytes|Classical Monocytes|S100A12|CD36,Non-classical Monocytes,Classical Monocytes,S100A12,CD36,0.27422067429396424,-0.016702769820377883,0.5651441184083064,54,0.06468387538906403,0.3107531427911879,10,0.20897984961761235,32,0.45455540692363305,5,0.25840397452607045,7,0.22975885753812694
NK Cells|Non-classical Monocytes|LRPAP1|LRP1,NK Cells,Non-classical Monocytes,LRPAP1,LRP1,0.08751175654787244,-0.00520470802233261,0.1802282211180775,56,0.06432220626597897,0.3107531427911879,11,0.003145674026995161,33,0.05218449244755397,5,0.03847293812731363,7,0.0
CD4 T Cells|CD8 T Cells|LGALS1|CD69,CD4 T Cells,CD8 T Cells,LGALS1,CD69,0.1582500404412659,-0.00982313466149709,0.3263232155440289,56,0.06497752022475274,0.31157152487277073,11,0.48102064535889055,33,0.6696388656153361,5,0.8246485176605038,7,0.8550166974756835
CD8 T Cells|Non-classical Monocytes|VIM|CD44,CD8 T Cells,Non-classical Monocytes,VIM,CD44,-0.14255097027257357,-0.29419505196717255,0.009093111422025402,56,0.06541115673266211,0.31305680504438854,11,0.745083220995403,33,0.6241139090284542,5,0.7520795632853684,7,0.7736612215909932
CD8 T Cells|CD4 T Cells|TNF|TRADD,CD8 T Cells,CD4 T Cells,TNF,TRADD,-0.1928938328339893,-0.3987339436395517,0.012946277971573134,43,0.06625531924703865,0.3149278753733262,7,0.14732763385000971,24,0.13087261603942688,5,0.04194481254434292,7,0.2183836275677494
Classical Monocytes|B Cells|LGALS9|PTPRC,Classical Monocytes,B Cells,LGALS9,PTPRC,0.175898400341365,-0.01192311871213772,0.3637199193948677,56,0.06642523053976371,0.3149278753733262,11,0.055970334287456486,33,0.20534511505319444,5,0.27716256204610534,7,0.2506389424704783
CD4 T Cells|Classical Monocytes|SELPLG|ITGB2,CD4 T Cells,Classical Monocytes,SELPLG,ITGB2,0.19425600074409505,-0.01308245843866726,0.4015944599268574,56,0.0663139038772258,0.3149278753733262,11,0.3697898730698523,33,0.3496393856329895,5,0.5149706790440212,7,0.30056419086306335
pDCs|NK Cells|LGALS9|CD47,pDCs,NK Cells,LGALS9,CD47,-0.2515463031894876,-0.5201233007152224,0.01703069433624721,43,0.06640484778736935,0.3149278753733262,10,0.3726725623338655,21,0.22073021602375142,5,0.23850756473482893,7,0.3381115216142025
NK Cells|Classical Monocytes|IL16|CD4,NK Cells,Classical Monocytes,IL16,CD4,-0.16922376039159415,-0.3497777224050421,0.011330201621853858,56,0.06621410833402083,0.3149278753733262,11,0.20573065633314103,33,0.04727855748825869,5,0.10123204192387396,7,0.11200370347058576
NK Cells|NK Cells|GNAI2|S1PR4,NK Cells,NK Cells,GNAI2,S1PR4,-0.17224967585131506,-0.3562746522426672,0.01177530054003706,54,0.06657227962082646,0.3150339898910645,11,0.17545557256930785,31,0.1313078711821278,5,0.0,7,0.12810197446413502
Non-classical Monocytes|Non-classical Monocytes|HLA-DPB1|CD4,Non-classical Monocytes,Non-classical Monocytes,HLA-DPB1,CD4,-0.10754014475301732,-0.22256627567225173,0.007485986166217082,56,0.06689064657421756,0.3153594475616563,11,0.7318347492533491,33,0.5814201464042946,5,0.8428372363424398,7,0.7999627782464026
pDCs|Non-classical Monocytes|HLA-DRB1|CD4,pDCs,Non-classical Monocytes,HLA-DRB1,CD4,-0.12308246942819456,-0.25468935577566454,0.008524416919275413,44,0.06680055462357933,0.3153594475616563,10,0.8373534425088724,22,0.7346417900697901,5,0.7207337103398193,7,0.7411045273289315
Non-classical Monocytes|NK Cells|HLA-C|CD8A,Non-classical Monocytes,NK Cells,HLA-C,CD8A,-0.16059990427465598,-0.33287322831879473,0.011673419769482801,42,0.06767650002959558,0.3181688119025012,8,0.6294970355236261,22,0.5077756992980508,5,0.8913695275316329,7,0.9302480955807135
B Cells|CD4 T Cells|LRPAP1|SORL1,B Cells,CD4 T Cells,LRPAP1,SORL1,0.0326495801911386,-0.002381065063627022,0.06768022544590423,56,0.06773835409716883,0.3181688119025012,11,0.0,33,0.0326495801911386,5,0.0,7,0.0
NK Cells|Classical Monocytes|SELPLG|ITGAM,NK Cells,Classical Monocytes,SELPLG,ITGAM,-0.18134443702658137,-0.3762060288718375,0.013517154818674743,56,0.06815127945978651,0.3193506281612418,11,0.31053833774015493,33,0.24009913669480779,5,0.0863175746193086,7,0.19722281060054286
Classical Monocytes|Classical Monocytes|APP|NOTCH2,Classical Monocytes,Classical Monocytes,APP,NOTCH2,0.038509024917016174,-0.0028935599713143384,0.07991160980534669,55,0.06830562361332175,0.3193506281612418,11,0.0,32,0.038509024917016174,5,0.0,7,0.0
Classical Monocytes|Classical Monocytes|PKM|CD44,Classical Monocytes,Classical Monocytes,PKM,CD44,-0.09540587984464644,-0.1980041112703318,0.007192351581038939,56,0.06836908976463467,0.3193506281612418,11,0.7393764401429326,33,0.6358357217309002,5,0.6962685780777249,7,0.688133739510339
NK Cells|NK Cells|GNAI2|S1PR5,NK Cells,NK Cells,GNAI2,S1PR5,-0.19427373336806986,-0.4032960369121865,0.014748570176046832,56,0.06850517364705828,0.3193958926312108,11,0.3212211912606497,33,0.28614390000444856,5,0.11555931156939551,7,0.27475575368126426
Non-classical Monocytes|Classical Monocytes|HLA-DMA|CD4,Non-classical Monocytes,Classical Monocytes,HLA-DMA,CD4,0.1827853833317969,-0.014984140091454379,0.38055490675504816,56,0.07006874694589611,0.3248875661142743,11,0.17483588796744665,33,0.30630203950794427,5,0.23151833994734847,7,0.1801991081560492
B Cells|CD4 T Cells|HLA-DPB1|CD4,B Cells,CD4 T Cells,HLA-DPB1,CD4,-0.1691845518086062,-0.35221653668265385,0.01384743306544145,56,0.07003545132395148,0.3248875661142743,11,0.6800661505561312,33,0.5797197563847829,5,0.46039356221275635,7,0.5292317198500143
pDCs|CD8 T Cells|HLA-B|KLRD1,pDCs,CD8 T Cells,HLA-B,KLRD1,-0.2806286316882344,-0.5842133310905082,0.02295606771403952,43,0.0700235956705436,0.3248875661142743,10,0.978690878927291,22,0.9776100034855727,5,0.6611978802007736,6,0.9407456364472897
B Cells|Non-classical Monocytes|HLA-DQA1|CD4,B Cells,Non-classical Monocytes,HLA-DQA1,CD4,-0.1881183418947584,-0.39189299001574407,0.015656306226227296,56,0.0703924436184672,0.32504499059676367,11,0.5884634843978843,33,0.5342776978772936,5,0.544315178636747,7,0.6782477340109148
pDCs|Classical Monocytes|S100A9|CD68,pDCs,Classical Monocytes,S100A9,CD68,0.2884900396467997,-0.024116755734255924,0.6010968350278554,40,0.07048858521845132,0.32504499059676367,6,0.300084821553727,22,0.42294443656416436,5,0.4208932201646764,7,0.25526279552831405
Non-classical Monocytes|Non-classical Monocytes|LGALS1|ITGB1,Non-classical Monocytes,Non-classical Monocytes,LGALS1,ITGB1,-0.07392202479266807,-0.15398201974816444,0.006137970162828285,56,0.07034245163508954,0.32504499059676367,11,0.8675739832594919,33,0.8198150888780772,5,0.8334200607959728,7,0.8595831912072261
CD4 T Cells|Classical Monocytes|ICAM3|ITGAL,CD4 T Cells,Classical Monocytes,ICAM3,ITGAL,-0.1992914473143611,-0.4155838696816404,0.0170009750529182,53,0.07093282449115428,0.32566550009849066,10,0.5374855548932738,31,0.35533199111126723,5,0.4204124657053997,7,0.43755034923775427
NK Cells|NK Cells|HLA-E|CD8A,NK Cells,NK Cells,HLA-E,CD8A,-0.1682032642492962,-0.35070879151961526,0.014302263021022832,42,0.07086070916098784,0.32566550009849066,8,0.535270892817358,22,0.435035980255615,5,0.8275313361866011,7,0.8954996878741545
B Cells|Classical Monocytes|HLA-DOB|CD4,B Cells,Classical Monocytes,HLA-DOB,CD4,-0.152283669421183,-0.3176032844919552,0.013035945649589209,56,0.07100977069816714,0.32566550009849066,11,0.37188769088153056,33,0.2395835405936292,5,0.2897465905259087,7,0.3097261096591903
Classical Monocytes|CD8 T Cells|HLA-B|KLRD1,Classical Monocytes,CD8 T Cells,HLA-B,KLRD1,-0.26697622475557337,-0.5572398090526209,0.02328735954147415,55,0.07143229886610304,0.3265620618905859,11,0.9699060102039353,33,0.9694291265214975,5,0.6717345328036352,6,0.9382338738767707
Classical Monocytes|CD4 T Cells|S100A8|ITGB2,Classical Monocytes,CD4 T Cells,S100A8,ITGB2,-0.0054159001785493155,-0.011304862646211562,0.0004730622891129313,56,0.07146371991511437,0.3265620618905859,11,0.9965331610507533,33,0.994259015198463,5,0.9923358991602951,7,0.9954776534865541
B Cells|Classical Monocytes|PKM|CD44,B Cells,Classical Monocytes,PKM,CD44,-0.14146047249204807,-0.2955157413308743,0.012594796346778153,56,0.07190375099132695,0.32797974504527655,11,0.5057722720492094,33,0.36017298105260476,5,0.5060097677552708,7,0.5018709492507143
NK Cells|CD8 T Cells|B2M|KLRD1,NK Cells,CD8 T Cells,B2M,KLRD1,-0.027953629108151357,-0.05855070599973078,0.002643447783428069,55,0.07335236156798808,0.3304125092376219,11,0.9987916792983905,33,0.9964578999839918,5,0.9585219500792084,6,0.984141799872961
B Cells|CD8 T Cells|HLA-B|KLRD1,B Cells,CD8 T Cells,HLA-B,KLRD1,-0.2729950628580403,-0.5714699543541797,0.025479828638099056,55,0.0730291865214662,0.3304125092376219,11,0.9803195293970156,33,0.9782873990923078,5,0.6796818865056926,6,0.9506448190590251
Classical Monocytes|B Cells|CD99|CD81,Classical Monocytes,B Cells,CD99,CD81,-0.19434178056559023,-0.4066884350322001,0.018004873901019597,51,0.07284850941093138,0.3304125092376219,11,0.1978755766573916,29,0.26266096829325436,5,0.08577022221676747,6,0.3448973944182205
CD8 T Cells|Non-classical Monocytes|HLA-F|LILRB1,CD8 T Cells,Non-classical Monocytes,HLA-F,LILRB1,0.1739233057775963,-0.016302154073003866,0.3641487656281964,56,0.07313347855007288,0.3304125092376219,11,0.23725780722033446,33,0.2766728169964972,5,0.4464333369590632,7,0.31192504095762963
CD8 T Cells|NK Cells|HLA-C|CD8A,CD8 T Cells,NK Cells,HLA-C,CD8A,-0.11890638172175838,-0.24893667201767936,0.011123908574162594,42,0.0730862328563478,0.3304125092376219,8,0.7327347800855445,22,0.6525710116632011,5,0.9342833851408086,7,0.9730259984402235
pDCs|CD4 T Cells|S100A9|ITGB2,pDCs,CD4 T Cells,S100A9,ITGB2,0.25407396769065727,-0.02396666387846047,0.532114599259775,40,0.07329037756108489,0.3304125092376219,6,0.19307240305723283,22,0.3662977284615765,5,0.31325834278165526,7,0.23240970049534168
Non-classical Monocytes|B Cells|MIF|TNFRSF14,Non-classical Monocytes,B Cells,MIF,TNFRSF14,0.1646416785979937,-0.01539188181921805,0.34467523901520547,56,0.0730692644856648,0.3304125092376219,11,0.37284318541105255,33,0.34702980083006385,5,0.3518905925467322,7,0.16143552936774982
pDCs|Non-classical Monocytes|HLA-DPB1|CD4,pDCs,Non-classical Monocytes,HLA-DPB1,CD4,-0.11051622857909305,-0.23174598526204693,0.010713528103860823,44,0.07397715698210476,0.3320431184614187,10,0.8025745752347413,22,0.6972964086480193,5,0.7503513423199998,7,0.7555894043123709
CD8 T Cells|Classical Monocytes|SELPLG|ITGB2,CD8 T Cells,Classical Monocytes,SELPLG,ITGB2,0.19371033911561564,-0.01874925353174442,0.40616993176297567,56,0.07393749158344062,0.3320431184614187,11,0.28215065122655364,33,0.3230998199008556,5,0.5227087364893604,7,0.3699475660480468
pDCs|Classical Monocytes|HLA-DPB1|CD4,pDCs,Classical Monocytes,HLA-DPB1,CD4,-0.12630544878323713,-0.265173517769099,0.012562620202624719,44,0.07464216042946822,0.33370621547065765,10,0.7986054139828797,22,0.6202992987574227,5,0.756487006976333,7,0.7044863405341132
CD4 T Cells|B Cells|CD99|CD81,CD4 T Cells,B Cells,CD99,CD81,-0.18899041623524754,-0.3967025872704355,0.0187217547999404,51,0.07453646736221678,0.33370621547065765,11,0.5501873625362378,29,0.46918010966819357,5,0.37664290882102874,6,0.48462607218823206
pDCs|Non-classical Monocytes|HLA-DRA|CD4,pDCs,Non-classical Monocytes,HLA-DRA,CD4,-0.05704667396026397,-0.11978929858824786,0.005695950667719912,44,0.07474385356406499,0.33370621547065765,10,0.9249752622933853,22,0.8665152975281086,5,0.8850564316116692,7,0.8836431408066565
pDCs|B Cells|VIM|CD44,pDCs,B Cells,VIM,CD44,-0.07771367203459256,-0.16326788522431207,0.007840541155126945,44,0.07501955010470138,0.3337577519622894,10,0.8336841779360536,22,0.7956723738594512,5,0.7605930930977527,7,0.8002949610557428
Non-classical Monocytes|pDCs|HLA-DPA1|CD4,Non-classical Monocytes,pDCs,HLA-DPA1,CD4,-0.11415995221138919,-0.23979720341830854,0.011477298995530155,43,0.07492616925252935,0.3337577519622894,10,0.8802950287215306,21,0.7217979878643025,5,0.914867872015833,7,0.8705307833699941
pDCs|Classical Monocytes|S100A9|CD36,pDCs,Classical Monocytes,S100A9,CD36,0.26893536180968525,-0.02760291627912642,0.565473639898497,40,0.07548222250207742,0.33509477127940557,6,0.24606389219475036,22,0.386811019468027,5,0.3221456741555163,7,0.1939574396191077
Non-classical Monocytes|Classical Monocytes|LGALS1|ITGB1,Non-classical Monocytes,Classical Monocytes,LGALS1,ITGB1,-0.09121231042409161,-0.19182191452856512,0.009397293680381877,56,0.07558528675475314,0.33509477127940557,11,0.7454526513617019,33,0.713424706042791,5,0.7017370234551029,7,0.7609213885602836
Non-classical Monocytes|Classical Monocytes|ADAM10|IL6R,Non-classical Monocytes,Classical Monocytes,ADAM10,IL6R,0.20426606517996415,-0.02174796003719759,0.4302800903971259,52,0.07649943867720613,0.33796168100926555,11,0.0,29,0.1285112801958597,5,0.1789441966412934,7,0.10318941165718895
Classical Monocytes|Non-classical Monocytes|HMGB1|TLR2,Classical Monocytes,Non-classical Monocytes,HMGB1,TLR2,-0.2141039940846171,-0.45090841702098006,0.022700428851745807,56,0.07638146372249276,0.33796168100926555,11,0.4984751900591528,33,0.3498323162407173,5,0.3373998039860261,7,0.40286092425220765
Non-classical Monocytes|NK Cells|HLA-E|CD8A,Non-classical Monocytes,NK Cells,HLA-E,CD8A,-0.17475861003418414,-0.3683804139934096,0.01886319392504132,42,0.07689076281211193,0.3390976572883191,8,0.4147919334508022,22,0.396078059655713,5,0.6371118104187983,7,0.7931565466578933
Non-classical Monocytes|NK Cells|ICAM3|ITGAL,Non-classical Monocytes,NK Cells,ICAM3,ITGAL,0.16658330251026257,-0.018223354443101525,0.35138995946362667,56,0.0772790704574917,0.3399171941518482,11,0.2062256976875406,33,0.2784850752293846,5,0.4161356263402631,7,0.3218117013718445
Non-classical Monocytes|NK Cells|LGALS9|PTPRC,Non-classical Monocytes,NK Cells,LGALS9,PTPRC,-0.12886763224350173,-0.2721154155449005,0.014380151057897056,56,0.07786508490326673,0.3399171941518482,11,0.6135263139433702,33,0.6159371501861349,5,0.5980552914033306,7,0.729333759889597
pDCs|NK Cells|HLA-E|CD8A,pDCs,NK Cells,HLA-E,CD8A,-0.22087177548502357,-0.46625695035852044,0.024513399388473328,31,0.07770366293855953,0.3399171941518482,7,0.3481739293987301,12,0.39470835559741557,5,0.39832948402501045,7,0.6657356857087194
Classical Monocytes|Non-classical Monocytes|ANXA2|TLR2,Classical Monocytes,Non-classical Monocytes,ANXA2,TLR2,-0.2137269470693416,-0.4510016660809726,0.02354777194228938,56,0.07748783656091984,0.3399171941518482,11,0.4920221388573477,33,0.3636560357471022,5,0.31343332079820796,7,0.39879416475730406
CD4 T Cells|CD8 T Cells|LGALS1|ITGB1,CD4 T Cells,CD8 T Cells,LGALS1,ITGB1,0.20495854573031924,-0.02251525059630602,0.4324323420569445,56,0.0774012745537274,0.3399171941518482,11,0.2303341874682115,33,0.2647703201126748,5,0.4769113087607531,7,0.3063888956748972
Classical Monocytes|B Cells|MIF|CD44_CD74,Classical Monocytes,B Cells,MIF,CD44_CD74,0.23799667218773587,-0.026574248003952944,0.5025675923794247,56,0.07788367843843295,0.3399171941518482,11,0.16241631019055977,33,0.26055252842950294,5,0.3058820340399578,7,0.16602158009116508
Classical Monocytes|Non-classical Monocytes|HLA-F|LILRB1,Classical Monocytes,Non-classical Monocytes,HLA-F,LILRB1,-0.18934594482373737,-0.39999925039521417,0.021307360747739423,56,0.07811734645236651,0.34034919738815544,11,0.17896545993692736,33,0.174335200018606,5,0.03350621678181711,7,0.21822190168723313
Classical Monocytes|CD8 T Cells|SELPLG|ITGB2,Classical Monocytes,CD8 T Cells,SELPLG,ITGB2,0.18430843733725594,-0.020916772896559827,0.3895336475710717,56,0.0783735021252755,0.34036444308642966,11,0.29169187068129665,33,0.35227810773447976,5,0.4158473995401547,7,0.2921251992560819
Classical Monocytes|Classical Monocytes|HLA-DQB1|CD4,Classical Monocytes,Classical Monocytes,HLA-DQB1,CD4,0.20984005268939618,-0.024038257848098404,0.44371836322689073,55,0.07865961011573998,0.34036444308642966,11,0.1666804009794749,32,0.2875812526507363,5,0.245054562648513,7,0.15611536163037823
pDCs|Non-classical Monocytes|HLA-C|LILRB1,pDCs,Non-classical Monocytes,HLA-C,LILRB1,-0.20457488435793492,-0.4325730704862212,0.023423301770351318,44,0.07864413457801549,0.34036444308642966,10,0.8324688980015328,22,0.7731824874045425,5,0.5953594003154461,7,0.7406478740763908
Non-classical Monocytes|CD8 T Cells|ICAM1|IL2RG,Non-classical Monocytes,CD8 T Cells,ICAM1,IL2RG,0.1712622521417147,-0.019484612885380503,0.3620091171688099,47,0.07844927000691918,0.34036444308642966,9,0.3665145827145715,26,0.40964928953287316,5,0.5526083253260144,7,0.4244807800026014
Classical Monocytes|NK Cells|GNAI2|S1PR5,Classical Monocytes,NK Cells,GNAI2,S1PR5,0.1836765407949809,-0.021231363920975743,0.38858444551093757,56,0.07893759543404442,0.3409834250629577,11,0.0587938708773047,33,0.14935846870738653,5,0.2601199580460519,7,0.16700801508115284
pDCs|Classical Monocytes|HLA-DQA1|CD4,pDCs,Classical Monocytes,HLA-DQA1,CD4,0.22649434700796978,-0.02630073920816034,0.4792894332240999,43,0.0790799041049759,0.3410152178724814,10,0.22349765393121174,22,0.33238249803477404,5,0.3726807968013402,6,0.2550712938969327
Classical Monocytes|Classical Monocytes|ICAM3|ITGAL,Classical Monocytes,Classical Monocytes,ICAM3,ITGAL,-0.14771212782576798,-0.31296101834315293,0.01753676269161694,53,0.07977964102316963,0.34308538752295537,10,0.23585373268714122,31,0.1731074670891457,5,0.03364932317854037,7,0.11861518540631284
Classical Monocytes|Non-classical Monocytes|PSEN1|NOTCH2,Classical Monocytes,Non-classical Monocytes,PSEN1,NOTCH2,0.06818240361366465,-0.008397972423183825,0.14476277965051312,56,0.08097964278946783,0.34308538752295537,11,0.0,33,0.030078738653906378,5,0.038103664959758275,7,0.0
Classical Monocytes|CD8 T Cells|GNAI2|S1PR4,Classical Monocytes,CD8 T Cells,GNAI2,S1PR4,0.1769567473624784,-0.021599976249404018,0.37551347097436083,55,0.08068080516556889,0.34308538752295537,11,0.4297791686607653,32,0.33856475829024457,5,0.4692005753150628,7,0.2010294175820637
Classical Monocytes|Non-classical Monocytes|HLA-A|LILRB1,Classical Monocytes,Non-classical Monocytes,HLA-A,LILRB1,-0.21246385472526386,-0.4504325965700494,0.02550488711952173,56,0.08013556930603621,0.34308538752295537,11,0.8153360774261734,33,0.7382069037610544,5,0.6244547265054504,7,0.7597894075655952
NK Cells|CD8 T Cells|LGALS1|ITGB1,NK Cells,CD8 T Cells,LGALS1,ITGB1,0.2561818486572961,-0.03162358957126565,0.5439872868858578,56,0.08105341367281534,0.34308538752295537,11,0.30324244117958254,33,0.5448738756074444,5,0.3701205626225053,7,0.35557014839307105
NK Cells|CD8 T Cells|CALM1|PTPRA,NK Cells,CD8 T Cells,CALM1,PTPRA,-0.1547457751292609,-0.3281153248362096,0.01862377457768777,55,0.08021845781281679,0.34308538752295537,11,0.43883433678478295,32,0.40457459742571417,5,0.28174831030285424,7,0.40223434607304637
pDCs|Non-classical Monocytes|GNAS|ADCY7,pDCs,Non-classical Monocytes,GNAS,ADCY7,0.17973900729343284,-0.021836374971241385,0.38131438955810704,44,0.08052571404513216,0.34308538752295537,10,0.4163410784931201,22,0.42945215830139477,5,0.5159661303740664,7,0.3493382028889082
CD4 T Cells|Classical Monocytes|HLA-DPA1|CD4,CD4 T Cells,Classical Monocytes,HLA-DPA1,CD4,0.12276554151908659,-0.015122082237613771,0.26065316527578697,56,0.08098217193330762,0.34308538752295537,11,0.024557790392281727,33,0.08182566510181057,5,0.0942279570440245,7,0.028730290234466747
NK Cells|NK Cells|TGFB1|ITGB1,NK Cells,NK Cells,TGFB1,ITGB1,-0.17294949743950752,-0.36711219569459763,0.02121320081558256,56,0.08084074464094072,0.34308538752295537,11,0.172998710133451,33,0.17366236022822068,5,0.16851389472384723,7,0.34212704225812446
Classical Monocytes|B Cells|LGALS9|CD47,Classical Monocytes,B Cells,LGALS9,CD47,-0.1954626293104164,-0.4142765933679607,0.02335133474712786,56,0.0799801890395806,0.34308538752295537,11,0.41063160693337414,33,0.21725024410130145,5,0.2343849394739494,7,0.2364662059522931
CD8 T Cells|NK Cells|ICAM3|ITGAL,CD8 T Cells,NK Cells,ICAM3,ITGAL,0.1885486719884,-0.023154530376455706,0.4002518743532557,56,0.0808808959196717,0.34308538752295537,11,0.153004204689326,33,0.20958782427981182,5,0.37033175216534975,7,0.23836669976743557
pDCs|Non-classical Monocytes|HLA-A|LILRB2,pDCs,Non-classical Monocytes,HLA-A,LILRB2,-0.07253535710993508,-0.15410000350036523,0.009029289280495054,44,0.08133466659042514,0.34368586232502285,10,0.9064047701686494,22,0.8989322570719221,5,0.8345846103896672,7,0.8996474544028751
Classical Monocytes|B Cells|HLA-A|APLP2,Classical Monocytes,B Cells,HLA-A,APLP2,-0.23976190808507725,-0.509607432082525,0.03008361591237052,51,0.08160329141076918,0.34368586232502285,11,0.7241796315857012,30,0.6182619691654903,5,0.5248278018580287,5,0.658672047522895
B Cells|Classical Monocytes|CD22|PTPRC,B Cells,Classical Monocytes,CD22,PTPRC,-0.16229062611035394,-0.344886810640703,0.020305558419995096,56,0.08150726675501803,0.34368586232502285,11,0.44925384532509227,33,0.42343992865290075,5,0.36521963272262414,7,0.5016963421607866
Non-classical Monocytes|CD4 T Cells|HLA-DPB1|CD4,Non-classical Monocytes,CD4 T Cells,HLA-DPB1,CD4,-0.18037671752212403,-0.38364774834392734,0.02289431329967928,56,0.08199708679133141,0.34476978090132193,11,0.5238994040981203,33,0.365428520894623,5,0.3968612933789212,7,0.4187671276975479
Non-classical Monocytes|CD4 T Cells|HLA-DRA|CD4,Non-classical Monocytes,CD4 T Cells,HLA-DRA,CD4,-0.1363951415158391,-0.290394025568163,0.017603742536484834,56,0.08257818504933005,0.34610794759502667,11,0.7334255044824626,33,0.613568952714592,5,0.5910703650697766,7,0.6076089548177451
pDCs|Classical Monocytes|LRPAP1|LRP1,pDCs,Classical Monocytes,LRPAP1,LRP1,-0.12616699604725348,-0.26862279126763966,0.016288799173132668,43,0.08258927281353426,0.34610794759502667,9,0.08042040539151873,22,0.03588240537403558,5,0.0,7,0.08162899602977032
Non-classical Monocytes|Non-classical Monocytes|S100A12|CD36,Non-classical Monocytes,Non-classical Monocytes,S100A12,CD36,0.2685041990179342,-0.03496996395049784,0.5719783619863663,54,0.08289799524334725,0.34682654632440146,10,0.2060270178877528,32,0.36877258373581406,5,0.2388887241578157,7,0.13313009098794276
CD8 T Cells|Classical Monocytes|HLA-DPB1|CD4,CD8 T Cells,Classical Monocytes,HLA-DPB1,CD4,0.1995022960833051,-0.026171751031105306,0.4251763431977155,56,0.08315539250557696,0.34732839150676525,11,0.21775064956824997,33,0.3235503917471297,5,0.3304729401616497,7,0.2367703862572243
pDCs|Classical Monocytes|PTPN6|CLEC12A,pDCs,Classical Monocytes,PTPN6,CLEC12A,-0.22462847715229256,-0.47888147602684283,0.029624521722257713,43,0.08334534422407518,0.34754733474296695,10,0.3005680032518607,21,0.3351471682963102,5,0.11535411044771875,7,0.3745617526444608
NK Cells|Non-classical Monocytes|LRPAP1|SORL1,NK Cells,Non-classical Monocytes,LRPAP1,SORL1,0.08872206840428482,-0.011790624470351133,0.18923476127892075,51,0.08362121011641488,0.3481232256411539,11,0.0,29,0.0389906794986627,5,0.04973138890562212,6,0.0
Non-classical Monocytes|Classical Monocytes|COPA|CD74,Non-classical Monocytes,Classical Monocytes,COPA,CD74,-0.14113041914867197,-0.30112372787196495,0.018862889574620983,56,0.08382911181960818,0.3484147460002465,11,0.47630712022061844,33,0.4565603028327044,5,0.45732521984768304,7,0.578708821608441
NK Cells|Non-classical Monocytes|GNAS|ADCY7,NK Cells,Non-classical Monocytes,GNAS,ADCY7,-0.13329586233931084,-0.2845024333327396,0.017910708654117896,56,0.08402364129828489,0.3486498219388603,11,0.032599760590762396,33,0.08008562662079101,5,0.009434839220223524,7,0.19021656758956298
CD8 T Cells|B Cells|TIMP1|CD63,CD8 T Cells,B Cells,TIMP1,CD63,0.20281185764442586,-0.027835134105379855,0.43345884939423157,48,0.08481080022550011,0.35026920083090596,11,0.045214309714326266,27,0.1592189311769777,5,0.11795614984125402,5,0.02914891365947958
Non-classical Monocytes|CD8 T Cells|HLA-B|KLRD1,Non-classical Monocytes,CD8 T Cells,HLA-B,KLRD1,-0.25372485532516487,-0.5424819842381422,0.03503227358781247,55,0.08503702569172214,0.35026920083090596,11,0.9873632346835606,33,0.9800901685235164,5,0.7045686843677141,6,0.9510204735328348
Classical Monocytes|CD8 T Cells|SELPLG|SELL,Classical Monocytes,CD8 T Cells,SELPLG,SELL,-0.2123569242855199,-0.4540885610341282,0.029374712463088426,56,0.0851069605501291,0.35026920083090596,11,0.1992168896630809,33,0.22634028275726423,5,0.03674891896251457,7,0.2762292363422178
B Cells|CD4 T Cells|HLA-DMB|CD4,B Cells,CD4 T Cells,HLA-DMB,CD4,0.1337290437537278,-0.01842963780335652,0.2858877253108121,56,0.0849661601692514,0.35026920083090596,11,0.3387896813357332,33,0.43152884314675705,5,0.5566444425017373,7,0.5156545605590334
Non-classical Monocytes|B Cells|TNFSF13B|TNFRSF13C,Non-classical Monocytes,B Cells,TNFSF13B,TNFRSF13C,-0.21078172404660783,-0.45041121020249464,0.028847762109279,51,0.0847053167418207,0.35026920083090596,11,0.4415472108969517,29,0.3811609445815398,5,0.26379432773475714,6,0.4141897854659531
CD4 T Cells|CD4 T Cells|CD47|SIRPG,CD4 T Cells,CD4 T Cells,CD47,SIRPG,-0.17861952284208454,-0.38229831773850537,0.02505927205433628,53,0.08564657540456934,0.35134561046647195,11,0.14048184215180395,30,0.10512887380018837,5,0.0,7,0.14326655449046896
CD4 T Cells|CD4 T Cells|SIRPG|CD47,CD4 T Cells,CD4 T Cells,SIRPG,CD47,-0.17861952284208454,-0.38229831773850537,0.02505927205433628,53,0.08564657540456934,0.35134561046647195,11,0.14048184215180395,30,0.10512887380018837,5,0.0,7,0.14326655449046896
CD8 T Cells|CD8 T Cells|CD48|CD2,CD8 T Cells,CD8 T Cells,CD48,CD2,-0.15289817830909436,-0.32783542798668197,0.02203907136849323,56,0.08670474291241781,0.3545354131710029,11,0.48482105848312496,33,0.5086069822655941,5,0.5261967080712562,7,0.7028808101628197
pDCs|Classical Monocytes|HLA-DQB1|CD4,pDCs,Classical Monocytes,HLA-DQB1,CD4,-0.22355397765558882,-0.4792554725685702,0.032147517257392566,44,0.08661108090412782,0.3545354131710029,10,0.5124116016463371,22,0.4260682684291703,5,0.21059454649266657,7,0.3478051909310885
NK Cells|NK Cells|MIF|TNFRSF14,NK Cells,NK Cells,MIF,TNFRSF14,0.19587932080986764,-0.028388042466268165,0.4201466840860034,56,0.08692075747499727,0.35484451395689515,11,0.16633324121027224,33,0.2265297741159851,5,0.29308380250857596,7,0.15740101460442119
NK Cells|Classical Monocytes|PKM|CD44,NK Cells,Classical Monocytes,PKM,CD44,-0.1254920398918078,-0.2695303695294705,0.0185462897458549,56,0.08771055378782376,0.3559134562993126,11,0.49695216636744965,33,0.38928420939069003,5,0.5092427196763223,7,0.5270668025913704
pDCs|Classical Monocytes|SELPLG|SELL,pDCs,Classical Monocytes,SELPLG,SELL,0.2428056205840971,-0.03590300532461049,0.5215142464928046,44,0.08773229432528276,0.3559134562993126,10,0.2369943447758847,22,0.3840130699940976,5,0.2590246572245617,7,0.1632377618586775
CD8 T Cells|NK Cells|CD48|CD2,CD8 T Cells,NK Cells,CD48,CD2,-0.190852792626779,-0.409935919887442,0.02823033463388397,56,0.08774597676077237,0.3559134562993126,11,0.3236315649017128,33,0.32013344714798875,5,0.49630504933403763,7,0.6836597242070926
B Cells|NK Cells|CD48|CD2,B Cells,NK Cells,CD48,CD2,-0.21831048537619113,-0.46861717008090126,0.03199619932851899,56,0.08737211705993952,0.3559134562993126,11,0.23071263976196696,33,0.31757316195083035,5,0.3182415174510774,7,0.623412525016132
Non-classical Monocytes|Classical Monocytes|PSEN1|NOTCH2,Non-classical Monocytes,Classical Monocytes,PSEN1,NOTCH2,0.058158156175498577,-0.008676584132433926,0.12499289648343108,56,0.08809774969586386,0.35676764981001274,11,0.0,33,0.03219735411418705,5,0.025960802061311527,7,0.0
Classical Monocytes|Classical Monocytes|GNAI2|C5AR1,Classical Monocytes,Classical Monocytes,GNAI2,C5AR1,0.21054916033505744,-0.03164463336383419,0.45274295403394904,56,0.08840380904356201,0.35743428072492994,11,0.1295861172417868,33,0.24141904043545298,5,0.21301775924657398,7,0.11430152210518271
Classical Monocytes|B Cells|LTB|CD40,Classical Monocytes,B Cells,LTB,CD40,-0.19775096665835218,-0.4257884044982576,0.03028647118155328,55,0.08919600253491552,0.3577750768344945,11,0.20026724935990553,33,0.14458535078460458,5,0.05076147361100132,6,0.19283054169405256
CD8 T Cells|NK Cells|CLEC2B|KLRF1,CD8 T Cells,NK Cells,CLEC2B,KLRF1,-0.2022998096859693,-0.4354957222970969,0.030896102925158264,55,0.0890766623438659,0.3577750768344945,11,0.6647202272217285,33,0.5615003213253705,5,0.21933026170320638,6,0.3184101654928177
Classical Monocytes|B Cells|VCAN|SELL,Classical Monocytes,B Cells,VCAN,SELL,-0.061322902423302184,-0.13194826499616089,0.009302460149556518,56,0.08879170315197037,0.3577750768344945,11,0.8502124101289978,33,0.8135140416236357,5,0.8517031723579643,7,0.8763277062759044
CD4 T Cells|CD8 T Cells|HLA-B|KLRD1,CD4 T Cells,CD8 T Cells,HLA-B,KLRD1,-0.24615008452362064,-0.5299725841471208,0.037672415099879564,55,0.0891660219954737,0.3577750768344945,11,0.9888888454549408,33,0.9820563315572448,5,0.7165090846350459,6,0.9558266552609705
B Cells|Classical Monocytes|HLA-DPA1|CD4,B Cells,Classical Monocytes,HLA-DPA1,CD4,-0.08314277946906135,-0.17899762399034524,0.012712065052222568,56,0.08912382675188986,0.3577750768344945,11,0.8248379300568168,33,0.69365786150709,5,0.8544544696504233,7,0.8064171805697578
pDCs|Non-classical Monocytes|PTPN6|CD300LF,pDCs,Non-classical Monocytes,PTPN6,CD300LF,-0.1708074673229004,-0.3680692054281953,0.026454270782394568,43,0.08967431758215917,0.35866015756212904,10,0.14783001528376993,21,0.08681577902657749,5,0.0,7,0.10979323106570794
Non-classical Monocytes|NK Cells|CLEC2B|KLRF1,Non-classical Monocytes,NK Cells,CLEC2B,KLRF1,-0.23803685149970566,-0.5129627627458248,0.03688905974641343,55,0.08970052219203227,0.35866015756212904,11,0.669723760126583,33,0.4868350660291751,5,0.18965686399869408,6,0.2448050214009919
Classical Monocytes|pDCs|MIF|CD44_CD74,Classical Monocytes,pDCs,MIF,CD44_CD74,0.2236813570257222,-0.03479054017341879,0.4821532542248632,44,0.08985726032153635,0.3587192682978236,10,0.18322168474734307,22,0.24633444498503076,5,0.3212252473139542,7,0.16065665052591968
pDCs|CD8 T Cells|S100A9|ITGB2,pDCs,CD8 T Cells,S100A9,ITGB2,0.19926497805402604,-0.03134952042238426,0.42987947653043634,40,0.09035495211999817,0.3599491336982354,6,0.5153557634548839,22,0.632224875350594,5,0.5420266873057555,7,0.45963082114743964
CD8 T Cells|NK Cells|HLA-E|CD8A,CD8 T Cells,NK Cells,HLA-E,CD8A,-0.16540465128633508,-0.35688833603339554,0.026079033460725348,42,0.09045021760917273,0.3599491336982354,8,0.4807502623237748,22,0.40902806866451874,5,0.781653019063783,7,0.875335476690862
B Cells|Non-classical Monocytes|LRPAP1|SORL1,B Cells,Non-classical Monocytes,LRPAP1,SORL1,0.25999890983435636,-0.04177456982267086,0.5617723894913835,51,0.09128734062268612,0.36103382603786116,11,0.08338949857435413,29,0.21682166979775916,5,0.23267139035958245,6,0.10610465174863114
CD4 T Cells|CD8 T Cells|TIMP1|CD63,CD4 T Cells,CD8 T Cells,TIMP1,CD63,0.1574050079162392,-0.025093825762982913,0.33990384159546133,56,0.09093876100912046,0.36103382603786116,11,0.17076819841604626,33,0.29187668176195325,5,0.3094011736955755,7,0.2731046491252433
Classical Monocytes|CD4 T Cells|ICAM1|IL2RG,Classical Monocytes,CD4 T Cells,ICAM1,IL2RG,0.16989220450110554,-0.027200448292027696,0.3669848572942388,46,0.09112893190411953,0.36103382603786116,10,0.3754829245946298,24,0.4191793686876723,5,0.5272736541771292,7,0.4010778937690662
CD4 T Cells|Classical Monocytes|HLA-C|LILRB2,CD4 T Cells,Classical Monocytes,HLA-C,LILRB2,-0.06077513250966493,-0.13131664203036392,0.00976637701103407,56,0.09129426784257748,0.36103382603786116,11,0.8760280875265704,33,0.8731306011144957,5,0.8301625076448227,7,0.888040153742413
Non-classical Monocytes|Classical Monocytes|LRPAP1|SORL1,Non-classical Monocytes,Classical Monocytes,LRPAP1,SORL1,-0.13500904179744674,-0.29197731383732856,0.02195923024243507,54,0.09183954897567402,0.3614930533668665,11,0.2335548543098334,31,0.10011588567960904,5,0.062223595669465094,7,0.06379366883668745
pDCs|Classical Monocytes|SELPLG|ITGAM,pDCs,Classical Monocytes,SELPLG,ITGAM,-0.1984738104434566,-0.4291295318013181,0.03218191091440489,44,0.09169899587175628,0.3614930533668665,10,0.29906905016120644,22,0.23907307587826312,5,0.1979737268708128,7,0.3364515630313261
pDCs|Non-classical Monocytes|GNAI2|C5AR1,pDCs,Non-classical Monocytes,GNAI2,C5AR1,0.1483760491541447,-0.02407983232026889,0.3208319306285583,44,0.0917387459595108,0.3614930533668665,10,0.06773067237298054,22,0.2264319443097522,5,0.08493626885154618,7,0.0952614916341731
Classical Monocytes|Non-classical Monocytes|ADAM10|TSPAN14,Classical Monocytes,Non-classical Monocytes,ADAM10,TSPAN14,0.07652761960369073,-0.012488827578169048,0.1655440667855505,56,0.0919914655763243,0.36152789037538335,11,0.0,33,0.04089098616579068,5,0.035636633437900044,7,0.0
Classical Monocytes|pDCs|HLA-F|LILRB1,Classical Monocytes,pDCs,HLA-F,LILRB1,-0.18134241866472878,-0.39237670393232704,0.029691866602869488,43,0.09214241337919762,0.36155881771619935,10,0.0891503180837967,21,0.06166922879175499,5,0.004956821662664002,7,0.15881815103535107
CD4 T Cells|NK Cells|CD40LG|ITGAM_ITGB2,CD4 T Cells,NK Cells,CD40LG,ITGAM_ITGB2,-0.0944372245600262,-0.20453014504774927,0.01565569592769686,55,0.09271465388170605,0.36324020210708713,11,0.03888049793457029,33,0.006354263780925669,5,0.0,6,0.061910990406381594
B Cells|NK Cells|LGALS1|PTPRC,B Cells,NK Cells,LGALS1,PTPRC,-0.20696198114112346,-0.44855092164790045,0.03462695936565355,53,0.09314381717248989,0.36331286131204016,9,0.4000514578696286,33,0.43353142796069655,5,0.3409115692752583,6,0.5813535205074497
CD8 T Cells|B Cells|GNAI2|S1PR4,CD8 T Cells,B Cells,GNAI2,S1PR4,-0.13924735391513357,-0.30166818017728314,0.023173472347016,52,0.09289407110567795,0.36331286131204016,11,0.11667277086124651,29,0.09346895647673671,5,0.0,7,0.11604353953062377
Non-classical Monocytes|B Cells|HLA-A|APLP2,Non-classical Monocytes,B Cells,HLA-A,APLP2,-0.21932964465043303,-0.47537168761153276,0.036712398310666694,51,0.09316451686988604,0.36331286131204016,11,0.7706654985954227,30,0.6670166103884662,5,0.5836512988625919,5,0.6993320553060685
Classical Monocytes|pDCs|HLA-DQB1|CD4,Classical Monocytes,pDCs,HLA-DQB1,CD4,-0.16249052337245223,-0.3523556353558259,0.02737458861092143,43,0.09346857642728176,0.3639369686159338,10,0.2990910203466981,21,0.22861568579605038,5,0.19476492155511876,7,0.2867801103769233
CD4 T Cells|Classical Monocytes|GNAI2|C5AR1,CD4 T Cells,Classical Monocytes,GNAI2,C5AR1,-0.21342197888477432,-0.46328876421632936,0.03644480644678075,56,0.09411298713623682,0.365882336143493,11,0.3205282578673448,33,0.15404147741407048,5,0.32290412859294915,7,0.3698393270244492
Non-classical Monocytes|Classical Monocytes|FABP5|RXRA,Non-classical Monocytes,Classical Monocytes,FABP5,RXRA,0.05512351253854045,-0.009478763085156078,0.11972578816223697,48,0.0944477491436607,0.36661975742861846,8,0.01840372599321921,28,0.07352723853175966,5,0.0,7,0.0
B Cells|CD4 T Cells|MIF|TNFRSF14,B Cells,CD4 T Cells,MIF,TNFRSF14,0.1945278625390379,-0.03374984796789404,0.42280557304596983,56,0.09488138344201309,0.3677381226349188,11,0.25062272937392205,33,0.3012932389140377,5,0.33657726000958277,7,0.19271990701066052
Non-classical Monocytes|CD8 T Cells|LGALS9|PTPRC,Non-classical Monocytes,CD8 T Cells,LGALS9,PTPRC,-0.10569890912142466,-0.23023043364261436,0.018832615399765038,56,0.09619976133149243,0.3717343052473971,11,0.6782312733534135,33,0.6893908368850263,5,0.6303920981897506,7,0.7472505708427881
pDCs|CD4 T Cells|SELPLG|SELL,pDCs,CD4 T Cells,SELPLG,SELL,0.21056359794167784,-0.03752174177360673,0.4586489376569624,44,0.09620666229988037,0.3717343052473971,10,0.11930359522832217,22,0.23751855381076634,5,0.2972384057245381,7,0.20488976636530443
B Cells|NK Cells|LGALS1|CD69,B Cells,NK Cells,LGALS1,CD69,-0.23437596799268673,-0.5110507137930169,0.04229877780764346,53,0.09685020905967702,0.3736495851813799,9,0.3739207317341048,33,0.40113609902136493,5,0.38239184701839296,6,0.6439831822983398
NK Cells|NK Cells|HLA-C|CD8A,NK Cells,NK Cells,HLA-C,CD8A,-0.10660246173639132,-0.23252237673037573,0.019317453257593098,42,0.09705844117806746,0.37388213545270804,8,0.7374244217044124,22,0.6641062188085893,5,0.9452145677682692,7,0.9784988266088375
B Cells|B Cells|CD22|PTPRC,B Cells,B Cells,CD22,PTPRC,-0.18911820717832056,-0.4131136534763893,0.03487723911974816,56,0.09796760112061587,0.3768099361214555,11,0.18773320300667684,33,0.17062231414181853,5,0.10410433847129359,7,0.2761116567847558
CD4 T Cells|CD8 T Cells|S100A9|ITGB2,CD4 T Cells,CD8 T Cells,S100A9,ITGB2,0.18612298768808783,-0.034638574342011536,0.4068845497181872,53,0.09844570176310351,0.37807338655830175,10,0.4299939311851733,32,0.6214824025335205,5,0.5141232878078329,6,0.5194887714680922
Classical Monocytes|pDCs|S100A12|CD36,Classical Monocytes,pDCs,S100A12,CD36,-0.14180674473220056,-0.3101231998540609,0.026509710389659796,43,0.09868321316984058,0.3784104395753978,9,0.7658535719782971,22,0.6598228232349936,5,0.7101324460012319,7,0.7459084419901291
B Cells|Non-classical Monocytes|FAM3C|LAMP1,B Cells,Non-classical Monocytes,FAM3C,LAMP1,-0.11944304955909277,-0.2616237915257643,0.022737692407578808,56,0.09965581983429542,0.38156099503221896,11,0.17354258129726552,33,0.1590222030130924,5,0.0,7,0.10492267127491964
B Cells|Classical Monocytes|HLA-A|LILRB2,B Cells,Classical Monocytes,HLA-A,LILRB2,-0.08137640018203862,-0.17844221105513447,0.01568941069105724,56,0.1003495015744022,0.3836356890749083,11,0.8093719696344603,33,0.8322637336620199,5,0.748526489076706,7,0.8527946532863042
CD4 T Cells|CD8 T Cells|VIM|CD44,CD4 T Cells,CD8 T Cells,VIM,CD44,-0.07632346590095929,-0.16742849559447398,0.014781563792555408,56,0.10059731627780358,0.38400214234744656,11,0.8101975378800698,33,0.7612692378651561,5,0.8367874343090452,7,0.8641826001950909
Classical Monocytes|CD4 T Cells|VIM|CD44,Classical Monocytes,CD4 T Cells,VIM,CD44,-0.020059227718730588,-0.044016251836468206,0.0038977963990070273,56,0.10078106320962725,0.38412329823639224,11,0.979754267406254,33,0.9540822193231975,5,0.9795297755195964,7,0.9739169551552704
B Cells|pDCs|HLA-DQA1|CD4,B Cells,pDCs,HLA-DQA1,CD4,-0.15364495359396835,-0.33758846799321696,0.03029856080528026,43,0.10160429774664496,0.38638359618923257,10,0.7562793182602079,21,0.6536380317004552,5,0.688514585361992,7,0.7395182523962076
CD4 T Cells|Classical Monocytes|GNAS|ADCY7,CD4 T Cells,Classical Monocytes,GNAS,ADCY7,-0.08097843553911846,-0.17794712806906082,0.015990256990823903,56,0.10167989373400857,0.38638359618923257,11,0.05585119655547744,33,0.07074086001363537,5,0.015246030257073362,7,0.11111412925434976
pDCs|Non-classical Monocytes|HLA-DQA1|CD4,pDCs,Non-classical Monocytes,HLA-DQA1,CD4,0.2025212640338945,-0.04057766610857727,0.4456201941763663,43,0.10250894637664305,0.3883659782515397,10,0.250387536467083,22,0.2823936768273639,5,0.3669314960815701,6,0.19641637240795648
Non-classical Monocytes|Classical Monocytes|CALR|LRP1,Non-classical Monocytes,Classical Monocytes,CALR,LRP1,-0.11563997585443753,-0.254443721354982,0.023163769646106946,56,0.10249374034201926,0.3883659782515397,11,0.44137931688194904,33,0.2925943388954011,5,0.4413815787816723,7,0.40823657664956187
NK Cells|CD8 T Cells|ICAM2|ITGAL_ITGB2,NK Cells,CD8 T Cells,ICAM2,ITGAL_ITGB2,0.10522816765076688,-0.02141496441214731,0.2318712997136811,55,0.103410413984191,0.39080028213331297,11,0.054818744284189085,32,0.14858886484750308,5,0.042394219659799434,7,0.03093617257234655
B Cells|NK Cells|MIF|TNFRSF14,B Cells,NK Cells,MIF,TNFRSF14,0.1855567660790354,-0.03779522108447664,0.40890875324254744,56,0.10346077908475915,0.39080028213331297,11,0.2873615263660914,33,0.3011973582661683,5,0.35140732535891983,7,0.1796863911799613
Non-classical Monocytes|CD4 T Cells|MIF|TNFRSF14,Non-classical Monocytes,CD4 T Cells,MIF,TNFRSF14,0.17152666164127733,-0.035264038622493526,0.37831736190504817,56,0.10400686430028196,0.39227663595046647,11,0.2901317810789428,33,0.33181385413119524,5,0.28259614674787326,7,0.1527515581588484
Classical Monocytes|Non-classical Monocytes|HLA-DMA|CD4,Classical Monocytes,Non-classical Monocytes,HLA-DMA,CD4,0.13591537287925215,-0.028020496090793462,0.2998512418492978,56,0.1041710741786458,0.39231043882181504,11,0.1977902433884766,33,0.2959002716058058,5,0.281232608476126,7,0.24342726381420307
Classical Monocytes|NK Cells|TIMP1|CD63,Classical Monocytes,NK Cells,TIMP1,CD63,0.12874388630094225,-0.0267686879397436,0.2842564605416281,56,0.10467675975535584,0.39304334606505825,11,0.616093030007629,33,0.6456354264052006,5,0.4841973331447596,7,0.38499584324138886
Non-classical Monocytes|CD4 T Cells|CD14|ITGB2,Non-classical Monocytes,CD4 T Cells,CD14,ITGB2,0.22697902445934737,-0.04718802152077617,0.5011460704394709,56,0.1046692728838404,0.39304334606505825,11,0.18752177141352425,33,0.3624907056782943,5,0.27824886313650393,7,0.2262387729419266
pDCs|Non-classical Monocytes|TNFSF13B|TFRC,pDCs,Non-classical Monocytes,TNFSF13B,TFRC,0.2693466381521837,-0.056904768118293536,0.595598044422661,37,0.10563952311733883,0.3960698440912689,8,0.0,17,0.14138728587786406,5,0.20249657473304827,7,0.07453722245872865
Non-classical Monocytes|pDCs|LGALS9|SLC1A5,Non-classical Monocytes,pDCs,LGALS9,SLC1A5,-0.20781561221098122,-0.45985206824903097,0.044220843827068534,39,0.10607698389252074,0.39712079747614804,10,0.4536689368701216,18,0.31648838233053755,5,0.33731275267517213,6,0.4079478103465693
CD8 T Cells|CD8 T Cells|HLA-B|KLRD1,CD8 T Cells,CD8 T Cells,HLA-B,KLRD1,-0.2075474987840653,-0.4598598172414641,0.044764819673333456,55,0.1069117842265408,0.3975220582048844,11,0.99473494005994,33,0.9895731663272577,5,0.7622390613979743,6,0.9646247864493572
B Cells|Non-classical Monocytes|GNAS|ADCY7,B Cells,Non-classical Monocytes,GNAS,ADCY7,-0.13278773590946674,-0.2940647648342582,0.028489293015324713,56,0.10658385085382849,0.3975220582048844,11,0.08836459157071731,33,0.15678085093654903,5,0.04038332011660606,7,0.24158731539190453
B Cells|NK Cells|HLA-E|CD8A,B Cells,NK Cells,HLA-E,CD8A,-0.14784833708199163,-0.3276154995215502,0.03191882535756699,42,0.10697071609787154,0.3975220582048844,8,0.3787381693077933,22,0.37721859222539283,5,0.6705165815945755,7,0.8168453415941667
pDCs|CD4 T Cells|HLA-B|CD3D,pDCs,CD4 T Cells,HLA-B,CD3D,-0.004244361443696887,-0.009397354090925365,0.0009086312035315909,44,0.10644892695790346,0.3975220582048844,10,0.9974782752772174,22,0.9967868143462664,5,0.9932092760261874,7,0.9967621765389332
Classical Monocytes|Non-classical Monocytes|S100A8|CD68,Classical Monocytes,Non-classical Monocytes,S100A8,CD68,-0.00037320876557211946,-0.0008266726549546336,8.025512381039471e-05,56,0.10672607039100108,0.3975220582048844,11,0.9998648722407981,33,0.9998088440194113,5,0.9994642902702922,7,0.9997814708144774
Classical Monocytes|CD4 T Cells|RETN|CAP1,Classical Monocytes,CD4 T Cells,RETN,CAP1,-0.1835738696181581,-0.4070351054695398,0.039887366233223615,55,0.10737286516521999,0.3984211220888275,11,0.46123889070230945,32,0.3307183367982289,5,0.24533982985788674,7,0.2983931455719643
NK Cells|Classical Monocytes|CD99|PILRA,NK Cells,Classical Monocytes,CD99,PILRA,-0.14844881798204324,-0.3292326947200331,0.03233505875594661,56,0.10752797992266734,0.3984211220888275,11,0.3814260398239662,33,0.3035738806958327,5,0.40309150094121693,7,0.47368815979512663
Classical Monocytes|pDCs|ICAM1|SPN,Classical Monocytes,pDCs,ICAM1,SPN,-0.1948636972898971,-0.43233805445889795,0.0426106598791037,37,0.10777334396274378,0.3987455932560081,9,0.1656523114493115,16,0.0681825107121124,5,0.0,7,0.09739389655269799
Non-classical Monocytes|CD8 T Cells|LGALS1|CD69,Non-classical Monocytes,CD8 T Cells,LGALS1,CD69,0.013148583609548514,-0.0028867330562860616,0.02918390027538309,56,0.1080270592361352,0.39909996884461063,11,0.9736075607467548,33,0.9892536599235837,5,0.9937005593769929,7,0.9961980749442733
pDCs|CD8 T Cells|S100A8|ITGB2,pDCs,CD8 T Cells,S100A8,ITGB2,0.20314516216355233,-0.045232533327126095,0.4515228576542307,42,0.10892776045257786,0.4018400739615537,9,0.4000559426642373,22,0.5883499021977492,5,0.41755426242442306,6,0.40270305979438265
Non-classical Monocytes|CD4 T Cells|CD47|SIRPG,Non-classical Monocytes,CD4 T Cells,CD47,SIRPG,-0.19470659103075746,-0.43332137335439425,0.04390819129287932,53,0.10975276391325146,0.4037048535790196,11,0.24069273908715008,30,0.19587033014154548,5,0.044356777102738464,7,0.19424095918789133
CD4 T Cells|Non-classical Monocytes|SIRPG|CD47,CD4 T Cells,Non-classical Monocytes,SIRPG,CD47,-0.19470659103075746,-0.43332137335439425,0.04390819129287932,53,0.10975276391325146,0.4037048535790196,11,0.24069273908715008,30,0.19587033014154548,5,0.044356777102738464,7,0.19424095918789133
NK Cells|CD8 T Cells|HLA-B|KLRD1,NK Cells,CD8 T Cells,HLA-B,KLRD1,-0.1928121316204876,-0.43005967418980995,0.04443541094883474,55,0.1111890354324355,0.4083934484560531,11,0.9949453156753055,33,0.990038177029609,5,0.779349222697096,6,0.967254215671887
CD4 T Cells|Non-classical Monocytes|LRPAP1|SORL1,CD4 T Cells,Non-classical Monocytes,LRPAP1,SORL1,0.22327876201196334,-0.05186430341845666,0.49842182744238334,51,0.1117194553648471,0.4092955417413995,11,0.013876598770175481,29,0.10346922134465542,5,0.20557558106248316,6,0.07188944162499976
CD8 T Cells|Non-classical Monocytes|LRPAP1|SORL1,CD8 T Cells,Non-classical Monocytes,LRPAP1,SORL1,0.19137317191052566,-0.04447886780417726,0.4272252116252286,51,0.11175857689021197,0.4092955417413995,11,0.0007794985383983256,29,0.05837220692012339,5,0.17206833590096784,6,0.03828787237216724
CD4 T Cells|NK Cells|HLA-C|CD8A,CD4 T Cells,NK Cells,HLA-C,CD8A,-0.1333769197936434,-0.2981635992493331,0.031409759662046316,42,0.1126535931893992,0.4101954322616885,8,0.6394747233664151,22,0.5506048536625121,5,0.9082991319839671,7,0.9528061820737074
CD8 T Cells|Classical Monocytes|HLA-C|LILRB2,CD8 T Cells,Classical Monocytes,HLA-C,LILRB2,-0.046524868992322,-0.10394841846013092,0.010898680475486915,56,0.11229236001981514,0.4101954322616885,11,0.9161446719999954,33,0.9136721253492263,5,0.8679546279518837,7,0.9120069502934366
Classical Monocytes|Non-classical Monocytes|CD52|SIGLEC10,Classical Monocytes,Non-classical Monocytes,CD52,SIGLEC10,-0.19346846328399236,-0.4323400605556033,0.04540313398761858,55,0.11241597093539898,0.4101954322616885,11,0.6940388201729241,32,0.4236834270370231,5,0.6006267853518626,7,0.523739855499954
Classical Monocytes|pDCs|PSEN1|NOTCH4,Classical Monocytes,pDCs,PSEN1,NOTCH4,0.2276719976267304,-0.0536002090984275,0.5089442043518884,39,0.11263353989361459,0.4101954322616885,8,0.0672919472829965,20,0.13796590930348815,5,0.17924046526713994,6,0.022242429660901158
Non-classical Monocytes|CD8 T Cells|S100A8|ITGB2,Non-classical Monocytes,CD8 T Cells,S100A8,ITGB2,-0.17216653857030062,-0.3851384715714894,0.04080539443088815,56,0.11309473009242109,0.41061836629820125,11,0.8896917060897661,33,0.9772032923230206,5,0.6582541768416827,7,0.9179323016452379
Classical Monocytes|pDCs|TNFSF13B|HLA-DPB1,Classical Monocytes,pDCs,TNFSF13B,HLA-DPB1,-0.0631448143100426,-0.14122867850595405,0.014939049885868846,44,0.11297030000264506,0.41061836629820125,10,0.9106279581750151,22,0.878920850007063,5,0.8858035467467408,7,0.9172412528888313
CD8 T Cells|Non-classical Monocytes|LRPAP1|LRP1,CD8 T Cells,Non-classical Monocytes,LRPAP1,LRP1,0.09262962485163427,-0.022068492457784625,0.20732774216105315,56,0.1134540400965815,0.4113319359025272,11,0.0,33,0.019283015393453243,5,0.07334660945818103,7,0.0
Non-classical Monocytes|NK Cells|ICAM1|ITGAL_ITGB2,Non-classical Monocytes,NK Cells,ICAM1,ITGAL_ITGB2,0.06363915535712542,-0.01531637381573174,0.14259468452998258,47,0.1141628090883039,0.41328928105457163,9,0.005624931096233225,26,0.09248136013638888,5,0.0,7,0.023217273683030233
NK Cells|NK Cells|GNAS|PTGDR,NK Cells,NK Cells,GNAS,PTGDR,-0.12439252205501128,-0.27879070950919854,0.030005665399175985,55,0.11432101600995075,0.41328928105457163,11,0.19569950630704833,32,0.18631249061969374,5,0.0,7,0.11500550636765669
NK Cells|Classical Monocytes|MFNG|NOTCH2,NK Cells,Classical Monocytes,MFNG,NOTCH2,-0.05778769730941424,-0.12958992228035712,0.014014527661528636,56,0.11470039038883781,0.4140684093037045,11,0.05633584669607799,33,0.012257518904216063,5,0.0,7,0.013709369517552321
Non-classical Monocytes|CD8 T Cells|HLA-DRA|LAG3,Non-classical Monocytes,CD8 T Cells,HLA-DRA,LAG3,0.14509072043258475,-0.03532469850387393,0.32550613936904343,55,0.11497741589168335,0.41447636228000545,11,0.6571405402190863,32,0.8544634269867547,5,0.7487089048979588,7,0.8009410712330425
Classical Monocytes|CD8 T Cells|ADAM10|CD44,Classical Monocytes,CD8 T Cells,ADAM10,CD44,0.09148939341936979,-0.02240263371619869,0.20538142055493827,56,0.11538626378275947,0.4153576760385088,11,0.5000988937643389,33,0.4586928167509039,5,0.5570426046444832,7,0.4241471342116784
Classical Monocytes|NK Cells|ICAM3|ITGAL,Classical Monocytes,NK Cells,ICAM3,ITGAL,-0.09433511745629647,-0.21188753806806043,0.02321730315546748,56,0.11575137206819533,0.4160792563532427,11,0.3627009315929801,33,0.3246898726056396,5,0.34425578053937345,7,0.4005798390083294
Non-classical Monocytes|CD8 T Cells|HLA-E|CD8A,Non-classical Monocytes,CD8 T Cells,HLA-E,CD8A,-0.1136171691085417,-0.25531197084552537,0.028077632628442012,56,0.11604660716903624,0.4165479777218105,11,0.8153387177091354,33,0.8061548384303014,5,0.7011477796862194,7,0.8055810695159272
Classical Monocytes|NK Cells|SIRPA|CD47,Classical Monocytes,NK Cells,SIRPA,CD47,-0.18633253980540965,-0.4194203086483166,0.04675522903749729,55,0.1171582866609402,0.41693402852309697,10,0.29088796591919014,33,0.2640216471205373,5,0.1606730406250106,7,0.32013926163176737
Non-classical Monocytes|NK Cells|LRPAP1|SORL1,Non-classical Monocytes,NK Cells,LRPAP1,SORL1,-0.10370957145033641,-0.23349572343698063,0.02607658053630782,55,0.11730909943803797,0.41693402852309697,11,0.3099569130292629,32,0.21476134754544837,5,0.02128644522198775,7,0.029800451188509602
NK Cells|pDCs|TIMP1|CD63,NK Cells,pDCs,TIMP1,CD63,0.1572579142127271,-0.039472239035177964,0.35398806746063216,43,0.11718160109565962,0.41693402852309697,10,0.22641927235045095,22,0.2600223521727821,5,0.3759473144430885,6,0.2522924800526925
B Cells|NK Cells|GRN|TNFRSF1B,B Cells,NK Cells,GRN,TNFRSF1B,-0.10587231841907661,-0.2383504388592711,0.026605802021117855,54,0.11726877308351762,0.41693402852309697,10,0.015640220868129485,32,0.04876516141219278,5,0.0,7,0.1389972589631399
NK Cells|CD4 T Cells|SPON2|ITGB2,NK Cells,CD4 T Cells,SPON2,ITGB2,-0.2223927486764965,-0.5005048448290141,0.0557193474760212,56,0.11704736643119441,0.41693402852309697,11,0.7446939243624752,33,0.6497202255069024,5,0.26118558087045074,7,0.3886046306913745
pDCs|NK Cells|GRN|TNFRSF1B,pDCs,NK Cells,GRN,TNFRSF1B,-0.15141770327863624,-0.34075225327903014,0.037916846721757685,44,0.11700855196469896,0.41693402852309697,10,0.4298396877323687,22,0.3727577755058832,5,0.28314193669850224,7,0.37747772775065297
NK Cells|Classical Monocytes|CD47|SIRPA,NK Cells,Classical Monocytes,CD47,SIRPA,-0.18633253980540965,-0.4194203086483166,0.04675522903749729,55,0.1171582866609402,0.41693402852309697,10,0.29088796591919014,33,0.2640216471205373,5,0.1606730406250106,7,0.32013926163176737
Classical Monocytes|NK Cells|VIM|CD44,Classical Monocytes,NK Cells,VIM,CD44,-0.04236719296244229,-0.09550344043919398,0.010769054514309408,56,0.11811361597514733,0.41920380276572655,11,0.9187799905088966,33,0.876559394231486,5,0.9489766007163247,7,0.9491231974013564
Classical Monocytes|Classical Monocytes|VCAN|ITGB1,Classical Monocytes,Classical Monocytes,VCAN,ITGB1,-0.12538187681630097,-0.28275411869602884,0.03199036506342687,56,0.11839502703652653,0.41961323046466,11,0.5522312526488455,33,0.4821004557545581,5,0.5617580066933462,7,0.6170090866153597
CD4 T Cells|CD4 T Cells|LRPAP1|SORL1,CD4 T Cells,CD4 T Cells,LRPAP1,SORL1,0.012220131988145526,-0.0031571668637436247,0.027597430840034676,56,0.11933831230463075,0.42236402688207547,11,0.0,33,0.012220131988145526,5,0.0,7,0.0
Classical Monocytes|NK Cells|GNAI2|S1PR4,Classical Monocytes,NK Cells,GNAI2,S1PR4,0.16210873384386215,-0.04330466181235637,0.3675221295000807,54,0.12191871445529831,0.43089313486508923,11,0.46334942195033774,31,0.35956468293879457,5,0.5133193589232045,7,0.2474258860677991
Non-classical Monocytes|CD8 T Cells|PSEN1|CD44,Non-classical Monocytes,CD8 T Cells,PSEN1,CD44,0.12030672920808494,-0.03238076336548254,0.27299422178165245,56,0.12251319615175292,0.43178639703693117,11,0.4440137511487931,33,0.424158953588127,5,0.5452456825049448,7,0.4050841557361937
Classical Monocytes|Non-classical Monocytes|IL1B|SIGIRR,Classical Monocytes,Non-classical Monocytes,IL1B,SIGIRR,-0.16889731768055144,-0.38323727979302324,0.04544264443192034,56,0.12248465779519133,0.43178639703693117,11,0.35305470351398077,33,0.23154504780443022,5,0.2419792735059924,7,0.28936693547699327
B Cells|Non-classical Monocytes|LGALS1|PTPRC,B Cells,Non-classical Monocytes,LGALS1,PTPRC,-0.15541803653625114,-0.3528502513631808,0.04201417829067852,53,0.12286046146599984,0.4320926051658285,9,0.36709829630674684,33,0.43776060194933913,5,0.34287644527145356,6,0.568956787450297
pDCs|pDCs|HLA-F|LILRB1,pDCs,pDCs,HLA-F,LILRB1,0.21076995522472894,-0.057035817718720044,0.47857572816817795,43,0.12294205900840154,0.4320926051658285,10,0.09605890498900263,21,0.1518262559583666,5,0.2290361553318041,7,0.07403355107643914
NK Cells|B Cells|LTB|CD40,NK Cells,B Cells,LTB,CD40,-0.25475204912268007,-0.5797550896582996,0.07025099141293945,56,0.12446280550386214,0.43682987431702724,11,0.29020719505008785,33,0.18993162070403136,5,0.12734903160356786,7,0.28182550638019144
pDCs|Non-classical Monocytes|HLA-DQB1|CD4,pDCs,Non-classical Monocytes,HLA-DQB1,CD4,-0.23373846310127672,-0.5321142011459459,0.06463727494339244,44,0.12469147714007159,0.43702546842296935,10,0.47464767953834863,22,0.4131706477203904,5,0.2095217543852222,7,0.3817831856685407
CD8 T Cells|Non-classical Monocytes|HLA-C|LILRB2,CD8 T Cells,Non-classical Monocytes,HLA-C,LILRB2,-0.011154332721945104,-0.025402881495076038,0.003094216051185832,56,0.12494651182028649,0.4373127913710027,11,0.9923882523259118,33,0.9832420064326847,5,0.9786278276957316,7,0.9806359145244496
pDCs|NK Cells|S100A8|ITGB2,pDCs,NK Cells,S100A8,ITGB2,0.20259147419920998,-0.056575807297295,0.46175875569571495,42,0.12549604517178256,0.43862863921036593,9,0.5038239960911726,22,0.7415405802142808,5,0.5654496561293249,6,0.6005747660532231
Non-classical Monocytes|Classical Monocytes|APP|NOTCH2,Non-classical Monocytes,Classical Monocytes,APP,NOTCH2,0.10384433612820176,-0.02916708773462076,0.2368557599910243,49,0.1259726674372423,0.43907990429505006,6,0.04209933510944114,31,0.1320628296060813,5,0.032022197086023274,7,0.018141355454461654
Classical Monocytes|CD4 T Cells|SELPLG|SELL,Classical Monocytes,CD4 T Cells,SELPLG,SELL,-0.17206263438985803,-0.3924417710256948,0.04831650224597875,56,0.12595329577294723,0.43907990429505006,11,0.4652229179694338,33,0.3271599695468227,5,0.32125324102737113,7,0.355252926994618
CD8 T Cells|CD4 T Cells|TGFB1|ITGB1,CD8 T Cells,CD4 T Cells,TGFB1,ITGB1,-0.22007643020299666,-0.5022158822401901,0.06206302183419682,55,0.12630780726726573,0.43964163769198417,11,0.24296722231185175,33,0.17732112589043883,5,0.23835005351540045,6,0.39278038729698417
NK Cells|Non-classical Monocytes|HLA-F|LILRB2,NK Cells,Non-classical Monocytes,HLA-F,LILRB2,-0.19759796094811924,-0.45168484883060145,0.056488926934363,56,0.12745320274102556,0.4415244987972696,11,0.21829201374272353,33,0.26409005418117604,5,0.044755993474889344,7,0.2881519948614611
Classical Monocytes|CD4 T Cells|APP|PTGER2,Classical Monocytes,CD4 T Cells,APP,PTGER2,-0.12756577073791198,-0.29164049626785365,0.0365089547920297,54,0.12754763914602565,0.4415244987972696,11,0.003599835234320624,31,0.037685303985451606,5,0.012032850907206561,7,0.17368409039624952
pDCs|pDCs|TNFSF13B|HLA-DPB1,pDCs,pDCs,TNFSF13B,HLA-DPB1,-0.19227393487893363,-0.4394784145408719,0.05493054478300466,43,0.12739722816225946,0.4415244987972696,10,0.7498580626665109,21,0.715964106551574,5,0.579900326383434,7,0.7382803051474308
pDCs|CD4 T Cells|APP|PTGER2,pDCs,CD4 T Cells,APP,PTGER2,-0.16884546427288555,-0.3857290911785482,0.048038162632777104,44,0.1270482051574373,0.4415244987972696,10,0.37909789171333785,22,0.2844979873118972,5,0.2773202666447709,7,0.35156582651621576
B Cells|pDCs|MIF|CD44_CD74,B Cells,pDCs,MIF,CD44_CD74,0.17467774954036402,-0.05046747468908283,0.3998229737698109,44,0.12835325412319243,0.44289583430064117,10,0.10143341286361504,22,0.21482940767456693,5,0.23615421862011532,7,0.17487246389070318
Non-classical Monocytes|Classical Monocytes|CD47|SIRPA,Non-classical Monocytes,Classical Monocytes,CD47,SIRPA,-0.16094078698207853,-0.3684433992216596,0.04656182525750255,55,0.12846958707652156,0.44289583430064117,10,0.2900456274424247,33,0.19899559758557975,5,0.22261841636893903,7,0.2925091734941726
Classical Monocytes|Non-classical Monocytes|SIRPA|CD47,Classical Monocytes,Non-classical Monocytes,SIRPA,CD47,-0.16094078698207853,-0.3684433992216596,0.04656182525750255,55,0.12846958707652156,0.44289583430064117,10,0.2900456274424247,33,0.19899559758557975,5,0.22261841636893903,7,0.2925091734941726
CD8 T Cells|CD8 T Cells|GNAI2|S1PR4,CD8 T Cells,CD8 T Cells,GNAI2,S1PR4,-0.1187588548410896,-0.27209655538116134,0.03457884569898216,55,0.12902023691041156,0.44342622901275575,11,0.09116065579571832,32,0.11856011138417197,5,0.0,7,0.14615831042954325
Non-classical Monocytes|B Cells|LGALS9|CD47,Non-classical Monocytes,B Cells,LGALS9,CD47,0.1763389318438111,-0.051417025363824365,0.4040948890514466,56,0.12914238720231785,0.44342622901275575,11,0.09742850918379271,33,0.18276828532959627,5,0.24912186769484643,7,0.1581227119968389
Classical Monocytes|pDCs|COPA|CD74,Classical Monocytes,pDCs,COPA,CD74,-0.07944830684902227,-0.18206420871006135,0.02316759501201683,44,0.1291498632977397,0.44342622901275575,10,0.8189263257336693,22,0.8080305875130075,5,0.7493597038480955,7,0.8179122724764559
Classical Monocytes|Non-classical Monocytes|VCAN|CD44,Classical Monocytes,Non-classical Monocytes,VCAN,CD44,-0.06364065030033816,-0.14603033234932308,0.018749031748646755,56,0.13003998860249225,0.4435845868594976,11,0.9104391625497953,33,0.8429903129230668,5,0.8929896886970484,7,0.8891814893706581
Classical Monocytes|B Cells|VCAN|CD44,Classical Monocytes,B Cells,VCAN,CD44,-0.07843713453090229,-0.18003778231989875,0.02316351325809418,56,0.1302492138701018,0.4435845868594976,11,0.7400418400307615,33,0.6852051490760845,5,0.7288940350547813,7,0.7524944786310067
Classical Monocytes|CD8 T Cells|LGALS9|PTPRC,Classical Monocytes,CD8 T Cells,LGALS9,PTPRC,-0.12497021017879517,-0.28683851063331545,0.036898090275725076,56,0.1302320036379691,0.4435845868594976,11,0.4895219217970693,33,0.5699041932639278,5,0.44151225458533183,7,0.6468647362309855
Classical Monocytes|CD8 T Cells|SIRPA|CD47,Classical Monocytes,CD8 T Cells,SIRPA,CD47,-0.12800607791267593,-0.2937186673219577,0.03770651149660589,55,0.13002822384311655,0.4435845868594976,10,0.06459039536123933,33,0.12935575813640238,5,0.0,7,0.192771440687839
CD8 T Cells|Classical Monocytes|CD47|SIRPA,CD8 T Cells,Classical Monocytes,CD47,SIRPA,-0.12800607791267593,-0.2937186673219577,0.03770651149660589,55,0.13002822384311655,0.4435845868594976,10,0.06459039536123933,33,0.12935575813640238,5,0.0,7,0.192771440687839
B Cells|Classical Monocytes|HLA-C|LILRB2,B Cells,Classical Monocytes,HLA-C,LILRB2,-0.08412756731428983,-0.1929480114639348,0.024692876835355135,56,0.1297164935787466,0.4435845868594976,11,0.8254576856181753,33,0.8356959976135659,5,0.7416857821219448,7,0.8360516614316252
Non-classical Monocytes|B Cells|TIMP1|CD63,Non-classical Monocytes,B Cells,TIMP1,CD63,-0.13988866811842982,-0.32169871796165095,0.04192138172479129,54,0.13154439711215754,0.44739258614054117,11,0.3959778086331838,32,0.42530763043040165,5,0.30418625777050573,6,0.47340474768615337
pDCs|Classical Monocytes|SERPINF1|PLXDC2,pDCs,Classical Monocytes,SERPINF1,PLXDC2,-0.13199291823037518,-0.303653067642187,0.03966723118143664,43,0.1317964413458713,0.44764732161426984,10,0.46450539855323864,21,0.3595351914148462,5,0.27940481831486885,7,0.3064275294068516
Non-classical Monocytes|Non-classical Monocytes|MFNG|NOTCH2,Non-classical Monocytes,Non-classical Monocytes,MFNG,NOTCH2,-0.041355598962449454,-0.09524631470372646,0.012535116778827557,56,0.13256298218665932,0.4488115790271395,11,0.03849959575384776,33,0.010913746336126937,5,0.0,7,0.013769749544728633
CD4 T Cells|NK Cells|TIMP1|CD63,CD4 T Cells,NK Cells,TIMP1,CD63,-0.10885398101659394,-0.2506786986247885,0.0329707365916006,56,0.13249876830463866,0.4488115790271395,11,0.3820652095206794,33,0.31856383077595285,5,0.1302831731860217,7,0.17563577545788908
B Cells|CD8 T Cells|GNAI2|S1PR4,B Cells,CD8 T Cells,GNAI2,S1PR4,-0.1188607492772028,-0.2737924872039158,0.036070988649510194,53,0.1326720417622767,0.4488115790271395,11,0.0054386245112636655,30,0.06556346686768694,5,0.0,7,0.17898559163362607
B Cells|pDCs|LRPAP1|SORL1,B Cells,pDCs,LRPAP1,SORL1,0.2049981039473818,-0.06235322556237846,0.4723494334571421,39,0.1328777723372223,0.4489065918397871,9,0.03814430274888006,19,0.05818062628392568,5,0.18496178041233619,6,0.0
Classical Monocytes|Classical Monocytes|PTPN6|CD300LF,Classical Monocytes,Classical Monocytes,PTPN6,CD300LF,-0.1349307397059567,-0.3110213560621614,0.04115987665024798,51,0.13313922888247662,0.44918936099601925,11,0.03536620105574384,28,0.06869094655349543,5,0.0,7,0.16825548520370828
pDCs|Classical Monocytes|APP|CD74,pDCs,Classical Monocytes,APP,CD74,-0.051911432096477084,-0.11971394076809969,0.01589107657514552,44,0.13345869720095474,0.44966683710241684,10,0.9838677852329157,22,0.923037835624519,5,0.9739840983486812,7,0.9650655808367616
B Cells|CD4 T Cells|VIM|CD44,B Cells,CD4 T Cells,VIM,CD44,-0.18020169491697147,-0.415679117603433,0.05527572776949005,56,0.13364443855521096,0.4496930708775208,11,0.4716414575988023,33,0.4497926577922348,5,0.42431797888603384,7,0.5826708739964378
CD4 T Cells|Classical Monocytes|CD40LG|ITGAM_ITGB2,CD4 T Cells,Classical Monocytes,CD40LG,ITGAM_ITGB2,-0.12354397672505646,-0.28509094752966013,0.03800299407954724,56,0.13390119801636666,0.4499578821640406,11,0.15129816190011497,33,0.11801319336993495,5,0.017089334505839382,7,0.10734834270071583
pDCs|CD8 T Cells|SELPLG|ITGB2,pDCs,CD8 T Cells,SELPLG,ITGB2,-0.20700507927773026,-0.4792431359198774,0.06523297736441686,44,0.13613946029634105,0.4568717346199918,10,0.6187367870130756,22,0.5584039349946684,5,0.2897555892888639,7,0.4364278165481871
Classical Monocytes|Classical Monocytes|CD1D|LILRB2,Classical Monocytes,Classical Monocytes,CD1D,LILRB2,-0.11210939337089552,-0.25981650512521093,0.035597718383419893,52,0.1368541376666822,0.4586610157608832,10,0.007822070508399503,30,0.04190878712448033,5,0.0,7,0.14619610998697635
Classical Monocytes|NK Cells|LGALS1|ITGB1,Classical Monocytes,NK Cells,LGALS1,ITGB1,0.03067287384903994,-0.009792994720336422,0.0711387424184163,56,0.13737427029476174,0.45979441196670584,11,0.8776355657454498,33,0.9244336750184116,5,0.9290447594430977,7,0.9451699948670196
pDCs|CD8 T Cells|LGALS9|CD47,pDCs,CD8 T Cells,LGALS9,CD47,-0.13533039182739703,-0.3139899426735233,0.04332915901872922,43,0.13764280594599662,0.45989539478918856,10,0.19016206608484149,21,0.2020471305180426,5,0.09405230353607356,7,0.24126775979667173
pDCs|NK Cells|APP|LRP10,pDCs,NK Cells,APP,LRP10,-0.15303017565829158,-0.35512099940294173,0.0490606480863586,44,0.13776842653558202,0.45989539478918856,10,0.437804969881227,22,0.32606102273010207,5,0.2433306944651496,7,0.2846169229723162
Classical Monocytes|Non-classical Monocytes|APP|LRP10,Classical Monocytes,Non-classical Monocytes,APP,LRP10,0.11330944209782609,-0.03640642393174465,0.26302530812739683,55,0.1379789688056027,0.45999057278596045,11,0.11841188224400523,32,0.18801308152566173,5,0.043708242816169585,7,0.0
pDCs|NK Cells|SELPLG|ITGAM,pDCs,NK Cells,SELPLG,ITGAM,-0.18018998417366403,-0.4188489761555416,0.05846900780821357,43,0.13892852683739032,0.4625459648459622,10,0.4240652606107694,22,0.3484696847271357,5,0.13810958068586546,6,0.24270398897589582
Non-classical Monocytes|CD4 T Cells|HLA-B|CD3D,Non-classical Monocytes,CD4 T Cells,HLA-B,CD3D,-0.0024986355535999705,-0.005810475950154676,0.0008132048429547352,56,0.1392191155025481,0.4629035590459724,11,0.998572153761775,33,0.9977456653992938,5,0.996228530075431,7,0.9979006772665497
B Cells|Classical Monocytes|PTPN6|CLEC12A,B Cells,Classical Monocytes,PTPN6,CLEC12A,0.1747013102131726,-0.05706971532341848,0.40647233574976366,56,0.13958027932789033,0.46349456749221923,11,0.2175661871152024,33,0.2928106790591607,5,0.2893540038346217,7,0.18989718556540738
CD8 T Cells|Classical Monocytes|HLA-A|LILRB2,CD8 T Cells,Classical Monocytes,HLA-A,LILRB2,-0.050405351123356756,-0.11747096684417271,0.0166602645974592,56,0.14073085003406202,0.4667019134331689,11,0.9014824974742539,33,0.907731638015114,5,0.8602504354018679,7,0.9169049270660847
pDCs|pDCs|S100A8|CD69,pDCs,pDCs,S100A8,CD69,0.21012728475226528,-0.0696532882097256,0.48990785771425616,42,0.14101614157808834,0.4670351110980724,9,0.05882046039158985,22,0.30311620270477296,5,0.13696384742539383,6,0.17113230498631168
pDCs|NK Cells|APP|PTGER2,pDCs,NK Cells,APP,PTGER2,-0.17846354277108578,-0.4166625654345262,0.059735479892354615,44,0.14198343977000202,0.46872017253940623,10,0.4546197508788444,22,0.2994649550802962,5,0.2619245770049911,7,0.2852333239775287
pDCs|Classical Monocytes|GRN|TNFRSF1A,pDCs,Classical Monocytes,GRN,TNFRSF1A,-0.15717199658819603,-0.36691423538762036,0.05257024221122833,44,0.14191026189978845,0.46872017253940623,10,0.38395052648592026,22,0.3372599533031084,5,0.3149159762578034,7,0.4253973996631875
B Cells|CD4 T Cells|GNAI2|S1PR4,B Cells,CD4 T Cells,GNAI2,S1PR4,-0.13128761267104683,-0.3065629894131011,0.043987764071007435,54,0.14208138194111009,0.46872017253940623,11,0.0852807066555444,31,0.09068547230157917,5,0.0,7,0.1366923783170816
Non-classical Monocytes|CD8 T Cells|CD14|ITGB2,Non-classical Monocytes,CD8 T Cells,CD14,ITGB2,-0.1631100740018519,-0.3811188946640187,0.054898746660314884,56,0.142537178340997,0.4696107557597124,11,0.580400331481716,33,0.7111227508592144,5,0.21356723960045904,7,0.5073997329798093
NK Cells|Classical Monocytes|HLA-A|LILRB2,NK Cells,Classical Monocytes,HLA-A,LILRB2,-0.04791121671851917,-0.11216480660122168,0.01634237316418334,56,0.14388835840061362,0.4723305552897009,11,0.9073477522364267,33,0.9124520991778186,5,0.8694583617264942,7,0.9224739253864052
B Cells|Classical Monocytes|MFNG|NOTCH2,B Cells,Classical Monocytes,MFNG,NOTCH2,0.06380304606675863,-0.021770517768727224,0.1493766099022445,52,0.14392343789990886,0.4723305552897009,11,0.0,29,0.0313034835004258,5,0.03249956256633284,7,0.0
Non-classical Monocytes|pDCs|COPA|CD74,Non-classical Monocytes,pDCs,COPA,CD74,-0.08925248616757642,-0.2088594282088823,0.030354455873729452,44,0.14358935067989717,0.4723305552897009,10,0.7960030745259546,22,0.7846841359379504,5,0.7097624356645758,7,0.7876959832441479
pDCs|pDCs|S100A9|ITGB2,pDCs,pDCs,S100A9,ITGB2,-0.17343167344720015,-0.4064643960481257,0.059601049153725355,40,0.1446536027680487,0.472381719239271,6,0.3060741985865271,22,0.253303492089363,5,0.014345789438969202,7,0.1350067563890052
Classical Monocytes|Non-classical Monocytes|GNAS|ADCY7,Classical Monocytes,Non-classical Monocytes,GNAS,ADCY7,-0.17765766974857922,-0.4163578325047075,0.06104249300754902,56,0.14463534549327609,0.472381719239271,11,0.21935266792151278,33,0.1562178102239208,5,0.16912137876020839,7,0.28364419081119563
pDCs|NK Cells|SELPLG|SELL,pDCs,NK Cells,SELPLG,SELL,0.13922838428410017,-0.047831908369548565,0.3262886769377489,44,0.14462154037538705,0.472381719239271,10,0.15882669250360282,22,0.18367161040773408,5,0.4293319887368649,7,0.314948522356896
pDCs|NK Cells|SELPLG|ITGB2,pDCs,NK Cells,SELPLG,ITGB2,-0.15753338801499706,-0.36922173923436497,0.054154963204370826,44,0.1446867632335559,0.472381719239271,10,0.7608181074016807,22,0.7112972177026704,5,0.5346444084114557,7,0.6426569067274425
CD4 T Cells|Classical Monocytes|TGFB1|ITGB1,CD4 T Cells,Classical Monocytes,TGFB1,ITGB1,-0.17646963268531804,-0.41372429895143725,0.0607850335808012,55,0.14489071388069188,0.4724372051309786,11,0.2142443893632648,33,0.07955564681303251,5,0.15171370918718716,6,0.1934945993222729
Non-classical Monocytes|Non-classical Monocytes|CIRBP|TREM1,Non-classical Monocytes,Non-classical Monocytes,CIRBP,TREM1,0.19132890380074588,-0.06612264122864539,0.4487804488301371,56,0.14523343620853899,0.472944450127549,11,0.3123310477731389,33,0.2836251546409413,5,0.3788374290515254,7,0.1588026321185819
B Cells|CD8 T Cells|LGALS1|PTPRC,B Cells,CD8 T Cells,LGALS1,PTPRC,-0.14714116436742813,-0.34533645690720427,0.05105412817234803,53,0.14564519278983112,0.47316551469360396,9,0.3798855210067804,33,0.46902076729448094,5,0.38288794084969763,6,0.6191643515048263
Classical Monocytes|Classical Monocytes|ADAM17|IL6R,Classical Monocytes,Classical Monocytes,ADAM17,IL6R,0.06462236719596137,-0.022428884496092316,0.15167361888801506,52,0.14567580943079694,0.47316551469360396,11,0.028649810789896188,29,0.07076378463326446,5,0.02250839335259309,7,0.0
Non-classical Monocytes|Classical Monocytes|ANXA1|FPR1,Non-classical Monocytes,Classical Monocytes,ANXA1,FPR1,-0.2220840428658426,-0.5220709027635705,0.07790281703188529,56,0.14678376638544494,0.4755417662256658,11,0.39057750482341463,33,0.41775385832487394,5,0.38998897015662626,7,0.6392493665239282
Classical Monocytes|CD8 T Cells|LGALS1|CD69,Classical Monocytes,CD8 T Cells,LGALS1,CD69,0.007754389723241939,-0.0027166734084721565,0.018225452854956033,56,0.14665193802342655,0.4755417662256658,11,0.9836260864999553,33,0.9922573029030208,5,0.9964792273927741,7,0.9973560540725976
pDCs|Non-classical Monocytes|VIM|CD44,pDCs,Non-classical Monocytes,VIM,CD44,-0.04669585096596174,-0.10997646338650872,0.016584761454585248,44,0.1480955728699887,0.4785645941719456,10,0.95198034206606,22,0.9077427727424815,5,0.9150125008293329,7,0.9174707824717162
pDCs|pDCs|GNAS|ADCY7,pDCs,pDCs,GNAS,ADCY7,0.19322980002120968,-0.06858187038185695,0.45504147042427634,34,0.1480232373644569,0.4785645941719456,6,0.40775310261242687,17,0.42373199612439894,5,0.424106175951814,6,0.24685526944257638
B Cells|Classical Monocytes|GNAI2|ADCY7,B Cells,Classical Monocytes,GNAI2,ADCY7,0.1980342362645766,-0.07061904426345289,0.4666875167926061,54,0.14852483194473043,0.4787882949328125,11,0.0,31,0.06678963448329532,5,0.18422761360425635,7,0.05298301182297506
pDCs|Classical Monocytes|ANXA2|TLR2,pDCs,Classical Monocytes,ANXA2,TLR2,-0.15318040312132147,-0.3612357660080925,0.05487495976544951,44,0.14901480550970692,0.4787882949328125,10,0.15079843716965144,22,0.22532977656375552,5,0.06922480254092818,7,0.29693654505635375
CD4 T Cells|pDCs|S100A9|CD68,CD4 T Cells,pDCs,S100A9,CD68,0.1837122425896034,-0.06588816654224988,0.43331265172145667,42,0.14913789380003456,0.4787882949328125,9,0.385679121061132,22,0.445205838369209,5,0.3944317935931053,6,0.27024626831157894
CD8 T Cells|B Cells|PKM|CD44,CD8 T Cells,B Cells,PKM,CD44,0.14664711155834476,-0.052609295891004104,0.3459035190076936,56,0.14916747027868524,0.4787882949328125,11,0.19526898318192992,33,0.29597559531160395,5,0.22571174265132576,7,0.17977124322265503
pDCs|CD8 T Cells|HLA-E|CD8B,pDCs,CD8 T Cells,HLA-E,CD8B,-0.16591952851627273,-0.3912228440230441,0.05938378699049865,44,0.14891595333062477,0.4787882949328125,10,0.5629666510475243,22,0.6746967891924954,5,0.44131108653437073,7,0.7189607531956146
pDCs|CD4 T Cells|LRPAP1|SORL1,pDCs,CD4 T Cells,LRPAP1,SORL1,-0.10243948665919578,-0.24167480504346045,0.036795831725068895,43,0.14930161314090076,0.4787882949328125,9,0.09859794423791778,22,0.06842529887783395,5,0.0,7,0.07226684129911196
Classical Monocytes|NK Cells|HLA-E|CD8A,Classical Monocytes,NK Cells,HLA-E,CD8A,-0.14282788222222298,-0.3372371585753532,0.05158139413090723,42,0.14988464897558001,0.480048806034589,8,0.32074045332095996,22,0.41743292230455536,5,0.43534457632080104,7,0.6748649275266194
pDCs|Non-classical Monocytes|SERPINF1|PLXDC2,pDCs,Non-classical Monocytes,SERPINF1,PLXDC2,0.16807592117820547,-0.06082212156814967,0.39697396392456064,43,0.15010291241705284,0.48013931604796517,10,0.31868842604481695,21,0.41080497355758105,5,0.4140646487492667,7,0.3381052750838253
CD4 T Cells|B Cells|TIMP1|CD63,CD4 T Cells,B Cells,TIMP1,CD63,-0.13686570998640907,-0.3234661058403977,0.04973468586757954,54,0.15055498551983867,0.48097654666072354,11,0.04708928796630227,32,0.07074810351085928,5,0.05060524565312825,6,0.21112977118409434
NK Cells|NK Cells|HLA-A|CD8A,NK Cells,NK Cells,HLA-A,CD8A,-0.10264815251429293,-0.24290090235334702,0.03760459732476115,42,0.15144160033392026,0.48269332926453945,8,0.7116437139833991,22,0.6555044406933032,5,0.9323804445587148,7,0.9788893237829118
CD8 T Cells|pDCs|IL16|CD4,CD8 T Cells,pDCs,IL16,CD4,-0.17994624101169593,-0.42583453105620117,0.06594204903280929,43,0.15147440051712693,0.48269332926453945,10,0.3662361932882433,21,0.2727692403277437,5,0.2758972742552702,7,0.36237656230646653
pDCs|Classical Monocytes|CALR|LRP1,pDCs,Classical Monocytes,CALR,LRP1,0.15004715697649718,-0.05511068262862695,0.3552049965816213,44,0.15172438023254456,0.48288099351088176,10,0.2893034436432308,22,0.3491395967366228,5,0.44353110170049026,7,0.3533200978173851
Classical Monocytes|NK Cells|LGALS9|PTPRC,Classical Monocytes,NK Cells,LGALS9,PTPRC,-0.13566453800746536,-0.3213280212440312,0.04999894522910048,56,0.15210143551330074,0.48347211011586283,11,0.3730882768675082,33,0.4637946233324999,5,0.39644514879627846,7,0.6228160332687356
Non-classical Monocytes|Classical Monocytes|HLA-C|LILRB2,Non-classical Monocytes,Classical Monocytes,HLA-C,LILRB2,-0.06414101950030604,-0.15211393376710994,0.023831894766497858,56,0.15300164043939984,0.48433117452494584,11,0.8673746834470815,33,0.8588498039252049,5,0.8054988849730776,7,0.8611150249515072
Non-classical Monocytes|Classical Monocytes|HLA-DPB1|CD4,Non-classical Monocytes,Classical Monocytes,HLA-DPB1,CD4,-0.08860389633168253,-0.2101694328677785,0.032961640204413445,56,0.1531383492067399,0.48433117452494584,11,0.7282721648827681,33,0.5462152281231788,5,0.8438054495562968,7,0.75035240912839
pDCs|Classical Monocytes|LGALS9|CD44,pDCs,Classical Monocytes,LGALS9,CD44,-0.1367179191508865,-0.3242770954504504,0.05084125714867743,43,0.15309599330353926,0.48433117452494584,10,0.35573568326476523,21,0.38846972301609706,5,0.298731144772454,7,0.4681831036746723
CD4 T Cells|Non-classical Monocytes|HLA-A|LILRB2,CD4 T Cells,Non-classical Monocytes,HLA-A,LILRB2,-0.01619922132641416,-0.038418556175671845,0.006020113522843526,56,0.15302414383864904,0.48433117452494584,11,0.9745203378172103,33,0.9678879598587398,5,0.9614756589546936,7,0.9710425023226372
Classical Monocytes|Non-classical Monocytes|ICAM1|IL2RG,Classical Monocytes,Non-classical Monocytes,ICAM1,IL2RG,-0.10784085846515354,-0.25604520573571266,0.040363488805405606,46,0.15382004667804164,0.485879072444264,10,0.10160168066147723,24,0.05197174756054459,5,0.0,7,0.0582109253642209
Classical Monocytes|CD8 T Cells|ICAM1|ITGAL_ITGB2,Classical Monocytes,CD8 T Cells,ICAM1,ITGAL_ITGB2,0.17909295776926273,-0.06717302067702877,0.4253589362155542,46,0.1540554262446975,0.4860150588269046,10,0.021001060264380634,24,0.07784344278776871,5,0.13640770759479082,7,0.014157132348916166
pDCs|Classical Monocytes|LTB|TNFRSF1A,pDCs,Classical Monocytes,LTB,TNFRSF1A,0.19147351952304675,-0.07209426204357311,0.4550413010896666,44,0.15448966045505305,0.4867772717829415,10,0.31404868322548074,22,0.39081514977196613,5,0.43606401063731237,7,0.321356957660751
CD8 T Cells|CD8 T Cells|HLA-DRA|LAG3,CD8 T Cells,CD8 T Cells,HLA-DRA,LAG3,0.16882793540299634,-0.06404240232315692,0.40169827312914963,55,0.15533183682883692,0.4868228572307875,11,0.0587373656743291,32,0.26106553651100306,5,0.12011554411596725,7,0.15361577954964487
NK Cells|Classical Monocytes|GNAS|ADCY7,NK Cells,Classical Monocytes,GNAS,ADCY7,-0.08864629406551339,-0.21107341070389585,0.033780822572869074,56,0.15585266778777487,0.4868228572307875,11,0.009642744106567897,33,0.04876482774413925,5,0.0,7,0.12776837770308475
CD8 T Cells|Classical Monocytes|GNAI2|ADCY7,CD8 T Cells,Classical Monocytes,GNAI2,ADCY7,0.11738338155947434,-0.04429884444902249,0.27906560756797116,56,0.1547480023286935,0.4868228572307875,11,0.009259842894775801,33,0.038225938161666285,5,0.10946013324648023,7,0.021042846953896372
Classical Monocytes|Classical Monocytes|GNAS|ADCY7,Classical Monocytes,Classical Monocytes,GNAS,ADCY7,-0.14543375904976194,-0.3462013681564031,0.05533385005687924,56,0.15567305372488757,0.4868228572307875,11,0.17390381168817315,33,0.13392069812479168,5,0.11748879994343511,7,0.2229394454298156
CD8 T Cells|CD4 T Cells|TNF|ICOS,CD8 T Cells,CD4 T Cells,TNF,ICOS,0.22866806011679564,-0.08687408359251036,0.5442102038261016,42,0.15550500142403914,0.4868228572307875,7,0.09245533609230881,23,0.14565821178971186,5,0.3200769976148917,7,0.14461181319549912
NK Cells|Non-classical Monocytes|ANXA1|FPR1,NK Cells,Non-classical Monocytes,ANXA1,FPR1,-0.18154439488801388,-0.43178202477746763,0.06869323500143987,55,0.15504647737093694,0.4868228572307875,10,0.3358637254375646,33,0.3469065770776476,5,0.33645617587623666,7,0.5290434224043336
pDCs|B Cells|LGALS1|ITGB1,pDCs,B Cells,LGALS1,ITGB1,0.18337095140702625,-0.06946198217497024,0.43620388498902274,36,0.1551732397442614,0.4868228572307875,8,0.4499157306057353,16,0.4140305253295266,5,0.4127316061293729,7,0.19347544944613793
pDCs|NK Cells|HLA-B|CD8A,pDCs,NK Cells,HLA-B,CD8A,-0.12467303539721242,-0.2977736404832666,0.048427569688841765,31,0.1580578245197305,0.49228677899198364,7,0.6563075329771164,12,0.6066448934644133,5,0.8957773331205438,7,0.9707877290050531
CD8 T Cells|NK Cells|HLA-A|CD8A,CD8 T Cells,NK Cells,HLA-A,CD8A,-0.10519373078956507,-0.2512936899575493,0.040906228378419174,42,0.15818633341570665,0.49228677899198364,8,0.6962319820093206,22,0.637886849249122,5,0.9287665679875104,7,0.9756151660168768
pDCs|Classical Monocytes|HLA-A|LILRB2,pDCs,Classical Monocytes,HLA-A,LILRB2,-0.09090393451341205,-0.21706003045394337,0.03525216142711926,44,0.15786588455351502,0.49228677899198364,10,0.7657810866424285,22,0.7974166568265134,5,0.6778640250918723,7,0.8004035297893692
B Cells|Non-classical Monocytes|PTPN6|CLEC12A,B Cells,Non-classical Monocytes,PTPN6,CLEC12A,0.17476174062520525,-0.06819007867566998,0.4177135599260805,56,0.1585826479591944,0.49291310134426114,11,0.17019688236705585,33,0.2535699589430928,5,0.30681557293468187,7,0.21542690888551358
Classical Monocytes|NK Cells|HLA-C|CD8A,Classical Monocytes,NK Cells,HLA-C,CD8A,-0.14367903945480975,-0.3437821293511219,0.056424050441502394,42,0.15933746542460503,0.49343060989078086,8,0.48738500889446756,22,0.4264504309463985,5,0.7781699253976564,7,0.860914386904397
CD4 T Cells|NK Cells|HLA-E|CD8A,CD4 T Cells,NK Cells,HLA-E,CD8A,-0.14170758409444328,-0.3390308801608576,0.05561571197197099,42,0.15926532918284253,0.49343060989078086,8,0.42035577279654535,22,0.3937000085106039,5,0.72442567542193,7,0.8394774952304319
Classical Monocytes|CD8 T Cells|VCAN|ITGB1,Classical Monocytes,CD8 T Cells,VCAN,ITGB1,-0.12665473076788336,-0.30301898720212583,0.04970952566635908,56,0.159269063237659,0.49343060989078086,11,0.7045788277814938,33,0.6997000133594634,5,0.5183170251436129,7,0.6400929414894658
CD4 T Cells|CD8 T Cells|GNAI2|S1PR4,CD4 T Cells,CD8 T Cells,GNAI2,S1PR4,-0.10224814768558049,-0.24471585884756394,0.04021956347640296,55,0.15953019718273365,0.49343060989078086,11,0.05264046275834133,32,0.06295851790070267,5,0.0,7,0.11256620282794183
NK Cells|Classical Monocytes|ICAM3|ITGAL,NK Cells,Classical Monocytes,ICAM3,ITGAL,-0.1578286554731912,-0.37818610083608367,0.06252878988970129,53,0.16037746959448862,0.4954448235516781,10,0.5018715207173936,31,0.4160493196346881,5,0.3718581802795717,7,0.4438646346700573
Classical Monocytes|pDCs|HLA-DRA|CD4,Classical Monocytes,pDCs,HLA-DRA,CD4,-0.09075458974468986,-0.2175417231477357,0.03603254365835598,43,0.16063241146296392,0.4956265003258972,10,0.934432893469712,21,0.8126409869279757,5,0.8919728035931975,7,0.8609354867961511
NK Cells|Non-classical Monocytes|TGFB1|LPP,NK Cells,Non-classical Monocytes,TGFB1,LPP,-0.2325782246575273,-0.5582333778714257,0.09307692855637112,54,0.16157978492517522,0.49718901186519326,11,0.46337091177363426,31,0.3113176872689604,5,0.2685146125525951,7,0.3490396127054486
Classical Monocytes|B Cells|HBEGF|CD44,Classical Monocytes,B Cells,HBEGF,CD44,-0.1739870660779005,-0.41768983787159164,0.0697157057157907,50,0.1617290731116695,0.49718901186519326,10,0.3528358748158897,28,0.1652187043302241,5,0.32908599642223757,7,0.3154558920144725
B Cells|CD8 T Cells|HLA-DQB1|LAG3,B Cells,CD8 T Cells,HLA-DQB1,LAG3,0.17711216715089295,-0.07074330405623544,0.4249676383580213,55,0.16134929899847572,0.49718901186519326,11,0.4310697057356459,32,0.7267152026795264,5,0.44379827423163326,7,0.5623316040246208
Non-classical Monocytes|B Cells|LGALS9|PTPRC,Non-classical Monocytes,B Cells,LGALS9,PTPRC,-0.19610252509114917,-0.47104939635575394,0.07884434617345559,56,0.1621369214539785,0.49755813156299233,11,0.2862099446843182,33,0.3159104092206985,5,0.2195210177723692,7,0.4453240073998987
CD8 T Cells|CD8 T Cells|ICAM3|ITGAL,CD8 T Cells,CD8 T Cells,ICAM3,ITGAL,0.15685097059843706,-0.06311852554026592,0.37682046673714004,56,0.1622429364495076,0.49755813156299233,11,0.31946017671255433,33,0.2736001237111929,5,0.5353670993922525,7,0.332656075792454
Classical Monocytes|Classical Monocytes|ADAM10|NOTCH2,Classical Monocytes,Classical Monocytes,ADAM10,NOTCH2,0.02097671584230616,-0.00853783151775048,0.0504912632023628,56,0.16362139831296596,0.5010113281995228,11,0.0,33,0.02097671584230616,5,0.0,7,0.0
pDCs|pDCs|LRPAP1|SORL1,pDCs,pDCs,LRPAP1,SORL1,-0.1558041317383401,-0.37509781451302127,0.06348955103634105,38,0.163765475699567,0.5010113281995228,8,0.16559715648260664,19,0.09684817181788008,5,0.05670451020075995,6,0.14375965727437348
CD4 T Cells|Classical Monocytes|HLA-A|LILRB2,CD4 T Cells,Classical Monocytes,HLA-A,LILRB2,-0.05972594641079032,-0.14387324699275952,0.024421354171178883,56,0.16418287581645108,0.5010750328359563,11,0.8712895759305327,33,0.8788377251718069,5,0.8306694121899367,7,0.8979435078420013
pDCs|CD4 T Cells|HLA-DMB|CD4,pDCs,CD4 T Cells,HLA-DMB,CD4,-0.14188330606414806,-0.3417478412022352,0.05798122907393913,44,0.16411226877956908,0.5010750328359563,10,0.41772705714486175,22,0.3993797099731665,5,0.3681052155414742,7,0.491641174433927
Classical Monocytes|CD8 T Cells|HBEGF|CD44,Classical Monocytes,CD8 T Cells,HBEGF,CD44,-0.16959132301768898,-0.4091998996604427,0.07001725362506475,50,0.16537077594384575,0.5026997993672178,10,0.4868343127954117,28,0.3309294690009618,5,0.31329997578123236,7,0.3269864550044715
pDCs|Classical Monocytes|TGFB1|ITGB1,pDCs,Classical Monocytes,TGFB1,ITGB1,-0.18459880986493557,-0.4456132056254569,0.07641558589558575,42,0.16569886648745535,0.5026997993672178,10,0.3917119640767928,22,0.2153583464761382,5,0.18256051201673998,5,0.19080570428102092
Classical Monocytes|CD4 T Cells|MIF|CD44_CD74,Classical Monocytes,CD4 T Cells,MIF,CD44_CD74,-0.149118888501319,-0.3598039232797883,0.06156614627715026,56,0.16537301472094423,0.5026997993672178,11,0.3217450732581129,33,0.25409296423706,5,0.30744356905762793,7,0.388910348537894
CD8 T Cells|NK Cells|GNAI2|S1PR4,CD8 T Cells,NK Cells,GNAI2,S1PR4,-0.12127715749655253,-0.2926651390219419,0.05011082402883686,54,0.16547071108243927,0.5026997993672178,11,0.0666992192128319,31,0.09077900062863097,5,0.0,7,0.1453569389123516
CD8 T Cells|CD8 T Cells|HLA-F|CD8B,CD8 T Cells,CD8 T Cells,HLA-F,CD8B,-0.1889247621177947,-0.45631399154240593,0.07846446730681655,56,0.1661077690825591,0.5026997993672178,11,0.28617264679054727,33,0.29481189989369855,5,0.21512277221035642,7,0.4126867874313024
NK Cells|Classical Monocytes|CALR|LRP1,NK Cells,Classical Monocytes,CALR,LRP1,0.13728921297404428,-0.05698515801768367,0.33156358396577224,56,0.16603372403508776,0.5026997993672178,11,0.3368696888736809,33,0.4095948579869091,5,0.462349739537005,7,0.3977856956761889
B Cells|Non-classical Monocytes|MIF|TNFRSF14,B Cells,Non-classical Monocytes,MIF,TNFRSF14,0.16682116397359084,-0.06926704883820856,0.40290937678539024,56,0.16607669040719997,0.5026997993672178,11,0.16310316811224732,33,0.2234284211131913,5,0.2741061050754318,7,0.16761019410278497
pDCs|CD8 T Cells|HLA-E|CD8A,pDCs,CD8 T Cells,HLA-E,CD8A,-0.1480506437726355,-0.35801595152055354,0.06191466397528253,44,0.16696896009019135,0.504701629363533,10,0.6472132488555259,22,0.6984994581259044,5,0.481871053722933,7,0.681207906765947
B Cells|Classical Monocytes|MIF|CD74_CXCR4,B Cells,Classical Monocytes,MIF,CD74_CXCR4,0.159824411994154,-0.06748518448944082,0.3871340084777488,56,0.16817956401501744,0.5077535941050765,11,0.17455754354410316,33,0.31871718037453284,5,0.26119154322856725,7,0.24552676806484292
Classical Monocytes|CD4 T Cells|HLA-B|CD3D,Classical Monocytes,CD4 T Cells,HLA-B,CD3D,-0.0031342307897530564,-0.007603564644582479,0.001335103065076366,56,0.16929483437395865,0.5080432658956403,11,0.9962561469267474,33,0.9957968157727766,5,0.9934076622905735,7,0.9960825619263558
NK Cells|Classical Monocytes|VIM|CD44,NK Cells,Classical Monocytes,VIM,CD44,-0.10989349772490309,-0.26651998386327524,0.04673298841346904,56,0.16908022548209956,0.5080432658956403,11,0.6546681235849202,33,0.593614006458867,5,0.7487392904800115,7,0.7975786710788614
NK Cells|NK Cells|SPON2|ITGA4,NK Cells,NK Cells,SPON2,ITGA4,0.16853182842603537,-0.07162529855546709,0.4086889554075378,56,0.1690020482047636,0.5080432658956403,11,0.3479995827614264,33,0.3992879291372846,5,0.37263208671733095,7,0.2553886046671538
Non-classical Monocytes|CD8 T Cells|ICAM1|ITGAL_ITGB2,Non-classical Monocytes,CD8 T Cells,ICAM1,ITGAL_ITGB2,0.13787175123812112,-0.05881607443269507,0.33455957690893734,47,0.16948178597151753,0.5080432658956403,9,0.0113166689499674,26,0.07706854802102878,5,0.12689951807467156,7,0.054779645907611814
Non-classical Monocytes|Non-classical Monocytes|MIF|CD44_CD74,Non-classical Monocytes,Non-classical Monocytes,MIF,CD44_CD74,-0.15411535063929155,-0.37393791884538996,0.06570721756680684,56,0.16940732708923956,0.5080432658956403,11,0.5529888418961604,33,0.39007292327185733,5,0.4051216641163256,7,0.39632109613131405
CD4 T Cells|CD4 T Cells|LGALS1|CD69,CD4 T Cells,CD4 T Cells,LGALS1,CD69,0.062396547603116415,-0.026420312918799302,0.15121340812503214,56,0.1685325461071684,0.5080432658956403,11,0.6727152293892366,33,0.7663066311450991,5,0.8490874349945567,7,0.8802822891473029
CD8 T Cells|Non-classical Monocytes|TNF|TNFRSF1B,CD8 T Cells,Non-classical Monocytes,TNF,TNFRSF1B,-0.15236570935739824,-0.3702092020288127,0.06547778331401621,43,0.17042093214504228,0.5084459215236385,7,0.46094403066183764,24,0.3764637578037729,5,0.4174714528848682,7,0.4853568893842017
B Cells|CD4 T Cells|CALM1|PTPRA,B Cells,CD4 T Cells,CALM1,PTPRA,-0.12038127175668323,-0.2922981898805081,0.05153564636714164,55,0.1699313878190074,0.5084459215236385,11,0.5278796997579227,32,0.4225595105132199,5,0.4416245440376002,7,0.4566856265495806
B Cells|Non-classical Monocytes|LRPAP1|LRP1,B Cells,Non-classical Monocytes,LRPAP1,LRP1,0.17133903958860208,-0.07353863374162181,0.416216712918826,56,0.17025906956094294,0.5084459215236385,11,0.02715121529084321,33,0.06158960033072121,5,0.13690065454872408,7,0.0
NK Cells|CD8 T Cells|HLA-DPA1|LAG3,NK Cells,CD8 T Cells,HLA-DPA1,LAG3,0.17776012939798785,-0.07636390748003324,0.43188416627600895,55,0.17037569579714618,0.5084459215236385,11,0.03670486095117976,32,0.24550166393439396,5,0.24828079311352683,7,0.2793174666987532
CD4 T Cells|Non-classical Monocytes|MIF|CD74_CXCR4,CD4 T Cells,Non-classical Monocytes,MIF,CD74_CXCR4,0.18927897668078847,-0.08150216447466202,0.46006011783623896,56,0.17067558830770035,0.5086052024216495,11,0.3994547738746814,33,0.5036597829034055,5,0.5014580492689338,7,0.4163840816168694
Non-classical Monocytes|pDCs|HLA-DPB1|CD4,Non-classical Monocytes,pDCs,HLA-DPB1,CD4,-0.09178777549053041,-0.2232083101617255,0.03963275918066467,43,0.17103252385208356,0.5090685368365314,10,0.8487094654856554,21,0.6943065251277238,5,0.9094131391976191,7,0.846797974330218
Non-classical Monocytes|pDCs|LGALS1|PTPRC,Non-classical Monocytes,pDCs,LGALS1,PTPRC,-0.04973866227264068,-0.12111005753987908,0.021632732994597725,44,0.1719712416678949,0.5112603855232594,10,0.9192104683329403,22,0.8907830581472915,5,0.8896058727392895,7,0.9109171248262814
NK Cells|NK Cells|CD48|CD2,NK Cells,NK Cells,CD48,CD2,-0.18825389712078694,-0.4586492390679799,0.08214144482640601,56,0.17239116247009856,0.5119065423759567,11,0.17665810986482802,33,0.27591302356005315,5,0.34949494962677324,7,0.6370037604427853
CD4 T Cells|Classical Monocytes|LGALS1|ITGB1,CD4 T Cells,Classical Monocytes,LGALS1,ITGB1,0.1073113668504696,-0.04691442521594877,0.261537158916888,56,0.17264424019889413,0.5120563321392083,11,0.30940252553058684,33,0.3254795259750304,5,0.43427174267011903,7,0.343037376264093
B Cells|pDCs|HLA-DOB|CD4,B Cells,pDCs,HLA-DOB,CD4,0.1294979391148706,-0.05699597343325616,0.31599185166299737,43,0.1735254129097662,0.5140664928757083,10,0.11770266606122722,21,0.24550330244043447,5,0.1861388358278691,7,0.18444153309220576
Classical Monocytes|Classical Monocytes|ADAM15|ITGB1,Classical Monocytes,Classical Monocytes,ADAM15,ITGB1,0.04629334094136746,-0.0204314109481451,0.11301809283088002,53,0.17388865242647766,0.5145393731635938,10,0.0,31,0.04074735526959541,5,0.02133083281311936,7,0.015784847141347313
Non-classical Monocytes|CD4 T Cells|TNFSF13B|HLA-DPB1,Non-classical Monocytes,CD4 T Cells,TNFSF13B,HLA-DPB1,-0.09861766314339765,-0.24086502093125625,0.04362969464446095,56,0.17420694682690174,0.5148783095106207,11,0.43426400565587375,33,0.35073023706364914,5,0.40985538062480414,7,0.4249392751759772
pDCs|Classical Monocytes|GNAI2|FPR1,pDCs,Classical Monocytes,GNAI2,FPR1,0.1411331990400985,-0.06306984293869392,0.34533624101889093,44,0.17554105826045563,0.5152356708281425,10,0.30587712905882947,22,0.23847250943690446,5,0.33908014434919986,7,0.13054232568717636
NK Cells|CD8 T Cells|CD48|CD2,NK Cells,CD8 T Cells,CD48,CD2,-0.15106089705772813,-0.36958480962132817,0.06746301550587191,56,0.17545544412211533,0.5152356708281425,11,0.3404595845143845,33,0.4635982325568861,5,0.38620084981590014,7,0.6604003949161299
Classical Monocytes|B Cells|PKM|CD44,Classical Monocytes,B Cells,PKM,CD44,-0.12262336471436,-0.2998631294203823,0.05461639999166229,56,0.17509870568746888,0.5152356708281425,11,0.1764147310483356,33,0.19191391971933125,5,0.08464934370651678,7,0.22277189709187242
B Cells|CD4 T Cells|HMGB1|CXCR4,B Cells,CD4 T Cells,HMGB1,CXCR4,-0.034949445547758584,-0.0854516815696906,0.015552790474173427,56,0.1749818722191423,0.5152356708281425,11,0.918045223806081,33,0.8911454997553848,5,0.9678098417398744,7,0.9758595632369368
NK Cells|Classical Monocytes|HLA-C|LILRB2,NK Cells,Classical Monocytes,HLA-C,LILRB2,-0.03638919593051715,-0.08903601530744071,0.016257623446406404,56,0.1755079075071293,0.5152356708281425,11,0.9184588053518955,33,0.9164548301613777,5,0.8877815777578247,7,0.9221667984978241
Non-classical Monocytes|Non-classical Monocytes|HLA-DMA|CD4,Non-classical Monocytes,Non-classical Monocytes,HLA-DMA,CD4,0.1286153125444305,-0.0574802044006254,0.3147108294894864,56,0.17555121194421475,0.5152356708281425,11,0.1691791680203047,33,0.21072532511235695,5,0.25520341404381214,7,0.16813425859143388
NK Cells|CD8 T Cells|SPON2|ITGA4,NK Cells,CD8 T Cells,SPON2,ITGA4,0.1590922823653122,-0.07145879392755425,0.3896433586581787,56,0.17622261129460803,0.5160075767572126,11,0.37366546707975057,33,0.402816576535423,5,0.4049064307587254,7,0.27496525784908565
B Cells|CD4 T Cells|PKM|CD44,B Cells,CD4 T Cells,PKM,CD44,-0.12657955089961737,-0.3099695121018151,0.056810410302580355,56,0.1761170559607148,0.5160075767572126,11,0.18504192324452715,33,0.22125361458097118,5,0.18451501044078827,7,0.34730625267684967
pDCs|Classical Monocytes|RPS19|C5AR1,pDCs,Classical Monocytes,RPS19,C5AR1,-0.03504596909100499,-0.08588089936087681,0.015788961178866835,44,0.17662709433040447,0.516176527474137,10,0.9714294994167441,22,0.9371076224958472,5,0.9704160075187251,7,0.9711400996888333
NK Cells|pDCs|SPON2|ITGA4,NK Cells,pDCs,SPON2,ITGA4,0.20986288351774784,-0.09459117015570767,0.5143169371912033,37,0.17668883904437216,0.516176527474137,7,0.3028243284014968,18,0.4594003839808311,5,0.29775108372964953,7,0.24446425579123598
Non-classical Monocytes|NK Cells|SELPLG|ITGB2,Non-classical Monocytes,NK Cells,SELPLG,ITGB2,-0.12066253986019049,-0.29659694755859856,0.05527186783821755,56,0.17887783878442487,0.5178189002216665,11,0.7092865695802488,33,0.6361885474743795,5,0.5171131254518325,7,0.5646776432061537
Non-classical Monocytes|CD8 T Cells|LGALS1|ITGB1,Non-classical Monocytes,CD8 T Cells,LGALS1,ITGB1,-0.08799410058196122,-0.2164583088342192,0.04047010767029677,56,0.179428713328612,0.5178189002216665,11,0.8699381756806168,33,0.903233057428617,5,0.6698812439926313,7,0.7911702263225927
CD8 T Cells|NK Cells|S100A9|ITGB2,CD8 T Cells,NK Cells,S100A9,ITGB2,0.21058022165189588,-0.09653426863072395,0.5176947119345157,51,0.17898231954274468,0.5178189002216665,9,0.4839677410022368,32,0.7722968295506613,5,0.5489653944400474,5,0.626714261336576
B Cells|Classical Monocytes|CD99|PILRA,B Cells,Classical Monocytes,CD99,PILRA,-0.1549134125520506,-0.38076823349780425,0.07094140839370305,56,0.17883984117656349,0.5178189002216665,11,0.22745565406831264,33,0.2253428467932115,5,0.22139588528990428,7,0.3741964905668538
Non-classical Monocytes|Classical Monocytes|LGALS9|PTPRC,Non-classical Monocytes,Classical Monocytes,LGALS9,PTPRC,-0.0973583885422808,-0.23904682796383447,0.044330050879272886,56,0.17806069625066767,0.5178189002216665,11,0.522410297209134,33,0.5598464287746768,5,0.48473124465690304,7,0.6195257647647266
Non-classical Monocytes|CD8 T Cells|HLA-DQA1|LAG3,Non-classical Monocytes,CD8 T Cells,HLA-DQA1,LAG3,0.17701904227768975,-0.08145969344148499,0.4354977779968645,54,0.17950508769061335,0.5178189002216665,11,0.28206263037627716,31,0.29252840165352434,5,0.3831788670414631,7,0.21662559604102052
NK Cells|B Cells|SPON2|ITGB2,NK Cells,B Cells,SPON2,ITGB2,0.14985685959602502,-0.0686999417350132,0.36841366092706324,56,0.17898729283253667,0.5178189002216665,11,0.5320969184677671,33,0.4692257445269399,5,0.3320735063928292,7,0.11934547285597696
CD8 T Cells|Classical Monocytes|VIM|CD44,CD8 T Cells,Classical Monocytes,VIM,CD44,-0.08731437848273493,-0.21477386786349417,0.040145110898024305,56,0.1793864662327036,0.5178189002216665,11,0.7851638903002819,33,0.687833043454401,5,0.8380819536285857,7,0.8280654852654398
pDCs|Classical Monocytes|HLA-DPA1|CD4,pDCs,Classical Monocytes,HLA-DPA1,CD4,-0.09287654180088667,-0.2281113471837184,0.042358263581945055,44,0.1782819397323172,0.5178189002216665,10,0.7372751047725539,22,0.6009972810468102,5,0.708304163754156,7,0.6649028818292989
Non-classical Monocytes|Classical Monocytes|PTPN6|CD300LF,Non-classical Monocytes,Classical Monocytes,PTPN6,CD300LF,-0.1357587041648078,-0.3334880737536522,0.06197066542403659,51,0.17840294448727878,0.5178189002216665,11,0.49461472250632094,28,0.32396726877154297,5,0.446041575160762,7,0.4111528255907918
B Cells|Classical Monocytes|LRPAP1|SORL1,B Cells,Classical Monocytes,LRPAP1,SORL1,0.046465173654298295,-0.021179923837459425,0.11411027114605601,54,0.1782083014149165,0.5178189002216665,11,0.0,31,0.07402362874803184,5,0.0,7,0.02755845509373354
NK Cells|pDCs|HLA-DRA|CD4,NK Cells,pDCs,HLA-DRA,CD4,0.14793317197667266,-0.06859639386319927,0.3644627378165446,42,0.18055473583569281,0.520252927544807,10,0.3034513483156565,21,0.20178223213003083,5,0.44808139053850826,6,0.1984791023762099
pDCs|NK Cells|CLEC2B|KLRF1,pDCs,NK Cells,CLEC2B,KLRF1,0.14001415090325386,-0.06515439562594294,0.34518269743245067,43,0.18104396186390925,0.5203988622591789,10,0.4654305131430472,22,0.4218178082227311,5,0.29327884112475844,6,0.10965198530118853
B Cells|pDCs|GNAI2|CXCR3,B Cells,pDCs,GNAI2,CXCR3,-0.1274519375238068,-0.3142236024510249,0.05931972740341129,41,0.18106977740153396,0.5203988622591789,10,0.13447380354819843,19,0.18768711871624577,5,0.0069752933522480905,7,0.1876405460441022
B Cells|NK Cells|VIM|CD44,B Cells,NK Cells,VIM,CD44,-0.18269869475463252,-0.4505246594899042,0.08512726998063919,56,0.18122318907323998,0.5203988622591789,11,0.1173978496241525,33,0.1814406149823571,5,0.20680936649620563,7,0.4535508266090427
NK Cells|Non-classical Monocytes|CALR|LRP1,NK Cells,Non-classical Monocytes,CALR,LRP1,-0.1830061892202945,-0.4514257689566006,0.0854133905160116,56,0.1814555510734438,0.5204746623865976,11,0.4606902438726806,33,0.3907569663434279,5,0.40149464706997245,7,0.5145675587610142
Non-classical Monocytes|CD8 T Cells|HLA-E|CD8B,Non-classical Monocytes,CD8 T Cells,HLA-E,CD8B,-0.12538275808036292,-0.30963248587121717,0.058866969710491324,56,0.1822811482845369,0.5222499565929986,11,0.7421659147276536,33,0.7690117065070492,5,0.675879400327105,7,0.8281079501868636
Non-classical Monocytes|Classical Monocytes|ICAM3|ITGAL,Non-classical Monocytes,Classical Monocytes,ICAM3,ITGAL,-0.15372864393690927,-0.3800145850510148,0.0725572971771963,53,0.18302036741155414,0.5237740299535644,10,0.4823946340064945,31,0.2830984951253433,5,0.34610778298654815,7,0.3005402880423062
CD4 T Cells|CD8 T Cells|HLA-DRA|LAG3,CD4 T Cells,CD8 T Cells,HLA-DRA,LAG3,0.18346841248111356,-0.08734396682640905,0.4542807917886362,53,0.184235885473384,0.5245030434385859,11,0.046328241021895325,32,0.22689188194541046,5,0.14125602728944786,5,0.13835125573184942
Non-classical Monocytes|Non-classical Monocytes|TGFB1|CXCR4,Non-classical Monocytes,Non-classical Monocytes,TGFB1,CXCR4,0.19289251162334278,-0.09188048512015537,0.47766550836684096,56,0.18431290169112158,0.5245030434385859,11,0.21225175482892036,33,0.2992742430089597,5,0.4355606094877117,7,0.32969058604440826
CD8 T Cells|Non-classical Monocytes|PTPN6|CD300LF,CD8 T Cells,Non-classical Monocytes,PTPN6,CD300LF,-0.10872485083382334,-0.2690252794110437,0.05157557774339701,56,0.18372961026209478,0.5245030434385859,11,0.10472551645814225,33,0.10137113980052052,5,0.0,7,0.10537047417620161
Non-classical Monocytes|Non-classical Monocytes|HLA-DRA|CD4,Non-classical Monocytes,Non-classical Monocytes,HLA-DRA,CD4,-0.03444867975315857,-0.08529277222062091,0.016395412714303767,56,0.18419619101900697,0.5245030434385859,11,0.906064887148239,33,0.8591175590140525,5,0.9205553333102776,7,0.9080566849292497
Non-classical Monocytes|CD8 T Cells|VCAN|ITGB1,Non-classical Monocytes,CD8 T Cells,VCAN,ITGB1,0.1928919247001929,-0.09156238015080537,0.47734622955119116,55,0.18382308799548475,0.5245030434385859,10,0.22896255467307633,33,0.365330039956922,5,0.2781594742286339,7,0.22163503481228666
Non-classical Monocytes|NK Cells|LGALS1|ITGB1,Non-classical Monocytes,NK Cells,LGALS1,ITGB1,0.03715511926051707,-0.017783193391316447,0.09209343191235059,56,0.1849935315309732,0.525256914807606,11,0.8431653370333609,33,0.9067656529150865,5,0.8960581652830382,7,0.9225033619042466
CD8 T Cells|Classical Monocytes|HLA-F|LILRB2,CD8 T Cells,Classical Monocytes,HLA-F,LILRB2,0.1266147243286509,-0.06053329098418131,0.3137627396414831,56,0.1848361022127204,0.525256914807606,11,0.3374841533450517,33,0.26678125753051984,5,0.39870414707373847,7,0.2013865269305557
Non-classical Monocytes|Non-classical Monocytes|GRN|TNFRSF1B,Non-classical Monocytes,Non-classical Monocytes,GRN,TNFRSF1B,-0.054973416050407065,-0.1363342024437031,0.02638737034288896,56,0.18540413992536753,0.5258319434246955,11,0.6964262118163052,33,0.7287833325013995,5,0.6403375795955192,7,0.7276681163310206
NK Cells|CD8 T Cells|SELPLG|SELL,NK Cells,CD8 T Cells,SELPLG,SELL,-0.13515400470189082,-0.3352945296941627,0.06498652029038104,56,0.18565089685751057,0.5259414981602346,11,0.18767575769473757,33,0.19823967273489945,5,0.10333041584134586,7,0.24904833558339856
Non-classical Monocytes|CD8 T Cells|ICAM1|SPN,Non-classical Monocytes,CD8 T Cells,ICAM1,SPN,0.10221189733895289,-0.04978803203441526,0.254211826712321,47,0.1875130506335727,0.5282057921860029,9,0.0209056304493377,26,0.10863707334131044,5,0.04897801154461985,7,0.0344975570976397
Non-classical Monocytes|NK Cells|ICAM1|SPN,Non-classical Monocytes,NK Cells,ICAM1,SPN,-0.13326458715174266,-0.3312343908308105,0.06470521652732517,47,0.18704819512753335,0.5282057921860029,9,0.19051896536167184,26,0.15539712472503345,5,0.0,7,0.09814274651510425
Classical Monocytes|CD4 T Cells|PKM|CD44,Classical Monocytes,CD4 T Cells,PKM,CD44,-0.07397395453399835,-0.18390131467302934,0.03595340560503264,56,0.1871931434468097,0.5282057921860029,11,0.5843554512763863,33,0.5582079203620134,5,0.5146338536326424,7,0.5624602772522678
Classical Monocytes|pDCs|GNAI2|ADCY7,Classical Monocytes,pDCs,GNAI2,ADCY7,0.24380555417775043,-0.11890299662907325,0.6065141049845741,34,0.18768808429887107,0.5282057921860029,6,0.2656666469652422,17,0.3796577737354193,5,0.36924173225375095,6,0.2394273048461776
pDCs|Classical Monocytes|PKM|CD44,pDCs,Classical Monocytes,PKM,CD44,-0.10504791058938534,-0.2609929459144149,0.050897124735644256,44,0.18674366894891925,0.5282057921860029,10,0.5946992843804086,22,0.4542267433475828,5,0.6061842873690537,7,0.5707596569256131
CD8 T Cells|NK Cells|PKM|CD44,CD8 T Cells,NK Cells,PKM,CD44,-0.16377735403719926,-0.40755263424369526,0.07999792616929677,56,0.18791333881092864,0.5282057921860029,11,0.3038914356541491,33,0.25918929811708014,5,0.13851836578802837,7,0.25759358228815865
B Cells|B Cells|VIM|CD44,B Cells,B Cells,VIM,CD44,-0.13527282177308037,-0.33656226168512665,0.06601661813896592,56,0.18778589754060238,0.5282057921860029,11,0.06757073875606101,33,0.21001724349888964,5,0.09085311866287597,7,0.36857244517878496
CD8 T Cells|Non-classical Monocytes|MFNG|NOTCH2,CD8 T Cells,Non-classical Monocytes,MFNG,NOTCH2,-0.05670880358222191,-0.14119232498324594,0.027774717818802114,56,0.18830558344874293,0.5287202326388593,11,0.030109062596200668,33,0.027561897538700853,5,0.0,7,0.0541616385247221
pDCs|Non-classical Monocytes|PSAP|LRP1,pDCs,Non-classical Monocytes,PSAP,LRP1,0.12084812369276077,-0.05948236135933105,0.3011786087448526,44,0.1890259533601366,0.5295122989750348,10,0.3303601101422112,22,0.3035874315209054,5,0.4481197422138165,7,0.3004989398997499
CD4 T Cells|Classical Monocytes|ANXA2|TLR2,CD4 T Cells,Classical Monocytes,ANXA2,TLR2,-0.14121826896367504,-0.35203593066992156,0.06959939274257151,56,0.18921630628193764,0.5295122989750348,11,0.2791274555652761,33,0.2620905950360994,5,0.22498081505892906,7,0.3491622234934274
CD8 T Cells|CD8 T Cells|HLA-F|CD8A,CD8 T Cells,CD8 T Cells,HLA-F,CD8A,-0.17732017034428985,-0.44202751551203623,0.08738717482345651,56,0.1892078953123174,0.5295122989750348,11,0.30955547542647727,33,0.38334210893010184,5,0.1276264805143317,7,0.3787332843622461
Non-classical Monocytes|CD4 T Cells|ICAM1|SPN,Non-classical Monocytes,CD4 T Cells,ICAM1,SPN,0.15662195421241837,-0.0774416710212181,0.39068557944605486,47,0.18969041560971744,0.5298893580324069,9,0.1831705858371104,26,0.2247397526540504,5,0.14631101878941838,7,0.03125823139394003
Non-classical Monocytes|CD8 T Cells|MIF|TNFRSF14,Non-classical Monocytes,CD8 T Cells,MIF,TNFRSF14,0.1445951369098464,-0.07163801264406361,0.3608282864637564,56,0.189983411563186,0.5298893580324069,11,0.33180397895756425,33,0.32301849937651167,5,0.2897527947737844,7,0.13637217828288542
Classical Monocytes|Non-classical Monocytes|TIMP2|CD44,Classical Monocytes,Non-classical Monocytes,TIMP2,CD44,-0.0987385572846799,-0.24646480499830148,0.04898769042894169,56,0.19018980915528017,0.5298893580324069,11,0.37303840569940666,33,0.26100890213101346,5,0.29882216530450334,7,0.28553121902079004
Classical Monocytes|Non-classical Monocytes|TIMP2|ITGB1,Classical Monocytes,Non-classical Monocytes,TIMP2,ITGB1,-0.13002023729774553,-0.32450952507939085,0.06446905048389978,56,0.19010189866286364,0.5298893580324069,11,0.314426188384026,33,0.18213906965507448,5,0.34104001959006924,7,0.3387731381588633
NK Cells|Non-classical Monocytes|HLA-F|LILRB1,NK Cells,Non-classical Monocytes,HLA-F,LILRB1,0.12547605805805995,-0.062436968957751,0.31338908507387087,56,0.19062377216327475,0.5305135157010961,11,0.2727561418848934,33,0.2704069850086885,5,0.44460409892373176,7,0.3167788839894669
CD8 T Cells|CD8 T Cells|SELPLG|ITGB2,CD8 T Cells,CD8 T Cells,SELPLG,ITGB2,0.11930213179775107,-0.05960297444547888,0.29820723804098104,56,0.1912147849771535,0.5315728950905027,11,0.3698687790839797,33,0.3689370507086905,5,0.5205366211970688,7,0.4003027610240285
Non-classical Monocytes|Classical Monocytes|GRN|TNFRSF1B,Non-classical Monocytes,Classical Monocytes,GRN,TNFRSF1B,0.08073400163332661,-0.04056762040549733,0.20203562367215055,56,0.19206942481483957,0.5333620181396699,11,0.45648188017331,33,0.6057724978300869,5,0.5340453309965827,7,0.602601947020033
CD4 T Cells|CD4 T Cells|HLA-DPB1|CD4,CD4 T Cells,CD4 T Cells,HLA-DPB1,CD4,0.07647186245184567,-0.03855050485042097,0.19149422975411232,56,0.19255116110631687,0.5341128255934827,11,0.006920073069129057,33,0.0921140514574168,5,0.03509074406238062,7,0.04381285999882269
Non-classical Monocytes|Classical Monocytes|PKM|CD44,Non-classical Monocytes,Classical Monocytes,PKM,CD44,-0.06308851716960406,-0.15803062260491216,0.03185358826570403,56,0.19278463671682644,0.5341740975695399,11,0.7581062073949135,33,0.649172480587991,5,0.7374907663617775,7,0.691645556724459
B Cells|CD8 T Cells|HLA-DRA|LAG3,B Cells,CD8 T Cells,HLA-DRA,LAG3,0.09460325718007534,-0.04790156145607938,0.23710807581623006,55,0.19320992063941267,0.5347661220764467,11,0.7673936261561125,32,0.9163240563277976,5,0.7894081951470101,7,0.8437353681386198
Classical Monocytes|Classical Monocytes|HLA-C|LILRB2,Classical Monocytes,Classical Monocytes,HLA-C,LILRB2,-0.08266680386790015,-0.20732173754871278,0.04198812981291247,56,0.1936764684974649,0.5354709364257043,11,0.7665330505999006,33,0.7725557233915576,5,0.6824506701182738,7,0.7711401467778309
pDCs|CD4 T Cells|LGALS9|CD47,pDCs,CD4 T Cells,LGALS9,CD47,-0.1630449792338144,-0.40978864760331624,0.08369868913568743,43,0.19527935742201896,0.5393124985851824,10,0.32070533378934246,21,0.22652206912305084,5,0.18698770334352627,7,0.25584941791104904
Non-classical Monocytes|CD8 T Cells|S100A9|ITGB2,Non-classical Monocytes,CD8 T Cells,S100A9,ITGB2,-0.08248730160477713,-0.20740241558580863,0.042427812376254356,56,0.19557699664893335,0.5395448368251687,11,0.9656695463739453,33,0.9924959090061195,5,0.8529599964890087,7,0.96227366072596
CD4 T Cells|pDCs|VIM|CD44,CD4 T Cells,pDCs,VIM,CD44,-0.09861115593602243,-0.24840134629456176,0.051179034422516895,44,0.19694644394451133,0.539697342585968,10,0.7539458698802594,22,0.6920486549558952,5,0.7117627266490723,7,0.7484766676607305
NK Cells|Non-classical Monocytes|TGFB1|ITGB1,NK Cells,Non-classical Monocytes,TGFB1,ITGB1,0.09576792668982795,-0.04956219686535812,0.24109805024501402,56,0.19651167925427926,0.539697342585968,11,0.199999610594079,33,0.21091507585611777,5,0.1575979351963083,7,0.07274547376851911
NK Cells|B Cells|LGALS1|CD69,NK Cells,B Cells,LGALS1,CD69,0.06110585386892331,-0.03175132673418633,0.15396303447203297,56,0.19712728421323644,0.539697342585968,11,0.8590199966064211,33,0.9175062783605977,5,0.9368213557866192,7,0.9342017836718725
B Cells|CD4 T Cells|CD47|SIRPG,B Cells,CD4 T Cells,CD47,SIRPG,0.03821953856851486,-0.019774644169648352,0.09621372130667807,53,0.19647400139426352,0.539697342585968,11,0.029524353386338784,30,0.07957393234854879,5,0.0,7,0.011830040393695142
Non-classical Monocytes|CD4 T Cells|ADAM15|ITGB1,Non-classical Monocytes,CD4 T Cells,ADAM15,ITGB1,-0.10121160419006003,-0.2549648970836251,0.05254168870350501,52,0.19698438561402154,0.539697342585968,8,0.3957803634370805,32,0.2929369113359971,5,0.49348971055471924,7,0.49185786264369585
Classical Monocytes|Classical Monocytes|MIF|CD44_CD74,Classical Monocytes,Classical Monocytes,MIF,CD44_CD74,-0.11616451595522592,-0.29253472482124776,0.060205692910795916,56,0.1967344917596321,0.539697342585968,11,0.570220508869003,33,0.392332348571642,5,0.47231024302387736,7,0.41058659868174235
CD4 T Cells|B Cells|SIRPG|CD47,CD4 T Cells,B Cells,SIRPG,CD47,0.03821953856851486,-0.019774644169648352,0.09621372130667807,53,0.19647400139426352,0.539697342585968,11,0.029524353386338784,30,0.07957393234854879,5,0.0,7,0.011830040393695142
Non-classical Monocytes|Classical Monocytes|ADAM10|CD44,Non-classical Monocytes,Classical Monocytes,ADAM10,CD44,0.10685648446866813,-0.05570865211698922,0.2694216210543255,56,0.19763685353229543,0.5401341843897728,11,0.27041971456800096,33,0.39580854305557367,5,0.2679915615009859,7,0.2865239055198905
Non-classical Monocytes|Classical Monocytes|HLA-A|APLP2,Non-classical Monocytes,Classical Monocytes,HLA-A,APLP2,0.020221799111141303,-0.010562128209764734,0.051005726432047344,56,0.19792355995691502,0.5401341843897728,11,0.9503916434477682,33,0.9635751829673155,5,0.9538719478316289,7,0.9468336882400349
Classical Monocytes|CD8 T Cells|HLA-DQB1|LAG3,Classical Monocytes,CD8 T Cells,HLA-DQB1,LAG3,0.21943937928154925,-0.11461961962871106,0.5534983781918096,54,0.19792807864856732,0.5401341843897728,11,0.2560766401532644,31,0.27461936679973603,5,0.32123476804612616,7,0.12033811541104852
Non-classical Monocytes|pDCs|ADAM17|ITGB1,Non-classical Monocytes,pDCs,ADAM17,ITGB1,-0.08266519765765379,-0.20857913419454657,0.043248738879238996,44,0.1981785254854882,0.5402342329038066,10,0.08572655023695341,22,0.04580503017684734,5,0.0,7,0.04274367759754771
B Cells|CD4 T Cells|HLA-DOB|CD4,B Cells,CD4 T Cells,HLA-DOB,CD4,-0.10004894784256763,-0.25252882331288085,0.052430927627745594,56,0.19843570414315603,0.5403523969501673,11,0.13043495370719582,33,0.11920963419821155,5,0.0,7,0.08882362833358336
CD4 T Cells|NK Cells|HLA-A|CD8A,CD4 T Cells,NK Cells,HLA-A,CD8A,-0.11143130791892641,-0.281367143886812,0.05850452804895917,42,0.19872278626210182,0.5405516478841026,8,0.6295899979367415,22,0.5684387808196106,5,0.9111391020606465,7,0.9614191928624419
Non-classical Monocytes|Classical Monocytes|VCAN|SELL,Non-classical Monocytes,Classical Monocytes,VCAN,SELL,0.19348068658834475,-0.10276981101580737,0.48973118419249684,55,0.20052787466249888,0.5415096222923932,10,0.2442757344483041,33,0.3993717943342922,5,0.2307924225772701,7,0.19240779587491344
B Cells|NK Cells|HLA-A|CD8A,B Cells,NK Cells,HLA-A,CD8A,-0.1276479784225446,-0.32307322144606554,0.06777726460097633,42,0.2004711279246595,0.5415096222923932,8,0.535840943399893,22,0.4890234407424879,5,0.8430300239004629,7,0.9238604996656024
Non-classical Monocytes|Non-classical Monocytes|S100A8|CD68,Non-classical Monocytes,Non-classical Monocytes,S100A8,CD68,-0.12003315838375417,-0.30353481692227413,0.06346850015476577,56,0.1998205842496683,0.5415096222923932,11,0.9122816753407599,33,0.9836314288127669,5,0.7492390518016456,7,0.9406219636574068
Classical Monocytes|CD8 T Cells|LGALS9|CD47,Classical Monocytes,CD8 T Cells,LGALS9,CD47,-0.14960487840906128,-0.3781921313729991,0.07898237455487656,56,0.19957986833327002,0.5415096222923932,11,0.40816358695333393,33,0.24406908941609437,5,0.28749212440434574,7,0.2730025052761675
CD8 T Cells|Classical Monocytes|HLA-DPA1|CD4,CD8 T Cells,Classical Monocytes,HLA-DPA1,CD4,0.09987271923886926,-0.05309739476400471,0.2528428332417432,56,0.20067118624273528,0.5415096222923932,11,0.2862479878756174,33,0.35099142730103267,5,0.29879796452695373,7,0.26366868471349975
Classical Monocytes|CD8 T Cells|LGALS1|ITGB1,Classical Monocytes,CD8 T Cells,LGALS1,ITGB1,-0.07903537098974844,-0.20012170017431358,0.04205095819481669,56,0.2007892821875633,0.5415096222923932,11,0.8967252194443642,33,0.9211760229222351,5,0.7130175875014142,7,0.8165037619690335
Non-classical Monocytes|Non-classical Monocytes|ANXA1|FPR1,Non-classical Monocytes,Non-classical Monocytes,ANXA1,FPR1,-0.137368325579538,-0.3478142341705046,0.07307758301142861,55,0.20076881900379173,0.5415096222923932,10,0.36569578147526155,33,0.4051760212529053,5,0.3854374650172587,7,0.5622860303744405
pDCs|Classical Monocytes|APP|LRP1,pDCs,Classical Monocytes,APP,LRP1,0.10877779825539657,-0.05757168133754115,0.2751272778483343,44,0.19996807573251296,0.5415096222923932,10,0.2796394048827369,22,0.3525373733933997,5,0.31207218999661146,7,0.27619236025187766
Classical Monocytes|pDCs|CD14|ITGB2,Classical Monocytes,pDCs,CD14,ITGB2,-0.15097286543860622,-0.38271090963030285,0.08076517875309039,44,0.2016450655127422,0.5429564043207221,10,0.5428825682315772,22,0.5067941474079863,5,0.46235653227460016,7,0.5772409768896155
pDCs|Non-classical Monocytes|TNFSF13B|HLA-DPB1,pDCs,Non-classical Monocytes,TNFSF13B,HLA-DPB1,-0.1489327415729178,-0.3775952472300036,0.07972976408416801,43,0.20175546642546816,0.5429564043207221,10,0.672070228465984,21,0.615159956631359,5,0.6894834620725883,7,0.7815059318108811
pDCs|Non-classical Monocytes|S100A8|ITGB2,pDCs,Non-classical Monocytes,S100A8,ITGB2,0.1436949674101229,-0.07714743961835147,0.36453737443859724,42,0.20220846216025323,0.5431245289373035,9,0.4476248146359447,22,0.6287650734378974,5,0.5350440416697804,6,0.5724893330616102
Non-classical Monocytes|Classical Monocytes|SELPLG|SELL,Non-classical Monocytes,Classical Monocytes,SELPLG,SELL,0.11879765784614096,-0.06379640408867909,0.301391719780961,56,0.20224779648990998,0.5431245289373035,11,0.20065582984791416,33,0.32394535433441274,5,0.27324108096116584,7,0.27773294760152345
pDCs|Non-classical Monocytes|HLA-DPA1|CD4,pDCs,Non-classical Monocytes,HLA-DPA1,CD4,-0.07505546561059573,-0.19059907827281583,0.040488147051624374,44,0.20295972526297512,0.5444577767935649,10,0.7411327517044894,22,0.6722805681875841,5,0.7060861349939154,7,0.7122894170876057
Classical Monocytes|CD8 T Cells|HLA-E|CD8A,Classical Monocytes,CD8 T Cells,HLA-E,CD8A,-0.13803951495362865,-0.35083068390523275,0.07475165399797543,56,0.20357003144110486,0.5455158742859724,11,0.6503922250790252,33,0.6971118433269589,5,0.5044700669857811,7,0.6892292001873435
NK Cells|CD8 T Cells|TIMP1|CD63,NK Cells,CD8 T Cells,TIMP1,CD63,-0.12238441881353224,-0.31140607392331154,0.0666372362962471,54,0.2044399832391619,0.5466876588839811,11,0.4270535661003368,32,0.2739706967244758,5,0.13753684618687623,6,0.1068383956245475
NK Cells|B Cells|SPON2|ITGB1,NK Cells,B Cells,SPON2,ITGB1,0.15694024746900598,-0.08538127079845872,0.39926176573647065,45,0.20430682530190114,0.5466876588839811,8,0.3302317736725535,25,0.3754601117528072,5,0.3774435055062066,7,0.2657315961174543
Classical Monocytes|Classical Monocytes|ADAM10|CD44,Classical Monocytes,Classical Monocytes,ADAM10,CD44,0.10568339403734595,-0.05780019916990339,0.2691669872445953,56,0.2051510610728149,0.5480092297367899,11,0.3008948331942731,33,0.39915461785788287,5,0.2835680979069301,7,0.2761444885331939
Classical Monocytes|CD4 T Cells|ADAM10|CD44,Classical Monocytes,CD4 T Cells,ADAM10,CD44,0.10960132596548056,-0.06098156411499134,0.28018421604595245,56,0.20792280164543764,0.5546845469351438,11,0.453052029890543,33,0.4429103396136635,5,0.49393887684937654,7,0.3741958606070165
pDCs|B Cells|TNFSF13B|HLA-DPB1,pDCs,B Cells,TNFSF13B,HLA-DPB1,-0.1346797250572015,-0.3443711289696481,0.07501167885524512,43,0.20808901879482244,0.5546845469351438,10,0.8202755167194586,21,0.8058718507395609,5,0.7342123490871164,7,0.8544884081644202
Classical Monocytes|CD4 T Cells|APP|CD74,Classical Monocytes,CD4 T Cells,APP,CD74,-0.09860356231980716,-0.25279078196346705,0.05558365732385276,55,0.21005741180892656,0.5565375513552265,11,0.5186825031908685,32,0.4344782439967457,5,0.4678171576467123,7,0.4822164607723966
Non-classical Monocytes|Non-classical Monocytes|FABP5|RXRA,Non-classical Monocytes,Non-classical Monocytes,FABP5,RXRA,0.019158342669267792,-0.010750925568867139,0.04906761090740272,48,0.20931458900768707,0.5565375513552265,8,0.010188917111252471,28,0.029347259780520264,5,0.0,7,0.0
Non-classical Monocytes|CD8 T Cells|S100A8|CD69,Non-classical Monocytes,CD8 T Cells,S100A8,CD69,0.0570942360618929,-0.03211572075007062,0.14630419287385643,56,0.20970611440997544,0.5565375513552265,11,0.8712302416603908,33,0.9821316237792365,5,0.9302170153107518,7,0.9840241613677047
CD4 T Cells|B Cells|GNAI2|S1PR4,CD4 T Cells,B Cells,GNAI2,S1PR4,-0.07445847993414273,-0.19090213489987945,0.04198517503159399,52,0.21010558923343337,0.5565375513552265,11,0.0795212698087096,29,0.05069695963702602,5,0.0,7,0.045634169762459154
Classical Monocytes|CD4 T Cells|ICAM1|SPN,Classical Monocytes,CD4 T Cells,ICAM1,SPN,0.1432831159710963,-0.08065961342036099,0.3672258453625536,46,0.20983297445926796,0.5565375513552265,10,0.08157864921774187,24,0.12026702826026503,5,0.12585981016378195,7,0.021265073235208813
NK Cells|NK Cells|LGALS1|CD69,NK Cells,NK Cells,LGALS1,CD69,0.09278003711336946,-0.05213200056502654,0.23769207479176546,56,0.20952655115267194,0.5565375513552265,11,0.6995014529231848,33,0.8245564312522736,5,0.7985790798031575,7,0.8308540210188768
Classical Monocytes|NK Cells|HLA-A|CD8A,Classical Monocytes,NK Cells,HLA-A,CD8A,-0.12592462790344727,-0.3234506854397478,0.07160142963285326,42,0.21148423992269239,0.5595638267633624,8,0.49035257647789565,22,0.4357752984547638,5,0.8170748812237539,7,0.8884222311040694
CD8 T Cells|pDCs|S100A9|CD68,CD8 T Cells,pDCs,S100A9,CD68,0.18507539967084652,-0.10536628244737434,0.4755170817890674,41,0.21169094514672515,0.5595638267633624,9,0.36049849547177937,22,0.4484276491017281,5,0.37935022288030124,5,0.28220397683940346
Non-classical Monocytes|CD8 T Cells|GRN|TNFRSF1B,Non-classical Monocytes,CD8 T Cells,GRN,TNFRSF1B,0.12591671167342716,-0.07227120549940141,0.32410462884625574,56,0.213042249176138,0.5625472974588305,11,0.26382136420751334,33,0.409660852043227,5,0.3348209922053671,7,0.3547437683676536
CD4 T Cells|Non-classical Monocytes|LRPAP1|LRP1,CD4 T Cells,Non-classical Monocytes,LRPAP1,LRP1,0.14432638160938716,-0.08317021703510227,0.3718229802538766,56,0.2137119881388595,0.5637267161032338,11,0.0,33,0.04155677883513846,5,0.10276960277424871,7,0.0
Classical Monocytes|B Cells|SELPLG|ITGB2,Classical Monocytes,B Cells,SELPLG,ITGB2,-0.11596852019930086,-0.2994003582426867,0.06746331784408498,56,0.21530093263680627,0.5649693216751915,11,0.04419166846772071,33,0.12619578792622363,5,0.0022212665600012784,7,0.20019390621780506
Non-classical Monocytes|B Cells|S100A9|ITGB2,Non-classical Monocytes,B Cells,S100A9,ITGB2,-0.1306222823672717,-0.3370892672944813,0.07584470255993792,56,0.21498272536057572,0.5649693216751915,11,0.7777825314162933,33,0.8748127151133172,5,0.6018438096088715,7,0.8294962756731671
Non-classical Monocytes|Non-classical Monocytes|GNAI2|ADCY7,Non-classical Monocytes,Non-classical Monocytes,GNAI2,ADCY7,0.11453832431122785,-0.06638120119580976,0.29545784981826545,56,0.2146672988477435,0.5649693216751915,11,0.454515915892642,33,0.4465459928282694,5,0.5227909843327151,7,0.40028273695711464
B Cells|Non-classical Monocytes|GRN|TNFRSF1B,B Cells,Non-classical Monocytes,GRN,TNFRSF1B,0.13126569883310424,-0.07602008901811791,0.3385514866843264,54,0.21454448566909912,0.5649693216751915,10,0.42353758245759654,32,0.36956044866470955,5,0.5348102372142901,7,0.3495674045882989
NK Cells|Classical Monocytes|PTPN6|CLEC12A,NK Cells,Classical Monocytes,PTPN6,CLEC12A,-0.17162428313198685,-0.443019121528804,0.09977055526483031,56,0.2151828749856951,0.5649693216751915,11,0.3180987813235886,33,0.29913742794827264,5,0.1333627842337507,7,0.2860257139904216
Classical Monocytes|NK Cells|ICAM1|ITGAL_ITGB2,Classical Monocytes,NK Cells,ICAM1,ITGAL_ITGB2,0.07578919187713169,-0.044257676837569815,0.1958360605918332,46,0.21594451917123358,0.5652493611195424,10,0.03845781993949848,24,0.1095449415420104,5,0.027511621999753943,7,0.022809551725134165
pDCs|B Cells|MIF|CD74_CXCR4,pDCs,B Cells,MIF,CD74_CXCR4,0.069129537001409,-0.04050744683844054,0.17876652084125855,44,0.21652607105805977,0.5652493611195424,10,0.9522651025394792,22,0.9370888781350929,5,0.9290679325122163,7,0.844762171106421
NK Cells|CD4 T Cells|CALM1|PTPRA,NK Cells,CD4 T Cells,CALM1,PTPRA,0.08949806651033765,-0.05233893251284896,0.23133506553352426,55,0.2161901774985725,0.5652493611195424,11,0.261026480292558,32,0.34796380002712257,5,0.33946799613463696,7,0.3369072493588639
B Cells|B Cells|HMGB1|CXCR4,B Cells,B Cells,HMGB1,CXCR4,-0.023943406126050504,-0.061893266499873104,0.014006454247772096,56,0.2162413326020901,0.5652493611195424,11,0.981380535107694,33,0.9499589561186789,5,0.9778507241318387,7,0.9703725512688741
Classical Monocytes|CD8 T Cells|S100A8|CD69,Classical Monocytes,CD8 T Cells,S100A8,CD69,0.00036605093159536306,-0.00021440930030880152,0.0009465111634995276,56,0.21645997517812943,0.5652493611195424,11,0.9993517533985007,33,0.9997265939286859,5,0.9999849917019464,7,0.9999937813005363
pDCs|CD4 T Cells|LGALS1|CD69,pDCs,CD4 T Cells,LGALS1,CD69,0.05192549764197385,-0.030486048983839678,0.13433704426778736,44,0.21685830059090894,0.5655324309527625,10,0.8087512612781188,22,0.8484647027666721,5,0.9052122619089908,7,0.8930002057555703
NK Cells|NK Cells|TIMP1|CD63,NK Cells,NK Cells,TIMP1,CD63,-0.1255451725390967,-0.3252665530390746,0.07417620796088123,54,0.21793547602906738,0.5673220332422516,11,0.2765372482963301,32,0.348481435874513,5,0.29079548148985407,6,0.4882848416071337
Classical Monocytes|Non-classical Monocytes|ADAM17|ITGB1,Classical Monocytes,Non-classical Monocytes,ADAM17,ITGB1,-0.10943037987478149,-0.28362272695484153,0.06476196720527855,56,0.21821805156765672,0.5673220332422516,11,0.2998691303477532,33,0.17640496901989292,5,0.3621607641218982,7,0.3481269826688194
Non-classical Monocytes|Non-classical Monocytes|ICAM1|ITGAL_ITGB2,Non-classical Monocytes,Non-classical Monocytes,ICAM1,ITGAL_ITGB2,0.13398258634842664,-0.07926556264729984,0.3472307353441531,47,0.21816054738474644,0.5673220332422516,9,0.019101161762691783,26,0.06074895182404383,5,0.0923347962870746,7,0.0
Classical Monocytes|pDCs|HBEGF|CD44,Classical Monocytes,pDCs,HBEGF,CD44,-0.15112188878717298,-0.39183449234278916,0.08959071476844321,41,0.21851521212694924,0.5675107307757459,9,0.35300057898966347,20,0.21352873553226095,5,0.31685207295941814,7,0.3285021182891886
B Cells|Non-classical Monocytes|MFNG|NOTCH2,B Cells,Non-classical Monocytes,MFNG,NOTCH2,0.06395229359727642,-0.03827487999283971,0.16617946718739254,52,0.22014833059356298,0.5688290709713023,11,0.0,29,0.01913244405174464,5,0.044819849545531774,7,0.0
pDCs|Non-classical Monocytes|HLA-F|LILRB1,pDCs,Non-classical Monocytes,HLA-F,LILRB1,-0.11401631609474233,-0.2961739060620395,0.06814127387255486,44,0.2199040825197024,0.5688290709713023,10,0.14088281425759544,22,0.18849490974412486,5,0.0,7,0.16162841158127175
Classical Monocytes|Classical Monocytes|CD47|SIRPA,Classical Monocytes,Classical Monocytes,CD47,SIRPA,0.01684288168396822,-0.010076139083720629,0.043761902451657064,55,0.22007676945479915,0.5688290709713023,10,0.0,33,0.02242275840765501,5,0.0,7,0.005579876723686793
Classical Monocytes|Classical Monocytes|SIRPA|CD47,Classical Monocytes,Classical Monocytes,SIRPA,CD47,0.01684288168396822,-0.010076139083720629,0.043761902451657064,55,0.22007676945479915,0.5688290709713023,10,0.0,33,0.02242275840765501,5,0.0,7,0.005579876723686793
Classical Monocytes|B Cells|ADAM15|ITGB1,Classical Monocytes,B Cells,ADAM15,ITGB1,-0.19088090929750245,-0.4959198835370847,0.1141580649420798,43,0.22002363741713182,0.5688290709713023,7,0.19278250609616093,24,0.18136771233166418,5,0.05290398327967942,7,0.23237009881268514
B Cells|NK Cells|GNAS|PTGDR,B Cells,NK Cells,GNAS,PTGDR,-0.10831549102997233,-0.2819438775482498,0.06531289548830514,55,0.22144513090396234,0.5715953481045075,11,0.3313506784195273,32,0.29209284703793886,5,0.06931744928569954,7,0.13837510893408342
CD8 T Cells|Non-classical Monocytes|MIF|CD74_CXCR4,CD8 T Cells,Non-classical Monocytes,MIF,CD74_CXCR4,0.18611334419258801,-0.11281403267776952,0.48504072106294555,56,0.2223583023487543,0.573366765342145,11,0.2619778062689605,33,0.413834605292559,5,0.4686646250605123,7,0.4344080798915228
CD4 T Cells|Classical Monocytes|GNAI2|ADCY7,CD4 T Cells,Classical Monocytes,GNAI2,ADCY7,0.07901301562431844,-0.047969300997153755,0.20599533224579064,56,0.22263138646904235,0.5734857427189297,11,0.0,33,0.021965846874599963,5,0.05704716874971847,7,0.0
pDCs|Non-classical Monocytes|LRPAP1|SORL1,pDCs,Non-classical Monocytes,LRPAP1,SORL1,0.10463429116509788,-0.06393404320326711,0.27320262553346286,41,0.22375823431225972,0.5746311566128864,9,0.03039931397105675,21,0.06817655798124715,5,0.06685704715490748,6,0.0
B Cells|NK Cells|GNAI2|S1PR5,B Cells,NK Cells,GNAI2,S1PR5,-0.1099202820142276,-0.2869789483685965,0.06713838434014133,54,0.22369147834435732,0.5746311566128864,11,0.25647640926725157,31,0.27158800355830587,5,0.0,7,0.1250318763052819
pDCs|CD8 T Cells|CALM1|PTPRA,pDCs,CD8 T Cells,CALM1,PTPRA,0.14604319525487564,-0.08905839278065264,0.3811447832904039,43,0.22340882947282215,0.5746311566128864,10,0.3122297183550059,21,0.372748920716169,5,0.49573064800521716,7,0.4102066551115046
B Cells|Classical Monocytes|GNAI2|C5AR1,B Cells,Classical Monocytes,GNAI2,C5AR1,-0.17685801699714487,-0.462556427133443,0.10884039313915328,54,0.22501853721079712,0.5757357981126097,11,0.2597981999686365,31,0.10445998030180766,5,0.3115255656862165,7,0.3330453630165325
Non-classical Monocytes|Non-classical Monocytes|PTDSS1|JMJD6,Non-classical Monocytes,Non-classical Monocytes,PTDSS1,JMJD6,0.17428964739179775,-0.10730907776019138,0.4558883725437869,47,0.22509971054026845,0.5757357981126097,9,0.5589710734673236,26,0.6402803595429851,5,0.5745683718654908,7,0.48158801054935463
CD8 T Cells|Non-classical Monocytes|GNAI2|FPR1,CD8 T Cells,Non-classical Monocytes,GNAI2,FPR1,-0.1438283623482294,-0.3760672998589172,0.08841057516245837,55,0.22481294280482145,0.5757357981126097,10,0.15801811592962922,33,0.23244397458821675,5,0.024038599593180575,7,0.24229282059999752
Non-classical Monocytes|NK Cells|HLA-A|CD8A,Non-classical Monocytes,NK Cells,HLA-A,CD8A,-0.11921769705537055,-0.3118132370166588,0.0733778429059177,42,0.2250424815501898,0.5757357981126097,8,0.5571730044257288,22,0.4884401687372025,5,0.866119083370663,7,0.9166039447375073
pDCs|NK Cells|VIM|CD44,pDCs,NK Cells,VIM,CD44,-0.05784386949412468,-0.15135830367547415,0.03567056468722481,44,0.22537975484881057,0.575869201721885,10,0.803451315740847,22,0.7992086389592934,5,0.7918737572919546,7,0.8454749500045257
B Cells|Non-classical Monocytes|HLA-DOB|CD4,B Cells,Non-classical Monocytes,HLA-DOB,CD4,-0.07890443434719147,-0.20661748601806143,0.0488086173236785,56,0.22592738416977798,0.5766853533303322,11,0.38719160652400275,33,0.34428834961183596,5,0.29599091458366855,7,0.33199209201869323
CD4 T Cells|NK Cells|HLA-F|CD8A,CD4 T Cells,NK Cells,HLA-F,CD8A,-0.11983810457002766,-0.3142190607544423,0.07454285161438692,42,0.22691634163096408,0.5786252223021657,8,0.2059189029813675,22,0.2119678746547371,5,0.19194666608844205,7,0.3178337423318393
pDCs|Classical Monocytes|ANXA1|FPR1,pDCs,Classical Monocytes,ANXA1,FPR1,0.1565389629339843,-0.09814631970768053,0.4112242455756492,43,0.22833222283405818,0.5793127782145231,10,0.12517628116659196,21,0.2523376205663587,5,0.214645374319461,7,0.18526775078524346
Non-classical Monocytes|Classical Monocytes|MIF|CD74_CXCR4,Non-classical Monocytes,Classical Monocytes,MIF,CD74_CXCR4,0.14246505884659907,-0.08925548619929383,0.374185603892492,56,0.2281980913654088,0.5793127782145231,11,0.16240334731946096,33,0.2945111071197567,5,0.2896422138244428,7,0.27928491477813944
Non-classical Monocytes|Classical Monocytes|TIMP2|ITGB1,Non-classical Monocytes,Classical Monocytes,TIMP2,ITGB1,0.0695238672214237,-0.04354272545113569,0.1825904598939831,56,0.22813832859700767,0.5793127782145231,11,0.0,33,0.024320423763463002,5,0.049620023912651454,7,0.004416580454690748
CD4 T Cells|B Cells|SELPLG|ITGB2,CD4 T Cells,B Cells,SELPLG,ITGB2,-0.10264379681671336,-0.26938294600497315,0.06409535237154644,56,0.22760774656715388,0.5793127782145231,11,0.019953827656488343,33,0.10571528927782602,5,0.0,7,0.18840525843805103
pDCs|CD8 T Cells|LGALS1|CD69,pDCs,CD8 T Cells,LGALS1,CD69,0.07546287386071848,-0.047236900027414416,0.1981626477488514,44,0.22804197960060146,0.5793127782145231,10,0.6977347764923227,22,0.760860789193325,5,0.8843069532757154,7,0.8719700921159992
Non-classical Monocytes|CD8 T Cells|HLA-F|CD8B,Non-classical Monocytes,CD8 T Cells,HLA-F,CD8B,0.12621173738612948,-0.07952121319840647,0.33194468797066545,56,0.22921393516622435,0.5794203119110862,11,0.1872744463993383,33,0.24843210208711336,5,0.3736620484587684,7,0.30860796676041397
Classical Monocytes|pDCs|VCAN|SELL,Classical Monocytes,pDCs,VCAN,SELL,-0.043397606812090594,-0.1141502203132552,0.027355006689074007,44,0.2292917736094524,0.5794203119110862,10,0.9002481151257747,22,0.8893822342315126,5,0.8791454863915197,7,0.9116772123093482
Classical Monocytes|NK Cells|RETN|CAP1,Classical Monocytes,NK Cells,RETN,CAP1,-0.15083364879289513,-0.3966328591525171,0.09496556156672686,55,0.22908328534983569,0.5794203119110862,11,0.46929364271072593,32,0.3956441893752034,5,0.28918146756916474,7,0.36636566302653734
CD8 T Cells|NK Cells|TIMP1|CD63,CD8 T Cells,NK Cells,TIMP1,CD63,0.1153517411801897,-0.07253222915138205,0.30323571151176143,50,0.22885103197429402,0.5794203119110862,11,0.28008372451857255,28,0.4184306619035354,5,0.45868114101874935,6,0.4816763372235225
CD4 T Cells|NK Cells|SELPLG|ITGB2,CD4 T Cells,NK Cells,SELPLG,ITGB2,-0.11386904156846889,-0.2998245456597259,0.07208646252278811,56,0.23007122939227032,0.5802295375990689,11,0.4894087874169901,33,0.4797394082727058,5,0.32637426043298656,7,0.4305739228571711
Classical Monocytes|Classical Monocytes|IL1B|SIGIRR,Classical Monocytes,Classical Monocytes,IL1B,SIGIRR,-0.1591317002700126,-0.41891655105329617,0.10065315051327095,56,0.22991430466639218,0.5802295375990689,11,0.384679213492489,33,0.2264794777871126,5,0.4172051693334858,7,0.418137133898122
NK Cells|Classical Monocytes|ICAM2|ITGAM_ITGB2,NK Cells,Classical Monocytes,ICAM2,ITGAM_ITGB2,-0.09634077706215317,-0.25398518209605164,0.06130362797174531,55,0.23099986467596223,0.581516163699557,11,0.17584443947422448,32,0.17073323381674668,5,0.002465167569571447,7,0.09369473897424682
Non-classical Monocytes|pDCs|ICAM1|SPN,Non-classical Monocytes,pDCs,ICAM1,SPN,-0.17042481466383547,-0.4493194405194045,0.10846981119173355,37,0.23104164161232899,0.581516163699557,8,0.1804322257369012,17,0.07571906383042257,5,0.0,7,0.06571165275735681
Classical Monocytes|NK Cells|HLA-F|CD8A,Classical Monocytes,NK Cells,HLA-F,CD8A,0.1661334382341061,-0.10618084919759463,0.4384477256658068,42,0.23180023057728982,0.5822655891340074,8,0.00807954604642315,22,0.08191732294771681,5,0.3523306002163162,7,0.26003493888350376
CD4 T Cells|NK Cells|GNAI2|S1PR4,CD4 T Cells,NK Cells,GNAI2,S1PR4,-0.07510218549996248,-0.19820414286954616,0.047999771869621205,54,0.23179916477706752,0.5822655891340074,11,0.03275384207706458,31,0.06193460233163923,5,0.0,7,0.10428294575453712
Classical Monocytes|Classical Monocytes|ANXA2|TLR2,Classical Monocytes,Classical Monocytes,ANXA2,TLR2,0.12804819975410325,-0.08240726689134331,0.3385036663995498,56,0.23306205585509776,0.583077237672985,11,0.31024075594584954,33,0.3205801427146583,5,0.3376345030751292,7,0.2199256900898347
B Cells|CD4 T Cells|LGALS1|PTPRC,B Cells,CD4 T Cells,LGALS1,PTPRC,-0.15100807817625872,-0.3991703150970305,0.09715415874451308,53,0.23300694449527892,0.583077237672985,9,0.41293929682813196,33,0.42190080911336997,5,0.3000223955618121,6,0.4599919860233088
CD4 T Cells|CD8 T Cells|HLA-E|CD8A,CD4 T Cells,CD8 T Cells,HLA-E,CD8A,-0.06292819397191463,-0.1663409007964778,0.040484512852648535,56,0.23299954565889525,0.583077237672985,11,0.8495224187441356,33,0.8508641162307806,5,0.783476296087962,7,0.8477461875465216
CD4 T Cells|Non-classical Monocytes|GNAI2|FPR1,CD4 T Cells,Non-classical Monocytes,GNAI2,FPR1,-0.1226242560504614,-0.3239547524472518,0.07870624034632903,55,0.2325741324365751,0.583077237672985,10,0.11896638412260137,33,0.19055359626478877,5,0.019038070066111246,7,0.21324953825876006
B Cells|CD4 T Cells|HLA-DMA|CD4,B Cells,CD4 T Cells,HLA-DMA,CD4,0.09162063773413504,-0.059033070111365826,0.2422743455796359,56,0.2332770428521519,0.583077237672985,11,0.25354865128876747,33,0.36609135132876336,5,0.43789973197469284,7,0.4588217942805537
Classical Monocytes|NK Cells|APP|PTGER2,Classical Monocytes,NK Cells,APP,PTGER2,-0.07376410567636363,-0.19513825941326024,0.047610048060533,55,0.23359416326674964,0.583292935350866,11,0.009028130845329557,32,0.044940564369119335,5,0.0,7,0.10967653920015341
B Cells|Non-classical Monocytes|MIF|CD44_CD74,B Cells,Non-classical Monocytes,MIF,CD44_CD74,-0.14962921325383538,-0.39657281962255225,0.09731439311488149,56,0.23499480149478869,0.5850560230318532,11,0.580891841077788,33,0.45051442978536504,5,0.4052072927955278,7,0.4244590947569402
NK Cells|pDCs|SPON2|ITGB1,NK Cells,pDCs,SPON2,ITGB1,-0.13320319804618386,-0.3529157163549578,0.08650932026259003,44,0.23473480300800564,0.5850560230318532,10,0.3843155536163725,22,0.34553907589524674,5,0.20655309852898807,7,0.3009798188540462
B Cells|NK Cells|HLA-C|CD8A,B Cells,NK Cells,HLA-C,CD8A,-0.12149958784964066,-0.3219667709336814,0.07896759523440008,42,0.23487310545386952,0.5850560230318532,8,0.560001365071791,22,0.510964360929865,5,0.8414066784912603,7,0.9138692621989749
pDCs|Classical Monocytes|HLA-C|LILRB2,pDCs,Classical Monocytes,HLA-C,LILRB2,-0.06855544329767549,-0.18195965679661252,0.04484877020126153,44,0.23607948828634806,0.5866551850105959,10,0.7954728836065426,22,0.8235689656733868,5,0.6961537037859884,7,0.7928052291505081
Non-classical Monocytes|Non-classical Monocytes|HLA-DRB1|CD4,Non-classical Monocytes,Non-classical Monocytes,HLA-DRB1,CD4,-0.04226812572079652,-0.11222585978403715,0.027689608342444105,56,0.23633358857965436,0.5866551850105959,11,0.8462209380418961,33,0.7836083489523907,5,0.876076057145634,7,0.8557315937769251
pDCs|Classical Monocytes|IL16|CD4,pDCs,Classical Monocytes,IL16,CD4,0.1715872062241135,-0.11234660180481337,0.45552101425304037,44,0.2362358896810386,0.5866551850105959,10,0.22231322402071868,22,0.2398104830824465,5,0.31419702249378406,7,0.1601070753313984
Non-classical Monocytes|pDCs|HLA-DMB|CD4,Non-classical Monocytes,pDCs,HLA-DMB,CD4,0.15947982329956378,-0.1053551159895319,0.42431476258865947,43,0.23789588439859088,0.5888514662455666,10,0.24407605177832115,21,0.2569435030232505,5,0.2345915040097876,7,0.08797913195515313
B Cells|Classical Monocytes|GNAS|ADCY7,B Cells,Classical Monocytes,GNAS,ADCY7,-0.08849614704265447,-0.2354053667453493,0.058413072660040324,56,0.2377393823766778,0.5888514662455666,11,0.04047317170844142,33,0.10772015967592631,5,0.008089648997134958,7,0.16383278400727433
Non-classical Monocytes|Classical Monocytes|HLA-DQB1|CD4,Non-classical Monocytes,Classical Monocytes,HLA-DQB1,CD4,0.1679964351758555,-0.11099414543140307,0.44698701578311406,56,0.2379174305645918,0.5888514662455666,11,0.2567464914192462,33,0.27052607016272195,5,0.4226011303330119,7,0.26838427390063213
Non-classical Monocytes|Non-classical Monocytes|S100A9|CD68,Non-classical Monocytes,Non-classical Monocytes,S100A9,CD68,-0.061370711751777884,-0.1633414149348535,0.04059999143129771,56,0.23816034479821846,0.5888759210421702,11,0.9742976310674006,33,0.9949582432339386,5,0.8925860888538324,7,0.9746174127721482
B Cells|Classical Monocytes|CALR|LRP1,B Cells,Classical Monocytes,CALR,LRP1,-0.11489108510067972,-0.30601318966716795,0.07623101946580849,56,0.23871203328839663,0.5896630577905946,11,0.2065819263754194,33,0.17894629178874932,5,0.1361806973364507,7,0.22343614785046034
Non-classical Monocytes|CD4 T Cells|VCAN|CD44,Non-classical Monocytes,CD4 T Cells,VCAN,CD44,0.1436098383524238,-0.09560824461501569,0.3828279213198633,55,0.2393449909832278,0.5906492111470866,10,0.30349095019684613,33,0.4697753646700976,5,0.29141992823969015,7,0.31409450436051783
Classical Monocytes|Classical Monocytes|VCAN|CD44,Classical Monocytes,Classical Monocytes,VCAN,CD44,-0.03501535651183174,-0.09340268470338818,0.0233719716797247,56,0.23983217496132436,0.591274054758309,11,0.9314275422599539,33,0.8738036210115462,5,0.9437085716824821,7,0.9211000069459061
CD4 T Cells|NK Cells|CALM1|PTPRA,CD4 T Cells,NK Cells,CALM1,PTPRA,-0.11187633595865043,-0.2986472083299787,0.07489453641267788,56,0.24038519279213655,0.5920598266917437,11,0.47493702273012556,33,0.3876925745966239,5,0.37880785514124693,7,0.4034397429663957
NK Cells|NK Cells|LRPAP1|SORL1,NK Cells,NK Cells,LRPAP1,SORL1,-0.05823291645788525,-0.15575944018891247,0.03929360727314195,55,0.24188385779309396,0.595170894491868,11,0.16773709972478465,32,0.1095041832668994,5,0.0,7,0.0
pDCs|Non-classical Monocytes|COPA|CD74,pDCs,Non-classical Monocytes,COPA,CD74,0.1296028791193925,-0.08782810571228927,0.3470338639510743,43,0.24269995192364402,0.5965980335710588,10,0.7847307936608413,21,0.6841796681005798,5,0.7481973702980066,7,0.5180433656183526
NK Cells|Non-classical Monocytes|MIF|CD74_CXCR4,NK Cells,Non-classical Monocytes,MIF,CD74_CXCR4,0.17827856644823248,-0.12116836230782624,0.4777254952042912,56,0.24325756962968847,0.597387636981752,11,0.27313423463327186,33,0.46404947391538587,5,0.41021947230679245,7,0.422856145140674
Non-classical Monocytes|Non-classical Monocytes|MIF|CD74_CXCR4,Non-classical Monocytes,Non-classical Monocytes,MIF,CD74_CXCR4,0.18064634248243197,-0.12311761994880036,0.4844103049136643,56,0.24378546197919115,0.5976706307157351,11,0.1546570449257337,33,0.34496321493159876,5,0.3593478066688897,7,0.3690076341923228
Non-classical Monocytes|Classical Monocytes|ADAM10|NOTCH2,Non-classical Monocytes,Classical Monocytes,ADAM10,NOTCH2,0.003464732411644662,-0.0023620980577611543,0.009291562881050479,56,0.24384583310958563,0.5976706307157351,11,0.0,33,0.003464732411644662,5,0.0,7,0.0
Non-classical Monocytes|Classical Monocytes|TGFB1|CXCR4,Non-classical Monocytes,Classical Monocytes,TGFB1,CXCR4,0.1632882648381139,-0.11187344052964585,0.4384499702058736,56,0.24479108662018312,0.5983895101674392,11,0.16706544119700087,33,0.24896903732975761,5,0.2768048501944639,7,0.19542018148910673
Classical Monocytes|Classical Monocytes|ANXA1|FPR1,Classical Monocytes,Classical Monocytes,ANXA1,FPR1,-0.08898779489162345,-0.2389040569869585,0.06092846720371159,56,0.24466645498162187,0.5983895101674392,11,0.6425255688616143,33,0.656537640049857,5,0.6792589467770992,7,0.7822588128569654
NK Cells|CD4 T Cells|HLA-DPB1|CD4,NK Cells,CD4 T Cells,HLA-DPB1,CD4,0.17055052977460705,-0.11691641072283682,0.4580174702720509,56,0.2449017105633584,0.5983895101674392,11,0.12309082614708013,33,0.3509521334331072,5,0.40937475743558566,7,0.4666855349470057
CD8 T Cells|Classical Monocytes|GNAI2|C5AR1,CD8 T Cells,Classical Monocytes,GNAI2,C5AR1,-0.1316737237338873,-0.35399992761848376,0.09065248015070915,56,0.2457241600648684,0.5983895101674392,11,0.30098718445995304,33,0.18675279489331287,5,0.2986928296019232,7,0.31613216376917036
Non-classical Monocytes|CD4 T Cells|SELPLG|SELL,Non-classical Monocytes,CD4 T Cells,SELPLG,SELL,0.13656577998352565,-0.09405591614567682,0.3671874761127281,56,0.2457967200450344,0.5983895101674392,11,0.09298800991516742,33,0.2579361894236971,5,0.2880175496543754,7,0.31639994917937947
Classical Monocytes|Classical Monocytes|GRN|TNFRSF1A,Classical Monocytes,Classical Monocytes,GRN,TNFRSF1A,-0.09385535798940858,-0.25222366933449464,0.06451295335567747,56,0.2454172514986358,0.5983895101674392,11,0.3085500356793179,33,0.4080828794866101,5,0.30683412686486866,7,0.5002223286615695
Classical Monocytes|Non-classical Monocytes|TNFSF13B|HLA-DPB1,Classical Monocytes,Non-classical Monocytes,TNFSF13B,HLA-DPB1,-0.03529365979081289,-0.09482648184246546,0.024239162260839678,56,0.2452548236407479,0.5983895101674392,11,0.868255159871764,33,0.830193020672378,5,0.9471884497589702,7,0.944419970350397
NK Cells|CD8 T Cells|HLA-F|CD8A,NK Cells,CD8 T Cells,HLA-F,CD8A,-0.15254609657448195,-0.4103815243396214,0.10528933119065745,56,0.24621344948872115,0.5988271288334922,11,0.29024337342189654,33,0.4081579565104367,5,0.10649097576943814,7,0.37695165543246023
CD4 T Cells|B Cells|TGFB1|ITGB1,CD4 T Cells,B Cells,TGFB1,ITGB1,-0.11520404422375721,-0.31105049200510526,0.08064240355759086,44,0.24894219311706656,0.6048816557757954,8,0.061695767082437306,25,0.07393347407350541,5,0.10112698101895448,6,0.2285687322337798
Non-classical Monocytes|NK Cells|VCAN|SELL,Non-classical Monocytes,NK Cells,VCAN,SELL,0.15354469346075092,-0.10824095046077961,0.4153303373822814,55,0.25031921553031566,0.6075565679446905,10,0.2639003878382328,33,0.3296047471011501,5,0.32844472293588833,7,0.24060438873805476
Classical Monocytes|CD4 T Cells|HLA-DPA1|CD4,Classical Monocytes,CD4 T Cells,HLA-DPA1,CD4,-0.09812839806642987,-0.2655044741078374,0.06924767797497766,56,0.2505239191920726,0.6075565679446905,11,0.40297145720082506,33,0.3754092366847399,5,0.4545250611307787,7,0.5250912386811234
Non-classical Monocytes|NK Cells|ICAM2|ITGAM_ITGB2,Non-classical Monocytes,NK Cells,ICAM2,ITGAM_ITGB2,-0.14906199901742556,-0.40365228770504147,0.10552828967019035,55,0.2511526550950798,0.6084973724115691,11,0.1299929677510267,33,0.14857497992514304,5,0.0,6,0.1676440111915419
pDCs|Non-classical Monocytes|LRPAP1|LRP1,pDCs,Non-classical Monocytes,LRPAP1,LRP1,0.08921106498831441,-0.06374320667135944,0.24216533664798826,43,0.25297414988194944,0.6111526546383234,9,0.04238468720336719,22,0.046298929183263574,5,0.09515499884911276,7,0.009858175840694736
Classical Monocytes|Classical Monocytes|HLA-DPA1|CD4,Classical Monocytes,Classical Monocytes,HLA-DPA1,CD4,0.12372679490081542,-0.08830003777400391,0.33575362757563476,56,0.2527383424007188,0.6111526546383234,11,0.192982743731961,33,0.29252477771925334,5,0.18666958438775877,7,0.16248482347423568
Non-classical Monocytes|Classical Monocytes|ADAM17|IL6R,Non-classical Monocytes,Classical Monocytes,ADAM17,IL6R,0.08197015645439754,-0.0585609320763979,0.22250124498519297,52,0.2529454781119813,0.6111526546383234,11,0.01561997600423651,29,0.036309064441973314,5,0.061281068016660736,7,0.0
pDCs|CD4 T Cells|COPA|CD74,pDCs,CD4 T Cells,COPA,CD74,0.1353110279651259,-0.09708270382656145,0.36770475975681327,43,0.2537920486780687,0.6125429866375164,10,0.3238386845544211,21,0.3793132641543654,5,0.4019999587901125,7,0.3221635104249309
B Cells|CD8 T Cells|HLA-DPB1|LAG3,B Cells,CD8 T Cells,HLA-DPB1,LAG3,0.12420263561932998,-0.08955746153893054,0.3379627327775905,55,0.25478132418718613,0.6140795412223503,11,0.6028154141381077,32,0.8288309600101292,5,0.6417460668241124,7,0.743558977076804
pDCs|B Cells|LGALS9|PTPRC,pDCs,B Cells,LGALS9,PTPRC,-0.11610415241599498,-0.31598238191374695,0.08377407708175696,43,0.25491469677176315,0.6140795412223503,10,0.4599905656339266,21,0.2146036850794673,5,0.41891811445524335,7,0.2896353863167791
NK Cells|NK Cells|LGALS1|ITGB1,NK Cells,NK Cells,LGALS1,ITGB1,0.22377394378940973,-0.1622003411527841,0.6097482287316036,56,0.2558242122940406,0.6148324590578648,11,0.2560578609406567,33,0.5083957719996122,5,0.43096872568514694,7,0.4595326929546927
Classical Monocytes|Classical Monocytes|HLA-A|APLP2,Classical Monocytes,Classical Monocytes,HLA-A,APLP2,0.02423817494095848,-0.0175804954822018,0.06605684536411877,56,0.25595716142812575,0.6148324590578648,11,0.9207724091703944,33,0.9403257767854081,5,0.926897257691732,7,0.9222124503657873
CD8 T Cells|CD4 T Cells|SELPLG|ITGB2,CD8 T Cells,CD4 T Cells,SELPLG,ITGB2,-0.09917869732014523,-0.2701647074436879,0.0718073128033975,56,0.25559799147103823,0.6148324590578648,11,0.3912610167185811,33,0.3557361523948142,5,0.2734544831942545,7,0.33710831619063286
CD8 T Cells|Classical Monocytes|ANXA1|FPR1,CD8 T Cells,Classical Monocytes,ANXA1,FPR1,-0.15595475971912115,-0.425347904123717,0.11343838468547468,56,0.25652389138642073,0.6151427099425828,11,0.3760711831955526,33,0.4113612624931219,5,0.3013828234115559,7,0.49262766242824635
pDCs|Classical Monocytes|APP|PTGER2,pDCs,Classical Monocytes,APP,PTGER2,0.10803412433026782,-0.07860120852474972,0.29466945718528537,44,0.25657317620873854,0.6151427099425828,10,0.3029634359597378,22,0.31308502501773455,5,0.3549331952896981,7,0.257020660017427
Classical Monocytes|pDCs|APP|CD74,Classical Monocytes,pDCs,APP,CD74,-0.0809116939850888,-0.2214317998165432,0.059608411846365617,44,0.2590875909375746,0.6173775774129528,10,0.7840374372951489,22,0.7369788274111443,5,0.7234450207341432,7,0.7572981048352274
NK Cells|Non-classical Monocytes|LTB|TNFRSF1A,NK Cells,Non-classical Monocytes,LTB,TNFRSF1A,-0.17475180749550814,-0.4783727024153025,0.12886908742428618,56,0.2592880961533186,0.6173775774129528,11,0.1590808519714856,33,0.14334623917454084,5,0.08706322989308998,7,0.24608042459165333
CD4 T Cells|Classical Monocytes|LGALS1|CD69,CD4 T Cells,Classical Monocytes,LGALS1,CD69,0.15894058989620702,-0.11684115714128418,0.4347223369336982,55,0.2586528050594671,0.6173775774129528,11,0.2937785310696896,33,0.3572142220415865,5,0.37288517659112497,6,0.27738027766681483
Classical Monocytes|CD8 T Cells|APP|PTGER2,Classical Monocytes,CD8 T Cells,APP,PTGER2,-0.07274423398514479,-0.19895116705247226,0.05346269908218268,55,0.2586023018513497,0.6173775774129528,11,0.0,32,0.034875567644685634,5,0.0,7,0.10761980162983042
CD8 T Cells|pDCs|LGALS1|PTPRC,CD8 T Cells,pDCs,LGALS1,PTPRC,0.17379830699685023,-0.12795506745238527,0.47555168144608573,44,0.2589553477473878,0.6173775774129528,10,0.2805849663414167,22,0.43491606994757,5,0.2990717894600649,7,0.27960458606936794
Classical Monocytes|CD8 T Cells|ICAM1|SPN,Classical Monocytes,CD8 T Cells,ICAM1,SPN,0.11737129125187454,-0.08628872221686476,0.3210313047206138,46,0.2586672653207237,0.6173775774129528,10,0.055972223102321715,24,0.09218232587584325,5,0.08116118847835299,7,0.0
NK Cells|CD8 T Cells|HLA-F|CD8B,NK Cells,CD8 T Cells,HLA-F,CD8B,-0.14711733746508,-0.4028241007740488,0.10858942584388881,56,0.2594727988473823,0.6173775774129528,11,0.28043692130367687,33,0.32870393772451245,5,0.21878762311623562,7,0.4141719770021512
Non-classical Monocytes|CD8 T Cells|ADAM17|ITGB1,Non-classical Monocytes,CD8 T Cells,ADAM17,ITGB1,-0.12901193647441933,-0.35303434727663385,0.09501047432779516,56,0.259015642696239,0.6173775774129528,11,0.22476273026421187,33,0.25533744855748536,5,0.0,7,0.15958665476769282
Non-classical Monocytes|B Cells|CD14|ITGB1,Non-classical Monocytes,B Cells,CD14,ITGB1,0.1689821126305323,-0.12487077703124888,0.4628350022923135,45,0.2597041411911234,0.6173775774129528,8,0.2052971438699267,25,0.3947531011384683,5,0.20167309127628524,7,0.22214693591429452
Classical Monocytes|Classical Monocytes|TIMP2|CD44,Classical Monocytes,Classical Monocytes,TIMP2,CD44,-0.12385429472356435,-0.3394944495791955,0.0917858601320668,56,0.2602849942843657,0.6181768614253685,11,0.4839468299209514,33,0.31939206626633254,5,0.4445057915452896,7,0.4038053226142351
Non-classical Monocytes|CD8 T Cells|VIM|CD44,Non-classical Monocytes,CD8 T Cells,VIM,CD44,-0.0340207544546014,-0.0933843967688634,0.025342887859660608,56,0.26133675247860544,0.6200919939093295,11,0.8933525376785174,33,0.8399632611432363,5,0.9380255529219367,7,0.9186570308412569
CD4 T Cells|Classical Monocytes|SIRPG|CD47,CD4 T Cells,Classical Monocytes,SIRPG,CD47,0.12854923842694016,-0.09629422499860266,0.35339270185248295,53,0.26247276335590364,0.6210380833336784,11,5.325644618349067e-05,30,0.032446226916903784,5,0.10544098091215129,7,0.009284712955931427
B Cells|CD8 T Cells|HLA-DPA1|LAG3,B Cells,CD8 T Cells,HLA-DPA1,LAG3,0.1261529991034429,-0.09435359799527124,0.346659596202157,55,0.26215770112532855,0.6210380833336784,11,0.5407858175928603,32,0.7966523847912658,5,0.5924233525141102,7,0.7221369206090728
Classical Monocytes|CD4 T Cells|CD47|SIRPG,Classical Monocytes,CD4 T Cells,CD47,SIRPG,0.12854923842694016,-0.09629422499860266,0.35339270185248295,53,0.26247276335590364,0.6210380833336784,11,5.325644618349067e-05,30,0.032446226916903784,5,0.10544098091215129,7,0.009284712955931427
Non-classical Monocytes|Non-classical Monocytes|HLA-DMB|CD4,Non-classical Monocytes,Non-classical Monocytes,HLA-DMB,CD4,0.09545535001817057,-0.07159253531682874,0.2625032353531699,56,0.2627254545150691,0.6210544654439474,11,0.21136127881882888,33,0.304930853732282,5,0.28899583215188906,7,0.28711005704717163
B Cells|NK Cells|ICAM3|ITGAL,B Cells,NK Cells,ICAM3,ITGAL,0.07832651867134766,-0.05914901485001997,0.21580205219271528,56,0.2641281329791516,0.6237867215311366,11,0.3884991383648536,33,0.3580339159479883,5,0.4366853113924599,7,0.32789357030424693
B Cells|Non-classical Monocytes|HMGB1|HAVCR2,B Cells,Non-classical Monocytes,HMGB1,HAVCR2,0.1277553844800544,-0.09660294544516657,0.3521137144052754,53,0.2643991335115533,0.6238437071743186,11,0.40534315299402324,30,0.43728050191813655,5,0.3737156015266243,7,0.2778975659706832
Non-classical Monocytes|Non-classical Monocytes|GNAS|ADCY7,Non-classical Monocytes,Non-classical Monocytes,GNAS,ADCY7,-0.09073444651285212,-0.2502698612984545,0.06880096827275031,56,0.2649733034241676,0.6246152404411115,11,0.4135020292999574,33,0.2691817367630681,5,0.48787847287915875,7,0.4342926268551216
Classical Monocytes|CD8 T Cells|APP|CD74,Classical Monocytes,CD8 T Cells,APP,CD74,-0.07822162772370883,-0.2160681887304122,0.059624933282994536,55,0.2660564464300522,0.6265840075757148,11,0.3795723821006261,32,0.32467845123720757,5,0.33977957888432786,7,0.36310727574461815
NK Cells|CD4 T Cells|LGALS1|ITGB1,NK Cells,CD4 T Cells,LGALS1,ITGB1,0.12475637128448241,-0.09543065239818088,0.3449433949671457,56,0.2667830320133415,0.6277101693647243,11,0.4478399650736487,33,0.595718573049044,5,0.5924571462823586,7,0.6155793829732714
pDCs|CD4 T Cells|CD48|CD2,pDCs,CD4 T Cells,CD48,CD2,0.1550028081122569,-0.11915802515510701,0.4291636413796208,43,0.2678150050657204,0.6295521095823958,10,0.2208834675013621,22,0.29316558315270164,5,0.3395502289415132,6,0.25682953648059587
Classical Monocytes|Non-classical Monocytes|COPA|CD74,Classical Monocytes,Non-classical Monocytes,COPA,CD74,-0.07841200006977467,-0.21727929009483785,0.06045528995528851,56,0.2684228262510814,0.629809175428489,11,0.6876566604279635,33,0.6454645139676494,5,0.7126812398338134,7,0.7489010934432739
Classical Monocytes|CD8 T Cells|VCAN|ITGA4,Classical Monocytes,CD8 T Cells,VCAN,ITGA4,-0.13505104361760806,-0.3742127459909801,0.104110658755764,56,0.2683966652491552,0.629809175428489,11,0.3931133592247299,33,0.48906969474146517,5,0.3252107523615655,7,0.5562181314959088
CD8 T Cells|pDCs|HLA-DPA1|CD4,CD8 T Cells,pDCs,HLA-DPA1,CD4,0.15511776121533813,-0.12061975682250967,0.4308552792531859,43,0.2702055773454828,0.6311394509448054,10,0.19107561374316612,21,0.24844159343970848,5,0.2770788125313005,7,0.17932703101250475
Non-classical Monocytes|CD4 T Cells|LGALS9|PTPRC,Non-classical Monocytes,CD4 T Cells,LGALS9,PTPRC,-0.08734300799571237,-0.24242639091720533,0.06774037492578058,56,0.26965721048168567,0.6311394509448054,11,0.5856444400620078,33,0.5863359034346037,5,0.5599397370084986,7,0.647974208376807
Non-classical Monocytes|Classical Monocytes|TNFSF13B|HLA-DPB1,Non-classical Monocytes,Classical Monocytes,TNFSF13B,HLA-DPB1,-0.12776855010628652,-0.35502417123551266,0.09948707102293963,56,0.2704883361192023,0.6311394509448054,11,0.44515985486026843,33,0.47829374572752487,5,0.3818893846309225,7,0.5427918256044654
B Cells|Classical Monocytes|HMGB1|CXCR4,B Cells,Classical Monocytes,HMGB1,CXCR4,-0.11251327278199608,-0.3125938743930175,0.08756732882902535,56,0.27038967096590416,0.6311394509448054,11,0.6493365598670362,33,0.5597178419715079,5,0.5716545985549842,7,0.594549153441452
B Cells|Classical Monocytes|HMGB1|TLR2,B Cells,Classical Monocytes,HMGB1,TLR2,-0.10037659256239528,-0.27882129449357695,0.07806810936878636,56,0.2702462518515012,0.6311394509448054,11,0.3195849833987845,33,0.3150638990587906,5,0.2920761954730202,7,0.3879317036954216
Classical Monocytes|pDCs|S100A8|ITGB2,Classical Monocytes,pDCs,S100A8,ITGB2,-0.02095648147242757,-0.0582153640716578,0.016302401126802667,44,0.2702906485890104,0.6311394509448054,10,0.9684300024066795,22,0.9687663702940505,5,0.954341093009085,7,0.9756339423688836
Non-classical Monocytes|Classical Monocytes|SEMA4A|LILRB2,Non-classical Monocytes,Classical Monocytes,SEMA4A,LILRB2,-0.07642825957187958,-0.21250752084865698,0.0596510017048978,55,0.2709818392295955,0.6317076639605054,11,0.011867985801274551,32,0.04477830035425278,5,0.0,7,0.10933857412485781
B Cells|Non-classical Monocytes|MIF|CD74_CXCR4,B Cells,Non-classical Monocytes,MIF,CD74_CXCR4,0.1718201832928263,-0.13445174885823577,0.4780921154438884,56,0.2715281404891914,0.6321822852145217,11,0.16435472699305434,33,0.3644234254610023,5,0.3613477748265882,7,0.38959629000170987
CD4 T Cells|NK Cells|S100A9|ITGB2,CD4 T Cells,NK Cells,S100A9,ITGB2,0.1850499309830353,-0.14491271231372693,0.5150125742797975,53,0.27168577829163854,0.6321822852145217,10,0.49236924979657476,32,0.7760733094740926,5,0.4774682923836401,6,0.5761224210781226
Classical Monocytes|pDCs|LGALS1|PTPRC,Classical Monocytes,pDCs,LGALS1,PTPRC,-0.03932357150138288,-0.10949455864036124,0.03084741563759548,44,0.2720486997437872,0.6324444013362928,10,0.9399328563232908,22,0.9106086970857049,5,0.9234619076433326,7,0.9334613199071295
Classical Monocytes|Classical Monocytes|HLA-F|LILRB2,Classical Monocytes,Classical Monocytes,HLA-F,LILRB2,-0.1129840184052047,-0.31493516772239183,0.08896713091198241,56,0.27284882276660993,0.6337214844956097,11,0.10817197215070574,33,0.18556146907722457,5,0.033601649810612734,7,0.22397516514233626
CD4 T Cells|B Cells|SEMA4D|CD72,CD4 T Cells,B Cells,SEMA4D,CD72,0.17975115282280466,-0.14179350077869665,0.5012958064243059,54,0.27322463853337775,0.6337558240071766,11,0.0,32,0.09076688561712404,5,0.13712970294476529,6,0.04814543573908466
pDCs|CD4 T Cells|APP|CD74,pDCs,CD4 T Cells,APP,CD74,-0.09422467319976124,-0.26282620140119317,0.07437685500167071,44,0.2733651951594074,0.6337558240071766,10,0.796744944383396,22,0.7098853854096773,5,0.6588490474758806,7,0.666214161701923
Non-classical Monocytes|CD4 T Cells|LGALS9|CD44,Non-classical Monocytes,CD4 T Cells,LGALS9,CD44,-0.1383679482781724,-0.38679998527856174,0.11006408872221696,56,0.2749951790436256,0.6362728314777188,11,0.5275875410480155,33,0.5272531612514934,5,0.40745124585122944,7,0.5454848143328797
B Cells|CD8 T Cells|FAM3C|CLEC2D,B Cells,CD8 T Cells,FAM3C,CLEC2D,0.06397896235155259,-0.05093888968292916,0.17889681438603433,55,0.27519215446651246,0.6362728314777188,11,0.022917647990210708,32,0.1282882706190563,5,0.012230073623854042,7,0.05362173390114703
Classical Monocytes|NK Cells|MIF|CD44_CD74,Classical Monocytes,NK Cells,MIF,CD44_CD74,0.12077214719292315,-0.09616296529205057,0.33770725967789683,56,0.2752062543748107,0.6362728314777188,11,0.25698371803488035,33,0.2276777541500758,5,0.2908929393910551,7,0.1408148283133274
CD8 T Cells|CD4 T Cells|PKM|CD44,CD8 T Cells,CD4 T Cells,PKM,CD44,-0.11548737830361544,-0.32306341413772816,0.09208865753049728,56,0.27551536178724056,0.6364052278211672,11,0.2757714500099195,33,0.24719524363864526,5,0.2818084962599727,7,0.3687196681923139
Classical Monocytes|Classical Monocytes|CD14|ITGB2,Classical Monocytes,Classical Monocytes,CD14,ITGB2,-0.09762781955007538,-0.2733354216582067,0.07807978255805595,56,0.2761502929678541,0.6372893062372305,11,0.7771414436442362,33,0.773350376010069,5,0.735678581262157,7,0.8295153331780651
Non-classical Monocytes|pDCs|S100A8|CD68,Non-classical Monocytes,pDCs,S100A8,CD68,-0.15457095190284686,-0.43482505667287935,0.12568315286718562,44,0.2796990000073145,0.6381064912440897,10,0.8291477054512416,22,0.9410604578231798,5,0.6052056271232227,7,0.8716893313980077
CD8 T Cells|B Cells|MIF|CD74_CXCR4,CD8 T Cells,B Cells,MIF,CD74_CXCR4,0.059712982606618836,-0.04859511748793792,0.1680210827011756,56,0.27988509850437737,0.6381064912440897,11,0.9417306803879234,33,0.910783563707025,5,0.9351062158404211,7,0.8444461165529038
CD8 T Cells|B Cells|SELPLG|ITGB2,CD8 T Cells,B Cells,SELPLG,ITGB2,-0.09340296106293138,-0.26254720256141784,0.0757412804355551,56,0.27911497282685527,0.6381064912440897,11,0.028585333118153557,33,0.1114393672543784,5,0.0,7,0.17625699519915622
Classical Monocytes|NK Cells|ICAM1|SPN,Classical Monocytes,NK Cells,ICAM1,SPN,-0.11934576291610056,-0.3347119180884201,0.09602039225621896,46,0.2774260927761659,0.6381064912440897,10,0.22992764734291252,24,0.22095834979503345,5,0.0,7,0.1103764653682215
NK Cells|Classical Monocytes|SPON2|ITGB2,NK Cells,Classical Monocytes,SPON2,ITGB2,-0.1730645745755478,-0.485831876682279,0.1397027275311834,56,0.2781372247183118,0.6381064912440897,11,0.8056453830821979,33,0.7831721124797303,5,0.46149764263714654,7,0.6120889466102267
B Cells|pDCs|LGALS1|ITGB1,B Cells,pDCs,LGALS1,ITGB1,-0.12773564118001096,-0.3586066190753875,0.10313533671536554,42,0.27818600978671437,0.6381064912440897,9,0.21174469713499466,22,0.11570625781672299,5,0.07326779424355818,6,0.10496499610529748
NK Cells|CD4 T Cells|SPON2|ITGB1,NK Cells,CD4 T Cells,SPON2,ITGB1,-0.15457560293401007,-0.43469385972161323,0.1255426538535931,56,0.27945139883538495,0.6381064912440897,11,0.7262149107899097,33,0.6476533588309542,5,0.4286508352049564,7,0.5046648861800109
Non-classical Monocytes|Non-classical Monocytes|HLA-A|APLP2,Non-classical Monocytes,Non-classical Monocytes,HLA-A,APLP2,0.03279947006415396,-0.02660790833730725,0.09220684846561517,56,0.27920019923756345,0.6381064912440897,11,0.9199328738810194,33,0.9412091925733943,5,0.91063779696005,7,0.8991146455882709
CD4 T Cells|Classical Monocytes|S100A9|CD68,CD4 T Cells,Classical Monocytes,S100A9,CD68,0.16195553608089847,-0.13061201285990737,0.4545230850217043,53,0.2779349361619534,0.6381064912440897,10,0.3954434811772758,32,0.38468901814320483,5,0.429993593351271,6,0.2572835942363016
pDCs|Non-classical Monocytes|LGALS9|CD47,pDCs,Non-classical Monocytes,LGALS9,CD47,-0.14425573928083824,-0.40492186709396943,0.11641038853229296,43,0.27806898734933294,0.6381064912440897,10,0.3234255071459772,21,0.22541406872835185,5,0.2745049918660566,7,0.3207492927292695
CD8 T Cells|pDCs|HLA-F|LILRB1,CD8 T Cells,pDCs,HLA-F,LILRB1,-0.15796214648673645,-0.44293527493200874,0.12701098195853583,43,0.27729381942065556,0.6381064912440897,10,0.3552203694597472,21,0.33228616569322017,5,0.19818339650474048,7,0.3332113392249499
Classical Monocytes|Non-classical Monocytes|SERPINA1|LRP1,Classical Monocytes,Non-classical Monocytes,SERPINA1,LRP1,0.10288927232822759,-0.08379245362279142,0.2895709982792466,56,0.2800396117094165,0.6381064912440897,11,0.32695694627693056,33,0.33088910420269685,5,0.3964324590435151,7,0.2974753446410538
Classical Monocytes|pDCs|CD14|ITGB1,Classical Monocytes,pDCs,CD14,ITGB1,0.12130837655097038,-0.09837012320505942,0.3409868763070002,44,0.2791151841672789,0.6381064912440897,10,0.37269749804289476,22,0.38319052067619186,5,0.42896137093766284,7,0.31814601701998957
Non-classical Monocytes|pDCs|S100A8|CD36,Non-classical Monocytes,pDCs,S100A8,CD36,-0.2231193960365354,-0.626617329720528,0.18037853764745715,43,0.2784590686830182,0.6381064912440897,9,0.6011689474558092,22,0.75053165678782,5,0.3229328731602258,7,0.695414978528772
Non-classical Monocytes|CD8 T Cells|CD14|ITGB1,Non-classical Monocytes,CD8 T Cells,CD14,ITGB1,0.16361998408399975,-0.13401782209550173,0.4612577902635012,56,0.28128014447212135,0.6403557883613069,11,0.20034156769862455,33,0.31318281027767547,5,0.2535889390307296,7,0.20281019752578078
pDCs|B Cells|LGALS9|CD44,pDCs,B Cells,LGALS9,CD44,-0.13451808983935531,-0.37982975752679504,0.11079357784808438,43,0.28248320932499627,0.642515814549294,10,0.341148937132292,21,0.2273989207379615,5,0.2735841545357037,7,0.2943522279807286
CD4 T Cells|Non-classical Monocytes|CIRBP|TREM1,CD4 T Cells,Non-classical Monocytes,CIRBP,TREM1,-0.08799302269345699,-0.2485823132571951,0.07259626787028112,56,0.2828498736428626,0.6426935071466822,11,0.4002909803865743,33,0.3642797862703817,5,0.33303940890485456,7,0.38502123748211897
Non-classical Monocytes|CD8 T Cells|CALM1|PTPRA,Non-classical Monocytes,CD8 T Cells,CALM1,PTPRA,0.09864438479162535,-0.0815614032173079,0.27885017280055857,55,0.2833243240844495,0.6426935071466822,11,0.3381652230677145,32,0.3634074055515472,5,0.46565207641680306,7,0.3922498741090104
B Cells|pDCs|HLA-DMB|CD4,B Cells,pDCs,HLA-DMB,CD4,-0.12029253053091099,-0.33995207287031415,0.0993670118084922,43,0.28311930027905197,0.6426935071466822,10,0.5065620778415159,21,0.27261739908518523,5,0.34628113576114333,7,0.23262898753572367
Classical Monocytes|Non-classical Monocytes|APP|LRP1,Classical Monocytes,Non-classical Monocytes,APP,LRP1,0.1680478382398783,-0.13959501358849202,0.4756906900682486,55,0.2843416127707913,0.6438452109962273,11,0.11030486376195499,32,0.0680000033701901,5,0.2593212964506197,7,0.04896859781897651
Classical Monocytes|B Cells|SELPLG|SELL,Classical Monocytes,B Cells,SELPLG,SELL,0.117424221554211,-0.09744253182759668,0.33229097493601867,56,0.28411721679447755,0.6438452109962273,11,0.3201513027533835,33,0.30652079800424864,5,0.4149157116856689,7,0.283860985382323
Classical Monocytes|B Cells|RETN|CAP1,Classical Monocytes,B Cells,RETN,CAP1,-0.1431386941788924,-0.4060492787232197,0.1197718903654349,55,0.2859356112454279,0.6468749235606054,11,0.3263666757525469,32,0.29736421503480553,5,0.12560151413474901,7,0.23973774759590002
NK Cells|pDCs|SELPLG|SELL,NK Cells,pDCs,SELPLG,SELL,-0.12413341196014777,-0.3526227160350835,0.10435589211478796,44,0.28696326427831176,0.6484008014415756,10,0.3565680355527105,22,0.3391986949877469,5,0.2629031575663049,7,0.36966722896148907
Non-classical Monocytes|CD8 T Cells|HLA-DRB1|LAG3,Non-classical Monocytes,CD8 T Cells,HLA-DRB1,LAG3,0.12310505508427849,-0.10356661597912162,0.34977672614767863,55,0.2871232674369304,0.6484008014415756,11,0.5645806840696687,32,0.7756916961151474,5,0.6370434137241873,7,0.7250493706853876
NK Cells|Non-classical Monocytes|ANXA2|TLR2,NK Cells,Non-classical Monocytes,ANXA2,TLR2,-0.10959277963317732,-0.31149203407201853,0.09230647480566392,56,0.2873800971807531,0.6484013442640741,11,0.04351097150097012,33,0.18249765295786097,5,0.06583352266752773,7,0.3144129837575959
NK Cells|B Cells|SELPLG|SELL,NK Cells,B Cells,SELPLG,SELL,0.09763930164399826,-0.08245845948429256,0.27773706277228905,56,0.2879693479771742,0.6485726758808549,11,0.15719613829212364,33,0.2728063155243886,5,0.3123631691574434,7,0.3303340447457101
B Cells|Classical Monocytes|HLA-DMB|CD4,B Cells,Classical Monocytes,HLA-DMB,CD4,0.09073170503919081,-0.07661436029358237,0.258077770371964,56,0.2879391369649523,0.6485726758808549,11,0.17772266079685314,33,0.3111745338164888,5,0.1268788892895475,7,0.16959905726999233
Classical Monocytes|CD4 T Cells|CD14|ITGB1,Classical Monocytes,CD4 T Cells,CD14,ITGB1,-0.08490646224465959,-0.24177512364327813,0.07196219915395896,56,0.28875955691891786,0.6487042967150729,11,0.6931860841104893,33,0.6262136602865186,5,0.7211437888056669,7,0.7390778272263557
pDCs|Non-classical Monocytes|S100A8|CD68,pDCs,Non-classical Monocytes,S100A8,CD68,0.15315340081644502,-0.12982718330035098,0.436133984933241,42,0.2887979160286731,0.6487042967150729,9,0.4347609484823166,22,0.6196721318944103,5,0.4626209232745241,6,0.49437870587017274
CD4 T Cells|Non-classical Monocytes|S100A9|ITGB2,CD4 T Cells,Non-classical Monocytes,S100A9,ITGB2,0.16487105604305746,-0.1395019146892923,0.4692440267754072,53,0.28838898454233997,0.6487042967150729,10,0.41202352333233827,32,0.651552126728919,5,0.44705983465065174,6,0.5217173820041751
CD8 T Cells|CD4 T Cells|CALM1|PTPRA,CD8 T Cells,CD4 T Cells,CALM1,PTPRA,0.09183630261311959,-0.07844373765165977,0.262116342877899,55,0.29048520684016665,0.6513363954614917,11,0.2788243289141874,32,0.36759447229086356,5,0.3524550421218997,7,0.3493888828854563
CD4 T Cells|B Cells|MIF|CD74_CXCR4,CD4 T Cells,B Cells,MIF,CD74_CXCR4,0.04264775938735088,-0.036391581505577406,0.12168710028027917,56,0.2902605472191667,0.6513363954614917,11,0.9557044894877048,33,0.9371719466574072,5,0.9417398104179646,7,0.8805595082003161
pDCs|Non-classical Monocytes|MIF|CD44_CD74,pDCs,Non-classical Monocytes,MIF,CD44_CD74,-0.14833514440807727,-0.42370644801193563,0.1270361591957811,44,0.29106869488800613,0.6514885668573884,10,0.6715008067176272,22,0.5504262040215084,5,0.4711008321677336,7,0.498361373879692
Non-classical Monocytes|CD4 T Cells|S100A8|ITGB2,Non-classical Monocytes,CD4 T Cells,S100A8,ITGB2,-0.15944256075540664,-0.4553064908560078,0.1364213693451945,56,0.2908611134168002,0.6514885668573884,11,0.7489318282182151,33,0.9082115490958754,5,0.5277372220020874,7,0.8464595036351543
Non-classical Monocytes|NK Cells|ICAM2|ITGAL_ITGB2,Non-classical Monocytes,NK Cells,ICAM2,ITGAL_ITGB2,-0.09765043168773024,-0.27915637880890365,0.08385551543344313,56,0.291670932211779,0.6516140262127321,11,0.256699512573228,33,0.23023622805536723,5,0.06266969271395093,7,0.1338568398838204
CD4 T Cells|CD4 T Cells|HLA-DRA|CD4,CD4 T Cells,CD4 T Cells,HLA-DRA,CD4,0.17767299992311075,-0.1523804226051499,0.5077264224513713,54,0.2913888548182596,0.6516140262127321,11,0.028784717907825278,33,0.09788496977602837,5,0.19394034557091558,5,0.08536759751600793
NK Cells|Classical Monocytes|MIF|CD74_CXCR4,NK Cells,Classical Monocytes,MIF,CD74_CXCR4,0.16607096224424772,-0.14275588849659704,0.4748978129850925,56,0.2918983291146865,0.6516140262127321,11,0.2599158768713352,33,0.41458776021893895,5,0.2733133790743938,7,0.2619143001777498
Non-classical Monocytes|pDCs|TIMP2|CD44,Non-classical Monocytes,pDCs,TIMP2,CD44,-0.15610524096397582,-0.44728821226195686,0.13507773033400522,44,0.29337319970546816,0.6526004187110194,10,0.27629835744576503,22,0.2755669209180589,5,0.15025211368581387,7,0.30562591812208356
CD4 T Cells|Classical Monocytes|GNAI2|FPR1,CD4 T Cells,Classical Monocytes,GNAI2,FPR1,-0.12090670723882962,-0.3464270430684471,0.10461362859078788,56,0.2933585573395928,0.6526004187110194,11,0.250853390877937,33,0.2298759419913279,5,0.266542970919772,7,0.3664722292719926
B Cells|B Cells|FAM3C|LAMP1,B Cells,B Cells,FAM3C,LAMP1,0.04138349745827131,-0.03578211065427133,0.11854910557081394,56,0.29320436878884315,0.6526004187110194,11,0.0,33,0.07915150190983841,5,0.0,7,0.037768004451567104
Classical Monocytes|pDCs|TGFB1|ITGB1,Classical Monocytes,pDCs,TGFB1,ITGB1,0.15518912529575069,-0.1340077030747494,0.4443859536662508,43,0.292910563640828,0.6526004187110194,10,0.1586581509824107,22,0.2770060239165271,5,0.24881014076972682,6,0.21196888840809255
Non-classical Monocytes|CD4 T Cells|HBEGF|CD44,Non-classical Monocytes,CD4 T Cells,HBEGF,CD44,0.13021473465273908,-0.1130552956836402,0.37348476498911837,45,0.29412906683031537,0.6526839529396051,8,0.3350935326518486,25,0.42006394621077275,5,0.3429181256202802,7,0.29767380452646525
B Cells|B Cells|MIF|TNFRSF14,B Cells,B Cells,MIF,TNFRSF14,0.11315471028849738,-0.0982098326700788,0.32451925324707354,56,0.29405238281106816,0.6526839529396051,11,0.3071072329537944,33,0.3201988017221958,5,0.38430281231359026,7,0.28423967079349427
Non-classical Monocytes|Non-classical Monocytes|VCAN|SELL,Non-classical Monocytes,Non-classical Monocytes,VCAN,SELL,0.13710590771008543,-0.11906836099506649,0.3932801764152374,55,0.2941856044314247,0.6526839529396051,10,0.2462274904826712,33,0.36884435198779525,5,0.33130337613256006,7,0.31681432992759867
pDCs|Non-classical Monocytes|APP|CD74,pDCs,Non-classical Monocytes,APP,CD74,-0.017869477930300248,-0.05135851716439016,0.015619561303789664,44,0.2956437847914024,0.6547693638631673,10,0.9961895571930048,22,0.9734857375218201,5,0.9977448473154021,7,0.9929105055745177
Non-classical Monocytes|NK Cells|S100A8|ITGB2,Non-classical Monocytes,NK Cells,S100A8,ITGB2,-0.07675222908305779,-0.22059228223187782,0.06708782406576225,56,0.29564157599854723,0.6547693638631673,11,0.9397662090658527,33,0.9900925914563067,5,0.8343497045542145,7,0.9614283160277263
pDCs|Non-classical Monocytes|TGFB1|CXCR4,pDCs,Non-classical Monocytes,TGFB1,CXCR4,0.17037520146302287,-0.1494415968127336,0.49019199973877936,42,0.2964267735043734,0.6559285960118666,10,0.18503598510459002,22,0.3274298745602566,5,0.3375576068006298,5,0.3095762947932735
CD8 T Cells|Non-classical Monocytes|S100A9|ITGB2,CD8 T Cells,Non-classical Monocytes,S100A9,ITGB2,0.1618457150242838,-0.14221050099501986,0.46590193104358746,51,0.2968247170822549,0.6562345232430955,9,0.441602718788908,32,0.6469487939888109,5,0.49780960354230563,5,0.5413099637179247
B Cells|CD4 T Cells|IL16|CD4,B Cells,CD4 T Cells,IL16,CD4,-0.06304158366473275,-0.18162915194608775,0.05554598461662226,56,0.2974469159826224,0.6570352768252508,11,0.010928379815001065,33,0.012339342570269531,5,0.007583606640930163,7,0.07203615306093138
CD8 T Cells|CD4 T Cells|SELPLG|SELL,CD8 T Cells,CD4 T Cells,SELPLG,SELL,-0.17421608422422574,-0.5022185939400632,0.15378642549161164,56,0.29786615583102527,0.6573867037423587,11,0.4197247895103319,33,0.33610202217244567,5,0.20539445780512683,7,0.29598777469146637
pDCs|CD8 T Cells|COPA|CD74,pDCs,CD8 T Cells,COPA,CD74,-0.10094215210297641,-0.2914580808872824,0.08957377668132957,43,0.2990564094649246,0.6594376498410685,10,0.3655690853816476,21,0.40973196100344633,5,0.3484347402517908,7,0.4935397679765659
Classical Monocytes|Non-classical Monocytes|LGALS9|HAVCR2,Classical Monocytes,Non-classical Monocytes,LGALS9,HAVCR2,-0.09697816350283647,-0.2806766705289332,0.08672034352326022,53,0.30080684259215573,0.6627191728250894,11,0.023351370628286607,30,0.1891335857236099,5,0.0,7,0.26276037859815976
CD4 T Cells|CD4 T Cells|MIF|TNFRSF14,CD4 T Cells,CD4 T Cells,MIF,TNFRSF14,0.09686169596871924,-0.08680512358899029,0.28052851552642877,56,0.3013043287950078,0.6632369676524257,11,0.11372655359939778,33,0.1875079585161655,5,0.2949284382769887,7,0.2718481472250372
NK Cells|CD8 T Cells|SPON2|ITGB2,NK Cells,CD8 T Cells,SPON2,ITGB2,-0.11716874211360095,-0.3396563250530612,0.10531884082585927,56,0.3019893154233555,0.6636701852580079,11,0.8879644628832057,33,0.8523010186587447,5,0.475108905013507,7,0.556614202902647
CD4 T Cells|CD4 T Cells|ARF6|SMAP1,CD4 T Cells,CD4 T Cells,ARF6,SMAP1,-0.13646833601721442,-0.3956231143581791,0.12268644232375026,55,0.30202640009762927,0.6636701852580079,11,0.32746575916732396,32,0.26746175590312304,5,0.36405419478872747,7,0.440518527541741
B Cells|CD8 T Cells|HLA-E|CD8A,B Cells,CD8 T Cells,HLA-E,CD8A,-0.05852047098864377,-0.17019247806263132,0.0531515360853438,56,0.30437465605951064,0.667669058908319,11,0.8011024908685596,33,0.8337079750452107,5,0.7323343117853806,7,0.8234602669506754
Non-classical Monocytes|Classical Monocytes|GNAI2|C5AR1,Non-classical Monocytes,Classical Monocytes,GNAI2,C5AR1,0.13697539233430753,-0.12430087035003881,0.3982516550186539,56,0.30417522193433577,0.667669058908319,11,0.20577338360126404,33,0.24962660473211531,5,0.2881443839188603,7,0.19502221271540407
Non-classical Monocytes|Non-classical Monocytes|CD14|ITGB1,Non-classical Monocytes,Non-classical Monocytes,CD14,ITGB1,0.139755951453145,-0.1274354168117453,0.4069473197180353,56,0.30528288122976854,0.6690805211341068,11,0.20838770190428615,33,0.2908709273086105,5,0.2907879560283032,7,0.23351522997948257
NK Cells|Non-classical Monocytes|PSAP|LRP1,NK Cells,Non-classical Monocytes,PSAP,LRP1,-0.1480030437144958,-0.4325096093777125,0.1365035219487209,56,0.3079219723566303,0.6700406063712797,11,0.42633686845960933,33,0.4232428189053883,5,0.20526365658822954,7,0.3501726507485043
NK Cells|Classical Monocytes|LGALS1|ITGB1,NK Cells,Classical Monocytes,LGALS1,ITGB1,0.08946223216202048,-0.08261592386321698,0.26154038818725794,56,0.30821645219346105,0.6700406063712797,11,0.27471527461870043,33,0.4067337599504239,5,0.3080133782687435,7,0.35056963143844644
Non-classical Monocytes|Classical Monocytes|CD1D|LILRB2,Non-classical Monocytes,Classical Monocytes,CD1D,LILRB2,-0.09913552803133341,-0.2902479371757256,0.09197688111305877,51,0.30930095108170697,0.6700406063712797,9,0.06528442904017252,30,0.04041370161820435,5,0.0,7,0.07426480060936523
Non-classical Monocytes|Non-classical Monocytes|HLA-DQB1|CD4,Non-classical Monocytes,Non-classical Monocytes,HLA-DQB1,CD4,0.16550144405279738,-0.15247956133275747,0.4834824494383522,56,0.3076744061477342,0.6700406063712797,11,0.2206349309734542,33,0.25480913623436907,5,0.41326273292097504,7,0.2819354941290925
pDCs|CD8 T Cells|HLA-B|CD3D,pDCs,CD8 T Cells,HLA-B,CD3D,-0.0016595360449234153,-0.004838175282033777,0.0015191031921869456,44,0.3061765299530551,0.6700406063712797,10,0.9975030436648641,22,0.998187155675355,5,0.9961256119934039,7,0.9984692600488182
CD8 T Cells|Non-classical Monocytes|HMGB1|TLR2,CD8 T Cells,Non-classical Monocytes,HMGB1,TLR2,0.09230461307292159,-0.08511288245112134,0.26972210859696455,56,0.30786782823226877,0.6700406063712797,11,0.3786754413279356,33,0.4049853395681201,5,0.42144451197172544,7,0.35544979713898833
CD4 T Cells|Non-classical Monocytes|CD40LG|CD53,CD4 T Cells,Non-classical Monocytes,CD40LG,CD53,0.08491464623489864,-0.0788246593048326,0.24865395177462987,56,0.30942435739966623,0.6700406063712797,11,0.33478275288323045,33,0.3589336448997787,5,0.4705614165317099,7,0.4097976623133595
CD8 T Cells|pDCs|TGFB1|ITGB1,CD8 T Cells,pDCs,TGFB1,ITGB1,-0.15910854594699758,-0.4660882667495067,0.14787117485551154,43,0.30969823040825273,0.6700406063712797,10,0.3610812937508424,22,0.2649657572462841,5,0.2920609737377208,6,0.35505398318016
Classical Monocytes|Non-classical Monocytes|TGFB1|ITGB1,Classical Monocytes,Non-classical Monocytes,TGFB1,ITGB1,0.14217299621112825,-0.13069173021766153,0.415037722639918,55,0.30715189183174507,0.6700406063712797,11,0.28658935435505023,33,0.3288196922359142,5,0.28538825287027814,6,0.18544559454001383
B Cells|Classical Monocytes|HLA-F|LILRB2,B Cells,Classical Monocytes,HLA-F,LILRB2,0.0989734705508177,-0.09073560781257045,0.28868254891420586,56,0.30652709461239835,0.6700406063712797,11,0.1761965062939266,33,0.2524325538244683,5,0.1584554338204399,7,0.13571801080016385
pDCs|Classical Monocytes|LRPAP1|SORL1,pDCs,Classical Monocytes,LRPAP1,SORL1,-0.07818356811167224,-0.22845302271409815,0.07208588649075368,42,0.30784798464343943,0.6700406063712797,9,0.11320526254755227,21,0.0864023247239519,5,0.0,7,0.051380630288071875
Classical Monocytes|B Cells|ADAM17|ITGB1,Classical Monocytes,B Cells,ADAM17,ITGB1,-0.10329015698819122,-0.3023214575356505,0.09574114355926805,45,0.3090813599108396,0.6700406063712797,8,0.0,25,0.03562747472174376,5,0.0784865910134962,7,0.21740422272343118
Non-classical Monocytes|Non-classical Monocytes|MIF|TNFRSF14,Non-classical Monocytes,Non-classical Monocytes,MIF,TNFRSF14,0.14325211297323295,-0.1322772465692101,0.418781472515676,56,0.30819510133169103,0.6700406063712797,11,0.19295357715051964,33,0.27507942448292794,5,0.2601047869642879,7,0.19897852132346325
NK Cells|B Cells|MIF|CD74_CXCR4,NK Cells,B Cells,MIF,CD74_CXCR4,0.05003767779184842,-0.046475875332179103,0.14655123091587596,56,0.3095589520690947,0.6700406063712797,11,0.9415462421176115,33,0.924954599259294,5,0.9228045828078821,7,0.8561752621577162
Classical Monocytes|Classical Monocytes|S100A8|ITGB2,Classical Monocytes,Classical Monocytes,S100A8,ITGB2,-0.0014118412635057975,-0.004131987261680303,0.001308304734668707,56,0.3090188656256475,0.6700406063712797,11,0.9985858572289481,33,0.9988578462314482,5,0.9977252519583761,7,0.9994090822243821
CD4 T Cells|pDCs|SPTAN1|PTPRA,CD4 T Cells,pDCs,SPTAN1,PTPRA,0.19578794669765232,-0.18242514311264957,0.5740010365079542,40,0.3102936101062014,0.6707544505888544,10,0.205133078846165,18,0.12211540217127806,5,0.3961362489372434,7,0.11733062556470417
pDCs|CD4 T Cells|IL16|CD4,pDCs,CD4 T Cells,IL16,CD4,0.11177468206916175,-0.1045068024063277,0.3280561665446512,44,0.31110166545196516,0.6719264176043726,10,0.03883986002151103,22,0.19159535420177126,5,0.0544812698476614,7,0.0954620819587599
Classical Monocytes|Non-classical Monocytes|HLA-C|LILRB2,Classical Monocytes,Non-classical Monocytes,HLA-C,LILRB2,-0.05353433602933377,-0.15718720196738745,0.050118529908719886,56,0.3114058206811,0.6720089742622884,11,0.9034058130526751,33,0.8863723953668357,5,0.8402153691367303,7,0.8767162874802247
Classical Monocytes|Non-classical Monocytes|HLA-A|APLP2,Classical Monocytes,Non-classical Monocytes,HLA-A,APLP2,0.03531204058544879,-0.0335427733898047,0.10416685456070228,56,0.31481825365293137,0.6732540396597875,11,0.8769518758746351,33,0.9091010943753909,5,0.868056042801919,7,0.864893220717226
Non-classical Monocytes|Non-classical Monocytes|PSEN1|NOTCH2,Non-classical Monocytes,Non-classical Monocytes,PSEN1,NOTCH2,0.042161262815245265,-0.04006499629890614,0.12438752192939667,56,0.31491344474787053,0.6732540396597875,11,0.007458051351896437,33,0.013353458271734498,5,0.036265855895407206,7,0.0
pDCs|Classical Monocytes|S100A8|CD68,pDCs,Classical Monocytes,S100A8,CD68,0.13779251595372677,-0.13009312162319647,0.40567815353065,42,0.31338341922067026,0.6732540396597875,9,0.3162261621728917,22,0.3820027340388094,5,0.3173218665079334,6,0.2453059224201244
Non-classical Monocytes|Classical Monocytes|GNAI2|FPR1,Non-classical Monocytes,Classical Monocytes,GNAI2,FPR1,-0.09248213179769972,-0.27198359787456555,0.08701933427916612,56,0.3125882714466729,0.6732540396597875,11,0.16404877299405135,33,0.2030053641535127,5,0.08261610846453919,7,0.21405483142170026
B Cells|pDCs|FAM3C|LAMP1,B Cells,pDCs,FAM3C,LAMP1,-0.10448804986405201,-0.30738835199498277,0.09841225226687876,44,0.3128176905622838,0.6732540396597875,10,0.2534211907478837,22,0.2131734042137875,5,0.04678138014165718,7,0.11102164347161296
Non-classical Monocytes|CD4 T Cells|ICAM1|IL2RG,Non-classical Monocytes,CD4 T Cells,ICAM1,IL2RG,0.09097674632405922,-0.08619277033016243,0.26814626297828087,47,0.31420217481303114,0.6732540396597875,9,0.36241563394306847,26,0.3661926811877032,5,0.5409909427631304,7,0.45379124368370594
pDCs|pDCs|HLA-DPB1|CD4,pDCs,pDCs,HLA-DPB1,CD4,-0.07583166019428178,-0.22352538285400322,0.07186206246543966,43,0.31426109007086134,0.6732540396597875,10,0.9002927496330246,21,0.7965222584131633,5,0.8337850989564519,7,0.8058462679308723
Classical Monocytes|Non-classical Monocytes|S100A8|CD69,Classical Monocytes,Non-classical Monocytes,S100A8,CD69,0.03269031955482926,-0.030865200977019336,0.09624584008667786,56,0.3133949116696241,0.6732540396597875,11,0.8876134078745764,33,0.9095984153517221,5,0.9441552753347155,7,0.933449963257032
B Cells|CD8 T Cells|HMGB1|CXCR4,B Cells,CD8 T Cells,HMGB1,CXCR4,-0.027133912362712787,-0.07999467330778115,0.025726848582355577,56,0.3143831249655823,0.6732540396597875,11,0.9226349453192529,33,0.8973373848833203,5,0.9815709404533572,7,0.9834072923801372
NK Cells|Non-classical Monocytes|CIRBP|TREM1,NK Cells,Non-classical Monocytes,CIRBP,TREM1,-0.08176538167701419,-0.24102264639836626,0.07749188304433788,56,0.31428149353687285,0.6732540396597875,11,0.4667089440895555,33,0.40544240649843477,5,0.3697774586451966,7,0.3902763027310901
CD4 T Cells|Classical Monocytes|ICAM2|ITGAL_ITGB2,CD4 T Cells,Classical Monocytes,ICAM2,ITGAL_ITGB2,0.05352044769468531,-0.05053189149511614,0.15757278688448675,53,0.3133926790225754,0.6732540396597875,10,0.0,31,0.08797379985029427,5,0.0231098658247177,7,0.05756321798032666
CD8 T Cells|Classical Monocytes|MFNG|NOTCH2,CD8 T Cells,Classical Monocytes,MFNG,NOTCH2,-0.035416746211433286,-0.10466549225303118,0.033831999830164605,56,0.3161462313162927,0.6753182810957495,11,0.025114161335606348,33,0.017241859954707985,5,0.0,7,0.027544444830534927
B Cells|CD8 T Cells|MIF|CD44_CD74,B Cells,CD8 T Cells,MIF,CD44_CD74,-0.12448575864721431,-0.3685833450594821,0.11961182776505347,56,0.3175286061399072,0.6764765729131683,11,0.18073420971942133,33,0.23254864541848477,5,0.23293278028444178,7,0.40923297463071956
Classical Monocytes|CD8 T Cells|VCAN|SELL,Classical Monocytes,CD8 T Cells,VCAN,SELL,-0.08303032310963177,-0.2458633309786718,0.07980268475940827,56,0.3175975850277686,0.6764765729131683,11,0.6494114860507083,33,0.6131096228321548,5,0.6598751307631927,7,0.7066035906542709
Non-classical Monocytes|Classical Monocytes|IL16|CD4,Non-classical Monocytes,Classical Monocytes,IL16,CD4,0.06256883092146685,-0.06030544216819804,0.18544310401113173,53,0.31826305790548726,0.6764765729131683,11,0.07945888204934688,30,0.09340214922769648,5,0.054525387949978944,7,0.005899824206861685
pDCs|Non-classical Monocytes|GRN|TNFRSF1A,pDCs,Non-classical Monocytes,GRN,TNFRSF1A,-0.12247073873521902,-0.3624464257245543,0.11750494825411631,44,0.31718438409863614,0.6764765729131683,10,0.40981446744755345,22,0.323997968107008,5,0.38216590318400473,7,0.4188201425786783
Non-classical Monocytes|Non-classical Monocytes|APP|PTGER2,Non-classical Monocytes,Non-classical Monocytes,APP,PTGER2,0.09641341187794512,-0.09304285918013395,0.2858696829360242,49,0.31856237505606266,0.6764765729131683,6,0.11479052168600916,31,0.13299215704450532,5,0.10529379921710909,7,0.027082022697660118
B Cells|NK Cells|B2M|KLRD1,B Cells,NK Cells,B2M,KLRD1,0.011297968990436003,-0.01089678774004571,0.033492725720917715,56,0.3184269615309051,0.6764765729131683,11,0.9997503267401782,33,0.9994928523082117,5,0.9993275191500309,7,0.9877720757276285
pDCs|Non-classical Monocytes|MIF|CD74_CXCR4,pDCs,Non-classical Monocytes,MIF,CD74_CXCR4,0.16502718242050274,-0.15901242193941612,0.4890667867804216,44,0.3181958506019258,0.6764765729131683,10,0.3681785489073743,22,0.5440866506991754,5,0.4367100304289545,7,0.4475909498002529
B Cells|pDCs|HLA-DRB1|CD4,B Cells,pDCs,HLA-DRB1,CD4,-0.04381679844150055,-0.13003560636427883,0.04240200948127773,43,0.31921963512567997,0.6773031217150237,10,0.9695543250484956,21,0.913009397867141,5,0.9236388367071223,7,0.9109107079672683
NK Cells|Classical Monocytes|HLA-F|LILRB2,NK Cells,Classical Monocytes,HLA-F,LILRB2,0.10540626635431505,-0.10226986152552439,0.3130823942341545,56,0.3198422745746661,0.6777815593914046,11,0.3316560471921481,33,0.25775225177149036,5,0.41465822068693126,7,0.2353481589119585
CD4 T Cells|NK Cells|B2M|KLRD1,CD4 T Cells,NK Cells,B2M,KLRD1,0.009270761601551714,-0.009000164459220243,0.02754168766232367,56,0.31998155930112615,0.6777815593914046,11,0.9999247856045895,33,0.9997895664645229,5,0.9997433109607894,7,0.990337330219171
pDCs|B Cells|LGALS9|CD47,pDCs,B Cells,LGALS9,CD47,-0.10844682932883795,-0.32296883685550465,0.10607517819782875,43,0.3217753387416189,0.6810102855946992,10,0.13550465773045026,21,0.23874923734200448,5,0.08986821701641934,7,0.3015596259568115
NK Cells|CD4 T Cells|LGALS1|PTPRC,NK Cells,CD4 T Cells,LGALS1,PTPRC,0.077831200097492,-0.07650074175249919,0.2321631419474832,56,0.32294201296693015,0.6816427864716388,11,0.6812646298866228,33,0.7406463737520093,5,0.7556486163640066,7,0.737199160131901
NK Cells|pDCs|HLA-DPB1|CD4,NK Cells,pDCs,HLA-DPB1,CD4,0.1639876061742241,-0.16112744267504742,0.4891026550234956,43,0.32285728328962404,0.6816427864716388,10,0.18086118039213034,21,0.24539691804427943,5,0.3278773924872881,7,0.2284255239652131
pDCs|pDCs|LGALS9|SLC1A5,pDCs,pDCs,LGALS9,SLC1A5,-0.13011104339821372,-0.3880897829339752,0.12786769613754778,39,0.3229059843813199,0.6816427864716388,10,0.04235774573802046,18,0.1498310276952574,5,0.0009954666354778485,6,0.23857979199092852
Non-classical Monocytes|Classical Monocytes|IL1B|SIGIRR,Non-classical Monocytes,Classical Monocytes,IL1B,SIGIRR,-0.17925426197982886,-0.5348537313526315,0.17634520739297377,56,0.32315316905145364,0.6816427864716388,11,0.24708177412519375,33,0.14670272157659459,5,0.2647085622256188,7,0.34358377165684845
B Cells|Non-classical Monocytes|HLA-DPB1|CD4,B Cells,Non-classical Monocytes,HLA-DPB1,CD4,-0.029089917513220764,-0.08701753069812562,0.0288376956716841,56,0.3249931385941449,0.6822325453635628,11,0.8756564662221276,33,0.8388383553631087,5,0.8792453371439507,7,0.8715171437981526
pDCs|Non-classical Monocytes|CD52|SIGLEC10,pDCs,Non-classical Monocytes,CD52,SIGLEC10,0.1531221331153814,-0.15161666333940785,0.45786092957017066,43,0.32471087520666264,0.6822325453635628,10,0.2908016132291515,21,0.39657748284450145,5,0.2887392395522106,7,0.24139297605217916
CD8 T Cells|CD4 T Cells|MIF|TNFRSF14,CD8 T Cells,CD4 T Cells,MIF,TNFRSF14,0.09970402377345675,-0.09886396082390492,0.2982720083708184,56,0.3250526254917806,0.6822325453635628,11,0.19328063168502146,33,0.21411668882936608,5,0.2461905247024676,7,0.16732255807335547
CD8 T Cells|NK Cells|B2M|KLRD1,CD8 T Cells,NK Cells,B2M,KLRD1,0.00903205641621685,-0.008926835234423773,0.02699094806685747,56,0.3242687119352686,0.6822325453635628,11,0.9999694188332785,33,0.9998877223840226,5,0.9998326744211272,7,0.9907189215556544
pDCs|Non-classical Monocytes|LGALS9|LRP1,pDCs,Non-classical Monocytes,LGALS9,LRP1,0.14002601321332675,-0.13838842360285508,0.4184404500295086,43,0.3242577256622481,0.6822325453635628,10,0.007240933573640962,21,0.23379147944251236,5,0.08015048430729028,7,0.1666750169628349
Non-classical Monocytes|pDCs|PSEN1|NOTCH4,Non-classical Monocytes,pDCs,PSEN1,NOTCH4,0.13868420898264827,-0.1374538552015404,0.41482227316683695,39,0.3249442517665505,0.6822325453635628,8,0.07838379816445817,20,0.1257757729600623,5,0.11162740351042715,6,0.020335169323382973
CD8 T Cells|pDCs|LGALS1|ITGB1,CD8 T Cells,pDCs,LGALS1,ITGB1,0.11427295846556984,-0.11356603872598822,0.34211195565712793,44,0.3255963166576181,0.6828065495384241,10,0.24579144276227746,22,0.3734863608492461,5,0.13292329521298457,7,0.14634525483438335
pDCs|NK Cells|B2M|KLRD1,pDCs,NK Cells,B2M,KLRD1,0.01069734372365827,-0.010687314328051544,0.03208200177536809,44,0.32686818199840295,0.6849053863266702,10,0.9998448377200834,22,0.9995357979295036,5,0.999204989291236,7,0.988198605776998
pDCs|Non-classical Monocytes|ICAM3|ITGAL,pDCs,Non-classical Monocytes,ICAM3,ITGAL,-0.14259620053390748,-0.42841333992734226,0.1432209388595273,44,0.32815348869090477,0.6864601539088712,10,0.1390227083008031,22,0.19540167522651186,5,0.09590069746813283,7,0.2948758649277491
pDCs|pDCs|HLA-DRB1|CD4,pDCs,pDCs,HLA-DRB1,CD4,-0.07176279084623582,-0.21556123764718274,0.07203565595471109,43,0.32801377799052744,0.6864601539088712,10,0.9189147480497901,21,0.8279754075442517,5,0.8108742381473487,7,0.7916976884880461
NK Cells|NK Cells|B2M|KLRD1,NK Cells,NK Cells,B2M,KLRD1,0.00856506175019578,-0.008613349314868783,0.025743472815260342,56,0.32845662699862077,0.6865259689210212,11,0.9999741875017167,33,0.9998865551424332,5,0.9998944637968081,7,0.9912417696873288
Non-classical Monocytes|NK Cells|B2M|KLRD1,Non-classical Monocytes,NK Cells,B2M,KLRD1,0.009566859233385738,-0.00964005512362192,0.028773773590393396,56,0.3289418961611751,0.6869720426440409,11,0.9998999272553942,33,0.9997582152587962,5,0.9996071204661596,7,0.9898985492361758
Classical Monocytes|NK Cells|VCAN|CD44,Classical Monocytes,NK Cells,VCAN,CD44,-0.05128920735079323,-0.15440101903281372,0.051822604331227276,56,0.32960364056811875,0.6877856314745138,11,0.706560248082548,33,0.6949895361624806,5,0.764443917754232,7,0.8041624131849578
Classical Monocytes|pDCs|PSEN1|CD44,Classical Monocytes,pDCs,PSEN1,CD44,-0.13027499268082798,-0.39270085860362547,0.1321508732419695,44,0.33056480531728993,0.6880867076085598,10,0.28680025696523304,22,0.2523445686994047,5,0.10523131722882575,7,0.2010506216438254
B Cells|CD8 T Cells|FAM3C|LAMP1,B Cells,CD8 T Cells,FAM3C,LAMP1,-0.0755849012569186,-0.22775961868212036,0.07658981616828316,56,0.3302996475230503,0.6880867076085598,11,0.16257574299699412,33,0.2210825979973776,5,0.00555044020639055,7,0.1396421964636926
B Cells|CD4 T Cells|ADAM28|ITGA4,B Cells,CD4 T Cells,ADAM28,ITGA4,-0.10617851644449483,-0.31996604296179554,0.10760901007280588,56,0.3303422462175113,0.6880867076085598,11,0.2575156532564312,33,0.23607031997512737,5,0.09742316604326373,7,0.1821563492064547
CD4 T Cells|Classical Monocytes|HLA-F|LILRB2,CD4 T Cells,Classical Monocytes,HLA-F,LILRB2,0.09501610267328309,-0.09745871228881614,0.2874909176353823,56,0.33327141194721166,0.6891340017149147,11,0.39172573191240584,33,0.29208969386543737,5,0.3934236710919089,7,0.19877153037165737
CD4 T Cells|pDCs|HLA-DPB1|CD4,CD4 T Cells,pDCs,HLA-DPB1,CD4,-0.1147027216746121,-0.34718657230123606,0.1177811289520119,43,0.33354119561168916,0.6891340017149147,10,0.35644457194984164,21,0.2603499751296355,5,0.3265059828916378,7,0.34511410774604373
pDCs|CD8 T Cells|LGALS9|CD44,pDCs,CD8 T Cells,LGALS9,CD44,-0.12618039926066105,-0.3816238599864096,0.12926306146508748,43,0.3329666241635675,0.6891340017149147,10,0.42358996148844297,21,0.2081138893050627,5,0.37517078465898324,7,0.28587511173626395
Classical Monocytes|Classical Monocytes|LGALS9|PTPRC,Classical Monocytes,Classical Monocytes,LGALS9,PTPRC,-0.09475024314269648,-0.2868563596485084,0.09735587336311546,56,0.33369902160780374,0.6891340017149147,11,0.22142049462452473,33,0.3892977023088687,5,0.19736234248655543,7,0.45998979331359585
pDCs|NK Cells|APP|CD74,pDCs,NK Cells,APP,CD74,-0.07097075357167915,-0.2148423464074881,0.0729008392641298,44,0.33362642217215466,0.6891340017149147,10,0.8598193110578185,22,0.8171804909513942,5,0.7757047591355422,7,0.804036692600797
Classical Monocytes|NK Cells|APP|CD74,Classical Monocytes,NK Cells,APP,CD74,0.06422775367017419,-0.06559866118607596,0.19405416852642435,55,0.33222904342360904,0.6891340017149147,11,0.37493319938365954,32,0.29461825404987724,5,0.4141626696244115,7,0.269619970620455
Classical Monocytes|NK Cells|B2M|KLRD1,Classical Monocytes,NK Cells,B2M,KLRD1,0.009853400243442612,-0.010095189737284536,0.02980199022416976,56,0.33299243621342234,0.6891340017149147,11,0.9998495188781369,33,0.999640575266979,5,0.999516022373224,7,0.9894536785186235
CD4 T Cells|CD8 T Cells|ICAM2|ITGAL_ITGB2,CD4 T Cells,CD8 T Cells,ICAM2,ITGAL_ITGB2,-0.07880533891387032,-0.2385968157466819,0.08098613791894127,56,0.33374032732197156,0.6891340017149147,11,0.034303687779987095,33,0.14200792806739573,5,0.0,7,0.18650957920127895
Classical Monocytes|pDCs|HLA-DMA|CD4,Classical Monocytes,pDCs,HLA-DMA,CD4,0.12429219663760516,-0.12703851348629508,0.3756229067615054,43,0.3324086841706845,0.6891340017149147,10,0.24938785676274722,21,0.22502588242087648,5,0.2659737216139916,7,0.11731955063451567
Classical Monocytes|B Cells|IL1B|SIGIRR,Classical Monocytes,B Cells,IL1B,SIGIRR,-0.15682358848992795,-0.4748465628797777,0.16119938589992183,49,0.3337950210126852,0.6891340017149147,11,0.3600468282878647,27,0.2180951354786354,5,0.36801958854018835,6,0.38289148422088704
CD4 T Cells|pDCs|HLA-DPA1|CD4,CD4 T Cells,pDCs,HLA-DPA1,CD4,-0.13680076944203845,-0.41446445383340663,0.14086291494932973,43,0.33422179075241076,0.689451808352116,10,0.426305498743328,21,0.26603569573973795,5,0.33359628840039884,7,0.31012725483884723
Classical Monocytes|B Cells|TGFB1|ITGB1,Classical Monocytes,B Cells,TGFB1,ITGB1,0.11380842361862903,-0.11747978804582293,0.345096635283081,44,0.33483229119082925,0.689585329942319,8,0.17974975578755506,25,0.27954228653560903,5,0.19356858633073493,6,0.17955269346015987
NK Cells|Classical Monocytes|LRPAP1|LRP1,NK Cells,Classical Monocytes,LRPAP1,LRP1,0.025203364740241728,-0.025992766164167347,0.0763994956446508,56,0.3346091821834165,0.689585329942319,11,0.006390059685027311,33,0.04827902517133171,5,0.0,7,0.016685600746062672
B Cells|Classical Monocytes|LGALS1|ITGB1,B Cells,Classical Monocytes,LGALS1,ITGB1,-0.09232049340016588,-0.28072678107588833,0.09608579427555661,53,0.3368554243459978,0.6916149807538587,9,0.0,33,0.10614208480897841,5,0.03512372035946008,6,0.23358629856860436
NK Cells|Non-classical Monocytes|LGALS1|ITGB1,NK Cells,Non-classical Monocytes,LGALS1,ITGB1,0.15392101489657783,-0.16023584731275403,0.4680778771059097,56,0.33691256086584886,0.6916149807538587,11,0.2726544535064285,33,0.44259167701549135,5,0.2986125332746775,7,0.31462874188716256
Classical Monocytes|Classical Monocytes|ICAM1|SPN,Classical Monocytes,Classical Monocytes,ICAM1,SPN,0.10749750980675328,-0.11155034369455406,0.3265453633080606,44,0.33612479772103643,0.6916149807538587,10,0.052659333470005565,22,0.1182193422586892,5,0.1135354931595746,7,0.07159799214150496
CD8 T Cells|NK Cells|CLEC2D|KLRB1,CD8 T Cells,NK Cells,CLEC2D,KLRB1,0.11129099026453076,-0.1156249226781225,0.33820690320718405,55,0.3364189243585616,0.6916149807538587,11,0.6161005414219968,32,0.5548331320143641,5,0.4177458253402168,7,0.24518742566805343
Classical Monocytes|Classical Monocytes|S100A8|CD68,Classical Monocytes,Classical Monocytes,S100A8,CD68,-0.0022459606156077783,-0.006838283673510072,0.0023463624422945155,56,0.33778212770179417,0.6922752933515278,11,0.9975840894979767,33,0.9978041668274477,5,0.9951730680187628,7,0.9976391059638415
B Cells|Non-classical Monocytes|ANXA2|TLR2,B Cells,Non-classical Monocytes,ANXA2,TLR2,0.18183084767773272,-0.18992802129645925,0.5535897166519247,52,0.33774150270033854,0.6922752933515278,10,0.0789082437894034,30,0.15331801590953228,5,0.25660488856623986,7,0.14918381300863603
B Cells|Classical Monocytes|HLA-DQB1|CD4,B Cells,Classical Monocytes,HLA-DQB1,CD4,-0.05834579619710023,-0.1778061388293345,0.06111454643513402,56,0.33843159738444983,0.6927898578521601,11,0.7245837551416346,33,0.6134710580260073,5,0.7186534362598354,7,0.6658865353413083
CD4 T Cells|Non-classical Monocytes|S100A9|CD68,CD4 T Cells,Non-classical Monocytes,S100A9,CD68,0.1398198658470935,-0.1465437585657105,0.4261834902598975,53,0.3385815094766196,0.6927898578521601,10,0.41942318813210766,32,0.663298471586096,5,0.42933857863606784,6,0.5333939962429627
CD4 T Cells|Non-classical Monocytes|HLA-C|LILRB2,CD4 T Cells,Non-classical Monocytes,HLA-C,LILRB2,-0.01420591596448939,-0.04332846868540545,0.014916636756426672,56,0.3390388706914308,0.6931644225220434,11,0.9746485601551917,33,0.9620916111263581,5,0.9600161864386992,7,0.961665153374355
Non-classical Monocytes|pDCs|TNFSF13B|HLA-DPB1,Non-classical Monocytes,pDCs,TNFSF13B,HLA-DPB1,-0.044774293074984484,-0.13691015243673804,0.04736156628676909,44,0.3408621953250872,0.6963288339421951,10,0.8794972841847987,22,0.8693414731056458,5,0.8444594770962863,7,0.8790779590921179
Non-classical Monocytes|B Cells|MIF|CD74_CXCR4,Non-classical Monocytes,B Cells,MIF,CD74_CXCR4,0.055288976285532754,-0.058554375107175,0.1691323276782405,56,0.341161439413348,0.6963771869123832,11,0.916405037754339,33,0.8705096084881349,5,0.9101034260952338,7,0.8089190205434968
NK Cells|Classical Monocytes|TGFB1|ITGB1,NK Cells,Classical Monocytes,TGFB1,ITGB1,0.13207326899639632,-0.14006430637486805,0.4042108443676607,56,0.34149989521914303,0.6965054360119245,11,0.25227837180191703,33,0.35774348390338523,5,0.27674940350612565,7,0.2501412466111975
Non-classical Monocytes|pDCs|VCAN|CD44,Non-classical Monocytes,pDCs,VCAN,CD44,0.14262617160474442,-0.1516430845323196,0.43689542774180845,43,0.34213579465721666,0.6966520480837184,9,0.3397038021496123,22,0.33820248374077627,5,0.31175715770781454,7,0.16762966769423407
Classical Monocytes|Non-classical Monocytes|ANXA1|FPR1,Classical Monocytes,Non-classical Monocytes,ANXA1,FPR1,-0.10581707769886617,-0.3242600562404995,0.11262590084276711,55,0.3423988301226665,0.6966520480837184,10,0.5261092075656292,33,0.6273634911431464,5,0.5314673904965448,7,0.7385387517729282
B Cells|Non-classical Monocytes|HLA-A|LILRB2,B Cells,Non-classical Monocytes,HLA-A,LILRB2,-0.02844047037111974,-0.08713408359114136,0.03025314284890187,56,0.3422562827045441,0.6966520480837184,11,0.9306187384916412,33,0.9326319984075693,5,0.9044278267195576,7,0.9348815570066054
Classical Monocytes|CD4 T Cells|VCAN|SELL,Classical Monocytes,CD4 T Cells,VCAN,SELL,-0.04362708652161029,-0.13375959889257316,0.04650542584935259,56,0.3427799656708279,0.6968664306115705,11,0.7926831905348013,33,0.7918173178361386,5,0.7485303739239986,7,0.7912915877469462
CD4 T Cells|Classical Monocytes|LRPAP1|SORL1,CD4 T Cells,Classical Monocytes,LRPAP1,SORL1,0.024382785287139906,-0.026020917959058004,0.07478648853333782,54,0.3430620873135358,0.6968793365283803,11,0.020692236883271334,31,0.04507502217041124,5,0.0,7,0.0
pDCs|Classical Monocytes|TGFB1|CXCR4,pDCs,Classical Monocytes,TGFB1,CXCR4,0.1322929016248066,-0.14175199841119202,0.40633780166080524,42,0.3440688455851436,0.6983630303563517,10,0.12035345421662265,22,0.2754027840788861,5,0.2378935604272681,5,0.26064998866472494
Non-classical Monocytes|B Cells|TGFB1|CXCR4,Non-classical Monocytes,B Cells,TGFB1,CXCR4,0.1397026317352933,-0.14987562859505627,0.42928089206564285,56,0.344375685253833,0.698424844812549,11,0.9304771294728078,33,0.8542053826071152,5,0.8573866306472814,7,0.6414122520462955
pDCs|CD8 T Cells|APP|PTGER2,pDCs,CD8 T Cells,APP,PTGER2,-0.1103129534942919,-0.33929940558994853,0.11867349860136475,44,0.3450665453270474,0.6992647634654762,10,0.3750831334827605,22,0.30034737734463607,5,0.24575913622818205,7,0.2813363335843495
Classical Monocytes|B Cells|APP|LRP10,Classical Monocytes,B Cells,APP,LRP10,0.05908730578088095,-0.06389715127263067,0.18207176283439258,55,0.34636904135360724,0.7013418008818634,11,0.0,32,0.05588537888455086,5,0.05102201941406585,7,0.047820092517735766
Non-classical Monocytes|CD8 T Cells|TIMP1|CD63,Non-classical Monocytes,CD8 T Cells,TIMP1,CD63,-0.0759905962012743,-0.23547382565426428,0.08349263325171569,56,0.35036374770846324,0.704173027357533,11,0.5883466261580321,33,0.5758171067214857,5,0.45621302037956185,7,0.5196740971442897
Non-classical Monocytes|B Cells|MIF|CD44_CD74,Non-classical Monocytes,B Cells,MIF,CD44_CD74,0.1105836985949164,-0.1215262399495998,0.34269363713943257,56,0.3504163921690354,0.704173027357533,11,0.11563518445447181,33,0.16493702555397408,5,0.24570873023039663,7,0.1844268727349825
CD8 T Cells|CD4 T Cells|VIM|CD44,CD8 T Cells,CD4 T Cells,VIM,CD44,-0.06693736972196473,-0.20747583716463985,0.07360109772071038,56,0.35055388540394794,0.704173027357533,11,0.6568821777033673,33,0.6221319519171109,5,0.714777265221826,7,0.7469644091575344
pDCs|Non-classical Monocytes|IL16|CD4,pDCs,Non-classical Monocytes,IL16,CD4,0.11559552974491974,-0.1260411634908172,0.3572322229806567,44,0.348440412938239,0.704173027357533,10,0.2658356808626066,22,0.22609861914797866,5,0.34789210657310854,7,0.19255951511356084
Classical Monocytes|CD8 T Cells|ARF6|SMAP1,Classical Monocytes,CD8 T Cells,ARF6,SMAP1,-0.10197291304116368,-0.31565086718874125,0.11170504110641391,41,0.3496090102250017,0.704173027357533,9,0.18203591225086116,21,0.24245872074506694,5,0.3026848632589645,6,0.46508058479433395
Classical Monocytes|NK Cells|S100A8|CD69,Classical Monocytes,NK Cells,S100A8,CD69,0.00028018156328879495,-0.0003069024617052648,0.0008672655882828547,56,0.3495932742759106,0.704173027357533,11,0.9993367515082835,33,0.9996393417663463,5,0.9998686956524155,7,0.9998911043471895
Classical Monocytes|Non-classical Monocytes|HLA-F|LILRB2,Classical Monocytes,Non-classical Monocytes,HLA-F,LILRB2,0.10585339790594228,-0.11565027492050942,0.32735707073239395,56,0.34894458818090934,0.704173027357533,11,0.3196584709485564,33,0.26037579018075113,5,0.4659937082932991,7,0.3008576296195516
B Cells|Non-classical Monocytes|HLA-DMB|CD4,B Cells,Non-classical Monocytes,HLA-DMB,CD4,0.05969384825031611,-0.06526934870715523,0.18465704520778745,56,0.34914036786888614,0.704173027357533,11,0.192599354472058,33,0.20396648893713196,5,0.116072051252603,7,0.06774533746736085
CD4 T Cells|CD8 T Cells|CD40LG|CD53,CD4 T Cells,CD8 T Cells,CD40LG,CD53,0.07293188810255691,-0.07980124584530468,0.2256650220504185,56,0.3493215285441912,0.704173027357533,11,0.30921084396119086,33,0.3606853974714308,5,0.4877114814023922,7,0.4662541468100752
pDCs|pDCs|S100A9|CD36,pDCs,pDCs,S100A9,CD36,-0.11824113699379184,-0.3663792376840969,0.1298969636965132,40,0.35033012010688336,0.704173027357533,6,0.2810672331842446,22,0.32970052985395293,5,0.06425580362766421,7,0.2311302372911644
pDCs|NK Cells|ICAM3|ITGAL,pDCs,NK Cells,ICAM3,ITGAL,-0.12335013413559984,-0.3828639888202444,0.13616372054904471,44,0.35154584629788455,0.7045495331645184,10,0.1808357350870657,22,0.20731980120130958,5,0.11821009090721066,7,0.26804429115705436
CD8 T Cells|Classical Monocytes|MIF|CD74_CXCR4,CD8 T Cells,Classical Monocytes,MIF,CD74_CXCR4,0.15823727413899635,-0.17478757273878243,0.49126212101677513,56,0.3517087775031047,0.7045495331645184,11,0.24770438314058707,33,0.3586480400640035,5,0.30396360532575123,7,0.25666998811017133
NK Cells|Classical Monocytes|ICAM2|ITGAL_ITGB2,NK Cells,Classical Monocytes,ICAM2,ITGAL_ITGB2,0.12334281998361782,-0.13647349476214413,0.3831591347293798,52,0.35213536224249575,0.7045495331645184,10,0.0,30,0.051708370132012724,5,0.17460273011747313,7,0.10296828026586803
Non-classical Monocytes|pDCs|GNAI2|ADCY7,Non-classical Monocytes,pDCs,GNAI2,ADCY7,0.1677253338989878,-0.18527913359975162,0.5207298013977273,34,0.3517239613779528,0.7045495331645184,6,0.3689639363674663,17,0.403529061099885,5,0.4092270077150533,6,0.2760667985484842
Classical Monocytes|Non-classical Monocytes|CD14|ITGB2,Classical Monocytes,Non-classical Monocytes,CD14,ITGB2,-0.051670648257738594,-0.1604751453634635,0.05713384884798631,56,0.35196947042903504,0.7045495331645184,11,0.8911761404466244,33,0.8555002970764591,5,0.8618870070296986,7,0.8778818119172719
B Cells|Classical Monocytes|FCER2|ITGAM_ITGB2,B Cells,Classical Monocytes,FCER2,ITGAM_ITGB2,0.11872844407171351,-0.1318762737886366,0.3693331619320636,55,0.3531131099705962,0.7047568471652175,11,0.21974699066125813,33,0.23512517369449634,5,0.38866611568019466,6,0.2853158546417194
Non-classical Monocytes|CD4 T Cells|TIMP2|CD44,Non-classical Monocytes,CD4 T Cells,TIMP2,CD44,0.10883062559952128,-0.12060319321149912,0.3382644444105417,56,0.35252759646258847,0.7047568471652175,11,0.32973078119037974,33,0.34888259740922134,5,0.43427632656733967,7,0.34459751718666
Classical Monocytes|CD8 T Cells|HLA-F|CD8A,Classical Monocytes,CD8 T Cells,HLA-F,CD8A,0.08786183344126874,-0.0976845675056994,0.2734082343882369,56,0.3533545410994581,0.7047568471652175,11,0.3260172203428946,33,0.27446718901938627,5,0.42904494326724646,7,0.2896330785024694
Non-classical Monocytes|pDCs|S100A8|ITGB2,Non-classical Monocytes,pDCs,S100A8,ITGB2,-0.18185863381413997,-0.5654676449486291,0.20175037732034912,44,0.35280316990263494,0.7047568471652175,10,0.6137344191005332,22,0.8430389567784392,5,0.3622769312094782,7,0.7734401027015242
Non-classical Monocytes|pDCs|PKM|CD44,Non-classical Monocytes,pDCs,PKM,CD44,0.09127749586922515,-0.1018379093533423,0.2843929010917926,44,0.3542421977814194,0.7059700581968823,10,0.2565720603570152,22,0.3361641969426452,5,0.2608740611149222,7,0.24918870183132705
Non-classical Monocytes|B Cells|PKM|CD44,Non-classical Monocytes,B Cells,PKM,CD44,-0.09793589705874095,-0.30535352262245197,0.1094817285049701,56,0.35474143296682115,0.7060558351258424,11,0.24638895831030297,33,0.21086316758664647,5,0.1890638514690175,7,0.251473957804102
Classical Monocytes|Classical Monocytes|S100A9|CD68,Classical Monocytes,Classical Monocytes,S100A9,CD68,-0.001379581119479223,-0.004307103732068241,0.0015479414931097953,56,0.35568226280775517,0.7060558351258424,11,0.9983628108081958,33,0.9983971679803186,5,0.9967265295953386,7,0.9981404678869407
Classical Monocytes|Non-classical Monocytes|S100A9|CD68,Classical Monocytes,Non-classical Monocytes,S100A9,CD68,-0.00016933412195507813,-0.0005283666211459464,0.0001896983772357901,56,0.3552793440937101,0.7060558351258424,11,0.9999511204414209,33,0.9999088337914954,5,0.999721375562274,7,0.9998484230343037
Classical Monocytes|CD4 T Cells|HMGB1|CXCR4,Classical Monocytes,CD4 T Cells,HMGB1,CXCR4,-0.029340353393824237,-0.09159770355741456,0.03291699676976609,56,0.35565155319211095,0.7060558351258424,11,0.8688277604091694,33,0.8393780830085069,5,0.9475215618682107,7,0.9474122378613724
Non-classical Monocytes|Non-classical Monocytes|COPA|CD74,Non-classical Monocytes,Non-classical Monocytes,COPA,CD74,-0.062225738585147794,-0.19407848654036908,0.06962700937007349,56,0.35498005194933524,0.7060558351258424,11,0.6171603396678502,33,0.60746653850811,5,0.6724387063635192,7,0.7249706437889268
Non-classical Monocytes|Non-classical Monocytes|SEMA4D|PLXNB2,Non-classical Monocytes,Non-classical Monocytes,SEMA4D,PLXNB2,0.15695347515924218,-0.17648594593267608,0.49039289625116045,55,0.3562282838495776,0.7063507368224493,10,0.15108354252232298,33,0.07424627363321064,5,0.32962094731386193,7,0.09583020326550742
CD4 T Cells|Classical Monocytes|LGALS1|PTPRC,CD4 T Cells,Classical Monocytes,LGALS1,PTPRC,0.08486242264708782,-0.09548391920217975,0.2652087644963554,56,0.3563898652349121,0.7063507368224493,11,0.3024422530850233,33,0.449843139169395,5,0.5176791555592549,7,0.5802176189965388
NK Cells|Non-classical Monocytes|TIMP1|CD63,NK Cells,Non-classical Monocytes,TIMP1,CD63,0.11706348895659102,-0.13322196419896104,0.3673489421121431,54,0.35929243713597536,0.7115454456446784,11,0.27284787019502593,32,0.3803440903217207,5,0.3312778244029585,6,0.3217105555730622
Non-classical Monocytes|NK Cells|TIMP2|ITGB1,Non-classical Monocytes,NK Cells,TIMP2,ITGB1,0.10475941270717049,-0.12133106745770447,0.33084989287204547,56,0.36379755986513895,0.7168433982252513,11,0.037843329787227195,33,0.27184665069812103,5,0.2820046525819711,7,0.41124856078569444
B Cells|NK Cells|CLEC2B|KLRF1,B Cells,NK Cells,CLEC2B,KLRF1,0.12271150099147371,-0.14189422171621313,0.38731722369916055,55,0.3633830013381272,0.7168433982252513,11,0.4933221784607342,33,0.3959207656342626,5,0.39918433849836016,6,0.1790714246804149
NK Cells|Classical Monocytes|LTB|TNFRSF1A,NK Cells,Classical Monocytes,LTB,TNFRSF1A,-0.13785588798524978,-0.43599992521494396,0.1602881492444444,56,0.36480435699156044,0.7168433982252513,11,0.1272071760414564,33,0.1274463888762373,5,0.08693530367557653,7,0.2250304044956072
Non-classical Monocytes|CD8 T Cells|ICAM3|ITGAL,Non-classical Monocytes,CD8 T Cells,ICAM3,ITGAL,0.08713718939853132,-0.10127662242036967,0.2755510012174323,56,0.36470318498971954,0.7168433982252513,11,0.2859168961221848,33,0.32993197828495197,5,0.4485264061889264,7,0.40540429895316227
pDCs|Classical Monocytes|S100A8|CD36,pDCs,Classical Monocytes,S100A8,CD36,0.1371865345739571,-0.1592626002039557,0.4336356693518699,42,0.3644044752468921,0.7168433982252513,9,0.3043798782647685,22,0.34454677287382035,5,0.31726517160693596,6,0.22024553164203073
Classical Monocytes|Non-classical Monocytes|TGFB1|CXCR4,Classical Monocytes,Non-classical Monocytes,TGFB1,CXCR4,0.12695349353854457,-0.14726149519672338,0.4011684822738125,55,0.3641922360624429,0.7168433982252513,11,0.14440977866140095,33,0.2884908539351603,5,0.40432028720338165,6,0.42144786893859637
Non-classical Monocytes|NK Cells|S100A9|ITGB2,Non-classical Monocytes,NK Cells,S100A9,ITGB2,-0.027565322692744365,-0.08714741670134082,0.0320167713158521,56,0.3645303521474945,0.7168433982252513,11,0.984036457146722,33,0.9973466047252392,5,0.943708117582758,7,0.9845835878540194
Non-classical Monocytes|Non-classical Monocytes|ICAM2|ITGAL_ITGB2,Non-classical Monocytes,Non-classical Monocytes,ICAM2,ITGAL_ITGB2,-0.09628994871425633,-0.30414109059913375,0.11156119317062105,56,0.36388840273994283,0.7168433982252513,11,0.22374486049734932,33,0.20271014436696336,5,0.06521622836603067,7,0.14047146094990104
B Cells|Non-classical Monocytes|FCER2|ITGAX_ITGB2,B Cells,Non-classical Monocytes,FCER2,ITGAX_ITGB2,-0.11935538094140957,-0.3774145607222253,0.13870379883940614,55,0.3646679815388152,0.7168433982252513,11,0.48828057360889177,33,0.2343283538498891,5,0.3446632581449591,6,0.210066419327366
pDCs|CD8 T Cells|ARF6|SMAP1,pDCs,CD8 T Cells,ARF6,SMAP1,0.12826595480272754,-0.1477133197116575,0.4042452293171126,34,0.3623344507597456,0.7168433982252513,8,0.14927983224083238,15,0.2910711327097892,5,0.34857218492082076,6,0.36209753058705
B Cells|pDCs|GNAS|ADCY7,B Cells,pDCs,GNAS,ADCY7,0.0582662545698818,-0.06841363664625297,0.18494614578601656,34,0.3673316017276298,0.7191278821891204,6,0.020972909347255524,17,0.12105556894403939,5,0.033835126295858234,6,0.0756515313227603
CD4 T Cells|Classical Monocytes|S100A9|ITGB2,CD4 T Cells,Classical Monocytes,S100A9,ITGB2,0.15966069087760254,-0.18676932576966004,0.5060907075248651,53,0.3663682743492065,0.7191278821891204,10,0.3494867523517363,32,0.47805734204692,5,0.4122413228594228,6,0.38115122167700394
Non-classical Monocytes|Non-classical Monocytes|SERPINA1|LRP1,Non-classical Monocytes,Non-classical Monocytes,SERPINA1,LRP1,0.07403549356421868,-0.08704652884156067,0.23511751596999803,56,0.36768075196734495,0.7191278821891204,11,0.3844533800486465,33,0.43225766480762073,5,0.34881712226201095,7,0.3225859134567665
CD4 T Cells|pDCs|LRPAP1|SORL1,CD4 T Cells,pDCs,LRPAP1,SORL1,0.14145799118927807,-0.16649671306892147,0.44941269544747764,39,0.3679589836448487,0.7191278821891204,9,0.06234806100314519,19,0.04438354874099349,5,0.18803183622373462,6,0.028609332772304857
Classical Monocytes|NK Cells|LGALS9|CD47,Classical Monocytes,NK Cells,LGALS9,CD47,0.09630193287363426,-0.11334701586994417,0.3059508816172127,56,0.3679571405963029,0.7191278821891204,11,0.23490090923328433,33,0.2216680660547218,5,0.38096808620472816,7,0.27143331015253136
CD4 T Cells|pDCs|TIMP1|CD63,CD4 T Cells,pDCs,TIMP1,CD63,0.12491494535114703,-0.14687289049511984,0.39670278119741387,44,0.36769014486444196,0.7191278821891204,10,0.22940547655818994,22,0.25453046759943226,5,0.26067623637523785,7,0.16088628206533315
CD4 T Cells|Non-classical Monocytes|HLA-DPA1|CD4,CD4 T Cells,Non-classical Monocytes,HLA-DPA1,CD4,0.08293547357996238,-0.0975004610795016,0.26337140823942634,56,0.3676538458792399,0.7191278821891204,11,0.04560001999020185,33,0.13938052013330962,5,0.08297723981537904,7,0.09382226637852442
Non-classical Monocytes|B Cells|LGALS9|CD44,Non-classical Monocytes,B Cells,LGALS9,CD44,-0.09968461290541197,-0.3170955037525669,0.11772627794174292,56,0.36883432843476716,0.7202815671983437,11,0.14314006186726072,33,0.14920633349750365,5,0.15736743867280395,7,0.26311832320845885
pDCs|NK Cells|S100A8|CD69,pDCs,NK Cells,S100A8,CD69,0.12579453094074983,-0.14886816276176373,0.4004572246432634,42,0.3693687115438685,0.7207681344180353,9,0.30599570582739744,22,0.6096365632789538,5,0.4725075757768404,6,0.6503539022876469
pDCs|NK Cells|HLA-A|CD8A,pDCs,NK Cells,HLA-A,CD8A,-0.10993736686246347,-0.35018387792754463,0.1303091442026177,31,0.36978075694758905,0.7210154111161708,7,0.4655331614298981,12,0.4703616537293285,5,0.766795561229751,7,0.8815614203916449
B Cells|Classical Monocytes|PSAP|LRP1,B Cells,Classical Monocytes,PSAP,LRP1,0.10801729768910076,-0.12824253099226618,0.3442771263704677,56,0.37020482565067614,0.7212857320117646,11,0.15549101280436914,33,0.3007970094053853,5,0.22257156104888054,7,0.2598602599607959
pDCs|CD4 T Cells|SELPLG|ITGB2,pDCs,CD4 T Cells,SELPLG,ITGB2,0.11276145990040518,-0.1342195016272964,0.35974242142810675,44,0.3708727182089666,0.7220303227381037,10,0.13463016598284058,22,0.17223401447033168,5,0.20255256090135823,7,0.12739494948844415
CD8 T Cells|CD8 T Cells|HLA-B|CD3D,CD8 T Cells,CD8 T Cells,HLA-B,CD3D,-0.00027538456259290633,-0.0008792149361033767,0.000328445810917564,56,0.37139325089322217,0.7224871016221498,11,0.9995972268744903,33,0.999701152675403,5,0.9994603084145168,7,0.9998396187780225
Non-classical Monocytes|Non-classical Monocytes|PSAP|LRP1,Non-classical Monocytes,Non-classical Monocytes,PSAP,LRP1,-0.09081949792176136,-0.29022561355634047,0.10858661771281772,56,0.37203637108723697,0.7226256031802059,11,0.6289306622504,33,0.6257483384760583,5,0.4150428039718609,7,0.5026799781192806
Non-classical Monocytes|CD4 T Cells|HLA-DQB1|CD4,Non-classical Monocytes,CD4 T Cells,HLA-DQB1,CD4,-0.09721118368279702,-0.31056424507322644,0.11614187770763243,56,0.37184177365726745,0.7226256031802059,11,0.4112653572523561,33,0.3681467615705388,5,0.3894274569018248,7,0.44352004490280456
Classical Monocytes|Classical Monocytes|HMGB1|TLR2,Classical Monocytes,Classical Monocytes,HMGB1,TLR2,0.09172847920611502,-0.10990031344648452,0.2933572718587145,56,0.3725747041051036,0.7231154203330238,11,0.3101214082445704,33,0.25461808956106197,5,0.29610409513778424,7,0.14887229724816078
pDCs|B Cells|LGALS1|CD69,pDCs,B Cells,LGALS1,CD69,0.062482406417123326,-0.07528276621197533,0.20024757904622198,44,0.37404198346956397,0.723500749845798,10,0.8512965385283907,22,0.8706532350330193,5,0.9104349713472972,7,0.8673092614348025
B Cells|Non-classical Monocytes|GRN|TNFRSF1A,B Cells,Non-classical Monocytes,GRN,TNFRSF1A,0.12005354728409798,-0.14452683569568878,0.3846339302638847,54,0.3738229976468207,0.723500749845798,10,0.005547961148988157,32,0.08970856141562666,5,0.15002822139208236,7,0.11413527437462288
CD8 T Cells|Classical Monocytes|S100A9|CD68,CD8 T Cells,Classical Monocytes,S100A9,CD68,0.1451117576812521,-0.174257116533288,0.46448063189579214,51,0.373170855279898,0.723500749845798,9,0.3389378205985619,32,0.3661748210803728,5,0.35945601229859203,5,0.24158125509915082
pDCs|Non-classical Monocytes|HLA-C|LILRB2,pDCs,Non-classical Monocytes,HLA-C,LILRB2,-0.04095071034580677,-0.13122346032645232,0.04932203963483878,44,0.3739468660314055,0.723500749845798,10,0.9242763180782164,22,0.9166836944141736,5,0.8565290308173716,7,0.8898871174991356
Classical Monocytes|pDCs|S100A8|CD68,Classical Monocytes,pDCs,S100A8,CD68,-0.0055739145396775935,-0.017867823351455918,0.0067199942721007325,44,0.3742047803911587,0.723500749845798,10,0.9979387007352878,22,0.9924230962965374,5,0.9966860330694516,7,0.9967443431703787
Classical Monocytes|Classical Monocytes|HLA-A|LILRB2,Classical Monocytes,Classical Monocytes,HLA-A,LILRB2,-0.05112082637616533,-0.1640326420626052,0.06179098931027455,56,0.37487772443388767,0.724247713795439,11,0.7718834832025017,33,0.8015290774601072,5,0.7240179138567576,7,0.8047843344905284
NK Cells|Non-classical Monocytes|HLA-DRB1|CD4,NK Cells,Non-classical Monocytes,HLA-DRB1,CD4,-0.0678584915852464,-0.21894286839502639,0.08322588522453359,56,0.37869458065578354,0.7247851331466911,11,0.11407308260093756,33,0.2867529928806821,5,0.12983650937494604,7,0.370374911239937
CD8 T Cells|NK Cells|SELPLG|SELL,CD8 T Cells,NK Cells,SELPLG,SELL,-0.11676109006262128,-0.3759661933492666,0.14244401322402403,56,0.37730000631192406,0.7247851331466911,11,0.36008567331458463,33,0.3011549616315383,5,0.134169282655862,7,0.19199966103543695
pDCs|pDCs|LGALS1|ITGB1,pDCs,pDCs,LGALS1,ITGB1,-0.12161225998001995,-0.39169170661668606,0.14846718665664616,44,0.37748538945619037,0.7247851331466911,10,0.417121717610185,22,0.3559481093140433,5,0.33606571226632787,7,0.3965043639502061
pDCs|B Cells|APP|CD74,pDCs,B Cells,APP,CD74,-0.006751783195370287,-0.021739198321035262,0.00823563193029469,44,0.37725918758102495,0.7247851331466911,10,0.9998605119179711,22,0.9915755698222739,5,0.9995677390208755,7,0.9980345801205487
Classical Monocytes|Non-classical Monocytes|CD14|ITGB1,Classical Monocytes,Non-classical Monocytes,CD14,ITGB1,-0.08903448788675428,-0.2872510717988976,0.10918209602538903,56,0.3786576579267056,0.7247851331466911,11,0.5372951574166752,33,0.4644392553077838,5,0.5100779772409324,7,0.5262565630187953
Classical Monocytes|CD8 T Cells|HLA-DPB1|LAG3,Classical Monocytes,CD8 T Cells,HLA-DPB1,LAG3,-0.08374977547928114,-0.26988299908072216,0.10238344812215988,55,0.37784351549207207,0.7247851331466911,11,0.42981625806313184,32,0.28308291204278513,5,0.46169493897836417,7,0.39871136843729865
CD4 T Cells|Non-classical Monocytes|PTPN6|CD300LF,CD4 T Cells,Non-classical Monocytes,PTPN6,CD300LF,-0.04345384889885148,-0.14026524250126182,0.05335754470355886,56,0.3790050811357234,0.7247851331466911,11,0.05326214297233373,33,0.057460219716158376,5,0.0,7,0.047651925642676125
Classical Monocytes|pDCs|ARF6|SMAP1,Classical Monocytes,pDCs,ARF6,SMAP1,-0.10725526103707644,-0.3449393563270453,0.1304288342528924,36,0.376460718907658,0.7247851331466911,9,0.04637756535696907,16,0.2179803885236534,5,0.11802666364720352,6,0.3968847478509643
CD8 T Cells|NK Cells|SELPLG|ITGB2,CD8 T Cells,NK Cells,SELPLG,ITGB2,-0.08437795024332534,-0.2714223160456302,0.10266641555897954,56,0.3766081247170482,0.7247851331466911,11,0.5570536958805005,33,0.5045069324214476,5,0.3954255124592474,7,0.4272566992435199
Non-classical Monocytes|CD8 T Cells|SELPLG|SELL,Non-classical Monocytes,CD8 T Cells,SELPLG,SELL,0.0994055990309064,-0.12164725890207656,0.32045845696388936,56,0.3781126047859016,0.7247851331466911,11,0.19942391558293993,33,0.2194719453514704,5,0.29531458413583567,7,0.21595701487345975
NK Cells|CD8 T Cells|MIF|TNFRSF14,NK Cells,CD8 T Cells,MIF,TNFRSF14,0.10968556192666604,-0.13408969285718203,0.3534608167105141,56,0.3778434134405242,0.7247851331466911,11,0.19860174251618448,33,0.1914789859616602,5,0.3007467952535654,7,0.18393847677237507
NK Cells|Classical Monocytes|LGALS1|PTPRC,NK Cells,Classical Monocytes,LGALS1,PTPRC,0.08005189114091671,-0.09734413215754631,0.25744791443937975,56,0.3764505718663377,0.7247851331466911,11,0.627762355880169,33,0.730313576329046,5,0.6901111418965425,7,0.7126104712045028
Classical Monocytes|CD8 T Cells|ADAM17|ITGB1,Classical Monocytes,CD8 T Cells,ADAM17,ITGB1,-0.10822776704092035,-0.3482788525689123,0.13182331848707157,56,0.37688206629049814,0.7247851331466911,11,0.27735336471543975,33,0.29507092215280945,5,0.08739540914101837,7,0.21334073361930841
CD4 T Cells|CD4 T Cells|SELPLG|SELL,CD4 T Cells,CD4 T Cells,SELPLG,SELL,-0.13707392408119307,-0.4425692259909138,0.16842137782852767,56,0.37917132806486964,0.7247851331466911,11,0.45555074281053876,33,0.36298230324216246,5,0.30155327481019445,7,0.3460587593230112
pDCs|pDCs|APP|CD74,pDCs,pDCs,APP,CD74,-0.02263584145000408,-0.07312233852948755,0.027850655629479394,44,0.3795322798623435,0.7249267356100847,10,0.9997931884074411,22,0.9734638904832926,5,0.9987909660781538,7,0.9950975096040093
pDCs|NK Cells|LGALS1|PTPRC,pDCs,NK Cells,LGALS1,PTPRC,-0.05945724163598609,-0.1927687617772969,0.07385427850532472,44,0.3820374416124852,0.7291605853132553,10,0.6780261613685964,22,0.6359915869204613,5,0.7211007359661358,7,0.7385234031539868
Non-classical Monocytes|Classical Monocytes|ICAM2|ITGAM_ITGB2,Non-classical Monocytes,Classical Monocytes,ICAM2,ITGAM_ITGB2,-0.09386833887756638,-0.30514105658923707,0.11740437883410429,56,0.38385746949951294,0.7294377802880818,11,0.2431355235376065,33,0.25841831286787265,5,0.15500629191687149,7,0.264157420124704
NK Cells|Non-classical Monocytes|LGALS1|CD69,NK Cells,Non-classical Monocytes,LGALS1,CD69,0.12272747653756766,-0.15353270000495522,0.39898765308009054,56,0.38391462120425357,0.7294377802880818,11,0.2672842224233778,33,0.40538567565177314,5,0.3335822393861741,7,0.3489562160770018
pDCs|B Cells|CD99|CD81,pDCs,B Cells,CD99,CD81,-0.06434979611673819,-0.2091142223070302,0.08041463007355382,39,0.3836279348522209,0.7294377802880818,10,0.5119053614904351,18,0.43715756676201833,5,0.4930610399532892,6,0.48266304134161064
Non-classical Monocytes|pDCs|LILRB4|LAIR1,Non-classical Monocytes,pDCs,LILRB4,LAIR1,-0.11330203358367791,-0.3677167922776146,0.1411127251102588,43,0.3827405932562523,0.7294377802880818,10,0.15997748879779636,21,0.17183354613920587,5,0.07408867231862795,7,0.19924676324371537
B Cells|B Cells|CD99|CD81,B Cells,B Cells,CD99,CD81,-0.07752495184173586,-0.25189645746876616,0.09684655378529444,51,0.3835395937055571,0.7294377802880818,11,0.0,29,0.049608489296164876,5,0.0,6,0.12713344113790073
Non-classical Monocytes|CD8 T Cells|TGFB1|CXCR4,Non-classical Monocytes,CD8 T Cells,TGFB1,CXCR4,0.14045409768041006,-0.17513327410277751,0.45604146946359764,56,0.3830480064778661,0.7294377802880818,11,0.7978013946980859,33,0.7462418757044627,5,0.8670191247622003,7,0.6750055080881671
CD4 T Cells|CD8 T Cells|HLA-E|CD8B,CD4 T Cells,CD8 T Cells,HLA-E,CD8B,-0.06574333726931025,-0.2142435714668908,0.08275689692827029,56,0.3855551932445126,0.7302769321642067,11,0.7802777819174295,33,0.8194688807255026,5,0.7642253084036426,7,0.869159744481026
NK Cells|CD8 T Cells|HLA-B|CD3D,NK Cells,CD8 T Cells,HLA-B,CD3D,-0.00018925478539744134,-0.0006181681321296454,0.0002396585613347627,56,0.38713794690018954,0.7302769321642067,11,0.9996893477255181,33,0.999754344827799,5,0.999655478154313,7,0.9999097300419914
pDCs|Non-classical Monocytes|LGALS1|PTPRC,pDCs,Non-classical Monocytes,LGALS1,PTPRC,-0.058461511610876093,-0.19081819898352706,0.07389517576177487,44,0.38664942437790584,0.7302769321642067,10,0.7367931476408562,22,0.6736596741226605,5,0.7147373742417381,7,0.7100654123344184
B Cells|pDCs|HLA-DRA|CD4,B Cells,pDCs,HLA-DRA,CD4,-0.02204265948479056,-0.07198427408553004,0.027898955115948927,43,0.38700227973068857,0.7302769321642067,10,0.9928520119722432,21,0.9617409960655692,5,0.9742056284295117,7,0.9651372720076283
Non-classical Monocytes|Non-classical Monocytes|ICAM1|IL2RG,Non-classical Monocytes,Non-classical Monocytes,ICAM1,IL2RG,-0.10808425436771844,-0.3534448368359069,0.13727632810046997,47,0.3879244812279258,0.7302769321642067,9,0.1864453965323718,26,0.1653992071621792,5,0.03200609056940924,7,0.11904415556693511
B Cells|NK Cells|MIF|CD44_CD74,B Cells,NK Cells,MIF,CD44_CD74,-0.1077055968683096,-0.3525152647538977,0.13710407101727848,56,0.38852309506583715,0.7302769321642067,11,0.21190447339755647,33,0.16151355702787165,5,0.2522898061514852,7,0.30960448665011003
Non-classical Monocytes|Non-classical Monocytes|HMGB1|TLR2,Non-classical Monocytes,Non-classical Monocytes,HMGB1,TLR2,-0.09573958739844302,-0.31320388169038993,0.12172470689350387,56,0.38820204987348206,0.7302769321642067,11,0.4885755699853695,33,0.3286055521291171,5,0.43756956332284114,7,0.3733391328650318
CD8 T Cells|Non-classical Monocytes|CIRBP|TREM1,CD8 T Cells,Non-classical Monocytes,CIRBP,TREM1,-0.07152896664832536,-0.2339668267785204,0.09090889348186967,56,0.3881025195863912,0.7302769321642067,11,0.40005895573451955,33,0.3669092506674202,5,0.3290077208122243,7,0.3673869823934503
CD8 T Cells|NK Cells|LGALS1|PTPRC,CD8 T Cells,NK Cells,LGALS1,PTPRC,-0.09633659001973749,-0.31394656955498645,0.12127338951551145,56,0.3855684812555489,0.7302769321642067,11,0.6030193747735502,33,0.6744705198127084,5,0.4226062213715839,7,0.5903939564304796
CD8 T Cells|Classical Monocytes|TGFB1|ITGB1,CD8 T Cells,Classical Monocytes,TGFB1,ITGB1,-0.14158869685889264,-0.46201248249519966,0.17883508877741439,55,0.386452942076872,0.7302769321642067,11,0.4174276490057849,33,0.29602788311653383,5,0.26295224839532344,6,0.283141179364965
Non-classical Monocytes|CD4 T Cells|APP|LRP10,Non-classical Monocytes,CD4 T Cells,APP,LRP10,0.07797249615998991,-0.09859407845266882,0.25453907077264865,49,0.3867491475688076,0.7302769321642067,6,0.07862701019907552,31,0.12704417236789678,5,0.06448325600614979,7,0.034927922014981135
Non-classical Monocytes|NK Cells|HBEGF|CD44,Non-classical Monocytes,NK Cells,HBEGF,CD44,0.10224858577930945,-0.12912331927079604,0.3336204908294149,45,0.38640608381743524,0.7302769321642067,8,0.07332264505611143,25,0.14944114753380525,5,0.3774406227732884,7,0.35131053947167273
CD4 T Cells|CD8 T Cells|HLA-B|CD3D,CD4 T Cells,CD8 T Cells,HLA-B,CD3D,-0.0007279709791055966,-0.002382594045209228,0.0009266520869980347,56,0.3885173221414794,0.7302769321642067,11,0.9986515901232035,33,0.9987900336232387,5,0.998589935589076,7,0.9994563500682169
NK Cells|CD4 T Cells|HLA-DRB1|CD4,NK Cells,CD4 T Cells,HLA-DRB1,CD4,0.13261696893106212,-0.16655366734352345,0.4317876052056477,56,0.3849473279995721,0.7302769321642067,11,0.027908108814983977,33,0.22773270009861096,5,0.2436732463200734,7,0.31088086867263826
CD8 T Cells|Non-classical Monocytes|LGALS1|PTPRC,CD8 T Cells,Non-classical Monocytes,LGALS1,PTPRC,-0.09369084659771837,-0.3067211036383075,0.11933941044287075,56,0.38869112535055717,0.7302769321642067,11,0.685757330891678,33,0.7103043177902102,5,0.42369373305232666,7,0.5419315665485772
NK Cells|NK Cells|HLA-B|KLRD1,NK Cells,NK Cells,HLA-B,KLRD1,0.011576154765929436,-0.014858140011790071,0.03801044954364895,56,0.3907207479127681,0.7330002449707238,11,0.9993390349015848,33,0.9986965392989863,5,0.9969719214934987,7,0.9847532711249707
pDCs|NK Cells|MIF|TNFRSF14,pDCs,NK Cells,MIF,TNFRSF14,0.098834748320482,-0.12677990809512807,0.3244494047360921,44,0.39056171969488807,0.7330002449707238,10,0.15845238833096936,22,0.22684005016782313,5,0.24688392531305742,7,0.21643683882942918
Classical Monocytes|CD8 T Cells|VIM|CD44,Classical Monocytes,CD8 T Cells,VIM,CD44,-0.017645827716887497,-0.05798040386635537,0.022688748432580376,56,0.39119206610647095,0.7333400230349051,11,0.9542587896512873,33,0.9225973569951846,5,0.9746861823681933,7,0.9606705774289781
Classical Monocytes|Non-classical Monocytes|ADAM17|IL6R,Classical Monocytes,Non-classical Monocytes,ADAM17,IL6R,0.05318982647789867,-0.06873190893873504,0.17511156189453236,43,0.3925190894060412,0.7345444977426259,8,0.04653754138993757,24,0.08456124551899948,5,0.015166122348836764,6,0.0
CD8 T Cells|CD8 T Cells|LGALS1|CD69,CD8 T Cells,CD8 T Cells,LGALS1,CD69,0.057326632702948466,-0.07412956321348821,0.18878282861938514,56,0.3927066151366393,0.7345444977426259,11,0.6693743102755684,33,0.7842073840637405,5,0.710621061326757,7,0.7681275024119806
CD8 T Cells|Classical Monocytes|LTB|TNFRSF1A,CD8 T Cells,Classical Monocytes,LTB,TNFRSF1A,-0.12545618401473296,-0.41302605323146946,0.16211368520200353,56,0.39251772067627366,0.7345444977426259,11,0.3096879852394603,33,0.2290871198687922,5,0.3584953800390404,7,0.4033506986831053
Non-classical Monocytes|Non-classical Monocytes|IL1B|SIGIRR,Non-classical Monocytes,Non-classical Monocytes,IL1B,SIGIRR,-0.13707401961901183,-0.45193244513115904,0.17778440589313538,56,0.39350802024572185,0.7354990881367892,11,0.22303400043466184,33,0.12497011029400615,5,0.2829684777337624,7,0.3219786072121185
CD8 T Cells|Non-classical Monocytes|HMGB1|HAVCR2,CD8 T Cells,Non-classical Monocytes,HMGB1,HAVCR2,0.08794929296180032,-0.11421295158181496,0.29011153750541563,53,0.3938429750285658,0.7355810775293318,11,0.415463281790563,30,0.4448035469762941,5,0.3845177348194518,7,0.32590870704338254
B Cells|NK Cells|GNAI2|S1PR4,B Cells,NK Cells,GNAI2,S1PR4,-0.07543618234472907,-0.2490184250108883,0.09814606032143017,53,0.3943415884452236,0.7359683855251699,11,0.0,30,0.07202955905543391,5,0.015743033553887998,7,0.16320877495405098
CD8 T Cells|B Cells|VIM|CD44,CD8 T Cells,B Cells,VIM,CD44,-0.1121383467846433,-0.3709797068696811,0.14670301330039454,56,0.39581507007409,0.7376288215908742,11,0.3400954664099603,33,0.3011388293559497,5,0.4777438259916442,7,0.550925535722277
pDCs|CD8 T Cells|PKM|CD44,pDCs,CD8 T Cells,PKM,CD44,0.1028695798057152,-0.13451770041267186,0.34025686002410227,44,0.39569644347001953,0.7376288215908742,10,0.09869981839247376,22,0.20983282807766093,5,0.2558104686527156,7,0.2640738985321876
Classical Monocytes|pDCs|LGALS1|ITGB1,Classical Monocytes,pDCs,LGALS1,ITGB1,0.11255449909252657,-0.14755935131383136,0.3726683494988845,44,0.3963818363557091,0.7381406783131002,10,0.5491430184369313,22,0.631463156631517,5,0.7050800443381869,7,0.6748456834402461
Classical Monocytes|CD8 T Cells|CD14|ITGA4,Classical Monocytes,CD8 T Cells,CD14,ITGA4,0.07867164237322904,-0.1035602457490925,0.2609035304955506,56,0.39747496748352695,0.7388077521569842,11,0.32830261713649145,33,0.3972791114364185,5,0.4234410344640319,7,0.4137458863907299
CD8 T Cells|Classical Monocytes|SELPLG|SELL,CD8 T Cells,Classical Monocytes,SELPLG,SELL,-0.09593359784964084,-0.3181948460273396,0.1263276503280579,56,0.3975693583343193,0.7388077521569842,11,0.38544284101580345,33,0.3355502269852013,5,0.3034811585688343,7,0.349522142387873
pDCs|pDCs|MIF|CD44_CD74,pDCs,pDCs,MIF,CD44_CD74,0.11167486742321331,-0.14720828401117253,0.37055801885759915,44,0.3978467939993926,0.7388077521569842,10,0.24340452805160898,22,0.3340546969151775,5,0.25591301927819854,7,0.23488832071855373
B Cells|CD8 T Cells|HLA-B|CD3D,B Cells,CD8 T Cells,HLA-B,CD3D,-0.001160161786278202,-0.003849990517009943,0.0015296669444535387,56,0.3979095174854197,0.7388077521569842,11,0.9976352951525853,33,0.9983516654345724,5,0.9972465327301357,7,0.9991230647984011
CD4 T Cells|NK Cells|MIF|TNFRSF14,CD4 T Cells,NK Cells,MIF,TNFRSF14,0.0895686763168711,-0.11838775680583821,0.29752510943958044,56,0.3985722731484792,0.7394949590647628,11,0.10740985173339,33,0.19273846958646149,5,0.2941507152350635,7,0.2899106567712639
CD4 T Cells|CD8 T Cells|MIF|TNFRSF14,CD4 T Cells,CD8 T Cells,MIF,TNFRSF14,0.0822810017264188,-0.1089347345089095,0.2734967379617471,56,0.399015157354904,0.73977351624053,11,0.12464145389096784,33,0.17272025747809505,5,0.30905488653881913,7,0.27485268839952753
Classical Monocytes|Classical Monocytes|S100A8|CD69,Classical Monocytes,Classical Monocytes,S100A8,CD69,0.04166385911611814,-0.05529636847191745,0.13862408670415372,55,0.39967740110478855,0.7400850324003294,11,0.8841922997609198,33,0.9151813835438064,5,0.8982929524169574,6,0.8876181770837258
CD4 T Cells|NK Cells|LGALS1|CD69,CD4 T Cells,NK Cells,LGALS1,CD69,0.0844419246346566,-0.11210967707946126,0.2809935263487745,56,0.3997689233187375,0.7400850324003294,11,0.43863214997792155,33,0.6113954435724248,5,0.6467241277493512,7,0.7350454967091978
CD8 T Cells|Classical Monocytes|PSAP|LRP1,CD8 T Cells,Classical Monocytes,PSAP,LRP1,-0.09263004257180918,-0.308581328005997,0.1233212428623787,56,0.4005126429937952,0.7409190694328847,11,0.3052915399918479,33,0.3042393751783366,5,0.22501983350755306,7,0.31659771126585096
CD8 T Cells|NK Cells|HLA-B|KLRD1,CD8 T Cells,NK Cells,HLA-B,KLRD1,0.01220373161113697,-0.016344236224438095,0.04075169944671203,56,0.40211574839591413,0.7433405239184162,11,0.9992412882486412,33,0.9985522561944207,5,0.9958839402172359,7,0.9829911765518784
Non-classical Monocytes|Classical Monocytes|S100A8|ITGB2,Non-classical Monocytes,Classical Monocytes,S100A8,ITGB2,-0.11590125272246299,-0.38722378358997,0.15542127814504403,56,0.40245725228493,0.743427979915218,11,0.7937959032533353,33,0.947317221330982,5,0.6580074882576128,7,0.9274300590577225
Classical Monocytes|Non-classical Monocytes|VCAN|SELL,Classical Monocytes,Non-classical Monocytes,VCAN,SELL,0.06922582154423929,-0.09308567764539807,0.23153732073387664,56,0.403197523256118,0.744251381496136,11,0.5735097021900494,33,0.6936595687734461,5,0.6188713575760698,7,0.6697954026152273
Non-classical Monocytes|CD8 T Cells|HLA-B|CD3D,Non-classical Monocytes,CD8 T Cells,HLA-B,CD3D,-0.0009371499639401204,-0.0031526740829500425,0.0012783741550698017,56,0.4070761387677121,0.7498175756450011,11,0.9985054799634241,33,0.9986957598213547,5,0.9980297216870024,7,0.9991571515088732
B Cells|pDCs|CD22|PTPRC,B Cells,pDCs,CD22,PTPRC,0.08588024908583633,-0.11699922288422701,0.28875972105589964,44,0.4067276631244612,0.7498175756450011,10,0.10869021385082825,22,0.183270415731981,5,0.13074515696261965,7,0.11944510975793607
CD4 T Cells|pDCs|LGALS1|CD69,CD4 T Cells,pDCs,LGALS1,CD69,-0.10696058355554228,-0.35984157171491177,0.14592040460382721,44,0.40710317126432194,0.7498175756450011,10,0.35356461773501774,22,0.2670722838799419,5,0.30540336135398694,7,0.3258716110544534
Classical Monocytes|Non-classical Monocytes|CD99|PILRA,Classical Monocytes,Non-classical Monocytes,CD99,PILRA,-0.0836606754252894,-0.2819388948237206,0.11461754397314175,56,0.40824900101658834,0.7513803536554398,11,0.24271351027980045,33,0.17208234344423745,5,0.22860251276382057,7,0.24163202135354697
CD4 T Cells|Non-classical Monocytes|MIF|TNFRSF14,CD4 T Cells,Non-classical Monocytes,MIF,TNFRSF14,0.08592585612188514,-0.1181999700837808,0.2900516823275511,56,0.40934996172133586,0.7515582194993267,11,0.12243876581578066,33,0.1774353047388099,5,0.25288725998735373,7,0.22195794278849781
Non-classical Monocytes|pDCs|PSEN1|CD44,Non-classical Monocytes,pDCs,PSEN1,CD44,-0.11841245480117246,-0.3998249120698845,0.1630000024675396,44,0.4095352862091701,0.7515582194993267,10,0.29218455816330063,22,0.2699505898054407,5,0.16238244999961177,7,0.25856093644292427
NK Cells|CD4 T Cells|IL16|CD4,NK Cells,CD4 T Cells,IL16,CD4,-0.029372036190488317,-0.09915701429625587,0.04041294191527924,56,0.40940798850866433,0.7515582194993267,11,0.016171834649237295,33,0.016255982613403858,5,0.0,7,0.02945618415465488
B Cells|Non-classical Monocytes|CD99|PILRA,B Cells,Non-classical Monocytes,CD99,PILRA,0.0975611604734482,-0.13392639105166138,0.3290487119985578,56,0.408785362113843,0.7515582194993267,11,0.17850215792632212,33,0.23950765515678654,5,0.24470669109583248,7,0.2081510278528487
pDCs|Non-classical Monocytes|FABP5|RXRA,pDCs,Non-classical Monocytes,FABP5,RXRA,-0.10616755990142779,-0.3586598610388565,0.14632474123600092,44,0.4098699404015127,0.7516265162515404,10,0.24916263824239565,22,0.24128717586216136,5,0.24337328595085195,7,0.34166538347204545
pDCs|Non-classical Monocytes|TGFB1|LPP,pDCs,Non-classical Monocytes,TGFB1,LPP,-0.18607651255743435,-0.6300273934556218,0.2578743683407531,41,0.41136458375307183,0.7538203793647661,10,0.27529082315616316,21,0.12225404708100725,5,0.15308822655704074,5,0.18612796303931914
NK Cells|Classical Monocytes|ANXA1|FPR1,NK Cells,Classical Monocytes,ANXA1,FPR1,-0.11666387026427244,-0.39522204179055154,0.16189430126200666,56,0.4117265833185906,0.753937011627593,11,0.2481465178400862,33,0.35512782131893234,5,0.38418719781904215,7,0.6078323715621607
pDCs|CD8 T Cells|TNFSF13B|HLA-DPB1,pDCs,CD8 T Cells,TNFSF13B,HLA-DPB1,0.10255115534585213,-0.14251804980339627,0.34762036049510053,43,0.41212347866087196,0.7541173284402777,10,0.19146876469886914,21,0.320070020069069,5,0.3455866118751636,7,0.3716367118995113
Non-classical Monocytes|Classical Monocytes|SELPLG|ITGB2,Non-classical Monocytes,Classical Monocytes,SELPLG,ITGB2,-0.10257626208696033,-0.347971465599416,0.14281894142549534,56,0.41263040672814777,0.7544985801751298,11,0.17118472705076346,33,0.3062780837369482,5,0.1414249350783625,7,0.3790945538515076
Non-classical Monocytes|NK Cells|VCAN|CD44,Non-classical Monocytes,NK Cells,VCAN,CD44,0.11040280225320631,-0.15397521664396052,0.37478082115037314,55,0.41308878107801117,0.7547905638352381,10,0.23367417731336615,33,0.3074649145482895,5,0.2254323827414201,7,0.18882031772313715
Classical Monocytes|pDCs|S100A9|CD68,Classical Monocytes,pDCs,S100A9,CD68,-0.0035005863214887523,-0.01190689723950641,0.004905724596528906,44,0.41439989661899723,0.7566391175984147,10,0.9986009229129671,22,0.9949441990943089,5,0.9973707526099511,7,0.9972146151127815
Classical Monocytes|pDCs|APP|LRP10,Classical Monocytes,pDCs,APP,LRP10,0.05383420937457547,-0.07582407632603727,0.18349249507518822,43,0.41577191472858477,0.7576108902324845,10,0.010452518413039047,21,0.10367329189760877,5,0.028789832417882598,7,0.06817639652787685
Non-classical Monocytes|NK Cells|ADAM10|CD44,Non-classical Monocytes,NK Cells,ADAM10,CD44,0.12469185951566952,-0.17623524197888996,0.425618961010229,56,0.41671775199825845,0.7576108902324845,11,0.18368895551175005,33,0.2322242147580959,5,0.39548552402335513,7,0.3193289237540315
Non-classical Monocytes|B Cells|HBEGF|CD82,Non-classical Monocytes,B Cells,HBEGF,CD82,-0.07967577679376416,-0.27196804308980776,0.11261648950227947,43,0.41673096059483716,0.7576108902324845,8,0.11783994331813874,23,0.1188827623410262,5,0.0,7,0.08071859581665161
Classical Monocytes|pDCs|S100A8|CD36,Classical Monocytes,pDCs,S100A8,CD36,-0.03057941839604683,-0.10434710681169662,0.04318827001960296,43,0.4165179124554157,0.7576108902324845,9,0.966128831937402,22,0.9167568210194166,5,0.9538963290633238,7,0.9351037365413852
NK Cells|Non-classical Monocytes|GNAI2|FPR1,NK Cells,Non-classical Monocytes,GNAI2,FPR1,-0.09569519273779516,-0.326403850551816,0.13501346507622564,55,0.4162354730152865,0.7576108902324845,10,0.21159172764752068,33,0.2738062574671154,5,0.09056413026183145,7,0.24847385281922132
Classical Monocytes|Classical Monocytes|TGFB1|CXCR4,Classical Monocytes,Classical Monocytes,TGFB1,CXCR4,0.09402368563373623,-0.13230374174023068,0.32035111300770314,55,0.4155120473906718,0.7576108902324845,11,0.08433512027709264,33,0.24004395389009142,5,0.21938183232854236,6,0.2810669803078049
CD4 T Cells|NK Cells|TGFB1|ITGB1,CD4 T Cells,NK Cells,TGFB1,ITGB1,-0.10860632496970052,-0.3714982907519753,0.1542856408125743,55,0.41811073581420066,0.7590271762948887,11,0.3429160049605603,33,0.3120361703178204,5,0.2080979995983685,6,0.2858244899253291
Classical Monocytes|CD8 T Cells|TNFSF13B|HLA-DPB1,Classical Monocytes,CD8 T Cells,TNFSF13B,HLA-DPB1,-0.12098639445592169,-0.4138442001549857,0.1718714112431423,56,0.41810867148816744,0.7590271762948887,11,0.4012894730615665,33,0.6025875978267886,5,0.2162076358639889,7,0.5384921550851327
Non-classical Monocytes|pDCs|GNAI2|CXCR3,Non-classical Monocytes,pDCs,GNAI2,CXCR3,0.11798504124755438,-0.16983835100795525,0.405808433503064,43,0.421725270422172,0.7628016092593195,10,0.21765831719844714,21,0.25279509241528536,5,0.3234150493216042,7,0.24056678329088804
pDCs|NK Cells|LGALS9|PTPRC,pDCs,NK Cells,LGALS9,PTPRC,-0.08971702312190832,-0.30846006353493505,0.1290260172911184,43,0.4214689781120514,0.7628016092593195,10,0.2993000555644816,21,0.4353715821598692,5,0.33840244480342746,7,0.5641909945207234
Non-classical Monocytes|Non-classical Monocytes|S100A8|ITGB2,Non-classical Monocytes,Non-classical Monocytes,S100A8,ITGB2,-0.060611761335749414,-0.20834776976639874,0.08712424709489991,56,0.42133005882018315,0.7628016092593195,11,0.9048759540526047,33,0.9789999075325195,5,0.8204627780664578,7,0.9551984928821221
Non-classical Monocytes|Classical Monocytes|ICAM1|ITGAL_ITGB2,Non-classical Monocytes,Classical Monocytes,ICAM1,ITGAL_ITGB2,0.14386257995210727,-0.20678423973248816,0.4945093996367027,44,0.4213221501709177,0.7628016092593195,8,0.2162678882150996,24,0.23249922504128426,5,0.287559435001267,7,0.1599281918753444
Non-classical Monocytes|NK Cells|TIMP1|CD63,Non-classical Monocytes,NK Cells,TIMP1,CD63,0.03922779401804688,-0.0565249116931897,0.13498049972928344,56,0.4220010485732206,0.7628016092593195,11,0.802233870402628,33,0.8009441159276502,5,0.7296425511625226,7,0.689125002669498
NK Cells|NK Cells|CALM1|PTPRA,NK Cells,NK Cells,CALM1,PTPRA,-0.08793345950428255,-0.30197949607881247,0.12611257707024734,56,0.42071358959910765,0.7628016092593195,11,0.6074523286724955,33,0.5102907711706249,5,0.4846648659715419,7,0.47543676797395384
CD4 T Cells|Non-classical Monocytes|LGALS1|CD69,CD4 T Cells,Non-classical Monocytes,LGALS1,CD69,0.10267073884552869,-0.14869818497476472,0.3540396626658221,56,0.4233978316971323,0.7642330862133238,11,0.30086608696266,33,0.3607326699261679,5,0.29755741722670087,7,0.2547532613446801
Classical Monocytes|B Cells|MIF|CD74_CXCR4,Classical Monocytes,B Cells,MIF,CD74_CXCR4,0.08559687152017681,-0.12387512495431202,0.29506886799466564,56,0.42318770654956694,0.7642330862133238,11,0.8827728986498994,33,0.8402661522500928,5,0.8227724241141674,7,0.694668806194184
CD4 T Cells|CD8 T Cells|HLA-DPA1|LAG3,CD4 T Cells,CD8 T Cells,HLA-DPA1,LAG3,0.06292100169246863,-0.09153380250865172,0.21737580589358896,55,0.42461518619668936,0.7658833515482042,11,0.01640512610484228,32,0.16002382241462196,5,0.016792230035990886,7,0.09748992465330195
CD8 T Cells|CD8 T Cells|S100A9|ITGB2,CD8 T Cells,CD8 T Cells,S100A9,ITGB2,0.10705047848594318,-0.1561239083229361,0.37022486529482246,51,0.42530739160282816,0.766038331133533,9,0.44834561694287905,32,0.6150539261774668,5,0.4535002846875226,5,0.5131581154361672
Non-classical Monocytes|CD4 T Cells|S100A9|ITGB2,Non-classical Monocytes,CD4 T Cells,S100A9,ITGB2,-0.0657069514339006,-0.22721215470259132,0.09579825183479013,56,0.4252223208611703,0.766038331133533,11,0.8987601872784207,33,0.9573985497797931,5,0.7906296073221698,7,0.9149749212574428
B Cells|B Cells|MIF|CD74_CXCR4,B Cells,B Cells,MIF,CD74_CXCR4,0.053323740687917565,-0.07803565994430614,0.18468314132014127,56,0.4262509689347085,0.7662338656834706,11,0.9268176579501859,33,0.8938372137305239,5,0.9125303658576961,7,0.8262261809501166
Non-classical Monocytes|CD8 T Cells|PKM|CD44,Non-classical Monocytes,CD8 T Cells,PKM,CD44,0.07962463189264468,-0.11655687498811673,0.2758061387734061,56,0.42632560947802123,0.7662338656834706,11,0.3997536799750547,33,0.41084067295407367,5,0.5175218417102896,7,0.4489842027966639
NK Cells|Non-classical Monocytes|GNAI2|C5AR1,NK Cells,Non-classical Monocytes,GNAI2,C5AR1,0.10275376440858214,-0.15037816081422145,0.3558856896313857,56,0.42626016157873736,0.7662338656834706,11,0.18951311443924646,33,0.26768439496651997,5,0.2748722325371137,7,0.25028974865580506
pDCs|pDCs|COPA|CD74,pDCs,pDCs,COPA,CD74,0.08346358508190388,-0.12269185044753203,0.2896190206113398,43,0.42748294569835255,0.766317683072525,10,0.8761216194571979,21,0.8028457738987232,5,0.7838628693510921,7,0.6271234387107135
Classical Monocytes|pDCs|SIRPA|CD47,Classical Monocytes,pDCs,SIRPA,CD47,0.08048158560823859,-0.11853944760366861,0.2795026188201458,43,0.4280198746153575,0.766317683072525,9,0.06239557089725653,22,0.21029320674238514,5,0.1340949103003612,7,0.2015109605372512
pDCs|Classical Monocytes|CD47|SIRPA,pDCs,Classical Monocytes,CD47,SIRPA,0.08048158560823859,-0.11853944760366861,0.2795026188201458,43,0.4280198746153575,0.766317683072525,9,0.06239557089725653,22,0.21029320674238514,5,0.1340949103003612,7,0.2015109605372512
CD8 T Cells|Non-classical Monocytes|GNAI2|C5AR1,CD8 T Cells,Non-classical Monocytes,GNAI2,C5AR1,0.11429156544030306,-0.16752693331869417,0.3961100641993003,56,0.4266926735021844,0.766317683072525,11,0.2636224376519868,33,0.2793627048333755,5,0.38085346607363635,7,0.282302167814722
Classical Monocytes|CD8 T Cells|HLA-F|CD8B,Classical Monocytes,CD8 T Cells,HLA-F,CD8B,0.08477864500172799,-0.1250842780941269,0.2946415680975829,56,0.4284950083820649,0.766317683072525,11,0.2536472813207446,33,0.2928310631147938,5,0.3341839462039628,7,0.288589082996284
Classical Monocytes|CD8 T Cells|HMGB1|CXCR4,Classical Monocytes,CD8 T Cells,HMGB1,CXCR4,-0.026088348283507368,-0.09056531546832265,0.03838861890130792,56,0.4277598584965717,0.766317683072525,11,0.8799259988261956,33,0.8494988130179029,5,0.9677610168255877,7,0.9634221793008023
B Cells|CD8 T Cells|HLA-F|CD8A,B Cells,CD8 T Cells,HLA-F,CD8A,0.08550263302062072,-0.12611995658863479,0.29712522262987623,56,0.42842407757029943,0.766317683072525,11,0.2412712468096817,33,0.2596214768740668,5,0.3792120431147463,7,0.3120596401585107
Classical Monocytes|Classical Monocytes|MIF|CD74_CXCR4,Classical Monocytes,Classical Monocytes,MIF,CD74_CXCR4,0.11590824214869044,-0.1717672174632318,0.4035837017606127,56,0.4297056926978893,0.7679393815046437,11,0.15958520096798792,33,0.23929983770364302,5,0.3643262838160766,7,0.3281326784030413
Classical Monocytes|Non-classical Monocytes|SELPLG|ITGB2,Classical Monocytes,Non-classical Monocytes,SELPLG,ITGB2,-0.06665748681155703,-0.23256626972931915,0.09925129610620509,56,0.4310135407717407,0.7697323092086139,11,0.3523312514627462,33,0.3968575773845797,5,0.2845751710177706,7,0.39575898375116114
NK Cells|pDCs|LGALS1|CD69,NK Cells,pDCs,LGALS1,CD69,0.14252894640312802,-0.2134156413718969,0.49847353417815293,44,0.4325604789740587,0.7697748805404551,10,0.2651958466686356,22,0.48513311522054,5,0.3402214936921449,7,0.41762981584092124
pDCs|Non-classical Monocytes|S100A8|CD69,pDCs,Non-classical Monocytes,S100A8,CD69,-0.09113705554087198,-0.31862750029192455,0.13635338921018061,42,0.43233670381829326,0.7697748805404551,9,0.04567679835037973,22,0.21664321962763677,5,0.07896111750018975,6,0.34106459431831876
NK Cells|NK Cells|CLEC2B|KLRF1,NK Cells,NK Cells,CLEC2B,KLRF1,-0.0853298919542631,-0.29829863381055344,0.12763884990202726,55,0.4322800021771602,0.7697748805404551,11,0.6711932323507598,33,0.5584730925213542,5,0.2711165617882624,6,0.24372631391311994
B Cells|CD8 T Cells|MIF|TNFRSF14,B Cells,CD8 T Cells,MIF,TNFRSF14,0.10607161406216656,-0.15845106918043425,0.37059429730476734,56,0.43190798643384676,0.7697748805404551,11,0.3039580082642483,33,0.28069801526882404,5,0.3322944805411009,7,0.20296287348351008
B Cells|Non-classical Monocytes|GNAI2|ADCY7,B Cells,Non-classical Monocytes,GNAI2,ADCY7,0.07795429428893938,-0.11627982618990348,0.2721884147677822,54,0.43150686399412774,0.7697748805404551,11,0.011054278615776207,31,0.037608413661441686,5,0.08499491766454977,7,0.03359475842127587
Classical Monocytes|Non-classical Monocytes|ICAM1|ITGAX_ITGB2,Classical Monocytes,Non-classical Monocytes,ICAM1,ITGAX_ITGB2,0.08974713093436065,-0.13489585379267782,0.3143901156613991,46,0.4336122451997133,0.771103549345303,10,0.07719029208395461,24,0.07732709720601905,5,0.08961032581229622,7,0.0
Classical Monocytes|Non-classical Monocytes|ADAM10|IL6R,Classical Monocytes,Non-classical Monocytes,ADAM10,IL6R,0.153654637372808,-0.23138547095787942,0.5386947457034954,43,0.43412881410261317,0.7714792638799602,8,0.1766864157298566,24,0.2310160254449646,5,0.418034893589928,6,0.31870986593222805
Non-classical Monocytes|CD4 T Cells|HLA-DMA|CD4,Non-classical Monocytes,CD4 T Cells,HLA-DMA,CD4,0.05465417330808964,-0.08240682734727323,0.1917151739634525,56,0.4344782824508,0.7715577088918985,11,0.41361192886611503,33,0.42777012262623737,5,0.5003463948314757,7,0.4598504152835084
Non-classical Monocytes|pDCs|LRPAP1|SORL1,Non-classical Monocytes,pDCs,LRPAP1,SORL1,-0.09791695323531673,-0.3444462600925826,0.1486123536219492,39,0.43629668945112865,0.7742427909009847,9,0.21670741611775007,19,0.14606645099841545,5,0.10288255601025957,6,0.13015854412624167
Non-classical Monocytes|Classical Monocytes|TGFB1|ITGB1,Non-classical Monocytes,Classical Monocytes,TGFB1,ITGB1,-0.10978523616232355,-0.3871061732039536,0.16753570087930647,56,0.4378042130216112,0.775284685568053,11,0.4561386265842819,33,0.3477047115012976,5,0.29332075087016274,7,0.294672071949502
Classical Monocytes|pDCs|HLA-DPB1|CD4,Classical Monocytes,pDCs,HLA-DPB1,CD4,-0.12030586402988674,-0.4241435576562686,0.1835318295964951,43,0.43771573617976867,0.775284685568053,10,0.5220929219251128,21,0.2974514473638913,5,0.42412505332150985,7,0.319789442790175
CD8 T Cells|Non-classical Monocytes|HLA-DRB1|CD4,CD8 T Cells,Non-classical Monocytes,HLA-DRB1,CD4,-0.0616024216573447,-0.21720853647382524,0.09400369315913584,56,0.4377938276818236,0.775284685568053,11,0.25411030778175797,33,0.2475084313546271,5,0.21714959386552196,7,0.2721501390957358
CD8 T Cells|Non-classical Monocytes|MIF|CD44_CD74,CD8 T Cells,Non-classical Monocytes,MIF,CD44_CD74,-0.10364501828198575,-0.3660565980655836,0.1587665615016121,56,0.4388543086372544,0.7766000265590628,11,0.6335268657776777,33,0.5162369691065506,5,0.49489145580828947,7,0.4812465774191481
Classical Monocytes|pDCs|SELPLG|ITGB2,Classical Monocytes,pDCs,SELPLG,ITGB2,-0.08643222665835792,-0.3058824240999727,0.13301797078325683,44,0.4401454684389754,0.7772974998970615,10,0.11461463795069275,22,0.3099139326007942,5,0.04493619008255656,7,0.3266677113910159
NK Cells|Classical Monocytes|ANXA2|TLR2,NK Cells,Classical Monocytes,ANXA2,TLR2,-0.10024478668927661,-0.35444756045594916,0.15395798707739594,56,0.4395749344211891,0.7772974998970615,11,0.14425748270401498,33,0.21073641026999207,5,0.15721929260637135,7,0.323943006861625
Non-classical Monocytes|Classical Monocytes|HLA-A|LILRB2,Non-classical Monocytes,Classical Monocytes,HLA-A,LILRB2,-0.04109036481891637,-0.14547437543264302,0.06329364579481028,56,0.44039148836845043,0.7772974998970615,11,0.8189451770625741,33,0.8430759138384557,5,0.7772892179268698,7,0.8425103195216678
NK Cells|Non-classical Monocytes|HMGB1|HAVCR2,NK Cells,Non-classical Monocytes,HMGB1,HAVCR2,0.07808141864602869,-0.1203108146542439,0.27647365194630125,53,0.4404788365067638,0.7772974998970615,11,0.4006773444402121,30,0.4390591348760718,5,0.3236150051708734,7,0.2839153769607044
Non-classical Monocytes|NK Cells|APP|PTGER2,Non-classical Monocytes,NK Cells,APP,PTGER2,0.0566041121212964,-0.08742637110042606,0.20063459534301886,49,0.4411411447766739,0.7779230096654953,6,0.006814860335532562,31,0.059658069167598395,5,0.04547623426312195,7,0.041715330973891386
CD8 T Cells|CD8 T Cells|TNF|TNFRSF1B,CD8 T Cells,CD8 T Cells,TNF,TNFRSF1B,0.08691420887382909,-0.13440938918980522,0.3082378069374634,43,0.4414887389548071,0.7779930567216162,7,0.04023776877983525,24,0.046698094334959896,5,0.16890935987348993,7,0.08845547655478549
Classical Monocytes|Classical Monocytes|S100A9|ITGB2,Classical Monocytes,Classical Monocytes,S100A9,ITGB2,-0.00070868950794023,-0.002515393864200159,0.0010980148483196988,56,0.44200823590754557,0.7782843777379803,11,0.9990455098129737,33,0.9992269442489179,5,0.9986778628739332,7,0.9995679868178177
Non-classical Monocytes|pDCs|HLA-DQA1|CD4,Non-classical Monocytes,pDCs,HLA-DQA1,CD4,0.15542551232650037,-0.24103734201077603,0.5518883666637768,42,0.4422700302460386,0.7782843777379803,10,0.34855907010787657,20,0.24090080092723834,5,0.4901946863294956,7,0.227110904822357
pDCs|Non-classical Monocytes|LGALS1|CD69,pDCs,Non-classical Monocytes,LGALS1,CD69,-0.09193763748914505,-0.3272962627940105,0.14342098781572035,44,0.4439044950875102,0.7800741718262435,10,0.30171652211592626,22,0.2957646860513136,5,0.2050764610893446,7,0.291062262513877
Non-classical Monocytes|Non-classical Monocytes|TNFSF13B|TFRC,Non-classical Monocytes,Non-classical Monocytes,TNFSF13B,TFRC,-0.10705243512357387,-0.3809759488405786,0.16687107859343087,44,0.44369040898212386,0.7800741718262435,9,0.23675162057242996,23,0.3594628563618159,5,0.21334325730484105,7,0.4431069282178009
Non-classical Monocytes|Non-classical Monocytes|HLA-F|LILRB1,Non-classical Monocytes,Non-classical Monocytes,HLA-F,LILRB1,-0.10780681744458087,-0.3842588447151032,0.16864520982594144,56,0.4446772895105082,0.7803468823562877,11,0.30289416400492675,33,0.24156204845500653,5,0.17983850692540565,7,0.2263132088200663
B Cells|Non-classical Monocytes|HMGB1|TLR2,B Cells,Non-classical Monocytes,HMGB1,TLR2,0.0754602351294888,-0.11792459557350227,0.26884506583247986,56,0.44439488358248747,0.7803468823562877,11,0.3649669885032079,33,0.3551725845988193,5,0.408371271038372,7,0.3231166320044946
B Cells|B Cells|GNAI2|S1PR4,B Cells,B Cells,GNAI2,S1PR4,-0.06831843352892941,-0.2444206336974541,0.10778376663959527,52,0.4470373892197129,0.7823154311344976,11,0.018821156680832063,29,0.08126217983639764,5,0.02424456133331465,7,0.15500401801780964
pDCs|pDCs|CALM1|PTPRA,pDCs,pDCs,CALM1,PTPRA,-0.11618025949922167,-0.41555852538269106,0.1831980063842477,42,0.4468919978207636,0.7823154311344976,10,0.403925003108081,20,0.32605276457020965,5,0.34885876860030524,7,0.38716678956165557
CD4 T Cells|pDCs|ARF6|SMAP1,CD4 T Cells,pDCs,ARF6,SMAP1,-0.11892483061697885,-0.42518766635697497,0.1873380051230173,36,0.4466134473605362,0.7823154311344976,9,0.06080201970946634,16,0.20296514369513916,5,0.08377888907037172,6,0.3448668436730234
pDCs|Non-classical Monocytes|CALM1|PTPRA,pDCs,Non-classical Monocytes,CALM1,PTPRA,-0.11618515153888975,-0.41528443234505613,0.18291412926727663,41,0.44644909135336397,0.7823154311344976,10,0.4659864429711547,19,0.3433397159855691,5,0.3613722887218758,7,0.35491071327518
B Cells|CD8 T Cells|HLA-E|CD8B,B Cells,CD8 T Cells,HLA-E,CD8B,-0.06353390265175607,-0.2275718299966245,0.10050402469311237,56,0.4477819080584159,0.7830760426737834,11,0.727554985836517,33,0.7977123330082698,5,0.7114049700681957,7,0.8450962198917046
Non-classical Monocytes|Non-classical Monocytes|CD1D|LILRB2,Non-classical Monocytes,Non-classical Monocytes,CD1D,LILRB2,-0.08191979755842388,-0.2951449018609892,0.1313053067441414,51,0.45144611139705115,0.7839546058861452,9,0.3761489455439471,30,0.3647542025300791,5,0.3332162780860714,7,0.4037413326306273
Non-classical Monocytes|Classical Monocytes|LGALS9|LRP1,Non-classical Monocytes,Classical Monocytes,LGALS9,LRP1,0.0633924872441487,-0.10248257311652778,0.22926754760482518,56,0.4538333268176762,0.7839546058861452,11,0.45088749715263704,33,0.42801912793313424,5,0.48086149971565656,7,0.39460064325200506
Classical Monocytes|NK Cells|ADAM15|ITGB1,Classical Monocytes,NK Cells,ADAM15,ITGB1,0.09244089969278135,-0.14818137248834298,0.33306317187390566,53,0.4514692359090192,0.7839546058861452,10,0.020575953604309426,31,0.13848636493435562,5,0.2757378674984555,7,0.3012073791357204
Classical Monocytes|Non-classical Monocytes|ICAM1|ITGAL_ITGB2,Classical Monocytes,Non-classical Monocytes,ICAM1,ITGAL_ITGB2,0.10778979192871395,-0.17243828598778782,0.38801786984521575,46,0.4509089231466281,0.7839546058861452,10,0.04294497142641477,24,0.04047222945011266,5,0.12084553471767127,7,0.010583000812655221
B Cells|Non-classical Monocytes|ADAM28|ITGA4,B Cells,Non-classical Monocytes,ADAM28,ITGA4,-0.07780417498047326,-0.2808847151821343,0.1252763652211878,56,0.4527122382122889,0.7839546058861452,11,0.31221616795620577,33,0.1593704962544895,5,0.23812098199560788,7,0.1630794852743649
NK Cells|Classical Monocytes|LRPAP1|SORL1,NK Cells,Classical Monocytes,LRPAP1,SORL1,-0.038159892505374805,-0.13734481671045176,0.061025031699702144,54,0.45080937459703785,0.7839546058861452,11,0.07769867160918828,31,0.054674601905950304,5,0.0,7,0.015135822802136831
pDCs|Non-classical Monocytes|HLA-F|LILRB2,pDCs,Non-classical Monocytes,HLA-F,LILRB2,0.08633296824156239,-0.13933700982712122,0.312002946310246,44,0.45336940624324906,0.7839546058861452,10,0.2615076326819448,22,0.2618937311522582,5,0.403408900512716,7,0.317462030741467
pDCs|CD4 T Cells|MIF|TNFRSF14,pDCs,CD4 T Cells,MIF,TNFRSF14,0.08619435202709894,-0.13898122714656858,0.31136993120076645,44,0.45310455831875707,0.7839546058861452,10,0.1666430630187575,22,0.22151075511056562,5,0.24818237656153835,7,0.21685571662624753
Classical Monocytes|CD4 T Cells|COPA|CD74,Classical Monocytes,CD4 T Cells,COPA,CD74,0.0723447691209061,-0.11510813627033092,0.2597976745121431,56,0.44939737175459893,0.7839546058861452,11,0.3882520990575184,33,0.39260964328667514,5,0.4562583501485902,7,0.3882711252568408
B Cells|NK Cells|HLA-F|CD8A,B Cells,NK Cells,HLA-F,CD8A,0.0718888530885996,-0.11438702002804121,0.25816472620524045,42,0.44940782322880746,0.7839546058861452,8,0.037638878967807377,22,0.14310949264036035,5,0.3499056984470652,7,0.38348745903101855
Non-classical Monocytes|B Cells|IL1B|SIGIRR,Non-classical Monocytes,B Cells,IL1B,SIGIRR,-0.11570654693092472,-0.41527959991274777,0.1838665060508983,49,0.44904213569962714,0.7839546058861452,11,0.2197247877442798,27,0.22912313637743734,5,0.08724461454581298,6,0.21234951010989522
NK Cells|CD8 T Cells|TGFB1|ITGB1,NK Cells,CD8 T Cells,TGFB1,ITGB1,0.10251408641257312,-0.16555155703697613,0.3705797298621224,56,0.4535363055230903,0.7839546058861452,11,0.21679640258903066,33,0.24481242021388575,5,0.3268943150106958,7,0.2523962462229778
CD4 T Cells|CD8 T Cells|ARF6|SMAP1,CD4 T Cells,CD8 T Cells,ARF6,SMAP1,-0.12050969302707498,-0.4358331650535632,0.1948137789994132,41,0.453823989673922,0.7839546058861452,9,0.14518181033044314,21,0.20504835236704552,5,0.23121836317033678,6,0.4115945982340142
Non-classical Monocytes|Non-classical Monocytes|CALM1|PTPRA,Non-classical Monocytes,Non-classical Monocytes,CALM1,PTPRA,-0.10610860381179704,-0.3812416026638397,0.16902439504024563,51,0.4497178536983454,0.7839546058861452,11,0.49630761579062704,28,0.4108830053031726,5,0.35372402826183713,7,0.37440802158617975
CD8 T Cells|Classical Monocytes|ICAM3|ITGAL,CD8 T Cells,Classical Monocytes,ICAM3,ITGAL,-0.0899986623945509,-0.3241984187189041,0.14420109392980227,53,0.45134287332791845,0.7839546058861452,10,0.5015698366103476,31,0.417517923591227,5,0.4271722713775512,7,0.43311902075298153
pDCs|CD8 T Cells|LGALS9|PTPRC,pDCs,CD8 T Cells,LGALS9,PTPRC,-0.06741981477790904,-0.2433614030937273,0.10852177353790923,43,0.4526243475862307,0.7839546058861452,10,0.3154762076356391,21,0.506485151788213,5,0.32787049925103096,7,0.5862992581815138
B Cells|CD4 T Cells|LGALS1|ITGB1,B Cells,CD4 T Cells,LGALS1,ITGB1,-0.10777597421675808,-0.38980840719477683,0.1742564587612607,53,0.4538684560393472,0.7839546058861452,9,0.3840349934054368,33,0.34723511761394643,5,0.23329780400394098,6,0.3042739024292087
B Cells|Classical Monocytes|GNAI2|FPR1,B Cells,Classical Monocytes,GNAI2,FPR1,-0.10323046896845353,-0.37202859885902273,0.1655676609221157,54,0.45162205072053696,0.7839546058861452,11,0.1619176466764565,31,0.21123018998924237,5,0.14902631701733496,7,0.3015693292985744
B Cells|Non-classical Monocytes|HLA-DPA1|CD4,B Cells,Non-classical Monocytes,HLA-DPA1,CD4,-0.025243504630112157,-0.091359722729265,0.040872713469040686,56,0.45426468664258324,0.7841030485968633,11,0.8279014063712428,33,0.807652479889601,5,0.8516385535462238,7,0.8566331316946941
Non-classical Monocytes|pDCs|TIMP1|CD63,Non-classical Monocytes,pDCs,TIMP1,CD63,-0.07243878873342358,-0.2623353432203347,0.11745776575348757,44,0.45466730037971537,0.7842622990167514,10,0.6093510690104629,22,0.5508825200221423,5,0.6474082869803831,7,0.6613785267254861
Non-classical Monocytes|Classical Monocytes|LRPAP1|LRP1,Non-classical Monocytes,Classical Monocytes,LRPAP1,LRP1,-0.05972212179437397,-0.2164556087432152,0.09701136515446726,56,0.45516642406060115,0.7845876900417047,11,0.1205646964143665,33,0.09727086857522502,5,0.03621581166929359,7,0.07264410562452608
pDCs|Non-classical Monocytes|CALR|LRP1,pDCs,Non-classical Monocytes,CALR,LRP1,-0.09389221777350115,-0.3408362704049994,0.1530518348579971,44,0.45614431882028683,0.7857373508240387,10,0.38360968955661234,22,0.37241627842255287,5,0.42556534463443735,7,0.508264151273879
CD8 T Cells|NK Cells|ICAM2|ITGAM_ITGB2,CD8 T Cells,NK Cells,ICAM2,ITGAM_ITGB2,-0.11207063251668023,-0.40725053126147026,0.18310926622810983,46,0.4567933528588878,0.7863193478708511,11,0.006129123838475818,24,0.002605498288416048,5,0.0489908340816013,6,0.15753784104822174
B Cells|Classical Monocytes|LGALS1|CD69,B Cells,Classical Monocytes,LGALS1,CD69,-0.06475941156197493,-0.2355799674783567,0.10606114435440683,52,0.4574588512775706,0.7869288748661817,9,0.014810927985626159,33,0.11595829463873875,5,0.06513704186496785,5,0.23104382008005536
NK Cells|Non-classical Monocytes|SEMA4D|PLXNB2,NK Cells,Non-classical Monocytes,SEMA4D,PLXNB2,0.029099791909673503,-0.047981269572296245,0.10618085339164325,54,0.45934282986788033,0.7880239857950669,10,0.0,32,0.019385300955262207,5,0.033975156933894836,7,0.02426066597948354
NK Cells|CD8 T Cells|HLA-DPB1|LAG3,NK Cells,CD8 T Cells,HLA-DPB1,LAG3,0.11463759548558439,-0.1885661274443758,0.41784131841554456,55,0.45867024416007895,0.7880239857950669,11,0.06821252758012054,32,0.25790295305791555,5,0.3960889499466612,7,0.47114177993887185
Classical Monocytes|CD8 T Cells|COPA|CD74,Classical Monocytes,CD8 T Cells,COPA,CD74,-0.07197721150831382,-0.26238768192600104,0.11843325890937337,56,0.45876163973349826,0.7880239857950669,11,0.2700694013862912,33,0.37585695119740986,5,0.26352187965870566,7,0.44128664097813813
Classical Monocytes|Classical Monocytes|S100A9|CD36,Classical Monocytes,Classical Monocytes,S100A9,CD36,0.005885917494073967,-0.009700820287541217,0.021472655275689152,56,0.45922212624461256,0.7880239857950669,11,0.9960396237590163,33,0.9960081091981925,5,0.9941936917664078,7,0.98827625971151
Classical Monocytes|CD8 T Cells|MIF|CD44_CD74,Classical Monocytes,CD8 T Cells,MIF,CD44_CD74,-0.07799098374613173,-0.2847907586712164,0.12880879117895294,56,0.45980574334495317,0.7882829806191972,11,0.12844592695412427,33,0.12217075025291861,5,0.23963435757623658,7,0.31135016462116266
Non-classical Monocytes|CD8 T Cells|HBEGF|CD44,Non-classical Monocytes,CD8 T Cells,HBEGF,CD44,0.10590154625988873,-0.17533076677422066,0.38713385929399813,45,0.46048469693373517,0.7889117485773212,8,0.27446495107487934,25,0.31494597225443566,5,0.38011349090273233,7,0.3146929658223999
Non-classical Monocytes|Classical Monocytes|CD14|ITGB1,Non-classical Monocytes,Classical Monocytes,CD14,ITGB1,-0.10253865015298391,-0.3760357884489804,0.17095848814301257,56,0.4624471336404419,0.7907115851768824,11,0.32221357768856895,33,0.3778969041328803,5,0.20276421610257933,7,0.3609861926998746
NK Cells|Classical Monocytes|LGALS1|CD69,NK Cells,Classical Monocytes,LGALS1,CD69,-0.0752465948962347,-0.27569744595787066,0.12520425616540126,55,0.4618861881870251,0.7907115851768824,11,0.2779262427362181,33,0.42319773109218545,5,0.28025442282180196,6,0.500772506074004
pDCs|CD4 T Cells|VIM|CD44,pDCs,CD4 T Cells,VIM,CD44,-0.02045414314846772,-0.07501391203025318,0.03410562573331773,44,0.4624739702775751,0.7907115851768824,10,0.9250780497324073,22,0.9052896985422464,5,0.9010520559312812,7,0.9017178478895881
Non-classical Monocytes|B Cells|CD99|CD81,Non-classical Monocytes,B Cells,CD99,CD81,0.05258544709837869,-0.08791287912358299,0.19308377332034038,51,0.46320987309051875,0.7914343132520223,11,0.035554674517867424,29,0.15073563162235148,5,0.0,6,0.06259551000610537
pDCs|CD8 T Cells|APP|CD74,pDCs,CD8 T Cells,APP,CD74,-0.04725352054888399,-0.1738642989257298,0.07935725782796182,44,0.46447663036361764,0.7914761282608733,10,0.861247038803951,22,0.8359549786686383,5,0.851164872833305,7,0.8731263332468763
Non-classical Monocytes|CD8 T Cells|VCAN|SELL,Non-classical Monocytes,CD8 T Cells,VCAN,SELL,0.09614890049042135,-0.16137737982403438,0.3536751808048771,55,0.46431281257470514,0.7914761282608733,10,0.26672016042746366,33,0.30010396294691954,5,0.3374981276512822,7,0.2747330296803167
Non-classical Monocytes|Non-classical Monocytes|TIMP2|CD44,Non-classical Monocytes,Non-classical Monocytes,TIMP2,CD44,0.06300727446047694,-0.10555425428279946,0.23156880320375334,56,0.463788631316308,0.7914761282608733,11,0.3593685720766361,33,0.38956072952267995,5,0.40327384693306173,7,0.37045872991862866
NK Cells|pDCs|HLA-F|LILRB1,NK Cells,pDCs,HLA-F,LILRB1,-0.10908969301702187,-0.4013908159465213,0.18321142991247757,43,0.46448717776449355,0.7914761282608733,10,0.3120969542053874,21,0.36588978466514943,5,0.19642047977452926,7,0.35930300325131315
Classical Monocytes|pDCs|VCAN|ITGB1,Classical Monocytes,pDCs,VCAN,ITGB1,0.09956513563639346,-0.16741383220718897,0.3665441034799759,44,0.46481929548478873,0.7915083286321166,10,0.3966877443684247,22,0.44630301784734905,5,0.4916171923710288,7,0.4416673302135597
CD4 T Cells|CD4 T Cells|SELPLG|ITGB2,CD4 T Cells,CD4 T Cells,SELPLG,ITGB2,-0.08396566899780167,-0.31011543149378684,0.14218409349818353,56,0.4667958830935748,0.7943388529141169,11,0.46007676397698805,33,0.37286649335192007,5,0.4038688249206223,7,0.400624223293356
Classical Monocytes|pDCs|S100A9|ITGB2,Classical Monocytes,pDCs,S100A9,ITGB2,-0.010470783250244642,-0.03885391119490331,0.017912344694414023,44,0.4696505211634415,0.7945653201178646,10,0.9752636716073024,22,0.9768945859090764,5,0.9650484998839625,7,0.9771501974359811
pDCs|NK Cells|TGFB1|ITGB1,pDCs,NK Cells,TGFB1,ITGB1,-0.07986215519137466,-0.295551304889266,0.1358269945065167,42,0.4680189152280966,0.7945653201178646,10,0.3107924283661604,22,0.23580067071531843,5,0.14642102687451,5,0.1512914244150427
Non-classical Monocytes|CD8 T Cells|MIF|CD44_CD74,Non-classical Monocytes,CD8 T Cells,MIF,CD44_CD74,-0.10525175046485122,-0.38971965356531724,0.17921615263561483,56,0.4683433223907477,0.7945653201178646,11,0.1517711821128943,33,0.16798177875763412,5,0.23342639468758977,7,0.35488874179718083
Non-classical Monocytes|NK Cells|IL1B|SIGIRR,Non-classical Monocytes,NK Cells,IL1B,SIGIRR,0.0850403161209056,-0.14477796716575167,0.3148585994075629,56,0.4682980148481516,0.7945653201178646,11,0.21364639210884454,33,0.22910243589105123,5,0.24250190492627893,7,0.17291763258758003
pDCs|Classical Monocytes|HMGB1|TLR2,pDCs,Classical Monocytes,HMGB1,TLR2,-0.07213220295934525,-0.26760212362497504,0.12333771770628457,44,0.46951719273859804,0.7945653201178646,10,0.3269390536816975,22,0.4266945715264828,5,0.3414088131428868,7,0.5132965339470174
Non-classical Monocytes|Non-classical Monocytes|GRN|TNFRSF1A,Non-classical Monocytes,Non-classical Monocytes,GRN,TNFRSF1A,0.0872638186250585,-0.1490421264441704,0.32356976369428736,56,0.46919970610719186,0.7945653201178646,11,0.31703162384441236,33,0.43841061994411556,5,0.36661680834636357,7,0.4007319858210083
Classical Monocytes|CD4 T Cells|VCAN|ITGB1,Classical Monocytes,CD4 T Cells,VCAN,ITGB1,-0.031836169456394,-0.11791156499967703,0.054239226086889025,56,0.4685013256678211,0.7945653201178646,11,0.7857378617671681,33,0.7608392983982717,5,0.8378886241936462,7,0.8448262302811438
Non-classical Monocytes|Classical Monocytes|S100A8|CD68,Non-classical Monocytes,Classical Monocytes,S100A8,CD68,-0.10448959371921707,-0.3872257866798771,0.17824659924144298,56,0.4688598337272387,0.7945653201178646,11,0.7586968929716384,33,0.944439896929456,5,0.5813291777956783,7,0.8715617754727129
Non-classical Monocytes|CD4 T Cells|ADAM17|ITGB1,Non-classical Monocytes,CD4 T Cells,ADAM17,ITGB1,0.08196499801551199,-0.1402715212048461,0.3042015172358701,56,0.46975883983224764,0.7945653201178646,11,0.46173841510531344,33,0.39892101351816517,5,0.41054911643779557,7,0.2657667168351353
Non-classical Monocytes|Non-classical Monocytes|VCAN|ITGB1,Non-classical Monocytes,Non-classical Monocytes,VCAN,ITGB1,0.07865654615116668,-0.13506648948401553,0.29237958178634893,55,0.4707089201050141,0.7951079151773868,10,0.3009125241290162,33,0.3426440854687856,5,0.3514736842522301,7,0.3145486994408328
Non-classical Monocytes|pDCs|LGALS1|CD69,Non-classical Monocytes,pDCs,LGALS1,CD69,-0.08614302985413269,-0.32006635303972,0.14778029333145462,44,0.4704401052157898,0.7951079151773868,10,0.7722960777445099,22,0.8277863112536608,5,0.687170971502056,7,0.8288042348653395
NK Cells|pDCs|MIF|CD44_CD74,NK Cells,pDCs,MIF,CD44_CD74,0.0880550377264003,-0.1521638472124581,0.3282739226652587,44,0.4724812916322082,0.7951085124727191,10,0.13554508165119822,22,0.25879298991491906,5,0.21941594745022833,7,0.25460881798754886
pDCs|CD8 T Cells|GRN|TNFRSF1B,pDCs,CD8 T Cells,GRN,TNFRSF1B,-0.06171201717462954,-0.2297596903807304,0.10633565603147133,44,0.47167520352619874,0.7951085124727191,10,0.4912764293835224,22,0.4362624279355132,5,0.34982111923389175,7,0.3565191349605121
pDCs|Non-classical Monocytes|HLA-DMA|CD4,pDCs,Non-classical Monocytes,HLA-DMA,CD4,-0.08275930883095073,-0.30875079644229075,0.1432321787803893,44,0.4729117903626817,0.7951085124727191,10,0.4151561157177566,22,0.2989287720807058,5,0.291320699093354,7,0.2578526642872539
Classical Monocytes|B Cells|TIMP2|CD44,Classical Monocytes,B Cells,TIMP2,CD44,0.058343430805232965,-0.10077957011874245,0.21746643172920838,56,0.47236713853799017,0.7951085124727191,11,0.3800971806521037,33,0.3310751866642247,5,0.3838751730315471,7,0.27650974823843516
Non-classical Monocytes|Non-classical Monocytes|HMGB1|CXCR4,Non-classical Monocytes,Non-classical Monocytes,HMGB1,CXCR4,0.06919331043444632,-0.11964609363770512,0.25803271450659776,56,0.4726603033714072,0.7951085124727191,11,0.5268345748951367,33,0.5025154471183954,5,0.7045266525058509,7,0.6110142142946632
CD8 T Cells|pDCs|S100A9|ITGB2,CD8 T Cells,pDCs,S100A9,ITGB2,-0.11294241019925888,-0.4201347527662873,0.19424993236776955,41,0.4711551444534373,0.7951085124727191,9,0.27348551600800614,22,0.27862924637730524,5,0.09034731401391027,5,0.20843345458246826
CD4 T Cells|B Cells|LGALS1|CD69,CD4 T Cells,B Cells,LGALS1,CD69,0.04156937023968754,-0.07179299577738794,0.15493173625676304,56,0.4723206945044738,0.7951085124727191,11,0.7406283657120786,33,0.8020333895212872,5,0.8648063121554574,7,0.8846419657249786
CD4 T Cells|Non-classical Monocytes|LGALS1|PTPRC,CD4 T Cells,Non-classical Monocytes,LGALS1,PTPRC,-0.047551430384408566,-0.1778031258315766,0.08270026506275946,56,0.4742811581753553,0.7968806427587253,11,0.5620312427486849,33,0.5711522017870813,5,0.6240037588834595,7,0.6806761483062644
Non-classical Monocytes|pDCs|HMGB1|CXCR4,Non-classical Monocytes,pDCs,HMGB1,CXCR4,0.04476699654817973,-0.07850440166626765,0.1680383947626271,44,0.47660310383822113,0.7979815188900264,10,0.8160100779628918,22,0.8454450396513287,5,0.7896763057063432,7,0.7743442708466003
Non-classical Monocytes|B Cells|COPA|CD74,Non-classical Monocytes,B Cells,COPA,CD74,-0.02021872353603693,-0.07588222392669008,0.035444776854616215,56,0.4765141970312351,0.7979815188900264,11,0.8355143589633307,33,0.8248809475777481,5,0.8367417829992334,7,0.8463270951496877
Classical Monocytes|Non-classical Monocytes|ICAM3|ITGAL,Classical Monocytes,Non-classical Monocytes,ICAM3,ITGAL,-0.07240591890200448,-0.27154306322195576,0.12673122541794682,56,0.4760688677130872,0.7979815188900264,11,0.3258780896894942,33,0.3538923587149842,5,0.27505148412143915,7,0.3754716720489336
pDCs|B Cells|PKM|CD44,pDCs,B Cells,PKM,CD44,0.09091956544069812,-0.15928335120518872,0.34112248208658497,44,0.47632966149182276,0.7979815188900264,10,0.12673158653398503,22,0.22165128081279215,5,0.1290373145461044,7,0.1330374433842134
Non-classical Monocytes|Non-classical Monocytes|ICAM1|ITGAX_ITGB2,Non-classical Monocytes,Non-classical Monocytes,ICAM1,ITGAX_ITGB2,0.0873570501396466,-0.15260609081703919,0.3273201910963324,47,0.47552875451563026,0.7979815188900264,9,0.18075068114992127,26,0.22714474227440568,5,0.059909919167926005,7,0.018946930152763813
Classical Monocytes|pDCs|MIF|TNFRSF14,Classical Monocytes,pDCs,MIF,TNFRSF14,-0.08657034302140698,-0.32507568419013394,0.15193499814731998,44,0.4768310619406173,0.7979815188900264,10,0.1918951023035159,22,0.26858514295750713,5,0.0483713795026095,7,0.21163176317800772
NK Cells|pDCs|HLA-DRB1|CD4,NK Cells,pDCs,HLA-DRB1,CD4,-0.07383593583096132,-0.27825624356653955,0.1305843719046169,43,0.4789871897258311,0.8010593172979319,10,0.4401538315719149,21,0.2631490230395234,5,0.3649144670264956,7,0.26174559432506544
pDCs|CD8 T Cells|HMGB1|CXCR4,pDCs,CD8 T Cells,HMGB1,CXCR4,0.013783672302091432,-0.024541242967636406,0.05210858757181927,44,0.48086810976927663,0.8021700163106975,10,0.9344477858770202,22,0.9485479819681902,5,0.9898911488915199,7,0.9902076726805985
pDCs|CD4 T Cells|LGALS9|CD44,pDCs,CD4 T Cells,LGALS9,CD44,0.08669216631293158,-0.1543808272308793,0.3277651598567425,43,0.4809210821965598,0.8021700163106975,10,0.3434366626281551,21,0.3144330449275673,5,0.3933742161703738,7,0.27767843215685445
CD4 T Cells|CD8 T Cells|HLA-F|CD8A,CD4 T Cells,CD8 T Cells,HLA-F,CD8A,-0.10563510312697283,-0.39876418033388616,0.1874939740799405,56,0.47999325681930594,0.8021700163106975,11,0.2844391128595457,33,0.2811298120794121,5,0.15282942981871311,7,0.25515523216555236
Classical Monocytes|Classical Monocytes|MIF|TNFRSF14,Classical Monocytes,Classical Monocytes,MIF,TNFRSF14,-0.08646410498523834,-0.32684718052420314,0.15391897055372644,56,0.4808193917875846,0.8021700163106975,11,0.1898489493345285,33,0.26406073232789135,5,0.053498022298294326,7,0.2141739102768955
Classical Monocytes|Non-classical Monocytes|S100A8|ITGB2,Classical Monocytes,Non-classical Monocytes,S100A8,ITGB2,-0.00012008660507811797,-0.000456050152975046,0.00021587694281881005,56,0.48357244982378444,0.8035058660382548,11,0.999815347526648,33,0.9997745018635465,5,0.9997733429749122,7,0.9998525839168888
pDCs|CD8 T Cells|LGALS1|PTPRC,pDCs,CD8 T Cells,LGALS1,PTPRC,-0.04076664547206332,-0.15480195408084702,0.07326866313672037,44,0.4835087786125706,0.8035058660382548,10,0.7307608680449345,22,0.7008213867358408,5,0.7466968833359117,7,0.7575240474988814
pDCs|B Cells|APP|LRP10,pDCs,B Cells,APP,LRP10,0.07668755058850901,-0.13747865431464978,0.2908537554916678,44,0.4827951775532807,0.8035058660382548,10,0.2839670885441077,22,0.3273055372695517,5,0.4072207382332153,7,0.3738716363701503
CD8 T Cells|Classical Monocytes|LGALS1|CD69,CD8 T Cells,Classical Monocytes,LGALS1,CD69,-0.08796473183859527,-0.333588399678023,0.1576589360008325,55,0.48273021996513743,0.8035058660382548,11,0.3897289414185922,33,0.3331504039595065,5,0.15813395243238187,6,0.18952014681189144
pDCs|Classical Monocytes|MIF|CD74_CXCR4,pDCs,Classical Monocytes,MIF,CD74_CXCR4,0.11977325682568685,-0.2153575648849944,0.4549040785363681,44,0.48362976740965,0.8035058660382548,10,0.33643182623003187,22,0.4648194176100555,5,0.3051084080854353,7,0.3137227426397721
B Cells|Non-classical Monocytes|CALR|LRP1,B Cells,Non-classical Monocytes,CALR,LRP1,-0.056761622537147914,-0.2150210985010456,0.10149785342674975,56,0.4820780996588365,0.8035058660382548,11,0.13391452469811674,33,0.18237442527283662,5,0.019793474106826726,7,0.12501499721869452
CD4 T Cells|Non-classical Monocytes|MIF|CD44_CD74,CD4 T Cells,Non-classical Monocytes,MIF,CD44_CD74,-0.08323190623201737,-0.31691593721995914,0.1504521247559244,56,0.4851234446499333,0.8050540169626779,11,0.6960605057742878,33,0.6187273038264904,5,0.5189932920374931,7,0.5248919963217131
Classical Monocytes|pDCs|GNAI2|CXCR3,Classical Monocytes,pDCs,GNAI2,CXCR3,0.09812071367081385,-0.17741304947474748,0.3736544768163752,43,0.48519876052004685,0.8050540169626779,10,0.21863323336786075,21,0.25798680982277844,5,0.3128637745835546,7,0.2540966373676584
Non-classical Monocytes|Classical Monocytes|S100A9|ITGB2,Non-classical Monocytes,Classical Monocytes,S100A9,ITGB2,-0.04917736029757125,-0.1875593678340926,0.08920464723895011,56,0.4861031500158497,0.8055548826132102,11,0.9156811418979843,33,0.9788175821775359,5,0.8502027447979849,7,0.9625165453751077
Classical Monocytes|Classical Monocytes|RETN|CAP1,Classical Monocytes,Classical Monocytes,RETN,CAP1,0.0654953214025179,-0.11889762129114534,0.24988826409618115,55,0.48632360834249355,0.8055548826132102,11,0.4208416170831081,32,0.4068524303567896,5,0.44690689325463245,7,0.36742238512579606
pDCs|CD8 T Cells|ICAM3|ITGAL,pDCs,CD8 T Cells,ICAM3,ITGAL,-0.08328344790078986,-0.31782812533259,0.1512612295310103,44,0.4864569651237668,0.8055548826132102,10,0.11064085225829509,22,0.19592202424008123,5,0.04224081340180223,7,0.21080543328437823
Classical Monocytes|CD4 T Cells|HBEGF|CD82,Classical Monocytes,CD4 T Cells,HBEGF,CD82,0.07516308516712289,-0.13780964514350375,0.2881358154777495,49,0.4891148276687959,0.8083670173440465,10,0.024984114898267618,27,0.11100412586541725,5,0.07015794178581047,7,0.08101486758583722
Non-classical Monocytes|CD8 T Cells|HLA-A|CD8A,Non-classical Monocytes,CD8 T Cells,HLA-A,CD8A,0.025150320686309624,-0.04605279944425743,0.09635344081687668,56,0.48875069007061234,0.8083670173440465,11,0.9157174151311192,33,0.9526655685071975,5,0.9106438741790097,7,0.9224417068687785
NK Cells|CD8 T Cells|ICAM3|ITGAL,NK Cells,CD8 T Cells,ICAM3,ITGAL,0.08358382694537708,-0.1532480850448402,0.3204157389355944,56,0.4891133958438477,0.8083670173440465,11,0.320576387670743,33,0.27748471105612194,5,0.46244883879544607,7,0.33577333523544795
CD8 T Cells|CD8 T Cells|LGALS1|PTPRC,CD8 T Cells,CD8 T Cells,LGALS1,PTPRC,-0.07629458597118705,-0.29298608509864144,0.14039691315626732,56,0.49014338343514197,0.8090087066888333,11,0.671431341218523,33,0.7426776147193943,5,0.4607442127578946,7,0.608285072229953
Non-classical Monocytes|Non-classical Monocytes|ADAM10|TSPAN14,Non-classical Monocytes,Non-classical Monocytes,ADAM10,TSPAN14,0.019211180502198544,-0.03533756399112721,0.07375992499552429,56,0.49002602348729385,0.8090087066888333,11,0.0,33,0.03473954295887073,5,0.0,7,0.015528362456672187
CD4 T Cells|NK Cells|CLEC2D|KLRB1,CD4 T Cells,NK Cells,CLEC2D,KLRB1,0.06664448245928839,-0.12297500179746662,0.2562639667160434,56,0.4909130081618174,0.809025295093699,11,0.5990794098102664,33,0.5321129167546101,5,0.4344434409425014,7,0.30083246542755676
NK Cells|B Cells|TGFB1|CXCR4,NK Cells,B Cells,TGFB1,CXCR4,0.08278601768091132,-0.15262278860829132,0.31819482397011395,56,0.49066036188577944,0.809025295093699,11,0.9558103224994811,33,0.8806419855191319,5,0.8871006710675591,7,0.7291463164062986
Non-classical Monocytes|B Cells|VCAN|CD44,Non-classical Monocytes,B Cells,VCAN,CD44,0.0903269328293429,-0.1667939096383816,0.3474477752970674,55,0.49111389104619485,0.809025295093699,10,0.23800215823223922,33,0.29735108961102036,5,0.2515101758180779,7,0.22053217436751613
CD8 T Cells|Non-classical Monocytes|ANXA2|TLR2,CD8 T Cells,Non-classical Monocytes,ANXA2,TLR2,-0.07338830050148243,-0.28278110052211847,0.13600449951915358,56,0.49212614947072275,0.8096372263753362,11,0.10074990946036348,33,0.20234343520060571,5,0.05049602315961936,7,0.22547784940134402
B Cells|Non-classical Monocytes|CALM1|PTPRA,B Cells,Non-classical Monocytes,CALM1,PTPRA,-0.11784515506830773,-0.453900236347004,0.21820992621038854,51,0.4918906948160794,0.8096372263753362,11,0.3825761401648223,28,0.32840953724611033,5,0.3389984735160634,7,0.40267702566565916
CD8 T Cells|pDCs|MIF|CD74_CXCR4,CD8 T Cells,pDCs,MIF,CD74_CXCR4,0.09216602466436685,-0.1713434070889462,0.3556754564176799,44,0.49301320336808996,0.8102165416563858,10,0.7265567190819874,22,0.7857173343187385,5,0.600330772265907,7,0.5673253628382913
Non-classical Monocytes|pDCs|LGALS1|ITGB1,Non-classical Monocytes,pDCs,LGALS1,ITGB1,0.0949788324911891,-0.17663940265699773,0.36659706763937594,44,0.4931195255510571,0.8102165416563858,10,0.5166142268641284,22,0.6007583616488477,5,0.6490931265005206,7,0.6382584287940508
Non-classical Monocytes|pDCs|GNAS|ADCY7,Non-classical Monocytes,pDCs,GNAS,ADCY7,0.11168452453349484,-0.20830116166265958,0.4316702107296493,34,0.4939210243814375,0.8108345426374488,6,0.24292631208360813,17,0.22206113932415403,5,0.3368703396677052,6,0.20432064237475625
B Cells|CD8 T Cells|LGALS1|ITGB1,B Cells,CD8 T Cells,LGALS1,ITGB1,-0.08411654602796273,-0.32523839089999934,0.15700529884407388,53,0.4941373944050934,0.8108345426374488,9,0.24121216120393527,33,0.29061964033708293,5,0.0424563024050544,6,0.1759803275661648
Classical Monocytes|Non-classical Monocytes|S100A9|ITGB2,Classical Monocytes,Non-classical Monocytes,S100A9,ITGB2,-5.362434784361714e-05,-0.00020749381536002635,0.00010024511967279208,56,0.4945701124918195,0.8110179586416794,11,0.9999360095517482,33,0.9998711948933736,5,0.9999306347123792,7,0.9999194444018482
Non-classical Monocytes|Non-classical Monocytes|ADAM17|ITGB1,Non-classical Monocytes,Non-classical Monocytes,ADAM17,ITGB1,-0.060448241008929315,-0.23532729231691468,0.11443081029905605,56,0.49810393754893534,0.8141165170667607,11,0.11086572603628837,33,0.09922101983717055,5,0.15316624075189822,7,0.20196977556170972
pDCs|CD8 T Cells|LRPAP1|SORL1,pDCs,CD8 T Cells,LRPAP1,SORL1,-0.034944806065129376,-0.1359527563876706,0.06606314425741186,39,0.49772668045930213,0.8141165170667607,9,0.06666307157624121,18,0.031718265511111836,5,0.0,7,0.0
CD8 T Cells|NK Cells|CALM1|PTPRA,CD8 T Cells,NK Cells,CALM1,PTPRA,-0.07085104115001234,-0.2759635834192513,0.13426150111922663,56,0.4983926600325599,0.8141165170667607,11,0.535035888206637,33,0.47074879886303594,5,0.43338185023295733,7,0.4399458020393686
pDCs|Classical Monocytes|VIM|CD44,pDCs,Classical Monocytes,VIM,CD44,-0.0178649132415728,-0.06952910025243624,0.033799273769290636,44,0.4979402368183984,0.8141165170667607,10,0.9636170667124025,22,0.9289947353177208,5,0.9562264369607419,7,0.939469018807633
Classical Monocytes|Classical Monocytes|ICAM1|ITGAM_ITGB2,Classical Monocytes,Classical Monocytes,ICAM1,ITGAM_ITGB2,0.03338277276094636,-0.06313839727133408,0.12990394279322678,46,0.4978526329803492,0.8141165170667607,10,0.015670052455338323,24,0.09105530915007187,5,0.0,7,0.04200248393378719
NK Cells|Classical Monocytes|SPON2|ITGB1,NK Cells,Classical Monocytes,SPON2,ITGB1,0.07273891188352022,-0.13764005495637593,0.28311787872341637,56,0.4979865796582986,0.8141165170667607,11,0.4439650792452635,33,0.38728322123553355,5,0.3895946632286959,7,0.2601738933354457
Classical Monocytes|CD4 T Cells|MIF|CD74_CXCR4,Classical Monocytes,CD4 T Cells,MIF,CD74_CXCR4,-0.06170524279560191,-0.24080314476162576,0.11739265917042194,56,0.49950206515156137,0.8143494958954811,11,0.38041251760326167,33,0.4073255827524287,5,0.354972792493475,7,0.44359110043824396
CD4 T Cells|NK Cells|SELPLG|ITGAM,CD4 T Cells,NK Cells,SELPLG,ITGAM,0.04698001017221268,-0.0893343867791851,0.18329440712361045,55,0.4993639624256099,0.8143494958954811,11,0.003795435204188145,33,0.04030092260307806,5,0.048016144878019376,6,0.037541622104696616
Non-classical Monocytes|pDCs|S100A9|CD68,Non-classical Monocytes,pDCs,S100A9,CD68,-0.0554293026773407,-0.21627202858929706,0.10541342323461567,44,0.49939694586511896,0.8143494958954811,10,0.9275450981520411,22,0.9776208816250331,5,0.826474636859747,7,0.9319797230100797
CD4 T Cells|Non-classical Monocytes|HMGB1|TLR2,CD4 T Cells,Non-classical Monocytes,HMGB1,TLR2,0.05550850840107624,-0.10645421453183396,0.21747123133398644,56,0.5017577321997226,0.817499541759316,11,0.41001104231740676,33,0.4027298233330427,5,0.42778234986137226,7,0.36499262247593195
Non-classical Monocytes|Non-classical Monocytes|S100A9|ITGB2,Non-classical Monocytes,Non-classical Monocytes,S100A9,ITGB2,-0.02059390416018736,-0.08080233615529989,0.039614527834925174,56,0.5026073052649896,0.817701492203545,11,0.971375744735479,33,0.9924004648292317,5,0.9388365270450894,7,0.9804551512990294
CD8 T Cells|CD8 T Cells|LGALS1|ITGB1,CD8 T Cells,CD8 T Cells,LGALS1,ITGB1,-0.08957739619149085,-0.35201412490920864,0.17285933252622693,56,0.5034996129278655,0.817701492203545,11,0.3934337316724159,33,0.43311987085301995,5,0.12669312521899762,7,0.2559566605910925
Classical Monocytes|NK Cells|IL1B|SIGIRR,Classical Monocytes,NK Cells,IL1B,SIGIRR,-0.088178498864186,-0.3462259438455226,0.1698689461171506,56,0.5030186404770247,0.817701492203545,11,0.4100911523989661,33,0.27192887818982997,5,0.22735100121862467,7,0.1773672258736745
Classical Monocytes|Non-classical Monocytes|HLA-A|LILRB2,Classical Monocytes,Non-classical Monocytes,HLA-A,LILRB2,-0.021400639195288673,-0.08407646194559076,0.04127518355501342,56,0.5033493702363396,0.817701492203545,11,0.9082366511395109,33,0.909176480687444,5,0.878582727096548,7,0.9009231958397699
NK Cells|CD8 T Cells|LGALS1|PTPRC,NK Cells,CD8 T Cells,LGALS1,PTPRC,0.04688023957796128,-0.09032057213860134,0.1840810512945239,56,0.5030481336208937,0.817701492203545,11,0.7554014015013906,33,0.8153611249790209,5,0.8017044387836589,7,0.814783922683328
B Cells|NK Cells|LGALS1|ITGB1,B Cells,NK Cells,LGALS1,ITGB1,0.07412820363586253,-0.14382856549229636,0.29208497276402146,53,0.5050316937778291,0.8180865962670346,9,0.09944317170764526,33,0.22749554027250024,5,0.34248047876487997,6,0.3964046436938724
NK Cells|B Cells|LGALS1|ITGB1,NK Cells,B Cells,LGALS1,ITGB1,-0.09653584514654495,-0.3799928196282387,0.18692112933514882,45,0.5044545009147088,0.8180865962670346,8,0.4446816699098419,25,0.45244737366605325,5,0.3276822670667864,7,0.43198381596954266
Non-classical Monocytes|CD4 T Cells|TGFB1|CXCR4,Non-classical Monocytes,CD4 T Cells,TGFB1,CXCR4,0.10320106756057912,-0.20020616910513261,0.40660830422629085,56,0.5049874241009827,0.8180865962670346,11,0.7817739219134171,33,0.7210244775738991,5,0.8194976887542456,7,0.6555471768541484
B Cells|CD8 T Cells|LGALS1|CD69,B Cells,CD8 T Cells,LGALS1,CD69,-0.07249966006164943,-0.2855504345291182,0.14055111440581933,53,0.5047965503802851,0.8180865962670346,9,0.3387816881369488,33,0.43803415964311415,5,0.6328409258737312,6,0.804593057441546
Non-classical Monocytes|Non-classical Monocytes|HBEGF|CD44,Non-classical Monocytes,Non-classical Monocytes,HBEGF,CD44,0.08477780826865977,-0.16505663293309802,0.33461224947041757,45,0.5059953305470164,0.8191224857734212,8,0.40537249738744385,25,0.4390589906923122,5,0.34468505227823726,7,0.2935937373144458
CD8 T Cells|Classical Monocytes|ICAM2|ITGAM_ITGB2,CD8 T Cells,Classical Monocytes,ICAM2,ITGAM_ITGB2,-0.054562954507556716,-0.21607932427403034,0.10695341525891691,47,0.5079014331617404,0.8195884204575046,11,0.02545861677783984,24,0.07607552889749152,5,0.0,7,0.1051798666272084
Classical Monocytes|Classical Monocytes|CD14|ITGB1,Classical Monocytes,Classical Monocytes,CD14,ITGB1,-0.06544061838588344,-0.2605861274780589,0.12970489070629204,56,0.511014022241835,0.8195884204575046,11,0.38958431952075023,33,0.39134340161796494,5,0.36007432104209247,7,0.4272740215251906
CD8 T Cells|Non-classical Monocytes|HLA-DPB1|CD4,CD8 T Cells,Non-classical Monocytes,HLA-DPB1,CD4,0.07948297362197154,-0.1565591270087812,0.31552507425272425,56,0.5092647605702815,0.8195884204575046,11,0.21377519324890495,33,0.2345054040113028,5,0.3073469947734305,7,0.24859423191385682
B Cells|pDCs|HLA-DPB1|CD4,B Cells,pDCs,HLA-DPB1,CD4,-0.028747757472445734,-0.11443331006397418,0.056937795119082715,43,0.5108120731337589,0.8195884204575046,10,0.9433716027849351,21,0.8972561805502601,5,0.9352173407164444,7,0.9178496759542151
Classical Monocytes|Classical Monocytes|SELPLG|SELL,Classical Monocytes,Classical Monocytes,SELPLG,SELL,0.08814393689131833,-0.1747868681279625,0.3510747419105992,56,0.511148140340731,0.8195884204575046,11,0.34932991683363784,33,0.35323157100329133,5,0.4251476852386059,7,0.34090540251694107
NK Cells|B Cells|MIF|TNFRSF14,NK Cells,B Cells,MIF,TNFRSF14,0.06712121995794412,-0.13129565808109062,0.26553809799697886,56,0.5073151136444651,0.8195884204575046,11,0.2515294986564484,33,0.233152703448642,5,0.32492549181257885,7,0.23942747664682829
Classical Monocytes|Classical Monocytes|LGALS9|CD47,Classical Monocytes,Classical Monocytes,LGALS9,CD47,-0.06743633095736287,-0.2671274963749528,0.13225483446022704,56,0.5080443065302345,0.8195884204575046,11,0.21289739939221403,33,0.2879300254078319,5,0.10764973876979453,7,0.2501186957427753
NK Cells|Non-classical Monocytes|GNAI2|ADCY7,NK Cells,Non-classical Monocytes,GNAI2,ADCY7,-0.0357615073672174,-0.14187274150484883,0.07034972677041401,56,0.5089040218220713,0.8195884204575046,11,0.07690759840739492,33,0.08046542279136995,5,0.0,7,0.039319331751192434
Classical Monocytes|Non-classical Monocytes|LTB|TNFRSF1A,Classical Monocytes,Non-classical Monocytes,LTB,TNFRSF1A,-0.0453953830034103,-0.1802442333727785,0.08945346736595793,55,0.5093819725966116,0.8195884204575046,11,0.10707995362580873,33,0.10271348741724831,5,0.0,6,0.04102891679484988
CD8 T Cells|pDCs|VIM|CD44,CD8 T Cells,pDCs,VIM,CD44,0.09053018962367865,-0.17912342868374553,0.36018380793110283,44,0.5105290036722334,0.8195884204575046,10,0.29050279664560313,22,0.40909403828764984,5,0.4705014880022714,7,0.49856254002063943
Non-classical Monocytes|Classical Monocytes|HLA-DRB5|CD4,Non-classical Monocytes,Classical Monocytes,HLA-DRB5,CD4,0.18932885857235582,-0.3740992198002584,0.75275693694497,50,0.5101480895742496,0.8195884204575046,9,0.32783189880312036,29,0.42020965164285135,5,0.47208141251075963,7,0.3751303067781348
CD8 T Cells|Non-classical Monocytes|MIF|TNFRSF14,CD8 T Cells,Non-classical Monocytes,MIF,TNFRSF14,0.06049794676066672,-0.11989906302357026,0.2408949565449037,56,0.5109921622787161,0.8195884204575046,11,0.12362987924842316,33,0.13767683060972866,5,0.21540712573978799,7,0.16895613034042675
Classical Monocytes|NK Cells|GNAS|PTGDR,Classical Monocytes,NK Cells,GNAS,PTGDR,-0.07891645381420484,-0.31405187325996253,0.15621896563155285,55,0.5106630238346119,0.8195884204575046,11,0.3237609600699193,32,0.2591015487171666,5,0.1827059580707722,7,0.1969630005322244
Non-classical Monocytes|Non-classical Monocytes|APP|CD74,Non-classical Monocytes,Non-classical Monocytes,APP,CD74,0.07101822441799777,-0.1396060420962873,0.28164249093228283,49,0.508702071833151,0.8195884204575046,6,0.4092089329181865,31,0.3911657335165521,5,0.5568645393398892,7,0.46780311552025705
pDCs|B Cells|TGFB1|CXCR4,pDCs,B Cells,TGFB1,CXCR4,-0.10841245380285824,-0.4298552582806625,0.21303035067494602,42,0.5085907446650344,0.8195884204575046,10,0.9221452571046301,22,0.8299520672351314,5,0.7423366315273803,5,0.7585558954607398
NK Cells|Non-classical Monocytes|SELPLG|SELL,NK Cells,Non-classical Monocytes,SELPLG,SELL,-0.0750500784559871,-0.30018991703776754,0.1500897601257933,56,0.5135296995419414,0.8228849402298578,11,0.22579685450185397,33,0.19153908248195683,5,0.11499154825632929,7,0.15578385469241926
Non-classical Monocytes|Classical Monocytes|ADAM17|ITGB1,Non-classical Monocytes,Classical Monocytes,ADAM17,ITGB1,0.017928152259413476,-0.03598357611483613,0.07183988063366308,56,0.5145437467606675,0.8236811809258359,11,0.0,33,0.039314897474879415,5,0.0,7,0.02138674521546594
pDCs|CD8 T Cells|HLA-F|CD8B,pDCs,CD8 T Cells,HLA-F,CD8B,-0.09920527861399572,-0.3976209927653469,0.19921043553735548,44,0.5146785060078729,0.8236811809258359,10,0.25037416238456117,22,0.23465666703523883,5,0.23513015030599896,7,0.3186179335706723
Non-classical Monocytes|pDCs|HBEGF|CD44,Non-classical Monocytes,pDCs,HBEGF,CD44,-0.08513642373133984,-0.3415764528248365,0.17130360536215683,36,0.515243191155264,0.824063002562881,7,0.20846513006569728,17,0.16012403292371272,5,0.2893471059023021,7,0.3261424324916574
Classical Monocytes|Classical Monocytes|APP|CD74,Classical Monocytes,Classical Monocytes,APP,CD74,-0.06485960922032297,-0.2604901408643167,0.13077092242367078,55,0.5158155453161805,0.8244565989968299,11,0.4165673260209522,32,0.41080694317126415,5,0.4605693069562894,7,0.5196685333269243
pDCs|CD8 T Cells|HLA-B|CD8A,pDCs,CD8 T Cells,HLA-B,CD8A,-0.016768089705067712,-0.06739678810130834,0.03386060869117291,44,0.5162512257888576,0.8246313827866265,10,0.9604437924953372,22,0.9780424739211675,5,0.9381062994435929,7,0.972473070574491
Non-classical Monocytes|Classical Monocytes|S100A8|CD36,Non-classical Monocytes,Classical Monocytes,S100A8,CD36,-0.10359269009294514,-0.4231890583536407,0.2160036781677504,56,0.5252361015855784,0.8247576732766925,11,0.7135119465764052,33,0.913143064933558,5,0.527006428865998,7,0.830230237316096
NK Cells|Non-classical Monocytes|MIF|CD44_CD74,NK Cells,Non-classical Monocytes,MIF,CD44_CD74,-0.08405568421863957,-0.3423787692204322,0.17426740078315306,56,0.523635004772063,0.8247576732766925,11,0.6373970573340271,33,0.5678778904371599,5,0.4505492771056467,7,0.4650857944274191
CD4 T Cells|pDCs|GNAS|ADCY7,CD4 T Cells,pDCs,GNAS,ADCY7,-0.04863780393345378,-0.19635482456867842,0.09907921670177085,34,0.5187040610768652,0.8247576732766925,6,0.035136321752227063,17,0.07190060819767768,5,0.016581512393162013,6,0.1019836027720664
Non-classical Monocytes|Non-classical Monocytes|LGALS1|PTPRC,Non-classical Monocytes,Non-classical Monocytes,LGALS1,PTPRC,-0.007777438349403143,-0.03151502290931245,0.01596014621050616,56,0.5207646041543503,0.8247576732766925,11,0.9817838164044234,33,0.9839074549678763,5,0.97489543644712,7,0.9847965133599761
Classical Monocytes|NK Cells|LGALS1|PTPRC,Classical Monocytes,NK Cells,LGALS1,PTPRC,-0.004624233779883857,-0.01889943019130443,0.009650962631536714,56,0.5254932047074444,0.8247576732766925,11,0.9827626050507462,33,0.9855145355960492,5,0.984569330346137,7,0.9919454946713239
Classical Monocytes|pDCs|LGALS1|CD69,Classical Monocytes,pDCs,LGALS1,CD69,-0.06785244413963565,-0.2774685509593065,0.1417636626800352,44,0.5257952558958257,0.8247576732766925,10,0.800248929819815,22,0.8495483452775742,5,0.7391182445725765,7,0.8562701041699713
Non-classical Monocytes|Non-classical Monocytes|ADAM10|IL6R,Non-classical Monocytes,Non-classical Monocytes,ADAM10,IL6R,0.14249508765766714,-0.2967648777074816,0.5817550530228158,43,0.5249012167850413,0.8247576732766925,8,0.15658876382921078,24,0.20656654983438313,5,0.37874242683752773,6,0.28622512518503296
Classical Monocytes|CD4 T Cells|TIMP1|CD63,Classical Monocytes,CD4 T Cells,TIMP1,CD63,-0.04931847559249303,-0.20078349173290921,0.10214654054792316,56,0.5233544008003411,0.8247576732766925,11,0.5042693626888332,33,0.3847783865940163,5,0.35992836246718324,7,0.2897558619648594
pDCs|CD4 T Cells|HMGB1|CXCR4,pDCs,CD4 T Cells,HMGB1,CXCR4,0.012196476748033036,-0.02517005687333626,0.04956301036940233,44,0.5223453184912366,0.8247576732766925,10,0.931262177454669,22,0.9452141680986543,5,0.9825643742950645,7,0.9843198881910168
CD8 T Cells|Non-classical Monocytes|ANXA1|FPR1,CD8 T Cells,Non-classical Monocytes,ANXA1,FPR1,-0.07521076573809021,-0.3035732790549016,0.1531517475787212,55,0.5185964389469245,0.8247576732766925,10,0.31000112286117937,33,0.39266546577692113,5,0.26865783027555296,7,0.42653293892938493
Non-classical Monocytes|pDCs|LGALS9|CD44,Non-classical Monocytes,pDCs,LGALS9,CD44,0.08321218904442101,-0.1698693136513853,0.33629369174022733,44,0.5192977097781788,0.8247576732766925,10,0.20258059859283278,22,0.26692415679575077,5,0.18336628704723842,7,0.1644976562057354
Non-classical Monocytes|CD4 T Cells|HMGB1|CXCR4,Non-classical Monocytes,CD4 T Cells,HMGB1,CXCR4,-0.019703665736149123,-0.07932074594524695,0.0399134144729487,56,0.5171302585586184,0.8247576732766925,11,0.8794243096558314,33,0.8499395636449271,5,0.9641107318207658,7,0.9543296515460106
Non-classical Monocytes|NK Cells|HLA-F|CD8A,Non-classical Monocytes,NK Cells,HLA-F,CD8A,-0.06813492553249845,-0.2765507015820182,0.1402808505170213,42,0.521686396284752,0.8247576732766925,8,0.24521238956371416,22,0.16104268347426187,5,0.38064551829816456,7,0.3646107377412107
Classical Monocytes|Non-classical Monocytes|HBEGF|CD44,Classical Monocytes,Non-classical Monocytes,HBEGF,CD44,0.08093260692799031,-0.16838634563473506,0.3302515594907157,50,0.5246244375311394,0.8247576732766925,10,0.30754401462837355,28,0.4114610619172779,5,0.28537681697206635,7,0.30836125733298037
CD8 T Cells|CD8 T Cells|TGFB1|ITGB1,CD8 T Cells,CD8 T Cells,TGFB1,ITGB1,0.09491742510289988,-0.19453677127552935,0.3843716214813291,55,0.5204131247832918,0.8247576732766925,11,0.16416710940680562,33,0.21189416930465482,5,0.28619250672000457,6,0.2390021415149539
B Cells|Non-classical Monocytes|GNAI2|C5AR1,B Cells,Non-classical Monocytes,GNAI2,C5AR1,-0.09916966924990267,-0.40531233874904005,0.2069730002492347,54,0.5254957692508402,0.8247576732766925,11,0.43382633845329827,31,0.22614618176713636,5,0.406541490021325,7,0.29803100258506576
pDCs|pDCs|HLA-DRA|CD4,pDCs,pDCs,HLA-DRA,CD4,-0.02617664872725023,-0.10676040320244332,0.05440710574794286,43,0.5243395778657666,0.8247576732766925,10,0.9770683711586056,21,0.9323621280396795,5,0.9411063941746809,7,0.9225767997830051
Classical Monocytes|Classical Monocytes|RNASE2|TLR2,Classical Monocytes,Classical Monocytes,RNASE2,TLR2,0.049945664069887895,-0.10116584219184666,0.20105717033162246,56,0.517107170870365,0.8247576732766925,11,0.019140231895895855,33,0.1428954764835352,5,0.01305747894568079,7,0.08686705946343225
pDCs|NK Cells|HLA-C|CD8A,pDCs,NK Cells,HLA-C,CD8A,-0.07877164051350982,-0.31807694878768167,0.160533667760662,31,0.5188252222099827,0.8247576732766925,7,0.4888416273663487,12,0.495173325520746,5,0.7948700209283802,7,0.8799733595962874
pDCs|NK Cells|LGALS1|ITGB1,pDCs,NK Cells,LGALS1,ITGB1,-0.08838988400283593,-0.35728262323132426,0.1805028552256524,44,0.5193968355097431,0.8247576732766925,10,0.22683294082389938,22,0.22181769994881162,5,0.3307284313396617,7,0.41410307446740985
pDCs|NK Cells|HMGB1|CXCR4,pDCs,NK Cells,HMGB1,CXCR4,0.03179976329840262,-0.06631160981136303,0.12991113640816826,44,0.5252577942025558,0.8247576732766925,10,0.7948667636516118,22,0.8505158924525503,5,0.9368537930098494,7,0.9607031585123853
Non-classical Monocytes|pDCs|HLA-DRA|CD4,Non-classical Monocytes,pDCs,HLA-DRA,CD4,-0.021949776857640213,-0.08867591173744212,0.04477635802216169,43,0.519097983370995,0.8247576732766925,10,0.962461770166529,21,0.9227593125186305,5,0.9674212428554749,7,0.9496685620652167
Non-classical Monocytes|B Cells|VCAN|ITGB1,Non-classical Monocytes,B Cells,VCAN,ITGB1,0.09793894536481418,-0.20355803818284252,0.3994359289124709,44,0.524333938629175,0.8247576732766925,7,0.11844624287470772,25,0.34956933888690356,5,0.22241080075367464,7,0.3555949514010563
CD4 T Cells|B Cells|MIF|TNFRSF14,CD4 T Cells,B Cells,MIF,TNFRSF14,0.06740484866712482,-0.13891696423915134,0.273726661573401,56,0.5219674397156611,0.8247576732766925,11,0.17896827040056673,33,0.20723963050034644,5,0.3185254760022972,7,0.2793919874349521
CD8 T Cells|CD4 T Cells|CD47|SIRPG,CD8 T Cells,CD4 T Cells,CD47,SIRPG,-0.05774125753065677,-0.23388475214047988,0.11840223707916632,53,0.5205537855160565,0.8247576732766925,11,0.0406813500172708,30,0.12085106603308014,5,0.0,7,0.13791097354646611
Classical Monocytes|NK Cells|HLA-B|CD3D,Classical Monocytes,NK Cells,HLA-B,CD3D,0.052786732829270044,-0.10985129500609658,0.21542476066463667,48,0.5246870186923771,0.8247576732766925,8,0.7069151130454655,28,0.8103270850990912,5,0.9411026654945701,7,0.9917279047189258
Non-classical Monocytes|Non-classical Monocytes|HLA-F|LILRB2,Non-classical Monocytes,Non-classical Monocytes,HLA-F,LILRB2,0.08560321219143105,-0.17409106107307712,0.3452974854559392,56,0.5182376793587107,0.8247576732766925,11,0.11633243047938162,33,0.21092471937627616,5,0.2484395003275682,7,0.2574285770330317
pDCs|B Cells|MIF|TNFRSF14,pDCs,B Cells,MIF,TNFRSF14,0.06585462143546864,-0.13699567502526297,0.2687049178962002,44,0.5245839806601682,0.8247576732766925,10,0.22215376973118026,22,0.2528099125209271,5,0.2749015940714156,7,0.23970311542569384
CD4 T Cells|CD8 T Cells|SIRPG|CD47,CD4 T Cells,CD8 T Cells,SIRPG,CD47,-0.05774125753065677,-0.23388475214047988,0.11840223707916632,53,0.5205537855160565,0.8247576732766925,11,0.0406813500172708,30,0.12085106603308014,5,0.0,7,0.13791097354646611
Classical Monocytes|NK Cells|MIF|CD74_CXCR4,Classical Monocytes,NK Cells,MIF,CD74_CXCR4,-0.08280081911238757,-0.33902104009745443,0.1734194018726793,56,0.5264807834661887,0.8253206822698875,11,0.30858227347412615,33,0.4316829965468536,5,0.3837556761809283,7,0.5896572183660433
Classical Monocytes|CD4 T Cells|VCAN|CD44,Classical Monocytes,CD4 T Cells,VCAN,CD44,-0.025798098177108875,-0.10584498006054376,0.054248783706326006,56,0.5276014784853177,0.8265089734228369,11,0.8683682863978075,33,0.8399563355136391,5,0.8723800537316645,7,0.869766201024605
CD4 T Cells|Non-classical Monocytes|TGFB1|ITGB1,CD4 T Cells,Non-classical Monocytes,TGFB1,ITGB1,-0.08980521348947407,-0.3687599158461742,0.18914948886722605,55,0.5280532594406531,0.8265089734228369,11,0.3599522007393951,33,0.2027598938607053,5,0.3341236753588396,6,0.26673658196962385
pDCs|pDCs|S100A8|ITGB2,pDCs,pDCs,S100A8,ITGB2,-0.06839121801664431,-0.2809152454491585,0.14413280941586992,42,0.52822002060858,0.8265089734228369,9,0.20249729646237888,22,0.21503645737678295,5,0.04011393056104666,6,0.12104430949209505
Classical Monocytes|Non-classical Monocytes|TIMP1|CD63,Classical Monocytes,Non-classical Monocytes,TIMP1,CD63,0.07392953811095598,-0.156669576497639,0.304528652719551,56,0.5297682127027725,0.8273944830036503,11,0.32377312431973276,33,0.5640546714257875,5,0.38996607575268527,7,0.556318084747784
CD8 T Cells|CD4 T Cells|HLA-DPB1|CD4,CD8 T Cells,CD4 T Cells,HLA-DPB1,CD4,-0.0960232409384813,-0.395402919109546,0.2033564372325834,56,0.5295846509569601,0.8273944830036503,11,0.4099518708239937,33,0.383153389318033,5,0.3337729853144033,7,0.4029977447469239
B Cells|Non-classical Monocytes|HLA-C|LILRB2,B Cells,Non-classical Monocytes,HLA-C,LILRB2,-0.028024612710945918,-0.11532971554726643,0.05928049012537459,56,0.5292566615603413,0.8273944830036503,11,0.9426055774732752,33,0.933430364081288,5,0.9000043977773491,7,0.9188537970963078
Non-classical Monocytes|Classical Monocytes|TIMP1|CD63,Non-classical Monocytes,Classical Monocytes,TIMP1,CD63,-0.03824629966962445,-0.15767379365188275,0.08118119431263385,56,0.530218415114079,0.8275861241465581,11,0.6387040921161184,33,0.6930505049945686,5,0.6515418770959615,7,0.744134589644036
pDCs|Classical Monocytes|PSAP|LRP1,pDCs,Classical Monocytes,PSAP,LRP1,-0.06178904967631915,-0.25500866630809294,0.1314305669554546,44,0.5308098317475141,0.8279978054481284,10,0.40262061942678534,22,0.32035305274566145,5,0.3546634418835336,7,0.33418492487872886
CD8 T Cells|CD4 T Cells|HLA-DRA|CD4,CD8 T Cells,CD4 T Cells,HLA-DRA,CD4,0.07881235875141467,-0.1688330903793669,0.32645780788219625,56,0.5327903597630326,0.8305744843437282,11,0.06937183025627512,33,0.30200045609322,5,0.06514634958291947,7,0.21896261666844968
B Cells|Non-classical Monocytes|PSAP|LRP1,B Cells,Non-classical Monocytes,PSAP,LRP1,0.07670280475090366,-0.1665615899858511,0.3199671994876584,56,0.5365825495926425,0.8332846258918067,11,0.06758993501689695,33,0.2975253669521346,5,0.09096420279225145,7,0.24419682997658546
pDCs|pDCs|LGALS1|CD69,pDCs,pDCs,LGALS1,CD69,0.09767618007296314,-0.21229934529477962,0.4076517054407059,44,0.5368371076184651,0.8332846258918067,10,0.2200846713477453,22,0.2676892616928079,5,0.31642767331974014,7,0.2663560835918396
Non-classical Monocytes|pDCs|S100A9|ITGB2,Non-classical Monocytes,pDCs,S100A9,ITGB2,-0.0687810030861038,-0.28649122430265844,0.14892921813045085,44,0.5357781980293393,0.8332846258918067,10,0.8221744526899192,22,0.9199657554502797,5,0.6935169419798491,7,0.8600892478263135
CD4 T Cells|pDCs|CCL5|CXCR3,CD4 T Cells,pDCs,CCL5,CXCR3,0.08126340673688329,-0.17635472000602212,0.33888153347978867,43,0.5364081413875377,0.8332846258918067,10,0.17537721046207552,21,0.28992584226534696,5,0.32627695724294953,7,0.3595621823093377
Classical Monocytes|NK Cells|PSEN1|CD44,Classical Monocytes,NK Cells,PSEN1,CD44,-0.08861008487295569,-0.3693607430227258,0.19214057327681444,56,0.5361793904739193,0.8332846258918067,11,0.14867084167174663,33,0.16374677703420829,5,0.2793275566653065,7,0.38301357690072385
Non-classical Monocytes|Non-classical Monocytes|ADAM15|ITGB1,Non-classical Monocytes,Non-classical Monocytes,ADAM15,ITGB1,0.031716776912182866,-0.06889496860971206,0.13232852243407778,52,0.5366691525939978,0.8332846258918067,8,0.027607846682874387,32,0.014043680237496022,5,0.059449827085017025,7,0.014168883727455792
Non-classical Monocytes|Classical Monocytes|ICAM2|ITGAL_ITGB2,Non-classical Monocytes,Classical Monocytes,ICAM2,ITGAL_ITGB2,-0.0665258051380928,-0.2772921486114032,0.1442405383352176,53,0.5361545094569038,0.8332846258918067,10,0.042176824508888364,31,0.11348893318459566,5,0.0,7,0.1378379138138001
pDCs|CD8 T Cells|HLA-DQB1|LAG3,pDCs,CD8 T Cells,HLA-DQB1,LAG3,0.0668114882520125,-0.14586611558565413,0.2794890920896791,43,0.538084746540364,0.8347085049155923,10,0.36024935124212326,21,0.41423173667984403,5,0.45102140355682574,7,0.438192300742534
Classical Monocytes|pDCs|CD14|ITGA4,Classical Monocytes,pDCs,CD14,ITGA4,0.07830427473500717,-0.17263640284294685,0.3292449523129612,37,0.5408070798294322,0.8348316986737784,7,0.3650646534386919,18,0.38041904021138767,5,0.4307340751871801,7,0.3677841872248687
Classical Monocytes|Classical Monocytes|VCAN|TLR2,Classical Monocytes,Classical Monocytes,VCAN,TLR2,-0.0749002794216892,-0.31467526339220125,0.16487470454882286,56,0.5403734241019205,0.8348316986737784,11,0.4613868642024288,33,0.5364854215768821,5,0.48363022739169814,7,0.6336290641878406
Non-classical Monocytes|CD8 T Cells|IL1B|SIGIRR,Non-classical Monocytes,CD8 T Cells,IL1B,SIGIRR,0.07292758924800036,-0.1600240162649794,0.30587919476098013,56,0.5394900591458278,0.8348316986737784,11,0.1703983832811008,33,0.1909122069343892,5,0.2659538287650358,7,0.21354006317032387
CD4 T Cells|pDCs|GNAI2|CXCR3,CD4 T Cells,pDCs,GNAI2,CXCR3,-0.0672322025816354,-0.2821062065939042,0.14764180143063335,43,0.539707317404719,0.8348316986737784,10,0.2353206768239339,21,0.24161028918953814,5,0.0379936735315888,7,0.11151548847882845
Non-classical Monocytes|CD8 T Cells|HLA-A|CD8B,Non-classical Monocytes,CD8 T Cells,HLA-A,CD8B,0.03974201214313844,-0.08698325667317952,0.1664672809594564,56,0.5387794962288088,0.8348316986737784,11,0.8539673293466237,33,0.9332532680425754,5,0.8986128251346923,7,0.9381567516875056
Classical Monocytes|NK Cells|CALM1|PTPRA,Classical Monocytes,NK Cells,CALM1,PTPRA,-0.06570135394741827,-0.2758296755281774,0.1444269676333408,56,0.5399908035506699,0.8348316986737784,11,0.39604010675600443,33,0.3240996502460089,5,0.39090356991810005,7,0.3846644673555228
Non-classical Monocytes|pDCs|ADAM10|CD44,Non-classical Monocytes,pDCs,ADAM10,CD44,-0.08965218702704247,-0.3758936529987685,0.19658927894468353,44,0.5393012151358034,0.8348316986737784,10,0.30129551512145414,22,0.2749074869276764,5,0.2150193540514136,7,0.27828351288467834
NK Cells|B Cells|TGFB1|ITGB1,NK Cells,B Cells,TGFB1,ITGB1,0.1012054467123743,-0.22300287617412945,0.42541376959887806,45,0.5406529892398724,0.8348316986737784,8,0.3996101045577718,25,0.36054617313312554,5,0.3376980864119508,7,0.19742870827493025
pDCs|Classical Monocytes|TNFSF13B|HLA-DPB1,pDCs,Classical Monocytes,TNFSF13B,HLA-DPB1,0.07528504324733692,-0.16619228451698184,0.3167623710116557,43,0.5411630466698243,0.8348711959307973,10,0.2957417959712452,21,0.2527419412818455,5,0.3945617296318162,7,0.27627683169507955
CD4 T Cells|Classical Monocytes|SELPLG|ITGAM,CD4 T Cells,Classical Monocytes,SELPLG,ITGAM,-0.043423508417072015,-0.18305811787435947,0.09621110104021544,56,0.5421872922363958,0.8351252903658708,11,0.0547733830384054,33,0.14737356442617403,5,0.0,7,0.13602368980484064
Non-classical Monocytes|NK Cells|APP|CD74,Non-classical Monocytes,NK Cells,APP,CD74,0.04925836165576064,-0.10932057902363662,0.2078373023351579,49,0.5426496742306133,0.8351252903658708,6,0.45137379662101323,31,0.4303191063316147,5,0.48267728255479536,7,0.4123642306096362
CD8 T Cells|CD8 T Cells|HLA-A|CD8A,CD8 T Cells,CD8 T Cells,HLA-A,CD8A,0.01065467762018213,-0.023640471794115762,0.04494982703448002,56,0.5425816800094071,0.8351252903658708,11,0.9697015760443093,33,0.9851340150118364,5,0.9712493422724553,7,0.9760271036198003
NK Cells|NK Cells|HLA-B|CD3D,NK Cells,NK Cells,HLA-B,CD3D,0.034936203828852874,-0.07726230562336281,0.14713471328106856,48,0.5416692895510009,0.8351252903658708,8,0.820572986237225,28,0.8812459272897266,5,0.973531881144206,7,0.9992686183678547
B Cells|NK Cells|HLA-B|CD3D,B Cells,NK Cells,HLA-B,CD3D,0.044465135372446674,-0.09909165539564044,0.18802192614053378,48,0.543799637283785,0.8353824873300753,8,0.7443478729091342,28,0.8324758067150982,5,0.9521295524274681,7,0.9957923508609855
Classical Monocytes|pDCs|APP|TNFRSF21,Classical Monocytes,pDCs,APP,TNFRSF21,-0.06778201875201104,-0.2871164074149193,0.15155236991089724,42,0.5447155697132469,0.8353824873300753,10,0.18514707835731853,20,0.16999378831826542,5,0.040411468256089746,7,0.09304019696904767
Non-classical Monocytes|NK Cells|HLA-B|KLRD1,Non-classical Monocytes,NK Cells,HLA-B,KLRD1,0.010879032475529904,-0.02435522834533288,0.04611329329639269,56,0.5450699271661902,0.8353824873300753,11,0.9970274084876174,33,0.9950391783640854,5,0.988597337967696,7,0.9757300753686341
CD8 T Cells|pDCs|TGFB1|CXCR4,CD8 T Cells,pDCs,TGFB1,CXCR4,-0.0801738960200008,-0.33928825703827953,0.17894046499827793,43,0.5442209850903725,0.8353824873300753,10,0.7088255717679408,22,0.6993755783844999,5,0.46149738250321226,6,0.5322212851397722
Classical Monocytes|pDCs|ADAM15|ITGB1,Classical Monocytes,pDCs,ADAM15,ITGB1,-0.07838015490310149,-0.33129577572489977,0.17453546591869676,41,0.5435819925818695,0.8353824873300753,9,0.1688592781779219,20,0.14027014554282577,5,0.05218420895261502,7,0.10197523122062038
B Cells|Non-classical Monocytes|HMGB1|CXCR4,B Cells,Non-classical Monocytes,HMGB1,CXCR4,-0.05451442211352109,-0.23109874412497886,0.12206989989793668,56,0.5451308751908563,0.8353824873300753,11,0.6543377967348368,33,0.5868600352708343,5,0.7327337226818713,7,0.7197703833313899
pDCs|CD4 T Cells|HLA-DQB1|CD4,pDCs,CD4 T Cells,HLA-DQB1,CD4,0.06724124323037001,-0.1504239312258311,0.2849064176865711,44,0.544864671410451,0.8353824873300753,10,0.3944147696138006,22,0.35726542287675644,5,0.509564330043204,7,0.4051737400757898
NK Cells|pDCs|TGFB1|CXCR4,NK Cells,pDCs,TGFB1,CXCR4,-0.07543546642632304,-0.32054250768826975,0.1696715748356237,44,0.5463695958058226,0.8361692829244599,10,0.7749369477440446,22,0.7478737585833336,5,0.5277968712558178,7,0.5761691485214298
Classical Monocytes|Non-classical Monocytes|GNAI2|FPR1,Classical Monocytes,Non-classical Monocytes,GNAI2,FPR1,0.08526215120590602,-0.1921567706646259,0.36268107307643793,55,0.5469232938125805,0.8361692829244599,10,0.3016177810364517,33,0.25700752828277484,5,0.36159635396704665,7,0.23172395000746374
NK Cells|Non-classical Monocytes|SPON2|ITGB1,NK Cells,Non-classical Monocytes,SPON2,ITGB1,-0.07871497558884416,-0.33485972598055413,0.17742977480286581,56,0.5469678768002106,0.8361692829244599,11,0.5979843908071796,33,0.45058690843269833,5,0.2422642191470265,7,0.17358171236138942
CD4 T Cells|NK Cells|HLA-B|KLRD1,CD4 T Cells,NK Cells,HLA-B,KLRD1,0.00972769140643881,-0.021887419637923206,0.041342802450800825,56,0.5464663354832544,0.8361692829244599,11,0.997168721814127,33,0.9955638439826392,5,0.9904259776166155,7,0.979093408378689
CD8 T Cells|Classical Monocytes|S100A9|ITGB2,CD8 T Cells,Classical Monocytes,S100A9,ITGB2,0.1133988551769789,-0.2568078371619158,0.4836055475158736,51,0.5482656517698573,0.8364037473446235,9,0.3130430193787868,32,0.4631254735530402,5,0.35919715989580714,5,0.3958807588930816
Non-classical Monocytes|pDCs|TIMP2|ITGB1,Non-classical Monocytes,pDCs,TIMP2,ITGB1,-0.024819857082694047,-0.10588419228694672,0.056244478121558625,44,0.5484451956272423,0.8364037473446235,10,0.05453684101963927,22,0.03528068274958439,5,0.004065282217805355,7,0.009628981030444517
CD8 T Cells|Non-classical Monocytes|S100A9|CD68,CD8 T Cells,Non-classical Monocytes,S100A9,CD68,0.09201105648549929,-0.20809337865112199,0.39211549162212056,51,0.5478941599124394,0.8364037473446235,9,0.4541067001846087,32,0.658644052539079,5,0.405570547474556,5,0.518096843343527
CD4 T Cells|pDCs|IL16|CD4,CD4 T Cells,pDCs,IL16,CD4,-0.06798665283801203,-0.28960640946612565,0.1536331037901016,43,0.5476659372438384,0.8364037473446235,10,0.166876119690124,21,0.2781827354583092,5,0.2776546968730572,7,0.4569479654792544
Non-classical Monocytes|Classical Monocytes|MIF|TNFRSF14,Non-classical Monocytes,Classical Monocytes,MIF,TNFRSF14,0.10087251759993043,-0.22896839344411285,0.4307134286439737,56,0.5489064610788813,0.8364367675467145,11,0.3127677853786033,33,0.41961561605091546,5,0.21994409864508796,7,0.2259194117174697
NK Cells|pDCs|MIF|CD74_CXCR4,NK Cells,pDCs,MIF,CD74_CXCR4,0.0776649654850965,-0.17643145343253497,0.33176138440272795,44,0.5491288473921643,0.8364367675467145,10,0.7261914499541013,22,0.8157164101003065,5,0.5635622265564347,7,0.5754222212175434
NK Cells|CD8 T Cells|HLA-C|CD8A,NK Cells,CD8 T Cells,HLA-C,CD8A,0.008614002105294616,-0.01967267226136017,0.036900676471949403,56,0.550602048854981,0.8367588900951852,11,0.9796165885517506,33,0.9873841437138792,5,0.9800190289647077,7,0.9791725820215417
NK Cells|Non-classical Monocytes|HMGB1|CXCR4,NK Cells,Non-classical Monocytes,HMGB1,CXCR4,0.0456360066971061,-0.10396984286027142,0.19524185625448362,56,0.5499263207600267,0.8367588900951852,11,0.719347324708826,33,0.7075101801206382,5,0.8036112882560127,7,0.7461381369707187
Non-classical Monocytes|CD8 T Cells|COPA|CD74,Non-classical Monocytes,CD8 T Cells,COPA,CD74,-0.056800314543787256,-0.24332922592095863,0.1297285968333841,56,0.5506190226157078,0.8367588900951852,11,0.32595453190831136,33,0.3590869231673161,5,0.3028515224709432,7,0.3927842282737352
pDCs|CD8 T Cells|HLA-DRA|LAG3,pDCs,CD8 T Cells,HLA-DRA,LAG3,0.05077217149714763,-0.11597983912067042,0.2175241821149657,43,0.5506648334896292,0.8367588900951852,10,0.6869175306779528,21,0.837234331351346,5,0.6670385537663547,7,0.7665831829426002
Classical Monocytes|CD8 T Cells|GRN|TNFRSF1B,Classical Monocytes,CD8 T Cells,GRN,TNFRSF1B,0.060742523237030055,-0.1400280195622718,0.2615130660363319,56,0.5531937323927487,0.8376660459836851,11,0.359457782870557,33,0.4333389411317877,5,0.34229958438731484,7,0.3554382194115155
Classical Monocytes|B Cells|LGALS1|PTPRC,Classical Monocytes,B Cells,LGALS1,PTPRC,-0.013684052627961019,-0.059033664350557964,0.03166555909463593,56,0.5542452033576262,0.8376660459836851,11,0.9511277735403266,33,0.9522417744844528,5,0.9452178968770983,7,0.9600159504491855
Classical Monocytes|CD4 T Cells|LGALS9|PTPRC,Classical Monocytes,CD4 T Cells,LGALS9,PTPRC,-0.06003846292930948,-0.25794435813444616,0.13786743227582718,56,0.5521163539541354,0.8376660459836851,11,0.3292716801273541,33,0.43230503546135113,5,0.3431261491712875,7,0.506197967434594
CD4 T Cells|Non-classical Monocytes|GNAI2|ADCY7,CD4 T Cells,Non-classical Monocytes,GNAI2,ADCY7,0.016939968991956777,-0.03889139743909531,0.07277133542300886,56,0.5520582058500711,0.8376660459836851,11,0.0,33,0.022408162302790684,5,0.014296899921165406,7,0.019765093231999313
Non-classical Monocytes|pDCs|S100A9|CD36,Non-classical Monocytes,pDCs,S100A9,CD36,-0.07570918096547785,-0.32536876541146065,0.17395040348050492,43,0.5522724344604731,0.8376660459836851,9,0.8141857841465341,22,0.8258413836775844,5,0.6800419246009843,7,0.7674067050975125
CD4 T Cells|CD4 T Cells|HLA-DPA1|CD4,CD4 T Cells,CD4 T Cells,HLA-DPA1,CD4,0.052132510705060815,-0.12035841308466988,0.2246234344947915,56,0.553605199445641,0.8376660459836851,11,0.012265762923761964,33,0.06949017556452491,5,0.0780219113156481,7,0.08311381325135024
Classical Monocytes|NK Cells|CLEC2B|KLRF1,Classical Monocytes,NK Cells,CLEC2B,KLRF1,-0.06557049902721268,-0.28284343437159787,0.1517024363171725,55,0.554188922546967,0.8376660459836851,11,0.49124248024009154,33,0.3580412550342595,5,0.31388236627229615,6,0.24625164009367675
Classical Monocytes|Classical Monocytes|S100A8|CD36,Classical Monocytes,Classical Monocytes,S100A8,CD36,0.004916559639800422,-0.011345082893162842,0.021178202172763685,56,0.5534640911410081,0.8376660459836851,11,0.994605447926062,33,0.9947835264733372,5,0.9919136323820631,7,0.9871751512895379
Non-classical Monocytes|Classical Monocytes|HLA-DQA1|CD4,Non-classical Monocytes,Classical Monocytes,HLA-DQA1,CD4,0.08187906695154001,-0.18847355324885356,0.3522316871519336,55,0.5527828807210818,0.8376660459836851,11,0.16081142836926252,32,0.20824081719473872,5,0.40073200156455907,7,0.36628232343849526
pDCs|Non-classical Monocytes|GNAI2|FPR1,pDCs,Non-classical Monocytes,GNAI2,FPR1,-0.08071621276719182,-0.34910344966177864,0.187671024127395,43,0.5555594108457352,0.839150407177031,9,0.28512448608300656,22,0.2349075589333138,5,0.2617561208455777,7,0.2922554064630768
pDCs|CD4 T Cells|HLA-DQA1|CD4,pDCs,CD4 T Cells,HLA-DQA1,CD4,-0.09338062365289762,-0.40414220870205886,0.21738096139626362,43,0.555895627511381,0.839156661123811,10,0.29015098938407113,22,0.292336171625894,5,0.2660047956416065,6,0.361570601536327
CD4 T Cells|NK Cells|ICAM2|ITGAM_ITGB2,CD4 T Cells,NK Cells,ICAM2,ITGAM_ITGB2,-0.03861307329280706,-0.16737996490009852,0.09015381831448441,55,0.5567131823186866,0.8392601904878212,11,0.0446211148088586,33,0.08116997141773338,5,0.0,6,0.07516192990168184
NK Cells|CD8 T Cells|SPON2|ITGB1,NK Cells,CD8 T Cells,SPON2,ITGB1,0.07807265372647682,-0.18217203684763617,0.3383173443005898,56,0.55654335386719,0.8392601904878212,11,0.6300399370575087,33,0.5915470046927848,5,0.3393395557780979,7,0.2227739696868971
Non-classical Monocytes|NK Cells|LGALS9|CD47,Non-classical Monocytes,NK Cells,LGALS9,CD47,-0.06572816344599558,-0.2850559673687547,0.15359964047676353,56,0.5569605617127329,0.8392601904878212,11,0.17085704890976847,33,0.2244385106675379,5,0.12825177950000904,7,0.24756140470377405
Non-classical Monocytes|pDCs|HLA-DRB1|CD4,Non-classical Monocytes,pDCs,HLA-DRB1,CD4,-0.027178472742287352,-0.11806725120217836,0.06371030571760365,43,0.5578163404405534,0.8400488035120849,10,0.9222724924207467,21,0.8555458095851234,5,0.9385480697502302,7,0.8989998596568942
pDCs|CD4 T Cells|PKM|CD44,pDCs,CD4 T Cells,PKM,CD44,-0.057619249605665446,-0.25047386026690033,0.1352353610555694,44,0.5581583105703228,0.8400631630799319,10,0.33423109438636306,22,0.3120610051839314,5,0.35956033984931773,7,0.3950095002525515
B Cells|CD4 T Cells|MIF|CD44_CD74,B Cells,CD4 T Cells,MIF,CD44_CD74,-0.09290702687438768,-0.4041575780742417,0.21834352432546633,56,0.5585199481472248,0.8401070886714507,11,0.405043408263748,33,0.4165914371197662,5,0.3069539964934669,7,0.41140905222387275
NK Cells|CD4 T Cells|VIM|CD44,NK Cells,CD4 T Cells,VIM,CD44,-0.07601652317253182,-0.3312973943557227,0.17926434801065905,56,0.5594690799928995,0.8405341053163241,11,0.4292359548074021,33,0.5001176997861804,5,0.5616275398343726,7,0.7085258079856828
NK Cells|Classical Monocytes|HLA-DRB1|CD4,NK Cells,Classical Monocytes,HLA-DRB1,CD4,-0.058392097067965706,-0.2544760725070547,0.1376918783711233,56,0.5594489668305218,0.8405341053163241,11,0.10574253217786773,33,0.28262601059452935,5,0.11753371122356422,7,0.35280928670819156
pDCs|NK Cells|LGALS9|CD44,pDCs,NK Cells,LGALS9,CD44,0.09098503081523462,-0.21564019675393215,0.3976102583844014,43,0.5608489943503598,0.842106600548639,10,0.1798661193777685,21,0.2536978043052365,5,0.34318252544712363,7,0.326029179559357
NK Cells|Classical Monocytes|SELPLG|ITGB2,NK Cells,Classical Monocytes,SELPLG,ITGB2,0.089520938490016,-0.21279719195069427,0.3918390689307263,56,0.5616619156781948,0.8423262082604144,11,0.14126995384407734,33,0.31826512743851326,5,0.30663579187296613,7,0.39411002697738606
pDCs|Non-classical Monocytes|HMGB1|CXCR4,pDCs,Non-classical Monocytes,HMGB1,CXCR4,0.04375195443379587,-0.10394537125511974,0.19144928012271148,44,0.5615137800519653,0.8423262082604144,10,0.7059297427950384,22,0.7260527041691538,5,0.8035649697353646,7,0.7799359766756842
CD8 T Cells|Non-classical Monocytes|TNF|TNFRSF1A,CD8 T Cells,Non-classical Monocytes,TNF,TNFRSF1A,0.05296026124126059,-0.12719141206071033,0.23311193454323154,43,0.5644919708025584,0.8426537244430118,7,0.027174680935783204,24,0.045222631425435665,5,0.11553392403782262,7,0.08062161328621449
CD8 T Cells|pDCs|LRPAP1|SORL1,CD8 T Cells,pDCs,LRPAP1,SORL1,0.09845931562245329,-0.2353511456399956,0.4322697768849022,39,0.5631948174145849,0.8426537244430118,9,0.08139903928974361,19,0.029100443309180875,5,0.15075791160301602,6,0.0
NK Cells|B Cells|MIF|CD44_CD74,NK Cells,B Cells,MIF,CD44_CD74,0.05825352048784205,-0.1405257196652675,0.2570327606409516,56,0.5657107445525797,0.8426537244430118,11,0.1675406531554586,33,0.20627889626172427,5,0.24121535066748442,7,0.22170007328590804
Classical Monocytes|B Cells|COPA|CD74,Classical Monocytes,B Cells,COPA,CD74,-0.016017224982484257,-0.0706385650782482,0.03860411511327969,56,0.5654657254668529,0.8426537244430118,11,0.8403553460710153,33,0.8382754179036536,5,0.8477811368477622,7,0.8617184336628848
CD4 T Cells|CD8 T Cells|TGFB1|ITGB1,CD4 T Cells,CD8 T Cells,TGFB1,ITGB1,-0.07177041589762329,-0.31678139100598524,0.17324055921073866,55,0.5658818244478793,0.8426537244430118,11,0.2796368562730783,33,0.27191346073124817,5,0.17261469741809246,6,0.2366617177738856
pDCs|B Cells|LGALS1|PTPRC,pDCs,B Cells,LGALS1,PTPRC,-0.08078388454295216,-0.35524349912811776,0.19367573004221345,44,0.5640125425316189,0.8426537244430118,10,0.42300255558044697,22,0.321677467330772,5,0.44374277754657243,7,0.4232015738398496
Classical Monocytes|CD8 T Cells|S100A8|ITGB2,Classical Monocytes,CD8 T Cells,S100A8,ITGB2,-0.0006095725467769597,-0.0026828501764177186,0.0014637050828637992,56,0.5644416488434356,0.8426537244430118,11,0.9997673026935825,33,0.9997228764934821,5,0.9983013005970911,7,0.9988664469437677
Non-classical Monocytes|CD8 T Cells|TIMP2|CD44,Non-classical Monocytes,CD8 T Cells,TIMP2,CD44,0.05911288039801821,-0.1416459302895748,0.25987169108561126,56,0.5638678433173746,0.8426537244430118,11,0.4735930060943353,33,0.44341828410191453,5,0.474232351630127,7,0.384944749239688
NK Cells|NK Cells|VIM|CD44,NK Cells,NK Cells,VIM,CD44,-0.09241809187347816,-0.40538629446523844,0.22055011071828212,56,0.562745400460708,0.8426537244430118,11,0.1982935007194828,33,0.2281259387559188,5,0.43581211574893464,7,0.5580626456588488
B Cells|CD8 T Cells|HLA-B|CD8A,B Cells,CD8 T Cells,HLA-B,CD8A,-0.014175689264628755,-0.062245127246908394,0.033893748717650884,56,0.5632682588866131,0.8426537244430118,11,0.9631786947437327,33,0.9797822540493418,5,0.9494795002179259,7,0.9802587487881638
CD4 T Cells|CD4 T Cells|LGALS1|PTPRC,CD4 T Cells,CD4 T Cells,LGALS1,PTPRC,0.047211363377476445,-0.11388072136885025,0.20830344812380314,56,0.565691783992956,0.8426537244430118,11,0.40376725149401427,33,0.47760107338002633,5,0.5884488565424408,7,0.6150713150509765
CD4 T Cells|pDCs|S100A9|ITGB2,CD4 T Cells,pDCs,S100A9,ITGB2,-0.08303952557314272,-0.36590797755847354,0.19982892641218813,42,0.5650399936768964,0.8426537244430118,9,0.2484577123036842,22,0.27201286017093135,5,0.07055664176044392,6,0.1771513152008338
pDCs|NK Cells|LRPAP1|SORL1,pDCs,NK Cells,LRPAP1,SORL1,-0.04264017802201654,-0.18849701567613392,0.10321665963210082,43,0.5666574820002637,0.8433118121405573,9,0.18842317937150332,22,0.16228106681926738,5,0.0,7,0.016498065469780592
Non-classical Monocytes|CD4 T Cells|CD14|ITGB1,Non-classical Monocytes,CD4 T Cells,CD14,ITGB1,0.07735063278727616,-0.18785973023373037,0.3425609958082827,56,0.5675669061295456,0.8439170339122839,11,0.17848165771650965,33,0.3752898459004108,5,0.21701515571878138,7,0.3364727111154064
CD4 T Cells|Classical Monocytes|TIMP1|CD63,CD4 T Cells,Classical Monocytes,TIMP1,CD63,0.06376374405199026,-0.1549548187203759,0.2824823068243564,56,0.5677320766327196,0.8439170339122839,11,0.08513382742874179,33,0.19495465887275504,5,0.17902494235501104,7,0.22508202974703403
CD8 T Cells|NK Cells|MIF|TNFRSF14,CD8 T Cells,NK Cells,MIF,TNFRSF14,0.06606961599033179,-0.1612124838992181,0.2933517158798817,56,0.5688469995332202,0.8450772297592283,11,0.19803937412520078,33,0.2111920629608242,5,0.24667076709428173,7,0.19375383993957337
CD8 T Cells|pDCs|MIF|CD44_CD74,CD8 T Cells,pDCs,MIF,CD44_CD74,0.06531995280077085,-0.15964824280216214,0.29028814840370387,44,0.5693022901539675,0.845169818603755,10,0.13894400849216204,22,0.23642627878769415,5,0.24227679017429535,7,0.2744391076690566
CD8 T Cells|pDCs|PKM|CD44,CD8 T Cells,pDCs,PKM,CD44,0.08173910012118019,-0.20241945436419706,0.36589765460655743,44,0.5728971996787554,0.845169818603755,10,0.19820709571483225,22,0.22621934021771697,5,0.2279483278056471,7,0.17422147218735165
Classical Monocytes|Classical Monocytes|HLA-DPB1|CD4,Classical Monocytes,Classical Monocytes,HLA-DPB1,CD4,0.06555411737695854,-0.16275189422436903,0.2938601289782861,56,0.5735917051465926,0.845169818603755,11,0.2241740437190858,33,0.2907537950062196,5,0.17911294412065287,7,0.18013857803082814
CD8 T Cells|CD8 T Cells|CALM1|PTPRA,CD8 T Cells,CD8 T Cells,CALM1,PTPRA,-0.051014896811535426,-0.22753261205051153,0.12550281842744068,55,0.5710921461125724,0.845169818603755,11,0.37816673127582784,32,0.3844646740232912,5,0.30943199044982805,7,0.36674483000882685
Non-classical Monocytes|Non-classical Monocytes|HLA-C|LILRB2,Non-classical Monocytes,Non-classical Monocytes,HLA-C,LILRB2,-0.015751638052163397,-0.07044713433976255,0.03894385823543575,56,0.5724507751524799,0.845169818603755,11,0.96947921276536,33,0.9490709317479583,5,0.9421588053506313,7,0.9375021623853931
Classical Monocytes|Classical Monocytes|GRN|TNFRSF1B,Classical Monocytes,Classical Monocytes,GRN,TNFRSF1B,-0.02894503989774133,-0.12963976469744154,0.07174968490195889,56,0.5731637015690225,0.845169818603755,11,0.596778024536129,33,0.6283915058382189,5,0.5960704546849189,7,0.6566289758847501
NK Cells|NK Cells|SELPLG|SELL,NK Cells,NK Cells,SELPLG,SELL,0.07746568302930379,-0.19037675399070858,0.34530812004931616,56,0.5708073110901475,0.845169818603755,11,0.35683341333922086,33,0.257812779591467,5,0.325629687486623,7,0.14914337070956535
Non-classical Monocytes|Classical Monocytes|HMGB1|CXCR4,Non-classical Monocytes,Classical Monocytes,HMGB1,CXCR4,0.05890327512080229,-0.14474351149341955,0.26255006173502415,56,0.5707790064048899,0.845169818603755,11,0.5145729137129289,33,0.4643532885772759,5,0.5383709859398969,7,0.4292480856834416
pDCs|CD8 T Cells|MIF|TNFRSF14,pDCs,CD8 T Cells,MIF,TNFRSF14,0.06599470985369221,-0.16147683003951704,0.2934662497469015,44,0.5696069248617706,0.845169818603755,10,0.16094076623644815,22,0.22745033402335285,5,0.26117102897750843,7,0.2616858869107209
Non-classical Monocytes|NK Cells|PSEN1|CD44,Non-classical Monocytes,NK Cells,PSEN1,CD44,-0.09107061294805624,-0.4072898443651247,0.22514861846901224,56,0.5724367816916065,0.845169818603755,11,0.21697899479862578,33,0.1794061117447603,5,0.3002412762568983,7,0.35373900615108905
B Cells|pDCs|HLA-DPA1|CD4,B Cells,pDCs,HLA-DPA1,CD4,-0.02996094884329703,-0.13385367969643863,0.07393178200984457,43,0.5719232750040314,0.845169818603755,10,0.9129194023102467,21,0.8679165772354231,5,0.915121912824748,7,0.9000800365932214
NK Cells|CD8 T Cells|HLA-A|CD8A,NK Cells,CD8 T Cells,HLA-A,CD8A,0.009094557035623452,-0.02255951853740109,0.04074863260864799,56,0.573354007901784,0.845169818603755,11,0.9730100291515814,33,0.9866200518721119,5,0.9749241166722893,7,0.9794395823571963
Classical Monocytes|Non-classical Monocytes|TNFSF13B|TFRC,Classical Monocytes,Non-classical Monocytes,TNFSF13B,TFRC,-0.08526416926779784,-0.381889407461967,0.2113610689263713,44,0.5731716219064518,0.845169818603755,9,0.4129247426412082,23,0.3959258087591849,5,0.3815978625725386,7,0.44986309795831314
Classical Monocytes|pDCs|LGALS9|CD47,Classical Monocytes,pDCs,LGALS9,CD47,-0.04594277982467482,-0.20575512391069606,0.11386956426134642,44,0.5731288026071129,0.845169818603755,10,0.33239524407970394,22,0.22460176090638242,5,0.339413628374368,7,0.27756292502572133
Non-classical Monocytes|CD8 T Cells|HLA-DPB1|LAG3,Non-classical Monocytes,CD8 T Cells,HLA-DPB1,LAG3,0.07321281254081502,-0.18275646544186264,0.3291820905234927,55,0.5750753167012863,0.8462550566335015,11,0.43558180271397845,32,0.5832850911903589,5,0.586198596885012,7,0.6606890728205773
CD8 T Cells|pDCs|LGALS1|CD69,CD8 T Cells,pDCs,LGALS1,CD69,0.07273869150317708,-0.18196762155837887,0.327445004564733,44,0.5756677650783495,0.8462550566335015,10,0.3185430519059575,22,0.36274452970377075,5,0.22734947957105928,7,0.19881226586569545
Classical Monocytes|Non-classical Monocytes|LGALS1|PTPRC,Classical Monocytes,Non-classical Monocytes,LGALS1,PTPRC,-0.004532389144493609,-0.020395938745824838,0.01133116045683762,56,0.5754909735118963,0.8462550566335015,11,0.9888391491327325,33,0.9890352916105711,5,0.9844757165493838,7,0.989204248171716
NK Cells|B Cells|LGALS1|PTPRC,NK Cells,B Cells,LGALS1,PTPRC,0.07456521129487387,-0.18631753509498716,0.3354479576847349,56,0.5753466501040846,0.8462550566335015,11,0.4579884498543256,33,0.5740489475391699,5,0.5393197436326825,7,0.580815030022653
CD4 T Cells|Non-classical Monocytes|HMGB1|HAVCR2,CD4 T Cells,Non-classical Monocytes,HMGB1,HAVCR2,0.05824542604157201,-0.1459996949080383,0.26249054699118235,53,0.5762087863264136,0.846557908748167,11,0.4169656560732405,30,0.4321399365829884,5,0.3874900212981032,7,0.3444188757662791
B Cells|pDCs|IL16|CD4,B Cells,pDCs,IL16,CD4,-0.0711471273118374,-0.321032595159749,0.17873834053607426,43,0.5768178336276999,0.846960293769435,10,0.2816399687773252,21,0.2961851166451006,5,0.21268626388815512,7,0.2983785390677679
pDCs|Classical Monocytes|LGALS1|ITGB1,pDCs,Classical Monocytes,LGALS1,ITGB1,-0.04893770709109993,-0.22113131627632565,0.12325590209412579,44,0.577510355455142,0.847484708615066,10,0.2899233669284126,22,0.34898709367514225,5,0.2450250845457437,7,0.3530265183835733
B Cells|Classical Monocytes|CD47|SIRPA,B Cells,Classical Monocytes,CD47,SIRPA,-0.04177000020189887,-0.18940636494171595,0.10586636453791823,55,0.5792212654207178,0.8480255722584902,10,0.025513458004671273,33,0.07429663080906657,5,0.0,7,0.09055317300629416
pDCs|Non-classical Monocytes|LGALS9|HAVCR2,pDCs,Non-classical Monocytes,LGALS9,HAVCR2,-0.08281576460110548,-0.3750323310860586,0.20940080188384766,41,0.5785770159457997,0.8480255722584902,10,0.2370673189566772,19,0.2583169654821542,5,0.030318315157110788,7,0.13438372628369327
Classical Monocytes|B Cells|SIRPA|CD47,Classical Monocytes,B Cells,SIRPA,CD47,-0.04177000020189887,-0.18940636494171595,0.10586636453791823,55,0.5792212654207178,0.8480255722584902,10,0.025513458004671273,33,0.07429663080906657,5,0.0,7,0.09055317300629416
CD4 T Cells|Non-classical Monocytes|HLA-F|LILRB2,CD4 T Cells,Non-classical Monocytes,HLA-F,LILRB2,-0.05333048089245736,-0.2415854980542021,0.13492453626928735,56,0.5787337598691449,0.8480255722584902,11,0.06710356739093894,33,0.1783738010344572,5,0.08703111385252309,7,0.25163182838849874
CD4 T Cells|Non-classical Monocytes|S100A9|CD36,CD4 T Cells,Non-classical Monocytes,S100A9,CD36,-0.06536340408975513,-0.2967414447919856,0.16601463661247534,53,0.5797963139269005,0.8483759613742197,10,0.18078256926184114,32,0.3427297577236227,5,0.051357210995429114,6,0.2786678035469658
Classical Monocytes|CD8 T Cells|LGALS1|PTPRC,Classical Monocytes,CD8 T Cells,LGALS1,PTPRC,-0.00381945290191954,-0.017394633472408806,0.009755727668569724,56,0.5813274140147866,0.8488225835842039,11,0.9879496359013896,33,0.9909097144250688,5,0.9859387661269828,7,0.9927182975525816
B Cells|Non-classical Monocytes|ICAM3|ITGAL,B Cells,Non-classical Monocytes,ICAM3,ITGAL,-0.053965909535518886,-0.24617410823265906,0.1382422891616213,56,0.582116951860477,0.8488225835842039,11,0.3382936203967934,33,0.27818649405341966,5,0.39345106926308926,7,0.3873098524552344
CD4 T Cells|pDCs|MIF|CD74_CXCR4,CD4 T Cells,pDCs,MIF,CD74_CXCR4,0.05791132339075644,-0.1482391301269368,0.2640617769084497,44,0.5819156637315805,0.8488225835842039,10,0.7741418975831796,22,0.8421560397168558,5,0.6243749767841767,7,0.6344777955270965
Non-classical Monocytes|Non-classical Monocytes|ADAM10|NOTCH2,Non-classical Monocytes,Non-classical Monocytes,ADAM10,NOTCH2,-0.011846731233685851,-0.05386269342348539,0.030169230956113683,56,0.5805186636088981,0.8488225835842039,11,0.0,33,0.00717929294805516,5,0.0,7,0.01902602418174101
NK Cells|CD8 T Cells|ARF6|SMAP1,NK Cells,CD8 T Cells,ARF6,SMAP1,0.05119210549253023,-0.13094667112080072,0.23333088210586117,41,0.5817231886040715,0.8488225835842039,9,0.4625893219756374,21,0.46463526549061984,5,0.5203004340943796,6,0.47115427211683186
B Cells|NK Cells|HMGB1|CXCR4,B Cells,NK Cells,HMGB1,CXCR4,-0.029507064131756744,-0.13453413844101975,0.07552001017750627,56,0.5818760775104059,0.8488225835842039,11,0.7691300680835279,33,0.7721212076278894,5,0.9079827258302859,7,0.9404809295064042
Non-classical Monocytes|CD8 T Cells|HLA-C|CD8A,Non-classical Monocytes,CD8 T Cells,HLA-C,CD8A,0.01504830364852594,-0.038770565769919385,0.06886717306697127,56,0.5836741338864584,0.8496224287621431,11,0.9494581427222513,33,0.9627583615971465,5,0.9377845427101438,7,0.936036457936513
CD4 T Cells|pDCs|TGFB1|CXCR4,CD4 T Cells,pDCs,TGFB1,CXCR4,-0.07650185973650886,-0.349839047349127,0.1968353278761093,43,0.5833098480898322,0.8496224287621431,10,0.5853288854862878,22,0.578408261528187,5,0.44195474924623585,6,0.5115359850246439
CD8 T Cells|pDCs|GNAI2|ADCY7,CD8 T Cells,pDCs,GNAI2,ADCY7,0.10821864728422928,-0.27862668409778457,0.4950639786662432,34,0.5834906197885432,0.8496224287621431,6,0.0051211506450487,17,0.056840177492669786,5,0.16675940360099248,6,0.11025978316438428
NK Cells|NK Cells|LGALS1|PTPRC,NK Cells,NK Cells,LGALS1,PTPRC,0.03872278508798832,-0.10069425147307334,0.17813982164904998,56,0.5861828788453632,0.8499480538579722,11,0.7006670854263982,33,0.7664395724660977,5,0.7795832611210514,7,0.8066329630727626
pDCs|pDCs|HLA-DQB1|CD4,pDCs,pDCs,HLA-DQB1,CD4,-0.10584152743159958,-0.487989903933109,0.2763068490699098,43,0.5872396867403326,0.8499480538579722,10,0.5376091443747983,21,0.4902653057977685,5,0.33036199142959993,7,0.3888596802841697
Classical Monocytes|pDCs|ICAM1|IL2RG,Classical Monocytes,pDCs,ICAM1,IL2RG,-0.08742889143200763,-0.40269623640252106,0.22783845353850582,37,0.5867644643210527,0.8499480538579722,9,0.2066128437569063,16,0.32411900681793226,5,0.14169087187103838,7,0.34662592636407197
NK Cells|CD4 T Cells|TIMP1|CD63,NK Cells,CD4 T Cells,TIMP1,CD63,-0.0202964350776664,-0.09352624632826852,0.05293337617293571,54,0.5869747306739974,0.8499480538579722,11,0.005421284588114528,32,0.019035875141728095,5,0.0007291743965509134,6,0.03464020002783088
Non-classical Monocytes|Classical Monocytes|TIMP2|CD44,Non-classical Monocytes,Classical Monocytes,TIMP2,CD44,-0.05390720154470108,-0.247562104767356,0.13974770167795383,56,0.5853478179645701,0.8499480538579722,11,0.38168907218315445,33,0.3705826367881206,5,0.34155965932697036,7,0.38436042547663757
Non-classical Monocytes|B Cells|ADAM17|RHBDF2,Non-classical Monocytes,B Cells,ADAM17,RHBDF2,0.04549246872649657,-0.11876136335571671,0.20974630080870985,56,0.5872397599974899,0.8499480538579722,11,0.011897167665651439,33,0.03275099414811163,5,0.06455564645299432,7,0.03991700420895794
NK Cells|pDCs|LGALS1|PTPRC,NK Cells,pDCs,LGALS1,PTPRC,0.10235069247155099,-0.26683497534035416,0.47153636028345614,44,0.5868764665295978,0.8499480538579722,10,0.3752180016172856,22,0.49978238365131317,5,0.4145082261675711,7,0.4367219157300477
CD8 T Cells|B Cells|LGALS1|ITGB1,CD8 T Cells,B Cells,LGALS1,ITGB1,-0.08140295420718946,-0.3753311152492191,0.21252520683484016,45,0.5872612987875028,0.8499480538579722,8,0.3259471355741791,25,0.4144249699345768,5,0.06635116341175565,7,0.2362319519793428
pDCs|CD4 T Cells|TGFB1|CXCR4,pDCs,CD4 T Cells,TGFB1,CXCR4,-0.09075994033536927,-0.4177762188770594,0.23625633820632086,42,0.5864638654564688,0.8499480538579722,10,0.7637485037574283,22,0.7344153356645687,5,0.6974690772628709,5,0.7588958495053806
Non-classical Monocytes|pDCs|TGFB1|ITGB1,Non-classical Monocytes,pDCs,TGFB1,ITGB1,0.07378360135932288,-0.19188688629064438,0.33945408900929014,44,0.5862123738551557,0.8499480538579722,10,0.3097625582008792,22,0.29911005481360114,5,0.3290312859960561,7,0.24459518124945512
Classical Monocytes|pDCs|VCAN|ITGA4,Classical Monocytes,pDCs,VCAN,ITGA4,0.07251106071058044,-0.19011890123330522,0.3351410226544661,37,0.58841242822176,0.8511266205588938,7,0.38486739364932987,18,0.42733915258641203,5,0.4130202307876319,7,0.3829809290141336
B Cells|CD8 T Cells|HLA-DQA1|LAG3,B Cells,CD8 T Cells,HLA-DQA1,LAG3,0.06849012824888856,-0.17994037372868935,0.31692063022646644,55,0.5889591160957586,0.8511326538643077,11,0.3713767186898572,32,0.560422660760846,5,0.41042222237767634,7,0.5309780361997766
Non-classical Monocytes|pDCs|HLA-DQB1|CD4,Non-classical Monocytes,pDCs,HLA-DQB1,CD4,0.07574120551474894,-0.20033483676261205,0.35181724779210993,43,0.5907743074309441,0.8511326538643077,10,0.4373268019463799,21,0.33157012737677416,5,0.6140021616366134,7,0.4325042815522587
CD4 T Cells|CD8 T Cells|LGALS3|LAG3,CD4 T Cells,CD8 T Cells,LGALS3,LAG3,0.07479783589141932,-0.19768625159202058,0.3472819233748592,43,0.5905653294852438,0.8511326538643077,7,0.02815234573711895,24,0.10292491801311071,5,0.12282584605259454,7,0.12280058243716699
Classical Monocytes|CD4 T Cells|LGALS9|CD44,Classical Monocytes,CD4 T Cells,LGALS9,CD44,-0.04829575545057857,-0.22419145780954886,0.12759994690839171,56,0.5904747945922125,0.8511326538643077,11,0.24169159217059555,33,0.3512854498320349,5,0.21455934669367166,7,0.3724489598056896
CD8 T Cells|Classical Monocytes|SELPLG|ITGAM,CD8 T Cells,Classical Monocytes,SELPLG,ITGAM,-0.03892581466674959,-0.18066879519368745,0.10281716586018826,56,0.5904042921284762,0.8511326538643077,11,0.08458474787349413,33,0.16489355596911812,5,0.0,7,0.11923462276237358
CD4 T Cells|pDCs|TGFB1|ITGB1,CD4 T Cells,pDCs,TGFB1,ITGB1,-0.06905193402852661,-0.3204698547359842,0.182365986678931,43,0.590367104161458,0.8511326538643077,10,0.10397082848270381,22,0.07927413842996822,5,0.19245056656989545,6,0.2368058105456865
CD8 T Cells|CD8 T Cells|HLA-C|CD8A,CD8 T Cells,CD8 T Cells,HLA-C,CD8A,0.008573108627033532,-0.022535625725750165,0.03968184297981723,56,0.5891024294996269,0.8511326538643077,11,0.9780865607361074,33,0.9865028617544914,5,0.9729129173327644,7,0.9727561097241149
Classical Monocytes|Classical Monocytes|SELPLG|ITGB2,Classical Monocytes,Classical Monocytes,SELPLG,ITGB2,0.07248028824273778,-0.19222144864018048,0.33718202512565604,56,0.5914922584717619,0.8516814456741552,11,0.38049446635273515,33,0.3166107481824929,5,0.40790123977873555,7,0.2715372333657555
Classical Monocytes|CD8 T Cells|CD14|ITGB1,Classical Monocytes,CD8 T Cells,CD14,ITGB1,-0.06401796678937027,-0.29840024551707234,0.17036431193833182,56,0.5924186055705178,0.8517997841957046,11,0.5588374918045352,33,0.5646901145046812,5,0.3965390816631994,7,0.46640967115271564
Non-classical Monocytes|Non-classical Monocytes|LGALS9|CD47,Non-classical Monocytes,Non-classical Monocytes,LGALS9,CD47,-0.0658293919373027,-0.30695249316922024,0.17529370929461485,56,0.5925856828714082,0.8517997841957046,11,0.1779783453778723,33,0.23540822211773596,5,0.12728268031055007,7,0.2505419489877164
pDCs|CD4 T Cells|HLA-DRB5|CD4,pDCs,CD4 T Cells,HLA-DRB5,CD4,0.08972531747081441,-0.23884839259664475,0.4182990275382736,39,0.5924994853275819,0.8517997841957046,9,0.31361659315399026,19,0.31134691309277174,5,0.43121543989235117,6,0.33922044236031823
Classical Monocytes|B Cells|HBEGF|CD82,Classical Monocytes,B Cells,HBEGF,CD82,-0.045493619419369476,-0.2127192320593494,0.12173199322061046,48,0.5938903446591643,0.8527050573600615,10,0.0,26,0.07057995404370843,5,0.0012948611808376365,7,0.11736843464391554
B Cells|CD4 T Cells|ARF6|SMAP1,B Cells,CD4 T Cells,ARF6,SMAP1,0.04267964276433084,-0.11415042544472576,0.19950971097338743,55,0.5937681722154623,0.8527050573600615,11,0.40917988991560283,32,0.3680918174604432,5,0.5037089786152842,7,0.41994126339579374
CD4 T Cells|Non-classical Monocytes|SELPLG|SELL,CD4 T Cells,Non-classical Monocytes,SELPLG,SELL,0.046849419706458895,-0.12581890172362353,0.21951774113654132,56,0.5948718961454054,0.8536293478474954,11,0.09594900343685646,33,0.2147863132500207,5,0.01211731553456179,7,0.08410520564126714
CD8 T Cells|B Cells|LGALS1|PTPRC,CD8 T Cells,B Cells,LGALS1,PTPRC,0.07142713072309315,-0.1931314071544315,0.3359856686006178,56,0.596692344105644,0.8547895934810784,11,0.309173978976009,33,0.45969572687586313,5,0.2308376015895542,7,0.30993221876631516
pDCs|CD8 T Cells|MIF|CD44_CD74,pDCs,CD8 T Cells,MIF,CD44_CD74,-0.0894247906067866,-0.4206473602327708,0.24179777901919758,44,0.5966952286903927,0.8547895934810784,10,0.31916793433589924,22,0.38145578655135903,5,0.32650713379985374,7,0.47821977662210013
Non-classical Monocytes|CD4 T Cells|LGALS1|CD69,Non-classical Monocytes,CD4 T Cells,LGALS1,CD69,0.0018406179001959622,-0.004974469494888725,0.00865570529528065,56,0.5965648867757363,0.8547895934810784,11,0.9897564505040323,33,0.9938238765523598,5,0.9953544231552787,7,0.9975812313034103
CD8 T Cells|Classical Monocytes|TNF|TNFRSF1A,CD8 T Cells,Classical Monocytes,TNF,TNFRSF1A,0.02911100046527449,-0.07894117235683193,0.13716317328738092,43,0.5974674424409254,0.8554108935117385,7,0.05052289878374451,24,0.0765284046271195,5,0.017235490841286304,7,0.014129996219386804
Non-classical Monocytes|NK Cells|LGALS1|PTPRC,Non-classical Monocytes,NK Cells,LGALS1,PTPRC,-0.006413613608084789,-0.030255735523138143,0.017428508306968564,56,0.5980289345044909,0.855729964605237,11,0.9716736905930344,33,0.9790222247416107,5,0.9749777970922955,7,0.9887399448489566
Classical Monocytes|Non-classical Monocytes|HLA-DPA1|CD4,Classical Monocytes,Non-classical Monocytes,HLA-DPA1,CD4,0.048582468008065094,-0.13238758506946036,0.22955252108559054,56,0.5987744158508352,0.8563117990124848,11,0.18660198553271432,33,0.20326063880887862,5,0.16369933372221573,7,0.13177551899031495
CD4 T Cells|CD4 T Cells|TGFB1|CXCR4,CD4 T Cells,CD4 T Cells,TGFB1,CXCR4,-0.09246745932100531,-0.4374222944840438,0.2524873758420332,55,0.5993180088893537,0.8566044165516951,11,0.7097055982399962,33,0.6107771642284032,5,0.6899878907784246,6,0.6835269160878369
Non-classical Monocytes|Classical Monocytes|APP|LRP1,Non-classical Monocytes,Classical Monocytes,APP,LRP1,0.09313471800426423,-0.25517756480611364,0.44144700081464205,49,0.600228505845734,0.8574208220871508,6,0.1551051074988752,31,0.2185087831391248,5,0.1760447567122098,7,0.14631371434819515
Non-classical Monocytes|B Cells|TNFSF13B|HLA-DPB1,Non-classical Monocytes,B Cells,TNFSF13B,HLA-DPB1,0.008945662584028069,-0.024627076136341797,0.042518401304397935,56,0.6015001405955978,0.8587518956412855,11,0.9349398750468164,33,0.9530437401416076,5,0.9508074099800197,7,0.9599656124907828
NK Cells|pDCs|SPON2|ITGB2,NK Cells,pDCs,SPON2,ITGB2,-0.07027650730547633,-0.3366595881284733,0.19610657351752067,44,0.6051053984449588,0.8598525579586207,10,0.6162751974721734,22,0.5421934414876551,5,0.24516027642718016,7,0.2413550277481382
Non-classical Monocytes|pDCs|CALM1|PTPRA,Non-classical Monocytes,pDCs,CALM1,PTPRA,0.06625686504836775,-0.1852249337818085,0.317738663878544,42,0.605586538254979,0.8598525579586207,10,0.40655684108717755,20,0.40702509289414374,5,0.3975889257323305,7,0.33180031249092895
B Cells|NK Cells|CALM1|PTPRA,B Cells,NK Cells,CALM1,PTPRA,0.05816788696451075,-0.1615803367099809,0.2779161106390024,56,0.6038951873846398,0.8598525579586207,11,0.2877992581198258,33,0.3183147227588818,5,0.3625661669546316,7,0.33491374462917683
CD4 T Cells|Classical Monocytes|TGFB1|CXCR4,CD4 T Cells,Classical Monocytes,TGFB1,CXCR4,0.06277484008982293,-0.1759989679674167,0.30154864814706256,55,0.6063542771200088,0.8598525579586207,11,0.10852359173985456,33,0.2398815708734707,5,0.18713852697094285,6,0.25572166601473606
pDCs|Classical Monocytes|MIF|TNFRSF14,pDCs,Classical Monocytes,MIF,TNFRSF14,0.08620813189706886,-0.24012364972083042,0.4125399135149681,44,0.6046186939296126,0.8598525579586207,10,0.352074949423853,22,0.365901108072028,5,0.2953571824035528,7,0.222975209154659
pDCs|Classical Monocytes|SELPLG|ITGB2,pDCs,Classical Monocytes,SELPLG,ITGB2,-0.07886048963315034,-0.37620919433395555,0.21848821506765487,44,0.6031986125442558,0.8598525579586207,10,0.31494997320239126,22,0.4240999160432482,5,0.291554479607808,7,0.4795649120818153
CD4 T Cells|CD8 T Cells|MIF|CD44_CD74,CD4 T Cells,CD8 T Cells,MIF,CD44_CD74,0.08381036114879575,-0.2345996069503991,0.4022203292479906,56,0.6059295476250298,0.8598525579586207,11,0.3544428003187688,33,0.45593713973857986,5,0.38146899114809,7,0.39915296941910533
CD4 T Cells|pDCs|MIF|CD44_CD74,CD4 T Cells,pDCs,MIF,CD44_CD74,-0.05795321402873527,-0.27789308524155976,0.16198665718408922,44,0.6055456576980993,0.8598525579586207,10,0.2787587424008136,22,0.31308523874197874,5,0.19866779562962517,7,0.29094750599952557
CD4 T Cells|B Cells|S100A9|ITGB2,CD4 T Cells,B Cells,S100A9,ITGB2,0.060668107024314924,-0.16789012150191523,0.2892263355505451,53,0.6028896865807598,0.8598525579586207,10,0.12019150904465996,32,0.31735926852260155,5,0.016518200753975965,6,0.1530178532076026
pDCs|pDCs|APP|LRP10,pDCs,pDCs,APP,LRP10,-0.05285998017135762,-0.25266648478441656,0.14694652444170128,43,0.604095549433691,0.8598525579586207,10,0.36496758602621365,21,0.2813503577355262,5,0.3658236079505387,7,0.33506635983120886
Non-classical Monocytes|CD8 T Cells|LGALS9|CD47,Non-classical Monocytes,CD8 T Cells,LGALS9,CD47,0.060720080348735245,-0.17013661132958466,0.2915767720270551,56,0.6061959648098642,0.8598525579586207,11,0.08709523961003468,33,0.18395841346534747,5,0.2140647523522067,7,0.25020784585878425
pDCs|B Cells|S100A9|ITGB2,pDCs,B Cells,S100A9,ITGB2,-0.06584249678933234,-0.31522959896037606,0.18354460538171136,40,0.6048320835235883,0.8598525579586207,6,0.22692411319905728,22,0.306792149251296,5,0.02328851637231517,7,0.16899904921388623
CD8 T Cells|Classical Monocytes|LRPAP1|SORL1,CD8 T Cells,Classical Monocytes,LRPAP1,SORL1,-0.014938353001608465,-0.07187431071764136,0.04199760471442442,54,0.6070855926375857,0.8599244913650107,11,0.02937507629491715,31,0.026595184805504227,5,0.0,7,0.012158461512195542
pDCs|pDCs|HLA-DPA1|CD4,pDCs,pDCs,HLA-DPA1,CD4,-0.03981664431307741,-0.19148632962951995,0.11185304100336513,43,0.6068787924831451,0.8599244913650107,10,0.8557173263759278,21,0.7776969013944532,5,0.8053501359699332,7,0.7671463553015361
pDCs|Non-classical Monocytes|S100A8|CD36,pDCs,Non-classical Monocytes,S100A8,CD36,0.08596600302769383,-0.24251804508434863,0.4144500511397363,42,0.6079982704577516,0.8607348064127385,9,0.11021304336671885,22,0.3388878535912728,5,0.17275849369863364,6,0.3154673008954938
pDCs|CD4 T Cells|MIF|CD44_CD74,pDCs,CD4 T Cells,MIF,CD44_CD74,-0.0976768434804191,-0.4731091684214238,0.2777554814605856,44,0.610102575157826,0.8627471781890466,10,0.5346584490235957,22,0.525239911954512,5,0.35936208325741903,7,0.44762038966875445
CD4 T Cells|CD8 T Cells|HLA-C|CD8A,CD4 T Cells,CD8 T Cells,HLA-C,CD8A,0.011343228964461938,-0.03224390519236398,0.05493036312128786,56,0.6100051425907485,0.8627471781890466,11,0.9569729966943346,33,0.9697373940512495,5,0.9542603985340502,7,0.9556815669265032
CD4 T Cells|Non-classical Monocytes|LGALS1|ITGB1,CD4 T Cells,Non-classical Monocytes,LGALS1,ITGB1,-0.05457550671246482,-0.2658663384013988,0.15671532497646912,56,0.6126810122270764,0.8651029610902784,11,0.3244231362117565,33,0.33565792808719674,5,0.1093028080812432,7,0.17511310666914826
pDCs|pDCs|LGALS9|CD47,pDCs,pDCs,LGALS9,CD47,-0.07118649602502519,-0.3479131445993367,0.20554015254928631,43,0.6141274620552025,0.8651029610902784,10,0.16642306025164835,21,0.25475916018621675,5,0.23023636087956084,7,0.38975895683915446
Non-classical Monocytes|pDCs|MIF|CD74_CXCR4,Non-classical Monocytes,pDCs,MIF,CD74_CXCR4,0.06865441349907264,-0.19927268086242222,0.3365815078605675,44,0.6155079653304061,0.8651029610902784,10,0.6640727708143265,22,0.717755039708678,5,0.5203803237031529,7,0.5054081790984318
CD8 T Cells|B Cells|HMGB1|CXCR4,CD8 T Cells,B Cells,HMGB1,CXCR4,-0.008406058700551333,-0.041170250252441434,0.024358132851338768,56,0.6150676213401551,0.8651029610902784,11,0.9804513834744397,33,0.9620315018883678,5,0.9807305676428895,7,0.9707167447573689
NK Cells|pDCs|HMGB1|CXCR4,NK Cells,pDCs,HMGB1,CXCR4,0.023068584786650193,-0.0667223976764366,0.11285956724973699,44,0.6145827544190589,0.8651029610902784,10,0.9055374316203549,22,0.9318764795618378,5,0.8667903797657367,7,0.8700608429205694
pDCs|Non-classical Monocytes|SELPLG|SELL,pDCs,Non-classical Monocytes,SELPLG,SELL,-0.06390985013803469,-0.3132937573471809,0.18547405707111156,44,0.6154692907419905,0.8651029610902784,10,0.2272216070571092,22,0.24940206991592798,5,0.29824316293696135,7,0.38433347593381484
pDCs|pDCs|HLA-DMA|CD4,pDCs,pDCs,HLA-DMA,CD4,-0.06579926200385222,-0.32260312276221415,0.1910045987545097,43,0.6155342793986232,0.8651029610902784,10,0.6603323013599316,21,0.45594134922972046,5,0.518686443514437,7,0.38009475338807813
Non-classical Monocytes|CD8 T Cells|HMGB1|CXCR4,Non-classical Monocytes,CD8 T Cells,HMGB1,CXCR4,-0.017004052925241653,-0.0831682447759811,0.049160138925497796,56,0.6144676631538637,0.8651029610902784,11,0.8879786398677482,33,0.8590468033266045,5,0.9789623282182112,7,0.9670345446023092
Classical Monocytes|CD8 T Cells|HLA-A|CD8A,Classical Monocytes,CD8 T Cells,HLA-A,CD8A,0.023141058094693356,-0.06669416639862753,0.11297628258801425,56,0.6136459972647139,0.8651029610902784,11,0.8785126599335725,33,0.9279190144551918,5,0.8673972075847463,7,0.8936625040116721
B Cells|CD8 T Cells|GRN|TNFRSF1B,B Cells,CD8 T Cells,GRN,TNFRSF1B,0.05179446093645383,-0.15032128028355213,0.25391020215645976,54,0.615482464431925,0.8651029610902784,10,0.00425702315058808,32,0.06663909717697586,5,0.08559359366696306,7,0.09618120675689701
Classical Monocytes|pDCs|ADAM17|ITGB1,Classical Monocytes,pDCs,ADAM17,ITGB1,0.040294243840258155,-0.1161786542685819,0.1967671419490982,44,0.6137543194555228,0.8651029610902784,10,0.021532748130391032,22,0.0939713468483146,5,0.058846981912440775,7,0.09099133679010618
pDCs|pDCs|LGALS9|PTPRC,pDCs,pDCs,LGALS9,PTPRC,-0.06064449179742698,-0.2979110206989338,0.1766220371040799,43,0.6163993352455501,0.8654049566388547,10,0.39959059228877186,21,0.23355917638500068,5,0.39589589523997104,7,0.29050897113362684
CD4 T Cells|Classical Monocytes|HLA-DPB1|CD4,CD4 T Cells,Classical Monocytes,HLA-DPB1,CD4,0.06329362996250112,-0.18436183741858225,0.3109490973435845,56,0.6164340807083255,0.8654049566388547,11,0.12669912065365452,33,0.14663496233058648,5,0.17067860344167612,7,0.12732081515610696
Classical Monocytes|pDCs|ADAM10|CD44,Classical Monocytes,pDCs,ADAM10,CD44,-0.06879441852424648,-0.3388467445205945,0.2012579074721015,44,0.6175746899441499,0.8658045822625524,10,0.2827791426329588,22,0.2864987191743782,5,0.204093114274042,7,0.2766071093397079
NK Cells|Classical Monocytes|HLA-DRA|CD4,NK Cells,Classical Monocytes,HLA-DRA,CD4,-0.07729052935285272,-0.38140464225343984,0.22682358354773444,55,0.6183963778208392,0.8658045822625524,11,0.17664652010681478,33,0.20497853387767298,5,0.17324691856799837,6,0.2788694616917093
Classical Monocytes|B Cells|VCAN|ITGB1,Classical Monocytes,B Cells,VCAN,ITGB1,0.06613233960989734,-0.19342756475108086,0.32569224397087554,45,0.6175171908728376,0.8658045822625524,8,0.3167100810266982,25,0.4680869404132499,5,0.44808612914072066,7,0.533330648917375
Non-classical Monocytes|Non-classical Monocytes|HLA-DQA1|CD4,Non-classical Monocytes,Non-classical Monocytes,HLA-DQA1,CD4,0.07834299398078465,-0.22994338258142394,0.38662937054299323,55,0.6184318444732517,0.8658045822625524,11,0.1877575093685923,32,0.19559121476879937,5,0.3960729614274773,7,0.3255636728468997
Non-classical Monocytes|Classical Monocytes|S100A9|CD68,Non-classical Monocytes,Classical Monocytes,S100A9,CD68,-0.038287166121962035,-0.18886873259666664,0.11229440035274257,56,0.6182413825101369,0.8658045822625524,11,0.9022588352809936,33,0.9779087243947855,5,0.8153214977644119,7,0.9292585530001658
Non-classical Monocytes|Non-classical Monocytes|GNAI2|FPR1,Non-classical Monocytes,Non-classical Monocytes,GNAI2,FPR1,0.06621810886942675,-0.19479274920792583,0.32722896694677933,55,0.6190196295678673,0.8661476212170547,10,0.26760526247569477,33,0.23729735004207195,5,0.2866385947643604,7,0.1901125734613108
Classical Monocytes|CD8 T Cells|ADAM15|ITGB1,Classical Monocytes,CD8 T Cells,ADAM15,ITGB1,-0.04525723449476683,-0.22402790944285417,0.13351344045332053,53,0.6197669620017833,0.866234022665103,10,0.19523792442775773,31,0.2065880930158575,5,0.0,7,0.05660740308286662
NK Cells|Classical Monocytes|TIMP1|CD63,NK Cells,Classical Monocytes,TIMP1,CD63,-0.06875634558516436,-0.34026929518408167,0.20275660401375295,54,0.6196617626119203,0.866234022665103,11,0.3651141680592654,32,0.40722343239075165,5,0.27510049591536595,6,0.38596610583201657
Non-classical Monocytes|Non-classical Monocytes|HLA-DRB5|CD4,Non-classical Monocytes,Non-classical Monocytes,HLA-DRB5,CD4,0.14546808595377747,-0.4302704013475682,0.7212065732551232,50,0.6204509692900442,0.8667106685439147,9,0.33249647235518537,29,0.42777006227756453,5,0.4690011300050966,7,0.4188066339736983
Classical Monocytes|NK Cells|COPA|CD74,Classical Monocytes,NK Cells,COPA,CD74,0.03608324718170158,-0.1069723218466489,0.17913881621005207,56,0.621047447535827,0.8670645855928368,11,0.25499890303573947,33,0.3552049059077175,5,0.35087834630177833,7,0.4150011019920548
Non-classical Monocytes|NK Cells|SELPLG|SELL,Non-classical Monocytes,NK Cells,SELPLG,SELL,0.07157769423014612,-0.21316348067549937,0.3563188691357916,56,0.6222302216204749,0.8671950592729258,11,0.27057053602853154,33,0.259947244210442,5,0.2509979011920197,7,0.16879691514378406
Non-classical Monocytes|CD8 T Cells|APP|LRP10,Non-classical Monocytes,CD8 T Cells,APP,LRP10,0.06066064046956654,-0.1806002798662781,0.3019215608054112,49,0.622155993076885,0.8671950592729258,6,0.05031315964745401,31,0.14597273458779061,5,0.12261495852623042,7,0.1576138929970005
B Cells|pDCs|LGALS1|PTPRC,B Cells,pDCs,LGALS1,PTPRC,0.059657986410763975,-0.178192253887828,0.29750822670935595,42,0.6230011724656632,0.8671950592729258,9,0.35877593505096333,22,0.23119509251788053,5,0.4005624911969267,6,0.21332366225307994
Classical Monocytes|CD4 T Cells|CALM1|PTPRA,Classical Monocytes,CD4 T Cells,CALM1,PTPRA,-0.06430432263791197,-0.32105432201436346,0.19244567673853952,55,0.623509348874379,0.8671950592729258,11,0.4075240611531272,32,0.40382096104881543,5,0.29735871347202536,7,0.35795993600562553
Non-classical Monocytes|NK Cells|APP|LRP10,Non-classical Monocytes,NK Cells,APP,LRP10,0.02237398079187047,-0.06696803900113804,0.11171600058487899,49,0.6235431035611025,0.8671950592729258,6,0.0,31,0.03260753728925482,5,0.021683975274355883,7,0.03191753177174023
CD4 T Cells|Classical Monocytes|HMGB1|TLR2,CD4 T Cells,Classical Monocytes,HMGB1,TLR2,0.03955829232687086,-0.1181827307965724,0.19729931545031412,56,0.6230588868659621,0.8671950592729258,11,0.28378121115596583,33,0.365454950462991,5,0.29092052806118474,7,0.333035975041339
NK Cells|pDCs|HLA-DPA1|CD4,NK Cells,pDCs,HLA-DPA1,CD4,0.06786867072844724,-0.20200349488505145,0.33774083634194596,43,0.62208282868603,0.8671950592729258,10,0.2561742307412812,21,0.22844385830919722,5,0.2859036524329612,7,0.19030460927242995
CD4 T Cells|NK Cells|PKM|CD44,CD4 T Cells,NK Cells,PKM,CD44,-0.05759762720299513,-0.2897932063178785,0.17459795191188826,56,0.6268382426275229,0.8706409039629366,11,0.10130884535727908,33,0.15703004456826616,5,0.16789704554487517,7,0.2812158719588574
B Cells|Non-classical Monocytes|GNAI2|FPR1,B Cells,Non-classical Monocytes,GNAI2,FPR1,-0.04325993552828891,-0.21753999209489938,0.13102012103832156,53,0.6266099880760708,0.8706409039629366,10,0.04824146878243378,31,0.18531856284107515,5,0.0,7,0.1803370295869303
Classical Monocytes|NK Cells|CD14|ITGB2,Classical Monocytes,NK Cells,CD14,ITGB2,-0.025050855314631804,-0.1261674327902222,0.0760657221609586,56,0.6272748925771691,0.8706409039629366,11,0.9346921916438046,33,0.9201120025399143,5,0.8822012591672455,7,0.892671925377987
pDCs|pDCs|MIF|CD74_CXCR4,pDCs,pDCs,MIF,CD74_CXCR4,0.0647255234127091,-0.19689189381490046,0.32634294064031866,44,0.6277434614248003,0.8706409039629366,10,0.7614393621357033,22,0.820278857086073,5,0.5829615274393278,7,0.5770754989769884
Non-classical Monocytes|CD4 T Cells|SECTM1|CD7,Non-classical Monocytes,CD4 T Cells,SECTM1,CD7,0.0711109696685644,-0.21616895082782867,0.35839089016495745,56,0.6275672652111316,0.8706409039629366,11,0.32866772154781876,33,0.3715887479368839,5,0.3258826032401082,7,0.29769265996060895
Non-classical Monocytes|Non-classical Monocytes|S100A8|CD69,Non-classical Monocytes,Non-classical Monocytes,S100A8,CD69,-0.08338015857610798,-0.4220225905680736,0.25526227341585767,56,0.629393892516865,0.8724511060834436,11,0.42371787591892907,33,0.7410133818560061,5,0.2900101375247888,7,0.6906858020379738
Classical Monocytes|CD8 T Cells|PKM|CD44,Classical Monocytes,CD8 T Cells,PKM,CD44,0.04066783794929035,-0.12484029919117587,0.20617597508975657,56,0.6300953684836182,0.8724662992647141,11,0.34994305363511985,33,0.3912194740633679,5,0.44744012952264994,7,0.4480487120016076
CD8 T Cells|CD4 T Cells|HLA-DPA1|CD4,CD8 T Cells,CD4 T Cells,HLA-DPA1,CD4,-0.07363994895728895,-0.3732597764586729,0.225979878544095,56,0.6300077487954636,0.8724662992647141,11,0.2708246160512227,33,0.3884080074053949,5,0.14737319990346046,7,0.3385965402149216
B Cells|pDCs|HMGB1|CXCR4,B Cells,pDCs,HMGB1,CXCR4,-0.02929981793816161,-0.1489375085956034,0.09033787271928019,44,0.6312244427074327,0.8728725110286509,10,0.8737592782734829,22,0.8784018322241746,5,0.8136307171158522,7,0.8475730890047055
B Cells|pDCs|LGALS1|CD69,B Cells,pDCs,LGALS1,CD69,0.06462101723321509,-0.19893403021574238,0.32817606468217253,42,0.6308269498689154,0.8728725110286509,9,0.021171651060947143,22,0.2060904238316459,5,0.16167721223447457,6,0.28197496777195824
CD8 T Cells|CD8 T Cells|HLA-DPA1|LAG3,CD8 T Cells,CD8 T Cells,HLA-DPA1,LAG3,0.07759065902151169,-0.23981223227999193,0.3949935503230153,55,0.6318514157615215,0.8728725110286509,11,0.2061568393762573,32,0.2914910768903181,5,0.24511117887775477,7,0.2528547573703039
Classical Monocytes|CD4 T Cells|TIMP2|CD44,Classical Monocytes,CD4 T Cells,TIMP2,CD44,0.04867510269956024,-0.1510280451482584,0.2483782505473789,56,0.6328521435622201,0.8728725110286509,11,0.15730277998006248,33,0.17183144907197237,5,0.23437377598869621,7,0.20022734238104586
CD4 T Cells|Classical Monocytes|HLA-A|APLP2,CD4 T Cells,Classical Monocytes,HLA-A,APLP2,0.0033257908066917086,-0.010331235614336827,0.016982817227720243,56,0.6331520825941896,0.8728725110286509,11,0.9796794401836503,33,0.9818499074217505,5,0.9782365741051962,7,0.9770812505366047
CD4 T Cells|NK Cells|HLA-B|CD3D,CD4 T Cells,NK Cells,HLA-B,CD3D,0.032588379032090886,-0.10114503933205415,0.16632179739623593,48,0.632929774856557,0.8728725110286509,8,0.7721731932055085,28,0.842163049986538,5,0.9598593280360609,7,0.9972608057849995
Classical Monocytes|pDCs|CALM1|PTPRA,Classical Monocytes,pDCs,CALM1,PTPRA,0.08290539583058426,-0.25698714209572926,0.4227979337568978,42,0.632602133442778,0.8728725110286509,10,0.2984578286926302,20,0.3984643265584355,5,0.28502973547254556,7,0.3021308375077666
pDCs|NK Cells|GNAS|PTGDR,pDCs,NK Cells,GNAS,PTGDR,0.050911537454668365,-0.15801499868520127,0.25983807359453803,43,0.632929935233905,0.8728725110286509,10,0.23220586250512656,21,0.2650011071891786,5,0.4423751635942913,7,0.4242588708236749
CD8 T Cells|NK Cells|HLA-B|CD3D,CD8 T Cells,NK Cells,HLA-B,CD3D,0.02759620253451145,-0.0859151249019582,0.14110752997098108,48,0.6337218746080318,0.8731816669217537,8,0.8201294430740789,28,0.876954737264672,5,0.9697507818509399,7,0.9989798735070216
Classical Monocytes|Non-classical Monocytes|ADAM10|NOTCH2,Classical Monocytes,Non-classical Monocytes,ADAM10,NOTCH2,-0.006953877888093016,-0.035653372775609316,0.021745616999423286,56,0.6348592426440809,0.8735371058958168,11,0.0,33,0.005798103273412872,5,0.0,7,0.012751981161505888
Non-classical Monocytes|Classical Monocytes|MIF|CD44_CD74,Non-classical Monocytes,Classical Monocytes,MIF,CD44_CD74,-0.04643419890936962,-0.23794375741810125,0.14507535959936202,56,0.6346294843236981,0.8735371058958168,11,0.6313886475105831,33,0.484983298483782,5,0.586094008517923,7,0.4861228584004915
pDCs|Non-classical Monocytes|APP|LRP1,pDCs,Non-classical Monocytes,APP,LRP1,0.046413693507310616,-0.14523047444718068,0.2380578614618019,44,0.6350168830750358,0.8735371058958168,10,0.3295723332547703,22,0.359130688584359,5,0.40626920160539476,7,0.3894138634276728
B Cells|NK Cells|PKM|CD44,B Cells,NK Cells,PKM,CD44,-0.047225512015036525,-0.243038871847618,0.14858784781754494,56,0.6364296771500306,0.8741411534800944,11,0.35261401665337244,33,0.31909009884855255,5,0.22702554591915716,7,0.24072714012937377
Non-classical Monocytes|pDCs|SELPLG|ITGB2,Non-classical Monocytes,pDCs,SELPLG,ITGB2,0.03799313499383772,-0.11989334685134456,0.19587961683902,44,0.6371855974318693,0.8741411534800944,10,0.323700180814412,22,0.3208743614034265,5,0.27155981269469737,7,0.23074085828987417
CD4 T Cells|CD8 T Cells|HLA-A|CD8B,CD4 T Cells,CD8 T Cells,HLA-A,CD8B,0.02338203881213896,-0.0736180044780328,0.12038208210231072,56,0.636603536897479,0.8741411534800944,11,0.9028105343990238,33,0.959781356942521,5,0.9406532687716556,7,0.9742420525030138
Classical Monocytes|pDCs|TIMP2|CD44,Classical Monocytes,pDCs,TIMP2,CD44,0.048720397821094,-0.153642704352621,0.251083499994809,44,0.6370155330181446,0.8741411534800944,10,0.29715712249063325,22,0.23488856093554816,5,0.3739059097857681,7,0.262916950409589
Non-classical Monocytes|NK Cells|COPA|CD74,Non-classical Monocytes,NK Cells,COPA,CD74,0.04741150148751583,-0.14956502702030472,0.24438802999533638,56,0.6371010467428156,0.8741411534800944,11,0.3444894300913328,33,0.3440100930498022,5,0.39316172509088876,7,0.3452708865618423
Classical Monocytes|Non-classical Monocytes|GRN|TNFRSF1A,Classical Monocytes,Non-classical Monocytes,GRN,TNFRSF1A,0.056280919933686,-0.17801811870734707,0.2905799585747191,56,0.6377817701091,0.8744842827269103,11,0.3402998867037177,33,0.43097291604676174,5,0.38996775480088264,7,0.4243598642102407
Non-classical Monocytes|Non-classical Monocytes|VCAN|CD44,Non-classical Monocytes,Non-classical Monocytes,VCAN,CD44,-0.061391895266314445,-0.31865572418742344,0.19587193365479455,55,0.639989102498369,0.8756104288107085,10,0.5031777243186681,33,0.46999182750144286,5,0.3629595097516264,7,0.39116550820071555
NK Cells|pDCs|ARF6|SMAP1,NK Cells,pDCs,ARF6,SMAP1,0.06770440396767519,-0.2152059800094921,0.35061478794484247,36,0.6390362271412119,0.8756104288107085,9,0.21395479549570248,16,0.35976321479285456,5,0.32271341174757207,6,0.400817427077049
B Cells|Classical Monocytes|MIF|CD44_CD74,B Cells,Classical Monocytes,MIF,CD44_CD74,-0.04745912413071762,-0.24622407323334589,0.15130582497191064,56,0.6397983411737962,0.8756104288107085,11,0.6515931286780225,33,0.5371040207523613,5,0.585129156972316,7,0.5180991731773724
CD8 T Cells|CD8 T Cells|HLA-E|CD8A,CD8 T Cells,CD8 T Cells,HLA-E,CD8A,-0.021802946087989494,-0.11303663028686546,0.06943073811088647,56,0.6395053750831772,0.8756104288107085,11,0.8839676725824677,33,0.9101493282876103,5,0.8340344376104547,7,0.8820190394035868
Classical Monocytes|Non-classical Monocytes|CALR|LRP1,Classical Monocytes,Non-classical Monocytes,CALR,LRP1,0.021222907129631832,-0.06786830540008006,0.11031411965934372,56,0.6405758705132971,0.875938974451895,11,0.049835344456165845,33,0.07105825158579768,5,0.0,7,0.0
CD8 T Cells|Non-classical Monocytes|TIMP1|CD63,CD8 T Cells,Non-classical Monocytes,TIMP1,CD63,0.05937037794611505,-0.19091918617662468,0.3096599420688548,50,0.6419910983853111,0.8769251381728006,11,0.4334124819827068,28,0.44898683601071043,5,0.4127754757114494,6,0.36897945179333796
B Cells|NK Cells|LRPAP1|SORL1,B Cells,NK Cells,LRPAP1,SORL1,0.008127555262668567,-0.026126640593517207,0.042381751118854345,55,0.6418997940845333,0.8769251381728006,11,0.012980699254210566,32,0.021108254516879133,5,0.0,7,0.0
CD8 T Cells|NK Cells|SELPLG|ITGAM,CD8 T Cells,NK Cells,SELPLG,ITGAM,0.05300190518014605,-0.1707045995919705,0.27670840995226265,55,0.6423851274643239,0.8769893123189337,11,0.011425393181024908,33,0.02696479535276694,5,0.13508118392595186,6,0.09761868091754784
CD4 T Cells|CD4 T Cells|TGFB1|ITGB1,CD4 T Cells,CD4 T Cells,TGFB1,ITGB1,-0.06801766461218939,-0.3554285209174481,0.2193931916930693,55,0.642763575971256,0.8770321579262225,11,0.14213444390684346,33,0.23791744924582034,5,0.14217401606323526,6,0.30597468601440153
NK Cells|Classical Monocytes|PTPN6|CD300LF,NK Cells,Classical Monocytes,PTPN6,CD300LF,-0.034003853028143495,-0.17813383667037389,0.11012613061408691,51,0.6437914009829323,0.8779605344219481,11,0.0,28,0.05821086040141134,5,0.00370145202059704,7,0.09591616545015187
NK Cells|pDCs|CCL5|CXCR3,NK Cells,pDCs,CCL5,CXCR3,-0.05242853881156906,-0.2769484764847082,0.17209139886157007,43,0.6471831181090248,0.8791133233511104,10,0.7448253449143517,21,0.7990791524193042,5,0.729321389238163,7,0.8360037355546845
Non-classical Monocytes|B Cells|LGALS1|PTPRC,Non-classical Monocytes,B Cells,LGALS1,PTPRC,-0.013806350536598289,-0.07287803825130093,0.04526533717810436,56,0.6468902106777136,0.8791133233511104,11,0.9264974100765787,33,0.9351386525269354,5,0.9202504565457676,7,0.9426980495327226
NK Cells|Non-classical Monocytes|SPON2|ITGA4,NK Cells,Non-classical Monocytes,SPON2,ITGA4,0.06377329072877991,-0.20896931932755147,0.3365159007851113,56,0.6467490005000047,0.8791133233511104,11,0.4232259023599093,33,0.3890843472687731,5,0.37292816456547095,7,0.27501331874555485
Classical Monocytes|CD4 T Cells|SELPLG|ITGB2,Classical Monocytes,CD4 T Cells,SELPLG,ITGB2,-0.04271623900069349,-0.22598391033851442,0.14055143233712744,56,0.647792771414176,0.8791133233511104,11,0.46131216966032923,33,0.3496763302688871,5,0.4586939691873761,7,0.3897743687966275
Classical Monocytes|NK Cells|S100A9|ITGB2,Classical Monocytes,NK Cells,S100A9,ITGB2,6.187062332740911e-05,-0.00020281680704146705,0.0003265580536962853,56,0.6468510647686508,0.8791133233511104,11,0.9999944263966889,33,0.9999923899353481,5,0.9999351696687212,7,0.999871262584053
CD4 T Cells|Non-classical Monocytes|TIMP1|CD63,CD4 T Cells,Non-classical Monocytes,TIMP1,CD63,-0.05490320024054782,-0.29068899188629893,0.18088259140520332,56,0.6481156000803794,0.8791133233511104,11,0.12847579423736752,33,0.2548286069551902,5,0.13497855808328674,7,0.31623457104165725
Non-classical Monocytes|NK Cells|HLA-B|CD3D,Non-classical Monocytes,NK Cells,HLA-B,CD3D,0.030995415698444773,-0.10121005020046381,0.16320088159735335,48,0.6458670775596232,0.8791133233511104,8,0.7712921968455843,28,0.8418774853751877,5,0.9561511292524176,7,0.9957410020835763
Classical Monocytes|pDCs|HLA-DPA1|CD4,Classical Monocytes,pDCs,HLA-DPA1,CD4,-0.06794872635230609,-0.35736502036330436,0.2214675676586922,43,0.6454032283792268,0.8791133233511104,10,0.4076994859123432,21,0.26981824245934377,5,0.33716483650281576,7,0.26723231940212244
pDCs|pDCs|S100A8|CD36,pDCs,pDCs,S100A8,CD36,-0.06223498398950944,-0.3290308466103962,0.20456087863137734,41,0.647529295007695,0.8791133233511104,8,0.22717351932000196,22,0.2794396855206811,5,0.1151607679161889,6,0.22966191810637748
Non-classical Monocytes|CD4 T Cells|PKM|CD44,Non-classical Monocytes,CD4 T Cells,PKM,CD44,-0.02741628198601076,-0.1440996281530874,0.0892670641810659,56,0.6451435684162201,0.8791133233511104,11,0.6154740884157117,33,0.572215544474279,5,0.5778739733223406,7,0.5620317113669187
Classical Monocytes|pDCs|LGALS9|CD44,Classical Monocytes,pDCs,LGALS9,CD44,0.054309993526358874,-0.17962550675977074,0.2882454938124885,44,0.6490939279149597,0.8797172397327442,10,0.21594076775812568,22,0.20262949957998536,5,0.28348546353599613,7,0.21586420183149693
NK Cells|CD4 T Cells|HMGB1|CXCR4,NK Cells,CD4 T Cells,HMGB1,CXCR4,-0.008623338232284228,-0.04581456673059044,0.028567890266021988,56,0.6495073212495948,0.8797172397327442,11,0.9402900796234412,33,0.9297321578842583,5,0.9816525742843523,7,0.9797179907774536
pDCs|Classical Monocytes|CD99|PILRA,pDCs,Classical Monocytes,CD99,PILRA,0.045306279935764554,-0.15029591962298322,0.24090847949451233,44,0.649846201008454,0.8797172397327442,10,0.2482985553892035,22,0.19788830828924536,5,0.20021034110375407,7,0.10449381406803138
NK Cells|CD8 T Cells|VIM|CD44,NK Cells,CD8 T Cells,VIM,CD44,0.07389715622193477,-0.24524595398069537,0.3930402664245649,56,0.6499533385757947,0.8797172397327442,11,0.12079971090643239,33,0.32169419302202157,5,0.5011323460268653,7,0.6281296719205197
Classical Monocytes|Classical Monocytes|ICAM1|ITGAL_ITGB2,Classical Monocytes,Classical Monocytes,ICAM1,ITGAL_ITGB2,0.07932202058222734,-0.26421078616868443,0.42285482733313906,43,0.6508675015755432,0.8804829638551379,9,0.1683042580287974,22,0.11378193341496758,5,0.22364550903578945,7,0.08980116383973229
Non-classical Monocytes|Non-classical Monocytes|APP|NOTCH2,Non-classical Monocytes,Non-classical Monocytes,APP,NOTCH2,0.04224208505589079,-0.1425106924491813,0.2269948625609629,49,0.6540605376049125,0.880572696671169,6,0.07383583812133569,31,0.08190657316237991,5,0.04665916830819743,7,0.012487818293350852
B Cells|pDCs|MIF|TNFRSF14,B Cells,pDCs,MIF,TNFRSF14,-0.06053506463823352,-0.3246067559866852,0.2035366267102182,44,0.6532176188780221,0.880572696671169,10,0.3372196685048733,22,0.3189411494601772,5,0.1709605410595086,7,0.21321708665304603
pDCs|B Cells|TNFSF13B|TNFRSF13C,pDCs,B Cells,TNFSF13B,TNFRSF13C,0.04629511269452436,-0.15653988884879552,0.24913011423784423,41,0.6546276541470463,0.880572696671169,10,0.0543275141021163,20,0.18327430239255563,5,0.0616184259563942,6,0.14427010155230915
Classical Monocytes|CD8 T Cells|HLA-A|CD8B,Classical Monocytes,CD8 T Cells,HLA-A,CD8B,0.03254702843000279,-0.10991995055107456,0.17501400741108014,56,0.6543264699683871,0.880572696671169,11,0.811000113226682,33,0.9042235183256737,5,0.8521419968668813,7,0.9128183735358703
Classical Monocytes|CD8 T Cells|PSEN1|CD44,Classical Monocytes,CD8 T Cells,PSEN1,CD44,0.03444212391714652,-0.1161713750723343,0.18505562290662733,56,0.6540071753168686,0.880572696671169,11,0.48719424808012585,33,0.38866495645429006,5,0.5326465082036889,7,0.39967509266070655
Non-classical Monocytes|B Cells|S100A8|CD69,Non-classical Monocytes,B Cells,S100A8,CD69,0.013341819386496367,-0.04462021569325036,0.0713038544662431,56,0.6518825205250667,0.880572696671169,11,0.9445385924769252,33,0.9925860393341032,5,0.9540720476814117,7,0.9887776751520934
B Cells|pDCs|VIM|CD44,B Cells,pDCs,VIM,CD44,0.05464229973589346,-0.1830002743305643,0.29228487380235124,44,0.652231773229186,0.880572696671169,10,0.13449277287362524,22,0.32182263121018306,5,0.17254505645765975,7,0.3052326150583241
NK Cells|NK Cells|HMGB1|CXCR4,NK Cells,NK Cells,HMGB1,CXCR4,0.019006718586174975,-0.06438698205843665,0.1024004192307866,56,0.6550871979895683,0.880572696671169,11,0.8119807993546101,33,0.8425958065277943,5,0.9375073780803648,7,0.949115666667374
pDCs|CD8 T Cells|HLA-DPA1|LAG3,pDCs,CD8 T Cells,HLA-DPA1,LAG3,0.052350523849318376,-0.1764731508323137,0.2811741985309505,43,0.6538626321266444,0.880572696671169,10,0.4350321480493012,21,0.6347406927488577,5,0.4288114472695577,7,0.5761694681197959
Classical Monocytes|pDCs|PKM|CD44,Classical Monocytes,pDCs,PKM,CD44,0.04110730019939554,-0.13790245243078664,0.22011705282957772,44,0.6526522802849111,0.880572696671169,10,0.22649082621268707,22,0.3170578429586296,5,0.17732842075672403,7,0.22678813730327102
NK Cells|CD4 T Cells|PKM|CD44,NK Cells,CD4 T Cells,PKM,CD44,-0.04835424710727468,-0.26053145336033223,0.16382295914578285,56,0.6551154213461803,0.880572696671169,11,0.17029365019106824,33,0.25391265857167195,5,0.20847844638723592,7,0.3404517018751143
Classical Monocytes|NK Cells|HLA-B|KLRD1,Classical Monocytes,NK Cells,HLA-B,KLRD1,0.009479575869304813,-0.03168996723947703,0.05064911897808665,56,0.6517766270855128,0.880572696671169,11,0.9921644876703752,33,0.9911612005239013,5,0.9791477461652809,7,0.9686648831495022
Non-classical Monocytes|Classical Monocytes|GNAI2|ADCY7,Non-classical Monocytes,Classical Monocytes,GNAI2,ADCY7,-0.042073031962072016,-0.22703902082925012,0.1428929569051061,56,0.6557269213205406,0.8809260660164837,11,0.5090992600275867,33,0.4748645654531834,5,0.47603015475001964,7,0.4838684921376884
CD4 T Cells|CD8 T Cells|HLA-A|CD8A,CD4 T Cells,CD8 T Cells,HLA-A,CD8A,0.010268686581945241,-0.03505659610385731,0.05559396926774779,56,0.6570133878799451,0.8810593047838086,11,0.9529656021741691,33,0.9732016489425344,5,0.9540685305759521,7,0.9640358907623721
NK Cells|CD8 T Cells|TGFB1|CXCR4,NK Cells,CD8 T Cells,TGFB1,CXCR4,0.0513273289554107,-0.1752016588090262,0.27785631671984756,56,0.6569760543858059,0.8810593047838086,11,0.8530189036880125,33,0.7924710390821265,5,0.8937725273386045,7,0.7818973337773077
NK Cells|CD4 T Cells|LRPAP1|SORL1,NK Cells,CD4 T Cells,LRPAP1,SORL1,0.011906935851542497,-0.040595722106062423,0.06440959380914742,56,0.6566847913830642,0.8810593047838086,11,0.04064878224134394,33,0.052555718092886436,5,0.0,7,0.0
Classical Monocytes|pDCs|S100A8|CD69,Classical Monocytes,pDCs,S100A8,CD69,-0.02793774033022156,-0.1513327138765439,0.09545723321610079,44,0.6572207319024452,0.8810593047838086,10,0.919382405022408,22,0.9362756812496424,5,0.9010573851024839,7,0.9458884016599399
pDCs|CD8 T Cells|HLA-A|CD8A,pDCs,CD8 T Cells,HLA-A,CD8A,-0.024152055592400523,-0.13121224762882275,0.0829081364440217,44,0.6583773179228858,0.8816743414897362,10,0.8745188845014038,22,0.9171990994523699,5,0.8224079430955621,7,0.8892402136389287
CD8 T Cells|CD8 T Cells|MIF|CD44_CD74,CD8 T Cells,CD8 T Cells,MIF,CD44_CD74,-0.07007405809908734,-0.38036307715642714,0.24021496095825245,56,0.6580347768501456,0.8816743414897362,11,0.25726307055284053,33,0.30685162115971104,5,0.34419166347066354,7,0.4638542721766214
CD8 T Cells|pDCs|CCL5|CXCR3,CD8 T Cells,pDCs,CCL5,CXCR3,-0.0585107531469965,-0.31841466901065735,0.20139316271666435,43,0.6590421405287957,0.88186374644824,10,0.8898738273799237,21,0.9256732330763026,5,0.7486459752688172,7,0.8429561341121925
CD4 T Cells|CD8 T Cells|TGFB1|CXCR4,CD4 T Cells,CD8 T Cells,TGFB1,CXCR4,-0.0910468790424922,-0.495696940675613,0.3136031825906286,55,0.6592167063873072,0.88186374644824,11,0.720407088301259,33,0.6364163121403641,5,0.7072104593961985,6,0.7142665622777958
Classical Monocytes|Classical Monocytes|GNAI2|FPR1,Classical Monocytes,Classical Monocytes,GNAI2,FPR1,-0.04026732368041512,-0.21978291243985648,0.1392482650790262,56,0.6601967726475306,0.8823454051148222,11,0.1751248006142953,33,0.21207997733889458,5,0.07532234972060788,7,0.15254485012562227
Non-classical Monocytes|CD4 T Cells|HLA-DMB|CD4,Non-classical Monocytes,CD4 T Cells,HLA-DMB,CD4,-0.05678931103336421,-0.31002377929027786,0.19644515722354944,56,0.6602750934199164,0.8823454051148222,11,0.26064883465271504,33,0.2000782943713095,5,0.3377777889886057,7,0.33399655974056436
CD8 T Cells|CD4 T Cells|S100A9|ITGB2,CD8 T Cells,CD4 T Cells,S100A9,ITGB2,0.08143933638803519,-0.2840017855744842,0.44688045835055457,51,0.6622693309444185,0.8845426000510282,9,0.29607285727833876,32,0.31146158617995695,5,0.32561433190897143,5,0.25956372442255443
CD8 T Cells|Classical Monocytes|HMGB1|CXCR4,CD8 T Cells,Classical Monocytes,HMGB1,CXCR4,-0.0403393732381514,-0.22228248591835253,0.14160373944204974,56,0.6638877414719102,0.8858184407622453,11,0.6359535549946448,33,0.6229682659780709,5,0.5874208283630065,7,0.6147749125845839
B Cells|pDCs|HLA-DMA|CD4,B Cells,pDCs,HLA-DMA,CD4,-0.05550925832452491,-0.30590335820596176,0.19488484155691194,43,0.6639256536619282,0.8858184407622453,10,0.6403262106187249,21,0.4493387577336345,5,0.5138911231964822,7,0.37841292863591675
Classical Monocytes|Classical Monocytes|CD99|PILRA,Classical Monocytes,Classical Monocytes,CD99,PILRA,0.056249677133589054,-0.19805411833940353,0.3105534726065816,56,0.664632584280707,0.8862936889062516,11,0.27978881079404466,33,0.3324966776251111,5,0.1924732334139671,7,0.18893142311144448
NK Cells|CD8 T Cells|MIF|CD44_CD74,NK Cells,CD8 T Cells,MIF,CD44_CD74,-0.06103122429922192,-0.3388506984017837,0.21678824980333988,56,0.6667855855937347,0.8870263535149165,11,0.27052621291300666,33,0.38491005509628645,5,0.28786961454504,7,0.4632846810275417
Non-classical Monocytes|B Cells|TIMP2|ITGB1,Non-classical Monocytes,B Cells,TIMP2,ITGB1,-0.04623324458782127,-0.2562532340555151,0.16378674487987255,45,0.6661329978729953,0.8870263535149165,8,0.07348393477965426,25,0.039113726268971284,5,0.09396277020219959,7,0.1058258062793379
pDCs|CD8 T Cells|CD48|CD2,pDCs,CD8 T Cells,CD48,CD2,0.07380652434936374,-0.2622949646795797,0.4099080133783072,43,0.6669045900200095,0.8870263535149165,10,0.27130236698764065,22,0.2848696279330655,5,0.3897295753659301,6,0.3294903119619912
Non-classical Monocytes|Classical Monocytes|VCAN|CD44,Non-classical Monocytes,Classical Monocytes,VCAN,CD44,-0.05585201813658147,-0.30952065222609776,0.19781661595293482,55,0.6660764002857493,0.8870263535149165,10,0.5883947715512666,33,0.5404923926387676,5,0.5008260949585173,7,0.5087757341825997
CD4 T Cells|NK Cells|MIF|CD44_CD74,CD4 T Cells,NK Cells,MIF,CD44_CD74,0.048744100050222006,-0.17325072747947792,0.2707389275799219,56,0.6669371079059523,0.8870263535149165,11,0.16082702762543108,33,0.29199520758154246,5,0.3198262858516804,7,0.40225036575756973
Non-classical Monocytes|Non-classical Monocytes|LRPAP1|SORL1,Non-classical Monocytes,Non-classical Monocytes,LRPAP1,SORL1,0.012035156544707982,-0.04296851836649619,0.06703883145591215,51,0.6680304389486922,0.8880131084815072,11,0.027682057035734533,29,0.029361157704219945,5,0.01035605587622257,6,0.0
Non-classical Monocytes|Non-classical Monocytes|CD14|ITGB2,Non-classical Monocytes,Non-classical Monocytes,CD14,ITGB2,-0.043995892700503414,-0.2453926091625941,0.15740082376158726,56,0.6685333816529995,0.8882144350352942,11,0.6218844056130384,33,0.7311158615275327,5,0.5073591978653276,7,0.6605865464803253
pDCs|CD4 T Cells|CALM1|PTPRA,pDCs,CD4 T Cells,CALM1,PTPRA,0.047460742892846575,-0.17071368286384492,0.26563516864953807,43,0.6698438786772127,0.8894879040553424,10,0.477878997782503,21,0.4670218687869883,5,0.46634619741359273,7,0.4080283255252315
CD8 T Cells|NK Cells|ICAM2|ITGAL_ITGB2,CD8 T Cells,NK Cells,ICAM2,ITGAL_ITGB2,-0.02495800279054753,-0.14033906490173126,0.09042305932063621,47,0.6715960503111886,0.8913462285380114,11,0.03469374727349155,24,0.09143258757217887,5,0.0,7,0.08169684308923485
pDCs|Non-classical Monocytes|ANXA1|FPR1,pDCs,Non-classical Monocytes,ANXA1,FPR1,0.06504643343303498,-0.23613655858890767,0.3662294254549776,42,0.6720814654828207,0.8915222379396787,9,0.11114931292192069,21,0.25356369809259766,5,0.20553729702729076,7,0.2829052487649327
Non-classical Monocytes|NK Cells|GNAS|PTGDR,Non-classical Monocytes,NK Cells,GNAS,PTGDR,0.04927955065962414,-0.17958496988425907,0.27814407120350737,55,0.6730080608345307,0.8922829851672922,11,0.31116555270939117,32,0.33183222464221146,5,0.44577449506586453,7,0.4171616163390607
CD4 T Cells|CD8 T Cells|HLA-C|CD8B,CD4 T Cells,CD8 T Cells,HLA-C,CD8B,0.016376196710371826,-0.05990319184655225,0.0926555852672959,56,0.6739165545405962,0.8929968047843916,11,0.9135443643362557,33,0.955912599119008,5,0.9393728328290853,7,0.9653648709014658
Classical Monocytes|CD8 T Cells|S100A9|ITGB2,Classical Monocytes,CD8 T Cells,S100A9,ITGB2,-0.0003314645690657425,-0.0018788818126312826,0.0012159526744997976,56,0.6746066087587668,0.8929968047843916,11,0.9999060964672328,33,0.9998437653391787,5,0.9988492590927626,7,0.9991183925337742
CD8 T Cells|B Cells|MIF|TNFRSF14,CD8 T Cells,B Cells,MIF,TNFRSF14,0.04036200444590843,-0.14786498650482827,0.22858899539664512,56,0.6742807816390715,0.8929968047843916,11,0.2883431218765582,33,0.2456357406804217,5,0.27420260517341444,7,0.19113321953136952
Non-classical Monocytes|CD4 T Cells|TGFB1|ITGB1,Non-classical Monocytes,CD4 T Cells,TGFB1,ITGB1,-0.04353258516218289,-0.24717987164395966,0.16011470131959388,56,0.6752373560064109,0.8933637689152881,11,0.15597581429826954,33,0.13554239260483825,5,0.30673107471633737,7,0.329830238185089
CD4 T Cells|CD4 T Cells|IL16|CD4,CD4 T Cells,CD4 T Cells,IL16,CD4,-0.01489140599644364,-0.08472680094968923,0.05494398895680196,56,0.6759950224810682,0.8934306599422904,11,0.03997761905895014,33,0.044945863459482024,5,0.0,7,0.01985965039697552
NK Cells|CD4 T Cells|HLA-DRA|CD4,NK Cells,CD4 T Cells,HLA-DRA,CD4,0.05292251906817118,-0.19514035320138873,0.30098539133773106,55,0.6758411596310996,0.8934306599422904,11,0.0453702459783186,33,0.1263314472442471,5,0.11787458490926343,6,0.14591326710702077
B Cells|B Cells|LGALS1|PTPRC,B Cells,B Cells,LGALS1,PTPRC,-0.051751843279191245,-0.2954905744083115,0.19198688784992904,53,0.6773006167128952,0.8946882689145249,9,0.43194949429300017,33,0.3149929423191936,5,0.32654867794931375,6,0.26134396925469844
CD4 T Cells|Non-classical Monocytes|HLA-DPB1|CD4,CD4 T Cells,Non-classical Monocytes,HLA-DPB1,CD4,0.04836526405779115,-0.18053438363010252,0.2772649117456848,56,0.6787790165780834,0.8947296134497174,11,0.15818148526124076,33,0.2150369178679923,5,0.16295699402260724,7,0.17144716257156764
Non-classical Monocytes|Classical Monocytes|APP|PTGER2,Non-classical Monocytes,Classical Monocytes,APP,PTGER2,-0.07416928535628303,-0.4265239188415564,0.2781853481289903,49,0.6799254762169291,0.8947296134497174,6,0.3896139590425674,31,0.19817736892676685,5,0.24122075161590878,7,0.12395344685639124
Non-classical Monocytes|NK Cells|VCAN|ITGB1,Non-classical Monocytes,NK Cells,VCAN,ITGB1,0.039462872082438816,-0.1469225249823044,0.22584826914718203,55,0.6781581312555036,0.8947296134497174,10,0.2863718589672244,33,0.3110809078642304,5,0.1623812971245598,7,0.147627473939127
CD8 T Cells|Classical Monocytes|HMGB1|TLR2,CD8 T Cells,Classical Monocytes,HMGB1,TLR2,-0.03594157646924634,-0.20568432741356393,0.13380117447507126,56,0.6781377897248716,0.8947296134497174,11,0.29308701574728074,33,0.3720509630639705,5,0.30813565767177287,7,0.42304118145770897
Non-classical Monocytes|CD8 T Cells|LGALS1|PTPRC,Non-classical Monocytes,CD8 T Cells,LGALS1,PTPRC,-0.004793652245908331,-0.027496214906133843,0.01790891041431718,56,0.6789862153717556,0.8947296134497174,11,0.9795904908431936,33,0.9869041008536402,5,0.9774813304727422,7,0.9895885927290972
pDCs|NK Cells|COPA|CD74,pDCs,NK Cells,COPA,CD74,0.04022967453710419,-0.1509932164326998,0.23145256550690818,43,0.6800907463392376,0.8947296134497174,10,0.33736197808303275,21,0.3869356232659507,5,0.3692389338530213,7,0.3785829044988351
Classical Monocytes|B Cells|TGFB1|CXCR4,Classical Monocytes,B Cells,TGFB1,CXCR4,0.0674360589230999,-0.2521947839714754,0.38706690181767517,55,0.6792291085495046,0.8947296134497174,11,0.9118466798750546,33,0.8521662838950146,5,0.8150488507652618,6,0.6879323958621218
Non-classical Monocytes|B Cells|S100A8|ITGB2,Non-classical Monocytes,B Cells,S100A8,ITGB2,-0.060112313267151385,-0.3459126591720146,0.2256880326377118,56,0.680164458819512,0.8947296134497174,11,0.5412529870341836,33,0.8134504608967281,5,0.4048754964257041,7,0.7371852835554
Classical Monocytes|NK Cells|LGALS1|CD69,Classical Monocytes,NK Cells,LGALS1,CD69,0.003620507100722703,-0.013635815017250693,0.0208768292186961,56,0.6809146768433991,0.8952504622181423,11,0.982335782904526,33,0.9902973106195562,5,0.9861775063828109,7,0.9905185269971184
Classical Monocytes|CD4 T Cells|TNFSF13B|HLA-DPB1,Classical Monocytes,CD4 T Cells,TNFSF13B,HLA-DPB1,-0.05847852169538126,-0.33815855991906274,0.22120151652830022,56,0.6819450154257699,0.8957383959015082,11,0.3348937664428527,33,0.3622450842942753,5,0.2986588656262607,7,0.3844887051730646
Classical Monocytes|CD8 T Cells|TGFB1|CXCR4,Classical Monocytes,CD8 T Cells,TGFB1,CXCR4,0.06961508185626208,-0.26338185427769584,0.40261201799022,55,0.6819947264402461,0.8957383959015082,11,0.7588120830302665,33,0.7389658125312958,5,0.8273589362579855,6,0.7378975839027527
NK Cells|CD8 T Cells|SELPLG|ITGB2,NK Cells,CD8 T Cells,SELPLG,ITGB2,-0.046030791495563994,-0.2671166850180602,0.1750551020269322,56,0.6832217099091469,0.8968837719170982,11,0.4793553292090641,33,0.4267705162636579,5,0.3229766355579587,7,0.3164226141081165
B Cells|Non-classical Monocytes|LGALS1|ITGB1,B Cells,Non-classical Monocytes,LGALS1,ITGB1,-0.04853655826533604,-0.28331197764495697,0.1862388611142849,53,0.6853339293097924,0.8991894285388606,9,0.13067520731533533,33,0.11397614380288407,5,0.2924370922686116,6,0.32427458702149636
pDCs|Non-classical Monocytes|APP|NOTCH2,pDCs,Non-classical Monocytes,APP,NOTCH2,-0.032998877582224195,-0.19308862967066928,0.1270908745062209,44,0.6862111034579018,0.8998730972693917,10,0.38998887158536166,22,0.31831453999009934,5,0.3095719465443305,7,0.2708964925312924
Classical Monocytes|Non-classical Monocytes|LGALS9|CD47,Classical Monocytes,Non-classical Monocytes,LGALS9,CD47,0.04097506246082894,-0.15845709839644626,0.24040722331810413,56,0.687175148333611,0.9000392119636679,11,0.20800187458905128,33,0.19534260320123256,5,0.3486392786831476,7,0.29500494483449996
pDCs|CD8 T Cells|S100A8|CD69,pDCs,CD8 T Cells,S100A8,CD69,0.059487009008457825,-0.22996439095987498,0.3489384089767906,42,0.6870918756593378,0.9000392119636679,9,0.32862383249569604,22,0.6492899727562529,5,0.5459945779451496,6,0.8071737091972486
CD4 T Cells|B Cells|TGFB1|CXCR4,CD4 T Cells,B Cells,TGFB1,CXCR4,-0.08088073783579364,-0.4748475077662445,0.31308603209465724,55,0.6874062837712225,0.9000392119636679,11,0.8883580739600281,33,0.7474258709262357,5,0.7132286372164306,6,0.6531771720184318
NK Cells|Non-classical Monocytes|HLA-DPA1|CD4,NK Cells,Non-classical Monocytes,HLA-DPA1,CD4,0.04672606090587628,-0.1814511740809924,0.274903295892745,56,0.6881545092303729,0.9005522759322384,11,0.2261064817194448,33,0.33661145134255144,5,0.24786620375540291,7,0.31164511247263327
CD8 T Cells|NK Cells|TNF|TNFRSF1B,CD8 T Cells,NK Cells,TNF,TNFRSF1B,-0.030908626225408707,-0.18284015273489518,0.12102290028407775,43,0.6900914975321087,0.9016862534972279,7,0.020798363985928603,24,0.05645495077244001,5,0.0,7,0.06656521301192012
pDCs|Classical Monocytes|HLA-DMA|CD4,pDCs,Classical Monocytes,HLA-DMA,CD4,-0.0443035862782295,-0.2616514432473829,0.1730442706909239,44,0.6895147753185994,0.9016862534972279,10,0.4046505410123812,22,0.285681082491255,5,0.291837185112126,7,0.21717131286922928
B Cells|CD8 T Cells|HLA-F|CD8B,B Cells,CD8 T Cells,HLA-F,CD8B,0.047985487528235116,-0.18788717893216075,0.283858153988631,56,0.6900911635779954,0.9016862534972279,11,0.19822644691192018,33,0.23832445297387225,5,0.35971912872210465,7,0.3518316472558216
CD8 T Cells|Classical Monocytes|MIF|TNFRSF14,CD8 T Cells,Classical Monocytes,MIF,TNFRSF14,0.06316536294332775,-0.2479985633710945,0.37432928925775,56,0.6907282771751977,0.902051863783837,11,0.3971095353516134,33,0.4249537050083803,5,0.314470659089631,7,0.27914946580307015
Non-classical Monocytes|Classical Monocytes|S100A9|CD36,Non-classical Monocytes,Classical Monocytes,S100A9,CD36,-0.03253078205920523,-0.20058256532444563,0.13552100120603516,56,0.7043894603712808,0.9035493230244804,11,0.8851299517459519,33,0.9596458142670324,5,0.7927039656861528,7,0.8997506102664385
B Cells|NK Cells|HLA-B|KLRD1,B Cells,NK Cells,HLA-B,KLRD1,0.007243844040415337,-0.02922386329063026,0.04371155137146093,56,0.6970381124807832,0.9035493230244804,11,0.9949149743969433,33,0.9937554370046167,5,0.9837503771937313,7,0.9753469957609893
CD4 T Cells|NK Cells|HMGB1|CXCR4,CD4 T Cells,NK Cells,HMGB1,CXCR4,0.020667717035040556,-0.08429168108905784,0.12562711515913894,56,0.6995414518793983,0.9035493230244804,11,0.7473124666307583,33,0.7935638367806637,5,0.9026628425598131,7,0.9282464956746779
CD8 T Cells|Non-classical Monocytes|HLA-DPA1|CD4,CD8 T Cells,Non-classical Monocytes,HLA-DPA1,CD4,0.032162719862042166,-0.13093320947523213,0.19525864919931646,56,0.6991209732531574,0.9035493230244804,11,0.2753718852331713,33,0.2490289430621126,5,0.3068839109967459,7,0.248378248963645
Classical Monocytes|NK Cells|SELPLG|SELL,Classical Monocytes,NK Cells,SELPLG,SELL,-0.052689688814687496,-0.31476538122132885,0.20938600359195386,56,0.693547038046755,0.9035493230244804,11,0.3343600918185699,33,0.30325791519550227,5,0.2129638327705623,7,0.23455134496218216
Classical Monocytes|NK Cells|ADAM10|CD44,Classical Monocytes,NK Cells,ADAM10,CD44,0.06212241645225103,-0.2458696038899566,0.37011443679445866,56,0.6926012464066972,0.9035493230244804,11,0.13332104301239942,33,0.21207777092955493,5,0.3709782174490569,7,0.38761252891396136
NK Cells|Classical Monocytes|IFNG|IFNGR1_IFNGR2,NK Cells,Classical Monocytes,IFNG,IFNGR1_IFNGR2,0.04149567216591633,-0.17026704987263658,0.2532583942044692,49,0.7009324658067877,0.9035493230244804,9,0.07555059173330612,29,0.23384471066041884,5,0.04693592803452027,6,0.16373437479571665
B Cells|Non-classical Monocytes|HLA-F|LILRB1,B Cells,Non-classical Monocytes,HLA-F,LILRB1,-0.049069030644036116,-0.29937671670449706,0.20123865541642483,56,0.7008144672779915,0.9035493230244804,11,0.22687213045660934,33,0.26870266954862354,5,0.10723413907694831,7,0.19813370881299863
Non-classical Monocytes|Non-classical Monocytes|ADAM17|IL6R,Non-classical Monocytes,Non-classical Monocytes,ADAM17,IL6R,0.04494288027260532,-0.1864590833248767,0.27634484387008734,43,0.703452490005197,0.9035493230244804,8,0.1533683453957097,24,0.11957894605790736,5,0.13369907751224236,6,0.054966797901834695
CD8 T Cells|CD8 T Cells|HLA-A|CD8B,CD8 T Cells,CD8 T Cells,HLA-A,CD8B,0.01636797095771403,-0.06588450874980578,0.09862045066523384,56,0.6965170701254673,0.9035493230244804,11,0.9280852288322489,33,0.9752108047400141,5,0.9556496403849299,7,0.9864072453349811
pDCs|CD8 T Cells|HLA-DQA1|LAG3,pDCs,CD8 T Cells,HLA-DQA1,LAG3,0.04101496354029116,-0.168879178172267,0.2509091052528493,42,0.7017254334872172,0.9035493230244804,10,0.37443394552409737,21,0.27561583228139375,5,0.3314995320675261,6,0.1916664552845313
NK Cells|Non-classical Monocytes|LGALS1|PTPRC,NK Cells,Non-classical Monocytes,LGALS1,PTPRC,0.02597412920679676,-0.10745693278113067,0.15940519119472418,56,0.7028077647184705,0.9035493230244804,11,0.7602562398396415,33,0.7924258473089429,5,0.7810992065632647,7,0.7872946848257694
Classical Monocytes|CD4 T Cells|LGALS1|CD69,Classical Monocytes,CD4 T Cells,LGALS1,CD69,0.00082808515997701,-0.0032981134797360053,0.0049542837996900254,56,0.6940651360046892,0.9035493230244804,11,0.9936980496962314,33,0.9958036222194961,5,0.9973810017156938,7,0.9986584890789815
Non-classical Monocytes|CD8 T Cells|HLA-C|CD8B,Non-classical Monocytes,CD8 T Cells,HLA-C,CD8B,0.016066775917573106,-0.06607291440548808,0.0982064662406343,56,0.7014417517723288,0.9035493230244804,11,0.9049947890840163,33,0.9451014903883114,5,0.925783210963379,7,0.949823136350101
Non-classical Monocytes|Non-classical Monocytes|PTPN6|CLEC12A,Non-classical Monocytes,Non-classical Monocytes,PTPN6,CLEC12A,-0.061850235295981326,-0.376877708571648,0.25317723797968533,56,0.7003816903326329,0.9035493230244804,11,0.2867718104184929,33,0.27287409860614953,5,0.2618596507196147,7,0.30981217420325263
pDCs|CD4 T Cells|LGALS1|PTPRC,pDCs,CD4 T Cells,LGALS1,PTPRC,-0.02819103175728721,-0.1729968708662237,0.11661480735164928,44,0.7027811448620821,0.9035493230244804,10,0.6565051968004778,22,0.5915063104885521,5,0.6913831758442016,7,0.6545753212895631
Classical Monocytes|CD8 T Cells|LGALS9|CD44,Classical Monocytes,CD8 T Cells,LGALS9,CD44,-0.03957631125171171,-0.24111466206641288,0.16196203956298946,56,0.7003260881769002,0.9035493230244804,11,0.07918742227325391,33,0.15922840388966725,5,0.16832655453885567,7,0.2879438474069807
CD4 T Cells|B Cells|LGALS1|PTPRC,CD4 T Cells,B Cells,LGALS1,PTPRC,0.05188810753060241,-0.20757409559128032,0.31135031065248514,56,0.6950877211418132,0.9035493230244804,11,0.07482475978762233,33,0.24838109226981503,5,0.25480617135140415,7,0.37647439630299445
Non-classical Monocytes|NK Cells|CD14|ITGB1,Non-classical Monocytes,NK Cells,CD14,ITGB1,-0.056649059480074204,-0.3391967296634323,0.22589861070328388,56,0.694348544481481,0.9035493230244804,11,0.26175294514170744,33,0.28375497509787784,5,0.2180675499721813,7,0.2967186394084259
CD4 T Cells|pDCs|LGALS1|ITGB1,CD4 T Cells,pDCs,LGALS1,ITGB1,0.041789191047972074,-0.16965875155763122,0.25323713365357536,44,0.6984937927392143,0.9035493230244804,10,0.17890208922209677,22,0.2951394168077624,5,0.3717128462204098,7,0.44616098275810334
pDCs|Classical Monocytes|HLA-A|APLP2,pDCs,Classical Monocytes,HLA-A,APLP2,-0.012468268525204995,-0.0742549204942825,0.049318383443872515,44,0.6924651274466418,0.9035493230244804,10,0.9252594757661845,22,0.9374912871543809,5,0.8943763988452392,7,0.9190764787586406
CD4 T Cells|Non-classical Monocytes|SELPLG|ITGB2,CD4 T Cells,Non-classical Monocytes,SELPLG,ITGB2,-0.034177715257918406,-0.20482909560683507,0.13647366509099826,56,0.6946610018809513,0.9035493230244804,11,0.3331843539820238,33,0.3709280634103036,5,0.315112216029051,7,0.3870336407152492
Classical Monocytes|Non-classical Monocytes|RETN|CAP1,Classical Monocytes,Non-classical Monocytes,RETN,CAP1,0.06101554105561752,-0.24720350406701658,0.3692345861782516,55,0.6980177780225496,0.9035493230244804,11,0.4091013498475281,32,0.4091184793002619,5,0.4204109793029581,7,0.3594125677000744
pDCs|Classical Monocytes|LGALS9|CD47,pDCs,Classical Monocytes,LGALS9,CD47,0.03853929496973264,-0.16054317684793074,0.23762176678739605,43,0.7043769010967154,0.9035493230244804,10,0.015189260983777042,21,0.22755541324673637,5,0.008237015080942479,7,0.18206387237416916
pDCs|Classical Monocytes|LGALS1|CD69,pDCs,Classical Monocytes,LGALS1,CD69,-0.052904425371215535,-0.3173695613947438,0.21156071065231274,43,0.6950011221510151,0.9035493230244804,10,0.33623164546205386,22,0.31894764262860104,5,0.32439884018553,6,0.3600192627232927
pDCs|pDCs|LILRB4|LAIR1,pDCs,pDCs,LILRB4,LAIR1,0.044853978453142374,-0.18064113668148649,0.27034909358777126,42,0.6966379197562632,0.9035493230244804,10,0.2738486652062867,20,0.3128935756632346,5,0.3357563808597845,7,0.32994731286359
CD8 T Cells|Non-classical Monocytes|TNF|TRADD,CD8 T Cells,Non-classical Monocytes,TNF,TRADD,-0.06010766166510362,-0.369108770582436,0.24889344725222878,43,0.7030125182759179,0.9035493230244804,7,0.03484522560594448,24,0.13452381335195085,5,0.09118125989331771,7,0.2509675093044277
Non-classical Monocytes|CD4 T Cells|S100A8|CD69,Non-classical Monocytes,CD4 T Cells,S100A8,CD69,0.013270282242327847,-0.053383525153606476,0.07992408963826217,56,0.6963780165568716,0.9035493230244804,11,0.922793996415108,33,0.987315904539039,5,0.9394661407481053,7,0.9907177666297085
Classical Monocytes|CD8 T Cells|IL1B|SIGIRR,Classical Monocytes,CD8 T Cells,IL1B,SIGIRR,-0.04930119001705813,-0.3038463951355517,0.20524401510143542,56,0.7042330363916771,0.9035493230244804,11,0.3498581105166078,33,0.2852517437704149,5,0.16638693460778492,7,0.15108175787865014
CD8 T Cells|Non-classical Monocytes|SELPLG|ITGB2,CD8 T Cells,Non-classical Monocytes,SELPLG,ITGB2,-0.030979109331506327,-0.1881600716177659,0.12620185295475325,56,0.6992795282024937,0.9035493230244804,11,0.4027914569126541,33,0.366265529051049,5,0.4489219903812002,7,0.44337517185110137
pDCs|Classical Monocytes|S100A8|CD69,pDCs,Classical Monocytes,S100A8,CD69,-0.048467219771797326,-0.2965567750597643,0.19962233551616965,41,0.7017923737418026,0.9035493230244804,9,0.03048798981294645,22,0.2126234244210055,5,0.08977907057636214,5,0.3203817249562185
CD4 T Cells|NK Cells|TGFB1|CXCR4,CD4 T Cells,NK Cells,TGFB1,CXCR4,0.057723420977860096,-0.23655529550971127,0.35200213746543146,55,0.7006440069943287,0.9035493230244804,11,0.2785318737446149,33,0.41605223229849025,5,0.5730020537612959,6,0.6527989913373111
NK Cells|pDCs|CALM1|PTPRA,NK Cells,pDCs,CALM1,PTPRA,-0.04554402365671101,-0.27949205607136784,0.1884040087579458,42,0.7027895508785267,0.9035493230244804,10,0.39044240050972645,20,0.41962004454346546,5,0.38927630229688237,7,0.4639979699873324
pDCs|pDCs|GNAI2|CXCR3,pDCs,pDCs,GNAI2,CXCR3,-0.052996650077864804,-0.3251783631363206,0.21918506298059098,43,0.7027390494848618,0.9035493230244804,10,0.23509755276046135,21,0.2558864831283144,5,0.21235460230351738,7,0.28614018274923525
pDCs|CD4 T Cells|S100A8|ITGB2,pDCs,CD4 T Cells,S100A8,ITGB2,0.05942872545286973,-0.24076690980421642,0.35962436070995585,42,0.698010474535246,0.9035493230244804,9,0.3436219074345914,22,0.341865578038554,5,0.27141105834022083,6,0.21022600349131368
CD8 T Cells|NK Cells|HMGB1|CXCR4,CD8 T Cells,NK Cells,HMGB1,CXCR4,0.018198910766132226,-0.07617352280957827,0.11257134434184272,56,0.7054586979410005,0.9040031083655721,11,0.7600475327955181,33,0.8066338267454222,5,0.914306610737069,7,0.9426939939208409
Non-classical Monocytes|CD4 T Cells|APP|PTGER2,Non-classical Monocytes,CD4 T Cells,APP,PTGER2,-0.04459709402782956,-0.27583027443495856,0.18663608637929946,48,0.7054223827369421,0.9040031083655721,6,0.12674083761426394,30,0.12237553248714036,5,0.04488554577699799,7,0.08511733467770398
Classical Monocytes|B Cells|APP|CD74,Classical Monocytes,B Cells,APP,CD74,-0.011429544379752077,-0.07087596037132372,0.04801687161181957,55,0.7062961639796654,0.9044434702466008,11,0.8248178890286803,32,0.7950929677111022,5,0.8490368202777285,7,0.8307414433399025
pDCs|Non-classical Monocytes|HMGB1|HAVCR2,pDCs,Non-classical Monocytes,HMGB1,HAVCR2,0.03293635442522003,-0.13892147202636998,0.20479418087681003,41,0.7071958217178022,0.9044434702466008,10,0.4213741850667018,19,0.45557469919791554,5,0.2828150310530496,7,0.2840791907590433
Non-classical Monocytes|B Cells|ADAM15|ITGB1,Non-classical Monocytes,B Cells,ADAM15,ITGB1,-0.05995678229436478,-0.37211816132443576,0.25220459673570617,41,0.7065824213711469,0.9044434702466008,5,0.23888901723263758,24,0.1991676711019016,5,0.10980444183842146,7,0.13003987800205025
Non-classical Monocytes|Classical Monocytes|ICAM1|SPN,Non-classical Monocytes,Classical Monocytes,ICAM1,SPN,0.05209417995523939,-0.21976396613065402,0.32395232604113283,45,0.707233991771778,0.9044434702466008,9,0.1784987886564783,24,0.2463930730161823,5,0.09427894101507588,7,0.11007904541954047
B Cells|CD8 T Cells|HLA-DRB1|LAG3,B Cells,CD8 T Cells,HLA-DRB1,LAG3,0.04157549619531453,-0.17568372509574998,0.25883471748637904,55,0.7076116285439223,0.9044686825141587,11,0.6604173923283081,32,0.844855898559427,5,0.6016636787078117,7,0.744526688743616
CD8 T Cells|CD4 T Cells|HMGB1|CXCR4,CD8 T Cells,CD4 T Cells,HMGB1,CXCR4,-0.008242786624678256,-0.05138651328354682,0.03490094003419031,56,0.7080627137019304,0.9045877035008989,11,0.9144309145802988,33,0.9116602291098332,5,0.9713073985514186,7,0.9767794997056313
Classical Monocytes|NK Cells|SELPLG|ITGB2,Classical Monocytes,NK Cells,SELPLG,ITGB2,-0.04183927243066915,-0.26170513714681,0.17802659228547169,56,0.7091704486691341,0.9053951115625678,11,0.4699656558952144,33,0.535740187444953,5,0.32639344404449344,7,0.4340072480249012
CD4 T Cells|CD8 T Cells|HLA-B|CD8A,CD4 T Cells,CD8 T Cells,HLA-B,CD8A,-0.006628162761371681,-0.04148947906278223,0.028233153540038865,56,0.7094112864637453,0.9053951115625678,11,0.9732077864058184,33,0.9830902019745213,5,0.9663054594085703,7,0.9828160377386449
Non-classical Monocytes|NK Cells|LGALS1|CD69,Non-classical Monocytes,NK Cells,LGALS1,CD69,0.004869847815480055,-0.02092076723907955,0.03066046287003966,56,0.7113189687803718,0.9064629657417065,11,0.9726334919665635,33,0.9866533785755331,5,0.9775127455539941,7,0.9866627843474838
Non-classical Monocytes|pDCs|SECTM1|CD7,Non-classical Monocytes,pDCs,SECTM1,CD7,0.04117410735011344,-0.17674523914836449,0.2590934538485914,41,0.7111445005709356,0.9064629657417065,10,0.06313108924956239,19,0.06436952557824709,5,0.11185681805897325,7,0.07192114703754451
Non-classical Monocytes|NK Cells|ADAM15|ITGB1,Non-classical Monocytes,NK Cells,ADAM15,ITGB1,0.05450239654601105,-0.23414658426894244,0.34315137736096457,52,0.7113241238883277,0.9064629657417065,8,0.0,32,0.14493934263940275,5,0.30321815336032554,7,0.39365509945371724
Non-classical Monocytes|Non-classical Monocytes|APP|LRP10,Non-classical Monocytes,Non-classical Monocytes,APP,LRP10,0.07446069608375167,-0.3213821656480339,0.47030355781553723,49,0.7123644945863741,0.9070014355320032,6,0.34174403172583623,31,0.35676171829486847,5,0.2997899639010682,7,0.2403469543863488
pDCs|CD4 T Cells|LGALS1|ITGB1,pDCs,CD4 T Cells,LGALS1,ITGB1,-0.047047751558258355,-0.2972508520465054,0.2031553489299887,44,0.7124645229643951,0.9070014355320032,10,0.39998458688027655,22,0.3171500269069586,5,0.5054033928449181,7,0.4696165844298585
Non-classical Monocytes|pDCs|ICAM1|IL2RG,Non-classical Monocytes,pDCs,ICAM1,IL2RG,-0.053995949219886305,-0.34327195570590535,0.2352800572661327,37,0.71448090614799,0.9073298415506102,8,0.11626207113379046,17,0.22947954370589332,5,0.12332335082467923,7,0.2905367726166684
CD4 T Cells|CD4 T Cells|CD40LG|CD53,CD4 T Cells,CD4 T Cells,CD40LG,CD53,-0.031094068090797455,-0.1976988304618466,0.1355106942802517,56,0.7145177620442084,0.9073298415506102,11,0.40668554765002063,33,0.34695842416967465,5,0.41940202615414607,7,0.39076897076459755
pDCs|CD8 T Cells|HLA-DRB5|LAG3,pDCs,CD8 T Cells,HLA-DRB5,LAG3,-0.061237723170061154,-0.38791855490219956,0.26544310856207726,38,0.7133179449420955,0.9073298415506102,9,0.3062373690635478,18,0.35212101506296256,5,0.28676035581593373,6,0.39388172498540963
NK Cells|NK Cells|ICAM2|ITGAM_ITGB2,NK Cells,NK Cells,ICAM2,ITGAM_ITGB2,-0.04539161157274575,-0.288266149887463,0.19748292674197154,54,0.714138217500991,0.9073298415506102,11,0.06489858412320249,32,0.06065107242908291,5,0.06317327858860182,6,0.104317378467228
NK Cells|pDCs|GNAS|ADCY7,NK Cells,pDCs,GNAS,ADCY7,-0.03171046594570064,-0.20111072104762295,0.13768978915622165,34,0.7137005795540186,0.9073298415506102,6,0.022465948533237894,17,0.0595710015409396,5,0.04383047625779755,6,0.11264599521119989
Classical Monocytes|CD4 T Cells|ARF6|SMAP1,Classical Monocytes,CD4 T Cells,ARF6,SMAP1,-0.0386507603619578,-0.24659681055797622,0.1692952898340606,55,0.7156363258895426,0.9082938199512176,11,0.30513010198034624,32,0.29708757269600033,5,0.4249483189427214,7,0.4555565500203333
Classical Monocytes|Non-classical Monocytes|PTPN6|CLEC12A,Classical Monocytes,Non-classical Monocytes,PTPN6,CLEC12A,-0.045948774548806304,-0.294629552964513,0.20273200386690038,56,0.7172453519101758,0.9098790182113525,11,0.26817841714752105,33,0.2319625984934472,5,0.21234924519737164,7,0.2220822010921041
pDCs|Classical Monocytes|ICAM3|ITGAL,pDCs,Classical Monocytes,ICAM3,ITGAL,-0.03810589690017678,-0.24472039737462714,0.16850860357427355,43,0.7177436345599568,0.9100542722192728,10,0.07836231193198409,21,0.14924946156476188,5,0.02429619801845877,7,0.13328924455141333
Non-classical Monocytes|Non-classical Monocytes|LRPAP1|LRP1,Non-classical Monocytes,Non-classical Monocytes,LRPAP1,LRP1,0.016639462468306294,-0.07373622675783369,0.10701515169444627,56,0.7182059603288531,0.9101837822221724,11,0.07435685660748306,33,0.10849989586585093,5,0.002759578675800878,7,0.020263155465862454
Classical Monocytes|Non-classical Monocytes|LGALS1|CD69,Classical Monocytes,Non-classical Monocytes,LGALS1,CD69,0.02432912787122865,-0.10914292458964384,0.15780118033210114,56,0.7208972340539593,0.9131364964683485,11,0.7371414098004775,33,0.7827380954133328,5,0.8130035347161504,7,0.8342710924577771
pDCs|Non-classical Monocytes|LGALS1|ITGB1,pDCs,Non-classical Monocytes,LGALS1,ITGB1,0.04388311765093375,-0.19910407730611618,0.2868703126079837,44,0.7233639793018946,0.9148852731210648,10,0.15958055796752804,22,0.3204510808290641,5,0.13746415099525938,7,0.2544515562058617
pDCs|pDCs|HMGB1|CXCR4,pDCs,pDCs,HMGB1,CXCR4,0.01401465101023458,-0.06351202780785423,0.09154132982832339,44,0.7231091486124672,0.9148852731210648,10,0.8934585050539242,22,0.9266688218774639,5,0.8743707446626281,7,0.8935664104759332
Non-classical Monocytes|CD8 T Cells|HLA-B|CD8A,Non-classical Monocytes,CD8 T Cells,HLA-B,CD8A,-0.006443275183082076,-0.04206153055443865,0.029174980188274496,56,0.7229239028114367,0.9148852731210648,11,0.9709707927016588,33,0.9825709276080214,5,0.9614082335698069,7,0.9794516436592516
Classical Monocytes|Non-classical Monocytes|MIF|CD74_CXCR4,Classical Monocytes,Non-classical Monocytes,MIF,CD74_CXCR4,-0.04644714151706311,-0.3048603753471909,0.21196609231306465,56,0.7246256434190546,0.9155645004599754,11,0.17306434523166814,33,0.27253395209554954,5,0.23250147841477906,7,0.37841822679572357
Classical Monocytes|Classical Monocytes|TIMP1|CD63,Classical Monocytes,Classical Monocytes,TIMP1,CD63,0.04249778692270456,-0.19371289099513642,0.27870846484054557,56,0.7243685088139361,0.9155645004599754,11,0.2591845341380834,33,0.46243404443344827,5,0.34296097322808494,7,0.5037126966007452
Classical Monocytes|CD4 T Cells|ADAM15|ITGB1,Classical Monocytes,CD4 T Cells,ADAM15,ITGB1,-0.029769438937256365,-0.1968479629685156,0.13730908509400286,53,0.7269247545282812,0.9180104221354155,10,0.428652855436013,31,0.3167437123084114,5,0.5214748078654438,7,0.43933510367509854
Classical Monocytes|CD8 T Cells|HLA-B|CD3D,Classical Monocytes,CD8 T Cells,HLA-B,CD3D,-0.0006501870177093583,-0.004330484741778258,0.0030301107063595415,56,0.7291466635569541,0.9181196553372073,11,0.9960258489340682,33,0.9973831961676412,5,0.9961231246194264,7,0.9981306588707087
CD8 T Cells|pDCs|S100A9|CD36,CD8 T Cells,pDCs,S100A9,CD36,-0.049569273657253526,-0.3301284744064479,0.2309899270919408,40,0.7291270718568617,0.9181196553372073,8,0.21308893388636352,22,0.3149925269157442,5,0.09600524093878718,5,0.24747810762542138
Classical Monocytes|CD8 T Cells|CALM1|PTPRA,Classical Monocytes,CD8 T Cells,CALM1,PTPRA,-0.04717512218706066,-0.314065905346262,0.21971566097214068,55,0.729012356919931,0.9181196553372073,11,0.46015423346259543,32,0.4177841209158269,5,0.3775973731252658,7,0.38240238276555794
Non-classical Monocytes|pDCs|ARF6|SMAP1,Non-classical Monocytes,pDCs,ARF6,SMAP1,0.04502866993906107,-0.21025027069777025,0.3003076105758924,36,0.7295545183684655,0.9181196553372073,9,0.1346885665208607,16,0.30005074981425583,5,0.3032701149106018,6,0.42360362826493586
NK Cells|NK Cells|ICAM2|ITGAL_ITGB2,NK Cells,NK Cells,ICAM2,ITGAL_ITGB2,-0.023257396549264835,-0.15438158087036363,0.10786678777183395,55,0.7281125774372564,0.9181196553372073,11,0.16475019022356968,32,0.19824836773643753,5,0.0,7,0.056755574062132684
pDCs|B Cells|MIF|CD44_CD74,pDCs,B Cells,MIF,CD44_CD74,-0.04410798902175045,-0.2938612194618355,0.2056452414183346,44,0.7292360391022599,0.9181196553372073,10,0.2551554337890684,22,0.24836623201701666,5,0.2435955140967267,7,0.2809143013464254
CD8 T Cells|Classical Monocytes|GNAI2|FPR1,CD8 T Cells,Classical Monocytes,GNAI2,FPR1,-0.03621493528118919,-0.2402675246725673,0.16783765411018892,56,0.7279518226327751,0.9181196553372073,11,0.2463608543317423,33,0.25719907060751995,5,0.24568347247267514,7,0.29273662402964196
Non-classical Monocytes|Non-classical Monocytes|IL16|CD4,Non-classical Monocytes,Non-classical Monocytes,IL16,CD4,-0.024428170277764394,-0.16341865608988998,0.11456231553436119,53,0.7304913317824981,0.9187620416468419,11,0.07378199097686743,30,0.026007434415487855,5,0.06681930402180673,7,0.043472917738191556
NK Cells|NK Cells|MIF|CD74_CXCR4,NK Cells,NK Cells,MIF,CD74_CXCR4,0.06379824033668235,-0.29962059945905145,0.42721708013241616,56,0.7307921265176701,0.9187620416468419,11,0.48219178254296313,33,0.6363338524093675,5,0.5117361459873203,7,0.6020799755170423
pDCs|pDCs|HLA-DMB|CD4,pDCs,pDCs,HLA-DMB,CD4,0.046025235618459975,-0.22079128040899013,0.3128417516459101,43,0.7352959075971515,0.9198479002465355,10,0.37813287075121443,21,0.28738739818469117,5,0.28321405366782326,7,0.14644334548284002
CD8 T Cells|B Cells|LTB|CD40,CD8 T Cells,B Cells,LTB,CD40,-0.04967993248443381,-0.33662449626945434,0.23726463130058673,56,0.7343559486186936,0.9198479002465355,11,0.20378194446107656,33,0.2394120601025197,5,0.3916975604326444,7,0.47700760855852137
Classical Monocytes|CD4 T Cells|LGALS9|CD47,Classical Monocytes,CD4 T Cells,LGALS9,CD47,0.030992808584780096,-0.1478432915730059,0.2098289087425661,56,0.7341070338138058,0.9198479002465355,11,0.312458731797306,33,0.25324688188410466,5,0.36796780990459343,7,0.277763151406612
NK Cells|CD8 T Cells|HMGB1|CXCR4,NK Cells,CD8 T Cells,HMGB1,CXCR4,-0.006644185639038458,-0.04513002396670663,0.031841652688629714,56,0.7350861125190524,0.9198479002465355,11,0.9424251586304409,33,0.9336872904627276,5,0.9897120617970927,7,0.9876183792684179
Classical Monocytes|B Cells|LGALS1|CD69,Classical Monocytes,B Cells,LGALS1,CD69,0.0007505466657347082,-0.0035715096389630522,0.005072602970432469,56,0.7335872932500423,0.9198479002465355,11,0.9956897096748833,33,0.9965397975316248,5,0.9978676075870718,7,0.9979671487780786
CD4 T Cells|Classical Monocytes|MIF|CD74_CXCR4,CD4 T Cells,Classical Monocytes,MIF,CD74_CXCR4,0.05895743001461945,-0.27995865673647746,0.39787351676571636,56,0.7331390023963338,0.9198479002465355,11,0.37552011533568846,33,0.4641660519261864,5,0.25929440230279754,7,0.288982908878676
Non-classical Monocytes|NK Cells|TNFSF13B|HLA-DPB1,Non-classical Monocytes,NK Cells,TNFSF13B,HLA-DPB1,-0.060599492801719834,-0.41159890229884066,0.290399916695401,56,0.7350733164259771,0.9198479002465355,11,0.22779374486246756,33,0.32741860429811603,5,0.25261659325136276,7,0.41284094548873107
pDCs|CD8 T Cells|HLA-F|CD8A,pDCs,CD8 T Cells,HLA-F,CD8A,0.04657483470506185,-0.22193031569056698,0.3150799851006907,44,0.7338754667684085,0.9198479002465355,10,0.2814109692383275,22,0.27345413770826255,5,0.3273155941988421,7,0.2727839279637153
NK Cells|Non-classical Monocytes|HLA-DPB1|CD4,NK Cells,Non-classical Monocytes,HLA-DPB1,CD4,-0.045053594630476035,-0.30564698696150666,0.2155397977005546,56,0.7347188243590861,0.9198479002465355,11,0.25704677810276116,33,0.33279964120399064,5,0.15201966284856316,7,0.27282612058026867
Classical Monocytes|CD8 T Cells|HLA-B|CD8A,Classical Monocytes,CD8 T Cells,HLA-B,CD8A,-0.008981398532784679,-0.06080045676984561,0.04283765970427625,56,0.7340783402428201,0.9198479002465355,11,0.9492066404950786,33,0.9724568133851977,5,0.9373890850158348,7,0.9696206564387386
Non-classical Monocytes|Non-classical Monocytes|HMGB1|HAVCR2,Non-classical Monocytes,Non-classical Monocytes,HMGB1,HAVCR2,0.03575026280022481,-0.17236816584003337,0.24386869144048298,53,0.7363584497532789,0.9203188673934444,11,0.39808287293040256,30,0.4411966014013868,5,0.38142399494303103,7,0.38878746061379044
NK Cells|pDCs|IL16|CD4,NK Cells,pDCs,IL16,CD4,-0.04222557020966272,-0.28808068010002563,0.20362953968070016,43,0.7364007716143824,0.9203188673934444,10,0.24358147003496114,21,0.2954831433979289,5,0.2744922568152928,7,0.36861950038792335
NK Cells|CD8 T Cells|HLA-A|CD8B,NK Cells,CD8 T Cells,HLA-A,CD8B,0.012906886647052973,-0.06308671012366265,0.0889004834177686,56,0.739222041048584,0.9229318664672786,11,0.9342735260222393,33,0.9765210956964102,5,0.9592870868181145,7,0.9886277698452324
Non-classical Monocytes|NK Cells|CD14|ITGA4,Non-classical Monocytes,NK Cells,CD14,ITGA4,0.05703814415118408,-0.2786211117582313,0.39269740006059944,56,0.7390934081227087,0.9229318664672786,11,0.25977484197179185,33,0.39215039450305045,5,0.20631421589190763,7,0.28165162427198215
Non-classical Monocytes|Classical Monocytes|LGALS9|CD47,Non-classical Monocytes,Classical Monocytes,LGALS9,CD47,-0.03114034381295977,-0.21663027766394516,0.15434959003802562,56,0.7421240504172426,0.9260975187182084,11,0.3362562990026177,33,0.2869500607713508,5,0.37584343147574995,7,0.3576775370574428
CD8 T Cells|Non-classical Monocytes|HLA-DRA|CD4,CD8 T Cells,Non-classical Monocytes,HLA-DRA,CD4,-0.0413963654029183,-0.28839761693864374,0.2056048861328071,56,0.7425474961886542,0.926168570024052,11,0.3191425192543331,33,0.2970961841152034,5,0.18751011835970946,7,0.20686014862349802
Classical Monocytes|NK Cells|PKM|CD44,Classical Monocytes,NK Cells,PKM,CD44,-0.04059738997855564,-0.2841307229027623,0.20293594294565107,56,0.7438728023758892,0.927363873509557,11,0.09336639326114726,33,0.20925028646817154,5,0.20487013313187558,7,0.3613514163174555
pDCs|NK Cells|HLA-F|CD8A,pDCs,NK Cells,HLA-F,CD8A,0.037709005326541756,-0.19072858603522944,0.266146596688313,31,0.7462876650923534,0.9299156458029473,7,0.045699953666983574,12,0.06949067004097548,5,0.22043770618921613,7,0.20651941723666628
CD4 T Cells|B Cells|MIF|CD44_CD74,CD4 T Cells,B Cells,MIF,CD44_CD74,-0.031059613545932757,-0.21995588939892655,0.15783666230706103,56,0.7472476726327839,0.9306529663593125,11,0.23312087434452264,33,0.26553372748926835,5,0.21485786508149357,7,0.27833033177217203
pDCs|pDCs|MIF|TNFRSF14,pDCs,pDCs,MIF,TNFRSF14,0.04342488761409738,-0.2213339744956855,0.3081837497238803,44,0.7478565775305996,0.9306881205762675,10,0.3919342674448471,22,0.3373453140042297,5,0.2689070520542334,7,0.17089321099951857
NK Cells|Non-classical Monocytes|CALM1|PTPRA,NK Cells,Non-classical Monocytes,CALM1,PTPRA,0.0362108382685738,-0.1847058167013221,0.25712749323846973,51,0.7480124942185988,0.9306881205762675,11,0.3250095665154252,28,0.38424012166725025,5,0.3791551226384615,7,0.4021748395217128
pDCs|NK Cells|MIF|CD44_CD74,pDCs,NK Cells,MIF,CD44_CD74,0.03782857745153334,-0.19377340133945825,0.26943055624252493,44,0.7488700860396001,0.9310145257845635,10,0.1785886736833834,22,0.29236247275028826,5,0.3389579502584398,7,0.41490317187381126
Classical Monocytes|Non-classical Monocytes|CALM1|PTPRA,Classical Monocytes,Non-classical Monocytes,CALM1,PTPRA,0.05406054083750439,-0.2771133766733537,0.38523445834836245,51,0.7490116861575059,0.9310145257845635,11,0.2264079117605554,28,0.3273606294180504,5,0.23526675472066289,7,0.28215893154065347
Non-classical Monocytes|pDCs|TGFB1|CXCR4,Non-classical Monocytes,pDCs,TGFB1,CXCR4,-0.04501453715387066,-0.3215645844793433,0.23153551017160195,44,0.7497062041486711,0.9314196548100746,10,0.6849259095140516,22,0.7085724013658159,5,0.4814026644275324,7,0.5500636934331673
Non-classical Monocytes|CD4 T Cells|VCAN|ITGA4,Non-classical Monocytes,CD4 T Cells,VCAN,ITGA4,-0.04124576069118982,-0.29655737208363897,0.21406585070125936,55,0.7515217241792342,0.9332164113026659,10,0.21046609860132365,33,0.3283921623246408,5,0.137401951739853,7,0.29657377615436
Non-classical Monocytes|B Cells|HBEGF|CD44,Non-classical Monocytes,B Cells,HBEGF,CD44,-0.04662678191685243,-0.3384431191598089,0.24518955532610404,45,0.754154917337255,0.9355667531228491,8,0.16955704247898667,25,0.11358989842253225,5,0.32128142181812447,7,0.3119410596785225
Non-classical Monocytes|pDCs|TNFSF13B|TFRC,Non-classical Monocytes,pDCs,TNFSF13B,TFRC,-0.045794131920622816,-0.33222518804954343,0.2406369242082978,38,0.7540103170227022,0.9355667531228491,8,0.3583226314847403,18,0.39463868133233815,5,0.2809067155107357,7,0.36301689727895636
CD8 T Cells|CD8 T Cells|PKM|CD44,CD8 T Cells,CD8 T Cells,PKM,CD44,-0.032615606898398236,-0.23863182658518897,0.1734006127883925,56,0.7563380652544226,0.9378146667801402,11,0.0856334242943758,33,0.13224621432503866,5,0.18383680367076508,7,0.2630652005998262
Non-classical Monocytes|CD8 T Cells|TIMP2|ITGB1,Non-classical Monocytes,CD8 T Cells,TIMP2,ITGB1,-0.032676481427851636,-0.23955365340818469,0.17420069055248139,56,0.7568815001860515,0.9380282250957097,11,0.23960721192571233,33,0.27581642085902297,5,0.0,7,0.06888569036116228
Non-classical Monocytes|Non-classical Monocytes|S100A8|CD36,Non-classical Monocytes,Non-classical Monocytes,S100A8,CD36,0.048077779638640405,-0.2572773171135469,0.3534328763908277,56,0.7576304707123822,0.9382016405900312,11,0.5756263655441616,33,0.8568111601359254,5,0.4441855826540905,7,0.6772925976072139
CD4 T Cells|Non-classical Monocytes|HMGB1|CXCR4,CD4 T Cells,Non-classical Monocytes,HMGB1,CXCR4,0.026485392620616666,-0.14182626616222044,0.19479705140345377,56,0.7577639685177102,0.9382016405900312,11,0.6250435863294656,33,0.6194838065306703,5,0.7202659083335771,7,0.6882207359141651
CD8 T Cells|CD4 T Cells|MIF|CD44_CD74,CD8 T Cells,CD4 T Cells,MIF,CD44_CD74,-0.05769696205131836,-0.4255369679121749,0.31014304380953817,56,0.7585183419991786,0.9382162751991797,11,0.4847836015474509,33,0.48482191796723834,5,0.3783291843061751,7,0.4360644627772809
Non-classical Monocytes|CD8 T Cells|ICAM2|ITGAL_ITGB2,Non-classical Monocytes,CD8 T Cells,ICAM2,ITGAL_ITGB2,-0.029304657153349956,-0.21608020220654797,0.15747088789984806,56,0.7584522596061356,0.9382162751991797,11,0.13426523018440958,33,0.21329836206247887,5,0.0,7,0.10833778903141925
NK Cells|Non-classical Monocytes|TGFB1|CXCR4,NK Cells,Non-classical Monocytes,TGFB1,CXCR4,0.042521637640281884,-0.23041507293116475,0.3154583482117285,56,0.7601005646260167,0.9387947833870695,11,0.4200393791514308,33,0.38276077840728107,5,0.4575920654178411,7,0.37779182703340947
CD8 T Cells|CD4 T Cells|TIMP1|CD63,CD8 T Cells,CD4 T Cells,TIMP1,CD63,0.016373271619227907,-0.0886149786487617,0.12136152188721752,50,0.7598612537178584,0.9387947833870695,11,0.0,28,0.05344662975278975,5,0.006442012813403642,6,0.04351537094696548
CD8 T Cells|pDCs|CALM1|PTPRA,CD8 T Cells,pDCs,CALM1,PTPRA,-0.03805371217099984,-0.2818031849360515,0.2056957605940518,42,0.759615370360744,0.9387947833870695,10,0.364116849535109,20,0.4040880195266826,5,0.38358847253540757,7,0.46161335469798104
CD4 T Cells|CD4 T Cells|HMGB1|CXCR4,CD4 T Cells,CD4 T Cells,HMGB1,CXCR4,-0.007133193785344383,-0.053075442745630724,0.03880905517494196,56,0.7608897850979188,0.9393104479445241,11,0.908676089979891,33,0.9041803087655264,5,0.9667194640911188,7,0.9693568766620985
pDCs|pDCs|TNFSF13B|TFRC,pDCs,pDCs,TNFSF13B,TFRC,0.06530785745845868,-0.36148748767241834,0.4921032025893357,38,0.7642442754426022,0.9429908613493436,8,0.1419437247925677,18,0.19590790403129327,5,0.1658812466569769,7,0.15453756843724378
Classical Monocytes|CD4 T Cells|GRN|TNFRSF1B,Classical Monocytes,CD4 T Cells,GRN,TNFRSF1B,0.028229352612086478,-0.15692551022430024,0.2133842154484732,56,0.7650751715356479,0.9430867495278329,11,0.28705870802231187,33,0.3759227737402683,5,0.2633937916854701,7,0.32402850479134004
NK Cells|CD8 T Cells|HLA-C|CD8B,NK Cells,CD8 T Cells,HLA-C,CD8B,0.008304242700659659,-0.04624505312325902,0.06285353852457834,56,0.7654187797763439,0.9430867495278329,11,0.9486224595043111,33,0.9776344280587331,5,0.9680793436500243,7,0.9887870695037867
Non-classical Monocytes|pDCs|CD14|ITGA4,Non-classical Monocytes,pDCs,CD14,ITGA4,-0.047452114557772054,-0.3591890145230102,0.26428478540746614,37,0.7654416000322855,0.9430867495278329,7,0.24049933408215998,18,0.3645646522102926,5,0.09901612752546037,7,0.27053356021136504
Non-classical Monocytes|B Cells|LGALS1|CD69,Non-classical Monocytes,B Cells,LGALS1,CD69,0.0011159687814855657,-0.006249074979288356,0.008481012542259487,56,0.7664830302160849,0.9432497643405187,11,0.9932085332480528,33,0.9948575439888436,5,0.9957231231301351,7,0.9962561650894404
CD8 T Cells|CD8 T Cells|ICAM2|ITGAL_ITGB2,CD8 T Cells,CD8 T Cells,ICAM2,ITGAL_ITGB2,0.01142380547788481,-0.06382463551425507,0.0866722464700247,47,0.7660458935169397,0.9432497643405187,11,0.0,24,0.0539615288627191,5,0.0,7,0.04253772338483429
pDCs|Non-classical Monocytes|S100A9|CD36,pDCs,Non-classical Monocytes,S100A9,CD36,0.0443676102466027,-0.24871702340565743,0.3374522438988628,40,0.766693714268075,0.9432497643405187,6,0.1769892916138923,22,0.34588756462772413,5,0.10992072529197634,7,0.23445138805920548
pDCs|Non-classical Monocytes|S100A9|CD68,pDCs,Non-classical Monocytes,S100A9,CD68,0.028716669043524545,-0.16170953345059094,0.21914287153764003,40,0.7675610363038773,0.9436091025985428,6,0.575822777853012,22,0.6516773183623787,5,0.5142427539019196,7,0.5613806253677619
pDCs|Non-classical Monocytes|HLA-A|APLP2,pDCs,Non-classical Monocytes,HLA-A,APLP2,-0.014361045012591611,-0.10966455185178905,0.08094246182660583,44,0.7677326137485572,0.9436091025985428,10,0.8783689580194473,22,0.907128780639953,5,0.8213553897666083,7,0.8644762573997056
pDCs|CD4 T Cells|MIF|CD74_CXCR4,pDCs,CD4 T Cells,MIF,CD74_CXCR4,-0.059038340323619765,-0.45168136403307124,0.3336046833858317,44,0.7682208807369455,0.9437502020526307,10,0.5822666516988271,22,0.6175660070457359,5,0.382739581228215,7,0.47707727689874363
Non-classical Monocytes|CD8 T Cells|TGFB1|ITGB1,Non-classical Monocytes,CD8 T Cells,TGFB1,ITGB1,0.039138164548808974,-0.22284864379220126,0.3011249728898192,56,0.7696760335426875,0.9441608430885299,11,0.18719250114318042,33,0.21167358775729814,5,0.3424777082541977,7,0.3278206303195064
NK Cells|Classical Monocytes|GNAI2|C5AR1,NK Cells,Classical Monocytes,GNAI2,C5AR1,-0.0388872691165536,-0.2987945442597755,0.22102000602666827,56,0.7693315435387604,0.9441608430885299,11,0.2488670743531795,33,0.24451585657008051,5,0.32226166483871266,7,0.35679771617216727
Non-classical Monocytes|pDCs|VIM|CD44,Non-classical Monocytes,pDCs,VIM,CD44,-0.020647523699070303,-0.15880785385656412,0.11751280645842352,44,0.7695917167533645,0.9441608430885299,10,0.8527473504189009,22,0.8026541123932488,5,0.8526682604142888,7,0.823222546087707
Classical Monocytes|pDCs|S100A9|CD36,Classical Monocytes,pDCs,S100A9,CD36,-0.010029590655066145,-0.07742125337340937,0.05736207206327708,43,0.7705218134798291,0.9447397489876409,9,0.9727761789281278,22,0.937773958354287,5,0.9640856879023125,7,0.9391130579835378
Non-classical Monocytes|Classical Monocytes|HLA-DMB|CD4,Non-classical Monocytes,Classical Monocytes,HLA-DMB,CD4,-0.022437295340512198,-0.17367962729090006,0.12880503660987566,56,0.7712294666778936,0.9450885535050759,11,0.226926293188081,33,0.2662413479466948,5,0.31644130323346276,7,0.37819365333258875
Non-classical Monocytes|pDCs|VCAN|ITGB1,Non-classical Monocytes,pDCs,VCAN,ITGB1,0.045358454868981185,-0.26083496123554895,0.35155187097351126,43,0.77155428804154,0.9450885535050759,9,0.18876381770052741,22,0.3266680100131149,5,0.2300196161941904,7,0.3225653536377967
pDCs|pDCs|HLA-DRB5|CD4,pDCs,pDCs,HLA-DRB5,CD4,-0.07387966051994621,-0.5753190428746503,0.4275597218347579,38,0.7727561344240231,0.9452364381122699,9,0.5476261435207201,18,0.4522481360016073,5,0.4503072817242163,6,0.4288089347250496
pDCs|Non-classical Monocytes|PTDSS1|JMJD6,pDCs,Non-classical Monocytes,PTDSS1,JMJD6,0.08257332160453917,-0.4762010428102866,0.641347686019365,35,0.7720953190561288,0.9452364381122699,7,0.3351064631314686,17,0.44170714823630536,5,0.29952657050986076,6,0.32355393401015836
Non-classical Monocytes|pDCs|LGALS9|PTPRC,Non-classical Monocytes,pDCs,LGALS9,PTPRC,-0.032965836574930935,-0.2567546242285923,0.19082295107873046,44,0.7727971828808665,0.9452364381122699,10,0.1777145956155123,22,0.2740149370076003,5,0.11805521557015664,7,0.24732139353717558
pDCs|pDCs|SELPLG|ITGB2,pDCs,pDCs,SELPLG,ITGB2,0.034905307858894535,-0.2030500610148605,0.2728606767326496,44,0.7737263562838935,0.9454576897144096,10,0.19115388283306992,22,0.1801942549177629,5,0.22543688601919704,7,0.17957195024499548
Classical Monocytes|CD8 T Cells|TGFB1|ITGB1,Classical Monocytes,CD8 T Cells,TGFB1,ITGB1,0.040632452801974084,-0.23608746471502207,0.31735237031897023,55,0.7735049501214828,0.9454576897144096,11,0.22137275909126075,33,0.20322481923654162,5,0.2893155898356523,6,0.2305351971789591
B Cells|pDCs|HLA-DQB1|CD4,B Cells,pDCs,HLA-DQB1,CD4,-0.021680499180931512,-0.1715595730522317,0.1281985746903687,43,0.7767819215415863,0.946541130414878,10,0.8554862441634284,21,0.792924503060482,5,0.8173373705310176,7,0.7764561286090027
Non-classical Monocytes|CD4 T Cells|HBEGF|CD82,Non-classical Monocytes,CD4 T Cells,HBEGF,CD82,0.0351019670718069,-0.2082289848272701,0.2784329189708839,45,0.7773786782374175,0.946541130414878,8,0.18958321790038685,25,0.2079536776604811,5,0.06357165007949242,7,0.046840142767779765
CD4 T Cells|NK Cells|MIF|CD74_CXCR4,CD4 T Cells,NK Cells,MIF,CD74_CXCR4,0.04618453782636267,-0.2746757427651048,0.36704481841783015,56,0.777854058811822,0.946541130414878,11,0.5724192562080047,33,0.6836606212908033,5,0.5751588706057038,7,0.6402156978621397
Non-classical Monocytes|Classical Monocytes|MFNG|NOTCH2,Non-classical Monocytes,Classical Monocytes,MFNG,NOTCH2,0.008070343500622336,-0.04751107256347886,0.06365175956472353,56,0.7759628584121797,0.946541130414878,11,0.02305979582730956,33,0.031130139327931895,5,0.0,7,0.0
NK Cells|CD4 T Cells|TGFB1|CXCR4,NK Cells,CD4 T Cells,TGFB1,CXCR4,0.03448842858700518,-0.20525902583833455,0.2742358830123449,56,0.7779841424106457,0.946541130414878,11,0.8440499751634875,33,0.7696258039225591,5,0.8549844775868258,7,0.7460718777588923
Classical Monocytes|B Cells|MIF|TNFRSF14,Classical Monocytes,B Cells,MIF,TNFRSF14,-0.03989963928165091,-0.31639738107998877,0.23659810251668695,56,0.7773071570782327,0.946541130414878,11,0.33245464499167304,33,0.3466192137040798,5,0.13060053126649238,7,0.18466473926055002
Non-classical Monocytes|pDCs|MIF|TNFRSF14,Non-classical Monocytes,pDCs,MIF,TNFRSF14,-0.04868480750760995,-0.38536869948085284,0.28799908446563294,44,0.776860543217897,0.946541130414878,10,0.3377338698857053,22,0.304722441442731,5,0.1774835966645117,7,0.1931569757291473
Non-classical Monocytes|CD8 T Cells|APP|CD74,Non-classical Monocytes,CD8 T Cells,APP,CD74,-0.026015460824699854,-0.2043977484075934,0.15236682675819369,49,0.7749982089881219,0.946541130414878,6,0.45876314888554653,31,0.3947715727648086,5,0.41657139072513677,7,0.3785952754290987
Non-classical Monocytes|CD4 T Cells|LGALS9|CD47,Non-classical Monocytes,CD4 T Cells,LGALS9,CD47,-0.0359959137344153,-0.28338171882349733,0.21138989135466674,56,0.7755024931632364,0.946541130414878,11,0.1397373753727197,33,0.1683006327411758,5,0.13727989984433236,7,0.20183907094720374
Non-classical Monocytes|Classical Monocytes|VCAN|ITGB1,Non-classical Monocytes,Classical Monocytes,VCAN,ITGB1,0.04771176210065031,-0.28465950324762246,0.3800830274489231,55,0.7784403952398486,0.9466404613912885,10,0.23635836961213524,33,0.30836656505634874,5,0.2806890688821875,7,0.30498550222575066
NK Cells|Classical Monocytes|GNAI2|FPR1,NK Cells,Classical Monocytes,GNAI2,FPR1,0.028654423890037473,-0.1736896105370875,0.23099845831716245,56,0.7813538269477016,0.9477980501462576,11,0.28633241775436785,33,0.28336743296812716,5,0.3785288121308467,7,0.34690940345456855
Non-classical Monocytes|Non-classical Monocytes|TNFSF13B|HLA-DPB1,Non-classical Monocytes,Non-classical Monocytes,TNFSF13B,HLA-DPB1,-0.010051836271713022,-0.08118689646350206,0.06108322392007602,56,0.7818143739945149,0.9477980501462576,11,0.8278609575840586,33,0.8097035992152797,5,0.9207741710582915,7,0.9126686489612256
CD4 T Cells|CD4 T Cells|LGALS1|ITGB1,CD4 T Cells,CD4 T Cells,LGALS1,ITGB1,0.034656011974016854,-0.2110140458256692,0.2803260697737029,56,0.7821741742939724,0.9477980501462576,11,0.14537099934863634,33,0.2599661546875461,5,0.32861991489351317,7,0.40855905825840605
B Cells|pDCs|GNAI2|ADCY7,B Cells,pDCs,GNAI2,ADCY7,0.058374385080286445,-0.3558574239666873,0.47260619412726024,32,0.7823928502592375,0.9477980501462576,6,0.1450506186545917,15,0.09406120008645086,5,0.205815349565131,6,0.09645154591670373
Classical Monocytes|Classical Monocytes|ADAM17|ITGB1,Classical Monocytes,Classical Monocytes,ADAM17,ITGB1,0.02966273373078379,-0.17891332667963264,0.23823879414120022,56,0.7804465755340285,0.9477980501462576,11,0.06302457564289086,33,0.08564921319050521,5,0.12331062272062654,7,0.1162725265374571
pDCs|pDCs|TGFB1|ITGB1,pDCs,pDCs,TGFB1,ITGB1,0.04160203489894543,-0.2505768178106883,0.33378088760857916,42,0.780190743830148,0.9477980501462576,10,0.20392561345435825,22,0.21566424245969049,5,0.18622708611398936,5,0.15636368022037617
pDCs|Classical Monocytes|S100A8|ITGB2,pDCs,Classical Monocytes,S100A8,ITGB2,0.045024656188929146,-0.27305505953657055,0.36310437191442885,42,0.7814454856230921,0.9477980501462576,9,0.3196200842892935,22,0.4729290457444838,5,0.30269230985396467,6,0.4109766151202258
NK Cells|NK Cells|SELPLG|ITGAM,NK Cells,NK Cells,SELPLG,ITGAM,-0.01306863368036229,-0.10546284542294346,0.07932557806221888,55,0.7816067960256647,0.9477980501462576,11,0.14990488159974236,33,0.13683624791938007,5,0.0,6,0.0
Non-classical Monocytes|Non-classical Monocytes|HLA-A|LILRB2,Non-classical Monocytes,Non-classical Monocytes,HLA-A,LILRB2,-0.00715453315997816,-0.058189317020337625,0.043880250700381304,56,0.7834959624244363,0.9486795865100864,11,0.9424686274489008,33,0.9399408536290718,5,0.9227481643303126,7,0.9273749236704617
pDCs|CD8 T Cells|HLA-B|CD8B,pDCs,CD8 T Cells,HLA-B,CD8B,-0.011308177301999067,-0.09341767380033039,0.07080131919633226,44,0.7872159447217324,0.950245073001688,10,0.9164054271885413,22,0.9618790863902208,5,0.9261806647245177,7,0.9829625012281962
CD8 T Cells|Non-classical Monocytes|PSAP|LRP1,CD8 T Cells,Non-classical Monocytes,PSAP,LRP1,-0.028876320409930697,-0.23852926062912433,0.1807766198092629,56,0.7871960164031002,0.950245073001688,11,0.21386944965455326,33,0.31262630507075734,5,0.09007356022603104,7,0.2177067360521658
pDCs|pDCs|GNAI2|ADCY7,pDCs,pDCs,GNAI2,ADCY7,-0.0401066604097143,-0.32884613652806344,0.24863281570863485,34,0.7854343586335473,0.950245073001688,6,0.1447487091479878,17,0.22957128635153007,5,0.053275983639008186,6,0.17820522125226476
CD8 T Cells|pDCs|TNF|TRADD,CD8 T Cells,pDCs,TNF,TRADD,0.06836296485013926,-0.429418538097078,0.5661444677973565,33,0.7877971618276757,0.950245073001688,6,0.17270204016651394,15,0.1223389610479589,5,0.40373690134199236,7,0.28501085737329807
CD4 T Cells|CD4 T Cells|S100A9|ITGB2,CD4 T Cells,CD4 T Cells,S100A9,ITGB2,0.04125788260251534,-0.2590917592598862,0.3416075244649169,53,0.7877505694508438,0.950245073001688,10,0.36276089466256656,32,0.30533315715010095,5,0.36716570599254933,6,0.2684800858775684
NK Cells|CD8 T Cells|HLA-E|CD8A,NK Cells,CD8 T Cells,HLA-E,CD8A,-0.011907184922705927,-0.09801814463749717,0.07420377479208531,56,0.7863768887416718,0.950245073001688,11,0.9126236992917686,33,0.9256487111768595,5,0.8749420063052302,7,0.8998742031130271
pDCs|NK Cells|MIF|CD74_CXCR4,pDCs,NK Cells,MIF,CD74_CXCR4,0.05471260440954007,-0.3393993339846498,0.4488245428037299,44,0.7855512248518234,0.950245073001688,10,0.5114821274260907,22,0.6510233265567849,5,0.5254647697637217,7,0.6102933644848758
Non-classical Monocytes|CD8 T Cells|VCAN|ITGA4,Non-classical Monocytes,CD8 T Cells,VCAN,ITGA4,-0.04091602814118195,-0.3361866134959163,0.2543545572135524,55,0.7859336347493608,0.950245073001688,10,0.17907420483940412,33,0.3131948962946499,5,0.1709433515693995,7,0.34598007116582724
pDCs|NK Cells|PTDSS1|JMJD6,pDCs,NK Cells,PTDSS1,JMJD6,-0.05385593353585032,-0.44776518328586096,0.3400533162141603,37,0.7887227462772114,0.9502731824723075,7,0.1478031137635085,19,0.22027168191926744,5,0.02184045707405684,6,0.1481649587656661
NK Cells|pDCs|PKM|CD44,NK Cells,pDCs,PKM,CD44,-0.030722320434304395,-0.25979580065546837,0.19835115978685958,44,0.792657187049334,0.9502731824723075,10,0.2693974108875794,22,0.19558097838578067,5,0.28562116028487766,7,0.24252704821738336
Classical Monocytes|NK Cells|TGFB1|CXCR4,Classical Monocytes,NK Cells,TGFB1,CXCR4,0.04440700345578674,-0.2890988283540529,0.37791283526562636,55,0.7941130744749733,0.9502731824723075,11,0.34803633757748553,33,0.49942955522949706,5,0.5871905942432218,6,0.6941768084394466
Non-classical Monocytes|CD8 T Cells|HLA-DPA1|LAG3,Non-classical Monocytes,CD8 T Cells,HLA-DPA1,LAG3,0.033925986847905376,-0.2237576926194504,0.29160966631526114,55,0.7963729946877143,0.9502731824723075,11,0.483348692829562,32,0.6186131583688819,5,0.5844796054179988,7,0.6858180841094133
Non-classical Monocytes|pDCs|LGALS9|CD47,Non-classical Monocytes,pDCs,LGALS9,CD47,-0.03557351078273771,-0.3028278878831919,0.23168086631771653,44,0.7941807835706061,0.9502731824723075,10,0.14289852473772768,22,0.20890819058779897,5,0.142477765593432,7,0.244060942226241
CD4 T Cells|Non-classical Monocytes|TGFB1|LPP,CD4 T Cells,Non-classical Monocytes,TGFB1,LPP,-0.052139508727474304,-0.43544538314358483,0.3311663656886362,53,0.7897727095996983,0.9502731824723075,11,0.031081985787860266,31,0.033469783463000904,5,0.21252040468496897,6,0.2670477110875839
Classical Monocytes|Non-classical Monocytes|HLA-DPB1|CD4,Classical Monocytes,Non-classical Monocytes,HLA-DPB1,CD4,-0.029678088414604314,-0.2506685653081131,0.1913123884789045,56,0.7923849535432516,0.9502731824723075,11,0.22855470248176576,33,0.217710537297485,5,0.1538038980975704,7,0.17263782132789393
Non-classical Monocytes|pDCs|CD14|ITGB2,Non-classical Monocytes,pDCs,CD14,ITGB2,0.031416537377157966,-0.19844471601895117,0.26127779077326707,44,0.7887915241144928,0.9502731824723075,10,0.2558454588363538,22,0.3073291433502616,5,0.19957536570749804,7,0.2196425128442479
Classical Monocytes|Non-classical Monocytes|GNAI2|C5AR1,Classical Monocytes,Non-classical Monocytes,GNAI2,C5AR1,-0.026257725277986144,-0.22055870126967467,0.16804325071370238,56,0.7911108136263391,0.9502731824723075,11,0.21891399479653406,33,0.19719187681728315,5,0.2602297527138681,7,0.2647653600126033
Non-classical Monocytes|NK Cells|MIF|CD74_CXCR4,Non-classical Monocytes,NK Cells,MIF,CD74_CXCR4,0.04529662942784246,-0.29586465919145855,0.38645791804714347,56,0.7946878111418046,0.9502731824723075,11,0.36692140473873835,33,0.4899480132747432,5,0.4763916836464368,7,0.5541216627545992
Non-classical Monocytes|pDCs|ADAM15|ITGB1,Non-classical Monocytes,pDCs,ADAM15,ITGB1,-0.03613891656579158,-0.3010005220104863,0.22872268887890315,40,0.7891409063247571,0.9502731824723075,7,0.20479385799512695,21,0.2069781994548062,5,0.03855941276398354,7,0.07688267078945436
pDCs|CD8 T Cells|TGFB1|ITGB1,pDCs,CD8 T Cells,TGFB1,ITGB1,-0.04219214119450512,-0.360749868959384,0.2763655865703737,42,0.7951784122390799,0.9502731824723075,10,0.17362019185180264,22,0.25898966975402304,5,0.16704329860729278,5,0.2946049177040183
pDCs|CD8 T Cells|HLA-DRB1|LAG3,pDCs,CD8 T Cells,HLA-DRB1,LAG3,-0.030435593893299917,-0.25864340436599137,0.19777221657939154,43,0.7937869418468854,0.9502731824723075,10,0.5488882832501528,21,0.7015936809728167,5,0.42971131069483287,7,0.6128523023107967
CD8 T Cells|Classical Monocytes|CALR|LRP1,CD8 T Cells,Classical Monocytes,CALR,LRP1,-0.023870440156036787,-0.20469534173566417,0.1569544614235906,56,0.7958419654511097,0.9502731824723075,11,0.3714697637626942,33,0.4170266206985608,5,0.40001029563175833,7,0.4694375927236617
Classical Monocytes|CD4 T Cells|TGFB1|ITGB1,Classical Monocytes,CD4 T Cells,TGFB1,ITGB1,-0.040625861898659854,-0.3464801965499789,0.2652284727526592,55,0.7946037682215845,0.9502731824723075,11,0.05445209816449895,33,0.12572903126875187,5,0.23775687690905828,6,0.34965967191197106
CD8 T Cells|pDCs|HLA-DPB1|CD4,CD8 T Cells,pDCs,HLA-DPB1,CD4,0.042991187529537456,-0.281114135820224,0.3670965108792989,43,0.7948785411258106,0.9502731824723075,10,0.3510046028786439,21,0.39760280046191554,5,0.27515098088123413,7,0.27875799093496834
CD4 T Cells|Classical Monocytes|PSAP|LRP1,CD4 T Cells,Classical Monocytes,PSAP,LRP1,-0.02597983914960636,-0.21971863132126737,0.16775895302205465,56,0.7926848647614047,0.9502731824723075,11,0.15570411168798354,33,0.19118472265235653,5,0.16148233974896203,7,0.2229427898629414
B Cells|NK Cells|ADAM28|ITGA4,B Cells,NK Cells,ADAM28,ITGA4,0.030391636139334294,-0.20055899766208155,0.26134226994075016,56,0.7964695688469914,0.9502731824723075,11,0.21146494318321105,33,0.18801020905734783,5,0.1715153277570606,7,0.11766895749186308
NK Cells|B Cells|HMGB1|CXCR4,NK Cells,B Cells,HMGB1,CXCR4,-0.0033715636166482543,-0.028817979644906545,0.022074852411610037,56,0.7951040139965978,0.9502731824723075,11,0.988075269386414,33,0.9709804483367147,5,0.9874886664140442,7,0.9737654089809932
CD8 T Cells|pDCs|MIF|TNFRSF14,CD8 T Cells,pDCs,MIF,TNFRSF14,0.03867329029674077,-0.24979902766556344,0.327145608259045,44,0.7927375187120074,0.9502731824723075,10,0.38292784062914514,22,0.30982247240323785,5,0.30484056855431935,7,0.1930619100316713
Non-classical Monocytes|Classical Monocytes|APP|CD74,Non-classical Monocytes,Classical Monocytes,APP,CD74,0.024483578929673233,-0.1569118813602239,0.20587903921957038,49,0.7913613923690483,0.9502731824723075,6,0.3611906507524685,31,0.31792632649408964,5,0.3387291360684558,7,0.2709812328804037
Classical Monocytes|B Cells|HMGB1|CXCR4,Classical Monocytes,B Cells,HMGB1,CXCR4,-0.00730042391981367,-0.06256900611397635,0.04796815827434901,56,0.7957189314458603,0.9502731824723075,11,0.9633251761170167,33,0.9250313835413646,5,0.9641533422783292,7,0.9331599736224907
CD8 T Cells|CD8 T Cells|HMGB1|CXCR4,CD8 T Cells,CD8 T Cells,HMGB1,CXCR4,-0.005963238969596829,-0.050737996060789485,0.03881151812159583,56,0.7940662934335367,0.9502731824723075,11,0.9205753974501765,33,0.9169053186663921,5,0.983790439611149,7,0.9860835997969615
CD8 T Cells|Classical Monocytes|LGALS1|PTPRC,CD8 T Cells,Classical Monocytes,LGALS1,PTPRC,-0.035886368485663206,-0.31133750036752095,0.23956476339619456,56,0.798454065748753,0.9517421812014617,11,0.5083891967567568,33,0.6290269059188356,5,0.23267267496183966,7,0.3891967526095817
pDCs|NK Cells|HLA-B|KLRD1,pDCs,NK Cells,HLA-B,KLRD1,0.004697049993110491,-0.03134136459793293,0.04073546458415391,44,0.7983747895159251,0.9517421812014617,10,0.9947203459486739,22,0.9934572645152461,5,0.9783331175722498,7,0.9723729861457115
Classical Monocytes|CD4 T Cells|HBEGF|CD44,Classical Monocytes,CD4 T Cells,HBEGF,CD44,0.03386130010801258,-0.22669647634453355,0.2944190765605587,50,0.798946328880381,0.9518799495901569,10,0.33519643416867273,28,0.39677519925919025,5,0.3021467867996486,7,0.32986425178215356
Non-classical Monocytes|Non-classical Monocytes|APP|LRP1,Non-classical Monocytes,Non-classical Monocytes,APP,LRP1,0.05580503572687068,-0.3757499380909557,0.48736000954469705,49,0.7999236237037968,0.9525951918470755,6,0.2600939019969215,31,0.24290635833813995,5,0.48439235678305437,7,0.41139977739740213
CD4 T Cells|pDCs|HMGB1|CXCR4,CD4 T Cells,pDCs,HMGB1,CXCR4,0.01412793651252331,-0.09595690016521202,0.12421277319025864,44,0.8014001030214557,0.9539039379817328,10,0.8584542717523215,22,0.8974299981849119,5,0.8006973387550946,7,0.8255451286751617
CD8 T Cells|CD8 T Cells|MIF|CD74_CXCR4,CD8 T Cells,CD8 T Cells,MIF,CD74_CXCR4,0.032780858917481726,-0.2240420372063579,0.28960375504132135,56,0.8024561283516898,0.9547112223845198,11,0.6660856227185042,33,0.7139029308285632,5,0.7120076984561882,7,0.7270441476487653
CD8 T Cells|CD8 T Cells|HLA-DRB1|LAG3,CD8 T Cells,CD8 T Cells,HLA-DRB1,LAG3,0.04183905806060714,-0.2872259636623642,0.3709040797835784,55,0.803205977099819,0.9551536490029376,11,0.17586499515855353,32,0.30541220065451136,5,0.22741276670598545,7,0.31512091414133614
Non-classical Monocytes|Non-classical Monocytes|LGALS1|CD69,Non-classical Monocytes,Non-classical Monocytes,LGALS1,CD69,0.019906627223108098,-0.13714074523136535,0.17695399967758155,56,0.8037968293540402,0.9554066734607994,11,0.6982921441219462,33,0.7575512149585519,5,0.7696110997705464,7,0.8089635433840441
CD8 T Cells|CD8 T Cells|HLA-C|CD8B,CD8 T Cells,CD8 T Cells,HLA-C,CD8B,0.007239769498784798,-0.05031963459633227,0.06479917359390186,56,0.8052777990060023,0.9567169713625612,11,0.9457919955691662,33,0.9768775028126999,5,0.9583727860183775,7,0.9822185237631265
Non-classical Monocytes|CD4 T Cells|LGALS1|ITGB1,Non-classical Monocytes,CD4 T Cells,LGALS1,ITGB1,0.005967030178832378,-0.04165296853858715,0.05358702889625191,56,0.8059968874261069,0.9571213038185019,11,0.9213647983155465,33,0.9419890850409285,5,0.9346538473546042,7,0.9493111039011538
CD8 T Cells|CD4 T Cells|LGALS1|CD69,CD8 T Cells,CD4 T Cells,LGALS1,CD69,0.013182272377903481,-0.09285875830951101,0.11922330306531798,56,0.8075027627298865,0.9575595877139481,11,0.7787660374229481,33,0.8481047436323506,5,0.7383454452541857,7,0.7945018790856846
NK Cells|Classical Monocytes|PSAP|LRP1,NK Cells,Classical Monocytes,PSAP,LRP1,-0.03451176901452829,-0.3112633787055276,0.24223984067647103,56,0.8069106019662373,0.9575595877139481,11,0.46742283804053775,33,0.43554859276580826,5,0.37975957927463033,7,0.38239710301442914
Non-classical Monocytes|Non-classical Monocytes|CD14|ITGA4,Non-classical Monocytes,Non-classical Monocytes,CD14,ITGA4,-0.030227898919415352,-0.27308618750552904,0.21263038966669837,56,0.807268543869778,0.9575595877139481,11,0.26232057367146155,33,0.3864563305535215,5,0.20494829012271776,7,0.3593119459241931
B Cells|CD4 T Cells|FAM3C|LAMP1,B Cells,CD4 T Cells,FAM3C,LAMP1,0.01590459630741689,-0.1141465657555171,0.14595575837035088,56,0.8105677685859284,0.9575992291802904,11,0.06253010136062105,33,0.16048568572745311,5,0.0,7,0.08205098805941517
NK Cells|NK Cells|SPON2|ITGB2,NK Cells,NK Cells,SPON2,ITGB2,0.025267005940292075,-0.18060792791426988,0.23114193979485403,56,0.809906894810507,0.9575992291802904,11,0.9358223709588434,33,0.9212464891502541,5,0.7334922264831232,7,0.6936493387342418
pDCs|Non-classical Monocytes|APP|PTGER2,pDCs,Non-classical Monocytes,APP,PTGER2,-0.021048341861924225,-0.19235093848466117,0.15025425476081272,44,0.8096905528039424,0.9575992291802904,10,0.3212197332708818,22,0.31133728321246573,5,0.2729947262844284,7,0.2841606180879365
CD8 T Cells|CD4 T Cells|TGFB1|CXCR4,CD8 T Cells,CD4 T Cells,TGFB1,CXCR4,-0.03893263697204874,-0.3551079648461107,0.2772426909020132,55,0.8092896194861312,0.9575992291802904,11,0.7944797148789402,33,0.7230743914508428,5,0.7675373674377373,6,0.7350646809816886
CD8 T Cells|pDCs|TIMP1|CD63,CD8 T Cells,pDCs,TIMP1,CD63,-0.029837533620415524,-0.2719160675171577,0.21224100027632667,40,0.8091083128068945,0.9575992291802904,10,0.30351648834045797,19,0.21872426914611975,5,0.2994189297633998,6,0.24446424418947713
pDCs|pDCs|HLA-DQA1|CD4,pDCs,pDCs,HLA-DQA1,CD4,0.04503435548927004,-0.3225464901463304,0.4126152011248705,42,0.8102325856818244,0.9575992291802904,10,0.44952769527972203,21,0.36245424506249607,5,0.4280620276628456,6,0.29595422195634963
CD4 T Cells|Classical Monocytes|HLA-DRA|CD4,CD4 T Cells,Classical Monocytes,HLA-DRA,CD4,0.023127862032351752,-0.16362678922110202,0.20988251328580554,54,0.8082194602255317,0.9575992291802904,11,0.17887618016133075,33,0.17604969353343378,5,0.07517900254029786,5,0.04922465388004913
CD8 T Cells|CD4 T Cells|IL16|CD4,CD8 T Cells,CD4 T Cells,IL16,CD4,0.006943323913558477,-0.04935026446092525,0.0632369122880422,56,0.8089781538538846,0.9575992291802904,11,0.0013416836158409112,33,0.03642553384539987,5,0.0,7,0.028140526316000485
Classical Monocytes|CD4 T Cells|HLA-DPB1|CD4,Classical Monocytes,CD4 T Cells,HLA-DPB1,CD4,0.026156592007955892,-0.18829912872256055,0.24061231273847233,56,0.8110655890010461,0.9577395997222633,11,0.3388246966427424,33,0.37204163275290886,5,0.49410726970897956,7,0.5011676138111901
B Cells|Non-classical Monocytes|HLA-DMA|CD4,B Cells,Non-classical Monocytes,HLA-DMA,CD4,-0.02276880494205702,-0.21122748092573712,0.16568987104162308,56,0.812815972798884,0.9586066023916326,11,0.37630923100182573,33,0.2891351127043796,5,0.29343485865153995,7,0.22902954529615085
Non-classical Monocytes|NK Cells|SECTM1|CD7,Non-classical Monocytes,NK Cells,SECTM1,CD7,0.03151728054656311,-0.22952619721649725,0.29256075830962347,56,0.8129378507816656,0.9586066023916326,11,0.6821410439736227,33,0.5408488338727507,5,0.45744397984485874,7,0.2846344891974236
Classical Monocytes|CD4 T Cells|HLA-DRB1|CD4,Classical Monocytes,CD4 T Cells,HLA-DRB1,CD4,0.018926748740033583,-0.1372619130342119,0.17511541051427906,56,0.8122642572233715,0.9586066023916326,11,0.4152829017919849,33,0.3449651425966137,5,0.34393408492519917,7,0.2546895769897944
pDCs|CD8 T Cells|HLA-A|CD8B,pDCs,CD8 T Cells,HLA-A,CD8B,-0.019152193654142335,-0.17818806398633602,0.13988367667805135,44,0.8134075696467709,0.9587131196349766,10,0.8078883120931362,22,0.8923483722574024,5,0.8046568125768511,7,0.9082690663952596
Non-classical Monocytes|Non-classical Monocytes|LGALS9|HAVCR2,Non-classical Monocytes,Non-classical Monocytes,LGALS9,HAVCR2,-0.029565831937055975,-0.27691539955796496,0.21778373568385298,53,0.8147710353968296,0.958761352281529,11,0.35226210561076265,30,0.3591090398275038,5,0.3838522804812285,7,0.4202650466350256
CD4 T Cells|pDCs|S100A9|CD36,CD4 T Cells,pDCs,S100A9,CD36,-0.032284917661391674,-0.30232778031023366,0.2377579449874503,41,0.8147341677978881,0.958761352281529,8,0.1978249633532954,22,0.3005734340397303,5,0.08727272192209108,6,0.22230611026991765
Classical Monocytes|Non-classical Monocytes|HMGB1|HAVCR2,Classical Monocytes,Non-classical Monocytes,HMGB1,HAVCR2,-0.024126566492296497,-0.22517950175450804,0.17692636876991505,53,0.8140552391720526,0.958761352281529,11,0.42036379639238713,30,0.4163648972034114,5,0.41398282200131165,7,0.4341104893046324
CD8 T Cells|NK Cells|MIF|CD74_CXCR4,CD8 T Cells,NK Cells,MIF,CD74_CXCR4,0.04370165415221239,-0.3223016670957174,0.40970497540014217,56,0.8149661197865946,0.958761352281529,11,0.4818967588690576,33,0.5899078307959515,5,0.544551729233106,7,0.6088611470077876
pDCs|Classical Monocytes|FABP5|RXRA,pDCs,Classical Monocytes,FABP5,RXRA,-0.02744194266060168,-0.2577946572646488,0.2029107719434454,44,0.8153803812306308,0.9588023375382988,10,0.0970995469565471,22,0.21514567570812562,5,0.2089459527749847,7,0.3544340241871649
Non-classical Monocytes|CD4 T Cells|CALM1|PTPRA,Non-classical Monocytes,CD4 T Cells,CALM1,PTPRA,-0.020300807277069455,-0.1981637630474809,0.157562148493342,55,0.8229867737320402,0.9590909257746898,11,0.5379965863857109,32,0.4692204668796035,5,0.46182602791778093,7,0.413350715688743
pDCs|pDCs|VIM|CD44,pDCs,pDCs,VIM,CD44,-0.01784871073521499,-0.17452460389960456,0.13882718242917458,44,0.8233164158977966,0.9590909257746898,10,0.8256486987892503,22,0.8064338788738649,5,0.7522778159090844,7,0.7509117067289139
pDCs|B Cells|HMGB1|CXCR4,pDCs,B Cells,HMGB1,CXCR4,0.002462412073946041,-0.01928284557944004,0.024207669727332123,44,0.8243571369020859,0.9590909257746898,10,0.9867328331111155,22,0.9802787727127363,5,0.9882427623772271,7,0.9793262899049019
pDCs|B Cells|S100A8|ITGB2,pDCs,B Cells,S100A8,ITGB2,-0.020669666531488787,-0.19907547204293347,0.15773613897995586,42,0.8203640997990145,0.9590909257746898,9,0.0713457936986117,22,0.22242002655227056,5,0.03287489414262619,6,0.20461879352777382
CD8 T Cells|Non-classical Monocytes|CALM1|PTPRA,CD8 T Cells,Non-classical Monocytes,CALM1,PTPRA,-0.023927067277984937,-0.2373982024095912,0.18954406785362132,51,0.8261172763893945,0.9590909257746898,11,0.3947549183511594,28,0.3945328415355163,5,0.3986000995107678,7,0.42230508997310967
CD4 T Cells|NK Cells|LGALS1|PTPRC,CD4 T Cells,NK Cells,LGALS1,PTPRC,-0.016398274193089257,-0.16007470099774498,0.12727815261156647,56,0.8229928574166837,0.9590909257746898,11,0.4443311252386653,33,0.5219600121136151,5,0.619221829337296,7,0.7132489904053351
pDCs|Non-classical Monocytes|MIF|TNFRSF14,pDCs,Non-classical Monocytes,MIF,TNFRSF14,0.020407595032267883,-0.16177935604414223,0.202594546108678,44,0.8262258842609627,0.9590909257746898,10,0.15219975796156268,22,0.20174920296252907,5,0.21049113044100326,7,0.23963298040970177
NK Cells|pDCs|TGFB1|ITGB1,NK Cells,pDCs,TGFB1,ITGB1,0.036802269469010274,-0.28704726059035346,0.360651799528374,44,0.8237453702688802,0.9590909257746898,10,0.4035510827119345,22,0.33387673885355607,5,0.32140009522045904,7,0.21492348189307028
B Cells|Non-classical Monocytes|HLA-A|APLP2,B Cells,Non-classical Monocytes,HLA-A,APLP2,0.006946377903904732,-0.05501960873371995,0.06891236454152941,56,0.8260957140454233,0.9590909257746898,11,0.9080711745215222,33,0.9311688613114317,5,0.893873820835732,7,0.9100251297217368
B Cells|pDCs|ARF6|SMAP1,B Cells,pDCs,ARF6,SMAP1,0.036466893173013576,-0.27472618061330545,0.34765996695933254,36,0.8183430041399469,0.9590909257746898,9,0.09332549992463261,16,0.2769375316573572,5,0.2224594317985972,6,0.3696045703583082
CD8 T Cells|CD8 T Cells|HLA-E|CD8B,CD8 T Cells,CD8 T Cells,HLA-E,CD8B,-0.015369044987233016,-0.14899985768163632,0.11826176770717028,56,0.8216542024466006,0.9590909257746898,11,0.817384759213212,33,0.88616151647408,5,0.8157076144791929,7,0.899853416727294
Non-classical Monocytes|Classical Monocytes|S100A8|CD69,Non-classical Monocytes,Classical Monocytes,S100A8,CD69,-0.03490147339588387,-0.3352959962816062,0.26549304948983854,55,0.8198644663677652,0.9590909257746898,11,0.43462931043290337,33,0.7494765845291119,5,0.23386555033255138,6,0.5836142978246438
NK Cells|pDCs|LGALS1|ITGB1,NK Cells,pDCs,LGALS1,ITGB1,-0.03018929963412198,-0.2941253765005196,0.23374677723227566,44,0.822615033278109,0.9590909257746898,10,0.3251146133215999,22,0.3908763287172473,5,0.3209185050701529,7,0.4168695200999223
CD4 T Cells|Non-classical Monocytes|GNAI2|C5AR1,CD4 T Cells,Non-classical Monocytes,GNAI2,C5AR1,-0.029452589520342243,-0.2928364105389994,0.2339312314983149,56,0.8265170836825981,0.9590909257746898,11,0.2730426118582915,33,0.27005647075408534,5,0.3755636262949166,7,0.4020300747110527
CD4 T Cells|Classical Monocytes|MIF|TNFRSF14,CD4 T Cells,Classical Monocytes,MIF,TNFRSF14,-0.03221169128795126,-0.3204638319339282,0.25604044935802567,56,0.8266323847792935,0.9590909257746898,11,0.40942407057519253,33,0.34420696478592966,5,0.3544194665369139,7,0.3214140520356023
Classical Monocytes|CD8 T Cells|MIF|CD74_CXCR4,Classical Monocytes,CD8 T Cells,MIF,CD74_CXCR4,0.03775048296260053,-0.2803666355529662,0.35586760147816726,56,0.8160829023267054,0.9590909257746898,11,0.5578869712671669,33,0.5821693659981608,5,0.550825868865149,7,0.5373577806335423
CD8 T Cells|CD4 T Cells|HLA-DRB1|CD4,CD8 T Cells,CD4 T Cells,HLA-DRB1,CD4,-0.03388681218549286,-0.3314947867358463,0.26372116236486065,56,0.8234038279386091,0.9590909257746898,11,0.23738273118810166,33,0.38538231004289136,5,0.13773907807396887,7,0.31962546911425144
Classical Monocytes|Classical Monocytes|VCAN|SELL,Classical Monocytes,Classical Monocytes,VCAN,SELL,-0.014391600955994344,-0.1406319608247631,0.1118487589127744,56,0.8231938551784144,0.9590909257746898,11,0.7859240391086891,33,0.8178597563906506,5,0.7779251537591646,7,0.8242524719971204
CD8 T Cells|CD4 T Cells|TNF|TNFRSF1B,CD8 T Cells,CD4 T Cells,TNF,TNFRSF1B,0.01995365591285648,-0.15612657562130883,0.19603388744702177,43,0.8242314951998065,0.9590909257746898,7,0.06136250079059318,24,0.07970675511550697,5,0.08073685994690136,7,0.07912745835895867
Classical Monocytes|Classical Monocytes|LGALS9|LRP1,Classical Monocytes,Classical Monocytes,LGALS9,LRP1,-0.021583548309480463,-0.21228600519120483,0.16911890857224393,56,0.8244484643805339,0.9590909257746898,11,0.12204239175178334,33,0.33142474999661314,5,0.04497755215129577,7,0.27594345870560605
CD4 T Cells|Non-classical Monocytes|PSAP|LRP1,CD4 T Cells,Non-classical Monocytes,PSAP,LRP1,0.02225822067825553,-0.17260088434665014,0.2171173257031612,56,0.8228496623092814,0.9590909257746898,11,0.06639780952982112,33,0.196794575647097,5,0.05445785934419356,7,0.16259640478321388
Non-classical Monocytes|Classical Monocytes|CD99|PILRA,Non-classical Monocytes,Classical Monocytes,CD99,PILRA,-0.03102461009699964,-0.29887706238536027,0.236827842191361,56,0.8204103540225387,0.9590909257746898,11,0.22871062852973265,33,0.30238888399538455,5,0.2531671112602599,7,0.35786997682291144
pDCs|Classical Monocytes|LGALS1|PTPRC,pDCs,Classical Monocytes,LGALS1,PTPRC,0.021907306989018327,-0.16389053180806695,0.2077051457861036,44,0.8172385695508293,0.9590909257746898,10,0.5931679087440752,22,0.5862419179812535,5,0.6326149121805791,7,0.603781614428739
Non-classical Monocytes|NK Cells|ICAM1|ITGAM_ITGB2,Non-classical Monocytes,NK Cells,ICAM1,ITGAM_ITGB2,0.026935562319108028,-0.21250678709030435,0.26637791172852043,46,0.8254957764974369,0.9590909257746898,9,0.08165653559657428,26,0.10865215436766129,5,0.1348523760330537,6,0.13491243248503268
CD4 T Cells|Non-classical Monocytes|TGFB1|CXCR4,CD4 T Cells,Non-classical Monocytes,TGFB1,CXCR4,-0.03465849488602446,-0.33583939811890806,0.26652240834685914,55,0.8215564716186151,0.9590909257746898,11,0.18163709034827516,33,0.2803177747754465,5,0.26281982282177296,6,0.39615900213496874
pDCs|pDCs|LGALS1|PTPRC,pDCs,pDCs,LGALS1,PTPRC,-0.029745696305353897,-0.2930564007895827,0.23356500817887493,44,0.8247706332211995,0.9590909257746898,10,0.34065218194761787,22,0.28946111755497506,5,0.3130857252788657,7,0.29164035719157677
Non-classical Monocytes|CD4 T Cells|TIMP1|CD63,Non-classical Monocytes,CD4 T Cells,TIMP1,CD63,0.019856506647846106,-0.14882928709874607,0.18854230039443828,56,0.8175376244022972,0.9590909257746898,11,0.23819887651883775,33,0.37976612783204455,5,0.337503791010775,7,0.4592145356761357
Non-classical Monocytes|pDCs|VCAN|ITGA4,Non-classical Monocytes,pDCs,VCAN,ITGA4,-0.03206991122054387,-0.3165297087644054,0.25238988632331766,37,0.8251191055421783,0.9590909257746898,7,0.15694448647395312,18,0.29218407416286646,5,0.05000354948758834,7,0.21731304839704554
pDCs|Classical Monocytes|MIF|CD44_CD74,pDCs,Classical Monocytes,MIF,CD44_CD74,-0.02685046907981825,-0.25436945105817266,0.20066851289853613,44,0.8170789748229275,0.9590909257746898,10,0.7237432263769714,22,0.6296245690698008,5,0.6357155921325759,7,0.5684474039052235
Classical Monocytes|pDCs|LGALS9|SLC1A5,Classical Monocytes,pDCs,LGALS9,SLC1A5,-0.022138083668791532,-0.22089452144002547,0.17661835410244242,39,0.8271902147019977,0.9592976927728079,10,0.10540067356406571,18,0.312945603418597,5,0.0162487495084356,6,0.24593176303175843
pDCs|CD4 T Cells|APP|LRP10,pDCs,CD4 T Cells,APP,LRP10,0.018595257113573627,-0.14904057597444567,0.18623109020159292,44,0.8278873151498156,0.9596657088915523,10,0.36174932633545637,22,0.34864888044473896,5,0.30082210460083586,7,0.26912640159654483
Classical Monocytes|CD4 T Cells|TGFB1|CXCR4,Classical Monocytes,CD4 T Cells,TGFB1,CXCR4,0.035129364375897754,-0.2892857596305764,0.3595444883823719,55,0.8319235940621131,0.959901220366605,11,0.7438107203003397,33,0.7163909563399472,5,0.7708484964872998,6,0.7082993681510096
pDCs|CD8 T Cells|TGFB1|CXCR4,pDCs,CD8 T Cells,TGFB1,CXCR4,-0.03843308564096848,-0.3940199536242043,0.3171537823422673,42,0.8322319893793768,0.959901220366605,10,0.7700489210802046,22,0.7472252987386026,5,0.7529417685951305,5,0.7685512318944969
pDCs|Non-classical Monocytes|LGALS9|PTPRC,pDCs,Non-classical Monocytes,LGALS9,PTPRC,-0.021053314095923426,-0.21303706194745298,0.17093043375560613,43,0.8298191720164492,0.959901220366605,10,0.33749045036749015,21,0.48729973031504087,5,0.3452690582520179,7,0.5161316522954921
CD4 T Cells|CD8 T Cells|LRPAP1|SORL1,CD4 T Cells,CD8 T Cells,LRPAP1,SORL1,-0.015248819890129682,-0.15435049571044193,0.12385285593018255,49,0.8298778635001707,0.959901220366605,11,0.0,26,0.026129654840905348,5,0.0212097902475308,7,0.06258826497856583
pDCs|NK Cells|GNAI2|S1PR5,pDCs,NK Cells,GNAI2,S1PR5,0.026815659055683727,-0.21942076208825792,0.27305208019962535,44,0.8309805396240251,0.959901220366605,10,0.1854803099881987,22,0.19532395045160464,5,0.32541964960305725,7,0.3084476310107795
CD8 T Cells|Non-classical Monocytes|SELPLG|SELL,CD8 T Cells,Non-classical Monocytes,SELPLG,SELL,0.016774828634378763,-0.13781938016291015,0.17136903743166768,56,0.8315817967553892,0.959901220366605,11,0.10192608441417245,33,0.18100174019804657,5,0.014619204395806551,7,0.07692003154530191
Non-classical Monocytes|NK Cells|GRN|TNFRSF1B,Non-classical Monocytes,NK Cells,GRN,TNFRSF1B,0.017551747268889917,-0.1436954603751271,0.17879895491290693,56,0.831060261061167,0.959901220366605,11,0.23832496291891375,33,0.42110468682961205,5,0.25658828328522565,7,0.42181625992703403
CD4 T Cells|pDCs|HLA-DRA|CD4,CD4 T Cells,pDCs,HLA-DRA,CD4,-0.02567166330822146,-0.2632416296308774,0.2118983030144345,41,0.8322689251378044,0.959901220366605,10,0.33164265587058833,21,0.2718936591892448,5,0.31942157019405587,5,0.2853442368209338
CD8 T Cells|Non-classical Monocytes|LTB|TNFRSF1A,CD8 T Cells,Non-classical Monocytes,LTB,TNFRSF1A,-0.02987773130147625,-0.30217461788332667,0.24241915528037417,56,0.8297230910861297,0.959901220366605,11,0.2751870023327862,33,0.2352853678701703,5,0.41705476913329564,7,0.407030865972156
Non-classical Monocytes|Classical Monocytes|CD14|ITGB2,Non-classical Monocytes,Classical Monocytes,CD14,ITGB2,0.03088987575286023,-0.2535851866778467,0.31536493818356715,56,0.8314644536397435,0.959901220366605,11,0.33827090072257543,33,0.5870787220114163,5,0.3226796560611681,7,0.5405976015971488
pDCs|CD4 T Cells|LGALS9|PTPRC,pDCs,CD4 T Cells,LGALS9,PTPRC,-0.022658318646995468,-0.22835853858153696,0.18304190128754602,43,0.8290702027795562,0.959901220366605,10,0.31573659092831696,21,0.37622352169973233,5,0.35255242209104987,7,0.4356976715094607
Classical Monocytes|Non-classical Monocytes|S100A8|CD36,Classical Monocytes,Non-classical Monocytes,S100A8,CD36,-0.02002378092932522,-0.20632108334252233,0.1662735214838719,56,0.8331504961885594,0.9602267828282662,11,0.900472920314503,33,0.9665621253530754,5,0.8547495188544874,7,0.940862504822385
B Cells|CD8 T Cells|CALM1|PTPRA,B Cells,CD8 T Cells,CALM1,PTPRA,-0.014783874982862266,-0.15310465626311623,0.1235369062973917,55,0.8340711469363057,0.9602267828282662,11,0.4786841764030567,32,0.41173459929169326,5,0.5084171187643426,7,0.45625141663584146
B Cells|CD4 T Cells|MIF|CD74_CXCR4,B Cells,CD4 T Cells,MIF,CD74_CXCR4,-0.036062078086059546,-0.37286580996701707,0.300741653794898,56,0.8337798551369614,0.9602267828282662,11,0.4636342742031976,33,0.5297543117223477,5,0.3451251927105094,7,0.447307308315719
CD8 T Cells|CD8 T Cells|LRPAP1|SORL1,CD8 T Cells,CD8 T Cells,LRPAP1,SORL1,-0.013244227635574042,-0.13688201424705554,0.11039355897590744,49,0.8337038196466069,0.9602267828282662,11,0.0010791127342668022,26,0.010457314063755625,5,0.027649220794251493,7,0.050271649759314356
Classical Monocytes|pDCs|TIMP1|CD63,Classical Monocytes,pDCs,TIMP1,CD63,0.03700503615573103,-0.3101697746670421,0.38417984697850416,44,0.834517939015913,0.9603036575105701,10,0.24952098866502642,22,0.3145178390629162,5,0.29205015045641053,7,0.32004196469856927
CD4 T Cells|CD8 T Cells|LGALS1|PTPRC,CD4 T Cells,CD8 T Cells,LGALS1,PTPRC,-0.013200722452614277,-0.13803548836866986,0.11163404346344132,56,0.8358087692986916,0.9604769258834898,11,0.5470506825423352,33,0.6127815812381493,5,0.6527308037306194,7,0.7316624248790478
Non-classical Monocytes|CD4 T Cells|IL1B|SIGIRR,Non-classical Monocytes,CD4 T Cells,IL1B,SIGIRR,-0.025909427733253554,-0.2703652263286589,0.21854637086215178,56,0.8354374212939019,0.9604769258834898,11,0.1928493502118588,33,0.1672978459639329,5,0.2622631075347199,7,0.2626210310200475
Non-classical Monocytes|pDCs|APP|TNFRSF21,Non-classical Monocytes,pDCs,APP,TNFRSF21,0.018994192744310537,-0.16051874526605003,0.19850713075467113,38,0.8357107490396893,0.9604769258834898,6,0.06850380056315057,20,0.052036675676569846,5,0.05533966746695666,7,0.0198783498360654
B Cells|Classical Monocytes|HLA-A|APLP2,B Cells,Classical Monocytes,HLA-A,APLP2,0.0037952752724469407,-0.03230182753307374,0.039892378077967625,56,0.836734655488588,0.9611038520089373,11,0.94216170581325,33,0.9559308474123667,5,0.9432283707434292,7,0.953202237070099
Classical Monocytes|NK Cells|TIMP2|CD44,Classical Monocytes,NK Cells,TIMP2,CD44,0.02472166827082678,-0.21225462232833392,0.2616979588699875,56,0.837989407549982,0.962107784133941,11,0.35879112932315,33,0.3403984700277814,5,0.27741937822506113,7,0.23430505065886575
Classical Monocytes|Classical Monocytes|HLA-DMA|CD4,Classical Monocytes,Classical Monocytes,HLA-DMA,CD4,-0.021076267377383995,-0.22505146554644798,0.18289893079168,56,0.8395114974721924,0.9629802787617932,11,0.2157051401144292,33,0.29683772297730515,5,0.28301916540317906,7,0.385228015643439
B Cells|pDCs|MIF|CD74_CXCR4,B Cells,pDCs,MIF,CD74_CXCR4,0.023317556437432163,-0.201904813903212,0.24853992677807632,44,0.8391994793949533,0.9629802787617932,10,0.6805571584236628,22,0.7545708238480203,5,0.5241209286464248,7,0.5748170376333501
CD8 T Cells|Classical Monocytes|HLA-DRA|CD4,CD8 T Cells,Classical Monocytes,HLA-DRA,CD4,-0.02515460063609229,-0.2693901645871364,0.21908096331495183,56,0.8400238678403682,0.9631308139893877,11,0.31279385826922484,33,0.3165810380345136,5,0.20116539185872478,7,0.23010717226010582
Non-classical Monocytes|NK Cells|LGALS9|CD44,Non-classical Monocytes,NK Cells,LGALS9,CD44,-0.026966215822079476,-0.2967560601265154,0.24282362848235645,56,0.8446855902664909,0.9632312665177899,11,0.09038023691646015,33,0.17697173853738019,5,0.2743717457699816,7,0.3879294632129811
pDCs|B Cells|SELPLG|ITGB2,pDCs,B Cells,SELPLG,ITGB2,-0.028455697676087632,-0.30717585530926383,0.25026445995708857,44,0.8414017025856928,0.9632312665177899,10,0.3060661467264225,22,0.29009027007920624,5,0.2402633592007155,7,0.25274318022958686
CD4 T Cells|CD8 T Cells|CLEC2D|KLRB1,CD4 T Cells,CD8 T Cells,CLEC2D,KLRB1,-0.023582500726813393,-0.2561995762803118,0.20903457482668503,56,0.8424979648676498,0.9632312665177899,11,0.3150702975520191,33,0.2920319697790848,5,0.37453976454842175,7,0.37508393750230085
NK Cells|CD8 T Cells|MIF|CD74_CXCR4,NK Cells,CD8 T Cells,MIF,CD74_CXCR4,0.023733093287284568,-0.21064159286242276,0.2581077794369919,56,0.8426784755203917,0.9632312665177899,11,0.6681158163954876,33,0.7477317363356853,5,0.6851040847087372,7,0.7409869113616504
Non-classical Monocytes|Classical Monocytes|HLA-F|LILRB2,Non-classical Monocytes,Classical Monocytes,HLA-F,LILRB2,-0.02109005353850857,-0.2267168128924477,0.18453670581543055,56,0.8406804478295764,0.9632312665177899,11,0.36884536080459,33,0.2880909186315766,5,0.2523042849074816,7,0.19263989627297673
Non-classical Monocytes|B Cells|APP|LRP10,Non-classical Monocytes,B Cells,APP,LRP10,0.03403780441469495,-0.3051694620036057,0.3732450708329956,49,0.8440835324353742,0.9632312665177899,6,0.23422910901449537,31,0.21412228270663103,5,0.28862967665208317,7,0.23448504592952388
NK Cells|CD8 T Cells|HLA-B|CD8B,NK Cells,CD8 T Cells,HLA-B,CD8B,0.0048208660559195815,-0.04249059251017422,0.052132324622013386,56,0.8417048721674075,0.9632312665177899,11,0.9570665502257321,33,0.9834937068357924,5,0.9731046323487643,7,0.9947109229029051
CD8 T Cells|NK Cells|MIF|CD44_CD74,CD8 T Cells,NK Cells,MIF,CD44_CD74,-0.01994934790722358,-0.2177166775973725,0.17781798178292535,56,0.8432742415507761,0.9632312665177899,11,0.16425219726568943,33,0.17732726026468928,5,0.358819542912939,7,0.3918439538191624
Non-classical Monocytes|pDCs|S100A8|CD69,Non-classical Monocytes,pDCs,S100A8,CD69,-0.035576622599423735,-0.39082110413981075,0.3196678589409633,44,0.8443876830873289,0.9632312665177899,10,0.49739886975853176,22,0.8168499438513789,5,0.3538753927575269,7,0.7089030894497977
CD8 T Cells|pDCs|GNAI2|CXCR3,CD8 T Cells,pDCs,GNAI2,CXCR3,-0.020905943950619024,-0.22998968509443973,0.18817779719320166,43,0.8446308154154425,0.9632312665177899,10,0.23253114324952479,21,0.2888040383206958,5,0.04136089366541196,7,0.11853973268720198
pDCs|Classical Monocytes|GNAS|ADCY7,pDCs,Classical Monocytes,GNAS,ADCY7,0.024153280192579396,-0.21569395485436543,0.2640005152395242,44,0.8435350338830808,0.9632312665177899,10,0.47559077294413593,22,0.4711825547862837,5,0.4933129481155996,7,0.46475144976516797
Non-classical Monocytes|pDCs|VCAN|SELL,Non-classical Monocytes,pDCs,VCAN,SELL,-0.025601932963703167,-0.2808657514177865,0.2296618854903802,43,0.844158966546654,0.9632312665177899,9,0.44242957751703244,22,0.6186149726427034,5,0.27612825375529704,7,0.47791558184467114
Non-classical Monocytes|Non-classical Monocytes|VCAN|TLR2,Non-classical Monocytes,Non-classical Monocytes,VCAN,TLR2,0.0323754804369657,-0.2924764937288897,0.35722745460282107,55,0.8451311438980318,0.9633046462022221,10,0.1546270334468367,33,0.3179914893417548,5,0.15878177214580363,7,0.28977074760375604
B Cells|pDCs|PKM|CD44,B Cells,pDCs,PKM,CD44,-0.022720374774577556,-0.2637706973753401,0.21832994782618495,44,0.8534346638244952,0.9645795163141921,10,0.3170084930111121,22,0.22600967737980796,5,0.2929294425908492,7,0.2246510017341226
Non-classical Monocytes|B Cells|CD14|ITGB2,Non-classical Monocytes,B Cells,CD14,ITGB2,-0.02711500426887234,-0.31619560673248304,0.2619655981947383,56,0.8541393720568108,0.9645795163141921,11,0.2947885381903489,33,0.2978789683514568,5,0.2011242395603845,7,0.23132967399036472
Classical Monocytes|CD4 T Cells|IL1B|SIGIRR,Classical Monocytes,CD4 T Cells,IL1B,SIGIRR,-0.024932434003194642,-0.2854796509982823,0.235614782991893,56,0.8512262890152612,0.9645795163141921,11,0.322902284297502,33,0.2505420790731797,5,0.19481987564839603,7,0.14739210442726838
CD8 T Cells|CD8 T Cells|HLA-DPB1|LAG3,CD8 T Cells,CD8 T Cells,HLA-DPB1,LAG3,-0.030460070648399562,-0.3523660025430653,0.2914458612462662,55,0.8528683310020423,0.9645795163141921,11,0.41044715034433726,32,0.35237488567718694,5,0.38812760454789946,7,0.3605154105291487
pDCs|CD8 T Cells|SNCA|LAG3,pDCs,CD8 T Cells,SNCA,LAG3,-0.0322261931487525,-0.37160709105591727,0.3071547047584122,39,0.8523585023151368,0.9645795163141921,10,0.17308122874176907,17,0.08545450317448312,5,0.12974395111526568,7,0.07434341869673224
CD8 T Cells|Non-classical Monocytes|TGFB1|CXCR4,CD8 T Cells,Non-classical Monocytes,TGFB1,CXCR4,0.03160994795748556,-0.30096860991434154,0.36418850582931267,55,0.852221357327652,0.9645795163141921,11,0.2668405447242047,33,0.29807536860227696,5,0.4039978121980433,6,0.40362268811863
Classical Monocytes|Non-classical Monocytes|HMGB1|CXCR4,Classical Monocytes,Non-classical Monocytes,HMGB1,CXCR4,0.01909346906477427,-0.18300112774178134,0.2211880658713299,56,0.8530931558226607,0.9645795163141921,11,0.4854449407537454,33,0.45891952059760516,5,0.6267301545615023,7,0.5811112653405878
pDCs|Classical Monocytes|LGALS9|PTPRC,pDCs,Classical Monocytes,LGALS9,PTPRC,-0.026364481323212896,-0.2995192825712923,0.2467903199248665,43,0.8499574561256319,0.9645795163141921,10,0.38189912101868073,21,0.3816263293154214,5,0.33461903896444467,7,0.36071072858439823
CD8 T Cells|B Cells|MIF|CD44_CD74,CD8 T Cells,B Cells,MIF,CD44_CD74,0.02041606934502488,-0.19743586168626504,0.2382680003763148,56,0.8542655154377372,0.9645795163141921,11,0.1581314158653737,33,0.14495282722546032,5,0.25394434427092627,7,0.22034968628598803
Classical Monocytes|Non-classical Monocytes|MIF|TNFRSF14,Classical Monocytes,Non-classical Monocytes,MIF,TNFRSF14,0.01679210742181278,-0.16086241103477517,0.19444662587840073,56,0.8530266568641386,0.9645795163141921,11,0.30103348481735615,33,0.35966132382732596,5,0.15788715142249832,7,0.19972288301065536
CD4 T Cells|pDCs|MIF|TNFRSF14,CD4 T Cells,pDCs,MIF,TNFRSF14,0.028219912698350724,-0.26332570166498087,0.3197655270616823,44,0.8495339811464149,0.9645795163141921,10,0.4102402619660562,22,0.32740695530572395,5,0.3469406878776475,7,0.2358874685189645
pDCs|Classical Monocytes|APP|NOTCH2,pDCs,Classical Monocytes,APP,NOTCH2,-0.017137389676429415,-0.1950752283648096,0.16080044901195076,44,0.8502759895464547,0.9645795163141921,10,0.37866655162726914,22,0.3178339785143586,5,0.2961577127199101,7,0.25246252928342894
Non-classical Monocytes|Non-classical Monocytes|SELPLG|SELL,Non-classical Monocytes,Non-classical Monocytes,SELPLG,SELL,-0.02199689420367304,-0.25402129167736576,0.21002750327001968,56,0.8525915074197572,0.9645795163141921,11,0.21672162114832175,33,0.21593486727550432,5,0.22397010353590377,7,0.24518024386675938
CD8 T Cells|NK Cells|VIM|CD44,CD8 T Cells,NK Cells,VIM,CD44,-0.027763348952329125,-0.31393479239958805,0.2584080944949298,56,0.8491925102650617,0.9645795163141921,11,0.24128611187271706,33,0.3071781639902229,5,0.531595087421734,7,0.625250488491569
pDCs|Non-classical Monocytes|S100A9|ITGB2,pDCs,Non-classical Monocytes,S100A9,ITGB2,0.028414159572485942,-0.2663272640846618,0.32315558322963367,40,0.8501337669301519,0.9645795163141921,6,0.5309814081987821,22,0.6569566754396315,5,0.4542378178039046,7,0.551798925472268
CD4 T Cells|CD8 T Cells|MIF|CD74_CXCR4,CD4 T Cells,CD8 T Cells,MIF,CD74_CXCR4,0.0203510875519759,-0.19418986017582252,0.2348920352797743,56,0.8525076965890516,0.9645795163141921,11,0.7243393869963896,33,0.7791404253635417,5,0.7319360479277865,7,0.7663859987429628
Classical Monocytes|pDCs|TGFB1|CXCR4,Classical Monocytes,pDCs,TGFB1,CXCR4,0.0266179159951328,-0.24689853025412073,0.30013436224438633,43,0.8487303591479192,0.9645795163141921,10,0.6252103576597159,22,0.7038554159329984,5,0.4643559977198521,6,0.5163831399980018
NK Cells|Non-classical Monocytes|HLA-A|APLP2,NK Cells,Non-classical Monocytes,HLA-A,APLP2,0.0019194281340957353,-0.018371262237229652,0.022210118505421123,56,0.8529108239857753,0.9645795163141921,11,0.983016283265504,33,0.9853303878834966,5,0.9732977707398056,7,0.9736924472237024
Classical Monocytes|Classical Monocytes|TIMP2|ITGB1,Classical Monocytes,Classical Monocytes,TIMP2,ITGB1,0.01165920746302053,-0.11213998310816278,0.13545839803420384,56,0.8535535818185735,0.9645795163141921,11,0.034434982642076714,33,0.06975004884203438,5,0.0902717715693258,7,0.11392763030626293
Classical Monocytes|CD8 T Cells|HLA-DRB1|LAG3,Classical Monocytes,CD8 T Cells,HLA-DRB1,LAG3,0.02876812835968029,-0.2648365503244079,0.3223728070437685,55,0.847709130921864,0.9645795163141921,11,0.36225628924177183,32,0.49678652426549536,5,0.37734073097611,7,0.4831028376401532
B Cells|CD8 T Cells|VIM|CD44,B Cells,CD8 T Cells,VIM,CD44,-0.028712580458051584,-0.32161946931799235,0.2641943084018892,56,0.8476419189484755,0.9645795163141921,11,0.17490238244750084,33,0.2811098227859018,5,0.345198353254895,7,0.48011837405134755
CD4 T Cells|Non-classical Monocytes|HLA-DRA|CD4,CD4 T Cells,Non-classical Monocytes,HLA-DRA,CD4,-0.02168089939767115,-0.2557173269579993,0.21235552816265704,54,0.8559209055358484,0.9660170291599325,11,0.20266641761717158,33,0.2575706274862489,5,0.06400547875652862,5,0.14059058802327712
pDCs|Classical Monocytes|COPA|CD74,pDCs,Classical Monocytes,COPA,CD74,-0.019378252557457842,-0.22929627866705724,0.19053977355214155,43,0.8564217407293653,0.9661507762603152,10,0.6880775063202027,21,0.5343083824532392,5,0.558964803883454,7,0.4245739325739484
Classical Monocytes|CD4 T Cells|HLA-DQB1|CD4,Classical Monocytes,CD4 T Cells,HLA-DQB1,CD4,0.031808912123480526,-0.316040612144938,0.37965843639189906,55,0.8577587971064523,0.9665703855418619,11,0.2126758438024676,32,0.32755282614248393,5,0.2478516714118483,7,0.3309197416283841
pDCs|CD4 T Cells|TGFB1|ITGB1,pDCs,CD4 T Cells,TGFB1,ITGB1,0.023717615866142072,-0.2359853172152402,0.28342054894752433,42,0.8579411851089815,0.9665703855418619,10,0.1830584755195221,22,0.18733926013449134,5,0.19149944443862627,5,0.17206261318745344
B Cells|CD8 T Cells|MIF|CD74_CXCR4,B Cells,CD8 T Cells,MIF,CD74_CXCR4,0.02228723310284675,-0.2208116056926354,0.26538607189832886,56,0.8573967717493314,0.9665703855418619,11,0.6176429723944609,33,0.6773627067735922,5,0.6611632923310091,7,0.6985957936072937
pDCs|CD8 T Cells|VIM|CD44,pDCs,CD8 T Cells,VIM,CD44,-0.005628537225610408,-0.07320063897637345,0.061943564525152636,44,0.8703147879427396,0.96671562707935,10,0.8703278703841939,22,0.8571431692005259,5,0.8769683730625776,7,0.86941220910452
CD8 T Cells|CD8 T Cells|CLEC2D|KLRB1,CD8 T Cells,CD8 T Cells,CLEC2D,KLRB1,0.018226363988813943,-0.18540267293538176,0.22185540091300965,55,0.8607403224125943,0.96671562707935,11,0.33550905613645443,32,0.30034046088460775,5,0.40717633342782217,7,0.35378137418716155
CD4 T Cells|pDCs|LGALS1|PTPRC,CD4 T Cells,pDCs,LGALS1,PTPRC,-0.016653214760177823,-0.20394284887100872,0.1706364193506531,44,0.861650184158447,0.96671562707935,10,0.11075365868589523,22,0.2671342845652716,5,0.10041359912968399,7,0.2734474397692382
Non-classical Monocytes|CD4 T Cells|CD14|ITGA4,Non-classical Monocytes,CD4 T Cells,CD14,ITGA4,-0.02451710285613168,-0.31719872752014866,0.2681645218078853,56,0.8695889893454731,0.96671562707935,11,0.2576375561144576,33,0.3717096901319116,5,0.1455251008233886,7,0.28411433769697425
Classical Monocytes|NK Cells|VCAN|ITGB1,Classical Monocytes,NK Cells,VCAN,ITGB1,0.009011185412772571,-0.0986607396156437,0.11668311044118884,56,0.8697062621861036,0.96671562707935,11,0.6636110005884107,33,0.6914047511174686,5,0.7671276899379559,7,0.7859102550542412
CD8 T Cells|CD8 T Cells|HLA-B|CD8B,CD8 T Cells,CD8 T Cells,HLA-B,CD8B,0.004262411382419673,-0.04561906598169075,0.054143888746530096,56,0.866992020683822,0.96671562707935,11,0.9543099260164776,33,0.9829001979240117,5,0.9696550033074047,7,0.9939828638325192
pDCs|CD4 T Cells|TNFSF13B|HLA-DPB1,pDCs,CD4 T Cells,TNFSF13B,HLA-DPB1,0.01832480601205115,-0.1995256364072252,0.23617524843132748,43,0.8690500728923665,0.96671562707935,10,0.14486604438185796,21,0.17511435701158212,5,0.0629985235321443,7,0.07492203014981731
Classical Monocytes|pDCs|VCAN|CD44,Classical Monocytes,pDCs,VCAN,CD44,0.01415786243824979,-0.1427260571632505,0.1710417820397501,44,0.8596062897172922,0.96671562707935,10,0.7225231615847624,22,0.7146860199390788,5,0.7252495393463373,7,0.7032545352624039
CD4 T Cells|B Cells|HMGB1|CXCR4,CD4 T Cells,B Cells,HMGB1,CXCR4,-0.0033204241869311257,-0.0420421680131296,0.03540131963926735,56,0.8665292597900278,0.96671562707935,11,0.9790743139077492,33,0.9592213209085372,5,0.9772147530026954,7,0.9606821841904145
Non-classical Monocytes|Non-classical Monocytes|CD99|PILRA,Non-classical Monocytes,Non-classical Monocytes,CD99,PILRA,0.018974584169457825,-0.20688016198336331,0.24482933032227897,56,0.8692106995405192,0.96671562707935,11,0.21339999541408616,33,0.19599310410084533,5,0.1544505501654189,7,0.11806907468272022
CD8 T Cells|CD8 T Cells|MIF|TNFRSF14,CD8 T Cells,CD8 T Cells,MIF,TNFRSF14,0.01752617303435597,-0.17922040340073478,0.21427274946944672,56,0.8613990781870587,0.96671562707935,11,0.21972525560310138,33,0.19415789755578836,5,0.259482142364163,7,0.216388611282494
B Cells|NK Cells|FCER2|ITGAM_ITGB2,B Cells,NK Cells,FCER2,ITGAM_ITGB2,0.025366685818257795,-0.2692214324866048,0.3199548041231204,54,0.8659771454233212,0.96671562707935,11,0.36662329458000403,33,0.29349524777127844,5,0.29889777689146196,5,0.20040304426447858
pDCs|NK Cells|CALM1|PTPRA,pDCs,NK Cells,CALM1,PTPRA,-0.017042640286646926,-0.21647107774120272,0.18238579716790887,44,0.8669817845181208,0.96671562707935,10,0.23135032992012103,22,0.28392902790125474,5,0.3132848062528196,7,0.3829061445206003
Non-classical Monocytes|Non-classical Monocytes|SEMA4A|PLXNB2,Non-classical Monocytes,Non-classical Monocytes,SEMA4A,PLXNB2,-0.008368073025806014,-0.10072545650699757,0.08398931045538555,55,0.859050301862303,0.96671562707935,11,0.05782330546270639,32,0.04945523243690038,5,0.0,7,0.0
CD4 T Cells|CD8 T Cells|PKM|CD44,CD4 T Cells,CD8 T Cells,PKM,CD44,-0.019072713878360736,-0.24003575228749105,0.20189032453076958,56,0.8656575330523683,0.96671562707935,11,0.20275213509495812,33,0.20366590608673638,5,0.32468428583170955,7,0.34467077070184854
Non-classical Monocytes|Non-classical Monocytes|TIMP1|CD63,Non-classical Monocytes,Non-classical Monocytes,TIMP1,CD63,0.009601598265196576,-0.10308761291114696,0.12229080944154011,56,0.8673722237367137,0.96671562707935,11,0.664642679593393,33,0.754676641070802,5,0.690322622427086,7,0.7707549856392985
CD4 T Cells|Classical Monocytes|MIF|CD44_CD74,CD4 T Cells,Classical Monocytes,MIF,CD44_CD74,-0.013572972652150295,-0.1675251521285292,0.1403792068242286,56,0.8628106745546014,0.96671562707935,11,0.7448889640246711,33,0.6818613505382943,5,0.6722799860601751,7,0.6228253452259487
Classical Monocytes|CD8 T Cells|LGALS3|LAG3,Classical Monocytes,CD8 T Cells,LGALS3,LAG3,-0.019971493392570816,-0.25143899189531416,0.21149600511017255,55,0.865710326318639,0.96671562707935,11,0.42265525718394453,32,0.29219972051136894,5,0.39911461725193165,7,0.2886305739719269
pDCs|NK Cells|HLA-B|CD3D,pDCs,NK Cells,HLA-B,CD3D,0.01251475104183064,-0.13296569148239518,0.15799519356605646,37,0.8661088002923445,0.96671562707935,7,0.7732148048562529,18,0.837394990799283,5,0.9403446277080821,7,0.9920100626092816
pDCs|Non-classical Monocytes|TGFB1|ITGB1,pDCs,Non-classical Monocytes,TGFB1,ITGB1,0.02620476883731304,-0.26944251840542405,0.32185205608005013,42,0.862084039668687,0.96671562707935,10,0.19931589196565186,22,0.287020247608805,5,0.2887511203224924,5,0.3502507071283325
B Cells|B Cells|MIF|CD44_CD74,B Cells,B Cells,MIF,CD44_CD74,0.02242862026873954,-0.22614058354132466,0.27099782407880374,56,0.859626769033559,0.96671562707935,11,0.13719417107032372,33,0.150364692232841,5,0.1993174055155888,7,0.19005930640936652
Non-classical Monocytes|CD4 T Cells|MIF|CD44_CD74,Non-classical Monocytes,CD4 T Cells,MIF,CD44_CD74,-0.027122617392860482,-0.337225993043521,0.28298075825780006,56,0.8638898975324844,0.96671562707935,11,0.3680927705117434,33,0.3590682388952304,5,0.31327538493851137,7,0.33137347071485884
pDCs|NK Cells|CD48|CD2,pDCs,NK Cells,CD48,CD2,-0.02463174910998356,-0.3079525016390937,0.2586890034191266,43,0.8646970018503153,0.96671562707935,10,0.24055665127594233,22,0.20737992446821538,5,0.37884286136487055,6,0.3702978836671272
NK Cells|B Cells|PKM|CD44,NK Cells,B Cells,PKM,CD44,0.01404917287115015,-0.14521571372118086,0.17331405946348116,56,0.8627350957043124,0.96671562707935,11,0.39112178140733245,33,0.2884259208693088,5,0.3428454688233029,7,0.22610043541412908
B Cells|CD8 T Cells|HLA-B|CD8B,B Cells,CD8 T Cells,HLA-B,CD8B,-0.006569105009287091,-0.08264943818154807,0.06951122816297389,56,0.8656143435649121,0.96671562707935,11,0.9236511241295158,33,0.9682320769461559,5,0.9376001383920393,7,0.9887501962179664
CD8 T Cells|CD4 T Cells|ARF6|SMAP1,CD8 T Cells,CD4 T Cells,ARF6,SMAP1,0.01408271799527161,-0.15455836382431265,0.18272379981485587,55,0.8699903090082673,0.96671562707935,11,0.4601704318142134,32,0.4204599496644299,5,0.4519520182594972,7,0.3981588181144421
CD8 T Cells|Non-classical Monocytes|S100A9|CD36,CD8 T Cells,Non-classical Monocytes,S100A9,CD36,-0.022101396157522865,-0.27309255546421035,0.2288897631491646,51,0.8629756661989084,0.96671562707935,9,0.17972034090790395,32,0.3691798133696092,5,0.11966550091377255,5,0.33122636953300066
B Cells|CD8 T Cells|HLA-A|CD8B,B Cells,CD8 T Cells,HLA-A,CD8B,0.010202488351498173,-0.11264392391346922,0.13304890061646557,56,0.8706944072942622,0.96671562707935,11,0.8454574979130982,33,0.9257865176895456,5,0.8762953404867648,7,0.946421871911714
Non-classical Monocytes|CD8 T Cells|ARF6|SMAP1,Non-classical Monocytes,CD8 T Cells,ARF6,SMAP1,0.017861374858909873,-0.1899360623482371,0.22565881206605684,41,0.8662134777807902,0.96671562707935,9,0.32175588104307457,21,0.329741570722693,5,0.4989667681037343,6,0.48909108292444287
B Cells|CD8 T Cells|ADAM28|ITGA4,B Cells,CD8 T Cells,ADAM28,ITGA4,-0.019822448387294966,-0.25849913198467417,0.21885423521008424,56,0.8706933239651943,0.96671562707935,11,0.23827892809503382,33,0.2532197827715317,5,0.15114042866483887,7,0.1859037317286317
Non-classical Monocytes|CD4 T Cells|VCAN|ITGB1,Non-classical Monocytes,CD4 T Cells,VCAN,ITGB1,0.020051911467051042,-0.20241956840674838,0.24252339134085046,55,0.8597782420264417,0.96671562707935,10,0.19759723802057721,33,0.3321017126327285,5,0.18462389675860652,7,0.29907645990370674
CD8 T Cells|Non-classical Monocytes|HLA-A|APLP2,CD8 T Cells,Non-classical Monocytes,HLA-A,APLP2,0.0016956829606179502,-0.017502554880847045,0.020893920802082945,56,0.8625620750877662,0.96671562707935,11,0.9809140189097082,33,0.984057645975606,5,0.9695215118296445,7,0.9709694559349243
B Cells|CD8 T Cells|HLA-C|CD8A,B Cells,CD8 T Cells,HLA-C,CD8A,-0.006731095558150768,-0.08697322738813638,0.07351103627183485,56,0.8694074503074751,0.96671562707935,11,0.9262394205358646,33,0.9476123104234461,5,0.8906462839566084,7,0.9187502694023406
pDCs|CD4 T Cells|S100A8|CD69,pDCs,CD4 T Cells,S100A8,CD69,0.02318462532779242,-0.2608608023814516,0.30723005303703643,42,0.8728983733851363,0.9687370178059901,9,0.4553249845956646,22,0.7547307795940337,5,0.5454480733400437,6,0.8216692430106204
pDCs|Non-classical Monocytes|LTB|TNFRSF1A,pDCs,Non-classical Monocytes,LTB,TNFRSF1A,0.01895111734885735,-0.21562362804631227,0.253525862744027,44,0.8741857250805729,0.9697398276025495,10,0.3151999537086393,22,0.3668575228678014,5,0.3268337857058183,7,0.359540237516123
B Cells|CD4 T Cells|GRN|TNFRSF1B,B Cells,CD4 T Cells,GRN,TNFRSF1B,0.013959333829852198,-0.15950940546428943,0.18742807312399384,54,0.8746760681526543,0.9698580185264403,10,0.06278685690059162,32,0.1021898410020621,5,0.02782224555027224,7,0.05326589582189053
pDCs|NK Cells|LGALS1|CD69,pDCs,NK Cells,LGALS1,CD69,0.01422760613536378,-0.16326095368024104,0.1917161659509686,44,0.8751565226717568,0.9699651459611972,10,0.6678176158229199,22,0.7101078381099746,5,0.7305216438646325,7,0.7585842600163234
Classical Monocytes|NK Cells|ICAM1|ITGAM_ITGB2,Classical Monocytes,NK Cells,ICAM1,ITGAM_ITGB2,0.01959505766305114,-0.2261729026200756,0.2653630179461779,45,0.8758219721935894,0.9702771257050418,10,0.04248512582584028,24,0.05232759515613437,5,0.09578329281845559,6,0.08603070448569854
Classical Monocytes|B Cells|ADAM17|RHBDF2,Classical Monocytes,B Cells,ADAM17,RHBDF2,-0.012541102650173726,-0.17197135684235332,0.14688915154200588,56,0.8774720004735673,0.9716791170888276,11,0.05103656054817727,33,0.0838099990574071,5,0.041134717635791504,7,0.08644925879519506
NK Cells|Classical Monocytes|HMGB1|TLR2,NK Cells,Classical Monocytes,HMGB1,TLR2,-0.01366911042884933,-0.19123071658428978,0.16389249572659112,56,0.8800682938981241,0.9727954794338486,11,0.35760420022399986,33,0.43606853088693553,5,0.363868168870541,7,0.456001609962326
NK Cells|Classical Monocytes|HMGB1|CXCR4,NK Cells,Classical Monocytes,HMGB1,CXCR4,0.011440099767264789,-0.13757126609273124,0.16045146562726081,56,0.8803914708209055,0.9727954794338486,11,0.713131769416587,33,0.6875823161211891,5,0.6712252040771716,7,0.634235651014509
Classical Monocytes|Classical Monocytes|LTB|TNFRSF1A,Classical Monocytes,Classical Monocytes,LTB,TNFRSF1A,-0.009382588525302677,-0.131689302254852,0.11292412520424665,55,0.8804838351300536,0.9727954794338486,11,0.08877034654646297,33,0.10518086207311116,5,0.0,6,0.02579310405195086
Non-classical Monocytes|NK Cells|GNAI2|S1PR5,Non-classical Monocytes,NK Cells,GNAI2,S1PR5,0.01746792743987005,-0.20847338137309737,0.24340923625283747,56,0.8795589666102591,0.9727954794338486,11,0.18629789171990732,33,0.17494046663763013,5,0.17485276625495658,7,0.14602741373280934
NK Cells|CD4 T Cells|MIF|CD44_CD74,NK Cells,CD4 T Cells,MIF,CD44_CD74,-0.025097543275450218,-0.3531028068703389,0.30290772031943847,56,0.8807898919448538,0.9727954794338486,11,0.4900677628228119,33,0.5390485938961669,5,0.34914447619797884,7,0.42322285054678405
pDCs|pDCs|ARF6|SMAP1,pDCs,pDCs,ARF6,SMAP1,-0.02210556874169159,-0.30688937320056486,0.26267823571718174,36,0.8790789791964706,0.9727954794338486,9,0.11977786724540415,16,0.2556210502578148,5,0.1653351145107213,6,0.3232838662648235
CD4 T Cells|CD4 T Cells|MIF|CD74_CXCR4,CD4 T Cells,CD4 T Cells,MIF,CD74_CXCR4,0.029844154102909415,-0.36178503217214053,0.42147334037795936,56,0.8812701131023694,0.9729006447399245,11,0.6140913507475095,33,0.6655435028465182,5,0.42429203191047205,7,0.4459000299065713
Non-classical Monocytes|Classical Monocytes|HMGB1|TLR2,Non-classical Monocytes,Classical Monocytes,HMGB1,TLR2,0.01338861021454077,-0.165802790970319,0.19258001139940054,56,0.8835722679568431,0.9750162100991014,11,0.26478029295707217,33,0.2507045431342787,5,0.21911432874156284,7,0.1916499687042286
B Cells|Non-classical Monocytes|HLA-DQB1|CD4,B Cells,Non-classical Monocytes,HLA-DQB1,CD4,0.008351785735375317,-0.1054651508412113,0.12216872231196194,56,0.8856422802759312,0.9768738726570397,11,0.7284459830069078,33,0.732456224746645,5,0.7176698535159682,7,0.7133283095203301
pDCs|NK Cells|TGFB1|CXCR4,pDCs,NK Cells,TGFB1,CXCR4,-0.019793999033252074,-0.2917507749777868,0.25216277691128264,42,0.8865640189794405,0.9774639074873673,10,0.4029164317061558,22,0.5426192470122108,5,0.571039262399663,5,0.7305360767389699
NK Cells|CD4 T Cells|SPON2|ITGA4,NK Cells,CD4 T Cells,SPON2,ITGA4,-0.01915891965773897,-0.28534073880964766,0.24702289949416972,56,0.8878130901196459,0.9784141642967054,11,0.4102263558470405,33,0.4114970757451781,5,0.3297094057325529,7,0.3501390452884295
Classical Monocytes|pDCs|HLA-DMB|CD4,Classical Monocytes,pDCs,HLA-DMB,CD4,-0.012347681595869409,-0.1877528970453574,0.16305753385361857,43,0.8902625338673726,0.9788195341329067,10,0.17177896782705268,21,0.2984601134028211,5,0.1344746844960242,7,0.273503511667662
Non-classical Monocytes|NK Cells|VCAN|ITGA4,Non-classical Monocytes,NK Cells,VCAN,ITGA4,-0.019779277593810762,-0.30138028900960245,0.26182173382198093,55,0.8905049896998625,0.9788195341329067,10,0.176169975800873,33,0.3279880375374925,5,0.18954387425178687,7,0.3611412135822171
pDCs|CD8 T Cells|HLA-C|CD8A,pDCs,CD8 T Cells,HLA-C,CD8A,-0.006941284038975759,-0.1055037411743685,0.09162117309641699,44,0.8902159801098825,0.9788195341329067,10,0.9056373330302014,22,0.9323613201164499,5,0.8484783086394673,7,0.8821435797646915
pDCs|Classical Monocytes|PTPN6|CD300LF,pDCs,Classical Monocytes,PTPN6,CD300LF,0.00861496773101196,-0.11274360980963322,0.12997354527165714,39,0.8893447682792276,0.9788195341329067,10,0.06233148491279801,17,0.08757270402978913,5,0.01151201118272609,7,0.02813826256870525
Non-classical Monocytes|NK Cells|PKM|CD44,Non-classical Monocytes,NK Cells,PKM,CD44,-0.01947762798444902,-0.2922887831325465,0.2533335271636485,56,0.8887124468600391,0.9788195341329067,11,0.18098078715604296,33,0.23562871626262347,5,0.29656906680465156,7,0.3706946238956811
pDCs|CD8 T Cells|MIF|CD74_CXCR4,pDCs,CD8 T Cells,MIF,CD74_CXCR4,0.01857425398247059,-0.24397421536511504,0.2811227233300562,44,0.8897191348072481,0.9788195341329067,10,0.7005431975920202,22,0.7528616472951893,5,0.6962928704313734,7,0.730037066152072
Non-classical Monocytes|CD4 T Cells|MIF|CD74_CXCR4,Non-classical Monocytes,CD4 T Cells,MIF,CD74_CXCR4,0.023051833203297067,-0.3072461071219151,0.3533497735285092,56,0.8911984452080111,0.9791558569741929,11,0.43501043788877464,33,0.4804847300587314,5,0.35609984046330406,7,0.37852229942996374
pDCs|CD8 T Cells|APP|LRP10,pDCs,CD8 T Cells,APP,LRP10,0.01293976445271866,-0.17556489432836772,0.20144442323380504,44,0.8929753503564958,0.980681751564913,10,0.34803180552567425,22,0.3692134692088038,5,0.27819011104950986,7,0.28643201027992077
CD4 T Cells|NK Cells|LRPAP1|SORL1,CD4 T Cells,NK Cells,LRPAP1,SORL1,0.0046590982356899055,-0.06392906559225867,0.07324726206363849,55,0.8940845452377405,0.9814733474438619,11,0.036368938443865635,32,0.04102803667955554,5,0.0,7,0.0
Non-classical Monocytes|Non-classical Monocytes|S100A9|CD36,Non-classical Monocytes,Non-classical Monocytes,S100A9,CD36,-0.01767682398967496,-0.28123685141952814,0.24588320344017822,56,0.8954164179063182,0.9815651598897238,11,0.7600394955195451,33,0.9004519741709954,5,0.6104719839448478,7,0.7685612865859731
Non-classical Monocytes|Non-classical Monocytes|VCAN|ITGA4,Non-classical Monocytes,Non-classical Monocytes,VCAN,ITGA4,-0.019593679536379915,-0.3136964295155573,0.2745090704427975,55,0.89611033789695,0.9815651598897238,10,0.23278065288562216,33,0.30549212510184803,5,0.241377605440171,7,0.3336827571927768
Classical Monocytes|NK Cells|HMGB1|CXCR4,Classical Monocytes,NK Cells,HMGB1,CXCR4,-0.009925286635112385,-0.15866909955261507,0.1388185262823903,56,0.8959467467740049,0.9815651598897238,11,0.650753596340259,33,0.6791548995095696,5,0.854827486229404,7,0.893154076033827
Non-classical Monocytes|B Cells|SELPLG|SELL,Non-classical Monocytes,B Cells,SELPLG,SELL,0.009849459278250428,-0.13733986965772504,0.1570387882142259,56,0.8956528596921686,0.9815651598897238,11,0.18852819113143884,33,0.26708430791108045,5,0.23271177240358734,7,0.3014184299049785
Non-classical Monocytes|NK Cells|MIF|CD44_CD74,Non-classical Monocytes,NK Cells,MIF,CD44_CD74,0.01647027289773567,-0.2299450796025103,0.26288562539798166,56,0.8957729622236398,0.9815651598897238,11,0.16494430368279264,33,0.17364457316656975,5,0.27559460990396456,7,0.267824606490006
B Cells|CD4 T Cells|CD72|CD5,B Cells,CD4 T Cells,CD72,CD5,-0.008073211909763012,-0.13105853915863694,0.11491211533911092,55,0.8976272514164677,0.9825416107694769,11,0.10953637080952028,33,0.12752675372853395,5,0.0,6,0.02606359482877668
CD4 T Cells|CD8 T Cells|HLA-F|CD8B,CD4 T Cells,CD8 T Cells,HLA-F,CD8B,0.015479420125894594,-0.2215899166817859,0.2525487569335751,56,0.8981682314513224,0.9825416107694769,11,0.1941727033867643,33,0.24006972028195758,5,0.2948161588933457,7,0.32523375566264445
Non-classical Monocytes|CD4 T Cells|APP|CD74,Non-classical Monocytes,CD4 T Cells,APP,CD74,0.015866215221619018,-0.22695926620206522,0.2586916966453032,49,0.8980982993329719,0.9825416107694769,6,0.4435730403377365,31,0.44579798153873457,5,0.49374010694764114,7,0.4800988329270202
CD8 T Cells|Classical Monocytes|ICAM2|ITGAL_ITGB2,CD8 T Cells,Classical Monocytes,ICAM2,ITGAL_ITGB2,-0.02082200435445579,-0.3441723876511301,0.3025283789422185,45,0.8995648959462196,0.9836436573154898,10,0.09692050692746697,23,0.10476461231211127,5,0.12057961518027412,7,0.1492457249193742
CD8 T Cells|Classical Monocytes|LRPAP1|LRP1,CD8 T Cells,Classical Monocytes,LRPAP1,LRP1,-0.001976334960559668,-0.032819530608589706,0.028866860687470366,56,0.9000578034098026,0.983667186067353,11,0.0,33,0.010762007170090423,5,0.0,7,0.012738342130650091
CD8 T Cells|B Cells|TGFB1|CXCR4,CD8 T Cells,B Cells,TGFB1,CXCR4,-0.01917400234781641,-0.3193357325453157,0.2809877278496829,55,0.9003649392060892,0.983667186067353,11,0.9359375948174317,33,0.8430229019437104,5,0.8132337950862029,6,0.739493104560298
Classical Monocytes|CD4 T Cells|S100A8|CD69,Classical Monocytes,CD4 T Cells,S100A8,CD69,-6.437858940833152e-06,-0.00010845869928790751,9.558298140624121e-05,56,0.9015683828775906,0.9837060896078028,11,0.9999068542430698,33,0.9999065621917999,5,0.9999916583370443,7,0.9999978041447152
NK Cells|Classical Monocytes|HLA-DPA1|CD4,NK Cells,Classical Monocytes,HLA-DPA1,CD4,-0.013211424991901421,-0.22228918477572585,0.195866334791923,56,0.9014354184012063,0.9837060896078028,11,0.19827418252623696,33,0.309294891928621,5,0.24499846338259895,7,0.3692305977768844
CD8 T Cells|NK Cells|LRPAP1|SORL1,CD8 T Cells,NK Cells,LRPAP1,SORL1,0.005087679771954311,-0.07530552834855114,0.08548088789245978,55,0.9012866023056871,0.9837060896078028,11,0.05198973368223372,32,0.05707741345418803,5,0.0,7,0.0
Classical Monocytes|B Cells|TIMP1|CD63,Classical Monocytes,B Cells,TIMP1,CD63,-0.014205156976809186,-0.24425966987266406,0.2158493559190457,54,0.9036738204633527,0.9838792521804792,11,0.5004667962085756,32,0.420979520224233,5,0.4707658863796431,6,0.4054837673721097
CD8 T Cells|NK Cells|LGALS1|ITGB1,CD8 T Cells,NK Cells,LGALS1,ITGB1,0.016412907396237575,-0.2489592811819772,0.28178509597445234,56,0.9035159156462513,0.9838792521804792,11,0.3102737188457668,33,0.38719060543365114,5,0.27667455483504555,7,0.3371785340266923
B Cells|Classical Monocytes|FAM3C|LAMP1,B Cells,Classical Monocytes,FAM3C,LAMP1,0.006916772733217155,-0.10391338114149126,0.11774692660792557,56,0.902646443365316,0.9838792521804792,11,0.07816732885635733,33,0.15693537131325686,5,0.0,7,0.07185126972368237
CD8 T Cells|CD8 T Cells|TNF|TRADD,CD8 T Cells,CD8 T Cells,TNF,TRADD,0.011157690049609495,-0.16848396790940162,0.19079934800862064,42,0.9031089224043332,0.9838792521804792,7,0.016152590164152318,23,0.061167272645316954,5,0.055458641559410646,7,0.08931563399096579
Classical Monocytes|pDCs|TNFSF13B|TFRC,Classical Monocytes,pDCs,TNFSF13B,TFRC,-0.01809951800968873,-0.30739231825266394,0.2711932822332865,38,0.9024044021495105,0.9838792521804792,8,0.3856810930137603,18,0.37696919766182896,5,0.3975146626044649,7,0.4069022852622223
Classical Monocytes|NK Cells|SELPLG|ITGAM,Classical Monocytes,NK Cells,SELPLG,ITGAM,0.006340700446202847,-0.09743214945919661,0.1101135503516023,55,0.9046754982213798,0.9841218183406918,11,0.003640106622105162,33,0.02726785309074167,5,0.03156138571130547,6,0.04884843173373913
Classical Monocytes|CD4 T Cells|TIMP2|ITGB1,Classical Monocytes,CD4 T Cells,TIMP2,ITGB1,-0.013911364418536382,-0.24115598566698784,0.21333325682991508,56,0.9044956322043182,0.9841218183406918,11,0.2745540826776305,33,0.2959588928562603,5,0.15984164942423057,7,0.19515782402139678
NK Cells|Classical Monocytes|HLA-A|APLP2,NK Cells,Classical Monocytes,HLA-A,APLP2,-0.00047449149362222,-0.00831715837566932,0.00736817538842488,56,0.9056078284010006,0.9842885945674531,11,0.9927082680695457,33,0.9929109223191573,5,0.9900932653495531,7,0.990770411092787
Non-classical Monocytes|Classical Monocytes|GRN|TNFRSF1A,Non-classical Monocytes,Classical Monocytes,GRN,TNFRSF1A,0.014239359340704971,-0.22037693533605748,0.24885565401746743,56,0.9053115134169425,0.9842885945674531,11,0.3108205246276515,33,0.4011914424333001,5,0.33575285230352325,7,0.41188441076846694
Classical Monocytes|Non-classical Monocytes|S100A12|CD36,Classical Monocytes,Non-classical Monocytes,S100A12,CD36,0.01621530589428366,-0.2536665848434955,0.28609719663206284,56,0.9062574599791514,0.9845711957727067,11,0.7012354549222828,33,0.7836466667646871,5,0.6249588731175635,7,0.6911547790656841
NK Cells|pDCs|GNAI2|CXCR3,NK Cells,pDCs,GNAI2,CXCR3,0.012873913219669492,-0.20890101005345885,0.23464883649279783,43,0.9094162844041339,0.9858837197294065,10,0.2484153253600752,21,0.2975116866607274,5,0.08503222039651107,7,0.12125466847749378
Classical Monocytes|CD4 T Cells|MIF|TNFRSF14,Classical Monocytes,CD4 T Cells,MIF,TNFRSF14,-0.015434118303864847,-0.2782801348013446,0.24741189819361495,56,0.9083756919778547,0.9858837197294065,11,0.33996322598773304,33,0.36890691114380814,5,0.12722906587141583,7,0.17160686933135577
pDCs|B Cells|S100A8|CD69,pDCs,B Cells,S100A8,CD69,-0.019339090489498,-0.3496341414118668,0.31095596043287077,42,0.9086371288197168,0.9858837197294065,9,0.5219157007764719,22,0.7691641803046132,5,0.5270659972673898,6,0.7936535672850291
Non-classical Monocytes|CD8 T Cells|MIF|CD74_CXCR4,Non-classical Monocytes,CD8 T Cells,MIF,CD74_CXCR4,0.014717777682086597,-0.23760493557926887,0.26704049094344207,56,0.9089816732521779,0.9858837197294065,11,0.59940882851815,33,0.6365933427173357,5,0.6586614327191628,7,0.6811281692362618
Classical Monocytes|Non-classical Monocytes|S100A9|CD36,Classical Monocytes,Non-classical Monocytes,S100A9,CD36,0.007208751591522122,-0.1168033485646811,0.13122085174772535,56,0.909292037834926,0.9858837197294065,11,0.9202176262041113,33,0.97304481271801,5,0.8989692983384447,7,0.9445877332608213
Non-classical Monocytes|B Cells|TGFB1|ITGB1,Non-classical Monocytes,B Cells,TGFB1,ITGB1,0.015616921092059255,-0.30409977656414655,0.33533361874826506,45,0.9237297387748755,0.9866014283044608,8,0.3245613296318031,25,0.30611517949138706,5,0.30355612745223876,7,0.26949305621976344
B Cells|CD8 T Cells|HLA-A|CD8A,B Cells,CD8 T Cells,HLA-A,CD8A,-0.0036538192490140897,-0.07246998576645088,0.0651623472684227,56,0.9171177686693622,0.9866014283044608,11,0.9092270781660005,33,0.9448780726320956,5,0.8923219431186002,7,0.9316267568337094
CD8 T Cells|pDCs|ARF6|SMAP1,CD8 T Cells,pDCs,ARF6,SMAP1,0.014442306657398124,-0.31045141935139364,0.33933603266618995,36,0.9305720681284995,0.9866014283044608,9,0.14595135207409785,16,0.35166103748114996,5,0.1609259772836386,6,0.3521933560332926
Non-classical Monocytes|CD8 T Cells|CD14|ITGA4,Non-classical Monocytes,CD8 T Cells,CD14,ITGA4,0.015837748474567398,-0.2737817101817107,0.30545720713084556,56,0.9146461734172031,0.9866014283044608,11,0.24650890840874917,33,0.36640052336229795,5,0.16285593138578766,7,0.26690979786476904
Non-classical Monocytes|pDCs|CD14|ITGB1,Non-classical Monocytes,pDCs,CD14,ITGB1,-0.015472307612334424,-0.3464741231001535,0.31552950787548467,44,0.9270028906694663,0.9866014283044608,10,0.33072440219293175,22,0.37269092771723505,5,0.2933518195468431,7,0.3507906526834808
Classical Monocytes|Non-classical Monocytes|APP|CD74,Classical Monocytes,Non-classical Monocytes,APP,CD74,-0.008761180457084738,-0.1749461428913221,0.15742378197715262,55,0.9177024705745924,0.9866014283044608,11,0.5695261869290701,32,0.5691693120811344,5,0.6709101171435228,7,0.6793144227526718
pDCs|Classical Monocytes|HLA-DRB5|CD4,pDCs,Classical Monocytes,HLA-DRB5,CD4,0.02175803738051152,-0.4412572199630119,0.48477329472403496,39,0.9266164187493009,0.9866014283044608,9,0.31328580389726474,19,0.28893434845174265,5,0.3138707112120123,6,0.2677612183859787
CD8 T Cells|Non-classical Monocytes|HMGB1|CXCR4,CD8 T Cells,Non-classical Monocytes,HMGB1,CXCR4,0.00849456405501181,-0.14870138117170661,0.16569050928173024,56,0.9156516548316324,0.9866014283044608,11,0.6433732175791366,33,0.6463778047844331,5,0.7378217028139675,7,0.7323317259642522
CD8 T Cells|B Cells|LGALS1|CD69,CD8 T Cells,B Cells,LGALS1,CD69,0.006213257046906451,-0.13459515590311494,0.14702166999692784,56,0.9310811932848525,0.9866014283044608,11,0.8243987244918934,33,0.8745618765219946,5,0.7541424278561412,7,0.7980923228393358
Classical Monocytes|Non-classical Monocytes|ADAM15|ITGB1,Classical Monocytes,Non-classical Monocytes,ADAM15,ITGB1,-0.0036240801021706487,-0.08285967421277987,0.07561151400843857,53,0.9285694073234804,0.9866014283044608,10,0.0411464623283028,31,0.017896004861073407,5,0.031005688346861147,7,0.011379310981802402
pDCs|CD8 T Cells|PTDSS1|JMJD6,pDCs,CD8 T Cells,PTDSS1,JMJD6,0.013309492568755035,-0.2903961732528645,0.31701515839037453,38,0.9315516454034205,0.9866014283044608,8,0.08048669828777055,19,0.21189822442187936,5,0.003175052256510158,6,0.12127708582186393
pDCs|Classical Monocytes|LGALS9|LRP1,pDCs,Classical Monocytes,LGALS9,LRP1,0.010396988715856204,-0.21091654197261922,0.23171051940433163,43,0.9266374456451282,0.9866014283044608,10,0.012847377589301679,21,0.21635594772360858,5,0.0,7,0.1931115814184507
Classical Monocytes|NK Cells|TNFSF13B|HLA-DPB1,Classical Monocytes,NK Cells,TNFSF13B,HLA-DPB1,0.015102054142646981,-0.26537701673300973,0.2955811250183037,56,0.9159537787053922,0.9866014283044608,11,0.2185198029636969,33,0.3836688702028283,5,0.37447947952144933,7,0.5245264926179337
Classical Monocytes|NK Cells|VCAN|SELL,Classical Monocytes,NK Cells,VCAN,SELL,-0.008405480362521756,-0.19948325014933133,0.18267228942428781,56,0.9312927242245653,0.9866014283044608,11,0.7209416176765989,33,0.7497093743757343,5,0.6584352560972245,7,0.6956084931588816
Non-classical Monocytes|NK Cells|TGFB1|CXCR4,Non-classical Monocytes,NK Cells,TGFB1,CXCR4,0.014259484748801676,-0.2584710894981074,0.28699005899571073,56,0.9183796236134691,0.9866014283044608,11,0.4555806305935646,33,0.520431506974679,5,0.65110098475588,7,0.7016923763881927
Non-classical Monocytes|NK Cells|TIMP2|CD44,Non-classical Monocytes,NK Cells,TIMP2,CD44,-0.017530011545449253,-0.36063150740084515,0.32557148430994665,56,0.9202331621970198,0.9866014283044608,11,0.22637310284965295,33,0.2693787570249419,5,0.3164607206411533,7,0.37699638636189153
NK Cells|NK Cells|SPON2|ITGB1,NK Cells,NK Cells,SPON2,ITGB1,-0.015688044597789774,-0.3225609941421507,0.2911849049465712,56,0.9201872719389503,0.9866014283044608,11,0.5717084331839701,33,0.5588182500332814,5,0.29160566641649543,7,0.2944035278635965
NK Cells|NK Cells|TGFB1|CXCR4,NK Cells,NK Cells,TGFB1,CXCR4,-0.013174751400856888,-0.28547683592606016,0.2591273331243464,56,0.9244509323828166,0.9866014283044608,11,0.6121407947570771,33,0.5989432706949191,5,0.6979078086686805,7,0.6978850360073795
CD4 T Cells|B Cells|PKM|CD44,CD4 T Cells,B Cells,PKM,CD44,-0.0066347966354267235,-0.15125792057267984,0.13798832730182636,56,0.9283538036393351,0.9866014283044608,11,0.08558416371037487,33,0.16642537794328943,5,0.0645708031021727,7,0.15204681397051398
Non-classical Monocytes|NK Cells|CD58|CD2,Non-classical Monocytes,NK Cells,CD58,CD2,-0.008753842342612117,-0.19742530488815815,0.17991762020293392,56,0.9275426547424757,0.9866014283044608,11,0.2716696498181149,33,0.2095343280945655,5,0.46066535334856573,7,0.4072838739676284
Non-classical Monocytes|NK Cells|CALM1|PTPRA,Non-classical Monocytes,NK Cells,CALM1,PTPRA,-0.009046014231940736,-0.21505890808954498,0.1969668796256635,56,0.9314172066393095,0.9866014283044608,11,0.16414926336396504,33,0.23074020301049267,5,0.299452229238526,7,0.37508918311699435
CD4 T Cells|Non-classical Monocytes|CALM1|PTPRA,CD4 T Cells,Non-classical Monocytes,CALM1,PTPRA,0.010987606315686738,-0.2062973886327974,0.22827260126417087,51,0.9210502131881346,0.9866014283044608,11,0.42698735163852924,28,0.4328968067450187,5,0.4255923705595082,7,0.4205142193503109
Classical Monocytes|pDCs|VIM|CD44,Classical Monocytes,pDCs,VIM,CD44,0.004665983930763784,-0.10061905580730723,0.1099510236688348,44,0.930782025317783,0.9866014283044608,10,0.9232545182765227,22,0.8924923559335247,5,0.9229147917104502,7,0.8874866454366884
CD4 T Cells|Classical Monocytes|HMGB1|CXCR4,CD4 T Cells,Classical Monocytes,HMGB1,CXCR4,-0.010802319968651442,-0.2236038897100513,0.2019992497727484,56,0.9207472502838797,0.9866014283044608,11,0.6140724898811704,33,0.5915664227322047,5,0.5560865867280682,7,0.544382839547754
Non-classical Monocytes|Classical Monocytes|HBEGF|CD44,Non-classical Monocytes,Classical Monocytes,HBEGF,CD44,0.010029805391696955,-0.18534802849959708,0.205407639282991,45,0.919855615159789,0.9866014283044608,8,0.4634720594383421,25,0.45702068837524884,5,0.3854705728441374,7,0.3689893963893472
CD8 T Cells|CD4 T Cells|MIF|CD74_CXCR4,CD8 T Cells,CD4 T Cells,MIF,CD74_CXCR4,-0.020605992323227074,-0.4138154904092398,0.37260350576278567,56,0.9181922178143289,0.9866014283044608,11,0.5310500144045031,33,0.5798963943213327,5,0.4008272018815071,7,0.4702795741215638
Classical Monocytes|Classical Monocytes|TGFB1|ITGB1,Classical Monocytes,Classical Monocytes,TGFB1,ITGB1,0.014174451987141623,-0.2604020431697158,0.28875094714399907,55,0.9194082505353544,0.9866014283044608,11,0.383052356162869,33,0.33327208419998827,5,0.2857000807320663,6,0.221745356782044
pDCs|CD8 T Cells|LGALS1|ITGB1,pDCs,CD8 T Cells,LGALS1,ITGB1,0.013240495818827913,-0.28186995613032045,0.3083509477679763,44,0.9299273759317341,0.9866014283044608,10,0.2454090753870382,22,0.2875743602191112,5,0.2895616614260992,7,0.31848645043934426
Classical Monocytes|Classical Monocytes|SELPLG|ITGAM,Classical Monocytes,Classical Monocytes,SELPLG,ITGAM,0.008586726907113006,-0.15466504402148656,0.1718384978357126,56,0.9178912964712979,0.9866014283044608,11,0.06828312677582113,33,0.16647878313413506,5,0.05748118023415585,7,0.14709010968535677
NK Cells|Classical Monocytes|MIF|TNFRSF14,NK Cells,Classical Monocytes,MIF,TNFRSF14,-0.01773020401370251,-0.33726867962747736,0.30180827160007234,56,0.9133989158596318,0.9866014283044608,11,0.37640889162807745,33,0.3856709421482498,5,0.2956254156282697,7,0.3226176701621446
NK Cells|Classical Monocytes|TGFB1|CXCR4,NK Cells,Classical Monocytes,TGFB1,CXCR4,-0.012905679585243746,-0.29749345684620204,0.27168209767571455,56,0.9291758665544722,0.9866014283044608,11,0.4071474193644431,33,0.33880612507312113,5,0.29993458419809743,7,0.2444989694920192
NK Cells|Classical Monocytes|SPON2|ITGAM,NK Cells,Classical Monocytes,SPON2,ITGAM,-0.010823335530898953,-0.240439589892474,0.2187929188306761,56,0.9263912911063197,0.9866014283044608,11,0.562885607605674,33,0.47905054732822816,5,0.21517034887163616,7,0.1421586241250893
Classical Monocytes|CD8 T Cells|TIMP2|CD44,Classical Monocytes,CD8 T Cells,TIMP2,CD44,-0.011384170603502414,-0.225006547401641,0.20223820619463617,56,0.9168133333403103,0.9866014283044608,11,0.2674578830923856,33,0.2764018645445632,5,0.16690188757703048,7,0.1872300396327105
Classical Monocytes|Classical Monocytes|HMGB1|CXCR4,Classical Monocytes,Classical Monocytes,HMGB1,CXCR4,0.012634910014106104,-0.20916665306195809,0.2344364730901703,56,0.9111015545479675,0.9866014283044608,11,0.4688718376637151,33,0.42034855211029676,5,0.4408514264454745,7,0.37969323087795004
Classical Monocytes|Classical Monocytes|LGALS1|CD69,Classical Monocytes,Classical Monocytes,LGALS1,CD69,0.011491296429031794,-0.22878400267089322,0.2517665955289568,55,0.9253186021863984,0.9866014283044608,11,0.7318334703238321,33,0.7931211644746565,5,0.6870722165877877,6,0.7368686143095804
Classical Monocytes|Classical Monocytes|CIRBP|TREM1,Classical Monocytes,Classical Monocytes,CIRBP,TREM1,-0.006385393457064598,-0.1466960267167409,0.1339252398026117,56,0.9289261784638083,0.9866014283044608,11,0.15488785784186285,33,0.15892829969740846,5,0.07605724964125068,7,0.0864830849538609
B Cells|Non-classical Monocytes|HLA-F|LILRB2,B Cells,Non-classical Monocytes,HLA-F,LILRB2,0.013533915446775735,-0.2598025738968534,0.2868704047904049,56,0.922690521000585,0.9866014283044608,11,0.1725891908361654,33,0.1908479937296774,5,0.321237711422457,7,0.32596259886919327
Classical Monocytes|Classical Monocytes|PTPN6|CLEC12A,Classical Monocytes,Classical Monocytes,PTPN6,CLEC12A,-0.011765866958783067,-0.24942111163665476,0.22588937771908862,56,0.9226992718643755,0.9866014283044608,11,0.2851426950814342,33,0.23212256086669347,5,0.2257519460818691,7,0.18449767882591145
CD8 T Cells|NK Cells|LGALS1|CD69,CD8 T Cells,NK Cells,LGALS1,CD69,-0.012248980843923118,-0.2695444414426978,0.24504647975485155,56,0.9256593816616469,0.9866014283044608,11,0.6149557714287,33,0.7390362957361061,5,0.4627261194606299,7,0.5990556246119592
CD8 T Cells|NK Cells|TGFB1|CXCR4,CD8 T Cells,NK Cells,TGFB1,CXCR4,-0.019556878787882592,-0.38123126808923774,0.34211751051347256,55,0.9155970659443182,0.9866014283044608,11,0.49610580328835635,33,0.5423471063787413,5,0.5908889704612934,6,0.656687152339561
B Cells|NK Cells|MIF|CD74_CXCR4,B Cells,NK Cells,MIF,CD74_CXCR4,-0.014137626162027295,-0.3359893156330734,0.3077140633090188,56,0.9313923384744336,0.9866014283044608,11,0.40747441640758364,33,0.5333422696349606,5,0.47732629994379494,7,0.6173317793331992
pDCs|Non-classical Monocytes|LGALS9|CD44,pDCs,Non-classical Monocytes,LGALS9,CD44,0.011003296226329007,-0.23872478344247233,0.26073137589513035,43,0.9311816842929328,0.9866014283044608,10,0.3322507216476889,21,0.3321890828063833,5,0.34495735709444797,7,0.3338924220268134
Non-classical Monocytes|CD8 T Cells|CD58|CD2,Non-classical Monocytes,CD8 T Cells,CD58,CD2,0.009823326400872634,-0.17450069151564285,0.19414734431738812,56,0.9168091358375438,0.9866014283044608,11,0.44862443664920443,33,0.3909945213083983,5,0.5050250476288258,7,0.43757180588714706
Non-classical Monocytes|B Cells|APP|CD74,Non-classical Monocytes,B Cells,APP,CD74,0.003414394688823541,-0.06873192261864763,0.07556071199629472,49,0.9260964512184617,0.9866014283044608,6,0.8007916117064754,31,0.7690382659433249,5,0.8179284333608627,7,0.7827606929088887
NK Cells|pDCs|VIM|CD44,NK Cells,pDCs,VIM,CD44,0.013908236106973004,-0.2613641379037107,0.2891806101176567,44,0.9211161274060407,0.9866014283044608,10,0.1871849435692587,22,0.3245959724446647,5,0.3238051422667943,7,0.4473079350352273
Non-classical Monocytes|pDCs|APP|LRP10,Non-classical Monocytes,pDCs,APP,LRP10,0.016516639267353472,-0.3480315366806037,0.38106481521531066,39,0.9292405522945477,0.9866014283044608,6,0.1563743511753166,21,0.20237577085942396,5,0.1449057686519978,7,0.1743905490687517
Non-classical Monocytes|B Cells|HMGB1|CXCR4,Non-classical Monocytes,B Cells,HMGB1,CXCR4,-0.0026951592948804004,-0.05414780625972353,0.048757487669962726,56,0.9182284031148639,0.9866014283044608,11,0.967236746927944,33,0.9294700065066662,5,0.9759563544015913,7,0.9408847732751939
pDCs|pDCs|TGFB1|CXCR4,pDCs,pDCs,TGFB1,CXCR4,-0.015434762664874035,-0.30950711530788855,0.2786375899781405,42,0.918065187029317,0.9866014283044608,10,0.6589314159783166,22,0.6737224450971206,5,0.4371364563688226,5,0.46736224815250066
Non-classical Monocytes|pDCs|APP|CD74,Non-classical Monocytes,pDCs,APP,CD74,0.00807661599043219,-0.16622803827758045,0.18238127025844483,40,0.9276377708297834,0.9866014283044608,6,0.7425253448562289,22,0.6912466766458341,5,0.6764712775586021,7,0.6171159933577751
CD8 T Cells|Non-classical Monocytes|GNAI2|ADCY7,CD8 T Cells,Non-classical Monocytes,GNAI2,ADCY7,-0.004937814883496285,-0.09890514292860654,0.08902951316161396,56,0.9179688448802716,0.9866014283044608,11,0.017063274006686037,33,0.03940335036031747,5,0.02807578231574608,7,0.055353673552873794
pDCs|Non-classical Monocytes|ANXA2|TLR2,pDCs,Non-classical Monocytes,ANXA2,TLR2,0.012690810530802725,-0.23512466111640049,0.2605062821780059,44,0.9200496483843447,0.9866014283044608,10,0.07245723455450084,22,0.1931346224408597,5,0.06226182147101413,7,0.17024839882657025
NK Cells|CD8 T Cells|LRPAP1|SORL1,NK Cells,CD8 T Cells,LRPAP1,SORL1,-0.0020878199270393675,-0.04760677767976543,0.043431137825686694,49,0.9283684695225309,0.9866014283044608,11,0.022847198014253035,26,0.026823455724921032,5,0.0,7,0.0060640776377073645
pDCs|NK Cells|TNFSF13B|HLA-DPB1,pDCs,NK Cells,TNFSF13B,HLA-DPB1,0.017059093461894048,-0.3023158095819659,0.336433996505754,43,0.9166221694092459,0.9866014283044608,10,0.23121277734586831,21,0.2888521347334005,5,0.33898821604232265,7,0.3795684799679608
NK Cells|CD8 T Cells|HLA-E|CD8B,NK Cells,CD8 T Cells,HLA-E,CD8B,-0.005669410288721588,-0.1280130778451351,0.11667425726769194,56,0.927631798469107,0.9866014283044608,11,0.8500567055521295,33,0.9036819140470177,5,0.8590177094682888,7,0.9183123282518986
Classical Monocytes|CD8 T Cells|HLA-DRA|LAG3,Classical Monocytes,CD8 T Cells,HLA-DRA,LAG3,0.01092635212650983,-0.2326574407532351,0.2545101450062548,55,0.9299423174982079,0.9866014283044608,11,0.5773912558075086,32,0.7197962652420121,5,0.5462524655860836,7,0.6777311228940773
CD8 T Cells|CD8 T Cells|HLA-B|CD8A,CD8 T Cells,CD8 T Cells,HLA-B,CD8A,-0.0010712878060247233,-0.025868164175690284,0.023725588563640838,56,0.9325194507345431,0.9872126736515251,11,0.9825844835839,33,0.9909847240049476,5,0.977912154331294,7,0.9873836825583663
NK Cells|Classical Monocytes|GNAI2|ADCY7,NK Cells,Classical Monocytes,GNAI2,ADCY7,0.0029408146025054777,-0.06652689871545374,0.07240852792046469,56,0.9338736250650281,0.9882322657199858,11,0.03865853526374253,33,0.056725958344821956,5,0.005240462114794208,7,0.020367070593368158
NK Cells|pDCs|GNAI2|ADCY7,NK Cells,pDCs,GNAI2,ADCY7,0.00898232251957555,-0.2045656969660044,0.22253034200515553,34,0.9342963451491576,0.9882657447433744,6,0.04222520413105968,17,0.06813707131976103,5,0.05576735003136683,6,0.07269689470049263
CD4 T Cells|pDCs|PKM|CD44,CD4 T Cells,pDCs,PKM,CD44,-0.009609311557321781,-0.2413330448203993,0.22211442170575574,44,0.9352213398036737,0.9884512347042084,10,0.18699290163796745,22,0.22336882479962047,5,0.1310586244398807,7,0.1770438591588555
Classical Monocytes|NK Cells|GRN|TNFRSF1B,Classical Monocytes,NK Cells,GRN,TNFRSF1B,0.008063988050933169,-0.18649340413553703,0.20262138023740336,56,0.9352540174822961,0.9884512347042084,11,0.32772584542074873,33,0.45417576024167194,5,0.3358924650673082,7,0.45427839183729823
NK Cells|pDCs|LRPAP1|SORL1,NK Cells,pDCs,LRPAP1,SORL1,0.0076501431429703,-0.17875983266171055,0.19406011894765116,39,0.935890784958188,0.9884694276786353,9,0.13125439775676195,19,0.07676469653204056,5,0.08671888496692756,6,0.024579040599235862
Classical Monocytes|Non-classical Monocytes|LGALS9|LRP1,Classical Monocytes,Non-classical Monocytes,LGALS9,LRP1,0.008058884333916827,-0.18881175960940724,0.2049295282772409,56,0.9360535577502866,0.9884694276786353,11,0.0613759255399814,33,0.32002149178076106,5,0.0,7,0.25058668190686284
Classical Monocytes|Non-classical Monocytes|GNAI2|ADCY7,Classical Monocytes,Non-classical Monocytes,GNAI2,ADCY7,0.006813015560614755,-0.16143663767209315,0.17506266879332266,56,0.9367416855964088,0.9885365617352676,11,0.4928824209905707,33,0.4258445946244881,5,0.5218640021809801,7,0.44801316025428267
Non-classical Monocytes|B Cells|LTB|CD40,Non-classical Monocytes,B Cells,LTB,CD40,-0.008421922474451615,-0.23519808088866348,0.21835423593976025,56,0.9419745335061552,0.9885365617352676,11,0.2815518225300584,33,0.22481452504528737,5,0.31714082744206185,7,0.26882545243174244
CD8 T Cells|B Cells|TGFB1|ITGB1,CD8 T Cells,B Cells,TGFB1,ITGB1,-0.011343566480448708,-0.2976354906518108,0.27494835769091336,44,0.9380997611250301,0.9885365617352676,8,0.3715811897719834,25,0.30247486693297937,5,0.18745038619696444,6,0.12968762983840912
Classical Monocytes|B Cells|TNFSF13B|HLA-DPB1,Classical Monocytes,B Cells,TNFSF13B,HLA-DPB1,-0.0009603572454848219,-0.02678871477689553,0.024868000285925885,56,0.9419048469095067,0.9885365617352676,11,0.9539093365741081,33,0.9589961688930592,5,0.9694202643506982,7,0.975467453915134
Classical Monocytes|CD4 T Cells|ADAM17|ITGB1,Classical Monocytes,CD4 T Cells,ADAM17,ITGB1,-0.008564656131937354,-0.22523705993577203,0.20810774767189733,56,0.9382466953045022,0.9885365617352676,11,0.30225865155224146,33,0.33324655614508575,5,0.16688227342828826,7,0.2064348341530699
CD8 T Cells|Classical Monocytes|MIF|CD44_CD74,CD8 T Cells,Classical Monocytes,MIF,CD44_CD74,-0.008071141251182246,-0.2165455569658316,0.20040327446346712,56,0.9395141584111498,0.9885365617352676,11,0.6956061679012402,33,0.5951073951817871,5,0.6527689105777285,7,0.5603412791094576
Classical Monocytes|CD4 T Cells|LGALS1|PTPRC,Classical Monocytes,CD4 T Cells,LGALS1,PTPRC,-0.0008023080693145834,-0.021295105256200784,0.019690489117571618,56,0.9388351320726943,0.9885365617352676,11,0.9798253730418568,33,0.9834211212158119,5,0.9805179882662769,7,0.9849160445095466
NK Cells|pDCs|MIF|TNFRSF14,NK Cells,pDCs,MIF,TNFRSF14,0.011340230123494277,-0.2780368513961503,0.30071731164313886,44,0.9387763751461341,0.9885365617352676,10,0.38610578375465654,22,0.33583480389666126,5,0.26006972810383155,7,0.198458518122342
Classical Monocytes|CD8 T Cells|HLA-C|CD8B,Classical Monocytes,CD8 T Cells,HLA-C,CD8B,0.0045189822581843675,-0.11134735467635724,0.12038531919272598,56,0.9390675389409038,0.9885365617352676,11,0.8165405064027825,33,0.8893076026921883,5,0.8207841376309848,7,0.8890322516622062
CD8 T Cells|CD8 T Cells|VIM|CD44,CD8 T Cells,CD8 T Cells,VIM,CD44,0.007488685137965967,-0.1937246350623431,0.20870200533827504,56,0.9418496965451115,0.9885365617352676,11,0.4728014470900884,33,0.47930983855343356,5,0.67575631652472,7,0.6747760228500992
NK Cells|CD8 T Cells|HLA-DRB1|LAG3,NK Cells,CD8 T Cells,HLA-DRB1,LAG3,0.010357409650200572,-0.2555824169926505,0.2762972362930517,55,0.9391536783192822,0.9885365617352676,11,0.09760520992032701,32,0.19934885811994432,5,0.21829942298137123,7,0.30968566153078797
Classical Monocytes|NK Cells|CD14|ITGB1,Classical Monocytes,NK Cells,CD14,ITGB1,-0.007779815479091456,-0.21227423295697725,0.19671460199879434,56,0.9405606983787164,0.9885365617352676,11,0.5022294625529388,33,0.5355122751687812,5,0.6169372755317222,7,0.6579999036266561
B Cells|pDCs|ADAM28|ITGA4,B Cells,pDCs,ADAM28,ITGA4,0.011655922896187498,-0.2931700290795733,0.3164818748719483,37,0.9402584512115079,0.9885365617352676,7,0.16919497853411894,18,0.16055507792220747,5,0.15216565295776321,7,0.13186982944966424
NK Cells|Classical Monocytes|HLA-DPB1|CD4,NK Cells,Classical Monocytes,HLA-DPB1,CD4,-0.008364616374505307,-0.23472987608333026,0.21800064333431965,56,0.9422642421867345,0.9885365617352676,11,0.23370690961036714,33,0.35683639272975226,5,0.1593496450220406,7,0.29084374451593104
Classical Monocytes|pDCs|HMGB1|CXCR4,Classical Monocytes,pDCs,HMGB1,CXCR4,-0.004909955596268056,-0.13520929531066783,0.12538938411813172,44,0.9411252840358391,0.9885365617352676,10,0.8040575652398985,22,0.8239102155629628,5,0.7282132998545506,7,0.7529759057738831
Classical Monocytes|pDCs|MIF|CD74_CXCR4,Classical Monocytes,pDCs,MIF,CD74_CXCR4,-0.00956825246473908,-0.26901043177155726,0.2498739268420791,44,0.9423761682707795,0.9885365617352676,10,0.6030190815289178,22,0.6790639950884361,5,0.3876041423109328,7,0.47321730833519016
Classical Monocytes|B Cells|CD14|ITGB1,Classical Monocytes,B Cells,CD14,ITGB1,0.009186634563900897,-0.24539937737572387,0.26377264650352567,45,0.9436170074641722,0.9893862108377168,8,0.32514862258891364,25,0.44822097003993017,5,0.3972156384386561,7,0.5111013513257717
Non-classical Monocytes|CD8 T Cells|LGALS9|CD44,Non-classical Monocytes,CD8 T Cells,LGALS9,CD44,-0.010116342001864842,-0.2942205864219537,0.273987902418224,56,0.9443607204355254,0.9893862108377168,11,0.2675973130418776,33,0.35630974882592786,5,0.3342539655042275,7,0.43308274329014257
Classical Monocytes|B Cells|S100A8|CD69,Classical Monocytes,B Cells,S100A8,CD69,3.822278120679812e-06,-0.0001035192471322259,0.00011116380337358552,56,0.9443596023497266,0.9893862108377168,11,0.99994947557962,33,0.9999276385603765,5,0.9999955362412297,7,0.9999698769438655
pDCs|Classical Monocytes|GNAI2|C5AR1,pDCs,Classical Monocytes,GNAI2,C5AR1,-0.008218053274517786,-0.25859842740834715,0.24216232085931155,44,0.9487070880278136,0.9898633121666082,10,0.228259205530432,22,0.25122207162232674,5,0.1224629284837689,7,0.15364384785018143
Non-classical Monocytes|Classical Monocytes|VCAN|TLR2,Non-classical Monocytes,Classical Monocytes,VCAN,TLR2,0.009826533680010935,-0.28971263348713605,0.309365700847158,55,0.9487332576444499,0.9898633121666082,10,0.20497218331189346,33,0.2879376754633392,5,0.24821489087288917,7,0.321353849344324
B Cells|Non-classical Monocytes|LGALS1|CD69,B Cells,Non-classical Monocytes,LGALS1,CD69,0.007086709895996107,-0.2052505786040317,0.21942399839602392,53,0.9478448846048794,0.9898633121666082,9,0.012146412177134512,33,0.10656023241367912,5,0.13612047915668937,6,0.22344758949723786
Non-classical Monocytes|CD8 T Cells|TNFSF13B|HLA-DPB1,Non-classical Monocytes,CD8 T Cells,TNFSF13B,HLA-DPB1,-0.009095362997299183,-0.2831993192122299,0.26500859321763154,56,0.9481454561413033,0.9898633121666082,11,0.2507573114672417,33,0.5627337710569196,5,0.12995053082205904,7,0.4510223534090361
B Cells|Classical Monocytes|HLA-DMA|CD4,B Cells,Classical Monocytes,HLA-DMA,CD4,-0.005823385355956612,-0.18313940343928956,0.17149263272737633,56,0.9486765443683273,0.9898633121666082,11,0.3612588373469604,33,0.2813393408822373,5,0.2963911506252789,7,0.22229503951651236
Non-classical Monocytes|NK Cells|S100A8|CD69,Non-classical Monocytes,NK Cells,S100A8,CD69,0.0044733626607698085,-0.12838066426301492,0.13732738958455454,56,0.9473822364846805,0.9898633121666082,11,0.8567087004716409,33,0.9750643934616714,5,0.8416788942089338,7,0.9555612245381945
Non-classical Monocytes|CD8 T Cells|LGALS3|LAG3,Non-classical Monocytes,CD8 T Cells,LGALS3,LAG3,0.008776893795054086,-0.2466573599807061,0.26421114757081426,55,0.9463065051121561,0.9898633121666082,11,0.3713581820491868,32,0.2624313896802792,5,0.4438781261883043,7,0.3261744400243426
NK Cells|CD4 T Cells|MIF|CD74_CXCR4,NK Cells,CD4 T Cells,MIF,CD74_CXCR4,0.01186898698166794,-0.3419359167225053,0.36567389068584116,56,0.9475766063817355,0.9898633121666082,11,0.5380587905015253,33,0.6252238014529783,5,0.38223677277008494,7,0.45753279673987
Classical Monocytes|Classical Monocytes|CALR|LRP1,Classical Monocytes,Classical Monocytes,CALR,LRP1,0.004477893856609155,-0.1274432709869056,0.13639905870012392,56,0.946957107653402,0.9898633121666082,11,0.058531502621830385,33,0.06859700000143498,5,0.04101077452073887,7,0.04659837804373431
B Cells|CD8 T Cells|LRPAP1|SORL1,B Cells,CD8 T Cells,LRPAP1,SORL1,0.005493838907468587,-0.16190276136236526,0.17289043917730246,49,0.9487117325509131,0.9898633121666082,11,0.006967157240683672,26,0.051019807807485565,5,0.06478157877102371,7,0.10334039043035702
pDCs|CD4 T Cells|ARF6|SMAP1,pDCs,CD4 T Cells,ARF6,SMAP1,-0.007503409931296334,-0.23999860817726143,0.22499178831466876,44,0.9495636903524016,0.9899347899541144,10,0.32849531598712717,22,0.33028070681056126,5,0.46542348908565156,7,0.474712289840382
NK Cells|CD4 T Cells|HLA-DPA1|CD4,NK Cells,CD4 T Cells,HLA-DPA1,CD4,0.00952223649388842,-0.2856532064211945,0.3046976794089713,56,0.9495852516219919,0.9899347899541144,11,0.021914310647734705,33,0.22855850929031477,5,0.19257778911458154,7,0.38969975126327316
NK Cells|NK Cells|SPON2|ITGAM,NK Cells,NK Cells,SPON2,ITGAM,0.009605503302989926,-0.2950249196286205,0.31423592623460034,55,0.9507213704958901,0.9907104755641709,11,0.47792967293283595,33,0.41342465955962093,5,0.4242133359904522,6,0.35010281931424725
Non-classical Monocytes|B Cells|VCAN|SELL,Non-classical Monocytes,B Cells,VCAN,SELL,-0.004127487533131857,-0.2610199316953554,0.2527649566290917,55,0.9748781963129945,0.9910979068978947,10,0.25237335332451566,33,0.4283776763275784,5,0.1703786955414543,7,0.3505105060776489
B Cells|CD8 T Cells|HLA-C|CD8B,B Cells,CD8 T Cells,HLA-C,CD8B,-0.0016039470412989587,-0.10755501290424888,0.10434711882165096,56,0.9763294075715959,0.9910979068978947,11,0.8738339871235784,33,0.9301922062029206,5,0.876309312800401,7,0.9342714789210422
B Cells|CD8 T Cells|ARF6|SMAP1,B Cells,CD8 T Cells,ARF6,SMAP1,0.007117027167063861,-0.25219714124133735,0.2664311955754651,41,0.957100609374439,0.9910979068978947,9,0.2689126040295977,21,0.2825041076904623,5,0.4286569505641462,6,0.43513142705794694
Non-classical Monocytes|pDCs|S100A12|CD36,Non-classical Monocytes,pDCs,S100A12,CD36,-0.0055225195246048076,-0.27496068222592307,0.26391564317671345,41,0.9679557947233041,0.9910979068978947,8,0.21926904023917446,21,0.33192349723225506,5,0.1542163768144382,7,0.2723933533321236
Non-classical Monocytes|CD4 T Cells|HLA-DRB5|CD4,Non-classical Monocytes,CD4 T Cells,HLA-DRB5,CD4,0.007060109661763014,-0.277626029279359,0.291746248602885,50,0.9612329910321608,0.9910979068978947,9,0.22933398240673405,29,0.3092690284575358,5,0.32528048369634116,7,0.39815542008537985
pDCs|NK Cells|S100A9|ITGB2,pDCs,NK Cells,S100A9,ITGB2,-0.004415552938529688,-0.29060277520404976,0.2817716693269904,40,0.9758755832635944,0.9910979068978947,6,0.6742792883539823,22,0.7640306775708328,5,0.4676897540150561,7,0.5618566961704362
CD4 T Cells|CD8 T Cells|HMGB1|CXCR4,CD4 T Cells,CD8 T Cells,HMGB1,CXCR4,-0.0009716630606695364,-0.050013320511511646,0.04806999439017257,56,0.969023698343484,0.9910979068978947,11,0.9131794040636706,33,0.9115741197456928,5,0.9806560172130225,7,0.9800223959557143
pDCs|pDCs|LGALS9|CD44,pDCs,pDCs,LGALS9,CD44,-0.008241522187251132,-0.29195249910578425,0.2754694547312819,43,0.9545969673928072,0.9910979068978947,10,0.2391529044185064,21,0.26109876094424794,5,0.23560863482174196,7,0.26579601353473464
NK Cells|CD8 T Cells|HLA-B|CD8A,NK Cells,CD8 T Cells,HLA-B,CD8A,0.0005570176748554978,-0.022253626206434046,0.02336766155614504,56,0.9618272184814003,0.9910979068978947,11,0.9833069687780747,33,0.991571745295664,5,0.9810623096812027,7,0.9887700685239366
CD4 T Cells|Classical Monocytes|CD28|CD86,CD4 T Cells,Classical Monocytes,CD28,CD86,0.001055618031678425,-0.041757741159245215,0.043868977222602065,56,0.9614569004725648,0.9910979068978947,11,0.011401301245968548,33,0.024656381783257093,5,0.0,7,0.01219946250561012
pDCs|NK Cells|PKM|CD44,pDCs,NK Cells,PKM,CD44,-0.00493548864529153,-0.2255028289305334,0.21563185163995033,44,0.9650185425771249,0.9910979068978947,10,0.22378944424234173,22,0.2267068538944236,5,0.2219440604601489,7,0.2297969587575223
Classical Monocytes|pDCs|SELPLG|SELL,Classical Monocytes,pDCs,SELPLG,SELL,-0.0033120019986180305,-0.23904861289633564,0.23242460889909958,44,0.9780316810862094,0.9910979068978947,10,0.2756239821035274,22,0.3102084003094118,5,0.3215644271278439,7,0.35946084733234634
Non-classical Monocytes|Classical Monocytes|PTPN6|CLEC12A,Non-classical Monocytes,Classical Monocytes,PTPN6,CLEC12A,-0.007728178564553656,-0.2608011796283299,0.24534482249922257,56,0.9522734267020901,0.9910979068978947,11,0.19990869151262317,33,0.21774566503125922,5,0.28312268773334637,7,0.3086878398165361
CD4 T Cells|Classical Monocytes|SELPLG|SELL,CD4 T Cells,Classical Monocytes,SELPLG,SELL,-0.005530042827690429,-0.27698398393827334,0.2659238982828925,56,0.9681503172091723,0.9910979068978947,11,0.38941668554391434,33,0.36734758205690726,5,0.4146592878381841,7,0.39812022717886747
NK Cells|B Cells|VIM|CD44,NK Cells,B Cells,VIM,CD44,0.005042086359731579,-0.30371939077559046,0.3138035634950536,56,0.9744670391804674,0.9910979068978947,11,0.08116493360494062,33,0.2399461018142141,5,0.31878951625065943,7,0.47252859810020137
Non-classical Monocytes|Classical Monocytes|LGALS1|CD69,Non-classical Monocytes,Classical Monocytes,LGALS1,CD69,0.0036287774943666307,-0.2579506385278319,0.26520819351656516,55,0.9783084084716184,0.9910979068978947,11,0.6931000553612781,33,0.7691722766733651,5,0.6374826726797906,6,0.709926116497511
CD4 T Cells|Non-classical Monocytes|HLA-F|LILRB1,CD4 T Cells,Non-classical Monocytes,HLA-F,LILRB1,-0.005233306387502024,-0.20390123180168268,0.19343461902667863,56,0.9588240479054514,0.9910979068978947,11,0.3719532528223579,33,0.3033495200674,5,0.3237990463315284,7,0.2604286199640725
CD4 T Cells|CD8 T Cells|CALM1|PTPRA,CD4 T Cells,CD8 T Cells,CALM1,PTPRA,0.00447613823462395,-0.1675474217609912,0.1764996982302391,55,0.9593261312131367,0.9910979068978947,11,0.32442245340717557,32,0.3544516809101026,5,0.3060944777725168,7,0.3316475670408199
CD4 T Cells|Non-classical Monocytes|HLA-A|APLP2,CD4 T Cells,Non-classical Monocytes,HLA-A,APLP2,0.0007681019434621073,-0.028848693577386376,0.03038489746431059,56,0.9594601665102757,0.9910979068978947,11,0.963276757252584,33,0.9693673517819615,5,0.9499507347161187,7,0.9552732273020341
NK Cells|Classical Monocytes|MIF|CD44_CD74,NK Cells,Classical Monocytes,MIF,CD44_CD74,-0.0038280416113827265,-0.19777276071246994,0.19011667748970448,56,0.9691412357881807,0.9910979068978947,11,0.6970435743752099,33,0.6396653360090305,5,0.6190162604647641,7,0.5654660637099674
Classical Monocytes|pDCs|TIMP2|ITGB1,Classical Monocytes,pDCs,TIMP2,ITGB1,-0.00475306646348693,-0.19816898418958678,0.18866285126261295,44,0.9615849027710147,0.9910979068978947,10,0.04365262307720515,22,0.06646638619817792,5,0.07440061195508899,7,0.10196744153954869
NK Cells|NK Cells|MIF|CD44_CD74,NK Cells,NK Cells,MIF,CD44_CD74,-0.0040996308695412376,-0.21441093685437307,0.2062116751152906,56,0.9695235314880207,0.9910979068978947,11,0.1667675037747137,33,0.23649764226844905,5,0.3071672871944724,7,0.380997056557749
NK Cells|Non-classical Monocytes|HLA-DRA|CD4,NK Cells,Non-classical Monocytes,HLA-DRA,CD4,0.004204370343403235,-0.26966467243689995,0.27807341312370637,55,0.975996164279532,0.9910979068978947,11,0.19272996747414767,33,0.285611778347872,5,0.15781937121193484,6,0.24649681174225593
Classical Monocytes|NK Cells|MIF|TNFRSF14,Classical Monocytes,NK Cells,MIF,TNFRSF14,-0.007769148421556987,-0.27668831703844754,0.2611500201953336,56,0.9548447986458799,0.9910979068978947,11,0.3565228453611237,33,0.3739771942358183,5,0.13386137727344832,7,0.1590848745696999
CD4 T Cells|pDCs|SIRPG|CD47,CD4 T Cells,pDCs,SIRPG,CD47,0.002995012376602985,-0.17331762494736005,0.17930764970056604,41,0.9734403037525831,0.9910979068978947,10,0.030779667291627198,19,0.1837327011105732,5,0.015063633736136195,7,0.1650216551784792
pDCs|CD8 T Cells|SELPLG|SELL,pDCs,CD8 T Cells,SELPLG,SELL,0.005539662634159864,-0.2334206305311102,0.24449995579942993,44,0.9637593218839091,0.9910979068978947,10,0.24816530696151337,22,0.1894665457339439,5,0.24153756945501956,7,0.1772991455932902
CD8 T Cells|B Cells|S100A9|ITGB2,CD8 T Cells,B Cells,S100A9,ITGB2,0.004282962025228338,-0.24941502112551275,0.2579809451759694,51,0.9736041215261351,0.9910979068978947,9,0.15577011876954272,32,0.3226491233220315,5,0.022996465442857206,5,0.18559250797011764
CD4 T Cells|pDCs|CALM1|PTPRA,CD4 T Cells,pDCs,CALM1,PTPRA,-0.003901175286777636,-0.2488968996658894,0.24109454909233413,42,0.9751025646129724,0.9910979068978947,10,0.34531868736418697,20,0.38872609270479574,5,0.3852632845917194,7,0.4325718652191058
CD4 T Cells|pDCs|GNAI2|ADCY7,CD4 T Cells,pDCs,GNAI2,ADCY7,-0.007748120407776907,-0.3798399485939589,0.36434370777840513,34,0.9674452900962546,0.9910979068978947,6,0.023824173769295093,17,0.02993605757742377,5,0.12136841778008196,6,0.13522842199598756
CD4 T Cells|pDCs|CD40LG|CD53,CD4 T Cells,pDCs,CD40LG,CD53,-0.0048930478273723765,-0.30327930602987496,0.2934932103751302,44,0.9743602356385402,0.9910979068978947,10,0.3133006945180489,22,0.3062253820796961,5,0.3838607283983547,7,0.3816784637873743
Non-classical Monocytes|NK Cells|HMGB1|CXCR4,Non-classical Monocytes,NK Cells,HMGB1,CXCR4,0.002126939846236686,-0.13181082976007147,0.13606470945254484,56,0.9751703736997631,0.9910979068978947,11,0.6817708244576163,33,0.6948004727718406,5,0.8921186028732736,7,0.9030213113412613
Classical Monocytes|Non-classical Monocytes|PSAP|LRP1,Classical Monocytes,Non-classical Monocytes,PSAP,LRP1,-0.004596844404195555,-0.2084329577501559,0.1992392689417648,56,0.9647446173406878,0.9910979068978947,11,0.5025361135377494,33,0.5253987008209902,5,0.3680300882643591,7,0.39548951995179543
Classical Monocytes|CD8 T Cells|VCAN|CD44,Classical Monocytes,CD8 T Cells,VCAN,CD44,0.0017178724481702323,-0.08763241625219274,0.09106816114853321,56,0.969940598172028,0.9910979068978947,11,0.7889363017477087,33,0.7737088659261754,5,0.848418934972571,7,0.8314736267028675
Non-classical Monocytes|CD8 T Cells|HLA-F|CD8A,Non-classical Monocytes,CD8 T Cells,HLA-F,CD8A,-0.00644661006598185,-0.27166003989924126,0.25876681976727756,56,0.9620020837550157,0.9910979068978947,11,0.2923759364430146,33,0.2763091742667786,5,0.29048423747867114,7,0.280864085368417
pDCs|Non-classical Monocytes|HLA-DRB5|CD4,pDCs,Non-classical Monocytes,HLA-DRB5,CD4,0.010135255112983577,-0.46262655058037244,0.4828970608063396,39,0.9664839619703995,0.9910979068978947,9,0.32083128030716856,19,0.30594760743950844,5,0.31588165034048066,6,0.29086272235983696
Classical Monocytes|Classical Monocytes|S100A12|CD36,Classical Monocytes,Classical Monocytes,S100A12,CD36,-0.0047024055558040345,-0.16123417784381366,0.1518293667322056,56,0.953047918208294,0.9910979068978947,11,0.8574024611861796,33,0.8685914954411366,5,0.8130394745582568,7,0.8289309143690178
NK Cells|Non-classical Monocytes|SPON2|ITGB2,NK Cells,Non-classical Monocytes,SPON2,ITGB2,0.0033085318183211365,-0.20146130509633275,0.20807836873297503,56,0.9747370012797258,0.9910979068978947,11,0.9062224605333796,33,0.8675039714033617,5,0.7008467469927513,7,0.6588197260444122
B Cells|pDCs|CALM1|PTPRA,B Cells,pDCs,CALM1,PTPRA,-0.003858525719430239,-0.2901537125393919,0.2824366611005314,42,0.9789260958014057,0.9910979068978947,10,0.4141042310868204,20,0.36477215468922536,5,0.37446435706651215,7,0.3289908063883474
pDCs|CD8 T Cells|HLA-C|CD8B,pDCs,CD8 T Cells,HLA-C,CD8B,-0.0020793978869660945,-0.12808149126982274,0.12392269549589055,44,0.9741968772187604,0.9910979068978947,10,0.845269833725866,22,0.9110350721348489,5,0.8338494535659191,7,0.9016940898618682
Classical Monocytes|NK Cells|CD14|ITGA4,Classical Monocytes,NK Cells,CD14,ITGA4,0.004711909987960505,-0.2117113834702154,0.2211352034461364,56,0.9659631506562683,0.9910979068978947,11,0.2969570831396247,33,0.382647396435702,5,0.33272343456966563,7,0.4137018378777824
Classical Monocytes|NK Cells|HBEGF|CD44,Classical Monocytes,NK Cells,HBEGF,CD44,-0.0034440918517081864,-0.25267894358051934,0.24579075987710294,50,0.9783926745807953,0.9910979068978947,10,0.19658597441228498,28,0.20646210602214662,5,0.31689589725662276,7,0.33021612071819256
pDCs|CD8 T Cells|HLA-DPB1|LAG3,pDCs,CD8 T Cells,HLA-DPB1,LAG3,0.003701518403082693,-0.2218965436363536,0.229299580442519,43,0.9743458369041916,0.9910979068978947,10,0.5097505331860486,21,0.6609398948392642,5,0.47299061422533367,7,0.6204784574754666
Classical Monocytes|NK Cells|S100A8|ITGB2,Classical Monocytes,NK Cells,S100A8,ITGB2,6.37896112343217e-06,-0.0004023449177237755,0.00041510283997063985,56,0.9755971599827237,0.9910979068978947,11,0.9999503726130107,33,0.9999684751268472,5,0.9998115022827317,7,0.9998232258354448
B Cells|Classical Monocytes|GRN|TNFRSF1A,B Cells,Classical Monocytes,GRN,TNFRSF1A,0.004739495090135378,-0.15200380267416766,0.16148279285443842,54,0.9527418097200252,0.9910979068978947,10,0.0,32,0.08069673655728986,5,0.024538967113861342,7,0.10049620858101582
pDCs|B Cells|COPA|CD74,pDCs,B Cells,COPA,CD74,0.0011730206940171461,-0.07850383917473575,0.08084988056277004,43,0.9769802102170239,0.9910979068978947,10,0.8937365066628203,21,0.851383541135638,5,0.8451170736836893,7,0.8015910874624897
CD8 T Cells|Non-classical Monocytes|LGALS1|CD69,CD8 T Cells,Non-classical Monocytes,LGALS1,CD69,0.0028724398635342208,-0.20637285357166169,0.21211773329873013,56,0.9785349945310372,0.9910979068978947,11,0.40178039816694167,33,0.3549726326417785,5,0.23882673715780403,7,0.18914653176910662
CD8 T Cells|pDCs|HMGB1|CXCR4,CD8 T Cells,pDCs,HMGB1,CXCR4,-0.0023418677357952555,-0.10430755524139002,0.0996238197697995,44,0.9640954231910364,0.9910979068978947,10,0.8679108980033364,22,0.9081232139419702,5,0.8154619118366291,7,0.8580160955110581
Non-classical Monocytes|pDCs|HLA-DRB5|CD4,Non-classical Monocytes,pDCs,HLA-DRB5,CD4,0.007355092421325371,-0.530521170009674,0.5452313548523248,37,0.9786183154318582,0.9910979068978947,8,0.6349702177258376,17,0.511480221768718,5,0.6295460472717541,7,0.4987009588933091
Classical Monocytes|B Cells|TNFSF13B|TNFRSF13C,Classical Monocytes,B Cells,TNFSF13B,TNFRSF13C,0.0055840590603032925,-0.18812758455951006,0.19929570268011665,51,0.9549441256175413,0.9910979068978947,11,0.46334055864080975,29,0.4322080854610019,5,0.46396403305874856,6,0.42724750081863744
B Cells|Classical Monocytes|GRN|TNFRSF1B,B Cells,Classical Monocytes,GRN,TNFRSF1B,-0.0037758553771136683,-0.2311152219538643,0.22356351119963697,54,0.9740311832840529,0.9910979068978947,10,0.2788194145799768,32,0.28593502508609,5,0.32083992040983433,7,0.3317313862930612
Non-classical Monocytes|pDCs|HLA-DMA|CD4,Non-classical Monocytes,pDCs,HLA-DMA,CD4,-0.0050889864303724774,-0.2751138258869391,0.26493585302619416,43,0.9705342854674982,0.9910979068978947,10,0.40766330623881775,21,0.27103305281570844,5,0.4587772957166399,7,0.32723602872390306
CD8 T Cells|Classical Monocytes|TIMP1|CD63,CD8 T Cells,Classical Monocytes,TIMP1,CD63,-0.008557624555797005,-0.31049904747892254,0.29338379836732853,50,0.9557008515650509,0.9910979068978947,11,0.48196173737915227,28,0.44852022124336355,5,0.37970753509994004,6,0.35482364351994833
B Cells|Classical Monocytes|MIF|TNFRSF14,B Cells,Classical Monocytes,MIF,TNFRSF14,-0.008324832218972122,-0.3085328879175744,0.29188322347963014,56,0.9566561456339947,0.9910979068978947,11,0.3378245941819761,33,0.4336388681056428,5,0.2224590197384934,7,0.32659812588113224
CD8 T Cells|Classical Monocytes|TNF|TNFRSF1B,CD8 T Cells,Classical Monocytes,TNF,TNFRSF1B,0.003281969091469411,-0.20681960608891284,0.21338354427185166,43,0.9755755109846745,0.9910979068978947,7,0.2566469032737987,24,0.2435480292926965,5,0.21997553103300183,7,0.20359468796043023
Classical Monocytes|CD4 T Cells|CD86|CD28,Classical Monocytes,CD4 T Cells,CD86,CD28,0.001055618031678425,-0.041757741159245215,0.043868977222602065,56,0.9614569004725648,0.9910979068978947,11,0.011401301245968548,33,0.024656381783257093,5,0.0,7,0.01219946250561012
Non-classical Monocytes|CD8 T Cells|HLA-B|CD8B,Non-classical Monocytes,CD8 T Cells,HLA-B,CD8B,0.00145876161081393,-0.06358707925495508,0.06650460247658294,56,0.964939902851083,0.9910979068978947,11,0.9334365909944796,33,0.9715376975012322,5,0.9517194010782832,7,0.9883617459742219
CD8 T Cells|Classical Monocytes|HLA-DRB1|CD4,CD8 T Cells,Classical Monocytes,HLA-DRB1,CD4,0.004050355340898065,-0.18930964868362152,0.19741035936541765,56,0.9672514074873307,0.9910979068978947,11,0.2597857727729594,33,0.33065883181741534,5,0.20510434164824262,7,0.2719270453518005
CD8 T Cells|Classical Monocytes|HLA-A|APLP2,CD8 T Cells,Classical Monocytes,HLA-A,APLP2,0.00016898968237311074,-0.0070793072651871005,0.007417286629933322,56,0.9635530453286879,0.9910979068978947,11,0.9913385445934954,33,0.9916958466393246,5,0.9883506448680419,7,0.9885389572314981
Classical Monocytes|CD4 T Cells|LGALS1|ITGB1,Classical Monocytes,CD4 T Cells,LGALS1,ITGB1,-0.0009991157309109377,-0.03684742855209331,0.034849197090271435,56,0.9564368488704638,0.9910979068978947,11,0.9471010167341245,33,0.9567974216555607,5,0.9544193000776107,7,0.9651148207299578
pDCs|CD4 T Cells|GRN|TNFRSF1B,pDCs,CD4 T Cells,GRN,TNFRSF1B,0.0018089961319002201,-0.12131559016495497,0.12493358242875541,44,0.9770268267826386,0.9910979068978947,10,0.336260733771753,22,0.3753806509037086,5,0.29221456193054796,7,0.32952548293060335
pDCs|CD4 T Cells|CD47|SIRPG,pDCs,CD4 T Cells,CD47,SIRPG,0.002995012376602985,-0.17331762494736005,0.17930764970056604,41,0.9734403037525831,0.9910979068978947,10,0.030779667291627198,19,0.1837327011105732,5,0.015063633736136195,7,0.1650216551784792
Classical Monocytes|CD8 T Cells|HLA-C|CD8A,Classical Monocytes,CD8 T Cells,HLA-C,CD8A,-0.0021465159605318362,-0.11640880852896467,0.112115776607901,56,0.9706288316767681,0.9910979068978947,11,0.8774215866094788,33,0.9150384820707999,5,0.82920969651528,7,0.8689731079371329
Classical Monocytes|CD8 T Cells|MIF|TNFRSF14,Classical Monocytes,CD8 T Cells,MIF,TNFRSF14,-0.00719711182762886,-0.2534482069893235,0.2390539833340658,56,0.9543195082469055,0.9910979068978947,11,0.3517933969682858,33,0.3720830713186045,5,0.11388682942836406,7,0.14137361560631162
Classical Monocytes|CD8 T Cells|TIMP1|CD63,Classical Monocytes,CD8 T Cells,TIMP1,CD63,-0.0035990964401662606,-0.1593611816029147,0.1521629887225822,56,0.9638780281234806,0.9910979068978947,11,0.1645583752198717,33,0.24771629322940203,5,0.13221679600906697,7,0.21897381045876355
pDCs|pDCs|PKM|CD44,pDCs,pDCs,PKM,CD44,0.0037414400861602304,-0.19497447807701554,0.202457358249336,44,0.9705628521268148,0.9910979068978947,10,0.17716392949192836,22,0.21380369951849554,5,0.10275768108857639,7,0.13565601102898334
B Cells|CD4 T Cells|HLA-DQA1|CD4,B Cells,CD4 T Cells,HLA-DQA1,CD4,-0.005467596038322864,-0.19773336384553988,0.18679817176889416,56,0.9555514303972678,0.9910979068978947,11,0.4120230964741644,33,0.3875353220294724,5,0.3209149123490529,7,0.30189473394268374
B Cells|B Cells|LGALS1|CD69,B Cells,B Cells,LGALS1,CD69,0.003836430619881037,-0.20347410109057562,0.2111469623303377,53,0.9710666366461543,0.9910979068978947,9,0.4138608154745461,33,0.5405929231476052,5,0.6778549616164877,6,0.8007506386696658
Non-classical Monocytes|CD4 T Cells|COPA|CD74,Non-classical Monocytes,CD4 T Cells,COPA,CD74,0.004692274155872422,-0.16659699090434582,0.17598153921609067,56,0.9571813700684495,0.9910979068978947,11,0.4372696965591429,33,0.401836633076869,5,0.4668645190069086,7,0.4267391813687623
Non-classical Monocytes|B Cells|LGALS1|ITGB1,Non-classical Monocytes,B Cells,LGALS1,ITGB1,-0.007477781531821326,-0.2988641510700506,0.28390858800640795,45,0.9598848330962914,0.9910979068978947,8,0.5071864256776661,25,0.6306680566756199,5,0.5764976293405109,7,0.7074570418702859
CD8 T Cells|pDCs|TNF|PTPRS,CD8 T Cells,pDCs,TNF,PTPRS,0.00798948804652272,-0.2543271112673413,0.27030608736038675,33,0.9523981914351707,0.9910979068978947,6,0.4308013139329229,15,0.37785743817192247,5,0.4476078579919659,7,0.3866744941844427
Non-classical Monocytes|CD8 T Cells|ADAM15|ITGB1,Non-classical Monocytes,CD8 T Cells,ADAM15,ITGB1,0.003227411679415197,-0.23639394166120034,0.24284876502003075,52,0.9789396025394321,0.9910979068978947,8,0.16998910410586826,32,0.17817794740764192,5,0.044590391953063246,7,0.04955182357542171
CD4 T Cells|NK Cells|SPTAN1|PTPRA,CD4 T Cells,NK Cells,SPTAN1,PTPRA,-0.00025553926678327683,-0.020458552592062626,0.019947474058496076,54,0.9802218728974242,0.9912047510251265,11,0.0,31,0.010296184824151103,5,0.0,7,0.01055172409093438
Classical Monocytes|Non-classical Monocytes|CD14|ITGA4,Classical Monocytes,Non-classical Monocytes,CD14,ITGA4,-0.003059491162494321,-0.24234079439989484,0.2362218120749062,56,0.9800067620824077,0.9912047510251265,11,0.35012924102966286,33,0.3644013943097724,5,0.38106150702129304,7,0.3983931514638969
pDCs|Classical Monocytes|HMGB1|CXCR4,pDCs,Classical Monocytes,HMGB1,CXCR4,-0.002088523645484841,-0.16392404388997425,0.15974699659900457,44,0.9798206397170812,0.9912047510251265,10,0.6924168287791049,22,0.6903056021959402,5,0.6754171791600232,7,0.6753944762223433
B Cells|CD4 T Cells|LGALS1|CD69,B Cells,CD4 T Cells,LGALS1,CD69,0.0023563553353826983,-0.1935558773143165,0.1982685879850819,53,0.981192669435998,0.9917895502659068,9,0.33284906339995163,33,0.4863239918091332,5,0.6637264567514958,6,0.8148450298252946
Non-classical Monocytes|CD4 T Cells|GRN|TNFRSF1B,Non-classical Monocytes,CD4 T Cells,GRN,TNFRSF1B,-0.0018329739929510702,-0.1704957315687176,0.16682978358281547,56,0.9830061249814747,0.9932253010108703,11,0.37661359165137576,33,0.3743511355102531,5,0.3344794715463407,7,0.33404998939816916
CD8 T Cells|CD8 T Cells|ARF6|SMAP1,CD8 T Cells,CD8 T Cells,ARF6,SMAP1,0.002746913554626529,-0.30071091136726025,0.3062047384765133,41,0.9858449300084313,0.9956954988534397,9,0.3801467439515144,21,0.40304633900540277,5,0.37737675982133895,6,0.3975294413206008
CD8 T Cells|Classical Monocytes|TGFB1|CXCR4,CD8 T Cells,Classical Monocytes,TGFB1,CXCR4,0.0016189659276838464,-0.19546517483426598,0.19870310668963367,55,0.9871543696518149,0.9961371043866661,11,0.22573117343113483,33,0.23369550392733623,5,0.25583965907744144,6,0.262185023645959
Non-classical Monocytes|CD8 T Cells|HLA-DRB5|LAG3,Non-classical Monocytes,CD8 T Cells,HLA-DRB5,LAG3,0.0032535786823036372,-0.38518520545604,0.3916923628206473,49,0.9869019280140827,0.9961371043866661,9,0.17951152467597986,28,0.4237520276623636,5,0.3338715070173498,7,0.5748584313214299
CD4 T Cells|CD8 T Cells|HLA-B|CD8B,CD4 T Cells,CD8 T Cells,HLA-B,CD8B,0.000515098617175358,-0.06374301741744003,0.06477321465179074,56,0.9874647591961214,0.9961371043866661,11,0.9367106760333805,33,0.9722222340797336,5,0.956140340985581,7,0.9911368004147587
pDCs|B Cells|LTB|CD40,pDCs,B Cells,LTB,CD40,-0.0017146057060890008,-0.2344567759169126,0.2310275645047346,44,0.9884797408908576,0.9963686470897286,10,0.480978486553613,22,0.39787262386512395,5,0.36361939893247663,7,0.28222814195007656
Non-classical Monocytes|CD8 T Cells|APP|PTGER2,Non-classical Monocytes,CD8 T Cells,APP,PTGER2,-0.0015754091433749784,-0.22306407303160106,0.2199132547448511,49,0.9888771535025878,0.9963686470897286,6,0.08430217103979253,31,0.13854617130783997,5,0.0672065525384327,7,0.12302596194985513
CD8 T Cells|Classical Monocytes|LGALS1|ITGB1,CD8 T Cells,Classical Monocytes,LGALS1,ITGB1,0.001895807831016616,-0.2576409937002917,0.26143260936232493,56,0.9885773023558273,0.9963686470897286,11,0.3091515674762713,33,0.3748580400688557,5,0.13489133773075807,7,0.19870200249232584
CD8 T Cells|pDCs|GNAS|ADCY7,CD8 T Cells,pDCs,GNAS,ADCY7,0.0013823936128612851,-0.2007052598036927,0.2034700470294153,34,0.9893028747935267,0.9964003047442177,6,0.021076887248728898,17,0.11726455091471844,5,0.060217098334121366,6,0.15502236838724961
Classical Monocytes|pDCs|GNAS|ADCY7,Classical Monocytes,pDCs,GNAS,ADCY7,0.0018384637534551163,-0.28333205684771556,0.28700898435462585,34,0.9899184562427424,0.9966230832372152,6,0.09014021808712576,17,0.14056449581611943,5,0.12855939902220867,6,0.17714521299774724
CD8 T Cells|CD8 T Cells|TGFB1|CXCR4,CD8 T Cells,CD8 T Cells,TGFB1,CXCR4,0.0017617926676378737,-0.29459533896143114,0.2981189242967069,55,0.9907035370808154,0.9970162637209162,11,0.8085623279527119,33,0.7525486511676577,5,0.8251264628207003,6,0.7673509933680083
Classical Monocytes|B Cells|LGALS1|ITGB1,Classical Monocytes,B Cells,LGALS1,ITGB1,0.0016175862888897496,-0.28281396925999025,0.28604914183776975,45,0.9911065792351228,0.997024811197116,8,0.5362300586266074,25,0.6632482906708109,5,0.6195319691539911,7,0.7449326149093048
Classical Monocytes|Classical Monocytes|LGALS1|PTPRC,Classical Monocytes,Classical Monocytes,LGALS1,PTPRC,-9.309941747182027e-05,-0.019453522828345705,0.019267323993402065,56,0.9924800693526047,0.9979981380268573,11,0.9745111003599959,33,0.9818368027340885,5,0.97465377895392,7,0.9820725807454844
CD8 T Cells|CD4 T Cells|LGALS1|PTPRC,CD8 T Cells,CD4 T Cells,LGALS1,PTPRC,0.0010781390685346004,-0.24903065307363326,0.25118693121070246,56,0.9932589304066269,0.9979981380268573,11,0.5802574029886199,33,0.6494890614498755,5,0.3756440333127494,7,0.4437975527054704
Classical Monocytes|Classical Monocytes|SERPINA1|LRP1,Classical Monocytes,Classical Monocytes,SERPINA1,LRP1,0.0007450932298040391,-0.16711408389899285,0.16860427035860093,56,0.9930585819383398,0.9979981380268573,11,0.2572860902648673,33,0.3364669724866301,5,0.29837891207662565,7,0.3768147010685844
CD4 T Cells|NK Cells|SELPLG|SELL,CD4 T Cells,NK Cells,SELPLG,SELL,-0.0008433091571247164,-0.2762580555662706,0.27457143725202116,56,0.9952116578863008,0.9987688083712002,11,0.32091923339862083,33,0.31698658376691635,5,0.1758537534981087,7,0.17276441302352893
Non-classical Monocytes|NK Cells|CD14|ITGB2,Non-classical Monocytes,NK Cells,CD14,ITGB2,-0.0007316813860270832,-0.23290676403318467,0.2314434012611305,56,0.9950717606854882,0.9987688083712002,11,0.7112319793393135,33,0.8313720097152606,5,0.5659876661072775,7,0.6868593778692517
Classical Monocytes|CD4 T Cells|CD14|ITGA4,Classical Monocytes,CD4 T Cells,CD14,ITGA4,-0.0007323769977293226,-0.2244551888806749,0.22299043488521625,56,0.9948807115689602,0.9987688083712002,11,0.32688878816794054,33,0.3970209064717309,5,0.38463250633799884,7,0.4554970016395185
Non-classical Monocytes|Classical Monocytes|LGALS1|PTPRC,Non-classical Monocytes,Classical Monocytes,LGALS1,PTPRC,6.280292660976183e-05,-0.026948638826004748,0.02707424467922427,56,0.9963640427684787,0.9992485633114688,11,0.960741303668484,33,0.9733429743991859,5,0.9612487678140841,7,0.9737876356181763
NK Cells|B Cells|TIMP1|CD63,NK Cells,B Cells,TIMP1,CD63,-0.0003689170340699585,-0.16429275097364449,0.16355491690550455,52,0.9964805617510493,0.9992485633114688,11,0.005722191968022544,31,0.056222223182636435,5,0.019095959150025044,5,0.06996490739870889
Non-classical Monocytes|CD4 T Cells|HLA-DQA1|CD4,Non-classical Monocytes,CD4 T Cells,HLA-DQA1,CD4,8.828392633491999e-05,-0.2745228541264522,0.27469942197912206,55,0.9994972505368562,0.9996829789813639,11,0.257956460109562,32,0.1984845695905101,5,0.36841226650349607,7,0.3088520920581092
NK Cells|Non-classical Monocytes|IFNG|IFNGR1_IFNGR2,NK Cells,Non-classical Monocytes,IFNG,IFNGR1_IFNGR2,-0.00017050184741107532,-0.23669203460361898,0.23635103090879683,49,0.9988726820758358,0.9996829789813639,9,0.1498942312753374,29,0.26967791532149843,5,0.07309702469108378,6,0.19305121058465588
CD8 T Cells|CD4 T Cells|LGALS1|ITGB1,CD8 T Cells,CD4 T Cells,LGALS1,ITGB1,7.696902517291548e-05,-0.2505881364420679,0.2507420744924137,56,0.999519813184483,0.9996829789813639,11,0.2891829857891019,33,0.4531968454981858,5,0.10910326861629034,7,0.2730401593002013
Classical Monocytes|Non-classical Monocytes|SELPLG|SELL,Classical Monocytes,Non-classical Monocytes,SELPLG,SELL,0.00017725703058623504,-0.1501482209172006,0.15050273497837308,56,0.998156009657114,0.9996829789813639,11,0.11069377511726719,33,0.17793024305853644,5,0.02164189980978539,7,0.0887011107204684
CD4 T Cells|CD4 T Cells|MIF|CD44_CD74,CD4 T Cells,CD4 T Cells,MIF,CD44_CD74,-8.63378458721975e-05,-0.36531500298061614,0.36514232728887175,56,0.9996303212476515,0.9996829789813639,11,0.5764311878976145,33,0.5928638075610567,5,0.40139846949231484,7,0.41791742700162926
Non-classical Monocytes|CD4 T Cells|LGALS1|PTPRC,Non-classical Monocytes,CD4 T Cells,LGALS1,PTPRC,-2.5923398400240494e-05,-0.03040322065949102,0.030351373862690538,56,0.9986654625877239,0.9996829789813639,11,0.9673982151909292,33,0.9754676664254442,5,0.9699309823501039,7,0.9780263569830192
Classical Monocytes|CD8 T Cells|HLA-B|CD8B,Classical Monocytes,CD8 T Cells,HLA-B,CD8B,-1.6393510858137006e-05,-0.08088352844902179,0.08085074142730551,56,0.9996829789813639,0.9996829789813639,11,0.9030514974494966,33,0.9580712736942743,5,0.9252376684338719,7,0.9802738381895076
