interaction_id,source,target,ligand_complex,receptor_complex,interaction_coef,interaction_ci95_low,interaction_ci95_high,n_observations,interaction_p_value,fdr_q_value,n_cHD,mean_cHD,n_cSLE,mean_cSLE,n_aHD,mean_aHD,n_aSLE,mean_aSLE
CD8 T Cells|Non-classical Monocytes|CD52|SIGLEC10,CD8 T Cells,Non-classical Monocytes,CD52,SIGLEC10,-0.23447835613386436,-0.3277988469712259,-0.14115786529650282,55,8.451899249754314e-07,0.0004487958501619541,11,0.9285791435132297,32,0.7553953113688883,5,0.8335801052100067,7,0.8948746291995296
B Cells|Non-classical Monocytes|CD52|SIGLEC10,B Cells,Non-classical Monocytes,CD52,SIGLEC10,-0.2297793980759023,-0.3240157500171435,-0.13554304613466112,55,1.7613369650553218e-06,0.00046763496422218796,11,0.940850803501025,32,0.750552878479565,5,0.8926109587173038,7,0.932092431771746
Non-classical Monocytes|Non-classical Monocytes|LGALS9|CD44,Non-classical Monocytes,Non-classical Monocytes,LGALS9,CD44,-0.1893746931824314,-0.2729770520308615,-0.10577233433400128,56,9.009344846502333e-06,0.001594654037830913,11,0.7567852022101396,33,0.6910548890986944,5,0.6260802461996339,7,0.7497246262706201
CD4 T Cells|Non-classical Monocytes|CD52|SIGLEC10,CD4 T Cells,Non-classical Monocytes,CD52,SIGLEC10,-0.22375872713111977,-0.32534940242827115,-0.12216805183396838,55,1.5821985914228973e-05,0.0021003686301138964,11,0.9261347609134549,32,0.7442710619735309,5,0.8729621223687257,7,0.9148571505599215
NK Cells|Non-classical Monocytes|RPS19|C5AR1,NK Cells,Non-classical Monocytes,RPS19,C5AR1,-0.023236084261401002,-0.03515187437161968,-0.011320294151182323,56,0.00013238547401459908,0.008277342643054134,11,0.9814815966779613,33,0.9696074819491484,5,0.9818863744151407,7,0.9932483439477287
pDCs|Non-classical Monocytes|GRN|TNFRSF1B,pDCs,Non-classical Monocytes,GRN,TNFRSF1B,-0.1855182923268469,-0.2795400804874802,-0.09149650416621363,44,0.00011005320507491229,0.008277342643054134,10,0.8858311032115525,22,0.7883741898008224,5,0.7588687168794765,7,0.8469300957955934
Non-classical Monocytes|Non-classical Monocytes|CD52|SIGLEC10,Non-classical Monocytes,Non-classical Monocytes,CD52,SIGLEC10,-0.28571056579507126,-0.43277831016706847,-0.13864282142307402,55,0.00014029394310261244,0.008277342643054134,11,0.9109086090267954,32,0.6513161962629096,5,0.8238544329264409,7,0.8499725859576264
B Cells|Non-classical Monocytes|RPS19|C5AR1,B Cells,Non-classical Monocytes,RPS19,C5AR1,-0.01599626178708702,-0.024109374286392794,-0.00788314928778124,56,0.00011137468826312119,0.008277342643054134,11,0.9949196776936652,33,0.9829039944397561,5,0.9932716064422964,7,0.9972521849754744
B Cells|Non-classical Monocytes|CD72|SEMA4D,B Cells,Non-classical Monocytes,CD72,SEMA4D,0.4796640493627138,0.2355227136402322,0.7238053850851953,54,0.00011776254024850578,0.008277342643054134,10,0.06209294627332511,33,0.10914668761929561,5,0.5527686018880008,6,0.1201582938712575
Non-classical Monocytes|Non-classical Monocytes|LTB|LTBR,Non-classical Monocytes,Non-classical Monocytes,LTB,LTBR,-0.3305072456834427,-0.5077210808011566,-0.15329341056572876,56,0.00025681040705780007,0.012396938740699257,11,0.3269311474690882,33,0.11025321719137246,5,0.015784736633459272,7,0.12961405203918622
CD4 T Cells|Non-classical Monocytes|RPS19|C5AR1,CD4 T Cells,Non-classical Monocytes,RPS19,C5AR1,-0.016187349026216546,-0.02481198783318913,-0.0075627102192439635,56,0.00023451509731287691,0.012396938740699257,11,0.9936474936038551,33,0.9810557824395493,5,0.9932510551302924,7,0.9968466929922032
NK Cells|Classical Monocytes|RPS19|C5AR1,NK Cells,Classical Monocytes,RPS19,C5AR1,-0.03759626215242973,-0.05810895900244778,-0.017083565302411678,56,0.0003277992546557777,0.014394681473475106,11,0.9710359469901259,33,0.9473401972573897,5,0.9724572545160113,7,0.9863577669357048
NK Cells|CD8 T Cells|LCK|CD8A_CD8B,NK Cells,CD8 T Cells,LCK,CD8A_CD8B,-0.46433581080432373,-0.7204133273832654,-0.2082582942253821,56,0.0003795207921443531,0.014394681473475106,11,0.44938784840680823,33,0.38563963546190244,5,0.2765963254230207,7,0.6771839232824387
CD8 T Cells|Classical Monocytes|ITGAL_ITGB2|ICAM3,CD8 T Cells,Classical Monocytes,ITGAL_ITGB2,ICAM3,-0.2819542183875319,-0.43681710628576165,-0.12709133048930207,56,0.0003591025404577897,0.014394681473475106,11,0.3608012956557652,33,0.3211685082472479,5,0.16174702596859855,7,0.4040684569476131
Non-classical Monocytes|Non-classical Monocytes|RPS19|C5AR1,Non-classical Monocytes,Non-classical Monocytes,RPS19,C5AR1,-0.022276098838649228,-0.03476260504147054,-0.009789592635827914,56,0.00047122304978577484,0.01668129596241643,11,0.9908025201699822,33,0.974025299060983,5,0.9878150986771563,7,0.9933139764068065
Classical Monocytes|B Cells|ITGAL_ITGB2|ICAM3,Classical Monocytes,B Cells,ITGAL_ITGB2,ICAM3,-0.3813253772670718,-0.5966528236810213,-0.16599793085312217,53,0.0005186815021630683,0.01721374235303683,10,0.3370571759291244,31,0.1257871998081534,5,0.17534927295876707,7,0.3454046741048678
B Cells|pDCs|CD72|SEMA4D,B Cells,pDCs,CD72,SEMA4D,0.5558341964770558,0.24000054617714833,0.8716678467769632,36,0.0005619760231005814,0.017553486368612276,7,0.020890033722368466,18,0.1567576689556101,5,0.41996656124381415,6,0.0
Classical Monocytes|Non-classical Monocytes|LGALS9|CD44,Classical Monocytes,Non-classical Monocytes,LGALS9,CD44,-0.2556809144848313,-0.402281861976264,-0.10907996699339867,56,0.0006301461244767666,0.018589310672064614,11,0.5877904475891349,33,0.5332679934753037,5,0.3993409799684099,7,0.60049944033941
Non-classical Monocytes|B Cells|PTPRC|CD22,Non-classical Monocytes,B Cells,PTPRC,CD22,-0.1732709010337905,-0.2730770341291008,-0.07346476793848024,56,0.0006673721154079123,0.018651294383242183,11,0.750130297095465,33,0.7052462267845897,5,0.6327912604018853,7,0.7611780911248005
CD4 T Cells|CD8 T Cells|LCK|CD8A_CD8B,CD4 T Cells,CD8 T Cells,LCK,CD8A_CD8B,-0.42882865095415335,-0.6785159185580293,-0.17914138335027743,56,0.0007622091261077733,0.020236652298161382,11,0.5364078768972345,33,0.5120792379106395,5,0.19922051122632523,7,0.6037205231938836
B Cells|NK Cells|FAM3C|LAMP1,B Cells,NK Cells,FAM3C,LAMP1,-0.3365798073748999,-0.5346940545405126,-0.13846556020928727,56,0.0008690290246888711,0.02197401962427574,11,0.33905236948593775,33,0.25143227794903805,5,0.04893499510180275,7,0.29789471093980296
B Cells|pDCs|SELL|SELPLG,B Cells,pDCs,SELL,SELPLG,-0.35318023579644403,-0.5675064504529563,-0.13885402113993175,44,0.0012389759531683977,0.02990437414238269,10,0.4943477899547909,22,0.39880308927282593,5,0.2799925614883055,7,0.5376280966027845
NK Cells|B Cells|PTPRC|CD22,NK Cells,B Cells,PTPRC,CD22,-0.1980961791657243,-0.3209653176731376,-0.07522704065831104,56,0.0015779162109978621,0.03016262132329547,11,0.6839413694336776,33,0.648123462362597,5,0.6273614752871708,7,0.7896397473818145
Classical Monocytes|Non-classical Monocytes|RPS19|C5AR1,Classical Monocytes,Non-classical Monocytes,RPS19,C5AR1,-0.0280075875484177,-0.0453002950537532,-0.010714880043082204,56,0.0015014984355093024,0.03016262132329547,11,0.9777884713970927,33,0.9624650601292645,5,0.9639928972463322,7,0.9766770735269217
Non-classical Monocytes|Classical Monocytes|RPS19|C5AR1,Non-classical Monocytes,Classical Monocytes,RPS19,C5AR1,-0.030319371435253095,-0.04885404143417427,-0.011784701436331924,56,0.0013452526087936337,0.03016262132329547,11,0.979413473101064,33,0.9551279832489821,5,0.9802639918387493,7,0.9862978734219207
Non-classical Monocytes|Classical Monocytes|LGALS9|CD44,Non-classical Monocytes,Classical Monocytes,LGALS9,CD44,-0.11511446127571512,-0.18652453015603832,-0.04370439239539191,56,0.0015803945052873518,0.03016262132329547,11,0.8012384738259736,33,0.746399465587696,5,0.750420625102537,7,0.8106960781399746
Non-classical Monocytes|CD4 T Cells|ITGAL_ITGB2|ICAM3,Non-classical Monocytes,CD4 T Cells,ITGAL_ITGB2,ICAM3,0.29122085308235823,0.11045875176064518,0.4719829544040713,56,0.0015904960396464656,0.03016262132329547,11,0.13020011987613353,33,0.3684107326101597,5,0.26511097561085517,7,0.21210073526252313
B Cells|CD8 T Cells|FAM3C|HLA-C,B Cells,CD8 T Cells,FAM3C,HLA-C,-0.09861263492120909,-0.15941813576284716,-0.037807134079571016,56,0.0014798104191182009,0.03016262132329547,11,0.9483196579852741,33,0.9155073142841199,5,0.8268907650519631,7,0.8926910562720181
pDCs|Classical Monocytes|GRN|TNFRSF1A,pDCs,Classical Monocytes,GRN,TNFRSF1A,-0.3541540169434174,-0.5766210832015968,-0.1316869506852381,44,0.0018076310103338192,0.032320142239031596,10,0.47669533561710953,22,0.40159912619559285,5,0.31208808027132595,7,0.5911458877932267
NK Cells|Non-classical Monocytes|CD52|SIGLEC10,NK Cells,Non-classical Monocytes,CD52,SIGLEC10,-0.2544018022804544,-0.41436075716904175,-0.09444284739186701,55,0.0018259967366684518,0.032320142239031596,11,0.7242563846384769,32,0.5746943721816419,5,0.7959094085934153,7,0.9007491984170348
pDCs|Classical Monocytes|GRN|TNFRSF1B,pDCs,Classical Monocytes,GRN,TNFRSF1B,-0.1605935317199837,-0.2636554591503396,-0.05753160428962778,44,0.0022576525597867965,0.038671403524089966,10,0.7940954684141854,22,0.7043859156646955,5,0.6857841667648105,7,0.7566681457353043
NK Cells|NK Cells|CD48|CD244,NK Cells,NK Cells,CD48,CD244,0.26284771667538726,0.08926601899955233,0.4364294143512222,53,0.00299847833626672,0.04552174218360905,11,0.30437947321843045,32,0.422330897158895,5,0.5528333563712063,5,0.4079370636362836
B Cells|CD8 T Cells|SELL|SELPLG,B Cells,CD8 T Cells,SELL,SELPLG,0.23906459520971513,0.08071539288633536,0.3974137975330949,56,0.0030862198090582404,0.04552174218360905,11,0.24554208419639612,33,0.3682730634615173,5,0.4616938356604692,7,0.3453602197158752
Non-classical Monocytes|NK Cells|BAG6|NCR3,Non-classical Monocytes,NK Cells,BAG6,NCR3,-0.2395029658506386,-0.3978172696800292,-0.08118866202124805,55,0.003025880028020526,0.04552174218360905,11,0.4178688430851898,33,0.23841083147702902,5,0.02222749413678591,6,0.08227244837926372
B Cells|CD4 T Cells|FAM3C|HLA-C,B Cells,CD4 T Cells,FAM3C,HLA-C,-0.11669430389598556,-0.1933837913802257,-0.04000481641174543,56,0.002860235820591871,0.04552174218360905,11,0.9166784028067827,33,0.8778043039960071,5,0.7850283365173784,7,0.8628485416025883
CD4 T Cells|B Cells|CD40LG|CD40,CD4 T Cells,B Cells,CD40LG,CD40,-0.2638217406556729,-0.4376068185713,-0.09003666274004571,56,0.0029260130295813247,0.04552174218360905,11,0.13122936755056056,33,0.06200050362547531,5,0.0,7,0.19459287673058762
Classical Monocytes|Classical Monocytes|GRN|TNFRSF1A,Classical Monocytes,Classical Monocytes,GRN,TNFRSF1A,-0.2491568215462041,-0.4169857862235573,-0.08132785686885088,56,0.003617312971105808,0.0519133293961401,11,0.39678146875076536,33,0.43700307873640587,5,0.34831721414641736,7,0.637695645678262
B Cells|B Cells|PTPRC|CD22,B Cells,B Cells,PTPRC,CD22,-0.38185048284414963,-0.6398623122568239,-0.12383865343147538,56,0.0037233806994210563,0.05202934608927845,11,0.36308785484560263,33,0.2529046844549431,5,0.18643525152969592,7,0.458102563983186
CD8 T Cells|CD8 T Cells|SELL|SELPLG,CD8 T Cells,CD8 T Cells,SELL,SELPLG,-0.2650329775116123,-0.44470674516364594,-0.0853592098595787,56,0.003838941698348747,0.052268667739056016,11,0.19450191051445112,33,0.21394629736959167,5,0.0,7,0.28447736436675286
CD8 T Cells|Non-classical Monocytes|RPS19|C5AR1,CD8 T Cells,Non-classical Monocytes,RPS19,C5AR1,-0.014946735526995214,-0.025222548196418122,-0.004670922857572306,56,0.0043599027140657776,0.0578777085292232,11,0.9885771317106027,33,0.9781660056813269,5,0.990314198914114,7,0.9948498084118335
CD4 T Cells|NK Cells|SIRPG|CD47,CD4 T Cells,NK Cells,SIRPG,CD47,-0.27689552339117834,-0.46795398098954033,-0.08583706579281639,53,0.004504013483570146,0.058332467311603596,11,0.2939383917927109,30,0.26588902032643336,5,0.0,7,0.24884615192490078
NK Cells|Non-classical Monocytes|LTB|LTBR,NK Cells,Non-classical Monocytes,LTB,LTBR,-0.30776711482689556,-0.5209765677770676,-0.09455766187672357,56,0.0046664337970597014,0.05899705586282622,11,0.042794788391493754,33,0.05588361096533155,5,0.043333232794320685,7,0.36418917019505403
Classical Monocytes|Classical Monocytes|ITGAL_ITGB2|ICAM3,Classical Monocytes,Classical Monocytes,ITGAL_ITGB2,ICAM3,-0.26921912652807156,-0.4594345360599097,-0.07900371699623343,53,0.005536966858399364,0.06374723232649328,10,0.30504909759078397,31,0.20553971345584215,5,0.06091965229960981,7,0.23062939469273955
Classical Monocytes|NK Cells|LGALS9|CD44,Classical Monocytes,NK Cells,LGALS9,CD44,-0.3505531215448747,-0.5987843256439735,-0.10232191744577596,56,0.00564241039424705,0.06374723232649328,11,0.32245192017713525,33,0.14653082339976284,5,0.2098205166271597,7,0.384452541394662
Non-classical Monocytes|Non-classical Monocytes|SPN|ICAM1,Non-classical Monocytes,Non-classical Monocytes,SPN,ICAM1,-0.4105137802067081,-0.7000889418879244,-0.12093861852549181,47,0.005460607994394845,0.06374723232649328,9,0.2932166478647659,26,0.08988240667490065,5,0.13598987995926132,7,0.3431694189761041
CD4 T Cells|Classical Monocytes|ANXA1|FPR1,CD4 T Cells,Classical Monocytes,ANXA1,FPR1,-0.2586715185229864,-0.4399917065239799,-0.07735133052199297,56,0.005172561579113553,0.06374723232649328,11,0.5715727656743683,33,0.4099074928887197,5,0.6784306541315832,7,0.7754368998689211
B Cells|NK Cells|FAM3C|HLA-C,B Cells,NK Cells,FAM3C,HLA-C,-0.07858088287133458,-0.13393936759886793,-0.023222398143801226,56,0.005399979892647568,0.06374723232649328,11,0.948002897443732,33,0.9181879799561371,5,0.8571730337016593,7,0.905938999085399
CD4 T Cells|NK Cells|BAG6|NCR3,CD4 T Cells,NK Cells,BAG6,NCR3,-0.19054752594842608,-0.3265307756062681,-0.05456427629058411,52,0.006025069676044685,0.06665233329124433,11,0.35064284439648113,30,0.18857125242651637,5,0.0,6,0.02847593397846132
Classical Monocytes|Classical Monocytes|RPS19|C5AR1,Classical Monocytes,Classical Monocytes,RPS19,C5AR1,-0.033286788512564947,-0.05711544501302533,-0.009458132012104565,56,0.006182949746273687,0.06700298602594547,11,0.9645164451866357,33,0.9386581999045908,5,0.9584832150360416,7,0.9659117582665616
Non-classical Monocytes|CD8 T Cells|ITGAL_ITGB2|ICAM3,Non-classical Monocytes,CD8 T Cells,ITGAL_ITGB2,ICAM3,0.30054241408887716,0.08419691922023703,0.5168879089575174,56,0.0064743192549593905,0.06875727048766873,11,0.13845880549454412,33,0.36147803537596535,5,0.28274254468534477,7,0.20521936047788886
CD8 T Cells|Classical Monocytes|RPS19|C5AR1,CD8 T Cells,Classical Monocytes,RPS19,C5AR1,-0.024155669433361893,-0.04159530423913503,-0.006716034627588758,56,0.006632589278681526,0.06905695896039,11,0.9773216308101099,33,0.9579987691236185,5,0.9836926938207838,7,0.9885255015676543
pDCs|pDCs|SELL|SELPLG,pDCs,pDCs,SELL,SELPLG,-0.30509496667863034,-0.5260595392826175,-0.08413039407464312,44,0.006805728315405688,0.06949695645154655,10,0.630531193209128,22,0.5857242730839147,5,0.3823254644306323,7,0.6426135109840494
B Cells|Non-classical Monocytes|FAM3C|HLA-C,B Cells,Non-classical Monocytes,FAM3C,HLA-C,-0.12377748140215772,-0.216048399116576,-0.031506563687739436,56,0.008558407608424946,0.08574555547308767,11,0.907542808975025,33,0.866232534259952,5,0.7588567155025452,7,0.8413239221896298
CD8 T Cells|CD8 T Cells|LCK|CD8A_CD8B,CD8 T Cells,CD8 T Cells,LCK,CD8A_CD8B,-0.34678262697648354,-0.6079778129527962,-0.08558744100017085,56,0.009262849225270734,0.09108468404849555,11,0.5561978167163105,33,0.5610912346146677,5,0.3325618393779709,7,0.6842378842528116
CD4 T Cells|Non-classical Monocytes|HLA-F|LILRB2,CD4 T Cells,Non-classical Monocytes,HLA-F,LILRB2,-0.3034296340829951,-0.5328625436967498,-0.0739967244692405,56,0.009539432385093315,0.09209888357244637,11,0.2224421052782387,33,0.24736209809208562,5,0.02016652138779489,7,0.3485161482846369
CD4 T Cells|Non-classical Monocytes|CD99|PILRA,CD4 T Cells,Non-classical Monocytes,CD99,PILRA,-0.304084568800612,-0.535525046640311,-0.0726440909609131,56,0.010019555083119434,0.09500685266315034,11,0.6177246311198373,33,0.4169973427370044,5,0.49529763573718616,7,0.5986549161549652
pDCs|Non-classical Monocytes|SELL|SELPLG,pDCs,Non-classical Monocytes,SELL,SELPLG,-0.3071916110195143,-0.5433543053600841,-0.07102891667894448,44,0.010789361936634944,0.1005114243570729,10,0.5559429558095824,22,0.4860295427092636,5,0.31634502893103755,7,0.553623226850233
Non-classical Monocytes|NK Cells|ITGAL_ITGB2|ICAM3,Non-classical Monocytes,NK Cells,ITGAL_ITGB2,ICAM3,0.3045118716870848,0.06955524121923473,0.5394685021549349,56,0.011079520437621825,0.10143491986857223,11,0.13690471484552935,33,0.3612619086878623,5,0.27860744231803375,7,0.19845276447328183
CD4 T Cells|Classical Monocytes|RPS19|C5AR1,CD4 T Cells,Classical Monocytes,RPS19,C5AR1,-0.022029117877926052,-0.03909098243523912,-0.004967253320612989,56,0.011387669244456585,0.10248902320010927,11,0.9818039095022949,33,0.9620876399414783,5,0.9879892585721134,7,0.9903021068892228
CD8 T Cells|Non-classical Monocytes|HLA-F|LILRB2,CD8 T Cells,Non-classical Monocytes,HLA-F,LILRB2,-0.32103175904119896,-0.5709985366149953,-0.07106498146740262,56,0.011829929896050669,0.10469487958004842,11,0.40554280272380727,33,0.3608993082639135,5,0.17752389114388825,7,0.4539121557251934
pDCs|NK Cells|SELL|SELPLG,pDCs,NK Cells,SELL,SELPLG,-0.24555451651127153,-0.43755228315691275,-0.053556749865630304,44,0.012186910842062979,0.10608605995304002,10,0.5158110569595259,22,0.46217318576782435,5,0.3105698073956254,7,0.5024864527151954
CD8 T Cells|NK Cells|CD48|CD244,CD8 T Cells,NK Cells,CD48,CD244,0.2658548882328221,0.056605968574538534,0.4751038078911057,53,0.01276809353723674,0.1076167883852811,11,0.2645792584130114,32,0.43459678856544276,5,0.5113113923284316,5,0.41547403424804086
CD8 T Cells|B Cells|PTPRC|CD22,CD8 T Cells,B Cells,PTPRC,CD22,-0.14659462104630383,-0.26192263955376677,-0.03126660253884089,56,0.012726577560989414,0.1076167883852811,11,0.7393100154945224,33,0.7407157536427957,5,0.6571040886536446,7,0.8051044478482218
Classical Monocytes|NK Cells|CD48|CD244,Classical Monocytes,NK Cells,CD48,CD244,0.24250763731689107,0.05068517860526983,0.4343300960285123,53,0.013217871673514429,0.10966702904119004,11,0.2959169662890208,32,0.4264583811048304,5,0.5023841537550191,5,0.39041793125393764
pDCs|CD8 T Cells|LGALS9|CD47,pDCs,CD8 T Cells,LGALS9,CD47,-0.24083026332668384,-0.43200476616284067,-0.04965576049052703,43,0.013547380038055208,0.11015245311490608,10,0.2680155186083745,21,0.18040062705562782,5,0.10086405246082526,7,0.2540794242347624
CD4 T Cells|Non-classical Monocytes|ANXA1|FPR1,CD4 T Cells,Non-classical Monocytes,ANXA1,FPR1,-0.26096020111816953,-0.46888682110048974,-0.0530335811358493,55,0.013898708773443895,0.11015245311490608,10,0.5017501018330612,33,0.4209835303699621,5,0.5363420873375964,7,0.7165357169926667
Non-classical Monocytes|Classical Monocytes|SPN|ICAM1,Non-classical Monocytes,Classical Monocytes,SPN,ICAM1,-0.3756147175242741,-0.6748403878218798,-0.07638904722666834,46,0.013881264493696206,0.11015245311490608,10,0.37356301534299724,24,0.15591964917941495,5,0.2131343190853575,7,0.3711056704460493
CD8 T Cells|Classical Monocytes|CD99|PILRA,CD8 T Cells,Classical Monocytes,CD99,PILRA,-0.23732932405198237,-0.4300065298318959,-0.0446521182720688,56,0.015770788021962183,0.12136649912553506,11,0.5681099181871978,33,0.5761781612130912,5,0.3097871726622018,7,0.5551847397400775
Classical Monocytes|Classical Monocytes|LGALS9|CD44,Classical Monocytes,Classical Monocytes,LGALS9,CD44,-0.1368379489085657,-0.24776883522827342,-0.025907062588857985,56,0.015619006926103265,0.12136649912553506,11,0.6688727434112005,33,0.6263667384235289,5,0.6065923060350963,7,0.7009242499559903
pDCs|B Cells|TNFSF13B|CD40,pDCs,B Cells,TNFSF13B,CD40,-0.2609528503362734,-0.47441199045614413,-0.047493710216402696,43,0.01657295319808924,0.12571768783121984,10,0.2391301868025104,21,0.19840297216055736,5,0.02043507346579394,7,0.24066070916011428
Classical Monocytes|Classical Monocytes|CD1D|LILRB2,Classical Monocytes,Classical Monocytes,CD1D,LILRB2,-0.21811188666988487,-0.4021368853062881,-0.034086888033481644,52,0.0201787523233747,0.14479618221232385,10,0.024809918314560964,30,0.06259222531885268,5,0.0,7,0.2558941936741766
B Cells|Classical Monocytes|RPS19|C5AR1,B Cells,Classical Monocytes,RPS19,C5AR1,-0.02010946992610596,-0.037027887280190915,-0.0031910525720210067,56,0.019825139274948014,0.14479618221232385,11,0.9835750654884609,33,0.9646871944024126,5,0.9891938094066071,7,0.9904154082466646
CD4 T Cells|Non-classical Monocytes|CD28|CD86,CD4 T Cells,Non-classical Monocytes,CD28,CD86,-0.29805357135280236,-0.5491199262128041,-0.04698721649280063,56,0.01997738206394753,0.14479618221232385,11,0.18744325959299266,33,0.13281744335035636,5,0.03686071450823543,7,0.2802884696184015
CD4 T Cells|CD4 T Cells|SIRPG|CD47,CD4 T Cells,CD4 T Cells,SIRPG,CD47,-0.2625856904281183,-0.48322868864638235,-0.04194269220985422,53,0.019672330464429233,0.14479618221232385,11,0.20033338084418845,30,0.13958697578613108,5,0.0,7,0.20183928537006096
B Cells|NK Cells|CD48|CD244,B Cells,NK Cells,CD48,CD244,0.24628391921434817,0.036376045329051365,0.45619179309964497,53,0.021469956096939254,0.1520072891663299,11,0.26922793637373155,32,0.4144986585933659,5,0.537304817456439,5,0.43629162046172515
Classical Monocytes|pDCs|TNFSF13B|HLA-DPB1,Classical Monocytes,pDCs,TNFSF13B,HLA-DPB1,-0.061284941544667904,-0.11376930317088546,-0.008800579918450346,44,0.022101974313496676,0.15442300474298337,10,0.9372373684612813,22,0.9199852483687052,5,0.8989940058944665,7,0.9430268273465584
B Cells|CD8 T Cells|FAM3C|LAMP1,B Cells,CD8 T Cells,FAM3C,LAMP1,-0.22780713952180673,-0.4265377221118999,-0.0290765569317136,56,0.024657343410914734,0.16366311688994656,11,0.21603232711549278,33,0.2303938506841776,5,0.011848643157428151,7,0.2540173062479197
Non-classical Monocytes|Non-classical Monocytes|ITGAL_ITGB2|ICAM3,Non-classical Monocytes,Non-classical Monocytes,ITGAL_ITGB2,ICAM3,0.28018147500957963,0.03629538177751668,0.5240675682416426,56,0.024344533970347304,0.16366311688994656,11,0.16966031541475302,33,0.34646618810682484,5,0.37227205635202687,7,0.26889645403451906
NK Cells|Non-classical Monocytes|CD99|PILRA,NK Cells,Non-classical Monocytes,CD99,PILRA,-0.1315926253488724,-0.24634007160936044,-0.016845179088384343,56,0.024595898025209756,0.16366311688994656,11,0.7863956629203323,33,0.7030372803928482,5,0.7447619520445821,7,0.7929961948659704
Classical Monocytes|Classical Monocytes|COPA|CD74,Classical Monocytes,Classical Monocytes,COPA,CD74,-0.12996728148561798,-0.24285731751516126,-0.017077245456074683,56,0.024042203336575807,0.16366311688994656,11,0.6827454633520041,33,0.636689456518079,5,0.6684898184931852,7,0.752401093144878
CD8 T Cells|Non-classical Monocytes|CD99|PILRA,CD8 T Cells,Non-classical Monocytes,CD99,PILRA,-0.16630013319329273,-0.3127955875663489,-0.019804678820236565,56,0.026085873367721214,0.1710073920772835,11,0.8067497830094266,33,0.7660540625893639,5,0.6322034820144368,7,0.7578078947876669
Classical Monocytes|Classical Monocytes|TNFSF13B|HLA-DPB1,Classical Monocytes,Classical Monocytes,TNFSF13B,HLA-DPB1,-0.18215042206282905,-0.34553572921650183,-0.018765114909156277,56,0.028883744145194797,0.18703985537924922,11,0.6896787729577861,33,0.6495990626919246,5,0.624078400437435,7,0.7661491122344025
Non-classical Monocytes|B Cells|TNFSF13B|TNFRSF13C,Non-classical Monocytes,B Cells,TNFSF13B,TNFRSF13C,-0.2694828496697049,-0.5143759862237827,-0.024589713115627243,51,0.03102406412297516,0.1984792536060218,11,0.47682842173930234,29,0.3910269525914003,5,0.2502031605615145,6,0.43388454108331737
Non-classical Monocytes|pDCs|LILRB4|LAIR1,Non-classical Monocytes,pDCs,LILRB4,LAIR1,-0.254646525241847,-0.4877570681659807,-0.02153598231771331,43,0.032271151002018855,0.19952278875446827,10,0.21844924552882036,21,0.19215380312356248,5,0.049626380306429164,7,0.2779774631430183
CD4 T Cells|B Cells|PTPRC|CD22,CD4 T Cells,B Cells,PTPRC,CD22,-0.1502018422792868,-0.2873718509681802,-0.013031833590393421,56,0.03185939269464844,0.19952278875446827,11,0.655081399155325,33,0.6140540446260643,5,0.5900394556617268,7,0.6992139434117528
Non-classical Monocytes|B Cells|TNFSF13B|CD40,Non-classical Monocytes,B Cells,TNFSF13B,CD40,0.2513684042675631,0.021201085381282958,0.4815357231538432,56,0.032314425297333846,0.19952278875446827,11,0.20997747472136014,33,0.37232559521629294,5,0.404460588720611,7,0.31544030494798075
Non-classical Monocytes|CD4 T Cells|CD58|CD2,Non-classical Monocytes,CD4 T Cells,CD58,CD2,0.2201289974447112,0.017372391619454253,0.42288560326996816,56,0.033345733312951584,0.2035239584962907,11,0.35595243721255293,33,0.42613166596502283,5,0.4831783412595536,7,0.3332285725673123
pDCs|Classical Monocytes|SPN|ICAM1,pDCs,Classical Monocytes,SPN,ICAM1,-0.27196842173686375,-0.5237086534709068,-0.02022819000282078,37,0.03422135191381228,0.20649474847993546,9,0.16211317002385758,16,0.060559076136274106,5,0.0,7,0.1704143278492803
NK Cells|B Cells|ITGAL_ITGB2|ICAM3,NK Cells,B Cells,ITGAL_ITGB2,ICAM3,0.19601179398767637,0.012037033297221778,0.37998655467813097,56,0.03677981619834863,0.2194391281047542,11,0.3206231733717585,33,0.3403667639819147,5,0.44879091841269086,7,0.27252271503517067
B Cells|Non-classical Monocytes|FAM3C|LAMP1,B Cells,Non-classical Monocytes,FAM3C,LAMP1,-0.21904062203273353,-0.4257116770660734,-0.01236956699939365,56,0.03777658033275902,0.22288182396327821,11,0.22923420674938644,33,0.18627781484910627,5,0.0,7,0.17608423013245336
pDCs|CD8 T Cells|GRN|TNFRSF1B,pDCs,CD8 T Cells,GRN,TNFRSF1B,-0.21293645254625188,-0.4153258932969936,-0.010547011795510153,44,0.039197975465734905,0.22872664804731024,10,0.6179587245201144,22,0.5077934823132678,5,0.3529165061098049,7,0.4556877164492103
CD4 T Cells|Non-classical Monocytes|SIRPG|CD47,CD4 T Cells,Non-classical Monocytes,SIRPG,CD47,-0.22623947449911136,-0.4422383518280361,-0.010240597170186605,53,0.0400835674820531,0.2297038219399571,11,0.3071115578296144,30,0.23303254118776487,5,0.05801710654409624,7,0.21017756440135807
CD4 T Cells|CD4 T Cells|CLEC2D|KLRB1,CD4 T Cells,CD4 T Cells,CLEC2D,KLRB1,0.20434869614612128,0.009105784376374548,0.399591607915868,56,0.040230612882139374,0.2297038219399571,11,0.2959021912331734,33,0.35663863877545804,5,0.42290501545449893,7,0.2792927668506623
pDCs|B Cells|LGALS9|CD47,pDCs,B Cells,LGALS9,CD47,-0.24754518361077818,-0.4853210745307488,-0.009769292690807535,43,0.041301413479708934,0.2333090484864409,10,0.22250073455391428,21,0.22344318426655443,5,0.07582425630188125,7,0.32431188962529955
Classical Monocytes|Non-classical Monocytes|GRN|TNFRSF1B,Classical Monocytes,Non-classical Monocytes,GRN,TNFRSF1B,-0.09375241036409732,-0.1840048387615924,-0.003499981966602214,56,0.04175324417063361,0.23337865952217313,11,0.8397447404071358,33,0.8407575511175476,5,0.7734791426202642,7,0.8682443636947733
CD4 T Cells|NK Cells|SELL|SELPLG,CD4 T Cells,NK Cells,SELL,SELPLG,0.1783820790249568,0.006070005172202769,0.3506941528777109,56,0.04245754994461802,0.23484332313116843,11,0.12340377062054939,33,0.2945608008473011,5,0.3739420141589016,7,0.3667169653606965
pDCs|Non-classical Monocytes|CD99|PILRA,pDCs,Non-classical Monocytes,CD99,PILRA,-0.18975388025087625,-0.37564724188335663,-0.0038605186183958418,44,0.04542825485777351,0.24868457040698697,10,0.7069378678950318,22,0.5466030933419662,5,0.6067416703059323,7,0.636160776003743
B Cells|B Cells|FAM3C|HLA-C,B Cells,B Cells,FAM3C,HLA-C,-0.13718146806840248,-0.27308096484510336,-0.001281971291701628,56,0.04787765091315778,0.2594187003559875,11,0.8767304641692508,33,0.8414305630203318,5,0.712863530861432,7,0.8147450977809154
NK Cells|CD4 T Cells|MIF|TNFRSF14,NK Cells,CD4 T Cells,MIF,TNFRSF14,0.20602462260606857,0.0008905006397134929,0.41115874457242363,56,0.049013718336750535,0.2628917619880256,11,0.17134193533599432,33,0.22973869264701158,5,0.267181477181856,7,0.11955361188680465
B Cells|CD4 T Cells|SELL|SELPLG,B Cells,CD4 T Cells,SELL,SELPLG,0.20446019587724923,4.098517796621848e-05,0.4088794065765322,56,0.049954084021893864,0.2652561861562564,11,0.3219292764425045,33,0.3693927874518636,5,0.48207422044932535,7,0.3250775355814352
CD8 T Cells|CD4 T Cells|SELL|SELPLG,CD8 T Cells,CD4 T Cells,SELL,SELPLG,-0.21011784648614154,-0.4207502571959446,0.0005145642236615566,56,0.05056231297350106,0.26582760583098086,11,0.19432214493498376,33,0.2140971625140796,5,0.0,7,0.22989286406523737
NK Cells|NK Cells|MIF|TNFRSF14,NK Cells,NK Cells,MIF,TNFRSF14,0.2065092357418752,-0.0010605872644334213,0.41407905874818385,56,0.05118214303201247,0.2664482151960649,11,0.16365557874753114,33,0.2589131864641819,5,0.26459853952396667,7,0.1533469114987422
B Cells|NK Cells|CD72|SEMA4D,B Cells,NK Cells,CD72,SEMA4D,0.22840019448104765,-0.004808519197658623,0.4616089081597539,53,0.05491456489170629,0.28087759539600443,10,0.0,32,0.09311301828130042,5,0.15425272348006028,6,0.01896554728031304
pDCs|Non-classical Monocytes|RPS19|C5AR1,pDCs,Non-classical Monocytes,RPS19,C5AR1,-0.014315776351843557,-0.02893879870778507,0.00030724600409795695,44,0.05501180776117601,0.28087759539600443,10,0.9908200967924181,22,0.9800289479619871,5,0.9878322163553144,7,0.991356843876727
pDCs|Classical Monocytes|HLA-F|LILRB2,pDCs,Classical Monocytes,HLA-F,LILRB2,-0.22012237065212134,-0.4463156136391917,0.006070872334949046,44,0.056473999883835314,0.2855970851268243,10,0.1569817877416324,22,0.21476174646004223,5,0.01040041363273303,7,0.2883027430032642
pDCs|CD4 T Cells|LGALS9|CD47,pDCs,CD4 T Cells,LGALS9,CD47,-0.26199844347002815,-0.5349016548409651,0.010904767900908774,43,0.05988395815953647,0.2999847337991874,10,0.38380367021555617,21,0.21200345727879236,5,0.21428687800940188,7,0.3044851085426662
Classical Monocytes|Non-classical Monocytes|ITGAL_ITGB2|ICAM3,Classical Monocytes,Non-classical Monocytes,ITGAL_ITGB2,ICAM3,-0.21399107051623817,-0.44002535808023563,0.012043217047759291,53,0.06351970224203735,0.3152239429020732,10,0.49850044577802155,31,0.3076182082256593,5,0.350602143564738,7,0.3737109765286139
pDCs|pDCs|TNFSF13B|HLA-DPB1,pDCs,pDCs,TNFSF13B,HLA-DPB1,-0.14431771322277587,-0.30030582782834675,0.011670401382795015,43,0.0697813416810651,0.3368535675695052,10,0.8160257999784598,21,0.8002652760458573,5,0.714977217741878,7,0.8435344070320513
B Cells|pDCs|FAM3C|LAMP1,B Cells,pDCs,FAM3C,LAMP1,-0.21214887541151667,-0.44106321627069967,0.016765465447666328,44,0.069306258702775,0.3368535675695052,10,0.2970133833445585,22,0.2173998293105911,5,0.06527427875102117,7,0.19780960012857043
Classical Monocytes|Classical Monocytes|HBEGF|CD44,Classical Monocytes,Classical Monocytes,HBEGF,CD44,0.18471178185175646,-0.01440821040299009,0.38383177410650304,50,0.06904241750290165,0.3368535675695052,10,0.3946993450245926,28,0.48077731510356086,5,0.5186773341773938,7,0.42004352240460563
Non-classical Monocytes|Classical Monocytes|COPA|CD74,Non-classical Monocytes,Classical Monocytes,COPA,CD74,-0.11702407473533305,-0.24469838775683678,0.010650238286170677,56,0.07241992584931096,0.34135487561439715,11,0.5976447748249162,33,0.596249840927129,5,0.6142539336209359,7,0.7298830744584818
B Cells|Classical Monocytes|FAM3C|HLA-C,B Cells,Classical Monocytes,FAM3C,HLA-C,-0.13430929899663824,-0.28036166315117134,0.01174306515789486,56,0.07148614698282268,0.34135487561439715,11,0.8327431240642414,33,0.8007347644617406,5,0.657520140889566,7,0.7598210802837034
Classical Monocytes|Non-classical Monocytes|CD99|PILRA,Classical Monocytes,Non-classical Monocytes,CD99,PILRA,-0.25768424539580564,-0.5391215753001367,0.023753084508525424,56,0.07272628673285039,0.34135487561439715,11,0.3694703877617457,33,0.23128138684588365,5,0.31498706462345577,7,0.4344823091033994
Classical Monocytes|B Cells|PTPRC|CD22,Classical Monocytes,B Cells,PTPRC,CD22,-0.14225694951287216,-0.29793013268393725,0.013416233658192944,56,0.07328522753303442,0.34135487561439715,11,0.5917381997832848,33,0.5809917968224713,5,0.524742182467558,7,0.6562527290196166
NK Cells|Non-classical Monocytes|HLA-F|LILRB2,NK Cells,Non-classical Monocytes,HLA-F,LILRB2,-0.23607568536874576,-0.4953497249479404,0.023198354210448885,56,0.07432660337486066,0.34319501210479136,11,0.38559422478857647,33,0.4037624943688218,5,0.1948225568475143,7,0.44906651179650536
Non-classical Monocytes|pDCs|TNFSF13B|HLA-DPB1,Non-classical Monocytes,pDCs,TNFSF13B,HLA-DPB1,-0.05700222026578616,-0.1197793676489903,0.005774927117417977,44,0.07513078401648646,0.3439176406271923,10,0.9180107163637284,22,0.9119588454094475,5,0.874387579097246,7,0.9253379284087512
Classical Monocytes|Non-classical Monocytes|CD1D|LILRB2,Classical Monocytes,Non-classical Monocytes,CD1D,LILRB2,-0.1560175903107685,-0.3284840784612087,0.016448897839671683,52,0.07622315900251801,0.3459358754729664,10,0.5002902160254601,30,0.4127100180490438,5,0.33023348572160527,7,0.39867087805595747
CD8 T Cells|CD4 T Cells|CLEC2D|KLRB1,CD8 T Cells,CD4 T Cells,CLEC2D,KLRB1,0.17625889963246028,-0.021263210267401744,0.3737810095323223,55,0.08029546075849667,0.3582931904433759,11,0.3264484703569371,32,0.36180676441196186,5,0.4537623616078328,7,0.3128617560303973
pDCs|B Cells|LGALS9|CD44,pDCs,B Cells,LGALS9,CD44,-0.2010102636267545,-0.42598004633218595,0.02395951907867694,43,0.07990703101980477,0.3582931904433759,10,0.3820849236617828,21,0.2418247704185688,5,0.2923892184358349,7,0.3531393288193754
Non-classical Monocytes|NK Cells|MIF|TNFRSF14,Non-classical Monocytes,NK Cells,MIF,TNFRSF14,0.21572488430402126,-0.02791999834007508,0.4593697669481176,56,0.08267602854737947,0.36584142632215416,11,0.25125635943005875,33,0.2954130053970979,5,0.2954230470271293,7,0.1238548086901472
CD8 T Cells|Classical Monocytes|SELL|SELPLG,CD8 T Cells,Classical Monocytes,SELL,SELPLG,-0.2076180347934538,-0.4466023291579539,0.03136625957104627,56,0.08862006262485113,0.3889029194528591,11,0.21555496302006094,33,0.22247102921499456,5,0.05080015370709412,7,0.26533425469548155
Non-classical Monocytes|Classical Monocytes|LGALS9|LRP1,Non-classical Monocytes,Classical Monocytes,LGALS9,LRP1,0.1500253501472676,-0.025914962166570216,0.32596566246110537,56,0.0946677787666776,0.3989570676595699,11,0.39341677772852995,33,0.407409778870962,5,0.4694794012717766,7,0.3334470522669411
NK Cells|Non-classical Monocytes|SPN|ICAM1,NK Cells,Non-classical Monocytes,SPN,ICAM1,-0.21595079996297836,-0.46919183228084926,0.037290232354892566,47,0.09465148147976872,0.3989570676595699,9,0.2352591392566484,26,0.15382917809286498,5,0.0,7,0.13452083879919494
CD8 T Cells|CD4 T Cells|ITGAL_ITGB2|ICAM3,CD8 T Cells,CD4 T Cells,ITGAL_ITGB2,ICAM3,0.19283818284852594,-0.03304179204391186,0.41871815774096377,56,0.09427615246793071,0.3989570676595699,11,0.19033709789187914,33,0.23158641135803373,5,0.5546827096940314,7,0.4030938403116601
Non-classical Monocytes|Non-classical Monocytes|LGALS9|LRP1,Non-classical Monocytes,Non-classical Monocytes,LGALS9,LRP1,-0.1961701505036938,-0.4258427200363624,0.03350241902897483,56,0.09411815083676944,0.3989570676595699,11,0.4676382061818627,33,0.3823673121921475,5,0.33910542895056517,7,0.4500046854645437
Classical Monocytes|Non-classical Monocytes|CD52|SIGLEC10,Classical Monocytes,Non-classical Monocytes,CD52,SIGLEC10,-0.22660238398270682,-0.4912262591178407,0.038021491152427034,55,0.09327803259526478,0.3989570676595699,11,0.7842134958196582,32,0.4798428379214736,5,0.6985426119406405,7,0.6207743380251628
B Cells|Non-classical Monocytes|SELL|SELPLG,B Cells,Non-classical Monocytes,SELL,SELPLG,-0.23933476578409793,-0.5217444413511609,0.043074909782965104,56,0.0967098553489068,0.4034172870468864,11,0.3537095083840527,33,0.3197949130483176,5,0.21978066544863215,7,0.425200835896995
Non-classical Monocytes|pDCs|ALOX5|ALOX5AP,Non-classical Monocytes,pDCs,ALOX5,ALOX5AP,-0.2544104283320662,-0.5550908772991401,0.046270020635007736,44,0.09724559838418353,0.4034172870468864,10,0.7244787227293638,22,0.5948049201892469,5,0.5023852559516024,7,0.6271218817435518
Classical Monocytes|CD8 T Cells|HBEGF|CD44,Classical Monocytes,CD8 T Cells,HBEGF,CD44,-0.23256045335985792,-0.5085048358653761,0.04338392914566025,50,0.09857149941923389,0.405747799934986,10,0.47871607839975494,28,0.34720041458287165,5,0.23127438320231763,7,0.33231917274529227
Non-classical Monocytes|CD4 T Cells|LGALS9|CD47,Non-classical Monocytes,CD4 T Cells,LGALS9,CD47,-0.2127860709456627,-0.46701608013896356,0.041443938247638146,56,0.10091047854316644,0.4121804931263183,11,0.28017819886559026,33,0.255973196524857,5,0.11772214608945182,7,0.30630321469438127
Non-classical Monocytes|Classical Monocytes|CD99|PILRA,Non-classical Monocytes,Classical Monocytes,CD99,PILRA,-0.18950824574426456,-0.41772764218998104,0.03871115070145195,56,0.10362883903746349,0.42005277502971844,11,0.2815920534169231,33,0.32249139124861814,5,0.1425305086157156,7,0.3729380921916752
CD4 T Cells|NK Cells|CD48|CD244,CD4 T Cells,NK Cells,CD48,CD244,0.17566675479141514,-0.038771579145224555,0.3901050887280548,53,0.1083635441633664,0.43591698447536026,11,0.3476989721660949,32,0.4348140809343836,5,0.484525878218186,5,0.39597423219505956
Non-classical Monocytes|Classical Monocytes|ANXA1|FPR1,Non-classical Monocytes,Classical Monocytes,ANXA1,FPR1,-0.22329650316444372,-0.5025941482237836,0.056001141894896134,56,0.11711996893331739,0.4611434177485746,11,0.5403185336957882,33,0.5521533186021503,5,0.530619683024799,7,0.7657509710956049
CD4 T Cells|Non-classical Monocytes|LTB|LTBR,CD4 T Cells,Non-classical Monocytes,LTB,LTBR,-0.17126695870084924,-0.3848191740751197,0.0422852566734212,56,0.11597988860557129,0.4611434177485746,11,0.45741443903431916,33,0.46189333404776867,5,0.3066070107126776,7,0.48235286442697634
pDCs|Classical Monocytes|APP|CD74,pDCs,Classical Monocytes,APP,CD74,-0.04414618231624312,-0.09948070758497016,0.011188342952483915,44,0.11789512783655619,0.4611434177485746,10,0.9779418300818365,22,0.9414948707208661,5,0.9606999611215447,7,0.9683991840768174
B Cells|Non-classical Monocytes|HLA-F|LILRB2,B Cells,Non-classical Monocytes,HLA-F,LILRB2,-0.18468742836939078,-0.4163160593354664,0.04694120259668483,56,0.11810829531790235,0.4611434177485746,11,0.1732818605699416,33,0.22351792701004264,5,0.18969159077288894,7,0.42461508558238076
B Cells|pDCs|FAM3C|HLA-C,B Cells,pDCs,FAM3C,HLA-C,-0.11755960610941907,-0.26536507232674217,0.030245860107904032,44,0.11902220811367026,0.4613196533456855,10,0.8564783046789255,22,0.8302647851117286,5,0.6798403154988563,7,0.7711864020410785
CD8 T Cells|B Cells|ITGAL_ITGB2|ICAM3,CD8 T Cells,B Cells,ITGAL_ITGB2,ICAM3,-0.14334338529398388,-0.32530376605133954,0.03861699546337177,56,0.12258694173535208,0.46231772603823434,11,0.43934595775363133,33,0.34984626120132306,5,0.314712079110793,7,0.36855576785246863
NK Cells|CD4 T Cells|KLRF1|CLEC2B,NK Cells,CD4 T Cells,KLRF1,CLEC2B,-0.2122794970936026,-0.4818738616136004,0.05731486742639519,55,0.1227623340327515,0.46231772603823434,11,0.6862634547821952,33,0.5353631390359269,5,0.1954453992279253,6,0.25682458057525964
CD4 T Cells|NK Cells|CLEC2B|KLRF1,CD4 T Cells,NK Cells,CLEC2B,KLRF1,-0.2122794970936026,-0.4818738616136004,0.05731486742639519,55,0.1227623340327515,0.46231772603823434,11,0.6862634547821952,33,0.5353631390359269,5,0.1954453992279253,6,0.25682458057525964
Classical Monocytes|NK Cells|SELL|SELPLG,Classical Monocytes,NK Cells,SELL,SELPLG,0.19211383010986874,-0.050640446397084427,0.4348681066168219,56,0.12087769193158934,0.46231772603823434,11,0.19154335463756036,33,0.40164720970809425,5,0.29972414509794876,7,0.3177141700586139
Non-classical Monocytes|Non-classical Monocytes|ANXA1|FPR1,Non-classical Monocytes,Non-classical Monocytes,ANXA1,FPR1,-0.1808753813492715,-0.41114714046900547,0.049396377770462435,55,0.12367607014072389,0.4624788256670731,10,0.4754065477254669,33,0.5267770348203754,5,0.47716129444478617,7,0.7094071628889661
CD8 T Cells|B Cells|MIF|CD74,CD8 T Cells,B Cells,MIF,CD74,0.005866950246466107,-0.0016755402475651044,0.013409440740497318,56,0.12736782596427781,0.46979804773307343,11,0.9974202520153419,33,0.998478127891533,5,0.9981318924562601,7,0.9933228180859851
pDCs|B Cells|TNFSF13B|HLA-DPB1,pDCs,B Cells,TNFSF13B,HLA-DPB1,-0.08359642124327915,-0.19125472024900075,0.024061877762442438,43,0.1280322545962778,0.46979804773307343,10,0.8741763803571553,21,0.8747332178722034,5,0.8354139922425314,7,0.9195672510008587
Classical Monocytes|pDCs|COPA|CD74,Classical Monocytes,pDCs,COPA,CD74,-0.056639962097902785,-0.1296316524460515,0.016351728250245917,44,0.12828760248831572,0.46979804773307343,10,0.8840237264245877,22,0.873162441671301,5,0.8498991047209689,7,0.8956777820655849
pDCs|Classical Monocytes|RPS19|C5AR1,pDCs,Classical Monocytes,RPS19,C5AR1,-0.019225954692570713,-0.04406063105149356,0.005608721666352134,44,0.1291856302710916,0.46984636762979204,10,0.9789307814828808,22,0.9632689202826424,5,0.9804588413296627,7,0.984022934821995
pDCs|NK Cells|LGALS9|CD47,pDCs,NK Cells,LGALS9,CD47,-0.21968822190114334,-0.5043927222423998,0.0650162784401132,43,0.130437567657879,0.47117243827437927,10,0.3991844370604539,21,0.20770464469771685,5,0.29317031389522297,7,0.3213787434336292
B Cells|CD4 T Cells|CD72|SEMA4D,B Cells,CD4 T Cells,CD72,SEMA4D,0.21273922615413615,-0.06582510352887583,0.49130355583714813,54,0.13443957624140226,0.47276917257668805,11,0.00416246238277542,32,0.08228073211543667,5,0.16389247957923045,6,0.029271523157755535
Classical Monocytes|Non-classical Monocytes|TNFSF13B|HLA-DPB1,Classical Monocytes,Non-classical Monocytes,TNFSF13B,HLA-DPB1,-0.030912028058835306,-0.0713622255421418,0.009538169424471186,56,0.13418421922189697,0.47276917257668805,11,0.9078410422727728,33,0.8976168993193908,5,0.9382925175682194,7,0.9589804026736727
NK Cells|Non-classical Monocytes|ITGAL_ITGB2|ICAM3,NK Cells,Non-classical Monocytes,ITGAL_ITGB2,ICAM3,0.16170008177525905,-0.05009953500620287,0.37349969855672094,56,0.13456249644282067,0.47276917257668805,11,0.1775721575523626,33,0.23584620594001596,5,0.33246118821822285,7,0.22903515483061715
pDCs|CD4 T Cells|GRN|TNFRSF1B,pDCs,CD4 T Cells,GRN,TNFRSF1B,-0.15092907130940258,-0.3481619370871343,0.04630379446832908,44,0.1336587398358331,0.47276917257668805,10,0.3859347156542467,22,0.41767608521862415,5,0.2546702274927616,7,0.4373406683665416
pDCs|CD4 T Cells|APP|CD74,pDCs,CD4 T Cells,APP,CD74,-0.09186648903852834,-0.21243327999196135,0.028700301914904663,44,0.13533128857185797,0.47276917257668805,10,0.8630509211441613,22,0.8099442141718254,5,0.7572500344033377,7,0.7960098164695302
Classical Monocytes|Non-classical Monocytes|HBEGF|CD44,Classical Monocytes,Non-classical Monocytes,HBEGF,CD44,0.1637173587411903,-0.052171629664670705,0.3796063471470513,50,0.13719449226139682,0.47614559078955365,10,0.3572159880704385,28,0.44618026627861157,5,0.39732303429893123,7,0.322569953765914
pDCs|Non-classical Monocytes|SPN|ICAM1,pDCs,Non-classical Monocytes,SPN,ICAM1,-0.21628132715567105,-0.5037599380960451,0.07119728378470297,37,0.14033166986371506,0.47766741472841473,8,0.18675929087458273,17,0.07297079348198485,5,0.0,7,0.10249282976307317
pDCs|Non-classical Monocytes|GRN|TNFRSF1A,pDCs,Non-classical Monocytes,GRN,TNFRSF1A,-0.1917861849667727,-0.44568441120383523,0.06211204127028985,44,0.13874228558174337,0.47766741472841473,10,0.49732553044767885,22,0.4001775167361931,5,0.4204118759492296,7,0.5150500472045165
NK Cells|Classical Monocytes|CD99|PILRA,NK Cells,Classical Monocytes,CD99,PILRA,-0.14029490501450548,-0.3266207797039269,0.04603096967491596,56,0.1400073404648384,0.47766741472841473,11,0.5228882239708985,33,0.46271429654055823,5,0.5549069215492701,7,0.6350278991334353
CD4 T Cells|Non-classical Monocytes|SPN|ICAM1,CD4 T Cells,Non-classical Monocytes,SPN,ICAM1,0.15574117856808628,-0.05209577847262575,0.3635781356087983,47,0.14191814383522483,0.4799906648184993,9,0.15013403572876205,26,0.1869660668862951,5,0.15731613872163336,7,0.03840699131108015
Non-classical Monocytes|pDCs|COPA|CD74,Non-classical Monocytes,pDCs,COPA,CD74,-0.05980180410766611,-0.1404935063421825,0.020889898126850256,44,0.14634649848262507,0.4918353841409741,10,0.8377573801396002,22,0.8443174424300666,5,0.8142688861411587,7,0.8806307525392911
CD8 T Cells|Non-classical Monocytes|ITGAL_ITGB2|ICAM3,CD8 T Cells,Non-classical Monocytes,ITGAL_ITGB2,ICAM3,0.15566716240499173,-0.056207123025617284,0.3675414478356007,56,0.1498633118718182,0.4942696807697855,11,0.2455375514763823,33,0.3040071582256138,5,0.49636073933472497,7,0.39916318367896475
CD8 T Cells|CD4 T Cells|TNF|ICOS,CD8 T Cells,CD4 T Cells,TNF,ICOS,0.2522121378730551,-0.09085588818831825,0.5952801639344284,42,0.1496129460233039,0.4942696807697855,7,0.07487851221656647,23,0.14119310295859847,5,0.302772491183556,7,0.11687494405253289
pDCs|NK Cells|GRN|TNFRSF1B,pDCs,NK Cells,GRN,TNFRSF1B,-0.1492487502984931,-0.352365949085902,0.05386844848891581,44,0.14982086941907713,0.4942696807697855,10,0.5590459841645364,22,0.493221369391831,5,0.4348928586829615,7,0.5183169942087491
B Cells|CD4 T Cells|MIF|TNFRSF14,B Cells,CD4 T Cells,MIF,TNFRSF14,0.1775314240155517,-0.06631543162727604,0.42137827965837943,56,0.15359675837914244,0.4988578070329491,11,0.21753932959402206,33,0.24935587306055285,5,0.32799844855036236,7,0.18228356800134146
Classical Monocytes|Non-classical Monocytes|LGALS9|HAVCR2,Classical Monocytes,Non-classical Monocytes,LGALS9,HAVCR2,-0.1389102686088492,-0.33080163508772054,0.05298109787002214,53,0.1559517814829935,0.4988578070329491,11,0.051494068303583856,30,0.19608704856213124,5,0.0,7,0.2835032488673966
Non-classical Monocytes|B Cells|MIF|CD74,Non-classical Monocytes,B Cells,MIF,CD74,0.0072087735562886834,-0.0027158674068975142,0.01713341451947488,56,0.15455594351324597,0.4988578070329491,11,0.9929025602182135,33,0.9951072837021094,5,0.9937974604476901,7,0.9887934103752973
Non-classical Monocytes|B Cells|ALOX5|ALOX5AP,Non-classical Monocytes,B Cells,ALOX5,ALOX5AP,-0.11960420868958228,-0.28455846610388363,0.04535004872471905,56,0.15528161735339266,0.4988578070329491,11,0.06348285979482206,33,0.11337407739802682,5,0.019830617899313997,7,0.18932604419210106
Non-classical Monocytes|NK Cells|LGALS9|CD47,Non-classical Monocytes,NK Cells,LGALS9,CD47,-0.2087512153203388,-0.4964739549278361,0.07897152428715848,56,0.15502309489035532,0.4988578070329491,11,0.30657875640724486,33,0.35273673427215496,5,0.10672262736363036,7,0.36163182054887927
NK Cells|CD8 T Cells|MIF|TNFRSF14,NK Cells,CD8 T Cells,MIF,TNFRSF14,0.17439945171122134,-0.06724013329140299,0.4160390367138457,56,0.15719395855206328,0.49982031132422516,11,0.17444716638929678,33,0.24137310209185214,5,0.2858598053940293,7,0.1783862893853633
Non-classical Monocytes|NK Cells|CLEC2B|KLRF1,Non-classical Monocytes,NK Cells,CLEC2B,KLRF1,-0.19854416251858903,-0.47569789271099255,0.0786095676738145,55,0.16030212072525196,0.5007083888535812,11,0.766632148332284,33,0.6130864180248741,5,0.34007557993550136,6,0.38507401214668047
NK Cells|Non-classical Monocytes|KLRF1|CLEC2B,NK Cells,Non-classical Monocytes,KLRF1,CLEC2B,-0.19854416251858903,-0.47569789271099255,0.0786095676738145,55,0.16030212072525196,0.5007083888535812,11,0.766632148332284,33,0.6130864180248741,5,0.34007557993550136,6,0.38507401214668047
B Cells|Classical Monocytes|FAM3C|LAMP1,B Cells,Classical Monocytes,FAM3C,LAMP1,-0.12021142226811973,-0.28739525465356175,0.046972410117322255,56,0.15875022121889482,0.5007083888535812,11,0.12380217367252544,33,0.17806862045852911,5,0.0,7,0.1744778690541234
Non-classical Monocytes|CD4 T Cells|MIF|TNFRSF14,Non-classical Monocytes,CD4 T Cells,MIF,TNFRSF14,0.19033421508136975,-0.07757654993669641,0.45824498009943593,56,0.1637908469992001,0.5040207547801075,11,0.2243178595391079,33,0.29108069725134156,5,0.2918454887404761,7,0.16827411137134002
pDCs|Non-classical Monocytes|SEMA4D|PLXNB2,pDCs,Non-classical Monocytes,SEMA4D,PLXNB2,0.1805952673113647,-0.07415569362573002,0.43534622824845937,37,0.16470013383090654,0.5040207547801075,7,0.07923347694484544,18,0.03817673381565642,5,0.29957196420444443,7,0.07791995376389073
pDCs|Non-classical Monocytes|COPA|CD74,pDCs,Non-classical Monocytes,COPA,CD74,0.14394599632691996,-0.05932767298193975,0.34721966563577966,43,0.16515934337427252,0.5040207547801075,10,0.8534935647205302,21,0.795280523416376,5,0.8421403276886779,7,0.6399812900576037
Non-classical Monocytes|B Cells|LGALS9|CD44,Non-classical Monocytes,B Cells,LGALS9,CD44,-0.19344320298816847,-0.46661353124958166,0.07972712527324471,56,0.16515789648259904,0.5040207547801075,11,0.3020785164129272,33,0.28973195272603874,5,0.185055345761806,7,0.366151985063086
B Cells|CD4 T Cells|FAM3C|LAMP1,B Cells,CD4 T Cells,FAM3C,LAMP1,-0.1271893363954944,-0.30723604204879407,0.05285736925780524,56,0.16618526229638186,0.5042535673107358,11,0.1242405829978002,33,0.17197574188345938,5,0.0,7,0.17492449528115359
Classical Monocytes|B Cells|COPA|CD74,Classical Monocytes,B Cells,COPA,CD74,-0.04583351519613943,-0.11175551745082736,0.0200884870585485,56,0.17297647236651736,0.5059014986527466,11,0.8927620145977335,33,0.8849801691745232,5,0.884968768551176,7,0.9230204383241051
Non-classical Monocytes|pDCs|LGALS9|SLC1A5,Non-classical Monocytes,pDCs,LGALS9,SLC1A5,-0.17193562684614744,-0.4177872188113948,0.07391596511909995,39,0.17046994196469833,0.5059014986527466,10,0.42174786702315004,18,0.3133996488089261,5,0.3425136421268708,6,0.4061010507587944
pDCs|CD4 T Cells|SELL|SELPLG,pDCs,CD4 T Cells,SELL,SELPLG,0.16244969365552492,-0.07047779980717689,0.3953771871182267,44,0.17164728768220994,0.5059014986527466,10,0.34679733788921874,22,0.44857752119502836,5,0.44129441776530565,7,0.38062490741559035
CD8 T Cells|NK Cells|SELL|SELPLG,CD8 T Cells,NK Cells,SELL,SELPLG,-0.16785364940092057,-0.407175134098133,0.07146783529629186,56,0.16923501743101654,0.5059014986527466,11,0.18049280982436397,33,0.18690715754235673,5,0.12742098475578895,7,0.3016889818747023
NK Cells|Classical Monocytes|SPN|ICAM1,NK Cells,Classical Monocytes,SPN,ICAM1,-0.16984423827018577,-0.4134378057597315,0.07374932921935995,46,0.1717589304701278,0.5059014986527466,10,0.249906103227854,24,0.22824015623734592,5,0.0024862423312288053,7,0.15066453361090648
pDCs|NK Cells|APP|CD74,pDCs,NK Cells,APP,CD74,-0.06875693986865994,-0.1677464489275619,0.030232569190242017,44,0.17339750047984914,0.5059014986527466,10,0.9048717567353506,22,0.8870829055581062,5,0.8346116997063266,7,0.8855797883977422
NK Cells|Non-classical Monocytes|ANXA1|FPR1,NK Cells,Non-classical Monocytes,ANXA1,FPR1,-0.15157968976214214,-0.3696818879053212,0.06652250838103688,55,0.17314646684011714,0.5059014986527466,10,0.40930532701580713,33,0.48253025022496115,5,0.463548425770872,7,0.6883530387421682
B Cells|NK Cells|GRN|TNFRSF1B,B Cells,NK Cells,GRN,TNFRSF1B,-0.12349757272136722,-0.3018877722703909,0.05489262682765644,54,0.1748252201830881,0.5072797372525671,10,0.012474685712031097,32,0.05739981598459854,5,0.0,7,0.16842270299393466
Classical Monocytes|Classical Monocytes|ANXA1|FPR1,Classical Monocytes,Classical Monocytes,ANXA1,FPR1,-0.0889290581828236,-0.21834369786308588,0.040485581497438694,56,0.17803939116024436,0.5137984603591834,11,0.7464320139494588,33,0.7772798415980336,5,0.752445455183119,7,0.8722223410145175
Non-classical Monocytes|CD4 T Cells|LGALS9|CD44,Non-classical Monocytes,CD4 T Cells,LGALS9,CD44,-0.12629619715634244,-0.3110488867045732,0.058456492391888326,56,0.180302728957072,0.5167470380762726,11,0.6498495411710488,33,0.6739274440814342,5,0.5439858679822408,7,0.6943599680489687
CD8 T Cells|Classical Monocytes|ANXA1|FPR1,CD8 T Cells,Classical Monocytes,ANXA1,FPR1,-0.15734501075965351,-0.3878898831934078,0.07319986167410078,56,0.181007437066265,0.5167470380762726,11,0.5223251463191406,33,0.5538095732761391,5,0.4668621067037842,7,0.6556915444204362
Classical Monocytes|CD4 T Cells|ITGAL_ITGB2|ICAM3,Classical Monocytes,CD4 T Cells,ITGAL_ITGB2,ICAM3,-0.16261141812371332,-0.4020033467932626,0.07678051054583596,53,0.18307651278283943,0.5198589748004692,10,0.5217806162604391,31,0.38025371250803025,5,0.4349741286132865,7,0.4560586429845909
Non-classical Monocytes|Non-classical Monocytes|HLA-F|LILRB2,Non-classical Monocytes,Non-classical Monocytes,HLA-F,LILRB2,-0.19744428025552135,-0.490032167314165,0.09514360680312228,56,0.18596054358560987,0.5252396204465897,11,0.24161080645571395,33,0.25696167741045983,5,0.14679076765772753,7,0.3595859188679948
NK Cells|Non-classical Monocytes|MIF|CD74,NK Cells,Non-classical Monocytes,MIF,CD74,0.009553589818189878,-0.004718762042488259,0.023825941678868014,56,0.18953511546577806,0.5325034196419479,11,0.9780709916058956,33,0.9847246993947559,5,0.9835751055967773,7,0.9806752235674477
Non-classical Monocytes|Non-classical Monocytes|GRN|TNFRSF1B,Non-classical Monocytes,Non-classical Monocytes,GRN,TNFRSF1B,-0.05625118587083522,-0.14124133180760204,0.0287389600659316,56,0.19455800523425582,0.5437384251546833,11,0.7871135421507307,33,0.8363413324853718,5,0.7373776140826902,7,0.8428565902881665
CD8 T Cells|Non-classical Monocytes|MIF|CD74,CD8 T Cells,Non-classical Monocytes,MIF,CD74,0.014145585227995139,-0.007280873730860098,0.03557204418685038,56,0.19568154716744268,0.5440151913398538,11,0.9778043378813505,33,0.9814626994786981,5,0.9867830355233982,7,0.9762958118927507
Classical Monocytes|NK Cells|ITGAL_ITGB2|ICAM3,Classical Monocytes,NK Cells,ITGAL_ITGB2,ICAM3,-0.1388982325287363,-0.35246300598326974,0.07466654092579719,53,0.202407958648675,0.5597845106377418,10,0.5211344942015208,31,0.4326204683323376,5,0.3723872343139713,7,0.42277144097352437
pDCs|CD8 T Cells|SELL|SELPLG,pDCs,CD8 T Cells,SELL,SELPLG,0.12494085130337895,-0.06777425538921844,0.31765595799597635,44,0.2038418911845028,0.5608292446578808,10,0.3973323133443617,22,0.4344650145687894,5,0.5248193062576573,7,0.437011156178706
Non-classical Monocytes|Classical Monocytes|TNFSF13B|HLA-DPB1,Non-classical Monocytes,Classical Monocytes,TNFSF13B,HLA-DPB1,-0.11929697922367011,-0.30431532668910044,0.0657213682417602,56,0.2063181306332773,0.564716120444692,11,0.5876935009018177,33,0.6147371830952385,5,0.548941079287441,7,0.6952817407045319
Classical Monocytes|Classical Monocytes|LGALS9|CD47,Classical Monocytes,Classical Monocytes,LGALS9,CD47,-0.14114286272623616,-0.36109470196487947,0.07880897651240718,56,0.20849780597440015,0.5666962279719501,11,0.2808453977038484,33,0.29773603666901516,5,0.12140514454510716,7,0.27943864623651005
Non-classical Monocytes|B Cells|COPA|CD74,Non-classical Monocytes,B Cells,COPA,CD74,-0.03753065578626713,-0.09610424828914671,0.021042936716612455,56,0.20917600881827159,0.5666962279719501,11,0.8577669637425228,33,0.8692260740350289,5,0.8641895305703885,7,0.9131792966491618
Non-classical Monocytes|Non-classical Monocytes|MIF|CD74,Non-classical Monocytes,Non-classical Monocytes,MIF,CD74,0.012809061126798027,-0.007374718691928878,0.03299284094552493,56,0.2135601735805277,0.567002260856301,11,0.9706143605230334,33,0.9744942386605003,5,0.9801604729799621,7,0.971231289990631
B Cells|NK Cells|ALOX5|ALOX5AP,B Cells,NK Cells,ALOX5,ALOX5AP,-0.21084525736998266,-0.543075073226017,0.12138455848605173,50,0.21354917420730124,0.567002260856301,11,0.4808196097847523,27,0.3641690521134405,5,0.16280336107012372,7,0.25699806076879456
Classical Monocytes|B Cells|TNFSF13B|HLA-DPB1,Classical Monocytes,B Cells,TNFSF13B,HLA-DPB1,-0.012818496005292168,-0.03288301130024336,0.007246019289659029,56,0.21051507185118556,0.567002260856301,11,0.9610432798431566,33,0.9685832160021398,5,0.9553331703624492,7,0.9756916025267246
CD4 T Cells|Classical Monocytes|CD28|CD86,CD4 T Cells,Classical Monocytes,CD28,CD86,-0.06858240527221413,-0.17638126917620006,0.0392164586317718,56,0.21241837955264287,0.567002260856301,11,0.019809777818712616,33,0.02808652491049093,5,0.0,7,0.07685915236399243
Non-classical Monocytes|B Cells|MIF|TNFRSF14,Non-classical Monocytes,B Cells,MIF,TNFRSF14,0.11495044420257275,-0.06714316328972111,0.2970440516948666,56,0.2159873243435545,0.5705933792359574,11,0.3376415989985189,33,0.33250214558814584,5,0.32998670181823125,7,0.20989680420528542
Classical Monocytes|Classical Monocytes|CD99|PILRA,Classical Monocytes,Classical Monocytes,CD99,PILRA,0.13039899124197696,-0.07705430927277138,0.33785229175672526,56,0.21795833918680185,0.5729498916247119,11,0.2401890058604379,33,0.3071459500585738,5,0.19540368166000271,7,0.13196163461616167
CD4 T Cells|Non-classical Monocytes|SEMA4D|PLXNB2,CD4 T Cells,Non-classical Monocytes,SEMA4D,PLXNB2,0.03598087859985591,-0.022006655437950967,0.09396841263766278,55,0.22392984456783382,0.5857475244606885,11,0.0,32,0.010570444656508075,5,0.025410433943347834,7,0.0
pDCs|Non-classical Monocytes|APP|CD74,pDCs,Non-classical Monocytes,APP,CD74,-0.013674621527483444,-0.0358262492665692,0.00847700621160231,44,0.22630840942146724,0.5861939775746298,10,0.9936065859339458,22,0.9783462881852182,5,0.996709901291678,7,0.9951242250704339
Classical Monocytes|pDCs|MIF|TNFRSF14,Classical Monocytes,pDCs,MIF,TNFRSF14,-0.14924367481015294,-0.3906656559893491,0.09217830636904323,44,0.22565703959322458,0.5861939775746298,10,0.2636179260101997,22,0.2803908809890285,5,0.0867072967117799,7,0.25272392650076164
pDCs|CD8 T Cells|LGALS9|CD44,pDCs,CD8 T Cells,LGALS9,CD44,-0.1720184141877532,-0.45368815685588326,0.10965132848037684,43,0.23131871222306177,0.5958015195212515,10,0.4250728428641704,21,0.24050339512547397,5,0.35737446017796926,7,0.34482342662702603
CD8 T Cells|Non-classical Monocytes|LTB|LTBR,CD8 T Cells,Non-classical Monocytes,LTB,LTBR,-0.15187990047697397,-0.40167612316741813,0.09791632221347019,56,0.23338364606482165,0.5958015195212515,11,0.2708269020577641,33,0.17081974060036934,5,0.3752421832342264,7,0.42711492225380565
Non-classical Monocytes|Non-classical Monocytes|LGALS9|CD47,Non-classical Monocytes,Non-classical Monocytes,LGALS9,CD47,-0.19551598996560898,-0.5167786105836473,0.1257466306524293,56,0.2329449728468591,0.5958015195212515,11,0.3294538670923305,33,0.3323716358661122,5,0.16164395775221346,7,0.36007771649160414
pDCs|Non-classical Monocytes|HLA-F|LILRB2,pDCs,Non-classical Monocytes,HLA-F,LILRB2,0.1563703540996817,-0.10181393709241476,0.41455464529177816,44,0.23520392779668509,0.5962847786027037,10,0.2396020235624457,22,0.2689760933580177,5,0.41993812592226576,7,0.29294184161815606
CD4 T Cells|Classical Monocytes|SPN|ICAM1,CD4 T Cells,Classical Monocytes,SPN,ICAM1,0.11616668422766477,-0.07588902482444701,0.3082223932797765,46,0.23581883899541956,0.5962847786027037,10,0.05867985666496654,24,0.07959156257888413,5,0.09834647775064924,7,0.00309149943690206
NK Cells|NK Cells|ITGAL_ITGB2|ICAM3,NK Cells,NK Cells,ITGAL_ITGB2,ICAM3,0.11520427973193048,-0.07728714910165904,0.30769570856552,56,0.24078790362537628,0.6031055510616736,11,0.10839709323363626,33,0.14797347102269426,5,0.28484767034317376,7,0.20921976840030126
pDCs|Non-classical Monocytes|LGALS9|LRP1,pDCs,Non-classical Monocytes,LGALS9,LRP1,0.16545656489066524,-0.11094635277575776,0.44185948255708823,43,0.24069674861291301,0.6031055510616736,10,0.009794913133032278,21,0.242300770344943,5,0.11695557094009372,7,0.1840048632613392
NK Cells|NK Cells|SELL|SELPLG,NK Cells,NK Cells,SELL,SELPLG,0.16540595498576874,-0.11531876115219372,0.44613067112373117,56,0.24815947932327986,0.6157602033675776,11,0.31216932515378965,33,0.2787566370235294,5,0.3988252388037973,7,0.20000659568776827
Classical Monocytes|Non-classical Monocytes|MIF|CD74,Classical Monocytes,Non-classical Monocytes,MIF,CD74,0.03954950579469818,-0.027555069982910838,0.1066540815723072,56,0.2480304930993229,0.6157602033675776,11,0.9588758120506182,33,0.9645030782969473,5,0.9475571936699463,7,0.9136349541215771
pDCs|pDCs|COPA|CD74,pDCs,pDCs,COPA,CD74,0.10970696020208426,-0.07748185451831793,0.2968957749224864,43,0.25068433480463803,0.6191320082849432,10,0.9174490449146298,21,0.8642710033742408,5,0.8679181649597763,7,0.705033163217303
pDCs|Classical Monocytes|LGALS9|CD44,pDCs,Classical Monocytes,LGALS9,CD44,-0.14767505559825989,-0.4017402313136981,0.10639012011717836,43,0.25460867979799273,0.6200113176953492,10,0.41881209416234977,21,0.5185876393981209,5,0.36733844875156574,7,0.6147890495855968
CD8 T Cells|Non-classical Monocytes|ITGAL_ITGB2|ICAM1,CD8 T Cells,Non-classical Monocytes,ITGAL_ITGB2,ICAM1,0.1127826429618797,-0.0813973252885501,0.3069626112123095,47,0.2549632903580903,0.6200113176953492,9,0.0024289512562453274,26,0.08823190194216066,5,0.10968185580952325,7,0.08270216353355887
B Cells|pDCs|ALOX5|ALOX5AP,B Cells,pDCs,ALOX5,ALOX5AP,-0.15468763137684494,-0.42040438306499867,0.1110291203113088,40,0.25387090545261315,0.6200113176953492,10,0.4722241504915335,18,0.43096508616292933,5,0.3590289719572417,7,0.4724575390054825
pDCs|Non-classical Monocytes|TNFSF13B|TFRC,pDCs,Non-classical Monocytes,TNFSF13B,TFRC,0.19132604383656296,-0.13941324292717264,0.5220653306002986,37,0.2568785120395044,0.6200113176953492,8,0.01637413677190594,17,0.14852002688623187,5,0.18281573248825445,7,0.12363557876601741
Non-classical Monocytes|CD8 T Cells|COPA|CD74,Non-classical Monocytes,CD8 T Cells,COPA,CD74,-0.1274827135139825,-0.3473620693540108,0.0923966423260458,56,0.25580702830014124,0.6200113176953492,11,0.3402788594712266,33,0.38543334098874676,5,0.32462390230708243,7,0.4972610973385851
Non-classical Monocytes|Classical Monocytes|GRN|TNFRSF1B,Non-classical Monocytes,Classical Monocytes,GRN,TNFRSF1B,0.07843280461201674,-0.05769172302059769,0.21455733224463117,56,0.25877116711451353,0.6217533472298945,11,0.5901048756424757,33,0.7443409182882026,5,0.6579611570312528,7,0.7337643950649629
pDCs|Non-classical Monocytes|TNFSF13B|HLA-DPB1,pDCs,Non-classical Monocytes,TNFSF13B,HLA-DPB1,-0.09739066561819931,-0.26712840706044116,0.07234707582404254,43,0.2607707299050953,0.6228830332211166,10,0.7428503661493163,21,0.7209556521655959,5,0.7955662702435651,7,0.8710622218780439
Non-classical Monocytes|CD8 T Cells|MIF|TNFRSF14,Non-classical Monocytes,CD8 T Cells,MIF,TNFRSF14,0.14599192841603922,-0.10888685557981856,0.400870712411897,56,0.261587413198322,0.6228830332211166,11,0.28192508634340807,33,0.268347461256194,5,0.33351860368973235,7,0.17394905018647908
CD4 T Cells|B Cells|MIF|CD74,CD4 T Cells,B Cells,MIF,CD74,0.0012967677749008422,-0.0009762747907008629,0.0035698103405025472,56,0.2635000059271577,0.6246361747648248,11,0.999428358390833,33,0.9997159487205705,5,0.9991432629189386,7,0.9981340854737752
Classical Monocytes|CD8 T Cells|LGALS9|CD47,Classical Monocytes,CD8 T Cells,LGALS9,CD47,-0.11801939736024225,-0.32781916241558307,0.09178036769509859,56,0.27022462738984954,0.6264686784919403,11,0.3611431034973513,33,0.21424092473416365,5,0.32752670597243927,7,0.2986439245694939
CD8 T Cells|pDCs|SELL|SELPLG,CD8 T Cells,pDCs,SELL,SELPLG,-0.11445515530377501,-0.31882822193852,0.08991791133096999,44,0.2723618699996859,0.6264686784919403,10,0.2562758592177373,22,0.20830789465036473,5,0.19660256148453806,7,0.2630897522209405
Non-classical Monocytes|Non-classical Monocytes|SEMA4D|PLXNB2,Non-classical Monocytes,Non-classical Monocytes,SEMA4D,PLXNB2,0.18990061782823026,-0.14873386825798057,0.528535103914441,55,0.27171774256624226,0.6264686784919403,10,0.07536179362215467,33,0.05196153489714203,5,0.3093632983889044,7,0.09606242183566151
CD4 T Cells|Classical Monocytes|SELL|SELPLG,CD4 T Cells,Classical Monocytes,SELL,SELPLG,-0.1251426171319568,-0.34770265263673233,0.09741741837281875,56,0.2704345919813187,0.6264686784919403,11,0.43914343821844315,33,0.3211724030336962,5,0.37816673010664986,7,0.3853383120538597
Classical Monocytes|CD8 T Cells|MIF|CD74,Classical Monocytes,CD8 T Cells,MIF,CD74,0.1491784049934749,-0.11531975929982341,0.4136765692867732,56,0.2689731544071513,0.6264686784919403,11,0.6478536409731547,33,0.7856634377965415,5,0.6667401847161141,7,0.655371576546026
pDCs|B Cells|PTPRC|CD22,pDCs,B Cells,PTPRC,CD22,-0.13389637661756087,-0.37075654520065715,0.10296379196553543,44,0.26787820968851206,0.6264686784919403,10,0.22340360333550344,22,0.232916568241155,5,0.0989949520333194,7,0.24240429355653184
pDCs|CD8 T Cells|TNFSF13B|HLA-DPB1,pDCs,CD8 T Cells,TNFSF13B,HLA-DPB1,0.1497022879240268,-0.11770327739162767,0.41710785323968125,43,0.27253157199931866,0.6264686784919403,10,0.24553700576324627,21,0.4388542624879716,5,0.3787613515233026,7,0.42237632032400113
CD8 T Cells|NK Cells|ITGAL_ITGB2|ICAM3,CD8 T Cells,NK Cells,ITGAL_ITGB2,ICAM3,0.1059640365831046,-0.08559384344805307,0.2975219166142623,56,0.2782792746581362,0.6295841878599816,11,0.23071470818057208,33,0.2249786541874764,5,0.5035993927443204,7,0.39189930216812013
CD8 T Cells|Non-classical Monocytes|SELL|SELPLG,CD8 T Cells,Non-classical Monocytes,SELL,SELPLG,0.1284520448539154,-0.10222714682117137,0.35913123652900214,56,0.27510051250160217,0.6295841878599816,11,0.20577077967893517,33,0.1842739202550731,5,0.3423757785279628,7,0.19242687425018534
Classical Monocytes|Classical Monocytes|APP|CD74,Classical Monocytes,Classical Monocytes,APP,CD74,-0.08104339386199089,-0.22790247726146784,0.06581568953748607,55,0.27943227644694346,0.6295841878599816,11,0.546923519759705,32,0.5357266835450641,5,0.6087553523051812,7,0.6786019099525312
Classical Monocytes|Non-classical Monocytes|TNFSF13B|TFRC,Classical Monocytes,Non-classical Monocytes,TNFSF13B,TFRC,-0.14855185590689796,-0.41795776903872367,0.12085405722492776,44,0.27981519460443627,0.6295841878599816,9,0.46527414835317477,23,0.3784000239227294,5,0.3337342956153001,7,0.3954120270917527
Non-classical Monocytes|Classical Monocytes|CD1D|LILRB2,Non-classical Monocytes,Classical Monocytes,CD1D,LILRB2,-0.0813107474380948,-0.227881785416735,0.06526029054054541,51,0.2769059156583221,0.6295841878599816,9,0.034612792263304965,30,0.053683702021116345,5,0.0,7,0.10038165719590618
CD4 T Cells|CD8 T Cells|SIRPG|CD47,CD4 T Cells,CD8 T Cells,SIRPG,CD47,-0.11941854431358502,-0.3368455355686696,0.09800844694149956,53,0.28171215070241973,0.6309132278774809,11,0.09025496857188163,30,0.151045962867386,5,0.0,7,0.1802095386090894
CD4 T Cells|Non-classical Monocytes|MIF|CD74,CD4 T Cells,Non-classical Monocytes,MIF,CD74,0.006358009814179777,-0.005243873147069663,0.01795989277542922,56,0.28278220006561294,0.6309132278774809,11,0.9814388978620183,33,0.9872565552453934,5,0.9878986544125912,7,0.9873583019817864
NK Cells|B Cells|MIF|CD74,NK Cells,B Cells,MIF,CD74,0.003041567684170521,-0.002524043729502849,0.00860717909784389,56,0.28412150099753875,0.6312490252288413,11,0.9974556941827636,33,0.9990832498143173,5,0.9973261774541793,7,0.9959121654015625
pDCs|CD8 T Cells|APP|CD74,pDCs,CD8 T Cells,APP,CD74,-0.048566469675966895,-0.1386489978180352,0.041516058466101416,44,0.29065701926019993,0.6322964661578238,10,0.9035744748112856,22,0.8962896538504875,5,0.8779412260007649,7,0.9192228747159337
Classical Monocytes|Non-classical Monocytes|COPA|CD74,Classical Monocytes,Non-classical Monocytes,COPA,CD74,-0.05099910875070457,-0.14527913538024068,0.043280917878831524,56,0.2890500889033131,0.6322964661578238,11,0.7857177659059378,33,0.7710685434155471,5,0.8256706680319864,7,0.8620205542923003
Classical Monocytes|CD8 T Cells|TNFSF13B|HLA-DPB1,Classical Monocytes,CD8 T Cells,TNFSF13B,HLA-DPB1,-0.13849009814591218,-0.3931105272348695,0.11613033094304515,56,0.28640548522253495,0.6322964661578238,11,0.5513790004038376,33,0.7308253031793407,5,0.3601752558446131,7,0.6781116567660284
Non-classical Monocytes|B Cells|ITGAL_ITGB2|ICAM3,Non-classical Monocytes,B Cells,ITGAL_ITGB2,ICAM3,0.12632932514106465,-0.10697229335543243,0.35963094363756176,56,0.28855763666454004,0.6322964661578238,11,0.2889896287992292,33,0.30131087397376377,5,0.42659442138658576,7,0.3125863414200557
Classical Monocytes|B Cells|LGALS9|CD44,Classical Monocytes,B Cells,LGALS9,CD44,0.1208602587758234,-0.1030425455670051,0.3447630631186519,56,0.2900705360355246,0.6322964661578238,11,0.15949249016176753,33,0.15174460657195865,5,0.38458460354249907,7,0.2559764611768668
B Cells|NK Cells|MIF|TNFRSF14,B Cells,NK Cells,MIF,TNFRSF14,0.12132843529489848,-0.10421969850851803,0.346876569098315,56,0.2917375408826117,0.6322964661578238,11,0.25087820203139305,33,0.23970564593949417,5,0.334909783033027,7,0.20240879164622963
pDCs|Non-classical Monocytes|LGALS9|CD47,pDCs,Non-classical Monocytes,LGALS9,CD47,-0.1505078007724095,-0.4347103285824428,0.1336947270376238,43,0.2992902945638386,0.6427629218109466,10,0.3587305540329465,21,0.21371011510756874,5,0.3179136268520573,7,0.32340098869908906
Classical Monocytes|pDCs|HBEGF|CD44,Classical Monocytes,pDCs,HBEGF,CD44,-0.14870917307226245,-0.4289407151919731,0.13152236904744818,41,0.29830041207115277,0.6427629218109466,9,0.3881123794602737,20,0.2674662340221837,5,0.3589879803004869,7,0.38705100793465935
Classical Monocytes|NK Cells|LGALS9|CD47,Classical Monocytes,NK Cells,LGALS9,CD47,0.12805859918892978,-0.11420796090003171,0.3703251592778913,56,0.3001981254408941,0.6427629218109466,11,0.16060997318619277,33,0.22992980436004423,5,0.31883698601840127,7,0.26009821800332295
Non-classical Monocytes|Classical Monocytes|ALOX5|ALOX5AP,Non-classical Monocytes,Classical Monocytes,ALOX5,ALOX5AP,0.13382454963871673,-0.12068948124148335,0.3883385805189168,56,0.30274845936656547,0.6456202085286998,11,0.05678577016167254,33,0.20306449904968932,5,0.14004443743479805,7,0.1524986166840981
B Cells|Non-classical Monocytes|FCER2|ITGAX_ITGB2,B Cells,Non-classical Monocytes,FCER2,ITGAX_ITGB2,-0.1369657888901854,-0.39861249750150196,0.12468091972113116,55,0.3048943038218621,0.6475955013176352,11,0.48545042930317855,33,0.24404070541427872,5,0.4115654907419707,6,0.3071215557432563
CD8 T Cells|Non-classical Monocytes|SPN|ICAM1,CD8 T Cells,Non-classical Monocytes,SPN,ICAM1,0.08988325528941218,-0.08389865686625989,0.2636651674450843,47,0.3107115901900831,0.6476854470457221,9,0.04144032600635658,26,0.10832180357453755,5,0.07845990690087627,7,0.05545812917964505
Classical Monocytes|pDCs|LGALS9|CD44,Classical Monocytes,pDCs,LGALS9,CD44,0.10844675354502412,-0.10062812648808622,0.31752163357813445,44,0.3093296230674867,0.6476854470457221,10,0.202986996939496,22,0.27143415071105964,5,0.2442340366347297,7,0.20423443686126921
NK Cells|pDCs|MIF|TNFRSF14,NK Cells,pDCs,MIF,TNFRSF14,0.1571519861812212,-0.14842859681605244,0.4627325691784948,44,0.31347487738371105,0.6476854470457221,10,0.38544049816439346,22,0.3577225811415461,5,0.2970321912614941,7,0.11216228805742554
Classical Monocytes|pDCs|APP|CD74,Classical Monocytes,pDCs,APP,CD74,-0.05232343583451027,-0.15375372016363625,0.04910684849461572,44,0.3119879659558338,0.6476854470457221,10,0.8195256771265054,22,0.8139347539495265,5,0.8128428594509784,7,0.8595753721085099
pDCs|CD4 T Cells|COPA|CD74,pDCs,CD4 T Cells,COPA,CD74,0.1093189182832946,-0.10177363546487048,0.3204114720314597,43,0.31010085818030275,0.6476854470457221,10,0.3411747239636328,21,0.391079625892422,5,0.3935624819787361,7,0.33414846562423073
B Cells|Classical Monocytes|CD99|PILRA,B Cells,Classical Monocytes,CD99,PILRA,-0.1377743418674926,-0.40531867607292105,0.12976999233793585,56,0.3128303293720375,0.6476854470457221,11,0.29454830184343,33,0.2558687748539132,5,0.22752806999590075,7,0.32662288487387653
Non-classical Monocytes|pDCs|ITGAL_ITGB2|ICAM3,Non-classical Monocytes,pDCs,ITGAL_ITGB2,ICAM3,-0.14561583969711078,-0.4249058132091932,0.13367413381497162,44,0.3068360669007377,0.6476854470457221,10,0.17732140121367923,22,0.2283792671037346,5,0.09341075081802545,7,0.2900844564051916
Classical Monocytes|pDCs|ITGAL_ITGB2|ICAM3,Classical Monocytes,pDCs,ITGAL_ITGB2,ICAM3,-0.10575382435016584,-0.31233725426915565,0.10082960556882398,43,0.3156962161440231,0.6497468634592103,10,0.09073779329863554,21,0.17628649204703567,5,0.028756261769432225,7,0.22005878486799818
Non-classical Monocytes|NK Cells|ALOX5|ALOX5AP,Non-classical Monocytes,NK Cells,ALOX5,ALOX5AP,-0.1331031441895543,-0.3939881797064061,0.12778189132729748,55,0.31732472974781123,0.6505769555833505,11,0.4046448631996362,32,0.32386446835660165,5,0.21000974985624135,7,0.2623324992027611
CD8 T Cells|NK Cells|CLEC2D|KLRB1,CD8 T Cells,NK Cells,CLEC2D,KLRB1,0.10175171037092495,-0.09970642307549377,0.30320984381734367,55,0.32220775822736725,0.6580473831489693,11,0.7291845920044913,32,0.6862750038187223,5,0.46991271114941996,7,0.32525141259272605
pDCs|pDCs|LGALS9|SLC1A5,pDCs,pDCs,LGALS9,SLC1A5,-0.131429014993878,-0.39499617807374493,0.13213814808598895,39,0.32839821876388076,0.6655704357390102,10,0.04461309935532896,18,0.16822753391839848,5,0.0,6,0.2550434495569475
Classical Monocytes|Classical Monocytes|MIF|TNFRSF14,Classical Monocytes,Classical Monocytes,MIF,TNFRSF14,-0.14371259331725977,-0.43138691132407286,0.14396172468955332,56,0.3275141152554232,0.6655704357390102,11,0.2377428236174694,33,0.3059805946770019,5,0.06622289731606756,7,0.27817326169285983
pDCs|Non-classical Monocytes|LTB|LTBR,pDCs,Non-classical Monocytes,LTB,LTBR,-0.11075734596614845,-0.3370642875519467,0.11554959561964978,44,0.33744288702151826,0.6813010380548524,10,0.4307724159477284,22,0.4169832313677958,5,0.38075499821106507,7,0.4777231595972809
pDCs|pDCs|APP|CD74,pDCs,pDCs,APP,CD74,-0.0172505732088698,-0.05298309928060038,0.01848195286286078,44,0.34404107697551023,0.6887128402375197,10,0.9998597119602698,22,0.9813882946100989,5,0.9993008033791032,7,0.998079959237802
Non-classical Monocytes|Non-classical Monocytes|TNFSF13B|TFRC,Non-classical Monocytes,Non-classical Monocytes,TNFSF13B,TFRC,-0.14224491573391657,-0.43747768111348606,0.15298784964565293,44,0.34500492561804186,0.6887128402375197,9,0.30269118531813116,23,0.35588856754701026,5,0.23074798439416683,7,0.4261902823569625
Classical Monocytes|CD4 T Cells|LGALS9|CD44,Classical Monocytes,CD4 T Cells,LGALS9,CD44,-0.11560809752363377,-0.3544309476895914,0.12321475264232387,56,0.342738131468064,0.6887128402375197,11,0.4055316627118122,33,0.5012521285673781,5,0.3034906207395046,7,0.5148191841187043
Non-classical Monocytes|CD4 T Cells|ALOX5|ALOX5AP,Non-classical Monocytes,CD4 T Cells,ALOX5,ALOX5AP,-0.12114820054501252,-0.3734364052901666,0.13114000420014155,56,0.34661770685788085,0.6893408327398304,11,0.19450075067117617,33,0.23546248473199635,5,0.20210748118786026,7,0.364217415793693
Classical Monocytes|Classical Monocytes|LGALS9|LRP1,Classical Monocytes,Classical Monocytes,LGALS9,LRP1,-0.11261596293183376,-0.3489884698851089,0.1237565440214414,56,0.35041015928455066,0.6929794767328684,11,0.20003087242208287,33,0.3500771435363869,5,0.04357564413849224,7,0.30623787818463005
Non-classical Monocytes|CD8 T Cells|LGALS9|CD47,Non-classical Monocytes,CD8 T Cells,LGALS9,CD47,-0.11783260386363091,-0.3654869670081362,0.12982175928087442,56,0.3510573997008316,0.6929794767328684,11,0.17194376401842357,33,0.26724854048979685,5,0.08456663236895971,7,0.2977040127039639
Non-classical Monocytes|Non-classical Monocytes|GRN|TNFRSF1A,Non-classical Monocytes,Non-classical Monocytes,GRN,TNFRSF1A,0.10540536747006507,-0.11889919958529968,0.32970993452542985,56,0.35703595473481464,0.7021707109784688,11,0.33346441952982286,33,0.50904893971651,5,0.4275589381444057,7,0.49773809086102777
Non-classical Monocytes|Non-classical Monocytes|COPA|CD74,Non-classical Monocytes,Non-classical Monocytes,COPA,CD74,-0.041683802704621575,-0.13146985414381004,0.048102248734566894,56,0.36286101179663643,0.7083794017059336,11,0.7224473193989032,33,0.7397583204109853,5,0.786763367302866,7,0.8457581710195697
NK Cells|Non-classical Monocytes|SEMA4D|PLXNB2,NK Cells,Non-classical Monocytes,SEMA4D,PLXNB2,0.04462425880389603,-0.05145819909469865,0.14070671670249071,54,0.36267486155615514,0.7083794017059336,10,0.0,32,0.014866909887523476,5,0.05607481481932917,7,0.026317465902956614
Non-classical Monocytes|CD8 T Cells|SELL|SELPLG,Non-classical Monocytes,CD8 T Cells,SELL,SELPLG,-0.08520350585914337,-0.26996777297528274,0.09956076125699599,56,0.36608464648123373,0.7094560119764056,11,0.11780927756213976,33,0.19975242696235748,5,0.0,7,0.1671466552593611
CD4 T Cells|CD8 T Cells|SELL|SELPLG,CD4 T Cells,CD8 T Cells,SELL,SELPLG,-0.14919841510130974,-0.4724697991228325,0.17407296892021304,56,0.36569007979291546,0.7094560119764056,11,0.35672575787452554,33,0.33256786463358967,5,0.20303590110212175,7,0.3280764229624956
B Cells|Non-classical Monocytes|MIF|CD74,B Cells,Non-classical Monocytes,MIF,CD74,0.015288672305208695,-0.018103662915044172,0.04868100752546156,56,0.36952203867569355,0.7109282700608452,11,0.973734573713185,33,0.9779932044027777,5,0.9803183162820046,7,0.9692882746663887
Non-classical Monocytes|NK Cells|GRN|TNFRSF1B,Non-classical Monocytes,NK Cells,GRN,TNFRSF1B,0.09053787396224139,-0.10715520470271828,0.28823095262720105,56,0.3693943479231381,0.7109282700608452,11,0.317029584792849,33,0.5591490344427036,5,0.3930957160684234,7,0.5446772917560366
Classical Monocytes|Classical Monocytes|ITGAM_ITGB2|ICAM1,Classical Monocytes,Classical Monocytes,ITGAM_ITGB2,ICAM1,-0.06926503802196556,-0.22282275566370158,0.08429267961977045,46,0.37665417857617134,0.7186821989427769,10,0.0597807123279729,24,0.11241083183340377,5,0.0,7,0.12189515752739642
NK Cells|CD4 T Cells|ITGAL_ITGB2|ICAM3,NK Cells,CD4 T Cells,ITGAL_ITGB2,ICAM3,0.09781563628095719,-0.12009128294977703,0.31572255551169137,56,0.3789661312692608,0.7186821989427769,11,0.10214291989317292,33,0.17289417482621536,5,0.23845346555951047,7,0.21138908421159572
Non-classical Monocytes|CD8 T Cells|GRN|TNFRSF1B,Non-classical Monocytes,CD8 T Cells,GRN,TNFRSF1B,0.1012334218939388,-0.12419431075915155,0.32666115454702915,56,0.37876930469269565,0.7186821989427769,11,0.34545358157505324,33,0.5344819726071409,5,0.3458091744476099,7,0.4336041435857588
B Cells|B Cells|MIF|CD74,B Cells,B Cells,MIF,CD74,0.005048172840177667,-0.006182861249715175,0.01627920693007051,56,0.3783324744665125,0.7186821989427769,11,0.9941190690310419,33,0.9969496455593112,5,0.9942146662390788,7,0.9919970699271705
Non-classical Monocytes|CD8 T Cells|MIF|CD74,Non-classical Monocytes,CD8 T Cells,MIF,CD74,0.08133143276444499,-0.10079322505208979,0.26345609058097974,56,0.3814317034033269,0.720783752694543,11,0.7049663014237499,33,0.8211496276786868,5,0.751016263186876,7,0.7858681566773679
Classical Monocytes|CD8 T Cells|APP|CD74,Classical Monocytes,CD8 T Cells,APP,CD74,-0.10001103223062086,-0.32709351550977306,0.12707145104853138,55,0.38802649295142355,0.7219902375989384,11,0.3354181403592431,32,0.32617017680304067,5,0.3414406879946875,7,0.43220375666910593
Non-classical Monocytes|Non-classical Monocytes|MIF|TNFRSF14,Non-classical Monocytes,Non-classical Monocytes,MIF,TNFRSF14,0.1360533032941022,-0.17431860318960563,0.44642520977781003,56,0.39025145346482304,0.7219902375989384,11,0.1336985101475663,33,0.20039746735130629,5,0.2683039637720947,7,0.19894961768173247
Non-classical Monocytes|Classical Monocytes|ITGAX_ITGB2|ICAM1,Non-classical Monocytes,Classical Monocytes,ITGAX_ITGB2,ICAM1,0.09368539388605589,-0.11796818657932369,0.3053389743514355,46,0.38564089887902986,0.7219902375989384,10,0.04813242616448503,24,0.05737346158454065,5,0.08444435846600026,7,0.0
Non-classical Monocytes|Classical Monocytes|GRN|TNFRSF1A,Non-classical Monocytes,Classical Monocytes,GRN,TNFRSF1A,-0.0907830412468722,-0.29684704232900777,0.11528095983526337,56,0.38787535105809345,0.7219902375989384,11,0.32731702389904105,33,0.43546507307184174,5,0.3736950155628855,7,0.5726261059825584
Classical Monocytes|pDCs|LGALS9|SLC1A5,Classical Monocytes,pDCs,LGALS9,SLC1A5,-0.10704128781491792,-0.3526236108606963,0.13854103523086048,39,0.39294760577418686,0.7219902375989384,10,0.1644603736286172,18,0.2965550376313687,5,0.0296365882867756,6,0.268772540104445
B Cells|CD8 T Cells|MIF|CD74,B Cells,CD8 T Cells,MIF,CD74,0.07678046052835008,-0.09676623500105169,0.25032715605775185,56,0.38587270649516847,0.7219902375989384,11,0.7196340333339024,33,0.8421881224644034,5,0.7556266084900851,7,0.8014002370922361
CD8 T Cells|CD8 T Cells|ITGAL_ITGB2|ICAM3,CD8 T Cells,CD8 T Cells,ITGAL_ITGB2,ICAM3,0.09341090050385592,-0.11945830666573351,0.3062801076734454,56,0.3897515401516971,0.7219902375989384,11,0.2418332467210485,33,0.21169892474184895,5,0.5477331779650167,7,0.42418795548196125
CD8 T Cells|CD8 T Cells|MIF|CD74,CD8 T Cells,CD8 T Cells,MIF,CD74,0.07759883189689276,-0.1000097406560429,0.2552074044498284,56,0.3918172431614346,0.7219902375989384,11,0.7609032049520618,33,0.864895085606872,5,0.7920341278168337,7,0.8184271765747512
NK Cells|Classical Monocytes|ANXA1|FPR1,NK Cells,Classical Monocytes,ANXA1,FPR1,-0.11206967310154647,-0.3725504953131986,0.14841114911010567,56,0.3990841971563407,0.7223263140412627,11,0.3948417576583102,33,0.4888691389360781,5,0.5404707198463432,7,0.7465677742256576
CD8 T Cells|pDCs|MIF|TNFRSF14,CD8 T Cells,pDCs,MIF,TNFRSF14,0.11976439201803302,-0.1631989453495607,0.40272772938562673,44,0.40678994117843026,0.7223263140412627,10,0.377135081434282,22,0.33656549598466745,5,0.33521251100393296,7,0.1748785335362854
Non-classical Monocytes|Non-classical Monocytes|TNFSF13B|HLA-DPB1,Non-classical Monocytes,Non-classical Monocytes,TNFSF13B,HLA-DPB1,-0.022183463928662772,-0.07392099125785842,0.02955406340053287,56,0.40069961541763577,0.7223263140412627,11,0.8813092491238624,33,0.8819570828176087,5,0.9175824196604012,7,0.9404137172828102
Classical Monocytes|CD4 T Cells|TNFSF13B|HLA-DPB1,Classical Monocytes,CD4 T Cells,TNFSF13B,HLA-DPB1,-0.11658879791228935,-0.40064972653781683,0.16747213071323816,56,0.4211431690861177,0.7223263140412627,11,0.2826501715759609,33,0.3958114160204629,5,0.1990606810214631,7,0.42881072337825443
pDCs|B Cells|APP|CD74,pDCs,B Cells,APP,CD74,-0.0031945803789992233,-0.010561696782680208,0.00417253602468176,44,0.39538443983541316,0.7223263140412627,10,0.9999592758155529,22,0.9961351370959822,5,0.999939734135384,7,0.9993101757948126
Classical Monocytes|B Cells|HBEGF|CD44,Classical Monocytes,B Cells,HBEGF,CD44,-0.11888033716817231,-0.40726689381781794,0.16950621948147332,50,0.41912084162813046,0.7223263140412627,10,0.41360458676731576,28,0.2000666693137703,5,0.3835128403744635,7,0.2888552600890903
CD8 T Cells|pDCs|MIF|CD74,CD8 T Cells,pDCs,MIF,CD74,0.006019096040061234,-0.008641682388559878,0.020679874468682344,44,0.42100529792319474,0.7223263140412627,10,0.9965298232216702,22,0.995490583703596,5,0.9943285352012732,7,0.9872701996431378
Classical Monocytes|B Cells|MIF|CD74,Classical Monocytes,B Cells,MIF,CD74,0.015088147379208494,-0.0211442783803297,0.05132057313874669,56,0.4143964962715244,0.7223263140412627,11,0.9840467692260021,33,0.9895431359474124,5,0.9672778893399936,7,0.9576861086821954
Classical Monocytes|B Cells|LGALS9|CD47,Classical Monocytes,B Cells,LGALS9,CD47,-0.08779654939096776,-0.2960789137154909,0.1204858149335554,56,0.40870375903611933,0.7223263140412627,11,0.3832606271660286,33,0.18586572678023366,5,0.29106209275688955,7,0.18146374176206237
CD4 T Cells|CD4 T Cells|SELL|SELPLG,CD4 T Cells,CD4 T Cells,SELL,SELPLG,-0.11576826978933658,-0.3854032708293172,0.15386673125064404,56,0.40006002234411653,0.7223263140412627,11,0.4219575862494681,33,0.37732345834048103,5,0.35141065964967116,7,0.42254480153002066
pDCs|Classical Monocytes|COPA|CD74,pDCs,Classical Monocytes,COPA,CD74,0.10045317790467045,-0.1472244651523258,0.3481308209616667,43,0.42665839814519557,0.7223263140412627,10,0.7783241663543154,21,0.6607106170830257,5,0.7066320852299898,7,0.48856535805402956
B Cells|Non-classical Monocytes|GRN|TNFRSF1A,B Cells,Non-classical Monocytes,GRN,TNFRSF1A,0.12028799472625892,-0.1713769672186303,0.4119529566711482,54,0.4189034018398875,0.7223263140412627,10,0.0038554489486910424,32,0.08310396109656219,5,0.17827448868144669,7,0.13723500610305892
NK Cells|pDCs|KLRF1|CLEC2B,NK Cells,pDCs,KLRF1,CLEC2B,0.09044469031978625,-0.13144743686149726,0.3123368175010698,43,0.42435175662377955,0.7223263140412627,10,0.5491522970196097,22,0.5543370792587001,5,0.25117123083991016,6,0.16591132275921439
pDCs|Classical Monocytes|TNFSF13B|HLA-DPB1,pDCs,Classical Monocytes,TNFSF13B,HLA-DPB1,-0.12898512568220577,-0.42868418758512644,0.1707139362207149,43,0.39893013405343114,0.7223263140412627,10,0.39678379951978826,21,0.3232658155696783,5,0.33498803853338216,7,0.390455180265478
Classical Monocytes|Non-classical Monocytes|LGALS9|LRP1,Classical Monocytes,Non-classical Monocytes,LGALS9,LRP1,-0.08850412664573384,-0.30170734399340476,0.12469909070193708,56,0.41586671117654206,0.7223263140412627,11,0.11969815224147248,33,0.3351373949543964,5,0.0,7,0.30394336935865773
NK Cells|B Cells|KLRF1|CLEC2B,NK Cells,B Cells,KLRF1,CLEC2B,0.09271859156405227,-0.13478922129232726,0.3202264044204318,55,0.4244271423964112,0.7223263140412627,11,0.6213314970848474,33,0.5150161351859411,5,0.3576721866198138,6,0.15863823315685535
pDCs|NK Cells|CLEC2B|KLRF1,pDCs,NK Cells,CLEC2B,KLRF1,0.09044469031978625,-0.13144743686149726,0.3123368175010698,43,0.42435175662377955,0.7223263140412627,10,0.5491522970196097,22,0.5543370792587001,5,0.25117123083991016,6,0.16591132275921439
CD8 T Cells|CD8 T Cells|CLEC2D|KLRB1,CD8 T Cells,CD8 T Cells,CLEC2D,KLRB1,-0.09894902526601684,-0.3417662561141719,0.14386820558213817,55,0.424468200033998,0.7223263140412627,11,0.44929191221075426,32,0.32702180810736026,5,0.4170905512842336,7,0.39376947244685645
Non-classical Monocytes|NK Cells|SELL|SELPLG,Non-classical Monocytes,NK Cells,SELL,SELPLG,-0.09801372341387651,-0.3371293502590848,0.14110190343133178,56,0.4217487141358829,0.7223263140412627,11,0.2554588600130575,33,0.21839818306364614,5,0.15110383960183335,7,0.2120568860662985
CD8 T Cells|Classical Monocytes|ITGAL_ITGB2|ICAM1,CD8 T Cells,Classical Monocytes,ITGAL_ITGB2,ICAM1,0.1025291591368458,-0.15052958727690402,0.3555879055505956,46,0.4271383476628182,0.7223263140412627,10,0.04496343374686888,24,0.09734685169775266,5,0.09719224609769964,7,0.04704650491173761
B Cells|CD4 T Cells|ALOX5|ALOX5AP,B Cells,CD4 T Cells,ALOX5,ALOX5AP,-0.09010866181928,-0.3006583447030896,0.1204410210645296,51,0.4015797971035583,0.7223263140412627,11,0.06432950302172652,28,0.1707662534348937,5,0.047147593356847414,7,0.2436930055892946
B Cells|Non-classical Monocytes|LTB|LTBR,B Cells,Non-classical Monocytes,LTB,LTBR,-0.08467610957252036,-0.2915010218195252,0.12214880267448447,56,0.42230535341130826,0.7223263140412627,11,0.3773170826189698,33,0.3951456401504294,5,0.3141728812175474,7,0.41667754832152737
B Cells|NK Cells|CLEC2B|KLRF1,B Cells,NK Cells,CLEC2B,KLRF1,0.09271859156405227,-0.13478922129232726,0.3202264044204318,55,0.4244271423964112,0.7223263140412627,11,0.6213314970848474,33,0.5150161351859411,5,0.3576721866198138,6,0.15863823315685535
pDCs|Non-classical Monocytes|MIF|CD74,pDCs,Non-classical Monocytes,MIF,CD74,0.009544920668408952,-0.013226002344811107,0.032315843681629014,44,0.41132683172486306,0.7223263140412627,10,0.97977810544454,22,0.9807112014801255,5,0.9844137831027963,7,0.9758019584699728
NK Cells|CD8 T Cells|SELL|SELPLG,NK Cells,CD8 T Cells,SELL,SELPLG,-0.09950353636921014,-0.33648916905053144,0.13748209631211117,56,0.4105459754456674,0.7223263140412627,11,0.4119193462283856,33,0.3086314613612227,5,0.16318518567558085,7,0.15940083717762807
Non-classical Monocytes|B Cells|TNFSF13B|HLA-DPB1,Non-classical Monocytes,B Cells,TNFSF13B,HLA-DPB1,-0.009044910842535225,-0.03158374055129538,0.01349391886622493,56,0.4315509769892071,0.7274716469246634,11,0.9497257185875779,33,0.964662331944793,5,0.9416869300165416,7,0.9656684542162919
NK Cells|pDCs|ITGAL_ITGB2|ICAM3,NK Cells,pDCs,ITGAL_ITGB2,ICAM3,-0.09658979113082078,-0.3410563203574988,0.1478767380958572,44,0.4387000108796292,0.7371826132186174,10,0.21543651695445734,22,0.23180289208756885,5,0.1412608886279057,7,0.254217054891838
Classical Monocytes|pDCs|LGALS9|CD47,Classical Monocytes,pDCs,LGALS9,CD47,-0.08248221999154554,-0.29331710148754664,0.12835266150445554,44,0.44321737785380233,0.7400893950955001,10,0.33279844057781666,22,0.22910075985241948,5,0.29999574500373766,7,0.278780284269886
pDCs|Classical Monocytes|ANXA1|FPR1,pDCs,Classical Monocytes,ANXA1,FPR1,0.11167519341547158,-0.1735007452766247,0.39685113210756784,43,0.44277007129348667,0.7400893950955001,10,0.1513366694779183,21,0.2702383404169627,5,0.1831764752742489,7,0.19040295279782174
CD4 T Cells|Classical Monocytes|SIRPG|CD47,CD4 T Cells,Classical Monocytes,SIRPG,CD47,0.12486169360548577,-0.20047185819096897,0.4501952454019405,53,0.4519150381936208,0.7475603902829054,11,0.0,30,0.042416322684686446,5,0.14245610057940092,7,0.060010729658601596
NK Cells|NK Cells|CLEC2B|KLRF1,NK Cells,NK Cells,CLEC2B,KLRF1,0.08796509268561425,-0.14076467356917444,0.31669485894040295,55,0.45099055038509206,0.7475603902829054,11,0.767853321889202,33,0.6917499384855083,5,0.4537377124828659,6,0.2896692363935579
NK Cells|NK Cells|KLRF1|CLEC2B,NK Cells,NK Cells,KLRF1,CLEC2B,0.08796509268561425,-0.14076467356917444,0.31669485894040295,55,0.45099055038509206,0.7475603902829054,11,0.767853321889202,33,0.6917499384855083,5,0.4537377124828659,6,0.2896692363935579
Non-classical Monocytes|CD4 T Cells|APP|CD74,Non-classical Monocytes,CD4 T Cells,APP,CD74,-0.06902693316226372,-0.24992662884208255,0.11187276251755512,49,0.45453574817740416,0.7491644499876261,6,0.45713163773265536,31,0.44269237652964316,5,0.44174314070670373,7,0.49633081266595525
B Cells|CD4 T Cells|FAM3C|CLEC2D,B Cells,CD4 T Cells,FAM3C,CLEC2D,0.03658498669424223,-0.05954298321415834,0.13271295660264282,56,0.45570643567985547,0.7491644499876261,11,0.03586809382545585,33,0.13632448236229763,5,0.0,7,0.06387140184259954
Classical Monocytes|Non-classical Monocytes|ITGAL_ITGB2|ICAM1,Classical Monocytes,Non-classical Monocytes,ITGAL_ITGB2,ICAM1,0.13994852111551168,-0.22973242701148547,0.5096294692425088,44,0.4581024178467711,0.7507789625822081,8,0.19304832213369522,24,0.1895360364399105,5,0.2845103293091736,7,0.14104952249987718
pDCs|CD8 T Cells|MIF|TNFRSF14,pDCs,CD8 T Cells,MIF,TNFRSF14,-0.0890164115068966,-0.3257014581027195,0.1476686350889263,44,0.46103992585347353,0.7532683096252137,10,0.2433652366114742,22,0.27213691201785606,5,0.21749586817147498,7,0.33528395508475345
pDCs|Non-classical Monocytes|LGALS9|CD44,pDCs,Non-classical Monocytes,LGALS9,CD44,-0.08424110473107926,-0.3096874002562253,0.14120519079406682,43,0.4639443131123807,0.7556884363885711,10,0.3657653631987336,21,0.439458637856646,5,0.3411553105935492,7,0.4990896899825409
Non-classical Monocytes|Classical Monocytes|SELL|SELPLG,Non-classical Monocytes,Classical Monocytes,SELL,SELPLG,-0.06828159798289136,-0.2516047225708653,0.11504152660508259,56,0.465378208191341,0.7557058977052051,11,0.11337103667849359,33,0.19499781750912562,5,0.032507891160045155,7,0.18241626997356855
NK Cells|CD8 T Cells|MIF|CD74,NK Cells,CD8 T Cells,MIF,CD74,0.06002530492761382,-0.10185313572887197,0.22190374558409962,56,0.467370491553038,0.7559112083701053,11,0.75942884574462,33,0.8823638829671949,5,0.7732742498627851,7,0.8361839821577463
CD4 T Cells|pDCs|SIRPG|CD47,CD4 T Cells,pDCs,SIRPG,CD47,-0.07786685949539807,-0.28957284563303204,0.1338391266422359,41,0.4709786146840963,0.7559112083701053,10,0.06268914711690002,19,0.21424613607569043,5,0.002131454742473915,7,0.2315553031966624
CD8 T Cells|CD8 T Cells|MIF|TNFRSF14,CD8 T Cells,CD8 T Cells,MIF,TNFRSF14,-0.08138178207117336,-0.3033387778127774,0.1405752136704307,56,0.472367796542399,0.7559112083701053,11,0.2065304326160428,33,0.16935540280451153,5,0.21267201406855002,7,0.2568787663281921
Non-classical Monocytes|NK Cells|HBEGF|CD44,Non-classical Monocytes,NK Cells,HBEGF,CD44,0.084712998258684,-0.14646230525555462,0.3158883017729226,45,0.47262245043102624,0.7559112083701053,8,0.1044328576694603,25,0.177401265693303,5,0.38677586246722084,7,0.37503127223237953
CD8 T Cells|Non-classical Monocytes|ANXA1|FPR1,CD8 T Cells,Non-classical Monocytes,ANXA1,FPR1,-0.0846757793908498,-0.3143447397248001,0.14499318094310049,55,0.46991847777182505,0.7559112083701053,10,0.42566093858466425,33,0.5307092732343425,5,0.3714180741070682,7,0.5611421881475962
Non-classical Monocytes|Non-classical Monocytes|ITGAL_ITGB2|ICAM1,Non-classical Monocytes,Non-classical Monocytes,ITGAL_ITGB2,ICAM1,0.08009463249431378,-0.13977377559889134,0.2999630405875189,47,0.475236877590862,0.7578101561584015,9,0.03368685413775242,26,0.05945070828477868,5,0.087610642056443,7,0.03327986370915548
Classical Monocytes|Non-classical Monocytes|LTB|LTBR,Classical Monocytes,Non-classical Monocytes,LTB,LTBR,0.13207682043093405,-0.24463132442134805,0.5087849652832162,55,0.4919701284889175,0.7644686533463252,11,0.03285120790129704,33,0.056788020523907565,5,0.21348582035616728,6,0.10534581254784375
Non-classical Monocytes|Non-classical Monocytes|ITGAX_ITGB2|ICAM1,Non-classical Monocytes,Non-classical Monocytes,ITGAX_ITGB2,ICAM1,0.0756121421669507,-0.1415936420945949,0.2928179264284963,47,0.49505634918064423,0.7644686533463252,9,0.15452908370930518,26,0.17764752280747942,5,0.07224690711015207,7,0.01975320404137561
CD4 T Cells|NK Cells|CLEC2D|KLRB1,CD4 T Cells,NK Cells,CLEC2D,KLRB1,0.07343048403765612,-0.13601071536010007,0.2828716834354123,56,0.4919774267040641,0.7644686533463252,11,0.7194765882862618,33,0.644914839315458,5,0.5039674985642056,7,0.3559752655557457
Non-classical Monocytes|CD8 T Cells|TNFSF13B|HLA-DPB1,Non-classical Monocytes,CD8 T Cells,TNFSF13B,HLA-DPB1,-0.10890007641617716,-0.42291709897616936,0.20511694614381504,56,0.4966886730781209,0.7644686533463252,11,0.4100200252408788,33,0.6964878134324528,5,0.17835709436254515,7,0.5737249589702963
pDCs|B Cells|MIF|CD74,pDCs,B Cells,MIF,CD74,0.0032018624104793725,-0.005830476544347504,0.012234201365306249,44,0.48718995363176043,0.7644686533463252,10,0.9985213930928758,22,0.9983356953456052,5,0.9967699125584184,7,0.9933823524006684
CD4 T Cells|Non-classical Monocytes|MIF|TNFRSF14,CD4 T Cells,Non-classical Monocytes,MIF,TNFRSF14,0.06426346147493339,-0.11800774539028724,0.24653466834015403,56,0.4895494536563675,0.7644686533463252,11,0.2740019830231805,33,0.322694045235481,5,0.2631862980205164,7,0.2476148987578835
Classical Monocytes|pDCs|SELL|SELPLG,Classical Monocytes,pDCs,SELL,SELPLG,0.11028138544001298,-0.20497932267617713,0.4255420935562031,44,0.49295577352719167,0.7644686533463252,10,0.31333331782772234,22,0.47248853831715754,5,0.2924324273011255,7,0.34130626235054773
Classical Monocytes|Classical Monocytes|MIF|CD74,Classical Monocytes,Classical Monocytes,MIF,CD74,0.044678377635897104,-0.083182340867197,0.1725390961389912,56,0.4934257571195002,0.7644686533463252,11,0.9190338525539964,33,0.9095245502552569,5,0.8792156106892453,7,0.8250279307546087
NK Cells|Non-classical Monocytes|MIF|TNFRSF14,NK Cells,Non-classical Monocytes,MIF,TNFRSF14,0.08924505907470318,-0.16159602183488284,0.34008613998428916,56,0.4856010602088936,0.7644686533463252,11,0.20125641330310948,33,0.23341615925937445,5,0.20244013760126486,7,0.14535482448282666
Non-classical Monocytes|CD8 T Cells|APP|CD74,Non-classical Monocytes,CD8 T Cells,APP,CD74,-0.06505013840192625,-0.25013487896792264,0.12003460216407016,49,0.4909166301596488,0.7644686533463252,6,0.4576725454048403,31,0.37288389435517777,5,0.3428884727807028,7,0.3231499601329665
pDCs|Non-classical Monocytes|ANXA1|FPR1,pDCs,Non-classical Monocytes,ANXA1,FPR1,0.10798501741534877,-0.20263510759221082,0.41860514242290836,42,0.4956383975933848,0.7644686533463252,9,0.1307420681267973,21,0.280223056748442,5,0.19281878280622694,7,0.23431475401252286
CD4 T Cells|Non-classical Monocytes|SELL|SELPLG,CD4 T Cells,Non-classical Monocytes,SELL,SELPLG,0.09922226547545412,-0.17962247316787391,0.37806700411878214,56,0.48553960920471784,0.7644686533463252,11,0.11207899921742862,33,0.2931792871114854,5,0.25291171771069754,7,0.3347897401293002
B Cells|CD8 T Cells|ALOX5|ALOX5AP,B Cells,CD8 T Cells,ALOX5,ALOX5AP,-0.0643828661991202,-0.25277542787116225,0.12400969547292182,50,0.5029759492798016,0.7719081764958805,10,0.07622433532497469,28,0.0722252676955212,5,0.13492885050801323,7,0.19531264907767995
Classical Monocytes|CD8 T Cells|ITGAL_ITGB2|ICAM3,Classical Monocytes,CD8 T Cells,ITGAL_ITGB2,ICAM3,-0.07914838916994121,-0.3122217085472027,0.1539249302073203,53,0.5056821932068403,0.7738249123712743,10,0.5145902148877661,31,0.43833033358720674,5,0.42779559017920016,7,0.430684098048582
CD4 T Cells|pDCs|MIF|TNFRSF14,CD4 T Cells,pDCs,MIF,TNFRSF14,0.09204052271863772,-0.18006714285470815,0.3641481882919836,44,0.5073570866425898,0.7741569339287794,10,0.365709145596339,22,0.3530494684607621,5,0.3331506601926815,7,0.2284504603384669
pDCs|Classical Monocytes|MIF|CD74,pDCs,Classical Monocytes,MIF,CD74,-0.01825698268482523,-0.07253685962141306,0.0360228942517626,44,0.5097468401069378,0.7742089659666005,10,0.9569317410028638,22,0.9498888893679777,5,0.921985490268334,7,0.933199621318273
CD4 T Cells|Classical Monocytes|MIF|CD74,CD4 T Cells,Classical Monocytes,MIF,CD74,-0.010946789808676805,-0.04353585030039112,0.021642270683037514,56,0.5103072280382489,0.7742089659666005,11,0.9590340173844112,33,0.9627061192465403,5,0.9363371008573644,7,0.9509559925281703
CD8 T Cells|pDCs|ITGAL_ITGB2|ICAM3,CD8 T Cells,pDCs,ITGAL_ITGB2,ICAM3,-0.07258134692313961,-0.29133454304289697,0.14617184919661777,44,0.5154936670960467,0.779849393811968,10,0.11428093656901916,22,0.2127846328149376,5,0.04531615390327535,7,0.21640119707233338
CD4 T Cells|B Cells|MIF|TNFRSF14,CD4 T Cells,B Cells,MIF,TNFRSF14,0.06847032494349825,-0.14296061476236419,0.2799012646493607,56,0.5256112791205985,0.7825509851253586,11,0.22228587574990835,33,0.2711723110001236,5,0.3357984352678657,7,0.31621454557458273
Classical Monocytes|CD4 T Cells|APP|CD74,Classical Monocytes,CD4 T Cells,APP,CD74,-0.06348777705840636,-0.2604668829080151,0.1334913287912024,55,0.5275761086134032,0.7825509851253586,11,0.4646383668631554,32,0.4167609411836855,5,0.38185470970478175,7,0.3974650610837182
pDCs|Non-classical Monocytes|LGALS9|HAVCR2,pDCs,Non-classical Monocytes,LGALS9,HAVCR2,-0.08655040901660033,-0.3550970021467824,0.18199618411358176,41,0.527595579425383,0.7825509851253586,10,0.1980046288967094,19,0.24263328203314433,5,0.0005874922169658347,7,0.1317665543700011
B Cells|Non-classical Monocytes|GRN|TNFRSF1B,B Cells,Non-classical Monocytes,GRN,TNFRSF1B,0.06522453380289966,-0.1371083307711011,0.2675573983769004,54,0.5275051923008611,0.7825509851253586,10,0.3726565824975919,32,0.3513866824290432,5,0.4654607369778988,7,0.3789663031064504
Non-classical Monocytes|NK Cells|APP|CD74,Non-classical Monocytes,NK Cells,APP,CD74,-0.0593707225281534,-0.24267104858263586,0.12392960352632906,49,0.5255395373252856,0.7825509851253586,6,0.44918953494286634,31,0.41191035680618027,5,0.4062973731047562,7,0.42838891749622354
CD4 T Cells|CD8 T Cells|MIF|CD74,CD4 T Cells,CD8 T Cells,MIF,CD74,0.04519872281261117,-0.09373746593167354,0.18413491155689587,56,0.52372399674824,0.7825509851253586,11,0.8088015387088979,33,0.8987371521965343,5,0.8088862678186614,7,0.8536231584936865
Classical Monocytes|CD4 T Cells|COPA|CD74,Classical Monocytes,CD4 T Cells,COPA,CD74,0.06895172786130954,-0.14407155300982313,0.2819750087324422,56,0.5258169492602102,0.7825509851253586,11,0.31534460512811413,33,0.38278984898991614,5,0.37421939384691766,7,0.3727129098474101
CD4 T Cells|Classical Monocytes|HLA-F|LILRB2,CD4 T Cells,Classical Monocytes,HLA-F,LILRB2,0.04847571068857348,-0.10849947038860547,0.20545089176575243,56,0.5450068938593771,0.8061244028950675,11,0.41060333919573605,33,0.279229358766507,5,0.36798934957980955,7,0.188139658462007
Classical Monocytes|NK Cells|HBEGF|CD44,Classical Monocytes,NK Cells,HBEGF,CD44,-0.07162318627821684,-0.30706903576704725,0.16382266321061353,50,0.5510244614857975,0.8105096649555636,10,0.26471424699528456,28,0.2462916752088125,5,0.2945232596392967,7,0.3477238741310415
Non-classical Monocytes|Non-classical Monocytes|HBEGF|CD44,Non-classical Monocytes,Non-classical Monocytes,HBEGF,CD44,0.062027434807229054,-0.14123135182382812,0.26528622143828623,45,0.5497651418037317,0.8105096649555636,8,0.46277352829141893,25,0.46011992855710704,5,0.4155998656147718,7,0.35091883107323085
NK Cells|Classical Monocytes|KLRF1|CLEC2B,NK Cells,Classical Monocytes,KLRF1,CLEC2B,-0.08314907525211074,-0.3612040209381765,0.19490587043395502,55,0.5578054424665577,0.8137216756861048,11,0.6250332123603369,33,0.4747284434418415,5,0.34563799014354,6,0.27848229647715533
Classical Monocytes|NK Cells|CLEC2B|KLRF1,Classical Monocytes,NK Cells,CLEC2B,KLRF1,-0.08314907525211074,-0.3612040209381765,0.19490587043395502,55,0.5578054424665577,0.8137216756861048,11,0.6250332123603369,33,0.4747284434418415,5,0.34563799014354,6,0.27848229647715533
Classical Monocytes|Non-classical Monocytes|MIF|TNFRSF14,Classical Monocytes,Non-classical Monocytes,MIF,TNFRSF14,0.062132634847033436,-0.14557355808033992,0.2698388277744068,56,0.5576752713692119,0.8137216756861048,11,0.24104722763839884,33,0.3291894550469644,5,0.19726477815557325,7,0.22327437071710537
Classical Monocytes|CD4 T Cells|GRN|TNFRSF1B,Classical Monocytes,CD4 T Cells,GRN,TNFRSF1B,-0.06375497069892505,-0.2813980059688276,0.15388806457097748,56,0.5658734585895048,0.8209803456585438,11,0.34686328820753326,33,0.44988898038833425,5,0.30058431144213127,7,0.4673649743218573
Non-classical Monocytes|pDCs|TNFSF13B|TFRC,Non-classical Monocytes,pDCs,TNFSF13B,TFRC,-0.08075271419878893,-0.3555133229174115,0.19400789451983363,38,0.5645898413830934,0.8209803456585438,8,0.384470084474153,18,0.3835457476893928,5,0.2815211505324971,7,0.36134952794652586
NK Cells|Classical Monocytes|ITGAM_ITGB2|ICAM1,NK Cells,Classical Monocytes,ITGAM_ITGB2,ICAM1,0.06483321191565247,-0.1586338068884702,0.2883002307197752,45,0.5696051063660615,0.8241425380936749,10,0.06621998216365647,24,0.053870813632292985,5,0.12940278927541762,6,0.052220408828401656
B Cells|NK Cells|SELL|SELPLG,B Cells,NK Cells,SELL,SELPLG,-0.06635543050138093,-0.2997825809756663,0.16707171997290443,56,0.577424020173464,0.8264478563668716,11,0.2863411136842168,33,0.32330066325400514,5,0.26207955274607625,7,0.36539453281724554
CD4 T Cells|Classical Monocytes|MIF|TNFRSF14,CD4 T Cells,Classical Monocytes,MIF,TNFRSF14,-0.08139289799494898,-0.3648330765433817,0.20204728055348375,56,0.5735542226971895,0.8264478563668716,11,0.37973747622967297,33,0.29772407672682416,5,0.33429183064255696,7,0.33367132913465714
NK Cells|B Cells|MIF|TNFRSF14,NK Cells,B Cells,MIF,TNFRSF14,0.06746447100862557,-0.16922872433100597,0.30415766634825714,56,0.5764026861101634,0.8264478563668716,11,0.22044572945881716,33,0.24533480509135405,5,0.3000049968751931,7,0.25742960149910443
B Cells|Classical Monocytes|HLA-F|LILRB2,B Cells,Classical Monocytes,HLA-F,LILRB2,0.06133466825885203,-0.15399971052630004,0.2766690470440041,56,0.5766631436190326,0.8264478563668716,11,0.2383625492942233,33,0.26553770494513856,5,0.20460436753670405,7,0.1704448549287673
CD8 T Cells|Classical Monocytes|SPN|ICAM1,CD8 T Cells,Classical Monocytes,SPN,ICAM1,0.06220390689620255,-0.1589731800755982,0.2833809938680033,46,0.5814823033055582,0.8277938419711833,10,0.09288322253224945,24,0.10497504949066133,5,0.07815294794584222,7,0.02804086800805155
Non-classical Monocytes|Classical Monocytes|MIF|CD74,Non-classical Monocytes,Classical Monocytes,MIF,CD74,-0.014189163036767427,-0.06450355729456175,0.0361252312210269,56,0.580448669782508,0.8277938419711833,11,0.9380491611829896,33,0.9277053787177099,5,0.9127463490826215,7,0.9165917296541092
Classical Monocytes|B Cells|TNFSF13B|CD40,Classical Monocytes,B Cells,TNFSF13B,CD40,0.07711336651568171,-0.19963333732602448,0.35386007035738787,56,0.5849772158045724,0.830542517626278,11,0.16587334197481265,33,0.3760715631266472,5,0.2764607363997274,7,0.40954559103588023
B Cells|Non-classical Monocytes|MIF|TNFRSF14,B Cells,Non-classical Monocytes,MIF,TNFRSF14,0.0840840935926569,-0.22408166730804274,0.39224985449335653,56,0.5927999533913748,0.8316580831983102,11,0.1712796337598861,33,0.16856855450806507,5,0.23748834217238546,7,0.15069316932790752
Non-classical Monocytes|pDCs|LGALS9|CD47,Non-classical Monocytes,pDCs,LGALS9,CD47,-0.06529556392527952,-0.30212256551080097,0.1715314376602419,44,0.5889338956051544,0.8316580831983102,10,0.15983383873319523,22,0.28160663971451316,5,0.16302989345169988,7,0.35009825835829733
Non-classical Monocytes|Classical Monocytes|MIF|TNFRSF14,Non-classical Monocytes,Classical Monocytes,MIF,TNFRSF14,0.08680656695373079,-0.23313193658851217,0.40674507049597375,56,0.5948765415759861,0.8316580831983102,11,0.3257272691816364,33,0.44373434843171317,5,0.24222476178136199,7,0.27342527407770795
NK Cells|Non-classical Monocytes|ITGAM_ITGB2|ICAM1,NK Cells,Non-classical Monocytes,ITGAM_ITGB2,ICAM1,0.07590411497543814,-0.20405585938374055,0.35586408933461683,46,0.5951450830109596,0.8316580831983102,9,0.05615447200387185,26,0.09329683193228169,5,0.15194904086099228,6,0.11318728581396398
B Cells|CD8 T Cells|GRN|TNFRSF1B,B Cells,CD8 T Cells,GRN,TNFRSF1B,0.06299163094143855,-0.16694446518486805,0.29292772706774517,54,0.5913107405752578,0.8316580831983102,10,0.01111110316382491,32,0.08598283591841427,5,0.11997133315191737,7,0.13185143496506818
NK Cells|Non-classical Monocytes|SELL|SELPLG,NK Cells,Non-classical Monocytes,SELL,SELPLG,0.07546989419920255,-0.20289996519366013,0.3538397535920652,56,0.5951602101984141,0.8316580831983102,11,0.22811442461847448,33,0.2740522080132898,5,0.2485467598915861,7,0.21901464908719884
Classical Monocytes|pDCs|MIF|CD74,Classical Monocytes,pDCs,MIF,CD74,0.014545123059683918,-0.039723458167967574,0.06881370428733541,44,0.5993665677017228,0.8331509095539655,10,0.9820895834134798,22,0.9800618957517838,5,0.9544419201991857,7,0.9378691094778058
pDCs|B Cells|TNFSF13B|TNFRSF13C,pDCs,B Cells,TNFSF13B,TNFRSF13C,-0.0644299573378993,-0.3045007227218476,0.17564080804604895,41,0.598879022947248,0.8331509095539655,10,0.08151914827331289,20,0.18543975443520133,5,0.031231253300984196,6,0.19958181680077194
pDCs|CD4 T Cells|LGALS9|CD44,pDCs,CD4 T Cells,LGALS9,CD44,0.07168579323611701,-0.19808996028808468,0.3414615467603187,43,0.6025000070990012,0.835319853184255,10,0.324157753441521,21,0.4219868518757178,5,0.3843484888284429,7,0.41049179402652275
pDCs|pDCs|MIF|TNFRSF14,pDCs,pDCs,MIF,TNFRSF14,0.07073753394493168,-0.19662840436541992,0.33810347225528325,44,0.6040735104002544,0.8353204011003518,10,0.3743913876085255,22,0.3785400444138307,5,0.2943150842560051,7,0.22772620711637862
Classical Monocytes|Classical Monocytes|SPN|ICAM1,Classical Monocytes,Classical Monocytes,SPN,ICAM1,0.05591283880197453,-0.15767269600884318,0.2694983736127922,44,0.6078931206098437,0.8379186893711587,10,0.02978594166241235,22,0.08245829079996546,5,0.07505929429648248,7,0.07181880463206106
Non-classical Monocytes|CD4 T Cells|TNFSF13B|HLA-DPB1,Non-classical Monocytes,CD4 T Cells,TNFSF13B,HLA-DPB1,-0.06827045408234245,-0.329947517216615,0.19340660905193013,56,0.6091085011247971,0.8379186893711587,11,0.40192689477720833,33,0.38687012654134834,5,0.37425488696664,7,0.42746857281312245
CD8 T Cells|pDCs|TNF|PTPRS,CD8 T Cells,pDCs,TNF,PTPRS,0.07128896387948408,-0.20703196477147878,0.34960989253044694,33,0.6156505989021299,0.844729891516876,6,0.3768304246706582,15,0.38593204649743423,5,0.4792004229652445,7,0.41701308091253647
pDCs|CD4 T Cells|TNFSF13B|HLA-DPB1,pDCs,CD4 T Cells,TNFSF13B,HLA-DPB1,-0.06354355805576192,-0.32260214119632613,0.1955150250848023,43,0.6306923480919191,0.8521568367348831,10,0.20215760743832875,21,0.17870391664881902,5,0.0684112774945734,7,0.10850114476082558
Classical Monocytes|Classical Monocytes|GRN|TNFRSF1B,Classical Monocytes,Classical Monocytes,GRN,TNFRSF1B,-0.027047709888071148,-0.13662080567651297,0.08252538590037067,56,0.6285208614404469,0.8521568367348831,11,0.7093907373331612,33,0.7637969223463267,5,0.7034516147801483,7,0.784905509681385
CD4 T Cells|CD8 T Cells|MIF|TNFRSF14,CD4 T Cells,CD8 T Cells,MIF,TNFRSF14,0.04875006820143829,-0.14708760771339618,0.24458774411627277,56,0.6256236555323467,0.8521568367348831,11,0.18452452513340065,33,0.28623067783729217,5,0.24144240998086622,7,0.29439849448331945
Classical Monocytes|B Cells|TNFSF13B|TNFRSF13C,Classical Monocytes,B Cells,TNFSF13B,TNFRSF13C,0.05925156202378434,-0.1818916850105481,0.3003948090581168,51,0.6301009107883602,0.8521568367348831,11,0.44909938690521894,29,0.43365659737888856,5,0.47925524983358,6,0.40456089828346525
Classical Monocytes|Non-classical Monocytes|ITGAM_ITGB2|ICAM1,Classical Monocytes,Non-classical Monocytes,ITGAM_ITGB2,ICAM1,0.02984727678844276,-0.08960493801919799,0.14929949159608352,47,0.6243234630027515,0.8521568367348831,9,0.0063822037371718855,26,0.10984937573579454,5,0.0,7,0.07361989521017989
pDCs|pDCs|MIF|CD74,pDCs,pDCs,MIF,CD74,0.003760223864230139,-0.011409805858555172,0.01893025358701545,44,0.6270948158579792,0.8521568367348831,10,0.9978679980084115,22,0.9967924689483895,5,0.992279054416312,7,0.9874433014920598
NK Cells|pDCs|SELL|SELPLG,NK Cells,pDCs,SELL,SELPLG,0.06852936160424816,-0.21423194956162506,0.3512906727701214,44,0.6347782570690342,0.8555006459483685,10,0.18235675675681956,22,0.283662527186364,5,0.34276202539660316,7,0.3755384342218994
B Cells|CD8 T Cells|MIF|TNFRSF14,B Cells,CD8 T Cells,MIF,TNFRSF14,0.06583441310961446,-0.21304603270415035,0.3447148589233793,56,0.6435920235807207,0.8651832013199054,11,0.27641405595720486,33,0.21423457785519243,5,0.36268010776454984,7,0.2346662165529229
pDCs|NK Cells|LGALS9|CD44,pDCs,NK Cells,LGALS9,CD44,-0.07513634225461702,-0.39575295807540034,0.2454802735661663,43,0.6460068492763951,0.866236456984257,10,0.22486766401271785,21,0.22519948507483686,5,0.3417709350665679,7,0.417239098383304
pDCs|pDCs|LGALS9|CD47,pDCs,pDCs,LGALS9,CD47,-0.07296546156045153,-0.3902050958664443,0.24427417274554125,43,0.6521381327245679,0.8722552858356311,10,0.2249923605980903,21,0.23390863648797372,5,0.2762791569501417,7,0.35816089440047666
pDCs|CD4 T Cells|MIF|TNFRSF14,pDCs,CD4 T Cells,MIF,TNFRSF14,-0.05407154443810103,-0.29151500412474274,0.1833719152485407,44,0.655358462059251,0.8743601591795533,10,0.23476377364391068,22,0.2476267405204754,5,0.20313889274775376,7,0.2700734040624195
Non-classical Monocytes|Non-classical Monocytes|CD1D|LILRB2,Non-classical Monocytes,Non-classical Monocytes,CD1D,LILRB2,-0.05461416213940101,-0.29835720165948754,0.18912887738068554,51,0.6605468024383176,0.8790095981237931,9,0.4256159187469643,30,0.3952421533588995,5,0.36446583296330026,7,0.3887062297146365
pDCs|Classical Monocytes|LGALS9|CD47,pDCs,Classical Monocytes,LGALS9,CD47,0.04442522839968197,-0.15485074674440677,0.2437012035437707,43,0.6621541228804467,0.8790095981237931,10,0.026225247651682902,21,0.23994627131798488,5,0.054402881769302615,7,0.2236986770359226
Classical Monocytes|NK Cells|GRN|TNFRSF1B,Classical Monocytes,NK Cells,GRN,TNFRSF1B,0.05675799456904551,-0.2060899450042354,0.3196059341423264,56,0.6721316469262127,0.8878156828801467,11,0.43500906721002613,33,0.5890123775029826,5,0.4741301112557717,7,0.5713754269796827
pDCs|CD8 T Cells|MIF|CD74,pDCs,CD8 T Cells,MIF,CD74,0.03942139481587681,-0.1430728969590359,0.22191568659078953,44,0.6720177115047419,0.8878156828801467,10,0.7821733686489265,22,0.8713551024346061,5,0.7755099919133177,7,0.8252703308831205
NK Cells|pDCs|MIF|CD74,NK Cells,pDCs,MIF,CD74,0.002369402581884117,-0.008901633460867593,0.013640438624635827,44,0.6803214179651451,0.8955294377724555,10,0.996440108642523,22,0.997148645952484,5,0.9928742617155348,7,0.9912133964436117
Classical Monocytes|B Cells|APP|CD74,Classical Monocytes,B Cells,APP,CD74,-0.016594731726065293,-0.09580262674518275,0.06261316329305217,55,0.6813444309982524,0.8955294377724555,11,0.8327519544064217,32,0.8516279147927688,5,0.8614465677929253,7,0.8969172599053377
CD4 T Cells|Classical Monocytes|CD99|PILRA,CD4 T Cells,Classical Monocytes,CD99,PILRA,-0.0416566360211664,-0.24465948745240715,0.16134621541007435,56,0.6875449642172221,0.8977783694146914,11,0.20676948580069557,33,0.20115996293872485,5,0.24800502329549326,7,0.2840521364546889
CD8 T Cells|NK Cells|MIF|CD74,CD8 T Cells,NK Cells,MIF,CD74,0.05965353681346919,-0.23230597778865264,0.351613051415591,56,0.688816033138751,0.8977783694146914,11,0.7642373172438469,33,0.8538673952362533,5,0.6799736635488017,7,0.709950204727739
CD4 T Cells|pDCs|SELL|SELPLG,CD4 T Cells,pDCs,SELL,SELPLG,0.06545997498822881,-0.25974631593635583,0.39066626591281345,44,0.6931998709228313,0.8977783694146914,10,0.2764780783232392,22,0.34174065464266173,5,0.25557651975818096,7,0.2553791210893747
Non-classical Monocytes|pDCs|HBEGF|CD44,Non-classical Monocytes,pDCs,HBEGF,CD44,-0.06468532328300197,-0.3814133764129707,0.25204272984696674,36,0.6889479745077978,0.8977783694146914,7,0.24746467889702875,17,0.21844048164522079,5,0.340462714412545,7,0.376123840443739
Classical Monocytes|Classical Monocytes|HLA-F|LILRB2,Classical Monocytes,Classical Monocytes,HLA-F,LILRB2,-0.03977606428931024,-0.2366644932895279,0.15711236471090742,56,0.6921356194676926,0.8977783694146914,11,0.13061181041767808,33,0.2076036284263038,5,0.07074560614654804,7,0.187513488444484
NK Cells|Classical Monocytes|HLA-F|LILRB2,NK Cells,Classical Monocytes,HLA-F,LILRB2,-0.0463066532694516,-0.2739357799647709,0.18132247342586771,56,0.6901024843503547,0.8977783694146914,11,0.3258573096003033,33,0.2554187790166509,5,0.3087558746002241,7,0.2846239972860233
Classical Monocytes|NK Cells|COPA|CD74,Classical Monocytes,NK Cells,COPA,CD74,0.04520102857703889,-0.1844744985739044,0.2748765557279822,56,0.6996977807063925,0.9039891035403758,11,0.26883252607497893,33,0.41373903476850293,5,0.3382720169165636,7,0.4379774970330487
B Cells|pDCs|MIF|CD74,B Cells,pDCs,MIF,CD74,0.004659096449994071,-0.01924457397695205,0.028562766876940194,44,0.702447117371531,0.9053383964181625,10,0.9928106573768005,22,0.9929181956449132,5,0.9866907809211447,7,0.9821392227392634
Non-classical Monocytes|pDCs|MIF|TNFRSF14,Non-classical Monocytes,pDCs,MIF,TNFRSF14,-0.06614274824568211,-0.4147535623972714,0.2824680659059072,44,0.7099907083215937,0.9062621781701112,10,0.3757988214078389,22,0.2917949215037423,5,0.22806761323118918,7,0.21020646157277473
NK Cells|Classical Monocytes|MIF|CD74,NK Cells,Classical Monocytes,MIF,CD74,-0.008868129333187813,-0.0555160702824744,0.03777981161609877,56,0.709443120109932,0.9062621781701112,11,0.9496050261089738,33,0.9565525865777451,5,0.92137679995777,7,0.9371924897597291
pDCs|Classical Monocytes|MIF|TNFRSF14,pDCs,Classical Monocytes,MIF,TNFRSF14,0.05763164937165652,-0.24606090391192623,0.36132420265523923,44,0.7099361768281878,0.9062621781701112,10,0.33177074812649493,22,0.35500555505428066,5,0.27311023769467085,7,0.23871339525080007
B Cells|CD8 T Cells|FAM3C|CLEC2D,B Cells,CD8 T Cells,FAM3C,CLEC2D,-0.031629457078807904,-0.1960198468599782,0.1327609327023624,55,0.7060948577996937,0.9062621781701112,11,0.03714984017588274,32,0.14075427351914122,5,0.0,7,0.13523389042206638
pDCs|NK Cells|MIF|TNFRSF14,pDCs,NK Cells,MIF,TNFRSF14,-0.045096482366839497,-0.29254048181263637,0.2023475170789574,44,0.7209406196741212,0.9180322998728018,10,0.2195316357131875,22,0.26301113817676336,5,0.19278824637564324,7,0.2813642312060586
CD4 T Cells|B Cells|SIRPG|CD47,CD4 T Cells,B Cells,SIRPG,CD47,-0.013509316496268707,-0.09039086631769536,0.06337223332515793,53,0.7305477576544013,0.9280403332882466,11,0.05851949614117869,30,0.09717448039923962,5,0.0,7,0.05216430075432964
B Cells|Classical Monocytes|SELL|SELPLG,B Cells,Classical Monocytes,SELL,SELPLG,0.03949242963802668,-0.18700437882545654,0.2659892381015099,56,0.7325441728760638,0.9283555030959185,11,0.27373492537286565,33,0.322164375432302,5,0.3377960247625233,7,0.34673304518393294
pDCs|CD8 T Cells|COPA|CD74,pDCs,CD8 T Cells,COPA,CD74,-0.04246349073211769,-0.28924443871064015,0.20431745724640477,43,0.735928332760927,0.9304236778477433,10,0.4548883212774143,21,0.48860499343023606,5,0.4368927761129152,7,0.5130729389978547
Non-classical Monocytes|CD8 T Cells|LGALS9|CD44,Non-classical Monocytes,CD8 T Cells,LGALS9,CD44,-0.03889457403555874,-0.26652569207211363,0.18873654400099615,56,0.7377061464014554,0.9304559708768951,11,0.4248733565735318,33,0.5076580745107944,5,0.4802621908672319,7,0.6019414828400531
Classical Monocytes|CD4 T Cells|LGALS9|CD47,Classical Monocytes,CD4 T Cells,LGALS9,CD47,0.03387059830509803,-0.17043831244173469,0.23817950905193075,56,0.7452375390446248,0.9341871632165841,11,0.23530828820247526,33,0.21121816740681584,5,0.34048237744915316,7,0.2825216583483957
Non-classical Monocytes|CD4 T Cells|COPA|CD74,Non-classical Monocytes,CD4 T Cells,COPA,CD74,0.027964835694153367,-0.1415568573565558,0.19748652874486253,56,0.7464514928882171,0.9341871632165841,11,0.37144654388010034,33,0.4015932265087946,5,0.38909483820422436,7,0.39127668513876523
CD4 T Cells|NK Cells|MIF|TNFRSF14,CD4 T Cells,NK Cells,MIF,TNFRSF14,0.03719855374906983,-0.18733583310166582,0.26173294059980545,56,0.7454030436762065,0.9341871632165841,11,0.1983896422471232,33,0.28421790561563576,5,0.28180214212465093,7,0.3304318517440937
Non-classical Monocytes|Non-classical Monocytes|APP|CD74,Non-classical Monocytes,Non-classical Monocytes,APP,CD74,0.04558349667801742,-0.23215953878129225,0.3233265321373271,49,0.7477015901451003,0.9341871632165841,6,0.4624334421686717,31,0.5116548605485827,5,0.6003935143191311,7,0.6040314360210246
Classical Monocytes|Non-classical Monocytes|SELL|SELPLG,Classical Monocytes,Non-classical Monocytes,SELL,SELPLG,0.04195380425183784,-0.21875420983039398,0.3026618183340697,56,0.7524561098626859,0.9357241085177663,11,0.2244671504326314,33,0.39114840845174026,5,0.15100550991661216,7,0.27573296368388317
B Cells|Classical Monocytes|MIF|CD74,B Cells,Classical Monocytes,MIF,CD74,-0.011164118842162063,-0.08050544454696786,0.05817720686264373,56,0.7523373554623778,0.9357241085177663,11,0.9408184563524107,33,0.9374262214493297,5,0.9136613346397541,7,0.9214332185788352
Non-classical Monocytes|Non-classical Monocytes|CD99|PILRA,Non-classical Monocytes,Non-classical Monocytes,CD99,PILRA,-0.03258463396511371,-0.24674547864991556,0.18157621071968813,56,0.7655435900887394,0.943163912615129,11,0.21248233416700513,33,0.15637017597691913,5,0.21043817608496398,7,0.1869106518599917
Classical Monocytes|Non-classical Monocytes|GRN|TNFRSF1A,Classical Monocytes,Non-classical Monocytes,GRN,TNFRSF1A,-0.03704125270905351,-0.27573314730716725,0.2016506418890602,56,0.7610092062628421,0.943163912615129,11,0.40766007905025375,33,0.4893372407268791,5,0.4295091147377086,7,0.5482275291233875
Classical Monocytes|Non-classical Monocytes|ANXA1|FPR1,Classical Monocytes,Non-classical Monocytes,ANXA1,FPR1,-0.0349939038580398,-0.2642304986054359,0.1942426908893563,55,0.7647901049396072,0.943163912615129,10,0.5994818941713248,33,0.7550033819284938,5,0.6516431727201001,7,0.8421585643353089
Non-classical Monocytes|B Cells|LGALS9|CD47,Non-classical Monocytes,B Cells,LGALS9,CD47,0.03349102809822779,-0.1855851692752705,0.25256722547172605,56,0.7644614601998542,0.943163912615129,11,0.1809513829008014,33,0.24746644199543752,5,0.2141658935674399,7,0.24718992456384822
Non-classical Monocytes|pDCs|LGALS9|CD44,Non-classical Monocytes,pDCs,LGALS9,CD44,-0.03628120831651124,-0.28251766888864577,0.20995525225562328,44,0.77274446525862,0.9476381317605709,10,0.32859846604041826,22,0.38934856826142517,5,0.20761717820850736,7,0.3046484887460255
pDCs|Classical Monocytes|CD99|PILRA,pDCs,Classical Monocytes,CD99,PILRA,-0.030919430939272963,-0.2397544768157699,0.17791561493722396,44,0.7716740762782943,0.9476381317605709,10,0.37805803614590483,22,0.28229731766130856,5,0.343594739316874,7,0.2787534517715507
Classical Monocytes|Classical Monocytes|ITGAL_ITGB2|ICAM1,Classical Monocytes,Classical Monocytes,ITGAL_ITGB2,ICAM1,0.048808340537135037,-0.28802630017166886,0.3856429812459389,43,0.7764068504465677,0.9477518105451205,9,0.14963422114253952,22,0.07772407095111983,5,0.2119482750197582,7,0.09122978429120347
Non-classical Monocytes|NK Cells|TNFSF13B|HLA-DPB1,Non-classical Monocytes,NK Cells,TNFSF13B,HLA-DPB1,0.045912487722131023,-0.26933008556160165,0.3611550610058637,56,0.7752973892255843,0.9477518105451205,11,0.19175960625865043,33,0.4631771030985843,5,0.34611416503364606,7,0.5716191741514489
Non-classical Monocytes|NK Cells|CD48|CD244,Non-classical Monocytes,NK Cells,CD48,CD244,-0.030266657720475154,-0.24165452867418044,0.18112121323323013,53,0.7789949989055254,0.9487301477496192,11,0.42798449120329407,32,0.3724464663956785,5,0.4300699282488032,5,0.4047985611616628
B Cells|B Cells|ALOX5|ALOX5AP,B Cells,B Cells,ALOX5,ALOX5AP,-0.01885756903573836,-0.16312063601803534,0.1254054979465586,51,0.7977966313599785,0.9503659779602532,11,0.0,28,0.05607928316354887,5,0.024777558947205146,7,0.09971441114649238
pDCs|pDCs|TNFSF13B|TFRC,pDCs,pDCs,TNFSF13B,TFRC,-0.04180872688543161,-0.46344439552673666,0.3798269417558734,38,0.8459042391194207,0.9503659779602532,8,0.1789484451668545,18,0.20757585808995627,5,0.15435439722652206,7,0.22479053703505544
B Cells|Classical Monocytes|GRN|TNFRSF1B,B Cells,Classical Monocytes,GRN,TNFRSF1B,-0.029810968316167863,-0.3052184771032629,0.24559654047092716,54,0.8319879699616957,0.9503659779602532,10,0.3401369357882974,32,0.309850931180644,5,0.36518131334939474,7,0.3647062770579092
B Cells|Classical Monocytes|GRN|TNFRSF1A,B Cells,Classical Monocytes,GRN,TNFRSF1A,-0.020897458080245596,-0.2330439445916403,0.1912490284311491,54,0.8469073105918221,0.9503659779602532,10,0.0,32,0.07699211292279125,5,0.0481759452659483,7,0.14606551626898515
B Cells|Classical Monocytes|MIF|TNFRSF14,B Cells,Classical Monocytes,MIF,TNFRSF14,0.02639639497059404,-0.2766793518871381,0.3294721418283262,56,0.8644571889920947,0.9503659779602532,11,0.35918632519660093,33,0.4422156708954703,5,0.2593932133404628,7,0.3160261640687381
pDCs|NK Cells|TNFSF13B|HLA-DPB1,pDCs,NK Cells,TNFSF13B,HLA-DPB1,-0.03503714002604075,-0.3779835598875615,0.30790927983548,43,0.8412930186303156,0.9503659779602532,10,0.22611350821047838,21,0.30621869632776383,5,0.293219107825527,7,0.4083614359688532
B Cells|B Cells|MIF|TNFRSF14,B Cells,B Cells,MIF,TNFRSF14,0.028244444291890713,-0.21457177146496942,0.27106066004875085,56,0.8196590587367574,0.9503659779602532,11,0.2876660530574251,33,0.2753042613599953,5,0.3620063060130435,7,0.321400070023723
B Cells|B Cells|FAM3C|LAMP1,B Cells,B Cells,FAM3C,LAMP1,-0.013230325847339686,-0.1354999328242585,0.10903928112957914,56,0.8320444698934636,0.9503659779602532,11,0.0003127212914051986,33,0.08944265695462328,5,0.0,7,0.10236026151055777
pDCs|pDCs|LILRB4|LAIR1,pDCs,pDCs,LILRB4,LAIR1,-0.04221072980808427,-0.38497498722439566,0.3005535276082271,42,0.8092717503410116,0.9503659779602532,10,0.30774531405139577,20,0.35247048203206227,5,0.26865719390006176,7,0.35559309168881253
pDCs|Non-classical Monocytes|MIF|TNFRSF14,pDCs,Non-classical Monocytes,MIF,TNFRSF14,-0.03029502989273225,-0.2865719868645719,0.22598192707910741,44,0.8167777097871698,0.9503659779602532,10,0.26916323457385344,22,0.2572512515300611,5,0.2512194658232507,7,0.26960251267219065
B Cells|CD4 T Cells|GRN|TNFRSF1B,B Cells,CD4 T Cells,GRN,TNFRSF1B,-0.023092832680976047,-0.24371284764566115,0.19752718228370908,54,0.8374516596159824,0.9503659779602532,10,0.06251584244324461,32,0.09520662653915693,5,0.05438245216593396,7,0.11016606894282233
B Cells|CD4 T Cells|MIF|CD74,B Cells,CD4 T Cells,MIF,CD74,-0.04295035277945919,-0.39644057405652283,0.31053986849760445,56,0.8117703541044466,0.9503659779602532,11,0.5892848620218665,33,0.6943725008457582,5,0.41411523000754863,7,0.5621532216108995
Non-classical Monocytes|Non-classical Monocytes|LGALS9|HAVCR2,Non-classical Monocytes,Non-classical Monocytes,LGALS9,HAVCR2,0.019108311538745093,-0.19373807047660374,0.23195469355409393,53,0.8603284936123938,0.9503659779602532,11,0.4028493905960245,30,0.3781131761949916,5,0.44996721483048513,7,0.40612268889070713
CD8 T Cells|NK Cells|CLEC2B|KLRF1,CD8 T Cells,NK Cells,CLEC2B,KLRF1,-0.030063033380040627,-0.3140515123255832,0.25392544556550195,55,0.835633544698675,0.9503659779602532,11,0.7633538075603995,33,0.6917879003070647,5,0.38653744126275313,6,0.345034567389459
Non-classical Monocytes|NK Cells|MIF|CD74,Non-classical Monocytes,NK Cells,MIF,CD74,0.03718978988499266,-0.24575236127580075,0.3201319410457861,56,0.7967026703634618,0.9503659779602532,11,0.7111522033508625,33,0.8054281910640957,5,0.6234055380240612,7,0.6804917358523017
CD8 T Cells|Classical Monocytes|HLA-F|LILRB2,CD8 T Cells,Classical Monocytes,HLA-F,LILRB2,0.031925789094393475,-0.23542081195611375,0.2992723901449007,56,0.8149434765368003,0.9503659779602532,11,0.2614035711916858,33,0.2503253680668704,5,0.2942951575956815,7,0.2512911653764726
CD8 T Cells|Non-classical Monocytes|MIF|TNFRSF14,CD8 T Cells,Non-classical Monocytes,MIF,TNFRSF14,0.02475697278661526,-0.2058709841584293,0.2553849297316598,56,0.8333600511301682,0.9503659779602532,11,0.1896679789773691,33,0.14566243789452316,5,0.2676072297342103,7,0.1988447158647491
Non-classical Monocytes|NK Cells|COPA|CD74,Non-classical Monocytes,NK Cells,COPA,CD74,-0.027487766652915357,-0.23544752668378469,0.18047199337795397,56,0.795585321232686,0.9503659779602532,11,0.3538886734462607,33,0.36898595696122855,5,0.3551139468406027,7,0.39769899700848593
Classical Monocytes|CD8 T Cells|MIF|TNFRSF14,Classical Monocytes,CD8 T Cells,MIF,TNFRSF14,0.0248965602813227,-0.2269175389962354,0.2767106595588808,56,0.8463486910054683,0.9503659779602532,11,0.33046961395714036,33,0.37006260837578864,5,0.12983925257856493,7,0.1445356867158905
Non-classical Monocytes|CD4 T Cells|SELL|SELPLG,Non-classical Monocytes,CD4 T Cells,SELL,SELPLG,-0.020883075767549115,-0.21047695993704962,0.1687108084019514,56,0.8290790313505909,0.9503659779602532,11,0.10330720170023477,33,0.22974963160647807,5,0.010049732872364237,7,0.15737523854615665
Non-classical Monocytes|CD4 T Cells|MIF|CD74,Non-classical Monocytes,CD4 T Cells,MIF,CD74,0.04109550140961615,-0.34137809046106304,0.42356909328029535,56,0.8332060144416409,0.9503659779602532,11,0.5652327368154602,33,0.6512125430361175,5,0.4166564828600661,7,0.46154078767110734
Non-classical Monocytes|CD4 T Cells|HBEGF|CD44,Non-classical Monocytes,CD4 T Cells,HBEGF,CD44,0.021439554262339622,-0.22170509135352112,0.26458419987820037,45,0.8627913105906148,0.9503659779602532,8,0.36331701424901,25,0.4440183153695748,5,0.3186113136358994,7,0.3778730604941246
Non-classical Monocytes|CD4 T Cells|GRN|TNFRSF1B,Non-classical Monocytes,CD4 T Cells,GRN,TNFRSF1B,0.0318117913476198,-0.19953050725632218,0.26315408995156175,56,0.7875342465277544,0.9503659779602532,11,0.32900672529308556,33,0.43373704325156787,5,0.3210184152855958,7,0.39393694189645834
Non-classical Monocytes|CD8 T Cells|HBEGF|CD44,Non-classical Monocytes,CD8 T Cells,HBEGF,CD44,0.027547586745164776,-0.28302248746501524,0.3381176609553448,45,0.8619841822119908,0.9503659779602532,8,0.27570967319740936,25,0.35589592592384894,5,0.2861899004919457,7,0.3388285664732205
CD4 T Cells|CD4 T Cells|MIF|TNFRSF14,CD4 T Cells,CD4 T Cells,MIF,TNFRSF14,0.03164505135705342,-0.20722692157062841,0.27051702428473523,56,0.7951335924952415,0.9503659779602532,11,0.22284921728901652,33,0.2754153004095194,5,0.27959943474581644,7,0.3005204665092659
CD4 T Cells|CD8 T Cells|CLEC2D|KLRB1,CD4 T Cells,CD8 T Cells,CLEC2D,KLRB1,-0.025741688329376233,-0.27753699303169593,0.22605361637294347,56,0.8411894908553473,0.9503659779602532,11,0.4054200848271179,33,0.30874358728325973,5,0.47191609012666025,7,0.40098128091217833
Non-classical Monocytes|Classical Monocytes|ITGAL_ITGB2|ICAM1,Non-classical Monocytes,Classical Monocytes,ITGAL_ITGB2,ICAM1,0.038470411781328734,-0.24320185033284866,0.3201426738955061,46,0.7889385662619451,0.9503659779602532,10,0.07511401724661877,24,0.04771272994969852,5,0.11016183053722428,7,0.0442901314589753
Classical Monocytes|CD4 T Cells|SELL|SELPLG,Classical Monocytes,CD4 T Cells,SELL,SELPLG,-0.026319666054316238,-0.3120476328771327,0.25940830076850024,56,0.8567279118851568,0.9503659779602532,11,0.39972894372541445,33,0.4035407623674989,5,0.3794160508654541,7,0.4095475355618548
pDCs|B Cells|COPA|CD74,pDCs,B Cells,COPA,CD74,0.00701847488405305,-0.0638137289376856,0.0778506787057917,43,0.8460154801048654,0.9503659779602532,10,0.9257308390085417,21,0.8949032207104702,5,0.8965113186216416,7,0.8586652254395171
Classical Monocytes|CD4 T Cells|HBEGF|CD44,Classical Monocytes,CD4 T Cells,HBEGF,CD44,-0.028230772316453878,-0.24963372666485023,0.19317218203194247,50,0.8026552567245859,0.9503659779602532,10,0.35664880195771337,28,0.4138545354140279,5,0.3264212894938984,7,0.4118577952666668
Non-classical Monocytes|Classical Monocytes|APP|CD74,Non-classical Monocytes,Classical Monocytes,APP,CD74,0.024219967742384607,-0.2242509153508463,0.2726908508356155,49,0.8484867283732984,0.9503659779602532,6,0.3665080569724992,31,0.3451794351093262,5,0.40391219359958763,7,0.35836360399403
Classical Monocytes|CD8 T Cells|SELL|SELPLG,Classical Monocytes,CD8 T Cells,SELL,SELPLG,-0.02541611488743606,-0.26112487333392875,0.2102926435590566,56,0.8326220358231853,0.9503659779602532,11,0.3811570930504265,33,0.397343593332509,5,0.30387799990054887,7,0.34548061507006744
NK Cells|Classical Monocytes|SELL|SELPLG,NK Cells,Classical Monocytes,SELL,SELPLG,-0.025854973288712113,-0.2854828888652878,0.23377294228786355,56,0.84525010619895,0.9503659779602532,11,0.38519392617774506,33,0.3173795389795131,5,0.2528459324191159,7,0.21088651850959605
pDCs|Classical Monocytes|LGALS9|LRP1,pDCs,Classical Monocytes,LGALS9,LRP1,0.02075795640601118,-0.17642354435565716,0.21793945716767954,43,0.8365316095094085,0.9503659779602532,10,0.02197109241128493,21,0.2355264825472024,5,0.0037924483060920887,7,0.1965898820359984
B Cells|Non-classical Monocytes|CD99|PILRA,B Cells,Non-classical Monocytes,CD99,PILRA,0.02285364817636401,-0.20328751340598336,0.24899480975871138,56,0.8429884022577654,0.9503659779602532,11,0.2072003504774596,33,0.23634342114421517,5,0.22938428005446906,7,0.2356737025448606
B Cells|NK Cells|MIF|CD74,B Cells,NK Cells,MIF,CD74,0.025287553345125335,-0.25961730249384324,0.3101924091840939,56,0.8618951187571593,0.9503659779602532,11,0.7248450311669788,33,0.8298892649034952,5,0.6212754365588762,7,0.7010321169502672
NK Cells|CD4 T Cells|SELL|SELPLG,NK Cells,CD4 T Cells,SELL,SELPLG,-0.025524657165369363,-0.31471498867826997,0.2636656743475313,56,0.8626582732786028,0.9503659779602532,11,0.3839457636347643,33,0.33202403300715794,5,0.20001184246549836,7,0.17361476900326137
NK Cells|CD8 T Cells|KLRF1|CLEC2B,NK Cells,CD8 T Cells,KLRF1,CLEC2B,-0.030063033380040627,-0.3140515123255832,0.25392544556550195,55,0.835633544698675,0.9503659779602532,11,0.7633538075603995,33,0.6917879003070647,5,0.38653744126275313,6,0.345034567389459
Classical Monocytes|pDCs|TNFSF13B|TFRC,Classical Monocytes,pDCs,TNFSF13B,TFRC,-0.03710107619972125,-0.34743587216550254,0.27323371976606003,38,0.8147387521970751,0.9503659779602532,8,0.3922529289233828,18,0.36387704724210806,5,0.38763778738297283,7,0.39636298190141933
pDCs|NK Cells|COPA|CD74,pDCs,NK Cells,COPA,CD74,-0.028081123919012962,-0.2518484709634434,0.19568622312541747,43,0.8057125919284178,0.9503659779602532,10,0.41398693653024976,21,0.46551947635528607,5,0.3650411063058575,7,0.4446547700499068
Classical Monocytes|Non-classical Monocytes|APP|CD74,Classical Monocytes,Non-classical Monocytes,APP,CD74,-0.012095820604371532,-0.12555229634833528,0.10136065513959222,55,0.8344828528312476,0.9503659779602532,11,0.6843809716901725,32,0.7022763962717811,5,0.7892806024223072,7,0.8192718476082873
NK Cells|NK Cells|MIF|CD74,NK Cells,NK Cells,MIF,CD74,0.03681601496950915,-0.24257772859058424,0.31620975852960254,56,0.7962011857288342,0.9503659779602532,11,0.7642591326521189,33,0.8720766600360293,5,0.6512667184419731,7,0.7222682308563745
NK Cells|Non-classical Monocytes|ITGAL_ITGB2|ICAM1,NK Cells,Non-classical Monocytes,ITGAL_ITGB2,ICAM1,-0.018829495888156696,-0.1608879411779472,0.12322894940163381,47,0.7950270124308769,0.9503659779602532,9,0.038274358526408495,26,0.10318834210195314,5,0.012505618723525713,7,0.09624909818722706
Classical Monocytes|Non-classical Monocytes|LGALS9|CD47,Classical Monocytes,Non-classical Monocytes,LGALS9,CD47,0.021544884610478876,-0.22262136832505106,0.26571113754600884,56,0.8626950933939276,0.9503659779602532,11,0.15082741353381426,33,0.2054905730069518,5,0.26123262045695056,7,0.29435089531960923
Classical Monocytes|NK Cells|MIF|CD74,Classical Monocytes,NK Cells,MIF,CD74,-0.032814880236787025,-0.34707215635296795,0.2814423958793939,56,0.8378375522054327,0.9503659779602532,11,0.6589363457669986,33,0.7684010312715543,5,0.5019511456533565,7,0.6442307113946993
Classical Monocytes|NK Cells|MIF|TNFRSF14,Classical Monocytes,NK Cells,MIF,TNFRSF14,0.026129370888128195,-0.24620527025237973,0.29846401202863615,56,0.8508371778590922,0.9503659779602532,11,0.3379127336888667,33,0.3731263656687862,5,0.15280120916581377,7,0.16188547025760508
Classical Monocytes|NK Cells|TNFSF13B|HLA-DPB1,Classical Monocytes,NK Cells,TNFSF13B,HLA-DPB1,0.034319748959532825,-0.24237257141170893,0.3110120693307746,56,0.8079235389597189,0.9503659779602532,11,0.2705503009716676,33,0.5198000652260221,5,0.45191765778539955,7,0.6668476730802212
CD4 T Cells|CD4 T Cells|MIF|CD74,CD4 T Cells,CD4 T Cells,MIF,CD74,0.028825406040202006,-0.31099018212963553,0.36864099421003954,56,0.8679546173550237,0.9522394665609868,11,0.7191429036338549,33,0.8039149162265836,5,0.540734425252216,7,0.5966810318047427
pDCs|B Cells|MIF|TNFRSF14,pDCs,B Cells,MIF,TNFRSF14,-0.019500598496405785,-0.2589080408610921,0.21990684386828055,44,0.8731598415797112,0.9559750018120137,10,0.22318523744601199,22,0.2790445252907797,5,0.2593310510349064,7,0.3346909373760799
pDCs|CD4 T Cells|MIF|CD74,pDCs,CD4 T Cells,MIF,CD74,-0.03344699083131342,-0.4511653395270756,0.38427135786444877,44,0.8752955692662463,0.9563414553094173,10,0.6886281919894722,22,0.733954209001555,5,0.470003995696317,7,0.5487770035397131
CD8 T Cells|CD4 T Cells|MIF|CD74,CD8 T Cells,CD4 T Cells,MIF,CD74,0.030639968541189,-0.3686213041117318,0.4299012411941098,56,0.8804404668966141,0.9580202621354551,11,0.6456908286309813,33,0.7380744458348373,5,0.4908357552674195,7,0.5525794039300865
Classical Monocytes|Non-classical Monocytes|SPN|ICAM1,Classical Monocytes,Non-classical Monocytes,SPN,ICAM1,0.02044242148904421,-0.24224667935315655,0.28313152233124494,45,0.8787736102077268,0.9580202621354551,9,0.14958330885134116,24,0.1864225377372739,5,0.1104445502315716,7,0.12684135762846013
Classical Monocytes|CD8 T Cells|COPA|CD74,Classical Monocytes,CD8 T Cells,COPA,CD74,-0.018033140721074092,-0.2616427837117743,0.22557650226962614,56,0.8846431088731204,0.958664266962504,11,0.280002810206243,33,0.4431935263054608,5,0.36468510658270653,7,0.5459089634029984
Non-classical Monocytes|pDCs|SELL|SELPLG,Non-classical Monocytes,pDCs,SELL,SELPLG,0.02261431711406836,-0.279264058944114,0.3244926931722507,44,0.8832702703192968,0.958664266962504,10,0.22578375907341064,22,0.3031133601580611,5,0.26896104796821324,7,0.32367633193879536
Non-classical Monocytes|NK Cells|LGALS9|CD44,Non-classical Monocytes,NK Cells,LGALS9,CD44,-0.020093158382039178,-0.30670030756120126,0.2665139907971229,56,0.8907089929381502,0.9632718436866757,11,0.1895348304384969,33,0.31855395264406655,5,0.33954351906701696,7,0.4886557996546258
Classical Monocytes|CD8 T Cells|LGALS9|CD44,Classical Monocytes,CD8 T Cells,LGALS9,CD44,-0.012218257321953363,-0.21401185158552513,0.1895753369416184,56,0.9055348479741127,0.963418715902135,11,0.08953640068910945,33,0.2890379738360121,5,0.19919801925442499,7,0.410917849723281
B Cells|Classical Monocytes|FCER2|ITGAM_ITGB2,B Cells,Classical Monocytes,FCER2,ITGAM_ITGB2,0.01629829057889498,-0.24611921072704518,0.27871579188483514,55,0.9031129133798375,0.963418715902135,11,0.21031812922522217,33,0.19979163592960228,5,0.28675920042403413,6,0.25993441654951926
CD8 T Cells|Classical Monocytes|MIF|TNFRSF14,CD8 T Cells,Classical Monocytes,MIF,TNFRSF14,0.020764371139334936,-0.2813404136698311,0.32286915594850096,56,0.8928388526894471,0.963418715902135,11,0.40516321243814685,33,0.3947423719242809,5,0.2977966774712936,7,0.26661146581809275
Non-classical Monocytes|pDCs|APP|CD74,Non-classical Monocytes,pDCs,APP,CD74,0.011594901053732842,-0.18759367370932375,0.21078347581678944,40,0.9091657967371852,0.963418715902135,6,0.671931007470349,22,0.6988641900550177,5,0.6752656481278645,7,0.6906039296588004
Non-classical Monocytes|NK Cells|CD58|CD2,Non-classical Monocytes,NK Cells,CD58,CD2,0.013458764599518669,-0.23203670039604377,0.2589542295950811,56,0.9144313235681282,0.963418715902135,11,0.3103984856733553,33,0.24481511525873598,5,0.46455625252361366,7,0.3855141175094757
CD4 T Cells|NK Cells|MIF|CD74,CD4 T Cells,NK Cells,MIF,CD74,0.013498326830468588,-0.2042830450051039,0.2312796986660411,56,0.9033102972245812,0.963418715902135,11,0.811901887841912,33,0.8908647772589346,5,0.7042767326470623,7,0.7697412952336163
Non-classical Monocytes|Classical Monocytes|ITGAL_ITGB2|ICAM3,Non-classical Monocytes,Classical Monocytes,ITGAL_ITGB2,ICAM3,-0.015335419416928397,-0.2541102155744048,0.22343937674054798,56,0.8998272512258751,0.963418715902135,11,0.3034514275307183,33,0.3677490266981311,5,0.31105408519198263,7,0.3906871037763238
Classical Monocytes|CD4 T Cells|MIF|CD74,Classical Monocytes,CD4 T Cells,MIF,CD74,-0.014064038704541204,-0.25772593325766907,0.22959785584858666,56,0.9099289903684755,0.963418715902135,11,0.5019833407491759,33,0.580957135896498,5,0.40242010337426154,7,0.4954579372261248
Classical Monocytes|B Cells|MIF|TNFRSF14,Classical Monocytes,B Cells,MIF,TNFRSF14,0.01532493567149859,-0.25285926890763033,0.28350914025062746,56,0.910824319937711,0.963418715902135,11,0.3307873348703294,33,0.3692953143290439,5,0.15556150624537818,7,0.17874455003259407
B Cells|pDCs|MIF|TNFRSF14,B Cells,pDCs,MIF,TNFRSF14,-0.018614685098019695,-0.3352100016252544,0.29798063142921494,44,0.9082557253643304,0.963418715902135,10,0.3795046558526868,22,0.32994611559843867,5,0.2142425457098291,7,0.18329869055360068
NK Cells|Classical Monocytes|ITGAL_ITGB2|ICAM3,NK Cells,Classical Monocytes,ITGAL_ITGB2,ICAM3,0.00984251044139467,-0.15181189113383178,0.17149691201662112,56,0.905010259609894,0.963418715902135,11,0.3112168517228284,33,0.29383336624187895,5,0.40604337652449357,7,0.3788173806021494
pDCs|Classical Monocytes|SELL|SELPLG,pDCs,Classical Monocytes,SELL,SELPLG,-0.012382505410648281,-0.23722470774878135,0.2124596969274848,44,0.91404400210618,0.963418715902135,10,0.36386188429533384,22,0.4218525778457636,5,0.35250603579952133,7,0.42287923476059935
pDCs|NK Cells|MIF|CD74,pDCs,NK Cells,MIF,CD74,0.01708082300971059,-0.2844416179969666,0.3186032640163878,44,0.9115931850057075,0.963418715902135,10,0.7859001238338088,22,0.8567684400304973,5,0.6583373373617697,7,0.7121248305487476
Non-classical Monocytes|Classical Monocytes|HBEGF|CD44,Non-classical Monocytes,Classical Monocytes,HBEGF,CD44,-0.013827470861369928,-0.27538101606537857,0.2477260743426387,45,0.9174734443291916,0.9647097008689124,8,0.4998811791687367,25,0.48166839764343317,5,0.45880084155709683,7,0.4544155308931632
Non-classical Monocytes|Classical Monocytes|LGALS9|CD47,Non-classical Monocytes,Classical Monocytes,LGALS9,CD47,-0.010402123157162602,-0.21625439502407778,0.19545014870975258,56,0.9211058252340176,0.966615006322655,11,0.2675913186429558,33,0.2885937397760659,5,0.3409448582417132,7,0.3723494025319859
Non-classical Monocytes|B Cells|APP|CD74,Non-classical Monocytes,B Cells,APP,CD74,0.005959783985415079,-0.11718914587888357,0.12910871384971373,49,0.9244321271166698,0.9681922278085832,6,0.7254348943150153,31,0.7681641312056064,5,0.7746423911569144,7,0.8114118440620904
pDCs|Non-classical Monocytes|CD52|SIGLEC10,pDCs,Non-classical Monocytes,CD52,SIGLEC10,0.017235209045194988,-0.34979683953316315,0.3842672576235531,43,0.926668944908305,0.9685728071499247,10,0.41123523472233164,21,0.41083130375525667,5,0.3125802531635062,7,0.2949411131512362
pDCs|pDCs|LGALS9|CD44,pDCs,pDCs,LGALS9,CD44,-0.013794701910484097,-0.31486551123234013,0.28727610741137194,43,0.9284436136333553,0.9685728071499247,10,0.26777869268797483,21,0.31138708800012754,5,0.2676916417766287,7,0.3250947389992655
Non-classical Monocytes|CD8 T Cells|ALOX5|ALOX5AP,Non-classical Monocytes,CD8 T Cells,ALOX5,ALOX5AP,0.011171421905252554,-0.2527140863578603,0.2750569301683654,55,0.9338723687008187,0.9693394816217735,10,0.19615368644674866,33,0.11413708192123116,5,0.34216295038368355,7,0.2489749239529135
CD8 T Cells|Classical Monocytes|MIF|CD74,CD8 T Cells,Classical Monocytes,MIF,CD74,-0.0021478068448554932,-0.05497005688762975,0.050674443197918764,56,0.9364805161430693,0.9693394816217735,11,0.9494358834465438,33,0.9475933375538552,5,0.9306810825524476,7,0.9309863435046145
CD4 T Cells|pDCs|MIF|CD74,CD4 T Cells,pDCs,MIF,CD74,-0.00025023306421767533,-0.006036379539115657,0.0055359134106803065,44,0.9324502682873148,0.9693394816217735,10,0.9989056624410813,22,0.9980055680990234,5,0.9961682723991145,7,0.9955184111212744
NK Cells|Classical Monocytes|ITGAL_ITGB2|ICAM1,NK Cells,Classical Monocytes,ITGAL_ITGB2,ICAM1,-0.007145878669249553,-0.18162711205234716,0.16733535471384808,46,0.9360222614443623,0.9693394816217735,10,0.06887860727294451,24,0.12900623880668657,5,0.032694707582167526,7,0.09996821778515914
Classical Monocytes|CD8 T Cells|GRN|TNFRSF1B,Classical Monocytes,CD8 T Cells,GRN,TNFRSF1B,0.008368652713180325,-0.20454585487821275,0.2212831603045734,56,0.9385942489306431,0.9696372493816566,11,0.46800765892419616,33,0.5540198988640834,5,0.41573070107957094,7,0.4933742883062779
Classical Monocytes|Non-classical Monocytes|HLA-F|LILRB2,Classical Monocytes,Non-classical Monocytes,HLA-F,LILRB2,-0.007415999533819939,-0.21315486877407305,0.19832286970643317,56,0.9436777047886016,0.972995847073296,11,0.29143548773458194,33,0.26623313080141947,5,0.3765744139285777,7,0.3587880565292352
Non-classical Monocytes|B Cells|HBEGF|CD44,Non-classical Monocytes,B Cells,HBEGF,CD44,-0.010575188578007655,-0.3390799062938914,0.3179295291378761,45,0.9496908955961454,0.9735248369914155,8,0.19053704487084916,25,0.1325597544936529,5,0.36203436715330517,7,0.31463226535411654
NK Cells|CD4 T Cells|MIF|CD74,NK Cells,CD4 T Cells,MIF,CD74,0.01337801499709812,-0.37498125718517095,0.4017372871793672,56,0.946171000859747,0.9735248369914155,11,0.6555792947307831,33,0.773460347483398,5,0.45084564300588914,7,0.5553486807614059
Classical Monocytes|NK Cells|APP|CD74,Classical Monocytes,NK Cells,APP,CD74,0.006048376341642736,-0.17530428773791804,0.1874010404212035,55,0.9478812703370344,0.9735248369914155,11,0.3174921818899082,32,0.2973452799858425,5,0.3485358446038854,7,0.322340566358177
Non-classical Monocytes|pDCs|MIF|CD74,Non-classical Monocytes,pDCs,MIF,CD74,0.0004878235403329434,-0.015295467121063572,0.01627111420172946,44,0.9516954770479537,0.9736999967484844,10,0.992240318845609,22,0.9891136318411452,5,0.9864965509941064,7,0.9828820404493096
CD8 T Cells|B Cells|MIF|TNFRSF14,CD8 T Cells,B Cells,MIF,TNFRSF14,-0.005442250637740231,-0.20852435542123465,0.1976398541457542,56,0.958111444099597,0.9783791861863192,11,0.254627244979712,33,0.2078113228627941,5,0.2929926511349395,7,0.25161897965576185
NK Cells|Classical Monocytes|MIF|TNFRSF14,NK Cells,Classical Monocytes,MIF,TNFRSF14,0.006615135431173147,-0.31049131027279525,0.32372158113514155,56,0.9673862428584983,0.9857123593812547,11,0.38074402012601816,33,0.3420998767508006,5,0.32494515873930735,7,0.27968587993291666
Classical Monocytes|Classical Monocytes|SELL|SELPLG,Classical Monocytes,Classical Monocytes,SELL,SELPLG,-0.005870336260902775,-0.3019819278101971,0.29024125528839156,56,0.9690053702391995,0.9857123593812547,11,0.3921802779223036,33,0.3984748916153008,5,0.3394704908083274,7,0.3516354407622274
CD8 T Cells|NK Cells|MIF|TNFRSF14,CD8 T Cells,NK Cells,MIF,TNFRSF14,0.003876737438684996,-0.2208748290118699,0.22862830388923988,56,0.9730307362163744,0.987489947070231,11,0.19086534892055151,33,0.191389394353681,5,0.22324786288338894,7,0.21989517087783342
Non-classical Monocytes|Non-classical Monocytes|SELL|SELPLG,Non-classical Monocytes,Non-classical Monocytes,SELL,SELPLG,-0.0029571366332354354,-0.2149789887804387,0.20906471551396782,56,0.9781915483219237,0.987489947070231,11,0.2337958070360907,33,0.23336454856265323,5,0.2629935545131586,7,0.2655194326729565
B Cells|Classical Monocytes|ALOX5|ALOX5AP,B Cells,Classical Monocytes,ALOX5,ALOX5AP,0.0024499661066528337,-0.16661383224841853,0.17151376446172417,51,0.9773410793479507,0.987489947070231,11,0.01272498352292731,28,0.10698950768370406,5,0.024854431445245417,7,0.11666898949936934
Non-classical Monocytes|CD8 T Cells|CD58|CD2,Non-classical Monocytes,CD8 T Cells,CD58,CD2,-0.00405739029511154,-0.2682150071067683,0.26010022651654524,56,0.9759836941427302,0.987489947070231,11,0.43055529673747395,33,0.3810222183982944,5,0.44638398941112295,7,0.40090830136705496
Classical Monocytes|CD4 T Cells|MIF|TNFRSF14,Classical Monocytes,CD4 T Cells,MIF,TNFRSF14,-0.0022072638732526517,-0.2590819963880487,0.2546674686415434,56,0.9865630565079164,0.9927123651868687,11,0.3227552098223272,33,0.3691106290659485,5,0.14308281303794243,7,0.19164549615481638
Non-classical Monocytes|Classical Monocytes|HLA-F|LILRB2,Non-classical Monocytes,Classical Monocytes,HLA-F,LILRB2,0.0018517723170212719,-0.2427939631445353,0.24649750777857785,56,0.9881635311411884,0.9927123651868687,11,0.37974314052634117,33,0.2792415595520197,5,0.2941359897386301,7,0.19178263644728735
B Cells|NK Cells|FCER2|ITGAM_ITGB2,B Cells,NK Cells,FCER2,ITGAM_ITGB2,0.0021487403977190067,-0.3025804923097572,0.3068779731051952,54,0.9889733355628126,0.9927123651868687,11,0.3454041108202924,33,0.2893576482567928,5,0.34050801399168623,5,0.2823128110304676
CD8 T Cells|CD4 T Cells|MIF|TNFRSF14,CD8 T Cells,CD4 T Cells,MIF,TNFRSF14,0.0009247065791910536,-0.20879318436223557,0.21064259752061767,56,0.9931047310144977,0.9949785135258459,11,0.20127679598078815,33,0.18026603844333924,5,0.21627771762247897,7,0.194342253505839
NK Cells|CD8 T Cells|ITGAL_ITGB2|ICAM3,NK Cells,CD8 T Cells,ITGAL_ITGB2,ICAM3,-4.07316396261459e-05,-0.20624659971927894,0.20616513644002665,56,0.9996910992133138,0.9996910992133138,11,0.1381654784320434,33,0.14423575942691036,5,0.22871680715014917,7,0.23482781978464226
