cohort,sample,review_group,label,cells,n_genes_by_counts_median,total_counts_median,pct_counts_mt_median,doublet_score_median,ribosomal_percent_retained_genes_median,reference_probability_median,nonT_multimarker_flag_fraction,CD8_both_detected_fraction,same_restoration_gate_fraction,p08_fraction
child,GSM4029896_JB17001,excluded_unrestored,Ribosomal/Low-quality,575,781.0,1987.0,1.6835016835016834,0.0372630202658531,39.333935,0.853406275311775,0.44173913043478263,0.08521739130434783,0.0,0.5373913043478261
child,GSM4029896_JB17001,original_T,CD4 T Cells,253,876.0,2123.0,1.601537475976938,0.0505050505050505,34.9278,0.687728984302913,0.45849802371541504,0.011857707509881422,0.42292490118577075,0.41106719367588934
child,GSM4029896_JB17001,original_T,CD8 T Cells,168,887.5,2112.0,2.5179076506489118,0.0358974358974358,28.4436305,0.716651502322059,0.5,0.09523809523809523,0.13690476190476192,0.4523809523809524
child,GSM4029896_JB17001,other,B Cells,1419,890.0,2244.0,2.2298456260720414,0.038683859493108,35.336906,0.8515600139841558,0.9696969696969697,0.0,0.0,0.5644820295983086
child,GSM4029896_JB17001,other,Classical Monocytes,949,1019.0,2502.0,3.322259136212625,0.0333196215549156,18.179256,0.930830377835979,1.0,0.0,0.001053740779768177,0.7355110642781876
child,GSM4029896_JB17001,other,IFN-stimulated T Cells,29,867.0,2436.0,1.4945652173913044,0.0449927431059506,39.867954,0.8852120899039803,0.4827586206896552,0.06896551724137931,0.5517241379310345,0.6206896551724138
child,GSM4029896_JB17001,other,NK Cells,90,1019.5,2044.0,2.547915290757313,0.041705282669138,20.0121405,0.9339819964903228,0.4888888888888889,0.0,0.011111111111111112,0.5777777777777777
child,GSM4029896_JB17001,other,Non-classical Monocytes,412,1380.0,3842.0,2.583918935949095,0.0372630202658531,18.60472,0.9795525514710064,1.0,0.0024271844660194173,0.0,0.7985436893203883
child,GSM4029896_JB17001,other,Plasma Cells,6,833.5,1777.0,4.580719200579777,0.06562545613779006,22.9358845,0.6270989611402418,0.8333333333333334,0.0,0.0,0.16666666666666666
child,GSM4029896_JB17001,other,Platelets,15,1021.0,2557.0,2.254791431792559,0.0546344115248708,12.928349,0.2212310963420863,1.0,0.06666666666666667,0.0,0.26666666666666666
child,GSM4029896_JB17001,other,RBCs,5,477.0,862.0,3.128911138923655,0.0401633764465622,10.735123,0.3673326547633183,0.8,0.0,0.0,0.2
child,GSM4029896_JB17001,other,cDCs,71,2187.0,7281.0,2.573879885605338,0.087378640776699,22.23074,0.689798609641194,1.0,0.0,0.0,0.352112676056338
child,GSM4029896_JB17001,other,pDCs,8,1151.0,2613.0,2.9492968116116236,0.09859667359667355,24.5667,0.981344552916898,0.625,0.0,0.0,1.0
child,GSM4029896_JB17001,restored,CD4 T Cells,321,786.0,2119.0,1.401584399756246,0.0372630202658531,42.637363,0.9606349237341242,0.45794392523364486,0.003115264797507788,1.0,0.8348909657320872
child,GSM4029896_JB17001,restored,CD8 T Cells,227,969.0,2812.0,1.6699688649872628,0.038683859493108,44.239502,0.9344098240063096,0.4977973568281938,0.44933920704845814,1.0,0.8193832599118943
child,GSM4029897_JB17002,excluded_unrestored,Ribosomal/Low-quality,859,757.0,2060.0,2.1760633036597428,0.0509726668308298,40.99581,0.9095574618375366,0.32945285215366704,0.1280558789289872,0.0,0.6356228172293364
child,GSM4029897_JB17002,original_T,CD4 T Cells,451,941.0,2441.0,2.1632937892533146,0.0570221752903907,34.9286,0.7853280303432089,0.376940133037694,0.004434589800443459,0.47671840354767187,0.47671840354767187
child,GSM4029897_JB17002,original_T,CD8 T Cells,294,922.0,2108.0,3.2289886163553563,0.0249957490222751,24.866957499999998,0.6202080222456394,0.2891156462585034,0.35374149659863946,0.3673469387755102,0.3435374149659864
child,GSM4029897_JB17002,other,B Cells,994,798.0,2065.5,2.747728744818441,0.0368852459016393,37.6839045,0.8713277913435704,0.9225352112676056,0.0,0.001006036217303823,0.60261569416499
child,GSM4029897_JB17002,other,Classical Monocytes,907,953.0,2316.0,4.380952380952381,0.0288200108754758,19.097586,0.9400114020997424,1.0,0.0011025358324145535,0.0,0.7717750826901875
child,GSM4029897_JB17002,other,IFN-stimulated T Cells,29,854.0,2378.0,1.8266356692128864,0.0549110595514307,40.597454,0.93841622898012,0.41379310344827586,0.034482758620689655,0.6551724137931034,0.7241379310344828
child,GSM4029897_JB17002,other,NK Cells,108,1193.5,2600.0,2.8020352636685013,0.0375489081878211,17.7670515,0.9974162508581619,0.37962962962962965,0.009259259259259259,0.009259259259259259,0.8333333333333334
child,GSM4029897_JB17002,other,Non-classical Monocytes,351,1364.0,3852.0,3.081298885991941,0.0331845526877547,19.89051,0.9814083651275368,0.9971509971509972,0.0,0.0,0.7749287749287749
child,GSM4029897_JB17002,other,Plasma Cells,2,1553.5,8858.0,9.144872592520604,0.06205832586841835,19.206609,0.7652196859747173,1.0,0.0,0.0,0.5
child,GSM4029897_JB17002,other,Platelets,5,891.0,2538.0,1.5408320493066257,0.0410245278923377,28.67133,0.983416301373514,0.8,0.0,0.4,0.8
child,GSM4029897_JB17002,other,RBCs,6,395.0,688.0,11.337052062204192,0.025479670173977897,10.436364,0.18979995588451953,0.5,0.0,0.0,0.16666666666666666
child,GSM4029897_JB17002,other,cDCs,54,2045.0,7166.5,3.222378843445028,0.0693069306930692,25.1804045,0.7203560870098298,1.0,0.037037037037037035,0.0,0.3888888888888889
child,GSM4029897_JB17002,other,pDCs,25,1702.0,4993.0,2.344273275284662,0.0854760250173731,29.356136,0.9712842477739392,0.72,0.0,0.0,0.92
child,GSM4029897_JB17002,restored,CD4 T Cells,423,814.0,2240.0,1.7067833698030634,0.0549110595514307,42.028984,0.956725496275556,0.3404255319148936,0.014184397163120567,1.0,0.8156028368794326
child,GSM4029897_JB17002,restored,CD8 T Cells,530,920.5,2696.5,2.278257812994048,0.052896725440806,42.99138,0.9595553108754443,0.38301886792452833,0.4320754716981132,1.0,0.8226415094339623
child,GSM4029898_JB17003,excluded_unrestored,Ribosomal/Low-quality,426,959.0,2435.0,1.6871567023899616,0.0476451259583789,37.851945,0.9191842519060465,0.5070422535211268,0.18309859154929578,0.0,0.636150234741784
child,GSM4029898_JB17003,original_T,CD4 T Cells,301,1170.0,2998.0,1.6587677725118484,0.0618158403090792,31.216755,0.7753019869496197,0.6511627906976745,0.029900332225913623,0.6179401993355482,0.4684385382059801
child,GSM4029898_JB17003,original_T,CD8 T Cells,308,1146.5,2611.0,1.7452061099712424,0.0236583958453548,24.43377,0.7755735236143095,0.5811688311688312,0.5162337662337663,0.5454545454545454,0.4707792207792208
child,GSM4029898_JB17003,other,B Cells,401,997.0,2480.0,2.1422797089733225,0.0208333333333333,32.3817,0.8725373977066072,0.9950124688279302,0.0024937655860349127,0.0,0.6034912718204489
child,GSM4029898_JB17003,other,Classical Monocytes,841,1202.0,2999.0,3.232,0.0387143900657414,17.822222,0.9416066431607492,1.0,0.0023781212841854932,0.0011890606420927466,0.7740784780023782
child,GSM4029898_JB17003,other,IFN-stimulated T Cells,55,994.0,2813.0,1.4583333333333333,0.0420382165605095,36.59297,0.9456032745521844,0.6545454545454545,0.07272727272727272,0.7090909090909091,0.7272727272727273
child,GSM4029898_JB17003,other,NK Cells,160,1272.5,2644.5,2.150728563362759,0.0203932979807058,15.3684625,0.9981588452048201,0.65625,0.00625,0.0,0.85
child,GSM4029898_JB17003,other,Non-classical Monocytes,551,1773.0,5240.0,2.39377618192699,0.0342465753424657,17.210377,0.9966589816969708,1.0,0.0,0.0,0.8874773139745916
child,GSM4029898_JB17003,other,Plasma Cells,15,2418.0,8591.0,4.178898290450699,0.1201248049921996,19.510925,0.7911782664839548,1.0,0.0,0.0,0.4666666666666667
child,GSM4029898_JB17003,other,Platelets,7,1368.0,2995.0,2.044653349001175,0.0497051390058972,18.817797,0.6285920209067096,0.8571428571428571,0.0,0.14285714285714285,0.42857142857142855
child,GSM4029898_JB17003,other,RBCs,2,610.5,1174.0,5.970683799359782,0.08042633656409509,24.2674255,0.2854396745253733,0.5,0.0,0.0,0.0
child,GSM4029898_JB17003,other,cDCs,36,2466.5,8519.0,2.6818165996574024,0.0709495234733498,21.482331000000002,0.8774264313369899,1.0,0.0,0.0,0.6111111111111112
child,GSM4029898_JB17003,other,pDCs,5,1931.0,6133.0,1.7606781871535704,0.1132075471698113,30.55784,0.9926533168020916,1.0,0.0,0.0,1.0
child,GSM4029898_JB17003,restored,CD4 T Cells,345,927.0,2423.0,1.5672913117546847,0.0518731988472622,39.24974,0.9789346646782586,0.6260869565217392,0.017391304347826087,1.0,0.8347826086956521
child,GSM4029898_JB17003,restored,CD8 T Cells,357,1110.0,3114.0,1.7932489451476792,0.0476451259583789,40.401245,0.9547030526335558,0.6078431372549019,0.5854341736694678,1.0,0.84593837535014
child,GSM4029899_JB17004,excluded_unrestored,Ribosomal/Low-quality,955,876.0,2313.0,1.7316017316017316,0.0482060312568787,39.13664,0.9062373278461178,0.4806282722513089,0.14764397905759163,0.0,0.6104712041884817
child,GSM4029899_JB17004,original_T,CD4 T Cells,520,1094.5,2958.5,1.4520722002821458,0.0552763819095477,36.474627999999996,0.7305949858012056,0.5884615384615385,0.01730769230769231,0.49423076923076925,0.4173076923076923
child,GSM4029899_JB17004,original_T,CD8 T Cells,345,1081.0,2557.0,1.9835329341317365,0.0294515910629654,27.318804,0.50659917576724,0.4666666666666667,0.3072463768115942,0.22028985507246376,0.2608695652173913
child,GSM4029899_JB17004,other,B Cells,444,916.0,2271.0,2.083714407505293,0.013653603034134,34.163338,0.8848873452240992,0.963963963963964,0.0,0.0,0.6328828828828829
child,GSM4029899_JB17004,other,Classical Monocytes,1472,993.0,2376.5,3.542390342497588,0.0421846341960464,18.475896,0.9633137941203055,1.0,0.0006793478260869565,0.0,0.8301630434782609
child,GSM4029899_JB17004,other,IFN-stimulated T Cells,28,1047.5,2840.5,1.4465098289985114,0.0459053412098347,40.0201815,0.8677498090005985,0.4642857142857143,0.14285714285714285,0.5,0.7142857142857143
child,GSM4029899_JB17004,other,NK Cells,264,1159.5,2552.5,1.8971572164995352,0.0218522372528616,22.382722,0.959503944737546,0.553030303030303,0.007575757575757576,0.0,0.6401515151515151
child,GSM4029899_JB17004,other,Non-classical Monocytes,592,1499.0,4383.0,2.4560097906111475,0.0382239382239382,20.712954500000002,0.9758574653084184,1.0,0.0033783783783783786,0.0,0.8378378378378378
child,GSM4029899_JB17004,other,Plasma Cells,2,917.0,2031.5,5.4975675022686445,0.06499116521492054,27.460628500000002,0.5580647912846001,1.0,0.0,0.0,0.5
child,GSM4029899_JB17004,other,Platelets,22,1337.0,3458.0,2.935993370129994,0.08830594988329105,18.098028,0.7238947589848268,1.0,0.0,0.0,0.45454545454545453
child,GSM4029899_JB17004,other,RBCs,3,712.0,1548.0,2.8142589118198877,0.0394969542149734,41.988228,0.0523847466663745,0.3333333333333333,0.0,0.0,0.0
child,GSM4029899_JB17004,other,cDCs,53,2234.0,7494.0,2.42798353909465,0.086491739552964,22.250317,0.8722095485659136,1.0,0.0,0.0,0.6415094339622641
child,GSM4029899_JB17004,other,pDCs,42,1693.5,4849.5,1.703323054193254,0.0582675876770591,29.515857500000003,0.9921029703826603,0.6666666666666666,0.0,0.0,0.9761904761904762
child,GSM4029899_JB17004,restored,CD4 T Cells,693,859.0,2320.0,1.5472779369627507,0.0498652291105121,41.757763,0.9750275516636628,0.4660894660894661,0.007215007215007215,1.0,0.8643578643578643
child,GSM4029899_JB17004,restored,CD8 T Cells,560,1060.0,3083.5,1.776068631521539,0.0482060312568787,42.590412,0.9538740691826451,0.5660714285714286,0.5142857142857142,1.0,0.8178571428571428
child,GSM4029900_JB17005,excluded_unrestored,Ribosomal/Low-quality,650,834.0,2513.0,3.4379179337779933,0.0521008403361344,45.2195645,0.9381572253808175,0.3,0.13384615384615384,0.0,0.6307692307692307
child,GSM4029900_JB17005,original_T,CD4 T Cells,439,1033.0,3299.0,3.0221262817053427,0.0645264847512038,42.012238,0.8124300407710283,0.38724373576309795,0.02050113895216401,0.5763097949886105,0.5148063781321185
child,GSM4029900_JB17005,original_T,CD8 T Cells,243,906.0,2322.0,3.643525356967011,0.0285714285714285,33.70253,0.5794808314993432,0.2345679012345679,0.2880658436213992,0.32098765432098764,0.3786008230452675
child,GSM4029900_JB17005,other,B Cells,389,799.0,2293.0,4.120982986767486,0.0138846035174328,39.782288,0.8675521694090617,0.9074550128534704,0.0,0.0,0.6118251928020566
child,GSM4029900_JB17005,other,Classical Monocytes,879,1020.0,2656.0,6.598984771573605,0.0321750321750321,21.715914,0.9509230643576037,1.0,0.0,0.0011376564277588168,0.7792946530147895
child,GSM4029900_JB17005,other,IFN-stimulated T Cells,1,1070.0,3545.0,2.538787023977433,0.0543259557344064,42.21971,0.7327500091827824,0.0,0.0,0.0,0.0
child,GSM4029900_JB17005,other,NK Cells,182,973.0,2165.0,4.008032128514056,0.0174216027874564,22.7036475,0.9960310664575295,0.3021978021978022,0.005494505494505495,0.005494505494505495,0.7582417582417582
child,GSM4029900_JB17005,other,Non-classical Monocytes,350,1426.5,4394.5,4.933320013503219,0.036226930963773,23.55808,0.942696089387853,1.0,0.0,0.0,0.7085714285714285
child,GSM4029900_JB17005,other,Plasma Cells,4,1819.5,6054.5,9.306367774382913,0.12326944178553909,22.076507499999998,0.7464980467126945,1.0,0.0,0.0,0.5
child,GSM4029900_JB17005,other,Platelets,23,1208.0,3263.0,7.271514342895263,0.0705762018411183,19.93007,0.8079117068494395,1.0,0.043478260869565216,0.043478260869565216,0.5217391304347826
child,GSM4029900_JB17005,other,RBCs,1,446.0,821.0,7.429963459196102,0.0198123044838373,12.10269,0.8202429527009962,0.0,0.0,0.0,1.0
child,GSM4029900_JB17005,other,cDCs,79,2051.0,7867.0,3.8812083973374296,0.0591446769790718,29.261496,0.7490750677961533,1.0,0.0,0.0,0.3924050632911392
child,GSM4029900_JB17005,other,pDCs,13,1422.0,4199.0,2.717229023589131,0.0774263904034896,31.19403,0.954459757699649,0.5384615384615384,0.0,0.0,0.6923076923076923
child,GSM4029900_JB17005,restored,CD4 T Cells,504,854.0,2717.5,2.8072956345978444,0.0566706021251475,47.1547635,0.9844899444859139,0.29365079365079366,0.007936507936507936,1.0,0.8968253968253969
child,GSM4029900_JB17005,restored,CD8 T Cells,381,949.0,3280.0,3.5472091810119983,0.0543259557344064,48.388077,0.9737777107882434,0.3569553805774278,0.47244094488188976,1.0,0.8713910761154856
child,GSM4029901_JB17006,excluded_unrestored,Ribosomal/Low-quality,539,939.0,2930.0,2.781456953642384,0.0400166736140058,46.021698,0.8111605313426218,0.4489795918367347,0.24489795918367346,0.0,0.5064935064935064
child,GSM4029901_JB17006,original_T,CD4 T Cells,691,1055.0,3506.0,2.1946564885496183,0.0373493975903614,44.0471,0.7643984325363333,0.48480463096960924,0.010130246020260492,0.5846599131693199,0.45296671490593343
child,GSM4029901_JB17006,original_T,CD8 T Cells,303,923.0,2291.0,2.957121734844751,0.0199456029011786,30.95488,0.6967667462349212,0.43564356435643564,0.5148514851485149,0.40924092409240925,0.40924092409240925
child,GSM4029901_JB17006,other,B Cells,394,855.0,2642.5,3.0479790050035627,0.0104037651721575,42.8656005,0.894311120574484,0.9416243654822335,0.0025380710659898475,0.0025380710659898475,0.700507614213198
child,GSM4029901_JB17006,other,Classical Monocytes,1798,949.0,2376.0,4.9290335768499265,0.0550389545111837,23.787427,0.9656942862567452,0.9994438264738599,0.0011123470522803114,0.0011123470522803114,0.8464961067853171
child,GSM4029901_JB17006,other,IFN-stimulated T Cells,2,1195.0,4009.5,2.398536557841285,0.07876843600671571,43.966038499999996,0.9797045041135137,0.5,1.0,1.0,1.0
child,GSM4029901_JB17006,other,NK Cells,123,1015.0,2411.0,2.8389444949954505,0.0264855687606112,25.451807,0.97945388758871,0.3902439024390244,0.016260162601626018,0.008130081300813009,0.7073170731707317
child,GSM4029901_JB17006,other,Non-classical Monocytes,525,1278.0,3720.0,3.858784893267652,0.053071253071253,25.17647,0.94227165786463,1.0,0.0038095238095238095,0.0,0.7619047619047619
child,GSM4029901_JB17006,other,Platelets,27,1126.0,3458.0,3.588860178007465,0.0570987654320987,22.217484,0.7637929505195509,1.0,0.037037037037037035,0.07407407407407407,0.4444444444444444
child,GSM4029901_JB17006,other,RBCs,1,305.0,4970.0,0.0804828973843058,0.1841289522628642,4.472141,0.2816388704069595,1.0,0.0,0.0,0.0
child,GSM4029901_JB17006,other,cDCs,60,1870.5,6650.0,3.0407278689995105,0.0664018161180476,29.062621,0.6861121799719303,0.9833333333333333,0.0,0.0,0.4
child,GSM4029901_JB17006,other,pDCs,8,1664.5,4681.5,2.6362874839935664,0.09905053762892116,31.141638999999998,0.426647867651775,0.625,0.125,0.0,0.375
child,GSM4029901_JB17006,restored,CD4 T Cells,181,946.0,3068.0,2.270189802754001,0.0476629058254662,47.87308,0.9014703890914412,0.4088397790055249,0.016574585635359115,1.0,0.6464088397790055
child,GSM4029901_JB17006,restored,CD8 T Cells,663,1034.0,3669.0,2.6708788052843198,0.0336950314106225,48.535854,0.9670657383853164,0.5203619909502263,0.5414781297134238,1.0,0.8627450980392157
child,GSM4029902_JB17007,excluded_unrestored,Ribosomal/Low-quality,502,863.5,2433.5,1.4800812441885522,0.0518731988472622,40.7857135,0.8764250161502234,0.33067729083665337,0.08366533864541832,0.0,0.5597609561752988
child,GSM4029902_JB17007,original_T,CD4 T Cells,326,1103.5,3051.5,1.317731075591705,0.0709495234733498,36.3725635,0.7691720129997655,0.3987730061349693,0.012269938650306749,0.6134969325153374,0.4601226993865031
child,GSM4029902_JB17007,original_T,CD8 T Cells,447,1077.0,2586.0,2.3082942097026606,0.0267965895249695,25.835396,0.5879056586556118,0.27740492170022374,0.37360178970917224,0.378076062639821,0.2930648769574944
child,GSM4029902_JB17007,other,B Cells,401,912.0,2515.0,1.8531228551818808,0.0131620181761203,36.39576,0.776686903366288,0.9476309226932669,0.0024937655860349127,0.0024937655860349127,0.46384039900249374
child,GSM4029902_JB17007,other,Classical Monocytes,559,1166.0,3024.0,3.266331658291457,0.0267965895249695,17.743288,0.9511372200932052,1.0,0.0,0.0,0.7924865831842576
child,GSM4029902_JB17007,other,IFN-stimulated T Cells,40,960.5,2648.5,1.160993873383254,0.059117923052862,41.5832665,0.9695409933155112,0.3,0.0,0.775,0.725
child,GSM4029902_JB17007,other,NK Cells,188,1223.0,2698.5,2.1691226836914144,0.0246671887235708,19.712094999999998,0.9869500908526249,0.3404255319148936,0.02127659574468085,0.015957446808510637,0.6914893617021277
child,GSM4029902_JB17007,other,Non-classical Monocytes,301,1584.0,4731.0,2.139346631974559,0.0290893760539629,18.663504,0.9933699224893032,1.0,0.0033222591362126247,0.0,0.8803986710963455
child,GSM4029902_JB17007,other,Plasma Cells,2,2980.5,14096.0,3.5995601246970517,0.2126127374109329,30.521285,0.0344913380091492,1.0,0.0,0.0,0.0
child,GSM4029902_JB17007,other,Platelets,41,738.0,1775.0,1.9900497512437807,0.1068883610451306,3.2463768,0.4201908755785533,0.975609756097561,0.024390243902439025,0.024390243902439025,0.2682926829268293
child,GSM4029902_JB17007,other,RBCs,21,299.0,5313.0,0.0722152012998736,0.08203125,4.961832,0.2180585802328262,0.42857142857142855,0.0,0.047619047619047616,0.0
child,GSM4029902_JB17007,other,cDCs,34,2394.0,8989.5,2.4636407917404544,0.08415049741798294,23.149469,0.797985396483458,1.0,0.029411764705882353,0.0,0.5
child,GSM4029902_JB17007,other,pDCs,9,1958.0,6566.0,1.5686871763630827,0.0541580349215744,31.463375,0.9487852519271064,0.8888888888888888,0.0,0.0,0.6666666666666666
child,GSM4029902_JB17007,restored,CD4 T Cells,661,930.0,2652.0,1.1380400421496313,0.0565693430656934,43.85965,0.9794078603617724,0.3267776096822995,0.0015128593040847202,1.0,0.886535552193646
child,GSM4029902_JB17007,restored,CD8 T Cells,285,1043.0,3376.0,1.524390243902439,0.0646766169154229,44.93252,0.9646632055916148,0.36140350877192984,0.4807017543859649,1.0,0.8385964912280702
child,GSM4029903_JB17008,excluded_unrestored,Ribosomal/Low-quality,856,895.0,2749.5,1.571056812936314,0.0636015325670498,44.951092,0.8757612308545094,0.04322429906542056,0.14485981308411214,0.0,0.5677570093457944
child,GSM4029903_JB17008,original_T,CD4 T Cells,774,1148.5,3411.0,1.4231878009558006,0.0792520035618878,38.254165,0.7579914723020525,0.059431524547803614,0.08397932816537468,0.6149870801033591,0.4560723514211886
child,GSM4029903_JB17008,original_T,CD8 T Cells,960,1053.0,2590.0,1.881158177941523,0.0468948035487959,25.509017,0.680039091882735,0.03854166666666667,0.4552083333333333,0.46875,0.39479166666666665
child,GSM4029903_JB17008,other,B Cells,547,860.0,2649.0,2.260828177058544,0.0183100501831005,40.268456,0.7583702692792638,0.9140767824497258,0.0018281535648994515,0.0,0.4405850091407678
child,GSM4029903_JB17008,other,Classical Monocytes,229,1101.0,2843.0,3.966005665722379,0.0231591448931116,18.991383,0.939977060139753,1.0,0.0,0.0,0.7510917030567685
child,GSM4029903_JB17008,other,IFN-stimulated T Cells,44,1017.0,3156.5,1.315791681899673,0.05358444212229285,41.278615,0.9360834770364902,0.06818181818181818,0.20454545454545456,0.6590909090909091,0.7045454545454546
child,GSM4029903_JB17008,other,NK Cells,492,1073.0,2489.0,2.1702508201218085,0.0340184266477675,21.8804665,0.5722322132053816,0.03048780487804878,0.1443089430894309,0.16869918699186992,0.27235772357723576
child,GSM4029903_JB17008,other,Non-classical Monocytes,111,1453.0,4441.0,2.781289506953224,0.0500878734622144,18.213356,0.9851109286561176,1.0,0.009009009009009009,0.0,0.8198198198198198
child,GSM4029903_JB17008,other,Plasma Cells,6,3914.0,22956.5,2.297364336393562,0.17929898571870984,26.089887,0.8652675946167759,1.0,0.0,0.0,0.6666666666666666
child,GSM4029903_JB17008,other,Platelets,11,1518.0,4244.0,3.243723616974006,0.1330698287220026,20.597933,0.7041923579980915,1.0,0.18181818181818182,0.0,0.36363636363636365
child,GSM4029903_JB17008,other,RBCs,19,343.0,6204.0,0.0577784197602195,0.0856604957640414,4.890679,0.2116963120199476,0.05263157894736842,0.0,0.0,0.0
child,GSM4029903_JB17008,other,cDCs,12,2172.5,8471.0,2.364457988786919,0.1101855357819007,23.937114,0.562928902145871,1.0,0.0,0.0,0.25
child,GSM4029903_JB17008,other,pDCs,8,1725.5,5706.0,1.928134020153041,0.0721703100548978,31.6177325,0.9586168915922393,0.25,0.0,0.0,0.75
child,GSM4029903_JB17008,restored,CD4 T Cells,1091,924.0,2892.0,1.389998402300687,0.0735004224162207,46.25323,0.9637357257977002,0.03024747937671861,0.007332722273143905,1.0,0.8148487626031164
child,GSM4029903_JB17008,restored,CD8 T Cells,883,1065.0,3526.0,1.7308266189197254,0.0683096705062951,46.03668,0.9496756087591708,0.052095130237825596,0.49943374858437145,1.0,0.8278595696489242
child,GSM4029904_JB17015,excluded_unrestored,Ribosomal/Low-quality,1688,773.0,3192.0,4.190976179506454,0.044569311096614245,55.1223175,0.9404914044216234,0.42713270142180093,0.10545023696682465,0.0,0.715047393364929
child,GSM4029904_JB17015,original_T,CD4 T Cells,849,944.0,3790.0,3.911923167018037,0.0554294975688816,50.873177,0.7584796692144125,0.5064782096584217,0.011778563015312132,0.5712603062426383,0.4381625441696113
child,GSM4029904_JB17015,original_T,CD8 T Cells,707,875.0,2681.0,5.615724027276374,0.0196987253765932,38.233215,0.5058309325574502,0.4243281471004243,0.22913719943422914,0.3026874115983027,0.26166902404526166
child,GSM4029904_JB17015,other,B Cells,1339,818.0,3118.0,5.18722088629337,0.0201656113005358,50.51306,0.8912023617311057,0.9761015683345781,0.0007468259895444362,0.0014936519790888724,0.6915608663181478
child,GSM4029904_JB17015,other,Classical Monocytes,2574,1008.5,2838.5,7.28012219692226,0.0337738619676945,26.016552500000003,0.9894812892411897,1.0,0.001554001554001554,0.001554001554001554,0.9234654234654235
child,GSM4029904_JB17015,other,IFN-stimulated T Cells,53,880.0,3927.0,3.5765722515602496,0.0377089542568355,55.355667,0.9549917738851048,0.5283018867924528,0.11320754716981132,0.7924528301886793,0.7735849056603774
child,GSM4029904_JB17015,other,NK Cells,464,969.0,2553.0,5.448145585006589,0.0102129680943709,28.974699,0.9908023825393029,0.41594827586206895,0.00646551724137931,0.0,0.8706896551724138
child,GSM4029904_JB17015,other,Non-classical Monocytes,979,1219.0,3885.0,6.553398058252427,0.0264907881827101,27.18163,0.9856846932909156,1.0,0.0,0.0,0.9213483146067416
child,GSM4029904_JB17015,other,Plasma Cells,19,2599.0,12758.0,4.332621826604297,0.0924137931034482,29.012983,0.8983131742943884,0.9473684210526315,0.05263157894736842,0.0,0.5263157894736842
child,GSM4029904_JB17015,other,Platelets,138,1286.0,3843.0,7.198232274842891,0.0609714088873578,25.086816,0.9699236372411804,1.0,0.0,0.036231884057971016,0.7318840579710145
child,GSM4029904_JB17015,other,RBCs,24,1011.0,5342.5,3.4977975237236802,0.0567527553873992,53.670441499999995,0.6915006194198281,0.6666666666666666,0.125,0.2916666666666667,0.4583333333333333
child,GSM4029904_JB17015,other,cDCs,65,2344.0,10157.0,4.673923898931389,0.0744387554155179,33.497417,0.6479340068966069,1.0,0.0,0.0,0.35384615384615387
child,GSM4029904_JB17015,other,pDCs,14,1919.5,7044.5,3.549200776936975,0.08505546379097995,39.184101999999996,0.9732249150900991,0.6428571428571429,0.0,0.0,0.5714285714285714
child,GSM4029904_JB17015,restored,CD4 T Cells,2271,802.0,3500.0,3.4501420646732512,0.0505050505050505,56.32589,0.96482646642404,0.46323205636283576,0.007926023778071334,1.0,0.8943196829590488
child,GSM4029904_JB17015,restored,CD8 T Cells,1265,917.0,4234.0,4.32326743428199,0.0505050505050505,56.281578,0.962309719162005,0.524901185770751,0.5438735177865612,1.0,0.8719367588932806
child,GSM4029905_JB17016,excluded_unrestored,Ribosomal/Low-quality,667,898.0,2934.0,1.25,0.0203896692342546,47.85769,0.7442326462204681,0.8440779610194903,0.095952023988006,0.0,0.4617691154422789
child,GSM4029905_JB17016,original_T,CD4 T Cells,366,1106.0,3544.5,1.2543225699146887,0.0360386756519191,39.459936,0.7084164449522575,0.8743169398907104,0.15027322404371585,0.5300546448087432,0.41530054644808745
child,GSM4029905_JB17016,original_T,CD8 T Cells,782,1042.0,2677.5,1.8628369005428413,0.0209454046011216,28.32872,0.39522674281641346,0.860613810741688,0.18797953964194372,0.15217391304347827,0.17902813299232737
child,GSM4029905_JB17016,other,B Cells,1626,855.5,2590.5,1.3893968950662439,0.0198452741338715,43.020067,0.8344728646864279,0.9797047970479705,0.003075030750307503,0.0,0.5510455104551045
child,GSM4029905_JB17016,other,Classical Monocytes,2724,1617.0,5228.0,2.9483284584329863,0.0409668811803484,18.752131,0.9751298048709511,1.0,0.0018355359765051395,0.0003671071953010279,0.8762848751835536
child,GSM4029905_JB17016,other,IFN-stimulated T Cells,12,1050.0,3001.0,1.0280505974363627,0.0284557981962184,44.659465,0.7573174873962998,0.8333333333333334,0.25,0.75,0.4166666666666667
child,GSM4029905_JB17016,other,NK Cells,882,1139.5,2824.5,2.1063095113529346,0.0203896692342546,24.0642565,0.9941705563642996,0.8696145124716553,0.0045351473922902496,0.0,0.8174603174603174
child,GSM4029905_JB17016,other,Non-classical Monocytes,1291,2011.0,6882.0,1.8757633920781716,0.0360386756519191,16.923843,0.9778934766829996,1.0,0.0,0.0,0.8799380325329202
child,GSM4029905_JB17016,other,Plasma Cells,120,2016.0,7838.5,4.154903224465188,0.0748455024032959,24.8138155,0.8615291597812431,0.9916666666666667,0.0,0.0,0.5833333333333334
child,GSM4029905_JB17016,other,Platelets,96,2027.5,6629.0,2.79132854221624,0.0685049547608789,19.801672,0.6487434845373006,1.0,0.09375,0.020833333333333332,0.3645833333333333
child,GSM4029905_JB17016,other,RBCs,139,312.0,5739.0,0.0583090379008746,0.0215128383067314,5.697446,0.1655486744386013,0.9568345323741008,0.0,0.007194244604316547,0.007194244604316547
child,GSM4029905_JB17016,other,cDCs,48,2784.5,12267.0,2.5406782350381634,0.10146366490355829,20.8383855,0.583051033731635,1.0,0.0,0.0,0.3125
child,GSM4029905_JB17016,other,pDCs,20,1932.5,6900.5,2.1309500143851343,0.098060198598899,34.7806455,0.9527160165859341,0.95,0.0,0.0,0.65
child,GSM4029905_JB17016,restored,CD4 T Cells,383,837.0,2920.0,1.109877913429523,0.0203896692342546,51.130833,0.91945390054197,0.8433420365535248,0.005221932114882507,1.0,0.7284595300261096
child,GSM4029905_JB17016,restored,CD8 T Cells,488,1032.0,3763.5,1.3669878083614297,0.0203896692342546,50.6118675,0.9410010164496438,0.8934426229508197,0.4426229508196721,1.0,0.7807377049180327
child,GSM4029906_JB17014,excluded_unrestored,Ribosomal/Low-quality,1896,835.0,3105.0,2.8352090323483274,0.0581162324649298,51.9645195,0.9118613938679564,0.3259493670886076,0.12921940928270043,0.0,0.614451476793249
child,GSM4029906_JB17014,original_T,CD4 T Cells,1326,950.5,3408.5,2.708692604531244,0.0640113798008534,47.382876499999995,0.7533989144123712,0.36726998491704377,0.021116138763197588,0.6025641025641025,0.4374057315233786
child,GSM4029906_JB17014,original_T,CD8 T Cells,915,875.0,2552.0,4.203216374269006,0.0231505298899063,36.113537,0.6389542809625601,0.3016393442622951,0.4284153005464481,0.3912568306010929,0.3442622950819672
child,GSM4029906_JB17014,other,B Cells,727,836.0,2881.0,4.081632653061225,0.0146750524109014,47.55757,0.8727447899760932,0.9766162310866575,0.05364511691884457,0.02200825309491059,0.6217331499312242
child,GSM4029906_JB17014,other,Classical Monocytes,1961,1313.0,4042.0,4.279475982532751,0.0247723904298115,27.409485,0.9654942671626676,1.0,0.02702702702702703,0.0071392146863844975,0.787353391126976
child,GSM4029906_JB17014,other,IFN-stimulated T Cells,85,949.0,3563.0,2.464,0.0482430017867778,50.429737,0.9540705674358652,0.21176470588235294,0.17647058823529413,0.7058823529411765,0.7058823529411765
child,GSM4029906_JB17014,other,NK Cells,743,964.0,2364.0,4.0,0.0166469571545529,25.670887,0.9930686258668536,0.2934051144010767,0.02826379542395693,0.005383580080753701,0.7994616419919246
child,GSM4029906_JB17014,other,Non-classical Monocytes,679,1613.0,5452.0,3.958393527882115,0.0247723904298115,27.782742,0.9698493259299096,1.0,0.025036818851251842,0.0,0.812960235640648
child,GSM4029906_JB17014,other,Plasma Cells,12,1957.0,7643.0,3.204706686226216,0.15369504653911603,42.987234,0.07519024872295971,0.6666666666666666,0.0,0.0,0.08333333333333333
child,GSM4029906_JB17014,other,Platelets,131,1572.0,5093.0,4.497907949790795,0.168141592920354,29.292929,0.5881162188078682,0.9923664122137404,0.12213740458015267,0.061068702290076333,0.3282442748091603
child,GSM4029906_JB17014,other,RBCs,59,839.0,5258.0,1.6700066800267204,0.0763986364547824,46.244694,0.6379786343658154,0.23728813559322035,0.13559322033898305,0.4745762711864407,0.3559322033898305
child,GSM4029906_JB17014,other,cDCs,117,2239.0,9309.0,3.781809613572102,0.0763986364547824,33.488903,0.7034872290419772,1.0,0.06837606837606838,0.0,0.358974358974359
child,GSM4029906_JB17014,other,pDCs,25,2210.0,9262.0,2.9874979704497484,0.1255813953488372,38.275463,0.9561176395093526,0.88,0.04,0.0,0.56
child,GSM4029906_JB17014,restored,CD4 T Cells,2504,833.0,3195.5,2.4100166701553727,0.0595217907410547,53.4502945,0.955364407069323,0.2987220447284345,0.010782747603833865,1.0,0.854632587859425
child,GSM4029906_JB17014,restored,CD8 T Cells,2378,975.0,4112.5,3.07706829700411,0.0595217907410547,54.427577,0.9697234858983135,0.38057190916736755,0.5382674516400336,1.0,0.8662741799831791
child,GSM4029907_JB17010,excluded_unrestored,Ribosomal/Low-quality,1722,838.0,3104.0,4.0659275004450155,0.0412076703386372,49.966758999999996,0.8890851477896917,0.32984901277584205,0.15156794425087108,0.0,0.5882694541231127
child,GSM4029907_JB17010,original_T,CD4 T Cells,913,1058.0,4021.0,3.699330972058245,0.0595217907410547,48.099815,0.7191999637501039,0.42606790799561883,0.0208105147864184,0.5585980284775466,0.3855421686746988
child,GSM4029907_JB17010,original_T,CD8 T Cells,2068,854.0,2283.5,4.598971131937796,0.0323198467799856,31.195012,0.779886396475737,0.2988394584139265,0.5643133462282398,0.43617021276595747,0.47195357833655704
child,GSM4029907_JB17010,other,B Cells,1754,767.0,2452.0,5.345924998076586,0.0196987253765932,45.474435,0.9462435945447769,0.984036488027366,0.0011402508551881414,0.0005701254275940707,0.8135689851767389
child,GSM4029907_JB17010,other,Classical Monocytes,1364,1132.5,3500.5,6.4466631400363275,0.0187891440501043,27.556757,0.9717040826260996,1.0,0.0036656891495601175,0.0021994134897360706,0.8519061583577713
child,GSM4029907_JB17010,other,IFN-stimulated T Cells,8,799.0,3302.0,3.6225403972455648,0.0342507934659173,52.634851,0.9493508388026828,0.125,0.25,0.5,0.75
child,GSM4029907_JB17010,other,NK Cells,916,897.0,2133.5,4.430730113919125,0.0276943610276943,25.483742499999998,0.9972330405512935,0.31004366812227074,0.02947598253275109,0.0032751091703056767,0.8635371179039302
child,GSM4029907_JB17010,other,Non-classical Monocytes,445,1533.0,5293.0,5.581058226624789,0.0295939435650378,28.257103,0.9428884832417074,1.0,0.006741573033707865,0.0,0.7078651685393258
child,GSM4029907_JB17010,other,Plasma Cells,24,2063.5,8104.0,7.208682551472281,0.08619418735784981,29.588317,0.8507291058773145,0.9583333333333334,0.041666666666666664,0.0,0.5833333333333334
child,GSM4029907_JB17010,other,Platelets,68,1516.0,5388.5,6.168832485214123,0.0581162324649298,27.894722,0.7533200247903187,1.0,0.17647058823529413,0.029411764705882353,0.4852941176470588
child,GSM4029907_JB17010,other,cDCs,137,2313.0,10253.0,3.896296296296296,0.0567527553873992,32.830647,0.6521111032034154,1.0,0.014598540145985401,0.0,0.2773722627737226
child,GSM4029907_JB17010,other,pDCs,54,1510.5,4851.0,2.962742346635417,0.070722433460076,36.762911,0.9452350654949343,0.6296296296296297,0.018518518518518517,0.0,0.7407407407407407
child,GSM4029907_JB17010,restored,CD4 T Cells,1532,834.5,3259.0,3.35233944086794,0.046100318933024,52.590635,0.9619619781859186,0.29569190600522194,0.007832898172323759,1.0,0.8674934725848564
child,GSM4029907_JB17010,restored,CD8 T Cells,1307,927.0,3844.0,4.265244918360547,0.046100318933024,52.46298,0.9678239634829064,0.3274674827850038,0.49273144605967867,1.0,0.8538638102524866
child,GSM4029908_JB17019,excluded_unrestored,Ribosomal/Low-quality,535,1149.0,5180.0,2.1077681455039943,0.053071253071253,52.65709,0.6951954990734992,0.9532710280373832,0.19439252336448598,0.0,0.4392523364485981
child,GSM4029908_JB17019,original_T,CD4 T Cells,602,1470.5,6405.0,2.235050554553525,0.0550389545111837,46.3866125,0.714841661014848,0.973421926910299,0.011627906976744186,0.6046511627906976,0.40365448504983387
child,GSM4029908_JB17019,original_T,CD8 T Cells,237,1139.0,3633.0,3.4782608695652173,0.0094476744186046,34.34633,0.6426211021058779,0.9409282700421941,0.32489451476793246,0.5189873417721519,0.33755274261603374
child,GSM4029908_JB17019,other,B Cells,108,1126.0,4409.5,3.2307548320482087,0.013271623363427049,49.0141915,0.8816739661106276,0.9814814814814815,0.0,0.0,0.6666666666666666
child,GSM4029908_JB17019,other,Classical Monocytes,1314,1226.5,3944.5,7.165540641114326,0.0325598802395209,23.352399,0.9947337908628873,1.0,0.00228310502283105,0.0,0.9771689497716894
child,GSM4029908_JB17019,other,IFN-stimulated T Cells,2,1169.5,4618.5,1.3000682806842656,0.042167810983636096,47.280285,0.9293228504535342,1.0,0.0,0.5,1.0
child,GSM4029908_JB17019,other,NK Cells,92,1339.5,3993.5,3.6570357521310024,0.0178493687418371,28.9822245,0.9826711940160898,0.9239130434782609,0.0,0.010869565217391304,0.7608695652173914
child,GSM4029908_JB17019,other,Non-classical Monocytes,206,1493.0,5532.0,5.920972436314544,0.0274185204345576,26.1468305,0.979301400624689,1.0,0.0,0.0,0.9368932038834952
child,GSM4029908_JB17019,other,Plasma Cells,7,3436.0,20362.0,3.727531676652588,0.1725352112676056,30.460197,0.7153256143221055,1.0,0.0,0.0,0.42857142857142855
child,GSM4029908_JB17019,other,Platelets,97,1473.0,4871.0,6.258521952549769,0.053071253071253,20.169851,0.9717906541164852,0.9896907216494846,0.020618556701030927,0.030927835051546393,0.6907216494845361
child,GSM4029908_JB17019,other,RBCs,486,371.0,8240.0,0.18464598522961229,0.0085328276842853,10.8505535,0.22293581651095806,0.9629629629629629,0.00411522633744856,0.0,0.01440329218106996
child,GSM4029908_JB17019,other,cDCs,24,2377.5,10806.5,4.863780493761444,0.0664018161180476,31.6150085,0.48628921157989613,1.0,0.0,0.0,0.20833333333333334
child,GSM4029908_JB17019,other,pDCs,17,3166.0,19224.0,3.6257787764273313,0.0639004149377593,49.501842,0.0403661072041947,1.0,0.0,0.0,0.0
child,GSM4029908_JB17019,restored,CD4 T Cells,878,1190.0,5386.0,1.9150086702122509,0.0639004149377593,53.3475785,0.942341380626587,0.9635535307517085,0.01366742596810934,1.0,0.8154897494305239
child,GSM4029908_JB17019,restored,CD8 T Cells,660,1332.0,6482.0,2.3277099936982735,0.0550389545111837,54.510864,0.907346200371645,0.9757575757575757,0.7848484848484848,1.0,0.7439393939393939
child,GSM4029909_JB17020,excluded_unrestored,Ribosomal/Low-quality,393,1238.0,4910.0,4.138662893526707,0.0491329479768786,46.103264,0.5307514983316521,0.8524173027989822,0.24681933842239187,0.0,0.42493638676844786
child,GSM4029909_JB17020,original_T,CD4 T Cells,553,1466.0,6115.0,3.482587064676617,0.0509726668308298,45.863354,0.793841718345355,0.9258589511754068,0.0325497287522604,0.6871609403254972,0.488245931283906
child,GSM4029909_JB17020,original_T,CD8 T Cells,598,1120.0,3343.0,4.452155810957457,0.0241125251172136,30.723575,0.7456971908058777,0.7675585284280937,0.25585284280936454,0.5468227424749164,0.4297658862876254
child,GSM4029909_JB17020,other,B Cells,560,1138.0,4231.5,5.2582536735166325,0.0146750524109014,44.234284,0.9170407739178192,0.9946428571428572,0.0035714285714285713,0.0,0.7053571428571429
child,GSM4029909_JB17020,other,Classical Monocytes,822,1438.5,4884.0,6.947345651057413,0.0232558139534883,27.026002,0.9901474373556366,1.0,0.0036496350364963502,0.0,0.9513381995133819
child,GSM4029909_JB17020,other,NK Cells,213,1167.0,3188.0,4.951488792238207,0.0224244393890152,26.194853,0.8522380501299358,0.7511737089201878,0.023474178403755867,0.028169014084507043,0.5446009389671361
child,GSM4029909_JB17020,other,Non-classical Monocytes,263,1970.0,7775.0,5.79879679144385,0.0241125251172136,27.402628,0.9720270669359224,1.0,0.0,0.0,0.8098859315589354
child,GSM4029909_JB17020,other,Plasma Cells,146,2812.5,15693.5,6.774945325480637,0.0752142177086638,27.713576500000002,0.8723090306550638,0.9863013698630136,0.0410958904109589,0.00684931506849315,0.6232876712328768
child,GSM4029909_JB17020,other,Platelets,23,1312.0,3940.0,6.557377049180328,0.0249957490222751,23.696018,0.9713686745780182,1.0,0.043478260869565216,0.0,0.782608695652174
child,GSM4029909_JB17020,other,RBCs,2,3489.5,21319.0,3.5696553709542287,0.2013458090311411,50.610644,0.0238865117630166,1.0,0.0,0.0,0.0
child,GSM4029909_JB17020,other,cDCs,52,2806.0,14378.5,4.404524212820233,0.0721776681061073,31.977708,0.6801773451312298,1.0,0.057692307692307696,0.0,0.3076923076923077
child,GSM4029909_JB17020,other,pDCs,14,2259.0,8135.5,3.3803478723625093,0.0980485542091882,34.204856,0.914934349216709,0.9285714285714286,0.0,0.0,0.7857142857142857
child,GSM4029909_JB17020,restored,CD4 T Cells,821,1240.0,5138.0,3.198008425890463,0.0456852791878172,49.0758,0.9758908771266376,0.8453105968331304,0.014616321559074299,1.0,0.8879415347137637
child,GSM4029909_JB17020,restored,CD8 T Cells,701,1403.0,6156.0,4.180701406776302,0.0425155004428697,48.575188,0.9673062723490944,0.9015691868758916,0.8059914407988588,1.0,0.8573466476462197
child,GSM4029910_JB17021,excluded_unrestored,Ribosomal/Low-quality,260,1577.5,5578.0,1.6025998359780176,0.03895099541309535,39.241018,0.3597350957088439,0.9653846153846154,0.3384615384615385,0.0,0.20384615384615384
child,GSM4029910_JB17021,original_T,CD4 T Cells,510,1757.0,6798.0,1.51933258284694,0.0353711790393013,38.8605625,0.847881446070943,0.9823529411764705,0.07647058823529412,0.7509803921568627,0.5803921568627451
child,GSM4029910_JB17021,original_T,CD8 T Cells,774,1374.0,3977.5,2.1700922071094944,0.027027027027027,27.1264165,0.8316828128291287,0.9392764857881137,0.6059431524547804,0.6421188630490956,0.5348837209302325
child,GSM4029910_JB17021,other,B Cells,26,1500.0,5230.5,2.396267233587282,0.0843012364181341,38.29608,0.6051445688294425,0.9615384615384616,0.038461538461538464,0.0,0.23076923076923078
child,GSM4029910_JB17021,other,Classical Monocytes,1362,1259.5,3472.0,4.7451633708609435,0.0523160762942779,19.2266655,0.9920000292070315,1.0,0.002936857562408223,0.0,0.9449339207048458
child,GSM4029910_JB17021,other,IFN-stimulated T Cells,38,1492.0,5278.0,1.221422624060923,0.0315268905831444,38.321267000000006,0.7822598037930089,1.0,0.13157894736842105,0.7894736842105263,0.47368421052631576
child,GSM4029910_JB17021,other,NK Cells,494,1545.0,4218.0,2.5162284357556013,0.0209209273654768,22.492978,0.995683261418036,0.9595141700404858,0.010121457489878543,0.008097165991902834,0.8481781376518218
child,GSM4029910_JB17021,other,Non-classical Monocytes,398,1628.0,5174.5,3.375495496139899,0.0381991814461118,21.3970785,0.9790968612448485,1.0,0.017587939698492462,0.0,0.8819095477386935
child,GSM4029910_JB17021,other,Plasma Cells,8,3316.5,17698.0,3.8542764438392454,0.09305171147671765,28.614936,0.28967585060740575,1.0,0.0,0.0,0.125
child,GSM4029910_JB17021,other,Platelets,42,1614.0,4507.5,5.070690470323875,0.055625273960488095,18.501270499999997,0.9489243518948518,1.0,0.07142857142857142,0.07142857142857142,0.6666666666666666
child,GSM4029910_JB17021,other,RBCs,2,3311.5,15049.0,3.272376920846751,0.080994906185565,45.562252,0.18948052976305715,1.0,0.0,0.0,0.0
child,GSM4029910_JB17021,other,cDCs,67,2849.0,12901.0,3.2679738562091507,0.0702274975272007,26.663939,0.7035899754990427,1.0,0.05970149253731343,0.0,0.43283582089552236
child,GSM4029910_JB17021,other,pDCs,19,2379.0,8957.0,2.5665399239543727,0.0976627712854757,34.461807,0.8734213229275789,1.0,0.05263157894736842,0.0,0.5263157894736842
child,GSM4029910_JB17021,restored,CD4 T Cells,183,1524.0,5976.0,1.130445827511749,0.0303398058252427,42.794697,0.8571837455895884,0.9672131147540983,0.0546448087431694,1.0,0.6229508196721312
child,GSM4029910_JB17021,restored,CD8 T Cells,159,1704.0,6553.0,1.6815034619188922,0.0353711790393013,42.752815,0.8711163905330759,0.9748427672955975,0.9182389937106918,1.0,0.6477987421383647
child,GSM4029911_JB17022,excluded_unrestored,Ribosomal/Low-quality,724,998.0,4130.0,1.9844331647759048,0.0792520035618878,53.064010499999995,0.9444513718387153,0.30662983425414364,0.1464088397790055,0.0,0.7154696132596685
child,GSM4029911_JB17022,original_T,CD4 T Cells,471,1323.0,5404.0,1.827171109200344,0.0856604957640414,47.15072,0.804176146210713,0.4012738853503185,0.010615711252653927,0.70276008492569,0.5031847133757962
child,GSM4029911_JB17022,original_T,CD8 T Cells,785,1063.0,3204.0,2.3361650485436893,0.0263653483992467,33.323757,0.7441843421333393,0.24076433121019108,0.5286624203821656,0.5834394904458599,0.4267515923566879
child,GSM4029911_JB17022,other,B Cells,489,1006.0,3625.0,3.1339942436840422,0.01029983978027,45.454544,0.9084563255217444,0.934560327198364,0.012269938650306749,0.00408997955010225,0.6952965235173824
child,GSM4029911_JB17022,other,Classical Monocytes,311,1235.0,3921.0,5.83989501312336,0.012676566461427,24.054983,0.9924230440136608,1.0,0.003215434083601286,0.0,0.9839228295819936
child,GSM4029911_JB17022,other,IFN-stimulated T Cells,11,1108.0,4208.0,2.021070737475812,0.096774193548387,54.251617,0.8874144087043547,0.09090909090909091,0.18181818181818182,0.8181818181818182,0.7272727272727273
child,GSM4029911_JB17022,other,NK Cells,274,1136.0,3154.0,2.5466976359934144,0.0263653483992467,29.8854945,0.7589877271117897,0.2737226277372263,0.24817518248175183,0.2737226277372263,0.4562043795620438
child,GSM4029911_JB17022,other,Non-classical Monocytes,64,1634.5,6021.0,4.4406449666946255,0.0272376015017235,26.5419045,0.9758877028327582,1.0,0.015625,0.0,0.859375
child,GSM4029911_JB17022,other,Plasma Cells,3,2308.0,12006.0,4.672663668165917,0.3126142595978061,28.900383,0.7687536218794124,0.6666666666666666,0.0,0.0,0.3333333333333333
child,GSM4029911_JB17022,other,Platelets,17,1431.0,4707.0,4.752535189950053,0.035116153430578,22.070162,0.8991392175709074,1.0,0.17647058823529413,0.0,0.5882352941176471
child,GSM4029911_JB17022,other,RBCs,2,459.0,10525.0,0.1441295704160068,0.04323930224292985,9.050405,0.38749985608443216,0.0,0.0,0.0,0.0
child,GSM4029911_JB17022,other,cDCs,19,2706.0,13738.0,3.457627118644068,0.120780805205368,33.64075,0.357491152005789,1.0,0.0,0.0,0.3157894736842105
child,GSM4029911_JB17022,other,pDCs,11,2385.0,9915.0,2.803832576903681,0.076300578034682,33.686268,0.9419803094299796,0.9090909090909091,0.0,0.0,0.8181818181818182
child,GSM4029911_JB17022,restored,CD4 T Cells,2126,1073.0,4791.0,1.7845155398133314,0.0928452579034941,53.961588,0.9763382217913184,0.3339604891815616,0.007525870178739417,1.0,0.9181561618062088
child,GSM4029911_JB17022,restored,CD8 T Cells,957,1200.0,5561.0,2.4006001500375094,0.0891472868217054,53.49165,0.9532649207751562,0.37408568443051204,0.6875653082549634,1.0,0.8484848484848485
child,GSM4029912_JB17023,excluded_unrestored,Ribosomal/Low-quality,469,1007.0,3416.0,2.66798418972332,0.0639004149377593,43.61545,0.952924072031726,0.43710021321961623,0.1279317697228145,0.0,0.7036247334754797
child,GSM4029912_JB17023,original_T,CD4 T Cells,543,1328.0,4769.0,2.3824855119124275,0.0664018161180476,41.86,0.8506485559124886,0.576427255985267,0.034990791896869246,0.7384898710865562,0.569060773480663
child,GSM4029912_JB17023,original_T,CD8 T Cells,178,1358.0,4316.5,2.7165743400601574,0.0304017372421281,32.0458735,0.532637362908446,0.42134831460674155,0.6404494382022472,0.4550561797752809,0.29213483146067415
child,GSM4029912_JB17023,other,B Cells,586,1128.5,3884.5,3.4073874881583546,0.0178493687418371,42.056613999999996,0.8950033006738201,0.9965870307167235,0.008532423208191127,0.0017064846416382253,0.6757679180887372
child,GSM4029912_JB17023,other,Classical Monocytes,299,1473.0,4786.0,5.011303692539562,0.0165417785946557,25.54311,0.9805623472344382,1.0,0.010033444816053512,0.0033444816053511705,0.842809364548495
child,GSM4029912_JB17023,other,IFN-stimulated T Cells,70,1307.5,5398.5,2.1924071080230694,0.06038958242518555,46.184178,0.9685679498895627,0.5,0.2571428571428571,0.8857142857142857,0.8571428571428571
child,GSM4029912_JB17023,other,NK Cells,152,1579.0,4475.0,2.7685699496306913,0.01751821058117345,23.1283005,0.9967357361228768,0.6118421052631579,0.013157894736842105,0.0,0.8552631578947368
child,GSM4029912_JB17023,other,Non-classical Monocytes,152,1986.0,7134.5,4.23490690387302,0.0309322393662342,24.3155745,0.9942251250755296,1.0,0.013157894736842105,0.0,0.9210526315789473
child,GSM4029912_JB17023,other,Plasma Cells,3,3046.0,16385.0,3.091038995224307,0.1110197368421052,28.459417,0.1137456158531839,1.0,0.0,0.0,0.3333333333333333
child,GSM4029912_JB17023,other,Platelets,9,1589.0,5411.0,4.095686843059079,0.0428942807625649,27.744698,0.9661182184887264,1.0,0.1111111111111111,0.1111111111111111,0.5555555555555556
child,GSM4029912_JB17023,other,RBCs,5,580.0,1435.0,11.305925030229746,0.0222222222222222,6.8609595,0.2671837064194077,0.6,0.0,0.0,0.0
child,GSM4029912_JB17023,other,cDCs,20,2927.5,13652.0,3.368834019163014,0.1009946442234123,29.7362535,0.7100740534160884,1.0,0.05,0.0,0.45
child,GSM4029912_JB17023,other,pDCs,9,2826.0,11935.0,3.039212083348646,0.1527041357370095,32.789486,0.990477121715692,0.7777777777777778,0.0,0.0,0.5555555555555556
child,GSM4029912_JB17023,restored,CD4 T Cells,1983,1187.0,4497.0,2.1637675010606703,0.0846205507051712,47.642487,0.9780346167777892,0.5123550176500252,0.008068582955118508,1.0,0.9132627332324761
child,GSM4029912_JB17023,restored,CD8 T Cells,999,1367.0,5836.0,2.6391963221522223,0.0718132854578097,49.30913,0.980121552858353,0.6116116116116116,0.7407407407407407,1.0,0.9059059059059059
child,GSM4029913_JB17024,excluded_unrestored,Ribosomal/Low-quality,307,1175.0,4201.0,2.373618409132089,0.0436046511627907,44.883305,0.8495677719872886,0.8859934853420195,0.24429967426710097,0.0,0.5309446254071661
child,GSM4029913_JB17024,original_T,CD4 T Cells,429,1497.0,5539.0,2.0956607495069037,0.0614439324116743,41.407795,0.7770397185391461,0.9487179487179487,0.05827505827505827,0.6993006993006993,0.46853146853146854
child,GSM4029913_JB17024,original_T,CD8 T Cells,82,1469.5,4126.5,2.6712124055577564,0.0685383980181668,24.2636325,0.7028878717793993,0.9634146341463414,0.4878048780487805,0.1951219512195122,0.4634146341463415
child,GSM4029913_JB17024,other,B Cells,1014,1273.5,4228.0,2.837164577343793,0.0226039783001808,40.2138815,0.9339289156118966,0.9990138067061144,0.0009861932938856016,0.0,0.7534516765285996
child,GSM4029913_JB17024,other,Classical Monocytes,960,1467.5,4729.5,4.6023192263713915,0.0218522372528616,23.156973999999998,0.991146022940783,1.0,0.005208333333333333,0.0,0.9552083333333333
child,GSM4029913_JB17024,other,IFN-stimulated T Cells,36,1469.0,5744.0,2.109981240436306,0.0482060312568787,44.989941,0.9727392123972651,0.9444444444444444,0.2777777777777778,0.9444444444444444,0.8333333333333334
child,GSM4029913_JB17024,other,NK Cells,257,1728.0,4698.0,2.7450980392156863,0.0084165637975535,19.851404,0.9988669023853096,0.9299610894941635,0.01556420233463035,0.0,0.8326848249027238
child,GSM4029913_JB17024,other,Non-classical Monocytes,313,1820.0,6465.0,3.704407294832827,0.0233766233766233,22.084633,0.9875117570669044,1.0,0.009584664536741214,0.0,0.9009584664536742
child,GSM4029913_JB17024,other,Plasma Cells,4,3100.5,13456.5,4.6819701078521545,0.1571258287461547,26.002201,0.8351571171321623,1.0,0.25,0.0,0.5
child,GSM4029913_JB17024,other,Platelets,49,1523.0,5665.0,3.1905195989061075,0.0482060312568787,20.85005,0.8537909054980548,1.0,0.04081632653061224,0.12244897959183673,0.5102040816326531
child,GSM4029913_JB17024,other,RBCs,2,499.5,5342.0,0.5157369618844997,0.14517195767195756,12.31340275,0.3382056037110771,0.5,0.0,0.0,0.0
child,GSM4029913_JB17024,other,cDCs,39,2970.0,13265.0,3.167002688172043,0.0711462450592885,26.193407,0.6963975167097111,1.0,0.05128205128205128,0.0,0.38461538461538464
child,GSM4029913_JB17024,other,pDCs,11,2730.0,10420.0,2.4527586767014995,0.0685383980181668,30.382034,0.9900268143155692,1.0,0.0,0.0,0.9090909090909091
child,GSM4029913_JB17024,restored,CD4 T Cells,1019,1269.0,4991.0,2.0735524256651017,0.0533957845433255,47.57172,0.9697249254108068,0.9352306182531894,0.009813542688910697,1.0,0.8704612365063789
child,GSM4029913_JB17024,restored,CD8 T Cells,1428,1576.5,6710.0,2.5501548524191833,0.0543360832264366,47.592588500000005,0.9755984668070472,0.9670868347338936,0.8417366946778712,1.0,0.9131652661064426
child,GSM4029914_JB17017,excluded_unrestored,Ribosomal/Low-quality,1551,895.0,3890.0,3.543769068293828,0.0630552546045503,52.998867,0.8613711085667151,0.24113475177304963,0.13088330109606705,0.0,0.5577047066408769
child,GSM4029914_JB17017,original_T,CD4 T Cells,641,1105.0,4546.0,3.418803418803419,0.075940034406488,48.64397,0.6153741919771973,0.3666146645865835,0.0124804992199688,0.53198127925117,0.29329173166926675
child,GSM4029914_JB17017,original_T,CD8 T Cells,655,933.0,2984.0,4.684512428298279,0.0259067357512953,36.10267,0.568607746746527,0.21221374045801528,0.37709923664122136,0.33435114503816793,0.2732824427480916
child,GSM4029914_JB17017,other,B Cells,1204,870.0,3102.0,4.474152632261621,0.0213130818226359,45.204941000000005,0.9386770820069748,0.973421926910299,0.007475083056478406,0.004152823920265781,0.7915282392026578
child,GSM4029914_JB17017,other,Classical Monocytes,373,1320.0,4494.0,6.337078651685394,0.0110173697270471,28.126026,0.9726328950323526,1.0,0.0160857908847185,0.00804289544235925,0.8525469168900804
child,GSM4029914_JB17017,other,IFN-stimulated T Cells,16,978.5,4207.5,3.278414756818192,0.039809571945266,53.276926,0.9078456030125217,0.25,0.3125,0.625,0.75
child,GSM4029914_JB17017,other,NK Cells,309,988.0,2834.0,4.565322972316658,0.017910447761194,30.131578,0.8719034951541339,0.20388349514563106,0.025889967637540454,0.02912621359223301,0.5825242718446602
child,GSM4029914_JB17017,other,Non-classical Monocytes,180,1729.0,6366.5,5.111432331928649,0.0281224152191894,26.3814535,0.992290241597658,0.9944444444444445,0.0,0.0,0.8666666666666667
child,GSM4029914_JB17017,other,Plasma Cells,44,2178.0,10643.0,6.229583218800171,0.11368087541205735,32.639585,0.8274938044134486,0.8409090909090909,0.0,0.0,0.5454545454545454
child,GSM4029914_JB17017,other,Platelets,5,797.0,2018.0,5.803218148245846,0.0649867374005304,10.060241,0.5623438262133051,1.0,0.0,0.0,0.2
child,GSM4029914_JB17017,other,RBCs,3,507.0,9070.0,0.3417861080485115,0.0810393619758168,19.220583,0.1027414576537082,0.0,0.0,0.0,0.0
child,GSM4029914_JB17017,other,cDCs,88,2618.0,12541.5,4.135095412150971,0.07718570347775375,34.193956,0.5455552773484434,1.0,0.03409090909090909,0.0,0.22727272727272727
child,GSM4029914_JB17017,other,pDCs,29,2036.0,7688.0,3.0649280817314155,0.1158884783338931,37.488518,0.9349735240060688,0.6896551724137931,0.034482758620689655,0.0,0.7241379310344828
child,GSM4029914_JB17017,restored,CD4 T Cells,2099,909.0,4096.0,3.139427516158818,0.0712773465067042,54.56234,0.9484105898956624,0.27632205812291566,0.01095759885659838,1.0,0.8351595998094331
child,GSM4029914_JB17017,restored,CD8 T Cells,1343,1026.0,4820.0,3.809190983749781,0.0669975186104218,54.449417,0.949645765751861,0.34177215189873417,0.5495160089352197,1.0,0.8190618019359642
child,GSM4029915_JB17018,excluded_unrestored,Ribosomal/Low-quality,1340,1088.0,4100.5,2.894358419315917,0.0434632631942048,46.930422,0.890266317910061,0.49776119402985075,0.12388059701492538,0.0,0.5955223880597015
child,GSM4029915_JB17018,original_T,CD4 T Cells,717,1290.0,5037.0,2.5405786873676783,0.061198470038249,45.344963,0.7434382176078552,0.6052998605299861,0.016736401673640166,0.6234309623430963,0.4393305439330544
child,GSM4029915_JB17018,original_T,CD8 T Cells,518,1011.5,2953.5,3.4866856335735195,0.0400263548015154,32.152342000000004,0.865420179895908,0.3803088803088803,0.10617760617760617,0.10038610038610038,0.5540540540540541
child,GSM4029915_JB17018,other,B Cells,743,1029.0,3459.0,3.9800995024875614,0.0106236474522919,43.039635,0.943986991345,0.9851951547779273,0.0026917900403768506,0.0013458950201884253,0.7940780619111709
child,GSM4029915_JB17018,other,Classical Monocytes,692,1472.0,4900.0,5.491368798027647,0.0135376219960121,26.8181,0.9897577370130379,1.0,0.001445086705202312,0.001445086705202312,0.934971098265896
child,GSM4029915_JB17018,other,IFN-stimulated T Cells,6,1284.5,5288.5,2.2150680348511482,0.09448623332387165,49.260807,0.9563010927441267,0.6666666666666666,0.0,0.8333333333333334,0.6666666666666666
child,GSM4029915_JB17018,other,NK Cells,938,1064.5,2696.5,3.585890647792966,0.0207147183525136,22.947252499999998,0.9995273205570547,0.3272921108742004,0.008528784648187633,0.0,0.9253731343283582
child,GSM4029915_JB17018,other,Non-classical Monocytes,158,1987.0,7320.5,4.776234130236215,0.0273748170770503,27.370843,0.9764926106469727,1.0,0.0,0.0,0.7848101265822784
child,GSM4029915_JB17018,other,Plasma Cells,8,2964.0,14038.0,4.146948264026155,0.0812898552599241,29.787464999999997,0.8236379489871746,1.0,0.125,0.0,0.5
child,GSM4029915_JB17018,other,Platelets,53,1536.0,5782.0,4.627766599597585,0.0472398190045248,27.293678,0.935305512163667,0.9811320754716981,0.018867924528301886,0.1320754716981132,0.6226415094339622
child,GSM4029915_JB17018,other,RBCs,2,817.5,1879.0,10.643256142596222,0.11715953833723901,19.444672,0.5570759345154511,0.5,0.0,0.5,0.0
child,GSM4029915_JB17018,other,cDCs,85,2772.0,13648.0,3.6897590361445785,0.0735576923076923,33.822517,0.6984307660135832,1.0,0.0,0.0,0.29411764705882354
child,GSM4029915_JB17018,other,pDCs,43,1811.0,6292.0,2.791411042944785,0.061198470038249,36.15012,0.96865253310687,0.8604651162790697,0.0,0.023255813953488372,0.8372093023255814
child,GSM4029915_JB17018,restored,CD4 T Cells,2128,1113.0,4571.0,2.3346917329139667,0.0585522201375859,51.6369035,0.9616687198139652,0.5042293233082706,0.006109022556390977,1.0,0.8707706766917294
child,GSM4029915_JB17018,restored,CD8 T Cells,1098,1223.0,5268.5,2.98616289351715,0.0544378698224852,51.451443,0.9694231362845314,0.5418943533697632,0.6530054644808743,1.0,0.8506375227686703
child,GSM4029916_JB18063,excluded_unrestored,Ribosomal/Low-quality,176,1131.0,2796.5,1.0311366476756734,0.0257993384785005,31.519879,0.5700579051754191,0.9318181818181818,0.18181818181818182,0.0,0.36363636363636365
child,GSM4029916_JB18063,original_T,CD4 T Cells,362,1419.0,3646.5,1.3236079286334008,0.040551724137931,26.422316000000002,0.7636703768739828,0.9640883977900553,0.11049723756906077,0.6325966850828729,0.44751381215469616
child,GSM4029916_JB18063,original_T,CD8 T Cells,247,1251.0,2970.0,1.312127236580517,0.0323529411764705,22.845907,0.7551827668524699,0.9635627530364372,0.562753036437247,0.5748987854251012,0.4493927125506073
child,GSM4029916_JB18063,other,B Cells,758,1078.0,2652.0,1.3743996070936089,0.029563585171281,32.595062,0.8409717370433825,1.0,0.0013192612137203166,0.0,0.5633245382585752
child,GSM4029916_JB18063,other,Classical Monocytes,644,1600.5,4826.5,1.8519933695839288,0.0309278350515463,16.8623345,0.9767486913873071,1.0,0.0,0.0,0.8850931677018633
child,GSM4029916_JB18063,other,IFN-stimulated T Cells,23,1165.0,3161.0,0.9888751545117428,0.0246433203631647,30.491804,0.8096985407063504,0.9565217391304348,0.0,0.6521739130434783,0.5217391304347826
child,GSM4029916_JB18063,other,NK Cells,163,1342.0,3034.0,1.7498138495904692,0.0185614849187935,18.79832,0.9979458140450276,0.950920245398773,0.006134969325153374,0.018404907975460124,0.8159509202453987
child,GSM4029916_JB18063,other,Non-classical Monocytes,220,1844.5,5666.5,1.502700424414299,0.0282563749138525,16.103046499999998,0.9434991068223963,1.0,0.00909090909090909,0.0,0.7227272727272728
child,GSM4029916_JB18063,other,Plasma Cells,178,2633.0,10071.5,3.0331119351736615,0.0651933701657458,22.0182445,0.7905958447520405,1.0,0.02247191011235955,0.0,0.4887640449438202
child,GSM4029916_JB18063,other,Platelets,7,1570.0,4181.0,1.675579322638146,0.044437990124891,14.20414,0.6511835287600338,1.0,0.0,0.14285714285714285,0.42857142857142855
child,GSM4029916_JB18063,other,RBCs,1,993.0,1986.0,12.386706948640484,0.0899031811894882,18.312021,0.0545292830531208,1.0,0.0,0.0,0.0
child,GSM4029916_JB18063,other,cDCs,31,2759.0,10482.0,2.010796221322537,0.0849557522123893,21.611399,0.7158737877309409,1.0,0.0,0.0,0.3870967741935484
child,GSM4029916_JB18063,other,pDCs,6,2275.5,7339.5,1.2290301190512867,0.08267353752686671,27.3994665,0.9831143686665863,1.0,0.0,0.0,0.8333333333333334
child,GSM4029916_JB18063,restored,CD4 T Cells,128,1124.5,3017.0,0.8905647325712961,0.027002700270027,36.110708,0.9394479722589342,0.953125,0.0234375,1.0,0.7421875
child,GSM4029916_JB18063,restored,CD8 T Cells,65,1192.0,3372.0,1.0396975425330812,0.0136411332633788,39.30328,0.8707403321431753,0.9384615384615385,0.6307692307692307,1.0,0.5538461538461539
child,GSM4029917_JB18064,excluded_unrestored,Ribosomal/Low-quality,1031,915.0,2591.0,1.2371134020618555,0.068092877641534,40.980663,0.4154857384639439,0.4335596508244423,0.1784675072744908,0.0,0.2376333656644035
child,GSM4029917_JB18064,original_T,CD4 T Cells,1471,1125.0,3327.0,1.102509969505043,0.0635118306351183,39.417263,0.7510025140844621,0.5567641060503059,0.021753908905506457,0.5785180149558123,0.4309993201903467
child,GSM4029917_JB18064,original_T,CD8 T Cells,937,1050.0,2636.0,1.3824884792626728,0.0415544440169295,30.496803,0.7324993771232828,0.4119530416221985,0.4194236926360726,0.5133404482390609,0.439701173959445
child,GSM4029917_JB18064,other,B Cells,322,984.5,2611.5,1.611408902263308,0.01617670879178395,36.07966,0.8103034654523262,0.9906832298136646,0.015527950310559006,0.003105590062111801,0.515527950310559
child,GSM4029917_JB18064,other,Classical Monocytes,719,1013.0,2532.0,3.0516750305167504,0.0244625648628613,23.416887,0.9335041506012834,1.0,0.006954102920723227,0.0013908205841446453,0.7246175243393602
child,GSM4029917_JB18064,other,IFN-stimulated T Cells,92,1078.5,3040.0,0.9659995404315551,0.05282678206975095,40.5726225,0.6084443217239411,0.5,0.07608695652173914,0.5434782608695652,0.31521739130434784
child,GSM4029917_JB18064,other,NK Cells,291,1297.0,3042.0,1.7513566847557966,0.0402722631877481,21.552877,0.9632623410026766,0.4879725085910653,0.020618556701030927,0.024054982817869417,0.7044673539518901
child,GSM4029917_JB18064,other,Non-classical Monocytes,434,1417.0,4121.0,2.237376726771791,0.0236980690462258,21.509783499999998,0.9887046237778162,0.9953917050691244,0.016129032258064516,0.0,0.8663594470046083
child,GSM4029917_JB18064,other,Plasma Cells,133,2463.0,9520.0,3.261897258115348,0.0917874396135265,26.744009,0.8042062086025719,0.9624060150375939,0.06015037593984962,0.0,0.5112781954887218
child,GSM4029917_JB18064,other,Platelets,34,1316.5,3613.0,3.403843123825914,0.0999973851338321,24.265256,0.8607747138805018,1.0,0.08823529411764706,0.058823529411764705,0.6176470588235294
child,GSM4029917_JB18064,other,RBCs,14,295.0,3968.5,0.13167019174092434,0.10168440538800974,7.7027781,0.11818211432592174,0.5,0.0,0.0,0.0
child,GSM4029917_JB18064,other,cDCs,45,2309.0,8672.0,2.113271344040575,0.0848798296318831,26.50416,0.7701865694777972,1.0,0.022222222222222223,0.0,0.4
child,GSM4029917_JB18064,other,pDCs,15,1956.0,6103.0,1.5410958904109588,0.0917874396135265,31.314135,0.9640556512037078,0.6666666666666666,0.0,0.0,0.8666666666666667
child,GSM4029917_JB18064,restored,CD4 T Cells,664,921.5,2652.5,1.1003614838385138,0.0536912751677852,43.383705,0.869074584726123,0.43373493975903615,0.022590361445783132,1.0,0.6144578313253012
child,GSM4029917_JB18064,restored,CD8 T Cells,487,1028.0,3162.0,1.2251148545176112,0.0456852791878172,45.171104,0.8972124135260818,0.47638603696098564,0.4948665297741273,1.0,0.6919917864476386
child,GSM4029918_JB18065,excluded_unrestored,Ribosomal/Low-quality,1216,728.0,2257.0,2.6568402956775667,0.0718132854578097,45.308068500000005,0.9410328782350563,0.20559210526315788,0.08717105263157894,0.0,0.671875
child,GSM4029918_JB18065,original_T,CD4 T Cells,870,958.0,3048.5,2.5858121701779657,0.0778481012658228,42.813584,0.7124724666867441,0.3367816091954023,0.008045977011494253,0.5103448275862069,0.40804597701149425
child,GSM4029918_JB18065,original_T,CD8 T Cells,569,859.0,2268.0,3.1668153434433544,0.0570987654320987,33.762886,0.559156680056802,0.19859402460456943,0.281195079086116,0.3163444639718805,0.2671353251318102
child,GSM4029918_JB18065,other,B Cells,249,936.0,3137.0,2.7055424218544784,0.0247035573122529,45.394447,0.8802940145201861,0.9558232931726908,0.012048192771084338,0.004016064257028112,0.6265060240963856
child,GSM4029918_JB18065,other,Classical Monocytes,453,1135.0,3240.0,4.2074141460086425,0.0171870524205098,27.39784,0.9577068634355576,1.0,0.004415011037527594,0.0,0.7902869757174393
child,GSM4029918_JB18065,other,IFN-stimulated T Cells,1,832.0,3006.0,2.5948103792415167,0.1363636363636363,51.35045,0.932497686688823,0.0,0.0,1.0,1.0
child,GSM4029918_JB18065,other,NK Cells,300,904.0,2272.0,3.2647513860888555,0.0293751112693608,29.999344,0.7439823920914985,0.26,0.02,0.07666666666666666,0.44
child,GSM4029918_JB18065,other,Non-classical Monocytes,148,1548.5,5161.5,3.885877249980374,0.02988842425574445,29.767049,0.9023153527074381,1.0,0.006756756756756757,0.0,0.7094594594594594
child,GSM4029918_JB18065,other,Plasma Cells,20,2463.5,10907.0,3.5846387337679793,0.08647376686626759,35.202034,0.8897048204851524,0.8,0.0,0.0,0.6
child,GSM4029918_JB18065,other,Platelets,23,1151.0,3153.0,5.023322569070685,0.1166168304143528,22.298388,0.5305340215950599,1.0,0.0,0.08695652173913043,0.391304347826087
child,GSM4029918_JB18065,other,RBCs,8,926.5,3449.0,3.1319811089172003,0.0511896178803172,42.353120000000004,0.1704855690781632,0.25,0.0,0.0,0.125
child,GSM4029918_JB18065,other,cDCs,49,2144.0,8810.0,3.054932735426009,0.0778481012658228,35.83759,0.6180253350633208,1.0,0.0,0.0,0.2653061224489796
child,GSM4029918_JB18065,other,pDCs,6,1578.0,4772.0,2.060268878442592,0.2062435806090439,36.10886,0.9766922957513386,0.8333333333333334,0.0,0.0,1.0
child,GSM4029918_JB18065,restored,CD4 T Cells,1163,830.0,2708.0,2.254489873901414,0.0778481012658228,47.57991,0.9766695410672968,0.26311263972484955,0.005159071367153913,1.0,0.8624247635425624
child,GSM4029918_JB18065,restored,CD8 T Cells,369,885.0,3002.0,2.698028363887928,0.0778481012658228,47.319588,0.93113109293814,0.24390243902439024,0.4281842818428184,1.0,0.7859078590785907
child,GSM4029919_JB18066,excluded_unrestored,Ribosomal/Low-quality,296,823.5,2336.0,1.6796576134058627,0.0456852791878172,42.343515499999995,0.8354751060869189,0.668918918918919,0.05405405405405406,0.0,0.5236486486486487
child,GSM4029919_JB18066,original_T,CD4 T Cells,308,1089.5,3052.5,1.6275582573454912,0.0656063618290258,33.7673585,0.8271503319443796,0.788961038961039,0.00974025974025974,0.5811688311688312,0.538961038961039
child,GSM4029919_JB18066,original_T,CD8 T Cells,514,1079.0,2715.5,2.126753123434206,0.0434782608695652,26.2711505,0.757440348448678,0.6828793774319066,0.29961089494163423,0.5019455252918288,0.44357976653696496
child,GSM4029919_JB18066,other,B Cells,398,1050.0,3102.5,2.236744565074525,0.0178242163491087,35.7515825,0.8655068355782891,0.9824120603015075,0.002512562814070352,0.0,0.5979899497487438
child,GSM4029919_JB18066,other,Classical Monocytes,443,922.0,2227.0,3.6885245901639343,0.0254476908576814,19.338717,0.9747929254957228,1.0,0.0,0.0,0.8623024830699775
child,GSM4029919_JB18066,other,IFN-stimulated T Cells,33,1149.0,3344.0,1.278600269179004,0.0656063618290258,40.847458,0.9121692205434404,0.696969696969697,0.06060606060606061,0.7272727272727273,0.7272727272727273
child,GSM4029919_JB18066,other,NK Cells,148,1286.0,3091.5,2.280606662369926,0.04040389002491465,22.4573215,0.813614780264063,0.7837837837837838,0.02702702702702703,0.0945945945945946,0.5202702702702703
child,GSM4029919_JB18066,other,Non-classical Monocytes,132,1345.0,3803.5,3.085281031207308,0.03169511309188555,19.834509,0.9812028661500539,1.0,0.0,0.0,0.8484848484848485
child,GSM4029919_JB18066,other,Plasma Cells,14,2258.0,10395.0,2.800819859580216,0.087378640776699,22.089727500000002,0.7997832897529352,1.0,0.0,0.0,0.5
child,GSM4029919_JB18066,other,Platelets,29,750.0,2226.0,5.854241338112306,0.0929405789740985,5.013674,0.4558797802952998,1.0,0.034482758620689655,0.06896551724137931,0.13793103448275862
child,GSM4029919_JB18066,other,RBCs,49,306.0,4637.0,0.1344086021505376,0.0340724716062736,5.827068,0.1318453005280787,0.7959183673469388,0.0,0.0,0.02040816326530612
child,GSM4029919_JB18066,other,cDCs,9,2101.0,6271.0,3.1036957301758163,0.0559540889526542,23.229645,0.7675747110381476,1.0,0.0,0.0,0.4444444444444444
child,GSM4029919_JB18066,other,pDCs,1,2503.0,9998.0,2.190438087617524,0.0990415335463258,46.7724,0.0390457746527301,1.0,0.0,0.0,0.0
child,GSM4029919_JB18066,restored,CD4 T Cells,277,967.0,3120.0,1.217263002582073,0.0480235217249264,46.498905,0.9721493718219072,0.7148014440433214,0.007220216606498195,1.0,0.8086642599277978
child,GSM4029919_JB18066,restored,CD8 T Cells,85,1202.0,4070.0,1.354147075418469,0.0434782608695652,47.99887,0.8955650584251864,0.8823529411764706,0.5882352941176471,1.0,0.7294117647058823
child,GSM4029920_JB18067,excluded_unrestored,Ribosomal/Low-quality,1120,719.5,2421.5,3.8468873910991848,0.0695948035879987,48.8932135,0.9596400384829398,0.5348214285714286,0.06696428571428571,0.0,0.7616071428571428
child,GSM4029920_JB18067,original_T,CD4 T Cells,525,889.0,2833.0,3.361344537815126,0.082607180202161,45.315212,0.7502716491752357,0.5961904761904762,0.0019047619047619048,0.5047619047619047,0.4419047619047619
child,GSM4029920_JB18067,original_T,CD8 T Cells,206,856.0,2322.5,4.476427987331879,0.0303724928366762,34.325571,0.504713315440823,0.5194174757281553,0.07766990291262135,0.21844660194174756,0.2912621359223301
child,GSM4029920_JB18067,other,B Cells,325,759.0,2520.0,4.526462395543176,0.0140326009922041,47.755417,0.90431202587233,0.9723076923076923,0.0,0.0,0.6892307692307692
child,GSM4029920_JB18067,other,Classical Monocytes,709,1099.0,3196.0,5.50531914893617,0.026254688337203,28.07158,0.913060324785984,1.0,0.0014104372355430183,0.0,0.7108603667136812
child,GSM4029920_JB18067,other,IFN-stimulated T Cells,26,739.0,2613.5,3.2422528595220563,0.06819090359905344,47.65057,0.9564849656284188,0.4230769230769231,0.0,0.5384615384615384,0.6538461538461539
child,GSM4029920_JB18067,other,NK Cells,162,917.5,2166.5,4.284163832256368,0.03151318091269785,25.1350715,0.9752950040157451,0.5802469135802469,0.006172839506172839,0.0,0.7283950617283951
child,GSM4029920_JB18067,other,Non-classical Monocytes,152,1342.5,4232.5,5.047497794073336,0.0226396109340935,29.113127,0.9007948769061268,1.0,0.0,0.0,0.6578947368421053
child,GSM4029920_JB18067,other,Plasma Cells,2,1373.5,4481.0,6.3287800236499745,0.07368843075884765,25.5693665,0.6029848975407653,1.0,0.0,0.0,0.0
child,GSM4029920_JB18067,other,Platelets,15,974.0,2572.0,4.947368421052632,0.0488647581441263,22.795172,0.8128782274416444,0.9333333333333333,0.0,0.06666666666666667,0.5333333333333333
child,GSM4029920_JB18067,other,RBCs,109,305.0,4447.0,0.2902433578923867,0.0209926769731489,9.727165,0.2134725389198528,0.7522935779816514,0.0,0.09174311926605505,0.10091743119266056
child,GSM4029920_JB18067,other,cDCs,37,2131.0,8952.0,4.078762306610408,0.082607180202161,35.192116,0.6584644344756201,1.0,0.0,0.0,0.43243243243243246
child,GSM4029920_JB18067,other,pDCs,16,1596.0,4852.0,3.341991148703502,0.1325372576849811,36.1597485,0.7238081491206125,0.6875,0.0,0.0,0.5
child,GSM4029920_JB18067,restored,CD4 T Cells,1154,769.0,2754.0,3.331172295452114,0.0863930885529157,51.487466999999995,0.976547551103855,0.5545927209705372,0.005199306759098787,1.0,0.9046793760831889
child,GSM4029920_JB18067,restored,CD8 T Cells,373,875.0,3361.0,4.23728813559322,0.079054054054054,52.071007,0.947620557125159,0.6380697050938338,0.3806970509383378,1.0,0.8284182305630027
child,GSM4029921_JB18068,excluded_unrestored,Ribosomal/Low-quality,406,877.0,2506.5,2.136331808197366,0.0590894413948982,42.304863,0.6726929415579574,0.4852216748768473,0.1330049261083744,0.0,0.4211822660098522
child,GSM4029921_JB18068,original_T,CD4 T Cells,325,1018.0,2717.0,2.00433369447454,0.0494076856399884,30.482115,0.6990177258258224,0.5969230769230769,0.07692307692307693,0.5261538461538462,0.40307692307692305
child,GSM4029921_JB18068,original_T,CD8 T Cells,543,1110.0,2698.0,1.985932974762102,0.0350919073764621,26.854021,0.7674343472025225,0.5359116022099447,0.49355432780847147,0.569060773480663,0.47882136279926335
child,GSM4029921_JB18068,other,B Cells,408,981.5,2787.5,2.333046568287682,0.0167364016736401,37.048506,0.8520871880897958,0.9779411764705882,0.004901960784313725,0.0,0.5686274509803921
child,GSM4029921_JB18068,other,Classical Monocytes,514,1121.0,3096.0,3.543797989747263,0.021018746449536,22.362270000000002,0.9386096367320724,1.0,0.0,0.0019455252918287938,0.745136186770428
child,GSM4029921_JB18068,other,IFN-stimulated T Cells,29,996.0,2995.0,2.089215132693393,0.0494076856399884,41.159206,0.9196851580223556,0.5517241379310345,0.10344827586206896,0.6551724137931034,0.7586206896551724
child,GSM4029921_JB18068,other,NK Cells,184,1190.5,2648.5,2.3927360446029544,0.021018746449536,19.309358000000003,0.983004870789962,0.5706521739130435,0.02717391304347826,0.03804347826086957,0.7282608695652174
child,GSM4029921_JB18068,other,Non-classical Monocytes,229,1580.0,4900.0,2.4445825564532835,0.0261085785329465,20.334713,0.9928836098991182,1.0,0.0,0.0,0.8820960698689956
child,GSM4029921_JB18068,other,Plasma Cells,84,2332.0,9999.5,3.671796771030208,0.0679886685552407,24.696849,0.738450257772912,0.9642857142857143,0.047619047619047616,0.0,0.44047619047619047
child,GSM4029921_JB18068,other,Platelets,54,1063.5,3212.5,2.8195792798201986,0.0713501646542261,4.0230985,0.4912151718590029,1.0,0.05555555555555555,0.018518518518518517,0.2222222222222222
child,GSM4029921_JB18068,other,RBCs,78,245.5,3792.5,0.1290008911760262,0.0261085785329465,4.00061025,0.19704874139342066,0.6538461538461539,0.0,0.0,0.0
child,GSM4029921_JB18068,other,cDCs,21,2202.0,7671.0,2.97680412371134,0.0787926303410427,28.345552,0.6124841775304074,1.0,0.0,0.0,0.23809523809523808
child,GSM4029921_JB18068,other,pDCs,8,2322.5,9438.0,2.953722941074132,0.0680936071984681,47.4201355,0.0108405377468081,1.0,0.0,0.0,0.0
child,GSM4029921_JB18068,restored,CD4 T Cells,420,969.5,3075.0,1.6291333567864723,0.0494076856399884,45.918463,0.9525372476157699,0.5238095238095238,0.011904761904761904,1.0,0.8119047619047619
child,GSM4029921_JB18068,restored,CD8 T Cells,301,1103.0,3378.0,2.1991831605403704,0.0433851098018211,45.819294,0.9199124904419244,0.6146179401993356,0.5581395348837209,1.0,0.7641196013289037
child,GSM4029922_JB18069,excluded_unrestored,Ribosomal/Low-quality,942,959.0,2974.0,3.1961950972267443,0.0592944708531398,44.17458,0.9370624301456718,0.3174097664543524,0.12101910828025478,0.0,0.6878980891719745
child,GSM4029922_JB18069,original_T,CD4 T Cells,868,1185.5,3838.5,2.7981822158829397,0.0767857142857142,43.6337585,0.7268656079476994,0.4066820276497696,0.014976958525345621,0.5552995391705069,0.41359447004608296
child,GSM4029922_JB18069,original_T,CD8 T Cells,373,955.0,2469.0,4.107796964939822,0.0436046511627907,32.65391,0.512597124285758,0.2680965147453083,0.08042895442359249,0.16621983914209115,0.26541554959785524
child,GSM4029922_JB18069,other,B Cells,453,984.0,2998.0,3.82830626450116,0.014751552795031,43.147842,0.9001233128756461,0.9867549668874173,0.004415011037527594,0.002207505518763797,0.6710816777041942
child,GSM4029922_JB18069,other,Classical Monocytes,526,1030.0,2655.0,4.975630837730271,0.0177368348686924,25.320412,0.9032923547073626,0.9980988593155894,0.0019011406844106464,0.0019011406844106464,0.6711026615969582
child,GSM4029922_JB18069,other,IFN-stimulated T Cells,16,1233.5,3797.5,2.7534289565124626,0.1254793863854266,42.436205,0.8159295320113207,0.5625,0.1875,0.75,0.5625
child,GSM4029922_JB18069,other,NK Cells,662,1029.0,2253.5,3.6320287899235266,0.0226039783001808,22.2857975,0.9983293877368842,0.2673716012084592,0.00906344410876133,0.0,0.8851963746223565
child,GSM4029922_JB18069,other,Non-classical Monocytes,228,1580.0,4992.0,4.265195262380363,0.02540864736983895,25.633578999999997,0.9838069935254061,1.0,0.0,0.0,0.8157894736842105
child,GSM4029922_JB18069,other,Plasma Cells,6,2601.5,10499.0,4.493557892257732,0.0628895512595726,34.372369000000006,0.5567880543833041,0.8333333333333334,0.0,0.16666666666666666,0.16666666666666666
child,GSM4029922_JB18069,other,Platelets,17,1122.0,3011.0,3.152709359605911,0.0614439324116743,22.79578,0.742331911431787,0.9411764705882353,0.0,0.23529411764705882,0.47058823529411764
child,GSM4029922_JB18069,other,RBCs,2,2273.5,9567.0,3.671272573285425,0.0597268933457766,50.62347,0.0240917232759521,1.0,0.0,0.0,0.0
child,GSM4029922_JB18069,other,cDCs,41,2326.0,9124.0,2.8792569659442724,0.0830711139081183,32.169884,0.8070474377993243,1.0,0.0,0.0,0.5121951219512195
child,GSM4029922_JB18069,other,pDCs,10,1675.5,4718.5,2.3799975042924166,0.1296296296296295,33.9136765,0.9798623373754367,0.3,0.0,0.0,0.9
child,GSM4029922_JB18069,restored,CD4 T Cells,1187,1027.0,3331.0,2.676224611708483,0.0738916256157635,46.420532,0.9740609965111532,0.3150800336983993,0.005054759898904802,1.0,0.8989048020219039
child,GSM4029922_JB18069,restored,CD8 T Cells,580,1119.0,3776.5,3.419840642978902,0.0685383980181668,46.291852000000006,0.9661917597693266,0.33620689655172414,0.5793103448275863,1.0,0.8672413793103448
child,GSM4029923_JB18070,excluded_unrestored,Ribosomal/Low-quality,828,970.0,2751.0,2.396443609107431,0.0476629058254662,41.090811,0.7365091972814528,0.3079710144927536,0.1751207729468599,0.0,0.463768115942029
child,GSM4029923_JB18070,original_T,CD4 T Cells,566,1179.5,3659.0,2.066715524000756,0.0592573084013695,41.127655000000004,0.7114887384217342,0.35335689045936397,0.007067137809187279,0.5477031802120141,0.3992932862190813
child,GSM4029923_JB18070,original_T,CD8 T Cells,765,947.0,2332.0,3.0829353017802865,0.0428942807625649,28.855976,0.6340119287987735,0.257516339869281,0.35947712418300654,0.35555555555555557,0.31895424836601305
child,GSM4029923_JB18070,other,B Cells,477,853.0,2458.0,2.849264705882353,0.0135494155154091,42.38943,0.8909330129504085,0.9664570230607966,0.0,0.0,0.6540880503144654
child,GSM4029923_JB18070,other,Classical Monocytes,594,966.0,2385.0,3.9930605843119964,0.0222222222222222,23.535279,0.9360466627787292,1.0,0.0016835016835016834,0.0,0.7760942760942761
child,GSM4029923_JB18070,other,IFN-stimulated T Cells,7,1197.0,3682.0,2.255418863503222,0.0444198895027624,46.072506,0.9762402662864064,0.2857142857142857,0.0,0.7142857142857143,0.7142857142857143
child,GSM4029923_JB18070,other,NK Cells,673,943.0,2064.0,2.989880404783809,0.0304017372421281,22.190784,0.9961229612196928,0.19910846953937592,0.004457652303120356,0.0,0.8410104011887073
child,GSM4029923_JB18070,other,Non-classical Monocytes,243,1545.0,4723.0,3.2568807339449544,0.0293751112693608,23.881382,0.98747778120106,0.9958847736625515,0.0,0.0,0.8683127572016461
child,GSM4029923_JB18070,other,Plasma Cells,12,2781.5,12434.0,3.571890566350754,0.06271113569338045,27.298961499999997,0.641493937433844,0.9166666666666666,0.0,0.0,0.25
child,GSM4029923_JB18070,other,Platelets,27,1219.0,3236.0,3.654207558989351,0.0664018161180476,21.264957,0.8811717908066997,1.0,0.14814814814814814,0.07407407407407407,0.5925925925925926
child,GSM4029923_JB18070,other,RBCs,38,230.5,4033.0,0.16338324360058465,0.0639004149377593,4.5546744,0.20905814624442137,0.4473684210526316,0.0,0.0,0.0
child,GSM4029923_JB18070,other,cDCs,49,2242.0,8681.0,2.7484895154602533,0.0778481012658228,31.097895,0.704350373207227,0.9795918367346939,0.061224489795918366,0.0,0.3469387755102041
child,GSM4029923_JB18070,other,pDCs,24,1667.0,5629.5,1.4618940592389298,0.1058263971462544,36.604266499999994,0.937250885947196,0.7083333333333334,0.0,0.0,0.75
child,GSM4029923_JB18070,restored,CD4 T Cells,476,976.0,3112.5,1.7941029908195243,0.0511896178803172,46.1861485,0.956440516348717,0.28781512605042014,0.01050420168067227,1.0,0.8403361344537815
child,GSM4029923_JB18070,restored,CD8 T Cells,567,1074.0,3561.0,2.214983713355049,0.0511896178803172,46.304592,0.9681461315159824,0.2927689594356261,0.5961199294532628,1.0,0.8359788359788359
child,GSM4029924_JB18071,excluded_unrestored,Ribosomal/Low-quality,588,981.0,2945.0,2.212939860757534,0.0460081190798376,42.0556565,0.7123080766160658,0.5289115646258503,0.18027210884353742,0.0,0.4642857142857143
child,GSM4029924_JB18071,original_T,CD4 T Cells,463,1163.0,3679.0,2.384945034469909,0.0570987654320987,40.05598,0.6776401345472874,0.6393088552915767,0.0367170626349892,0.4924406047516199,0.3801295896328294
child,GSM4029924_JB18071,original_T,CD8 T Cells,913,1108.0,2864.0,2.4409044193216856,0.0360875566949319,29.630644,0.7151443309765281,0.4556407447973713,0.5673603504928806,0.5629791894852135,0.4063526834611172
child,GSM4029924_JB18071,other,B Cells,1055,1089.0,3382.0,2.6707899915659263,0.0264855687606112,41.866745,0.9163305401746388,0.9914691943127962,0.0018957345971563982,0.0,0.7127962085308057
child,GSM4029924_JB18071,other,Classical Monocytes,476,1082.0,2916.0,4.0819840850479885,0.0185294117647058,21.616524,0.9697621146465538,1.0,0.0021008403361344537,0.0,0.8718487394957983
child,GSM4029924_JB18071,other,IFN-stimulated T Cells,44,1091.0,3600.5,1.8701375957295148,0.0468355124526519,44.490055,0.8752665702577798,0.4090909090909091,0.045454545454545456,0.7272727272727273,0.5454545454545454
child,GSM4029924_JB18071,other,NK Cells,475,1190.0,2765.0,2.592912705272256,0.0214418893722809,20.79716,0.9853846877626676,0.52,0.014736842105263158,0.002105263157894737,0.7073684210526315
child,GSM4029924_JB18071,other,Non-classical Monocytes,240,1717.0,5548.0,3.106269638237638,0.027899869887916498,20.725876,0.9859214472142146,1.0,0.008333333333333333,0.0,0.8458333333333333
child,GSM4029924_JB18071,other,Plasma Cells,42,2412.5,10153.5,3.137089318126611,0.1009946442234123,26.617797000000003,0.755876803753157,0.9523809523809523,0.07142857142857142,0.0,0.42857142857142855
child,GSM4029924_JB18071,other,Platelets,11,1369.0,3987.0,3.615225354355789,0.0386582123133565,23.389261,0.744092563945085,1.0,0.09090909090909091,0.0,0.45454545454545453
child,GSM4029924_JB18071,other,RBCs,3,286.0,4347.0,0.108695652173913,0.088326983027364,8.823529,0.1724607065899844,0.6666666666666666,0.0,0.0,0.0
child,GSM4029924_JB18071,other,cDCs,14,2491.5,9411.0,2.9045020680498466,0.0713278881462994,24.910089499999998,0.44369763051597866,1.0,0.0,0.0,0.42857142857142855
child,GSM4029924_JB18071,other,pDCs,5,2072.0,6119.0,2.564102564102564,0.1841289522628642,44.390877,0.0537122327785584,1.0,0.0,0.0,0.4
child,GSM4029924_JB18071,restored,CD4 T Cells,743,1002.0,3243.0,1.7267043763024708,0.0444198895027624,46.861404,0.9782881595363558,0.5262449528936743,0.012113055181695828,1.0,0.8936742934051144
child,GSM4029924_JB18071,restored,CD8 T Cells,361,1178.0,4143.0,2.2245762711864407,0.053071253071253,47.412704,0.9365373850655114,0.5761772853185596,0.5706371191135734,1.0,0.7811634349030471
child,GSM4029925_JB18072,excluded_unrestored,Ribosomal/Low-quality,594,689.5,2127.0,2.9396013878933998,0.0453471894189891,43.54988,0.8643957061893237,0.7878787878787878,0.08249158249158249,0.0,0.5808080808080808
child,GSM4029925_JB18072,original_T,CD4 T Cells,574,888.5,2903.0,2.50591549252814,0.04980475978400455,41.67798,0.77757411745763,0.8623693379790941,0.010452961672473868,0.5087108013937283,0.4564459930313589
child,GSM4029925_JB18072,original_T,CD8 T Cells,436,854.0,2285.5,3.2161850813301602,0.028767344927593648,31.741445,0.5217618391659433,0.8440366972477065,0.3119266055045872,0.3119266055045872,0.23853211009174313
child,GSM4029925_JB18072,other,B Cells,614,843.0,2897.0,3.038106909430439,0.0235013623978201,46.446875,0.8356720079803004,0.9804560260586319,0.0,0.0,0.5521172638436482
child,GSM4029925_JB18072,other,Classical Monocytes,1293,1054.0,2983.0,4.017172646427476,0.0421195652173912,23.702755,0.9831194418453846,1.0,0.0007733952049497294,0.0,0.9079659706109822
child,GSM4029925_JB18072,other,IFN-stimulated T Cells,24,853.5,3101.0,2.0425013645260313,0.0453471894189891,43.7846485,0.8995131684034277,0.875,0.08333333333333333,0.6666666666666666,0.6666666666666666
child,GSM4029925_JB18072,other,NK Cells,158,957.0,2421.0,3.0834321995985245,0.024390243902439,26.2705305,0.6626054199085837,0.8164556962025317,0.05063291139240506,0.05063291139240506,0.3987341772151899
child,GSM4029925_JB18072,other,Non-classical Monocytes,393,1366.0,4412.0,3.465982028241335,0.0421195652173912,24.291498,0.970972536070378,1.0,0.0,0.0,0.8804071246819338
child,GSM4029925_JB18072,other,Plasma Cells,19,1814.0,7966.0,3.269818866149141,0.1097718467498923,19.904621,0.9721051201504792,1.0,0.05263157894736842,0.0,0.6842105263157895
child,GSM4029925_JB18072,other,Platelets,8,2041.0,6788.5,3.349443698397401,0.20565740318674564,26.540495,0.7835465546887259,1.0,0.25,0.0,0.5
child,GSM4029925_JB18072,other,RBCs,2,483.5,984.5,9.03358220514886,0.0377745645277826,12.468584,0.21068777276330294,1.0,0.0,0.0,0.0
child,GSM4029925_JB18072,other,cDCs,72,2023.5,8273.0,3.492573026794534,0.0741390630447259,30.8224405,0.6582639213633081,1.0,0.0,0.0,0.3333333333333333
child,GSM4029925_JB18072,other,pDCs,12,1695.5,6073.5,2.841604212350954,0.15412034108834305,34.482087,0.9136379378615206,1.0,0.0,0.0,0.6666666666666666
child,GSM4029925_JB18072,restored,CD4 T Cells,366,792.0,2689.0,2.024036813216304,0.0507447614238828,47.630911499999996,0.9484022705901187,0.8142076502732241,0.00819672131147541,1.0,0.8005464480874317
child,GSM4029925_JB18072,restored,CD8 T Cells,261,906.0,3329.0,2.432731293770733,0.037747920665387,49.732334,0.9515386112872364,0.8697318007662835,0.4674329501915709,1.0,0.8505747126436781
child,GSM4029926_JB18073,excluded_unrestored,Ribosomal/Low-quality,450,901.5,2925.5,1.4550747651184333,0.0614818707304256,45.898108,0.8083382701818492,0.4888888888888889,0.15555555555555556,0.0,0.5066666666666667
child,GSM4029926_JB18073,original_T,CD4 T Cells,636,1195.0,3768.0,1.3107190329849656,0.0551605785731797,38.837537499999996,0.7858184555775626,0.6289308176100629,0.03773584905660377,0.6477987421383647,0.47955974842767296
child,GSM4029926_JB18073,original_T,CD8 T Cells,308,1130.0,2962.0,1.7257913195690637,0.0248523123749651,27.0082685,0.5940945121633098,0.5487012987012987,0.3246753246753247,0.37662337662337664,0.30194805194805197
child,GSM4029926_JB18073,other,B Cells,842,969.0,2971.5,1.9518372252747254,0.0236071765816808,40.1012325,0.8231542609922731,0.9857482185273159,0.004750593824228029,0.0,0.5320665083135392
child,GSM4029926_JB18073,other,Classical Monocytes,784,1243.0,3617.0,2.8352667234836506,0.0265960452093729,22.3925375,0.9733583983087022,1.0,0.0,0.0,0.8584183673469388
child,GSM4029926_JB18073,other,IFN-stimulated T Cells,65,1012.0,3376.0,1.315468940316687,0.0532374100719424,45.192776,0.7962629480203909,0.5846153846153846,0.13846153846153847,0.7076923076923077,0.49230769230769234
child,GSM4029926_JB18073,other,NK Cells,241,1200.0,2780.0,2.0362828582006665,0.02203182374541,20.807127,0.9983831346959486,0.5269709543568465,0.004149377593360996,0.0,0.7966804979253111
child,GSM4029926_JB18073,other,Non-classical Monocytes,435,1740.0,5775.0,2.211690363349131,0.0279708425156806,22.199839,0.9922464957856716,1.0,0.0,0.0,0.8735632183908046
child,GSM4029926_JB18073,other,Plasma Cells,46,3014.5,14047.5,2.765782782780043,0.1261620185922974,27.9347545,0.5845018568553595,1.0,0.021739130434782608,0.0,0.391304347826087
child,GSM4029926_JB18073,other,Platelets,13,1483.0,4218.0,2.166910688140556,0.0592763664357198,21.462044,0.5978701412110388,1.0,0.07692307692307693,0.07692307692307693,0.38461538461538464
child,GSM4029926_JB18073,other,RBCs,4,237.0,4365.0,0.0226795861748282,0.2250864838151716,6.0823444,0.10138402052748735,0.5,0.0,0.0,0.0
child,GSM4029926_JB18073,other,cDCs,30,2623.0,10247.0,2.6514157496484114,0.0911602209944751,27.54018,0.7020197746800885,1.0,0.0,0.0,0.36666666666666664
child,GSM4029926_JB18073,other,pDCs,13,2008.0,6714.0,1.5117719950433706,0.095187165775401,30.075188,0.9867129433736552,1.0,0.0,0.0,0.9230769230769231
child,GSM4029926_JB18073,restored,CD4 T Cells,882,954.5,3177.0,1.1930946400610323,0.06750261957738105,47.7444885,0.9694007952596015,0.5430839002267573,0.02040816326530612,1.0,0.8696145124716553
child,GSM4029926_JB18073,restored,CD8 T Cells,789,1075.0,3912.0,1.5442404006677797,0.0571715145436308,49.02364,0.9556654329907528,0.6514575411913816,0.5640050697084917,1.0,0.8643852978453739
child,GSM4029927_JB18074,excluded_unrestored,Ribosomal/Low-quality,488,1047.5,3057.5,1.4880243901358918,0.0533957845433255,40.769754500000005,0.7128548545667844,0.8954918032786885,0.13319672131147542,0.0,0.45901639344262296
child,GSM4029927_JB18074,original_T,CD4 T Cells,656,1383.5,3987.0,1.697384000773999,0.0636959370904325,30.97288,0.6937118532875601,0.961890243902439,0.09603658536585366,0.5685975609756098,0.39939024390243905
child,GSM4029927_JB18074,original_T,CD8 T Cells,639,1282.0,3194.0,1.4868883482022168,0.0226039783001808,23.399834,0.5728706955397298,0.9092331768388107,0.5289514866979655,0.4945226917057903,0.3208137715179969
child,GSM4029927_JB18074,other,B Cells,697,1100.0,3105.0,1.8604651162790695,0.0183792815371762,34.59062,0.7990599493055703,0.9985652797704447,0.0028694404591104736,0.0014347202295552368,0.49784791965566716
child,GSM4029927_JB18074,other,Classical Monocytes,1086,1350.0,3968.5,3.005271469447492,0.0275862068965517,19.107785999999997,0.9669492345990038,1.0,0.0055248618784530384,0.0,0.8388581952117864
child,GSM4029927_JB18074,other,IFN-stimulated T Cells,53,1163.0,3545.0,1.4078498293515358,0.0436046511627907,39.205345,0.8759535369724746,0.9433962264150944,0.05660377358490566,0.6226415094339622,0.6037735849056604
child,GSM4029927_JB18074,other,NK Cells,289,1424.0,3394.0,1.9620456738501129,0.0141961887709425,18.41716,0.99220380431753,0.9134948096885813,0.020761245674740483,0.01384083044982699,0.8200692041522492
child,GSM4029927_JB18074,other,Non-classical Monocytes,298,1526.5,4786.5,2.0946289932544224,0.0285047507917986,16.9201785,0.9697070903013608,1.0,0.006711409395973154,0.0,0.8087248322147651
child,GSM4029927_JB18074,other,Plasma Cells,171,2650.0,11503.0,2.707217609197661,0.0711462450592885,23.661808,0.6222595279195826,1.0,0.05263157894736842,0.005847953216374269,0.38596491228070173
child,GSM4029927_JB18074,other,Platelets,26,2430.5,9008.0,3.5798014608504687,0.1048016893132574,21.7665885,0.1590333180781783,1.0,0.19230769230769232,0.0,0.15384615384615385
child,GSM4029927_JB18074,other,RBCs,52,306.5,4659.5,0.10275215506603835,0.0408407942055099,6.6526375,0.1144368808758862,0.8846153846153846,0.0,0.019230769230769232,0.019230769230769232
child,GSM4029927_JB18074,other,cDCs,41,2557.0,9986.0,2.657226921662376,0.0939759036144578,22.931911,0.626821455712199,1.0,0.04878048780487805,0.0,0.3170731707317073
child,GSM4029927_JB18074,other,pDCs,18,1905.5,5863.0,2.3843312742741247,0.09821821254905774,31.199745,0.9015387657958738,0.9444444444444444,0.0,0.0,0.6666666666666666
child,GSM4029927_JB18074,restored,CD4 T Cells,987,1061.0,3255.0,1.4370245139475908,0.0515936711763357,42.304592,0.9542089950282172,0.8986828774062816,0.0060790273556231,1.0,0.8226950354609929
child,GSM4029927_JB18074,restored,CD8 T Cells,338,1163.0,3650.0,1.7824777956212787,0.0408163265306122,41.96343,0.9174517439192378,0.908284023668639,0.6242603550295858,1.0,0.7248520710059172
child,GSM4029928_JB18075,excluded_unrestored,Ribosomal/Low-quality,544,744.0,2342.5,2.937477599556164,0.0358974358974358,43.90343,0.7543210520206014,0.7959558823529411,0.1213235294117647,0.0,0.46139705882352944
child,GSM4029928_JB18075,original_T,CD4 T Cells,333,919.0,2816.0,2.4060707014621507,0.048582995951417,39.691517,0.6860290381838031,0.8378378378378378,0.024024024024024024,0.45345345345345345,0.3933933933933934
child,GSM4029928_JB18075,original_T,CD8 T Cells,560,928.5,2534.5,3.065221196184466,0.0297955209347614,32.2105435,0.623658059174155,0.8321428571428572,0.4107142857142857,0.41785714285714287,0.31785714285714284
child,GSM4029928_JB18075,other,B Cells,159,874.0,2812.0,2.7824019024970275,0.0116214720531267,44.477085,0.7458311012421704,0.9748427672955975,0.006289308176100629,0.0,0.44025157232704404
child,GSM4029928_JB18075,other,Classical Monocytes,1579,1022.0,2777.0,3.4549564094284797,0.0568561872909699,22.476028,0.980254497356794,1.0,0.0006333122229259025,0.0,0.8980367321089296
child,GSM4029928_JB18075,other,IFN-stimulated T Cells,14,892.0,2727.5,1.583834450674059,0.03663390207939825,38.0811275,0.8164265974665545,0.8571428571428571,0.07142857142857142,0.5714285714285714,0.5
child,GSM4029928_JB18075,other,NK Cells,230,1032.0,2520.5,3.2096208264053123,0.0345839446656885,23.812853,0.9915721863424081,0.8391304347826087,0.021739130434782608,0.008695652173913044,0.7347826086956522
child,GSM4029928_JB18075,other,Non-classical Monocytes,548,1439.0,4528.0,2.7695147921917345,0.0467474647538956,23.0432215,0.9775163880785507,1.0,0.0036496350364963502,0.0,0.8540145985401459
child,GSM4029928_JB18075,other,Plasma Cells,5,3106.0,14440.0,3.1731317741015403,0.1403980634749865,28.452093,0.7375023953420363,1.0,0.2,0.0,0.4
child,GSM4029928_JB18075,other,Platelets,12,791.5,2483.0,3.964143739081222,0.0450305371106756,19.989127,0.8450511756024932,1.0,0.0,0.0,0.5
child,GSM4029928_JB18075,other,RBCs,212,276.0,4601.0,0.1496504005418931,0.0037606837606837,5.9557223,0.16701879566303202,0.9245283018867925,0.0,0.0047169811320754715,0.014150943396226415
child,GSM4029928_JB18075,other,cDCs,59,1987.0,7759.0,3.33176912247771,0.0762453405625211,27.894268,0.5925917838829341,1.0,0.01694915254237288,0.0,0.1694915254237288
child,GSM4029928_JB18075,other,pDCs,13,1699.0,5864.0,2.184065934065934,0.1249387555120039,36.560818,0.9483138296516896,1.0,0.0,0.0,0.6923076923076923
child,GSM4029928_JB18075,restored,CD4 T Cells,225,864.0,3072.0,2.015250544662309,0.0345839446656885,49.335495,0.9443636080715871,0.8488888888888889,0.0044444444444444444,1.0,0.8222222222222222
child,GSM4029928_JB18075,restored,CD8 T Cells,179,963.0,3330.0,2.5217391304347827,0.0372630202658531,47.64595,0.9059334539398076,0.888268156424581,0.5027932960893855,1.0,0.6871508379888268
child,GSM4029929_JB18076,excluded_unrestored,Ribosomal/Low-quality,780,818.5,2756.5,2.810578776965332,0.0662251655629139,47.655393000000004,0.921059700610424,0.24487179487179486,0.15256410256410258,0.0,0.6282051282051282
child,GSM4029929_JB18076,original_T,CD4 T Cells,607,964.0,3219.0,2.5852878464818763,0.0838206627680311,43.40734,0.7438321523781037,0.3393739703459638,0.008237232289950576,0.57166392092257,0.42833607907743
child,GSM4029929_JB18076,original_T,CD8 T Cells,1374,872.0,2501.5,3.2119646517582137,0.0614818707304256,36.28281,0.6559764428434944,0.2205240174672489,0.388646288209607,0.44395924308588064,0.37700145560407566
child,GSM4029929_JB18076,other,B Cells,150,833.0,2648.0,3.6295225983358126,0.0177915842982208,43.584295,0.8690547222970539,0.9,0.0,0.0,0.5933333333333334
child,GSM4029929_JB18076,other,Classical Monocytes,389,1053.0,2997.0,4.8296898830706665,0.0130601792573623,25.819544,0.9675526069053986,1.0,0.002570694087403599,0.002570694087403599,0.8663239074550129
child,GSM4029929_JB18076,other,IFN-stimulated T Cells,14,990.0,3672.5,2.3053951698019493,0.05616604655840525,49.6773615,0.9922270280974103,0.21428571428571427,0.21428571428571427,0.8571428571428571,0.7857142857142857
child,GSM4029929_JB18076,other,NK Cells,298,912.0,2218.0,3.3310533515731873,0.0244291872904358,25.726615000000002,0.9817289368528865,0.24161073825503357,0.010067114093959731,0.013422818791946308,0.7114093959731543
child,GSM4029929_JB18076,other,Non-classical Monocytes,114,1439.5,4698.0,3.745065132520141,0.03145307741737205,27.2595625,0.9430112401421653,1.0,0.0,0.0,0.6929824561403509
child,GSM4029929_JB18076,other,Plasma Cells,15,2338.0,10691.0,4.758364312267658,0.0994841562269712,26.858189,0.8846227101380594,1.0,0.13333333333333333,0.0,0.5333333333333333
child,GSM4029929_JB18076,other,Platelets,33,1148.0,3183.0,4.521590056787742,0.0571715145436308,22.042664,0.8109167534499674,1.0,0.12121212121212122,0.06060606060606061,0.5151515151515151
child,GSM4029929_JB18076,other,RBCs,4,389.5,5081.5,0.17940810959869313,0.0507953497737412,8.771514,0.17013579070158405,0.0,0.0,0.0,0.25
child,GSM4029929_JB18076,other,cDCs,32,2247.5,9835.0,3.5734190555164527,0.095187165775401,33.229126,0.629062602780216,1.0,0.0,0.0,0.28125
child,GSM4029929_JB18076,other,pDCs,20,1801.0,6234.5,2.4267710967301195,0.101781727370062,34.7079525,0.8528558839470963,0.65,0.0,0.0,0.6
child,GSM4029929_JB18076,restored,CD4 T Cells,643,870.0,3206.0,2.33849751534639,0.0714700755374782,49.909473,0.9742498463534957,0.27060653188180406,0.012441679626749611,1.0,0.8506998444790047
child,GSM4029929_JB18076,restored,CD8 T Cells,1074,969.5,3626.0,2.8474983079381873,0.0687800735918482,49.672266,0.975173006412049,0.2839851024208566,0.4851024208566108,1.0,0.8901303538175046
child,GSM4029930_JB18077,excluded_unrestored,Ribosomal/Low-quality,1215,975.0,3261.0,2.351819481964087,0.0695316272332206,48.00892,0.935594475995452,0.10041152263374485,0.1580246913580247,0.0,0.6823045267489712
child,GSM4029930_JB18077,original_T,CD4 T Cells,938,1161.0,3952.5,2.2478780429141842,0.0718341150333251,45.750271,0.7426603534516596,0.1257995735607676,0.013859275053304905,0.5970149253731343,0.4349680170575693
child,GSM4029930_JB18077,original_T,CD8 T Cells,524,961.5,2615.0,3.267193261826762,0.023571713943268,35.3141165,0.49969637696421004,0.08015267175572519,0.24045801526717558,0.31297709923664124,0.29389312977099236
child,GSM4029930_JB18077,other,B Cells,943,903.0,2734.0,3.279190928593319,0.0191505033145101,43.713997,0.9093327295509332,0.9766702014846236,0.003181336161187699,0.0,0.7232237539766702
child,GSM4029930_JB18077,other,Classical Monocytes,249,1137.0,3199.0,5.442942942942943,0.0134470318137094,27.76841,0.9118975984709112,0.9959839357429718,0.008032128514056224,0.004016064257028112,0.7108433734939759
child,GSM4029930_JB18077,other,IFN-stimulated T Cells,6,1089.5,4091.5,1.8354494975643325,0.048864344478521754,50.0841225,0.9697664572015674,0.0,0.16666666666666666,0.8333333333333334,0.8333333333333334
child,GSM4029930_JB18077,other,NK Cells,238,1004.5,2292.0,3.614998769416341,0.0102252502147655,25.0764895,0.9985314493426246,0.08823529411764706,0.02100840336134454,0.0,0.7983193277310925
child,GSM4029930_JB18077,other,Non-classical Monocytes,118,1807.5,6318.0,4.3295034616784385,0.0526103608143519,27.248374,0.9659825313906235,1.0,0.00847457627118644,0.0,0.8135593220338984
child,GSM4029930_JB18077,other,Plasma Cells,26,2615.5,12946.0,3.011636956350392,0.1199135758012243,34.2403875,0.628133047001568,0.8076923076923077,0.11538461538461539,0.0,0.34615384615384615
child,GSM4029930_JB18077,other,Platelets,18,1038.5,3503.0,1.7591510512228536,0.044146714668617096,41.120098,0.7824257833061388,0.9444444444444444,0.05555555555555555,0.4444444444444444,0.4444444444444444
child,GSM4029930_JB18077,other,RBCs,12,288.5,4734.5,0.19243877561364103,0.0662727636890272,11.999413,0.2826256211159145,0.16666666666666666,0.08333333333333333,0.3333333333333333,0.16666666666666666
child,GSM4029930_JB18077,other,cDCs,41,2346.0,10144.0,3.326926900391013,0.0881597717546362,35.927113,0.6940296196002778,1.0,0.0,0.0,0.34146341463414637
child,GSM4029930_JB18077,other,pDCs,15,1687.0,5258.0,2.374031007751938,0.1429755491089929,37.337353,0.9803799468375448,0.3333333333333333,0.0,0.0,0.8666666666666667
child,GSM4029930_JB18077,restored,CD4 T Cells,2082,1026.0,3652.0,1.9052474421481245,0.0850945494994438,49.696062999999995,0.9752977150137891,0.10854947166186359,0.011047070124879923,1.0,0.8952929875120077
child,GSM4029930_JB18077,restored,CD8 T Cells,1280,1123.0,4334.5,2.5236454949109697,0.0767640217110364,50.889339500000006,0.9732463474278623,0.13125,0.59140625,1.0,0.8921875
child,GSM4029931_JB18078,excluded_unrestored,Ribosomal/Low-quality,1109,992.0,3255.0,2.127659574468085,0.0678871090770404,47.379993,0.930510859296346,0.1460775473399459,0.20108205590622183,0.0,0.648331830477908
child,GSM4029931_JB18078,original_T,CD4 T Cells,626,1223.5,4235.0,1.9522292870045732,0.090795631825273,45.420992,0.7449388059592256,0.20926517571884984,0.03194888178913738,0.5990415335463258,0.4440894568690096
child,GSM4029931_JB18078,original_T,CD8 T Cells,298,1040.0,2875.5,3.120434468995829,0.032367994371944195,35.360359,0.5203418405734117,0.11073825503355705,0.21140939597315436,0.21140939597315436,0.26174496644295303
child,GSM4029931_JB18078,other,B Cells,806,916.5,2907.5,2.825625678906633,0.0187891440501043,44.666035,0.8981022581525828,0.9689826302729528,0.00620347394540943,0.0024813895781637717,0.6786600496277916
child,GSM4029931_JB18078,other,Classical Monocytes,298,876.5,2144.0,4.845603813559322,0.0114119489818751,26.777537000000002,0.9306695498336045,1.0,0.0,0.0,0.7248322147651006
child,GSM4029931_JB18078,other,IFN-stimulated T Cells,15,1123.0,3934.0,1.811009503317196,0.0656063618290258,45.454544,0.7114641197990371,0.2,0.3333333333333333,0.6666666666666666,0.4666666666666667
child,GSM4029931_JB18078,other,NK Cells,427,1050.0,2468.0,2.647783251231527,0.0096753386368522,24.307035,0.9929768634572644,0.12412177985948478,0.02107728337236534,0.00468384074941452,0.747072599531616
child,GSM4029931_JB18078,other,Non-classical Monocytes,213,1652.0,5432.0,2.874063751959589,0.013296011196641,26.078972,0.9920299241902408,0.9953051643192489,0.004694835680751174,0.0,0.92018779342723
child,GSM4029931_JB18078,other,Plasma Cells,17,2597.0,11064.0,2.463005263680604,0.087378640776699,31.913769,0.8467446175354072,0.9411764705882353,0.058823529411764705,0.0,0.5882352941176471
child,GSM4029931_JB18078,other,Platelets,32,1052.5,3160.0,2.968981913522642,0.03438724442929815,25.285439,0.783655619063594,1.0,0.03125,0.15625,0.5
child,GSM4029931_JB18078,other,RBCs,22,305.5,4966.0,0.1527258307776127,0.07033385045960791,13.579912499999999,0.24744373316195117,0.13636363636363635,0.09090909090909091,0.22727272727272727,0.09090909090909091
child,GSM4029931_JB18078,other,cDCs,69,2300.0,10142.0,2.4488426702448844,0.081081081081081,35.722,0.6703487459014192,1.0,0.043478260869565216,0.0,0.3188405797101449
child,GSM4029931_JB18078,other,pDCs,35,1662.0,5589.0,1.5505196796728575,0.081081081081081,37.17131,0.9554490797219896,0.5428571428571428,0.02857142857142857,0.0,0.8571428571428571
child,GSM4029931_JB18078,restored,CD4 T Cells,1511,1038.0,3687.0,1.727914334387929,0.090795631825273,49.756794,0.9760923648253572,0.17008603573792191,0.01588352084712111,1.0,0.9033752481800132
child,GSM4029931_JB18078,restored,CD8 T Cells,1547,1128.0,4219.0,2.186548574591752,0.087378640776699,50.074707,0.980683583217294,0.1965093729799612,0.6315449256625727,1.0,0.9133807369101486
child,GSM4029932_JB18079,excluded_unrestored,Ribosomal/Low-quality,1362,832.5,2927.5,1.9891934790441947,0.065340909090909,50.2256755,0.9175717912070016,0.13656387665198239,0.12701908957415564,0.0,0.6284875183553598
child,GSM4029932_JB18079,original_T,CD4 T Cells,887,981.0,3562.0,2.1148708815672306,0.0799347471451876,46.87875,0.7230570035708452,0.18489289740698986,0.020293122886133032,0.5727170236753101,0.4036076662908681
child,GSM4029932_JB18079,original_T,CD8 T Cells,263,901.0,2350.0,3.2200357781753133,0.0465071770334928,29.442692,0.8907320818341367,0.13307984790874525,0.24714828897338403,0.20912547528517111,0.596958174904943
child,GSM4029932_JB18079,other,B Cells,607,758.0,2376.0,3.124151045911437,0.0143606108958285,44.414658,0.903457857241628,0.9472817133443163,0.0,0.0,0.6836902800658978
child,GSM4029932_JB18079,other,Classical Monocytes,536,1102.5,3321.0,4.282550781503815,0.0124753775443204,27.737362,0.9733079716441508,0.9981343283582089,0.005597014925373134,0.005597014925373134,0.8600746268656716
child,GSM4029932_JB18079,other,IFN-stimulated T Cells,1,1057.0,4381.0,1.7119379137183293,0.1465629053177691,53.70201,0.7518696481669619,1.0,0.0,1.0,0.0
child,GSM4029932_JB18079,other,NK Cells,526,914.5,2114.5,3.3574902219146754,0.0186428038777032,23.367857,0.9988543830570376,0.09695817490494296,0.0038022813688212928,0.0,0.8897338403041825
child,GSM4029932_JB18079,other,Non-classical Monocytes,306,1592.0,5284.5,3.7691155831047904,0.0124753775443204,24.366236,0.9910022129409499,0.9934640522875817,0.0,0.0,0.8954248366013072
child,GSM4029932_JB18079,other,Plasma Cells,24,2445.0,11320.5,3.630001160941134,0.1056904787118421,32.9590245,0.7748488365407808,0.875,0.0,0.0,0.4583333333333333
child,GSM4029932_JB18079,other,Platelets,12,723.5,1645.5,3.1783723250787403,0.06642317653916366,11.522879,0.40095671852762416,1.0,0.0,0.0,0.3333333333333333
child,GSM4029932_JB18079,other,RBCs,1,1822.0,7899.0,2.3167489555639955,0.1077966101694915,53.64264,0.18633947733475,1.0,0.0,0.0,0.0
child,GSM4029932_JB18079,other,cDCs,60,2069.5,8908.5,2.9137518003915446,0.09410447801717844,34.7329125,0.7163405589296685,1.0,0.016666666666666666,0.0,0.4166666666666667
child,GSM4029932_JB18079,other,pDCs,14,1619.5,5312.5,2.098199086904586,0.15790560754808464,38.0248775,0.9414946790323251,0.21428571428571427,0.0,0.0,0.7857142857142857
child,GSM4029932_JB18079,restored,CD4 T Cells,1816,868.0,3223.0,1.6687040989771251,0.0772088087025736,51.7727035,0.9704021242131606,0.15143171806167402,0.003303964757709251,1.0,0.8810572687224669
child,GSM4029932_JB18079,restored,CD8 T Cells,1065,977.0,3873.0,2.043976463301332,0.0675054439874183,52.314816,0.9820809465344112,0.18779342723004694,0.5558685446009389,1.0,0.8798122065727699
child,GSM4029933_JB18080,excluded_unrestored,Ribosomal/Low-quality,655,944.0,2879.0,2.047146401985112,0.0734194425560842,43.275185,0.927080196923752,0.3755725190839695,0.10381679389312977,0.0,0.6427480916030535
child,GSM4029933_JB18080,original_T,CD4 T Cells,542,1190.5,3738.5,1.8614576814768458,0.0843012364181341,39.9764155,0.7748899022047153,0.5701107011070111,0.012915129151291513,0.6309963099630996,0.4797047970479705
child,GSM4029933_JB18080,original_T,CD8 T Cells,233,1174.0,3002.0,2.893380895759017,0.0446207238472979,26.165462,0.6561150302243568,0.44206008583690987,0.2875536480686695,0.2703862660944206,0.3133047210300429
child,GSM4029933_JB18080,other,B Cells,246,1077.5,3168.0,3.0711696896614322,0.0133057362507392,37.898818500000004,0.8699845212232031,0.991869918699187,0.0,0.0,0.5894308943089431
child,GSM4029933_JB18080,other,Classical Monocytes,454,1102.5,2870.5,5.484222761676561,0.016642891107941,18.532308,0.9799315327516325,1.0,0.006607929515418502,0.0,0.8634361233480177
child,GSM4029933_JB18080,other,IFN-stimulated T Cells,75,1162.0,3813.0,1.7138302112395376,0.059169855755078,43.218227,0.9267928561760076,0.52,0.16,0.8666666666666667,0.7733333333333333
child,GSM4029933_JB18080,other,NK Cells,248,1291.5,3064.0,2.629482081106663,0.0159375,20.0503795,0.997567085115129,0.4838709677419355,0.008064516129032258,0.008064516129032258,0.8225806451612904
child,GSM4029933_JB18080,other,Non-classical Monocytes,120,1578.0,4976.5,3.6674932787819694,0.0286438550900621,18.9129,0.9659959645676227,1.0,0.0,0.0,0.9166666666666666
child,GSM4029933_JB18080,other,Plasma Cells,9,2646.0,9928.0,2.817192095351117,0.1210629921259842,44.24581,0.0779051129380739,0.8888888888888888,0.1111111111111111,0.0,0.0
child,GSM4029933_JB18080,other,Platelets,12,1045.0,2467.0,4.751194529374805,0.0486967918920978,13.5276125,0.748533567187928,1.0,0.0,0.0,0.5
child,GSM4029933_JB18080,other,RBCs,17,309.0,5268.0,0.0917220820912634,0.0672215108834827,5.971831,0.2420042192359056,0.35294117647058826,0.058823529411764705,0.11764705882352941,0.23529411764705882
child,GSM4029933_JB18080,other,cDCs,19,2444.0,9632.0,3.322109988776655,0.0976627712854757,24.817184,0.5982360594863042,1.0,0.0,0.0,0.3684210526315789
child,GSM4029933_JB18080,other,pDCs,10,2052.0,6689.0,2.369506118983306,0.06319568331928035,31.738141,0.9903759872182852,0.8,0.0,0.0,1.0
child,GSM4029933_JB18080,restored,CD4 T Cells,1103,1055.0,3422.0,1.6964285714285714,0.0884406516679596,45.527584,0.9792628233814364,0.5176790571169537,0.009972801450589302,1.0,0.8902991840435177
child,GSM4029933_JB18080,restored,CD8 T Cells,650,1205.5,4244.5,2.1808867772703744,0.0804347826086956,46.252812500000005,0.9636157886512822,0.5553846153846154,0.6246153846153846,1.0,0.8676923076923077
child,GSM4029934_JB18081,excluded_unrestored,Ribosomal/Low-quality,892,920.5,2896.5,1.9407623976873893,0.0402722631877481,43.0877035,0.7915938784299208,0.6457399103139013,0.11995515695067265,0.0,0.492152466367713
child,GSM4029934_JB18081,original_T,CD4 T Cells,813,1085.0,3762.0,1.71939477303989,0.0573694029850746,44.958878,0.7153711660487633,0.7650676506765067,0.004920049200492005,0.5633456334563346,0.3899138991389914
child,GSM4029934_JB18081,original_T,CD8 T Cells,1626,881.0,2396.5,2.2249224456206527,0.0471659081505999,32.988804,0.6046012473136251,0.6150061500615006,0.3726937269372694,0.37453874538745385,0.2921279212792128
child,GSM4029934_JB18081,other,B Cells,834,704.5,1968.0,2.2382058454731633,0.0229536595928973,42.377018,0.856768660082398,0.9088729016786571,0.0,0.0,0.5815347721822542
child,GSM4029934_JB18081,other,Classical Monocytes,640,1067.5,2952.5,2.823575310149187,0.0170410534469403,21.3451745,0.991410264983398,1.0,0.003125,0.0015625,0.9234375
child,GSM4029934_JB18081,other,IFN-stimulated T Cells,3,1172.0,4372.0,1.4809902740937224,0.0366774541531823,49.529278,0.9668297778192596,0.6666666666666666,0.0,0.3333333333333333,1.0
child,GSM4029934_JB18081,other,NK Cells,462,969.5,2241.5,2.2147381078386785,0.0355563417654342,22.550556,0.971935863736339,0.6341991341991342,0.015151515151515152,0.0021645021645021645,0.7034632034632035
child,GSM4029934_JB18081,other,Non-classical Monocytes,414,1619.5,5152.0,2.1117587705699146,0.0195069086968301,23.6370735,0.9904411219457989,0.9975845410628019,0.0,0.0,0.8985507246376812
child,GSM4029934_JB18081,other,Plasma Cells,7,3006.0,13704.0,3.371677905593019,0.1038135593220339,30.099535,0.865570849871289,1.0,0.0,0.0,0.5714285714285714
child,GSM4029934_JB18081,other,Platelets,15,1074.0,2724.0,3.007784854918613,0.1239870340356563,21.241098,0.7606061124706955,1.0,0.13333333333333333,0.0,0.4
child,GSM4029934_JB18081,other,RBCs,30,245.5,3772.5,0.08738457279663775,0.0848798296318831,7.65300135,0.20663080160442895,0.5333333333333333,0.03333333333333333,0.1,0.1
child,GSM4029934_JB18081,other,cDCs,30,2228.5,8597.5,2.1339116377397804,0.08655756187476504,28.68374,0.6354913840767421,1.0,0.03333333333333333,0.0,0.3
child,GSM4029934_JB18081,other,pDCs,36,1710.5,6138.0,1.8338127189786824,0.0786970308446238,33.9399545,0.9500844060712248,0.75,0.0,0.0,0.6666666666666666
child,GSM4029934_JB18081,restored,CD4 T Cells,382,924.5,3189.0,1.575862691747449,0.0355563417654342,49.128786000000005,0.9187643406106594,0.693717277486911,0.013089005235602094,1.0,0.7225130890052356
child,GSM4029934_JB18081,restored,CD8 T Cells,310,994.5,3734.5,1.9697998512626507,0.0323995950050624,49.9194765,0.9358663521788564,0.7677419354838709,0.4935483870967742,1.0,0.7774193548387097
child,GSM4029935_JB18082,excluded_unrestored,Ribosomal/Low-quality,981,865.0,3039.0,2.793650793650793,0.057541412380122,49.142673,0.933532763296863,0.11416921508664628,0.218144750254842,0.0,0.6554536187563711
child,GSM4029935_JB18082,original_T,CD4 T Cells,933,1001.0,3474.0,2.492836676217765,0.0675054439874183,45.208847,0.7343498779942228,0.1607717041800643,0.01714898177920686,0.5894962486602358,0.41693461950696675
child,GSM4029935_JB18082,original_T,CD8 T Cells,1197,903.0,2581.0,3.216266173752311,0.0413311862587224,36.72047,0.69752273663086,0.09774436090225563,0.5739348370927319,0.49958228905597324,0.40601503759398494
child,GSM4029935_JB18082,other,B Cells,1006,835.0,2790.5,4.156159756219992,0.0198372329603255,45.735232499999995,0.8751923074852297,0.952286282306163,0.004970178926441352,0.0,0.6361829025844931
child,GSM4029935_JB18082,other,Classical Monocytes,528,1068.5,3048.0,5.3865786101708375,0.0143606108958285,26.9373525,0.9815502815184955,1.0,0.003787878787878788,0.0,0.9034090909090909
child,GSM4029935_JB18082,other,IFN-stimulated T Cells,31,952.0,3399.0,2.411319250697489,0.0508885298869143,47.271595,0.9604608550350536,0.0967741935483871,0.25806451612903225,0.6129032258064516,0.7096774193548387
child,GSM4029935_JB18082,other,NK Cells,350,924.0,2226.5,3.1627600696737614,0.0389880436666089,27.4788085,0.8743849984359682,0.13428571428571429,0.02,0.04285714285714286,0.5542857142857143
child,GSM4029935_JB18082,other,Non-classical Monocytes,201,1621.0,5425.0,4.032637690255767,0.0300455235204855,24.655912,0.9914373142971836,0.9950248756218906,0.009950248756218905,0.0,0.9104477611940298
child,GSM4029935_JB18082,other,Plasma Cells,13,2080.0,9602.0,4.526987811955891,0.0889867841409691,27.642105,0.8232247779275822,1.0,0.0,0.0,0.7692307692307693
child,GSM4029935_JB18082,other,Platelets,15,1137.0,3578.0,4.50755014649538,0.0479158550837553,25.448477,0.804009209570121,1.0,0.0,0.2,0.5333333333333333
child,GSM4029935_JB18082,other,RBCs,5,458.0,1107.0,8.345264880343628,0.0438320695394858,40.185184,0.3782032342708312,0.4,0.0,0.2,0.4
child,GSM4029935_JB18082,other,cDCs,50,2167.0,9316.5,3.3647839858369277,0.0772088087025736,34.1144295,0.5795305353036788,1.0,0.0,0.0,0.24
child,GSM4029935_JB18082,other,pDCs,30,1530.5,4549.0,2.4733144211594387,0.092335546167773,37.065669,0.9769050425096881,0.26666666666666666,0.0,0.0,0.6333333333333333
child,GSM4029935_JB18082,restored,CD4 T Cells,863,918.0,3362.0,2.281746031746032,0.0632676709154113,50.72714,0.9704990893267662,0.13093858632676708,0.011587485515643106,1.0,0.8597914252607184
child,GSM4029935_JB18082,restored,CD8 T Cells,1219,998.0,4086.0,3.0702806428400096,0.0557811498183372,52.354523,0.9760991813867814,0.14520098441345364,0.5742411812961444,1.0,0.9015586546349467
child,GSM4029936_JB18085,excluded_unrestored,Ribosomal/Low-quality,877,1024.0,3630.0,3.1885513432086365,0.0683096705062951,47.877758,0.9566890792691664,0.059293044469783354,0.19726339794754846,0.0,0.7286202964652223
child,GSM4029936_JB18085,original_T,CD4 T Cells,1004,1191.0,4193.5,2.8363973825480784,0.076300578034682,44.9408835,0.8201953442725236,0.08167330677290836,0.01593625498007968,0.646414342629482,0.5288844621513944
child,GSM4029936_JB18085,original_T,CD8 T Cells,200,1024.5,2876.5,4.2178324645544825,0.0299600532623169,35.750938500000004,0.6160286163204926,0.04,0.31,0.28,0.345
child,GSM4029936_JB18085,other,B Cells,1034,937.5,3038.5,3.8059434300035804,0.0247177296307598,44.601641,0.9405496758106423,0.9709864603481625,0.0,0.0,0.8017408123791102
child,GSM4029936_JB18085,other,Classical Monocytes,260,1115.0,3181.0,6.066432165910157,0.0107551752052735,25.7694045,0.968415909987684,1.0,0.0,0.0,0.8538461538461538
child,GSM4029936_JB18085,other,IFN-stimulated T Cells,9,1180.0,4633.0,2.6631158455392807,0.0614078881677483,46.875607,0.9789446107516232,0.0,0.2222222222222222,0.6666666666666666,0.7777777777777778
child,GSM4029936_JB18085,other,NK Cells,279,1079.0,2630.0,3.9894493900428616,0.0153295861011752,26.9103,0.9939184604744904,0.04659498207885305,0.021505376344086023,0.0,0.7275985663082437
child,GSM4029936_JB18085,other,Non-classical Monocytes,118,1756.5,5855.5,4.598619893149429,0.0231591448931116,24.596325999999998,0.9961375431764197,1.0,0.0,0.0,0.8813559322033898
child,GSM4029936_JB18085,other,Plasma Cells,21,2776.0,14496.0,4.834727746536826,0.0928452579034941,29.341717,0.8801441618247369,0.9047619047619048,0.047619047619047616,0.0,0.6190476190476191
child,GSM4029936_JB18085,other,Platelets,13,630.0,1871.0,3.307223672758921,0.1152941176470588,3.6166365,0.6949219241733244,1.0,0.07692307692307693,0.15384615384615385,0.3076923076923077
child,GSM4029936_JB18085,other,RBCs,3,1235.0,4602.0,6.73620165145589,0.0386363636363636,52.840534,0.1259865970879495,0.0,0.0,0.0,0.0
child,GSM4029936_JB18085,other,cDCs,17,2385.0,9636.0,3.262974438419829,0.120780805205368,33.860725,0.5644510615549767,1.0,0.0,0.0,0.35294117647058826
child,GSM4029936_JB18085,other,pDCs,8,1588.5,5054.0,2.972975670733856,0.0809805368993617,38.216060999999996,0.8600776316278318,0.125,0.0,0.0,0.625
child,GSM4029936_JB18085,restored,CD4 T Cells,1304,1090.0,4078.0,2.673511792027832,0.0823672971323978,49.581558,0.9764259698505213,0.0651840490797546,0.010736196319018405,1.0,0.897239263803681
child,GSM4029936_JB18085,restored,CD8 T Cells,1003,1156.0,4509.0,3.3926128590971274,0.0735004224162207,49.269875,0.9815432967687452,0.058823529411764705,0.6430707876370887,1.0,0.901296111665005
child,GSM4029937_JB18086,excluded_unrestored,Ribosomal/Low-quality,972,895.0,3179.0,2.239931182948928,0.0613735996103263,50.529493,0.9628713370879266,0.08436213991769548,0.1286008230452675,0.0,0.7582304526748971
child,GSM4029937_JB18086,original_T,CD4 T Cells,705,1088.0,3973.0,2.2323693556570268,0.0705505077498663,47.901535,0.8350547351132421,0.15460992907801419,0.01276595744680851,0.6581560283687943,0.5432624113475177
child,GSM4029937_JB18086,original_T,CD8 T Cells,303,877.0,2334.0,3.0181086519114686,0.0215220143480095,33.333332,0.6377951086958357,0.07260726072607261,0.25742574257425743,0.2838283828382838,0.37293729372937295
child,GSM4029937_JB18086,other,B Cells,743,837.0,2592.0,3.029062627916496,0.0170410534469403,44.603825,0.9266069406359052,0.9475100942126514,0.0,0.0,0.730820995962315
child,GSM4029937_JB18086,other,Classical Monocytes,673,1013.0,2652.0,5.746239876590821,0.0158930373360242,24.372522,0.9669638758767304,1.0,0.0014858841010401188,0.0014858841010401188,0.8424962852897474
child,GSM4029937_JB18086,other,IFN-stimulated T Cells,6,1014.5,3842.5,2.161889067469602,0.05805747990848075,51.4067225,0.9733477645229711,0.0,0.16666666666666666,0.8333333333333334,0.8333333333333334
child,GSM4029937_JB18086,other,NK Cells,523,968.0,2258.0,2.9585798816568047,0.0147965474722564,23.985765,0.9992400987136852,0.0745697896749522,0.0019120458891013384,0.0,0.8738049713193117
child,GSM4029937_JB18086,other,Non-classical Monocytes,208,1551.0,5068.0,4.204308469827557,0.0252479711451758,23.875057499999997,0.9795606177348133,0.9951923076923077,0.0,0.0,0.8125
child,GSM4029937_JB18086,other,Plasma Cells,20,2332.5,9786.0,3.7486527017712126,0.08329249030439626,31.732719499999998,0.9319031938185552,0.85,0.0,0.0,0.65
child,GSM4029937_JB18086,other,Platelets,20,853.5,2412.5,1.7533598980866172,0.08329249030439626,2.3415464000000004,0.6453883872705128,1.0,0.0,0.0,0.2
child,GSM4029937_JB18086,other,RBCs,6,1981.0,8403.5,3.276756113391112,0.08095544973923835,47.242973500000005,0.1284496367823249,0.3333333333333333,0.0,0.0,0.0
child,GSM4029937_JB18086,other,cDCs,56,2205.5,9498.5,3.3876306908507487,0.0731306491372226,33.114706,0.7020155675836393,1.0,0.0,0.0,0.35714285714285715
child,GSM4029937_JB18086,other,pDCs,24,1654.5,5491.0,2.4313224494482544,0.1083546151039766,36.1697675,0.9827384688034713,0.25,0.0,0.0,0.875
child,GSM4029937_JB18086,restored,CD4 T Cells,1461,967.0,3555.0,1.9318653926049023,0.0731306491372226,51.350574,0.9783623912822896,0.11088295687885011,0.0013689253935660506,1.0,0.9117043121149897
child,GSM4029937_JB18086,restored,CD8 T Cells,785,1044.0,4067.0,2.4822695035460995,0.0731306491372226,51.66232,0.9799186801884152,0.12229299363057325,0.5910828025477707,1.0,0.9121019108280255
child,GSM4029938_JB18083,excluded_unrestored,Ribosomal/Low-quality,883,991.0,3228.0,2.5203854707190514,0.0491604288893384,46.223255,0.9160128754405988,0.07134767836919592,0.1551528878822197,0.0,0.594563986409966
child,GSM4029938_JB18083,original_T,CD4 T Cells,785,1199.0,4045.0,2.3224823910146584,0.0593586536274732,44.345753,0.7201193594545601,0.09554140127388536,0.022929936305732482,0.6101910828025477,0.39872611464968155
child,GSM4029938_JB18083,original_T,CD8 T Cells,733,1031.0,2675.0,3.132183908045977,0.0247299602046617,29.851229,0.4980519081032118,0.03547066848567531,0.5470668485675307,0.3083219645293315,0.26193724420190995
child,GSM4029938_JB18083,other,B Cells,735,905.0,2625.0,3.5020936429387133,0.0164253558827107,40.48,0.8985570144518269,0.9619047619047619,0.004081632653061225,0.0,0.6748299319727891
child,GSM4029938_JB18083,other,Classical Monocytes,341,1207.0,3539.0,5.220296512841929,0.0106325851143808,25.888788,0.973813442787116,1.0,0.005865102639296188,0.0,0.8504398826979472
child,GSM4029938_JB18083,other,IFN-stimulated T Cells,13,1082.0,3528.0,1.849743881616392,0.0834528247777459,44.598835,0.9602521975145328,0.07692307692307693,0.15384615384615385,1.0,0.9230769230769231
child,GSM4029938_JB18083,other,NK Cells,1168,1077.0,2444.5,3.561843045470249,0.0291515075031567,20.9601315,0.9995767527381726,0.0625,0.003424657534246575,0.0,0.9340753424657534
child,GSM4029938_JB18083,other,Non-classical Monocytes,144,1683.0,5388.5,4.3726066836122985,0.0304735114861697,23.7223975,0.9896932195817161,1.0,0.0,0.0,0.8611111111111112
child,GSM4029938_JB18083,other,Plasma Cells,34,2778.0,12244.0,3.7397133645879044,0.1094736842105263,30.3875825,0.8304288580047348,0.9117647058823529,0.029411764705882353,0.0,0.6176470588235294
child,GSM4029938_JB18083,other,Platelets,34,1453.0,4359.5,4.939292684238413,0.07051151855160426,21.239623,0.9176198565634007,0.9705882352941176,0.058823529411764705,0.029411764705882353,0.5882352941176471
child,GSM4029938_JB18083,other,RBCs,8,297.5,5701.5,0.059135362275664655,0.1685309067785447,4.99555775,0.3097122083334121,0.25,0.0,0.0,0.0
child,GSM4029938_JB18083,other,cDCs,66,2456.5,10862.5,3.1388745518551167,0.08501263147014501,30.9685785,0.8115409533800031,0.9848484848484849,0.030303030303030304,0.0,0.5303030303030303
child,GSM4029938_JB18083,other,pDCs,59,1741.0,5554.0,2.334879257956181,0.0676915447557649,35.714287,0.9351424194841635,0.2542372881355932,0.01694915254237288,0.0,0.6440677966101694
child,GSM4029938_JB18083,restored,CD4 T Cells,1186,1041.0,3608.0,1.993868156093404,0.05842264232175795,48.7927745,0.9680922896399212,0.06239460370994941,0.008431703204047217,1.0,0.8777403035413154
child,GSM4029938_JB18083,restored,CD8 T Cells,919,1115.0,4315.0,2.6327734906945075,0.0491604288893384,50.144054,0.9765606973141436,0.1088139281828074,0.6060935799782372,1.0,0.8890097932535365
child,GSM4029939_JB18084,excluded_unrestored,Ribosomal/Low-quality,1186,1037.5,3351.0,2.541538131387645,0.0409910730552013,44.1448065,0.9212982058169854,0.14839797639123103,0.1399662731871838,0.0,0.6298482293423272
child,GSM4029939_JB18084,original_T,CD4 T Cells,847,1218.0,4242.0,2.4189114898295765,0.0574866310160427,43.953316,0.7854982320492339,0.17119244391971664,0.014167650531286895,0.654073199527745,0.4757969303423849
child,GSM4029939_JB18084,original_T,CD8 T Cells,373,998.0,2746.0,3.619114546732256,0.0397849462365591,34.36255,0.709981426171045,0.10187667560321716,0.16353887399463807,0.1126005361930295,0.4289544235924933
child,GSM4029939_JB18084,other,B Cells,863,847.0,2464.0,3.280270139893873,0.0187141947803946,41.340782,0.9184718955797402,0.966396292004635,0.004634994206257242,0.0011587485515643105,0.712630359212051
child,GSM4029939_JB18084,other,Classical Monocytes,751,950.0,2438.0,5.950212507589557,0.015884476534296,25.49168,0.9704716810315748,1.0,0.0013315579227696406,0.0013315579227696406,0.8641810918774967
child,GSM4029939_JB18084,other,IFN-stimulated T Cells,17,1285.0,4145.0,1.96238757154538,0.0476758045292014,44.047035,0.8471243896170412,0.11764705882352941,0.29411764705882354,0.6470588235294118,0.6470588235294118
child,GSM4029939_JB18084,other,NK Cells,690,1065.5,2466.0,3.191364579846454,0.0193199381761978,22.697399,0.9992741998834158,0.08840579710144927,0.0014492753623188406,0.0,0.8942028985507247
child,GSM4029939_JB18084,other,Non-classical Monocytes,224,1451.5,4543.0,4.542061402318195,0.0262620367668514,25.7284155,0.980648477814104,1.0,0.0,0.0,0.7857142857142857
child,GSM4029939_JB18084,other,Plasma Cells,20,2637.5,12762.5,3.6482291326978684,0.091602736514888,30.010539,0.8050467977615485,1.0,0.0,0.0,0.55
child,GSM4029939_JB18084,other,Platelets,23,1157.0,3608.0,5.35073409461664,0.0633451957295373,23.346304,0.8089454985842448,1.0,0.0,0.043478260869565216,0.5217391304347826
child,GSM4029939_JB18084,other,RBCs,8,2025.0,8002.5,2.410574306532564,0.0953936627561182,48.7619095,0.024211602360841397,0.5,0.0,0.0,0.0
child,GSM4029939_JB18084,other,cDCs,69,2227.0,9617.0,3.172666259914582,0.0749999999999999,32.044975,0.7863271232596244,0.9855072463768116,0.0,0.0,0.463768115942029
child,GSM4029939_JB18084,other,pDCs,21,1662.0,5715.0,1.9922748526123195,0.0898638426626323,36.61882,0.9654534864038428,0.2857142857142857,0.0,0.0,0.8095238095238095
child,GSM4029939_JB18084,restored,CD4 T Cells,1227,1052.0,3776.0,1.845102505694761,0.0574866310160427,48.702385,0.9693769292392552,0.09698451507742462,0.0024449877750611247,1.0,0.8842705786471068
child,GSM4029939_JB18084,restored,CD8 T Cells,808,1158.5,4635.5,2.425575608982487,0.0593586536274732,50.903502,0.97282873748918,0.13985148514851486,0.5915841584158416,1.0,0.8564356435643564
adult,GSM4029940_JB19001,excluded_unrestored,Ribosomal/Low-quality,846,909.0,3106.0,1.6591824648405216,0.0593437281824528,48.774480355640996,0.9231886032554271,0.1430260047281324,0.031914893617021274,0.0,0.6264775413711584
adult,GSM4029940_JB19001,original_T,CD4 T Cells,1065,1087.0,3668.0,1.8855218855218852,0.0702758979698073,44.057217165149545,0.7494007751506437,0.19061032863849764,0.03474178403755868,0.5586854460093896,0.43661971830985913
adult,GSM4029940_JB19001,original_T,CD8 T Cells,612,1012.5,3115.5,2.6541590561747492,0.0489366095395416,39.00444726810673,0.93427765786385,0.15196078431372548,0.1977124183006536,0.24509803921568626,0.6715686274509803
adult,GSM4029940_JB19001,other,B Cells,346,843.0,2715.0,2.5149857852327164,0.0088570223534373,44.40441470806885,0.8191682109688283,0.9335260115606936,0.0,0.0,0.5202312138728323
adult,GSM4029940_JB19001,other,Classical Monocytes,493,930.0,2406.0,5.192231470471661,0.013296011196641,24.702058504875406,0.9529870254969698,1.0,0.004056795131845842,0.002028397565922921,0.8073022312373225
adult,GSM4029940_JB19001,other,NK Cells,1376,1025.0,2880.0,2.9279721549933972,0.0382337102854065,34.21856897108422,0.45416743780381874,0.12790697674418605,0.08938953488372094,0.10465116279069768,0.2449127906976744
adult,GSM4029940_JB19001,other,Non-classical Monocytes,327,1639.0,5527.0,3.146374829001368,0.0200481154771451,25.15450361604208,0.9955105632565332,0.9969418960244648,0.0,0.0,0.8654434250764526
adult,GSM4029940_JB19001,other,Plasma Cells,22,2579.5,10861.0,3.9204888765768144,0.1162091011658518,29.721816847268826,0.9152031284421711,0.6363636363636364,0.0,0.0,0.5909090909090909
adult,GSM4029940_JB19001,other,Platelets,27,1051.0,3355.0,2.0268256333830106,0.0574293527803099,33.082271147161066,0.9242810438374508,0.8888888888888888,0.0,0.1111111111111111,0.6296296296296297
adult,GSM4029940_JB19001,other,RBCs,7,712.0,4498.0,1.203416149068323,0.0593437281824528,36.854982206405694,0.8933211374021363,1.0,0.0,0.2857142857142857,0.5714285714285714
adult,GSM4029940_JB19001,other,pDCs,37,1796.0,5899.0,2.1647487752079297,0.094412331406551,37.56803208249785,0.997799132111066,0.43243243243243246,0.0,0.0,0.7297297297297297
adult,GSM4029940_JB19001,restored,CD4 T Cells,1593,996.0,3461.0,1.573373676248109,0.0678871090770404,49.02516838000709,0.9589063323046574,0.1374764595103578,0.003138731952291274,1.0,0.810420590081607
adult,GSM4029940_JB19001,restored,CD8 T Cells,224,1012.0,3790.5,1.94829446933458,0.0538293216630196,50.54382238440752,0.9588286499911075,0.11160714285714286,0.5580357142857143,1.0,0.8080357142857143
adult,GSM4029942_JB19003,excluded_unrestored,Ribosomal/Low-quality,482,1017.5,3563.0,2.0231292419531255,0.0432110620318801,49.155404334322924,0.6518209976818095,0.7863070539419087,0.07676348547717843,0.0,0.42946058091286304
adult,GSM4029942_JB19003,original_T,CD4 T Cells,890,1036.5,3641.0,2.447509977442304,0.0474260235103364,45.18151303894578,0.6456248404073331,0.8449438202247191,0.033707865168539325,0.45393258426966293,0.31685393258426964
adult,GSM4029942_JB19003,original_T,CD8 T Cells,494,1005.0,3158.0,3.1905253985023867,0.0370893677145884,39.08554572271387,0.9219458434766796,0.8522267206477733,0.22267206477732793,0.2894736842105263,0.631578947368421
adult,GSM4029942_JB19003,other,B Cells,405,883.0,3037.0,3.16097969436885,0.0096753386368522,46.75404464468564,0.8500049602632944,0.9876543209876543,0.0,0.0024691358024691358,0.5753086419753086
adult,GSM4029942_JB19003,other,Classical Monocytes,1897,1121.0,3225.0,4.915480427046264,0.0349075975359342,23.848625490896108,0.9916193726340072,1.0,0.0,0.0,0.9599367422245652
adult,GSM4029942_JB19003,other,NK Cells,1240,954.0,2498.5,3.2730594317050823,0.0265646105357946,29.172967802809982,0.8126463048245325,0.8241935483870968,0.16532258064516128,0.14596774193548387,0.5145161290322581
adult,GSM4029942_JB19003,other,Non-classical Monocytes,541,1682.0,5879.0,3.780752532561505,0.035981227185816,26.870990734141127,0.9676480773529352,1.0,0.0018484288354898336,0.0,0.789279112754159
adult,GSM4029942_JB19003,other,Plasma Cells,2,3373.5,20819.5,2.6710805206355723,0.2201659221442246,34.828360390433524,0.5567343262481558,1.0,0.0,0.0,0.5
adult,GSM4029942_JB19003,other,Platelets,21,679.0,1591.0,2.8526148969889067,0.087378640776699,4.529616724738676,0.9000680989002445,1.0,0.0,0.09523809523809523,0.6666666666666666
adult,GSM4029942_JB19003,other,RBCs,2,702.5,2231.5,4.1403698910010815,0.03230709135858815,39.43136504258143,0.8616099037061541,1.0,0.0,0.5,1.0
adult,GSM4029942_JB19003,other,pDCs,47,1667.0,5307.0,2.495825643729677,0.087378640776699,36.75385647216633,0.9993880491537536,0.9574468085106383,0.0,0.0,0.6808510638297872
adult,GSM4029942_JB19003,restored,CD4 T Cells,661,1037.0,3822.0,1.865256124721604,0.0394160583941605,50.1205400192864,0.9219491937219076,0.8290468986384266,0.006051437216338881,1.0,0.7428139183055976
adult,GSM4029942_JB19003,restored,CD8 T Cells,284,1076.0,4210.5,2.306458673794239,0.0291079812206572,51.07278677145053,0.9632750941779076,0.8485915492957746,0.6161971830985915,1.0,0.8661971830985915
adult,GSM4029943_JB19004,excluded_unrestored,Ribosomal/Low-quality,171,1246.0,4014.0,1.4958863126402393,0.0340398201669878,42.19512195121951,0.4705364956200004,0.8830409356725146,0.28654970760233917,0.0,0.3157894736842105
adult,GSM4029943_JB19004,original_T,CD4 T Cells,259,1466.0,4495.0,1.409384844967667,0.0464113619071772,37.160493827160494,0.7771188148880313,0.9073359073359073,0.10424710424710425,0.640926640926641,0.4671814671814672
adult,GSM4029943_JB19004,original_T,CD8 T Cells,465,1389.0,3842.0,1.8050541516245489,0.0617059891107078,30.62295081967213,0.8534028311666366,0.8623655913978494,0.5612903225806452,0.6946236559139785,0.5419354838709678
adult,GSM4029943_JB19004,other,B Cells,64,1291.5,4325.5,2.1496112793799327,0.02550156166406095,40.3097403374782,0.7126869716904984,1.0,0.0,0.0,0.375
adult,GSM4029943_JB19004,other,Classical Monocytes,527,1299.0,3365.0,3.555998670654702,0.0196804037005887,18.214062174003757,0.9761893802446496,1.0,0.0056925996204933585,0.0,0.8462998102466793
adult,GSM4029943_JB19004,other,NK Cells,1662,1334.0,3522.5,2.005008372025519,0.0502525923956394,27.400357842548274,0.8039661881656162,0.8778580024067388,0.37845968712394706,0.427797833935018,0.5036101083032491
adult,GSM4029943_JB19004,other,Non-classical Monocytes,353,1992.0,6524.0,2.3216601815823608,0.0240437158469945,17.529880478087648,0.9967770595823467,1.0,0.014164305949008499,0.0,0.8980169971671388
adult,GSM4029943_JB19004,other,Plasma Cells,18,2619.5,11644.0,3.059489746734661,0.09527288142078365,24.073863228508962,0.9204704443791498,1.0,0.05555555555555555,0.0,0.6666666666666666
adult,GSM4029943_JB19004,other,Platelets,28,1303.5,3670.5,1.4601098592656525,0.1084010840108401,3.4814592260484227,0.9333755344103778,1.0,0.21428571428571427,0.14285714285714285,0.6785714285714286
adult,GSM4029943_JB19004,other,RBCs,93,290.0,5461.0,0.077264825188333,0.0280920795942255,1.4038606166959138,0.693208812918956,1.0,0.06451612903225806,0.08602150537634409,0.23655913978494625
adult,GSM4029943_JB19004,other,pDCs,18,2121.0,6846.5,1.6540771120916455,0.1144606688648139,28.654610895338,0.9999006766808107,1.0,0.0,0.0,0.8888888888888888
adult,GSM4029943_JB19004,restored,CD4 T Cells,266,1288.0,4167.5,1.2782136680897371,0.0327593448131037,43.48600047962816,0.9386051140530759,0.8872180451127819,0.022556390977443608,1.0,0.7744360902255639
adult,GSM4029943_JB19004,restored,CD8 T Cells,266,1481.5,5101.5,1.6174925022294298,0.0315268905831444,44.74987000644416,0.9334025990949792,0.9398496240601504,0.6804511278195489,1.0,0.7706766917293233
adult,GSM4029944_JB19006,excluded_unrestored,Ribosomal/Low-quality,205,1226.0,3935.0,1.4428412874583796,0.0321017565112053,40.5890603085554,0.3686287763521371,0.9951219512195122,0.2682926829268293,0.0,0.16097560975609757
adult,GSM4029944_JB19006,original_T,CD4 T Cells,397,1445.0,4418.0,1.5184381778741864,0.0321017565112053,36.39916623241272,0.7172992618974096,1.0,0.2594458438287154,0.5944584382871536,0.4256926952141058
adult,GSM4029944_JB19006,original_T,CD8 T Cells,253,1332.0,3434.0,1.7434210526315788,0.0372630202658531,27.074601844090527,0.868206969789166,1.0,0.5019762845849802,0.6324110671936759,0.549407114624506
adult,GSM4029944_JB19006,other,B Cells,55,1224.0,3731.0,2.266112266112266,0.0401633764465622,38.23620104841197,0.7564388305712905,1.0,0.0,0.0,0.43636363636363634
adult,GSM4029944_JB19006,other,Classical Monocytes,1293,1217.0,3158.0,2.7364378300528083,0.0433136094674556,17.104294478527606,0.9814257481538076,1.0,0.0030935808197989174,0.0,0.8870843000773395
adult,GSM4029944_JB19006,other,NK Cells,727,1401.0,3536.0,1.6687016687016685,0.0297955209347614,23.813613914537257,0.657646077915796,0.9958734525447043,0.38239339752407153,0.4814305364511692,0.3713892709766162
adult,GSM4029944_JB19006,other,Non-classical Monocytes,879,1917.0,6102.0,1.6788939051918736,0.041705282669138,17.634466149317635,0.996260049068263,1.0,0.0022753128555176336,0.0,0.8998862343572241
adult,GSM4029944_JB19006,other,Plasma Cells,31,2828.0,12332.0,2.74927547583614,0.1120107962213225,23.67071368549158,0.8354215175807841,1.0,0.03225806451612903,0.0,0.5806451612903226
adult,GSM4029944_JB19006,other,Platelets,15,804.0,2166.0,1.3250194855806705,0.0916119056822574,2.2995283018867925,0.9943873514481912,1.0,0.0,0.0,0.7333333333333333
adult,GSM4029944_JB19006,other,RBCs,225,289.0,5577.0,0.0705815923207227,0.0045385779122541,1.1492734478203437,0.7083240202008958,1.0,0.02666666666666667,0.03111111111111111,0.3288888888888889
adult,GSM4029944_JB19006,other,pDCs,19,2147.0,7965.0,1.9747350079860608,0.0961538461538461,35.81222777867398,0.9965698434897524,1.0,0.0,0.0,0.5263157894736842
adult,GSM4029944_JB19006,restored,CD4 T Cells,245,1284.0,4066.0,1.3557839492674393,0.0309278350515463,41.92118226600985,0.8602034065622984,0.9877551020408163,0.08163265306122448,1.0,0.636734693877551
adult,GSM4029944_JB19006,restored,CD8 T Cells,80,1404.5,4815.5,1.5474311557879716,0.0220023878560463,43.59953298284795,0.901462183219992,1.0,0.75,1.0,0.6625
adult,GSM4029945_JB19007,excluded_unrestored,Ribosomal/Low-quality,919,1025.0,3511.0,2.5956649719025955,0.0613098002786809,46.79633867276888,0.8096164580271367,0.5027203482045702,0.11860718171926006,0.0,0.5125136017410229
adult,GSM4029945_JB19007,original_T,CD4 T Cells,1179,1160.0,4125.0,2.781343602909713,0.0676915447557649,44.77559607293128,0.7217445826893771,0.6361323155216285,0.06530958439355386,0.5818490245971162,0.40966921119592875
adult,GSM4029945_JB19007,original_T,CD8 T Cells,286,1084.0,3382.0,3.911157836963858,0.0409910730552013,37.42802495906315,0.7589893515695613,0.5699300699300699,0.17132867132867133,0.45104895104895104,0.46153846153846156
adult,GSM4029945_JB19007,other,B Cells,273,1050.0,3749.0,3.446327683615819,0.0115018074268813,44.80443666082896,0.8352523515112201,0.989010989010989,0.003663003663003663,0.0,0.5641025641025641
adult,GSM4029945_JB19007,other,Classical Monocytes,1187,1020.0,2752.0,4.598445595854922,0.0254859611231101,24.353256021409457,0.96072866735452,1.0,0.0016849199663016006,0.0,0.827295703454086
adult,GSM4029945_JB19007,other,NK Cells,330,1157.0,3274.5,3.503898658263083,0.0304735114861697,34.38471674386286,0.707313659507973,0.5878787878787879,0.17575757575757575,0.24848484848484848,0.42727272727272725
adult,GSM4029945_JB19007,other,Non-classical Monocytes,667,1652.0,5511.0,3.793247186327636,0.0278776978417266,25.004627059041272,0.9805268991923116,1.0,0.0,0.0,0.775112443778111
adult,GSM4029945_JB19007,other,Plasma Cells,47,2335.0,11652.0,3.92156862745098,0.0933416303671437,29.214780600461893,0.8781325980889394,0.9787234042553191,0.0,0.0,0.6595744680851063
adult,GSM4029945_JB19007,other,Platelets,11,1003.0,3302.0,2.88020546688681,0.0613098002786809,31.57971014492753,0.9273980365445598,1.0,0.09090909090909091,0.18181818181818182,0.6363636363636364
adult,GSM4029945_JB19007,other,RBCs,21,374.0,6481.0,0.1489629884267216,0.1365344467640918,2.338337182448037,0.6435361405503116,1.0,0.09523809523809523,0.047619047619047616,0.19047619047619047
adult,GSM4029945_JB19007,other,pDCs,26,1834.5,5929.5,2.2625035189993583,0.08839722757244481,34.39584661923105,0.9998998899020961,0.8076923076923077,0.038461538461538464,0.0,0.8461538461538461
adult,GSM4029945_JB19007,restored,CD4 T Cells,1726,1113.0,3865.0,2.3142933395005816,0.0724487146195793,47.13327250219973,0.9508882513880654,0.5793742757821553,0.006373117033603708,1.0,0.7920046349942063
adult,GSM4029945_JB19007,restored,CD8 T Cells,635,1184.0,4347.0,2.943910753021382,0.0556890150687922,48.08510638297872,0.9411700196408967,0.6299212598425197,0.6031496062992125,1.0,0.8125984251968504
adult,GSM4029946_JB19008,excluded_unrestored,Ribosomal/Low-quality,526,989.0,3464.5,2.394583382890638,0.0552763819095477,49.833806414385066,0.861990960491809,0.591254752851711,0.07984790874524715,0.0,0.5532319391634981
adult,GSM4029946_JB19008,original_T,CD4 T Cells,720,1181.5,4413.5,2.3943333331471495,0.0767857142857142,47.432972773765094,0.7700130026327608,0.7194444444444444,0.06388888888888888,0.6166666666666667,0.4444444444444444
adult,GSM4029946_JB19008,original_T,CD8 T Cells,285,1042.0,3147.0,3.292273236282195,0.0614439324116743,39.13493913493914,0.7617024850545222,0.6456140350877193,0.3263157894736842,0.35789473684210527,0.4631578947368421
adult,GSM4029946_JB19008,other,B Cells,95,1051.0,3464.0,3.363518758085381,0.0294515910629654,44.0968443960827,0.8506588999943976,0.968421052631579,0.0,0.0,0.6
adult,GSM4029946_JB19008,other,Classical Monocytes,1268,949.0,2295.5,5.358758967160317,0.0314355571079287,23.53387824378043,0.9714468478420838,1.0,0.0015772870662460567,0.0,0.861198738170347
adult,GSM4029946_JB19008,other,NK Cells,1225,994.0,2524.0,3.666521169794849,0.0241710567090176,29.215611974232665,0.92485462322734,0.5436734693877551,0.19346938775510203,0.19183673469387755,0.6016326530612245
adult,GSM4029946_JB19008,other,Non-classical Monocytes,441,1580.0,5085.0,4.103053435114504,0.0382239382239382,26.08193883439123,0.9130827447640764,1.0,0.0045351473922902496,0.0,0.6621315192743764
adult,GSM4029946_JB19008,other,Plasma Cells,36,2591.5,13634.0,2.8852362157660147,0.0798409299479963,27.02923013060498,0.9662857983020258,1.0,0.027777777777777776,0.0,0.75
adult,GSM4029946_JB19008,other,Platelets,71,653.0,1824.0,2.557755775577558,0.0939759036144578,3.7166085946573753,0.9850530808398782,0.971830985915493,0.04225352112676056,0.16901408450704225,0.8309859154929577
adult,GSM4029946_JB19008,other,RBCs,9,1005.0,5979.0,0.7973880831292773,0.0939759036144578,24.690037132607465,0.359222917153036,1.0,0.0,0.1111111111111111,0.2222222222222222
adult,GSM4029946_JB19008,other,pDCs,58,1743.0,5543.5,2.3461397313834316,0.0592944708531398,35.76741252475715,0.9989289130128595,0.9137931034482759,0.0,0.017241379310344827,0.6551724137931034
adult,GSM4029946_JB19008,restored,CD4 T Cells,901,1128.0,4134.0,2.195693881901513,0.0592944708531398,49.68567579703637,0.9623700261994717,0.6992230854605993,0.0011098779134295228,1.0,0.8235294117647058
adult,GSM4029946_JB19008,restored,CD8 T Cells,413,1212.0,4791.0,2.849553248007728,0.0614439324116743,50.73717318655396,0.9771254650251152,0.6731234866828087,0.5786924939467313,1.0,0.9007263922518159
adult,GSM4029947_JB19009,excluded_unrestored,Ribosomal/Low-quality,734,924.5,3158.5,2.7238226905028196,0.0758426966292134,47.748548905796525,0.8180895586560502,0.055858310626702996,0.05858310626702997,0.0,0.5122615803814714
adult,GSM4029947_JB19009,original_T,CD4 T Cells,1259,1011.0,3396.0,3.147953830010493,0.088235294117647,44.121126094156615,0.7336205992742141,0.09690230341540905,0.04686258935663225,0.5440826052422557,0.4193804606830818
adult,GSM4029947_JB19009,original_T,CD8 T Cells,500,942.0,2788.5,3.989901574350972,0.0554921214889244,37.74406720942318,0.9061720307256587,0.054,0.326,0.564,0.628
adult,GSM4029947_JB19009,other,B Cells,603,866.0,2717.0,3.715670436187399,0.013241083144459,44.00327466230045,0.874426465035468,0.9369817578772802,0.001658374792703151,0.0,0.6500829187396352
adult,GSM4029947_JB19009,other,Classical Monocytes,508,847.5,1996.5,7.311061569320197,0.013241083144459,22.21676200950419,0.9616085250634028,1.0,0.001968503937007874,0.0,0.7933070866141733
adult,GSM4029947_JB19009,other,NK Cells,1225,937.0,2394.0,3.936742934051144,0.0334190231362467,30.039525691699605,0.6694230222928107,0.04326530612244898,0.20081632653061224,0.14448979591836736,0.3706122448979592
adult,GSM4029947_JB19009,other,Non-classical Monocytes,187,1569.0,5166.0,4.797461265633751,0.0402722631877481,27.757239679605668,0.9729190542588352,1.0,0.0,0.0,0.6951871657754011
adult,GSM4029947_JB19009,other,Plasma Cells,17,2572.0,11052.0,4.207723035952064,0.0613735996103263,32.60387811634349,0.9468406966431212,0.7647058823529411,0.0,0.0,0.7058823529411765
adult,GSM4029947_JB19009,other,Platelets,14,700.0,1806.5,2.1515197602150407,0.0613735996103263,2.82308429118774,0.9824401803190316,1.0,0.14285714285714285,0.07142857142857142,0.7142857142857143
adult,GSM4029947_JB19009,other,RBCs,3,340.0,6498.0,0.156720916214587,0.0244625648628613,1.6581941418542725,0.7754302466407391,1.0,0.0,0.0,0.3333333333333333
adult,GSM4029947_JB19009,other,pDCs,22,1618.5,5131.0,2.178544881277154,0.0995552514539856,37.61375312603664,0.9998808030488829,0.13636363636363635,0.0,0.0,0.8181818181818182
adult,GSM4029947_JB19009,restored,CD4 T Cells,1128,976.0,3402.5,2.5682591996791393,0.0758426966292134,47.790133394096344,0.9411051020870953,0.07092198581560284,0.0008865248226950354,1.0,0.7579787234042553
adult,GSM4029947_JB19009,restored,CD8 T Cells,277,996.0,3689.0,3.1817254741994696,0.0613735996103263,49.57583281605628,0.9671197489686248,0.06859205776173286,0.4729241877256318,1.0,0.855595667870036
adult,GSM4029948_JB19010,excluded_unrestored,Ribosomal/Low-quality,882,871.0,2913.0,2.579737904779056,0.0526103608143519,47.292370847968876,0.8904322201638568,0.35147392290249435,0.09297052154195011,0.0,0.5918367346938775
adult,GSM4029948_JB19010,original_T,CD4 T Cells,1106,993.0,3341.0,2.794946502601276,0.0542094455852156,44.31026864616472,0.7142867466716636,0.42495479204339964,0.06419529837251356,0.538878842676311,0.3969258589511754
adult,GSM4029948_JB19010,original_T,CD8 T Cells,358,895.5,2666.5,3.490169855358877,0.0341447992412266,38.1706923386419,0.9576279868235908,0.3547486033519553,0.28212290502793297,0.44972067039106145,0.7346368715083799
adult,GSM4029948_JB19010,other,B Cells,499,866.0,2739.0,3.76551133932392,0.0116706970875827,43.41654429760157,0.9045268540583988,0.9498997995991983,0.004008016032064128,0.002004008016032064,0.687374749498998
adult,GSM4029948_JB19010,other,Classical Monocytes,1688,1141.0,3183.0,4.768969597728264,0.0304932735426009,23.409446343968966,0.9795899645032347,1.0,0.002369668246445498,0.0005924170616113745,0.9087677725118484
adult,GSM4029948_JB19010,other,NK Cells,1038,901.0,2049.5,3.5473668098602857,0.0180115273775216,22.781163737087244,0.9953966470266857,0.3400770712909441,0.1069364161849711,0.06840077071290944,0.8159922928709056
adult,GSM4029948_JB19010,other,Non-classical Monocytes,474,1637.0,5247.5,3.8657191020954413,0.02534046251160825,24.640462514596415,0.9734633278175558,1.0,0.006329113924050633,0.0,0.7616033755274262
adult,GSM4029948_JB19010,other,Plasma Cells,11,1996.0,8290.0,2.533125487139517,0.1250930752047654,28.595028319697924,0.978951877209073,0.9090909090909091,0.0,0.0,0.8181818181818182
adult,GSM4029948_JB19010,other,Platelets,25,691.0,1955.0,3.0803906836964687,0.0742424242424242,12.45753114382786,0.9792815467213264,1.0,0.04,0.16,0.84
adult,GSM4029948_JB19010,other,RBCs,32,263.5,5955.0,0.13107166483516358,0.0947938609690038,1.0692703380306043,0.7740976349234134,1.0,0.0625,0.03125,0.46875
adult,GSM4029948_JB19010,other,pDCs,128,1614.5,5216.0,2.1975076665610502,0.0228947368421052,36.67846855304708,0.999585525060393,0.65625,0.0078125,0.0,0.8828125
adult,GSM4029948_JB19010,restored,CD4 T Cells,1049,916.0,3040.0,2.3910907304290863,0.0558694287507846,47.4898236092266,0.9342605379217268,0.40610104861773116,0.0009532888465204957,1.0,0.7664442326024785
adult,GSM4029948_JB19010,restored,CD8 T Cells,586,960.5,3497.5,3.19664156531318,0.041659342590965,49.08285517382252,0.9753302709715386,0.40784982935153585,0.5767918088737202,1.0,0.8873720136518771
adult,GSM4029949_JB19011,excluded_unrestored,Ribosomal/Low-quality,3147,786.0,2489.0,1.795472287275566,0.0819089900110987,47.984726347051335,0.9129735792602826,0.11471242453129965,0.038449316809659996,0.0,0.6447410231966952
adult,GSM4029949_JB19011,original_T,CD4 T Cells,1566,919.0,2889.0,2.058778955010915,0.0842772995015858,44.01663053949113,0.6705591027635909,0.1583652618135377,0.037675606641123884,0.46360153256704983,0.3499361430395913
adult,GSM4029949_JB19011,original_T,CD8 T Cells,539,880.0,2449.0,2.5277671390271927,0.0610243370868143,37.51420992800304,0.9355405284229694,0.1614100185528757,0.14656771799628943,0.3228200371057514,0.660482374768089
adult,GSM4029949_JB19011,other,B Cells,491,794.0,2522.0,2.8842504743833017,0.0134553283100107,44.067796610169495,0.8134612992121705,0.955193482688391,0.010183299389002037,0.012219959266802444,0.5295315682281059
adult,GSM4029949_JB19011,other,Classical Monocytes,408,929.5,2438.5,3.9630555856948617,0.010777875409781701,25.4804784911571,0.9486725990562002,0.9975490196078431,0.007352941176470588,0.0024509803921568627,0.7573529411764706
adult,GSM4029949_JB19011,other,NK Cells,1470,888.0,2047.0,2.6015043093233077,0.0209353192375794,27.44498266590776,0.780531987236972,0.14761904761904762,0.1272108843537415,0.12653061224489795,0.48639455782312924
adult,GSM4029949_JB19011,other,Non-classical Monocytes,187,1702.0,5668.0,3.0044327696601543,0.0753453327752197,28.246753246753247,0.8734123470804419,0.9786096256684492,0.0106951871657754,0.0,0.5882352941176471
adult,GSM4029949_JB19011,other,Plasma Cells,30,1994.5,7612.5,3.862658763994145,0.107433532284319,25.57619202299768,0.9293796954673956,0.5333333333333333,0.0,0.0,0.6666666666666666
adult,GSM4029949_JB19011,other,Platelets,41,905.0,2677.0,1.883325677537896,0.0659277660997515,35.79927573719607,0.8677114707632386,0.9512195121951219,0.04878048780487805,0.21951219512195122,0.6097560975609756
adult,GSM4029949_JB19011,other,RBCs,15,687.0,2985.0,1.6080402010050252,0.0512778772586684,24.98872350022553,0.8117129876818467,0.8666666666666667,0.0,0.2,0.5333333333333333
adult,GSM4029949_JB19011,other,pDCs,58,1589.5,5011.5,2.4171875802291747,0.0713709677419354,31.270358306188925,0.9945253468975608,0.27586206896551724,0.0,0.0,0.6379310344827587
adult,GSM4029949_JB19011,restored,CD4 T Cells,3610,829.0,2673.5,1.706423977413496,0.0867453157529493,48.22462438180152,0.9439950275470943,0.13601108033240997,0.0019390581717451524,1.0,0.8279778393351801
adult,GSM4029949_JB19011,restored,CD8 T Cells,706,906.5,3035.5,2.1549915775759025,0.0774482611478557,48.43016441460472,0.9557111995126537,0.12606232294617564,0.43342776203966005,1.0,0.8271954674220963
adult,GSM4029950_JB19013,excluded_unrestored,Ribosomal/Low-quality,365,924.0,3173.0,1.7921146953405016,0.0525198938992042,46.25,0.9569323929567992,0.07945205479452055,0.20273972602739726,0.0,0.7561643835616438
adult,GSM4029950_JB19013,original_T,CD4 T Cells,481,1270.0,4063.0,1.7804154302670625,0.0568561872909699,38.76177658142665,0.8541692131688478,0.12681912681912683,0.06444906444906445,0.6424116424116424,0.5717255717255717
adult,GSM4029950_JB19013,original_T,CD8 T Cells,245,1069.0,2967.0,2.2747952684258417,0.0669975186104218,32.34307618591279,0.7158571874934785,0.11428571428571428,0.6571428571428571,0.5224489795918368,0.44081632653061226
adult,GSM4029950_JB19013,other,B Cells,141,1032.0,3293.0,2.2512506948304614,0.0139860139860139,40.536421822615054,0.8317652746467523,0.9858156028368794,0.02127659574468085,0.0070921985815602835,0.524822695035461
adult,GSM4029950_JB19013,other,Classical Monocytes,580,1286.0,3778.0,3.2324270983203487,0.0211622438696674,21.557175760816783,0.9833125481781073,1.0,0.0017241379310344827,0.0,0.9310344827586207
adult,GSM4029950_JB19013,other,NK Cells,1217,1040.0,2684.0,2.223190932868352,0.048582995951417,27.35082423960994,0.7811980676977589,0.0714872637633525,0.5069843878389483,0.45932621199671325,0.4782251437962202
adult,GSM4029950_JB19013,other,Non-classical Monocytes,205,1777.0,5972.0,2.686074429771909,0.0333196215549156,22.83059893259537,0.9727800245453824,1.0,0.004878048780487805,0.0,0.7951219512195122
adult,GSM4029950_JB19013,other,Plasma Cells,4,2218.0,8356.0,4.050256585132609,0.10916010856874245,25.066575098771768,0.984341214542704,1.0,0.0,0.0,0.75
adult,GSM4029950_JB19013,other,Platelets,14,1095.0,3833.5,2.1081321864577984,0.0861995933581836,27.779600811907983,0.9397381845144734,0.9285714285714286,0.07142857142857142,0.35714285714285715,0.7857142857142857
adult,GSM4029950_JB19013,other,RBCs,1,414.0,10144.0,0.0492902208201892,0.101039501039501,1.068533529845247,0.6282298972119634,1.0,0.0,0.0,0.0
adult,GSM4029950_JB19013,other,pDCs,11,1985.0,6716.0,2.031700288184438,0.1181988742964352,29.93856332703213,0.9985355804540348,0.18181818181818182,0.09090909090909091,0.0,0.8181818181818182
adult,GSM4029950_JB19013,restored,CD4 T Cells,578,987.5,3366.5,1.4869517085978496,0.0591935945095796,46.33832896482312,0.9779307519662184,0.07612456747404844,0.01730103806228374,1.0,0.8910034602076125
adult,GSM4029950_JB19013,restored,CD8 T Cells,664,1125.5,4070.0,1.952572566018397,0.0546344115248708,47.3929009348596,0.9806395117882487,0.11897590361445783,0.6189759036144579,1.0,0.9322289156626506
adult,GSM4029951_JB19014,excluded_unrestored,Ribosomal/Low-quality,317,1031.0,3402.0,2.2191011235955056,0.0677154582763338,45.35140245824141,0.8230363078664396,0.21451104100946372,0.08201892744479496,0.0,0.5205047318611987
adult,GSM4029951_JB19014,original_T,CD4 T Cells,940,1343.5,4569.5,2.152230648356904,0.0709495234733498,41.670410972192165,0.9178063898123482,0.30319148936170215,0.023404255319148935,0.7393617021276596,0.6617021276595745
adult,GSM4029951_JB19014,original_T,CD8 T Cells,178,1241.5,3844.0,2.6517002766731084,0.06619603759587835,37.04341431372923,0.7525591253925116,0.19662921348314608,0.42134831460674155,0.6460674157303371,0.42134831460674155
adult,GSM4029951_JB19014,other,B Cells,22,1093.5,3772.5,3.0562417028514535,0.0908326324642557,43.140451369886485,0.866159424133689,1.0,0.0,0.0,0.5909090909090909
adult,GSM4029951_JB19014,other,Classical Monocytes,910,1286.0,3598.5,3.811709617132661,0.0387143900657414,20.90645856739743,0.983821926461774,1.0,0.0,0.0,0.8923076923076924
adult,GSM4029951_JB19014,other,NK Cells,64,1280.0,3672.5,2.8281521853366014,0.0507891689265797,33.36327220207858,0.859867727435301,0.25,0.5625,0.6875,0.59375
adult,GSM4029951_JB19014,other,Non-classical Monocytes,268,1760.5,5728.0,3.0738568735284666,0.0349596131550286,23.33163571885801,0.9690425897846192,1.0,0.0037313432835820895,0.0,0.8171641791044776
adult,GSM4029951_JB19014,other,Plasma Cells,3,2284.0,8435.0,2.513337285121517,0.1068883610451306,30.80670072472377,0.9992674109478148,1.0,0.0,0.0,1.0
adult,GSM4029951_JB19014,other,Platelets,6,648.5,1760.0,1.952190305921905,0.0447518727707474,1.6133219597225827,0.994570019274664,1.0,0.0,0.16666666666666666,0.8333333333333334
adult,GSM4029951_JB19014,other,RBCs,7,1320.0,5200.0,1.6696841681754175,0.0541580349215744,39.99596204320613,0.7808136775026974,1.0,0.0,0.7142857142857143,0.42857142857142855
adult,GSM4029951_JB19014,other,pDCs,17,2048.0,6346.0,2.2156573116691285,0.1132075471698113,32.72229245680573,0.9985965956132932,0.6470588235294118,0.0,0.0,0.7058823529411765
adult,GSM4029951_JB19014,restored,CD4 T Cells,717,1116.0,3810.0,2.0614954577218727,0.074398249452954,45.84534731323722,0.9457881632933376,0.23709902370990238,0.001394700139470014,1.0,0.7782426778242678
adult,GSM4029951_JB19014,restored,CD8 T Cells,242,1277.0,4728.0,2.3916993223399876,0.0618158403090792,47.158041126214,0.9670110967042448,0.25206611570247933,0.628099173553719,1.0,0.8925619834710744
adult,GSM4029952_JB19015,excluded_unrestored,Ribosomal/Low-quality,321,1020.0,3688.0,2.950975725844836,0.048582995951417,48.18969913309536,0.6435870156560656,0.9875389408099688,0.0778816199376947,0.0,0.367601246105919
adult,GSM4029952_JB19015,original_T,CD4 T Cells,593,1128.0,4159.0,3.1455305594266374,0.0591935945095796,45.70393374741201,0.81204099459736,1.0,0.06239460370994941,0.6391231028667791,0.5126475548060708
adult,GSM4029952_JB19015,original_T,CD8 T Cells,172,958.0,2810.5,3.7602251197210954,0.0425094460682968,35.917871276653145,0.9634891843853236,1.0,0.37209302325581395,0.563953488372093,0.7151162790697675
adult,GSM4029952_JB19015,other,B Cells,132,878.0,3013.5,4.0464438343498355,0.0116214720531267,44.775643613656854,0.9507460911927799,1.0,0.015151515151515152,0.0,0.8106060606060606
adult,GSM4029952_JB19015,other,Classical Monocytes,787,1070.0,3006.0,5.243116578793205,0.0321017565112053,23.154776598370773,0.9847119167511156,1.0,0.0,0.0,0.9161372299872935
adult,GSM4029952_JB19015,other,NK Cells,792,939.5,2456.5,3.9340493657465863,0.0228690228690228,29.64375183148133,0.9057212311542685,0.9949494949494949,0.19823232323232323,0.2878787878787879,0.6123737373737373
adult,GSM4029952_JB19015,other,Non-classical Monocytes,318,1572.0,5377.0,4.595890786730551,0.0297955209347614,26.787361003329732,0.9593314290694347,1.0,0.0,0.0,0.7830188679245284
adult,GSM4029952_JB19015,other,Plasma Cells,1,2547.0,12660.0,5.655608214849921,0.0669975186104218,30.39037136748753,0.9909675805488644,1.0,0.0,0.0,1.0
adult,GSM4029952_JB19015,other,Platelets,24,761.0,1837.5,3.249504441670949,0.0894952732294782,2.5752832753212296,0.9372129654598194,1.0,0.125,0.08333333333333333,0.5416666666666666
adult,GSM4029952_JB19015,other,RBCs,678,242.0,6067.0,0.0644370747919766,0.0173193946013418,0.765018244067807,0.8413978243509269,1.0,0.01327433628318584,0.01327433628318584,0.6224188790560472
adult,GSM4029952_JB19015,other,pDCs,16,1787.5,6094.0,2.814370094827008,0.0894952732294782,34.94816706147334,0.9965251620212652,1.0,0.0,0.0,0.6875
adult,GSM4029952_JB19015,restored,CD4 T Cells,526,1092.0,4172.0,2.7551155071643683,0.048582995951417,48.86260142407683,0.8895548829013029,0.9942965779467681,0.011406844106463879,1.0,0.6673003802281369
adult,GSM4029952_JB19015,restored,CD8 T Cells,57,1073.0,4294.0,3.245560318432333,0.0449927431059506,50.27771606309709,0.9128906480550546,1.0,0.3333333333333333,1.0,0.7192982456140351
