interaction_id,Groups,observed,population_eligible,source_under_10_cells,target_under_10_cells,source_below_10pct,target_below_10pct,source_gene_unavailable,target_gene_unavailable,total_donors
B Cells|B Cells|CD22|PTPRC,aHD,5,5,0,0,0,0,0,0,5
B Cells|B Cells|CD22|PTPRC,aSLE,7,7,0,0,0,0,0,0,7
B Cells|B Cells|CD22|PTPRC,cHD,11,11,0,0,0,0,0,0,11
B Cells|B Cells|CD22|PTPRC,cSLE,33,33,0,0,0,0,0,0,33
B Cells|B Cells|CD99|CD81,aHD,5,5,0,0,0,0,0,0,5
B Cells|B Cells|CD99|CD81,aSLE,6,7,0,0,0,1,0,0,7
B Cells|B Cells|CD99|CD81,cHD,11,11,0,0,0,0,0,0,11
B Cells|B Cells|CD99|CD81,cSLE,29,33,0,0,0,4,0,0,33
B Cells|B Cells|FAM3C|LAMP1,aHD,5,5,0,0,0,0,0,0,5
B Cells|B Cells|FAM3C|LAMP1,aSLE,7,7,0,0,0,0,0,0,7
B Cells|B Cells|FAM3C|LAMP1,cHD,11,11,0,0,0,0,0,0,11
B Cells|B Cells|FAM3C|LAMP1,cSLE,33,33,0,0,0,0,0,0,33
B Cells|B Cells|GNAI2|S1PR4,aHD,5,5,0,0,0,0,0,0,5
B Cells|B Cells|GNAI2|S1PR4,aSLE,7,7,0,0,0,0,0,0,7
B Cells|B Cells|GNAI2|S1PR4,cHD,11,11,0,0,0,0,0,0,11
B Cells|B Cells|GNAI2|S1PR4,cSLE,29,33,0,0,2,4,0,0,33
B Cells|B Cells|HLA-A|APLP2,aHD,5,5,0,0,0,0,0,0,5
B Cells|B Cells|HLA-A|APLP2,aSLE,5,7,0,0,0,2,0,0,7
B Cells|B Cells|HLA-A|APLP2,cHD,11,11,0,0,0,0,0,0,11
B Cells|B Cells|HLA-A|APLP2,cSLE,30,33,0,0,0,3,0,0,33
B Cells|B Cells|HMGB1|CXCR4,aHD,5,5,0,0,0,0,0,0,5
B Cells|B Cells|HMGB1|CXCR4,aSLE,7,7,0,0,0,0,0,0,7
B Cells|B Cells|HMGB1|CXCR4,cHD,11,11,0,0,0,0,0,0,11
B Cells|B Cells|HMGB1|CXCR4,cSLE,33,33,0,0,0,0,0,0,33
B Cells|B Cells|LGALS1|CD69,aHD,5,5,0,0,0,0,0,0,5
B Cells|B Cells|LGALS1|CD69,aSLE,6,7,0,0,1,0,0,0,7
B Cells|B Cells|LGALS1|CD69,cHD,9,11,0,0,2,0,0,0,11
B Cells|B Cells|LGALS1|CD69,cSLE,33,33,0,0,0,0,0,0,33
B Cells|B Cells|LGALS1|ITGB1,aHD,5,5,0,0,0,0,0,0,5
B Cells|B Cells|LGALS1|ITGB1,aSLE,6,7,0,0,1,0,0,0,7
B Cells|B Cells|LGALS1|ITGB1,cHD,8,11,0,0,2,3,0,0,11
B Cells|B Cells|LGALS1|ITGB1,cSLE,25,33,0,0,0,8,0,0,33
B Cells|B Cells|LGALS1|PTPRC,aHD,5,5,0,0,0,0,0,0,5
B Cells|B Cells|LGALS1|PTPRC,aSLE,6,7,0,0,1,0,0,0,7
B Cells|B Cells|LGALS1|PTPRC,cHD,9,11,0,0,2,0,0,0,11
B Cells|B Cells|LGALS1|PTPRC,cSLE,33,33,0,0,0,0,0,0,33
B Cells|B Cells|LTB|CD40,aHD,5,5,0,0,0,0,0,0,5
B Cells|B Cells|LTB|CD40,aSLE,7,7,0,0,0,0,0,0,7
B Cells|B Cells|LTB|CD40,cHD,11,11,0,0,0,0,0,0,11
B Cells|B Cells|LTB|CD40,cSLE,33,33,0,0,0,0,0,0,33
B Cells|B Cells|MIF|CD44_CD74,aHD,5,5,0,0,0,0,0,0,5
B Cells|B Cells|MIF|CD44_CD74,aSLE,7,7,0,0,0,0,0,0,7
B Cells|B Cells|MIF|CD44_CD74,cHD,11,11,0,0,0,0,0,0,11
B Cells|B Cells|MIF|CD44_CD74,cSLE,33,33,0,0,0,0,0,0,33
B Cells|B Cells|MIF|CD74_CXCR4,aHD,5,5,0,0,0,0,0,0,5
B Cells|B Cells|MIF|CD74_CXCR4,aSLE,7,7,0,0,0,0,0,0,7
B Cells|B Cells|MIF|CD74_CXCR4,cHD,11,11,0,0,0,0,0,0,11
B Cells|B Cells|MIF|CD74_CXCR4,cSLE,33,33,0,0,0,0,0,0,33
B Cells|B Cells|MIF|TNFRSF14,aHD,5,5,0,0,0,0,0,0,5
B Cells|B Cells|MIF|TNFRSF14,aSLE,7,7,0,0,0,0,0,0,7
B Cells|B Cells|MIF|TNFRSF14,cHD,11,11,0,0,0,0,0,0,11
B Cells|B Cells|MIF|TNFRSF14,cSLE,33,33,0,0,0,0,0,0,33
B Cells|B Cells|PKM|CD44,aHD,5,5,0,0,0,0,0,0,5
B Cells|B Cells|PKM|CD44,aSLE,7,7,0,0,0,0,0,0,7
B Cells|B Cells|PKM|CD44,cHD,11,11,0,0,0,0,0,0,11
B Cells|B Cells|PKM|CD44,cSLE,33,33,0,0,0,0,0,0,33
B Cells|B Cells|VIM|CD44,aHD,5,5,0,0,0,0,0,0,5
B Cells|B Cells|VIM|CD44,aSLE,7,7,0,0,0,0,0,0,7
B Cells|B Cells|VIM|CD44,cHD,11,11,0,0,0,0,0,0,11
B Cells|B Cells|VIM|CD44,cSLE,33,33,0,0,0,0,0,0,33
B Cells|CD4 T Cells|ADAM28|ITGA4,aHD,5,5,0,0,0,0,0,0,5
B Cells|CD4 T Cells|ADAM28|ITGA4,aSLE,7,7,0,0,0,0,0,0,7
B Cells|CD4 T Cells|ADAM28|ITGA4,cHD,11,11,0,0,0,0,0,0,11
B Cells|CD4 T Cells|ADAM28|ITGA4,cSLE,32,33,0,0,0,1,0,0,33
B Cells|CD4 T Cells|ARF6|SMAP1,aHD,5,5,0,0,0,0,0,0,5
B Cells|CD4 T Cells|ARF6|SMAP1,aSLE,7,7,0,0,0,0,0,0,7
B Cells|CD4 T Cells|ARF6|SMAP1,cHD,11,11,0,0,0,0,0,0,11
B Cells|CD4 T Cells|ARF6|SMAP1,cSLE,31,33,0,0,0,2,0,0,33
B Cells|CD4 T Cells|CALM1|PTPRA,aHD,5,5,0,0,0,0,0,0,5
B Cells|CD4 T Cells|CALM1|PTPRA,aSLE,7,7,0,0,0,0,0,0,7
B Cells|CD4 T Cells|CALM1|PTPRA,cHD,11,11,0,0,0,0,0,0,11
B Cells|CD4 T Cells|CALM1|PTPRA,cSLE,30,33,0,0,0,3,0,0,33
B Cells|CD4 T Cells|CD22|PTPRC,aHD,5,5,0,0,0,0,0,0,5
B Cells|CD4 T Cells|CD22|PTPRC,aSLE,7,7,0,0,0,0,0,0,7
B Cells|CD4 T Cells|CD22|PTPRC,cHD,11,11,0,0,0,0,0,0,11
B Cells|CD4 T Cells|CD22|PTPRC,cSLE,33,33,0,0,0,0,0,0,33
B Cells|CD4 T Cells|CD47|SIRPG,aHD,5,5,0,0,0,0,0,0,5
B Cells|CD4 T Cells|CD47|SIRPG,aSLE,7,7,0,0,0,0,0,0,7
B Cells|CD4 T Cells|CD47|SIRPG,cHD,11,11,0,0,0,0,0,0,11
B Cells|CD4 T Cells|CD47|SIRPG,cSLE,31,33,0,0,0,2,0,0,33
B Cells|CD4 T Cells|CD48|CD2,aHD,5,5,0,0,0,0,0,0,5
B Cells|CD4 T Cells|CD48|CD2,aSLE,7,7,0,0,0,0,0,0,7
B Cells|CD4 T Cells|CD48|CD2,cHD,11,11,0,0,0,0,0,0,11
B Cells|CD4 T Cells|CD48|CD2,cSLE,33,33,0,0,0,0,0,0,33
B Cells|CD4 T Cells|CD72|CD5,aHD,5,5,0,0,0,0,0,0,5
B Cells|CD4 T Cells|CD72|CD5,aSLE,6,7,0,0,1,0,0,0,7
B Cells|CD4 T Cells|CD72|CD5,cHD,11,11,0,0,0,0,0,0,11
B Cells|CD4 T Cells|CD72|CD5,cSLE,33,33,0,0,0,0,0,0,33
B Cells|CD4 T Cells|FAM3C|CLEC2D,aHD,5,5,0,0,0,0,0,0,5
B Cells|CD4 T Cells|FAM3C|CLEC2D,aSLE,7,7,0,0,0,0,0,0,7
B Cells|CD4 T Cells|FAM3C|CLEC2D,cHD,11,11,0,0,0,0,0,0,11
B Cells|CD4 T Cells|FAM3C|CLEC2D,cSLE,33,33,0,0,0,0,0,0,33
B Cells|CD4 T Cells|FAM3C|LAMP1,aHD,5,5,0,0,0,0,0,0,5
B Cells|CD4 T Cells|FAM3C|LAMP1,aSLE,7,7,0,0,0,0,0,0,7
B Cells|CD4 T Cells|FAM3C|LAMP1,cHD,11,11,0,0,0,0,0,0,11
B Cells|CD4 T Cells|FAM3C|LAMP1,cSLE,33,33,0,0,0,0,0,0,33
B Cells|CD4 T Cells|GNAI2|S1PR4,aHD,5,5,0,0,0,0,0,0,5
B Cells|CD4 T Cells|GNAI2|S1PR4,aSLE,7,7,0,0,0,0,0,0,7
B Cells|CD4 T Cells|GNAI2|S1PR4,cHD,11,11,0,0,0,0,0,0,11
B Cells|CD4 T Cells|GNAI2|S1PR4,cSLE,31,33,0,0,2,0,0,0,33
B Cells|CD4 T Cells|HLA-B|CD3D,aHD,5,5,0,0,0,0,0,0,5
B Cells|CD4 T Cells|HLA-B|CD3D,aSLE,7,7,0,0,0,0,0,0,7
B Cells|CD4 T Cells|HLA-B|CD3D,cHD,11,11,0,0,0,0,0,0,11
B Cells|CD4 T Cells|HLA-B|CD3D,cSLE,33,33,0,0,0,0,0,0,33
B Cells|CD4 T Cells|HLA-DMA|CD4,aHD,5,5,0,0,0,0,0,0,5
B Cells|CD4 T Cells|HLA-DMA|CD4,aSLE,7,7,0,0,0,0,0,0,7
B Cells|CD4 T Cells|HLA-DMA|CD4,cHD,11,11,0,0,0,0,0,0,11
B Cells|CD4 T Cells|HLA-DMA|CD4,cSLE,32,33,0,0,0,1,0,0,33
B Cells|CD4 T Cells|HLA-DMB|CD4,aHD,5,5,0,0,0,0,0,0,5
B Cells|CD4 T Cells|HLA-DMB|CD4,aSLE,7,7,0,0,0,0,0,0,7
B Cells|CD4 T Cells|HLA-DMB|CD4,cHD,11,11,0,0,0,0,0,0,11
B Cells|CD4 T Cells|HLA-DMB|CD4,cSLE,32,33,0,0,0,1,0,0,33
B Cells|CD4 T Cells|HLA-DOB|CD4,aHD,5,5,0,0,0,0,0,0,5
B Cells|CD4 T Cells|HLA-DOB|CD4,aSLE,7,7,0,0,0,0,0,0,7
B Cells|CD4 T Cells|HLA-DOB|CD4,cHD,11,11,0,0,0,0,0,0,11
B Cells|CD4 T Cells|HLA-DOB|CD4,cSLE,32,33,0,0,0,1,0,0,33
B Cells|CD4 T Cells|HLA-DPA1|CD4,aHD,5,5,0,0,0,0,0,0,5
B Cells|CD4 T Cells|HLA-DPA1|CD4,aSLE,7,7,0,0,0,0,0,0,7
B Cells|CD4 T Cells|HLA-DPA1|CD4,cHD,11,11,0,0,0,0,0,0,11
B Cells|CD4 T Cells|HLA-DPA1|CD4,cSLE,32,33,0,0,0,1,0,0,33
B Cells|CD4 T Cells|HLA-DPB1|CD4,aHD,5,5,0,0,0,0,0,0,5
B Cells|CD4 T Cells|HLA-DPB1|CD4,aSLE,7,7,0,0,0,0,0,0,7
B Cells|CD4 T Cells|HLA-DPB1|CD4,cHD,11,11,0,0,0,0,0,0,11
B Cells|CD4 T Cells|HLA-DPB1|CD4,cSLE,32,33,0,0,0,1,0,0,33
B Cells|CD4 T Cells|HLA-DQA1|CD4,aHD,5,5,0,0,0,0,0,0,5
B Cells|CD4 T Cells|HLA-DQA1|CD4,aSLE,7,7,0,0,0,0,0,0,7
B Cells|CD4 T Cells|HLA-DQA1|CD4,cHD,11,11,0,0,0,0,0,0,11
B Cells|CD4 T Cells|HLA-DQA1|CD4,cSLE,32,33,0,0,0,1,0,0,33
B Cells|CD4 T Cells|HLA-DQB1|CD4,aHD,5,5,0,0,0,0,0,0,5
B Cells|CD4 T Cells|HLA-DQB1|CD4,aSLE,7,7,0,0,0,0,0,0,7
B Cells|CD4 T Cells|HLA-DQB1|CD4,cHD,11,11,0,0,0,0,0,0,11
B Cells|CD4 T Cells|HLA-DQB1|CD4,cSLE,32,33,0,0,0,1,0,0,33
B Cells|CD4 T Cells|HLA-DRA|CD4,aHD,5,5,0,0,0,0,0,0,5
B Cells|CD4 T Cells|HLA-DRA|CD4,aSLE,7,7,0,0,0,0,0,0,7
B Cells|CD4 T Cells|HLA-DRA|CD4,cHD,11,11,0,0,0,0,0,0,11
B Cells|CD4 T Cells|HLA-DRA|CD4,cSLE,32,33,0,0,0,1,0,0,33
B Cells|CD4 T Cells|HLA-DRB1|CD4,aHD,5,5,0,0,0,0,0,0,5
B Cells|CD4 T Cells|HLA-DRB1|CD4,aSLE,7,7,0,0,0,0,0,0,7
B Cells|CD4 T Cells|HLA-DRB1|CD4,cHD,11,11,0,0,0,0,0,0,11
B Cells|CD4 T Cells|HLA-DRB1|CD4,cSLE,32,33,0,0,0,1,0,0,33
B Cells|CD4 T Cells|HMGB1|CXCR4,aHD,5,5,0,0,0,0,0,0,5
B Cells|CD4 T Cells|HMGB1|CXCR4,aSLE,7,7,0,0,0,0,0,0,7
B Cells|CD4 T Cells|HMGB1|CXCR4,cHD,11,11,0,0,0,0,0,0,11
B Cells|CD4 T Cells|HMGB1|CXCR4,cSLE,33,33,0,0,0,0,0,0,33
B Cells|CD4 T Cells|IL16|CD4,aHD,5,5,0,0,0,0,0,0,5
B Cells|CD4 T Cells|IL16|CD4,aSLE,7,7,0,0,0,0,0,0,7
B Cells|CD4 T Cells|IL16|CD4,cHD,11,11,0,0,0,0,0,0,11
B Cells|CD4 T Cells|IL16|CD4,cSLE,32,33,0,0,0,1,0,0,33
B Cells|CD4 T Cells|LGALS1|CD69,aHD,5,5,0,0,0,0,0,0,5
B Cells|CD4 T Cells|LGALS1|CD69,aSLE,6,7,0,0,1,0,0,0,7
B Cells|CD4 T Cells|LGALS1|CD69,cHD,9,11,0,0,2,0,0,0,11
B Cells|CD4 T Cells|LGALS1|CD69,cSLE,33,33,0,0,0,0,0,0,33
B Cells|CD4 T Cells|LGALS1|ITGB1,aHD,5,5,0,0,0,0,0,0,5
B Cells|CD4 T Cells|LGALS1|ITGB1,aSLE,6,7,0,0,1,0,0,0,7
B Cells|CD4 T Cells|LGALS1|ITGB1,cHD,9,11,0,0,2,0,0,0,11
B Cells|CD4 T Cells|LGALS1|ITGB1,cSLE,33,33,0,0,0,0,0,0,33
B Cells|CD4 T Cells|LGALS1|PTPRC,aHD,5,5,0,0,0,0,0,0,5
B Cells|CD4 T Cells|LGALS1|PTPRC,aSLE,6,7,0,0,1,0,0,0,7
B Cells|CD4 T Cells|LGALS1|PTPRC,cHD,9,11,0,0,2,0,0,0,11
B Cells|CD4 T Cells|LGALS1|PTPRC,cSLE,33,33,0,0,0,0,0,0,33
B Cells|CD4 T Cells|LRPAP1|SORL1,aHD,5,5,0,0,0,0,0,0,5
B Cells|CD4 T Cells|LRPAP1|SORL1,aSLE,7,7,0,0,0,0,0,0,7
B Cells|CD4 T Cells|LRPAP1|SORL1,cHD,11,11,0,0,0,0,0,0,11
B Cells|CD4 T Cells|LRPAP1|SORL1,cSLE,33,33,0,0,0,0,0,0,33
B Cells|CD4 T Cells|MIF|CD44_CD74,aHD,5,5,0,0,0,0,0,0,5
B Cells|CD4 T Cells|MIF|CD44_CD74,aSLE,7,7,0,0,0,0,0,0,7
B Cells|CD4 T Cells|MIF|CD44_CD74,cHD,11,11,0,0,0,0,0,0,11
B Cells|CD4 T Cells|MIF|CD44_CD74,cSLE,33,33,0,0,0,0,0,0,33
B Cells|CD4 T Cells|MIF|CD74_CXCR4,aHD,5,5,0,0,0,0,0,0,5
B Cells|CD4 T Cells|MIF|CD74_CXCR4,aSLE,7,7,0,0,0,0,0,0,7
B Cells|CD4 T Cells|MIF|CD74_CXCR4,cHD,11,11,0,0,0,0,0,0,11
B Cells|CD4 T Cells|MIF|CD74_CXCR4,cSLE,33,33,0,0,0,0,0,0,33
B Cells|CD4 T Cells|MIF|TNFRSF14,aHD,5,5,0,0,0,0,0,0,5
B Cells|CD4 T Cells|MIF|TNFRSF14,aSLE,7,7,0,0,0,0,0,0,7
B Cells|CD4 T Cells|MIF|TNFRSF14,cHD,11,11,0,0,0,0,0,0,11
B Cells|CD4 T Cells|MIF|TNFRSF14,cSLE,33,33,0,0,0,0,0,0,33
B Cells|CD4 T Cells|PKM|CD44,aHD,5,5,0,0,0,0,0,0,5
B Cells|CD4 T Cells|PKM|CD44,aSLE,7,7,0,0,0,0,0,0,7
B Cells|CD4 T Cells|PKM|CD44,cHD,11,11,0,0,0,0,0,0,11
B Cells|CD4 T Cells|PKM|CD44,cSLE,33,33,0,0,0,0,0,0,33
B Cells|CD4 T Cells|VIM|CD44,aHD,5,5,0,0,0,0,0,0,5
B Cells|CD4 T Cells|VIM|CD44,aSLE,7,7,0,0,0,0,0,0,7
B Cells|CD4 T Cells|VIM|CD44,cHD,11,11,0,0,0,0,0,0,11
B Cells|CD4 T Cells|VIM|CD44,cSLE,33,33,0,0,0,0,0,0,33
B Cells|CD8 T Cells|ADAM28|ITGA4,aHD,5,5,0,0,0,0,0,0,5
B Cells|CD8 T Cells|ADAM28|ITGA4,aSLE,7,7,0,0,0,0,0,0,7
B Cells|CD8 T Cells|ADAM28|ITGA4,cHD,11,11,0,0,0,0,0,0,11
B Cells|CD8 T Cells|ADAM28|ITGA4,cSLE,33,33,0,0,0,0,0,0,33
B Cells|CD8 T Cells|CALM1|PTPRA,aHD,5,5,0,0,0,0,0,0,5
B Cells|CD8 T Cells|CALM1|PTPRA,aSLE,7,7,0,0,0,0,0,0,7
B Cells|CD8 T Cells|CALM1|PTPRA,cHD,11,11,0,0,0,0,0,0,11
B Cells|CD8 T Cells|CALM1|PTPRA,cSLE,33,33,0,0,0,0,0,0,33
B Cells|CD8 T Cells|CD22|PTPRC,aHD,5,5,0,0,0,0,0,0,5
B Cells|CD8 T Cells|CD22|PTPRC,aSLE,7,7,0,0,0,0,0,0,7
B Cells|CD8 T Cells|CD22|PTPRC,cHD,11,11,0,0,0,0,0,0,11
B Cells|CD8 T Cells|CD22|PTPRC,cSLE,33,33,0,0,0,0,0,0,33
B Cells|CD8 T Cells|CD48|CD2,aHD,5,5,0,0,0,0,0,0,5
B Cells|CD8 T Cells|CD48|CD2,aSLE,7,7,0,0,0,0,0,0,7
B Cells|CD8 T Cells|CD48|CD2,cHD,11,11,0,0,0,0,0,0,11
B Cells|CD8 T Cells|CD48|CD2,cSLE,33,33,0,0,0,0,0,0,33
B Cells|CD8 T Cells|CD72|CD5,aHD,5,5,0,0,0,0,0,0,5
B Cells|CD8 T Cells|CD72|CD5,aSLE,6,7,0,0,1,0,0,0,7
B Cells|CD8 T Cells|CD72|CD5,cHD,11,11,0,0,0,0,0,0,11
B Cells|CD8 T Cells|CD72|CD5,cSLE,30,33,0,0,0,3,0,0,33
B Cells|CD8 T Cells|FAM3C|CLEC2D,aHD,5,5,0,0,0,0,0,0,5
B Cells|CD8 T Cells|FAM3C|CLEC2D,aSLE,7,7,0,0,0,0,0,0,7
B Cells|CD8 T Cells|FAM3C|CLEC2D,cHD,11,11,0,0,0,0,0,0,11
B Cells|CD8 T Cells|FAM3C|CLEC2D,cSLE,33,33,0,0,0,0,0,0,33
B Cells|CD8 T Cells|FAM3C|LAMP1,aHD,5,5,0,0,0,0,0,0,5
B Cells|CD8 T Cells|FAM3C|LAMP1,aSLE,7,7,0,0,0,0,0,0,7
B Cells|CD8 T Cells|FAM3C|LAMP1,cHD,11,11,0,0,0,0,0,0,11
B Cells|CD8 T Cells|FAM3C|LAMP1,cSLE,33,33,0,0,0,0,0,0,33
B Cells|CD8 T Cells|GNAI2|S1PR4,aHD,5,5,0,0,0,0,0,0,5
B Cells|CD8 T Cells|GNAI2|S1PR4,aSLE,7,7,0,0,0,0,0,0,7
B Cells|CD8 T Cells|GNAI2|S1PR4,cHD,11,11,0,0,0,0,0,0,11
B Cells|CD8 T Cells|GNAI2|S1PR4,cSLE,30,33,0,0,2,1,0,0,33
B Cells|CD8 T Cells|HLA-A|CD8A,aHD,5,5,0,0,0,0,0,0,5
B Cells|CD8 T Cells|HLA-A|CD8A,aSLE,7,7,0,0,0,0,0,0,7
B Cells|CD8 T Cells|HLA-A|CD8A,cHD,11,11,0,0,0,0,0,0,11
B Cells|CD8 T Cells|HLA-A|CD8A,cSLE,33,33,0,0,0,0,0,0,33
B Cells|CD8 T Cells|HLA-A|CD8B,aHD,5,5,0,0,0,0,0,0,5
B Cells|CD8 T Cells|HLA-A|CD8B,aSLE,7,7,0,0,0,0,0,0,7
B Cells|CD8 T Cells|HLA-A|CD8B,cHD,11,11,0,0,0,0,0,0,11
B Cells|CD8 T Cells|HLA-A|CD8B,cSLE,33,33,0,0,0,0,0,0,33
B Cells|CD8 T Cells|HLA-B|CD3D,aHD,5,5,0,0,0,0,0,0,5
B Cells|CD8 T Cells|HLA-B|CD3D,aSLE,7,7,0,0,0,0,0,0,7
B Cells|CD8 T Cells|HLA-B|CD3D,cHD,11,11,0,0,0,0,0,0,11
B Cells|CD8 T Cells|HLA-B|CD3D,cSLE,33,33,0,0,0,0,0,0,33
B Cells|CD8 T Cells|HLA-B|CD8A,aHD,5,5,0,0,0,0,0,0,5
B Cells|CD8 T Cells|HLA-B|CD8A,aSLE,7,7,0,0,0,0,0,0,7
B Cells|CD8 T Cells|HLA-B|CD8A,cHD,11,11,0,0,0,0,0,0,11
B Cells|CD8 T Cells|HLA-B|CD8A,cSLE,33,33,0,0,0,0,0,0,33
B Cells|CD8 T Cells|HLA-B|CD8B,aHD,5,5,0,0,0,0,0,0,5
B Cells|CD8 T Cells|HLA-B|CD8B,aSLE,7,7,0,0,0,0,0,0,7
B Cells|CD8 T Cells|HLA-B|CD8B,cHD,11,11,0,0,0,0,0,0,11
B Cells|CD8 T Cells|HLA-B|CD8B,cSLE,33,33,0,0,0,0,0,0,33
B Cells|CD8 T Cells|HLA-C|CD8A,aHD,5,5,0,0,0,0,0,0,5
B Cells|CD8 T Cells|HLA-C|CD8A,aSLE,7,7,0,0,0,0,0,0,7
B Cells|CD8 T Cells|HLA-C|CD8A,cHD,11,11,0,0,0,0,0,0,11
B Cells|CD8 T Cells|HLA-C|CD8A,cSLE,33,33,0,0,0,0,0,0,33
B Cells|CD8 T Cells|HLA-C|CD8B,aHD,5,5,0,0,0,0,0,0,5
B Cells|CD8 T Cells|HLA-C|CD8B,aSLE,7,7,0,0,0,0,0,0,7
B Cells|CD8 T Cells|HLA-C|CD8B,cHD,11,11,0,0,0,0,0,0,11
B Cells|CD8 T Cells|HLA-C|CD8B,cSLE,33,33,0,0,0,0,0,0,33
B Cells|CD8 T Cells|HLA-E|CD8A,aHD,5,5,0,0,0,0,0,0,5
B Cells|CD8 T Cells|HLA-E|CD8A,aSLE,7,7,0,0,0,0,0,0,7
B Cells|CD8 T Cells|HLA-E|CD8A,cHD,11,11,0,0,0,0,0,0,11
B Cells|CD8 T Cells|HLA-E|CD8A,cSLE,33,33,0,0,0,0,0,0,33
B Cells|CD8 T Cells|HLA-E|CD8B,aHD,5,5,0,0,0,0,0,0,5
B Cells|CD8 T Cells|HLA-E|CD8B,aSLE,7,7,0,0,0,0,0,0,7
B Cells|CD8 T Cells|HLA-E|CD8B,cHD,11,11,0,0,0,0,0,0,11
B Cells|CD8 T Cells|HLA-E|CD8B,cSLE,33,33,0,0,0,0,0,0,33
B Cells|CD8 T Cells|HLA-F|CD8A,aHD,5,5,0,0,0,0,0,0,5
B Cells|CD8 T Cells|HLA-F|CD8A,aSLE,7,7,0,0,0,0,0,0,7
B Cells|CD8 T Cells|HLA-F|CD8A,cHD,11,11,0,0,0,0,0,0,11
B Cells|CD8 T Cells|HLA-F|CD8A,cSLE,33,33,0,0,0,0,0,0,33
B Cells|CD8 T Cells|HLA-F|CD8B,aHD,5,5,0,0,0,0,0,0,5
B Cells|CD8 T Cells|HLA-F|CD8B,aSLE,7,7,0,0,0,0,0,0,7
B Cells|CD8 T Cells|HLA-F|CD8B,cHD,11,11,0,0,0,0,0,0,11
B Cells|CD8 T Cells|HLA-F|CD8B,cSLE,33,33,0,0,0,0,0,0,33
B Cells|CD8 T Cells|HMGB1|CXCR4,aHD,5,5,0,0,0,0,0,0,5
B Cells|CD8 T Cells|HMGB1|CXCR4,aSLE,7,7,0,0,0,0,0,0,7
B Cells|CD8 T Cells|HMGB1|CXCR4,cHD,11,11,0,0,0,0,0,0,11
B Cells|CD8 T Cells|HMGB1|CXCR4,cSLE,33,33,0,0,0,0,0,0,33
B Cells|CD8 T Cells|LGALS1|CD69,aHD,5,5,0,0,0,0,0,0,5
B Cells|CD8 T Cells|LGALS1|CD69,aSLE,6,7,0,0,1,0,0,0,7
B Cells|CD8 T Cells|LGALS1|CD69,cHD,9,11,0,0,2,0,0,0,11
B Cells|CD8 T Cells|LGALS1|CD69,cSLE,33,33,0,0,0,0,0,0,33
B Cells|CD8 T Cells|LGALS1|ITGB1,aHD,5,5,0,0,0,0,0,0,5
B Cells|CD8 T Cells|LGALS1|ITGB1,aSLE,6,7,0,0,1,0,0,0,7
B Cells|CD8 T Cells|LGALS1|ITGB1,cHD,8,11,0,0,2,2,0,0,11
B Cells|CD8 T Cells|LGALS1|ITGB1,cSLE,32,33,0,0,0,1,0,0,33
B Cells|CD8 T Cells|LGALS1|PTPRC,aHD,5,5,0,0,0,0,0,0,5
B Cells|CD8 T Cells|LGALS1|PTPRC,aSLE,6,7,0,0,1,0,0,0,7
B Cells|CD8 T Cells|LGALS1|PTPRC,cHD,9,11,0,0,2,0,0,0,11
B Cells|CD8 T Cells|LGALS1|PTPRC,cSLE,33,33,0,0,0,0,0,0,33
B Cells|CD8 T Cells|LRPAP1|SORL1,aHD,5,5,0,0,0,0,0,0,5
B Cells|CD8 T Cells|LRPAP1|SORL1,aSLE,7,7,0,0,0,0,0,0,7
B Cells|CD8 T Cells|LRPAP1|SORL1,cHD,11,11,0,0,0,0,0,0,11
B Cells|CD8 T Cells|LRPAP1|SORL1,cSLE,32,33,0,0,0,1,0,0,33
B Cells|CD8 T Cells|MIF|CD44_CD74,aHD,5,5,0,0,0,0,0,0,5
B Cells|CD8 T Cells|MIF|CD44_CD74,aSLE,7,7,0,0,0,0,0,0,7
B Cells|CD8 T Cells|MIF|CD44_CD74,cHD,11,11,0,0,0,0,0,0,11
B Cells|CD8 T Cells|MIF|CD44_CD74,cSLE,33,33,0,0,0,0,0,0,33
B Cells|CD8 T Cells|MIF|CD74_CXCR4,aHD,5,5,0,0,0,0,0,0,5
B Cells|CD8 T Cells|MIF|CD74_CXCR4,aSLE,7,7,0,0,0,0,0,0,7
B Cells|CD8 T Cells|MIF|CD74_CXCR4,cHD,11,11,0,0,0,0,0,0,11
B Cells|CD8 T Cells|MIF|CD74_CXCR4,cSLE,33,33,0,0,0,0,0,0,33
B Cells|CD8 T Cells|MIF|TNFRSF14,aHD,5,5,0,0,0,0,0,0,5
B Cells|CD8 T Cells|MIF|TNFRSF14,aSLE,7,7,0,0,0,0,0,0,7
B Cells|CD8 T Cells|MIF|TNFRSF14,cHD,11,11,0,0,0,0,0,0,11
B Cells|CD8 T Cells|MIF|TNFRSF14,cSLE,33,33,0,0,0,0,0,0,33
B Cells|CD8 T Cells|PKM|CD44,aHD,5,5,0,0,0,0,0,0,5
B Cells|CD8 T Cells|PKM|CD44,aSLE,7,7,0,0,0,0,0,0,7
B Cells|CD8 T Cells|PKM|CD44,cHD,11,11,0,0,0,0,0,0,11
B Cells|CD8 T Cells|PKM|CD44,cSLE,33,33,0,0,0,0,0,0,33
B Cells|CD8 T Cells|VIM|CD44,aHD,5,5,0,0,0,0,0,0,5
B Cells|CD8 T Cells|VIM|CD44,aSLE,7,7,0,0,0,0,0,0,7
B Cells|CD8 T Cells|VIM|CD44,cHD,11,11,0,0,0,0,0,0,11
B Cells|CD8 T Cells|VIM|CD44,cSLE,33,33,0,0,0,0,0,0,33
B Cells|Classical Monocytes|ANXA2|TLR2,aHD,5,5,0,0,0,0,0,0,5
B Cells|Classical Monocytes|ANXA2|TLR2,aSLE,7,7,0,0,0,0,0,0,7
B Cells|Classical Monocytes|ANXA2|TLR2,cHD,10,11,0,0,1,0,0,0,11
B Cells|Classical Monocytes|ANXA2|TLR2,cSLE,30,33,0,0,3,0,0,0,33
B Cells|Classical Monocytes|CALR|LRP1,aHD,5,5,0,0,0,0,0,0,5
B Cells|Classical Monocytes|CALR|LRP1,aSLE,7,7,0,0,0,0,0,0,7
B Cells|Classical Monocytes|CALR|LRP1,cHD,11,11,0,0,0,0,0,0,11
B Cells|Classical Monocytes|CALR|LRP1,cSLE,33,33,0,0,0,0,0,0,33
B Cells|Classical Monocytes|CD22|PTPRC,aHD,5,5,0,0,0,0,0,0,5
B Cells|Classical Monocytes|CD22|PTPRC,aSLE,7,7,0,0,0,0,0,0,7
B Cells|Classical Monocytes|CD22|PTPRC,cHD,11,11,0,0,0,0,0,0,11
B Cells|Classical Monocytes|CD22|PTPRC,cSLE,33,33,0,0,0,0,0,0,33
B Cells|Classical Monocytes|CD47|SIRPA,aHD,5,5,0,0,0,0,0,0,5
B Cells|Classical Monocytes|CD47|SIRPA,aSLE,7,7,0,0,0,0,0,0,7
B Cells|Classical Monocytes|CD47|SIRPA,cHD,10,11,0,0,0,1,0,0,11
B Cells|Classical Monocytes|CD47|SIRPA,cSLE,33,33,0,0,0,0,0,0,33
B Cells|Classical Monocytes|CD99|PILRA,aHD,5,5,0,0,0,0,0,0,5
B Cells|Classical Monocytes|CD99|PILRA,aSLE,7,7,0,0,0,0,0,0,7
B Cells|Classical Monocytes|CD99|PILRA,cHD,11,11,0,0,0,0,0,0,11
B Cells|Classical Monocytes|CD99|PILRA,cSLE,33,33,0,0,0,0,0,0,33
B Cells|Classical Monocytes|CIRBP|TREM1,aHD,5,5,0,0,0,0,0,0,5
B Cells|Classical Monocytes|CIRBP|TREM1,aSLE,7,7,0,0,0,0,0,0,7
B Cells|Classical Monocytes|CIRBP|TREM1,cHD,11,11,0,0,0,0,0,0,11
B Cells|Classical Monocytes|CIRBP|TREM1,cSLE,33,33,0,0,0,0,0,0,33
B Cells|Classical Monocytes|FAM3C|LAMP1,aHD,5,5,0,0,0,0,0,0,5
B Cells|Classical Monocytes|FAM3C|LAMP1,aSLE,7,7,0,0,0,0,0,0,7
B Cells|Classical Monocytes|FAM3C|LAMP1,cHD,11,11,0,0,0,0,0,0,11
B Cells|Classical Monocytes|FAM3C|LAMP1,cSLE,33,33,0,0,0,0,0,0,33
B Cells|Classical Monocytes|FCER2|ITGAM_ITGB2,aHD,5,5,0,0,0,0,0,0,5
B Cells|Classical Monocytes|FCER2|ITGAM_ITGB2,aSLE,6,7,0,0,1,0,0,0,7
B Cells|Classical Monocytes|FCER2|ITGAM_ITGB2,cHD,11,11,0,0,0,0,0,0,11
B Cells|Classical Monocytes|FCER2|ITGAM_ITGB2,cSLE,33,33,0,0,0,0,0,0,33
B Cells|Classical Monocytes|GNAI2|ADCY7,aHD,5,5,0,0,0,0,0,0,5
B Cells|Classical Monocytes|GNAI2|ADCY7,aSLE,7,7,0,0,0,0,0,0,7
B Cells|Classical Monocytes|GNAI2|ADCY7,cHD,11,11,0,0,0,0,0,0,11
B Cells|Classical Monocytes|GNAI2|ADCY7,cSLE,31,33,0,0,2,0,0,0,33
B Cells|Classical Monocytes|GNAI2|C5AR1,aHD,5,5,0,0,0,0,0,0,5
B Cells|Classical Monocytes|GNAI2|C5AR1,aSLE,7,7,0,0,0,0,0,0,7
B Cells|Classical Monocytes|GNAI2|C5AR1,cHD,11,11,0,0,0,0,0,0,11
B Cells|Classical Monocytes|GNAI2|C5AR1,cSLE,31,33,0,0,2,0,0,0,33
B Cells|Classical Monocytes|GNAI2|FPR1,aHD,5,5,0,0,0,0,0,0,5
B Cells|Classical Monocytes|GNAI2|FPR1,aSLE,7,7,0,0,0,0,0,0,7
B Cells|Classical Monocytes|GNAI2|FPR1,cHD,11,11,0,0,0,0,0,0,11
B Cells|Classical Monocytes|GNAI2|FPR1,cSLE,31,33,0,0,2,0,0,0,33
B Cells|Classical Monocytes|GNAS|ADCY7,aHD,5,5,0,0,0,0,0,0,5
B Cells|Classical Monocytes|GNAS|ADCY7,aSLE,7,7,0,0,0,0,0,0,7
B Cells|Classical Monocytes|GNAS|ADCY7,cHD,11,11,0,0,0,0,0,0,11
B Cells|Classical Monocytes|GNAS|ADCY7,cSLE,33,33,0,0,0,0,0,0,33
B Cells|Classical Monocytes|GRN|TNFRSF1A,aHD,5,5,0,0,0,0,0,0,5
B Cells|Classical Monocytes|GRN|TNFRSF1A,aSLE,7,7,0,0,0,0,0,0,7
B Cells|Classical Monocytes|GRN|TNFRSF1A,cHD,10,11,0,0,1,0,0,0,11
B Cells|Classical Monocytes|GRN|TNFRSF1A,cSLE,32,33,0,0,1,0,0,0,33
B Cells|Classical Monocytes|GRN|TNFRSF1B,aHD,5,5,0,0,0,0,0,0,5
B Cells|Classical Monocytes|GRN|TNFRSF1B,aSLE,7,7,0,0,0,0,0,0,7
B Cells|Classical Monocytes|GRN|TNFRSF1B,cHD,10,11,0,0,1,0,0,0,11
B Cells|Classical Monocytes|GRN|TNFRSF1B,cSLE,32,33,0,0,1,0,0,0,33
B Cells|Classical Monocytes|HLA-A|APLP2,aHD,5,5,0,0,0,0,0,0,5
B Cells|Classical Monocytes|HLA-A|APLP2,aSLE,7,7,0,0,0,0,0,0,7
B Cells|Classical Monocytes|HLA-A|APLP2,cHD,11,11,0,0,0,0,0,0,11
B Cells|Classical Monocytes|HLA-A|APLP2,cSLE,33,33,0,0,0,0,0,0,33
B Cells|Classical Monocytes|HLA-A|LILRB2,aHD,5,5,0,0,0,0,0,0,5
B Cells|Classical Monocytes|HLA-A|LILRB2,aSLE,7,7,0,0,0,0,0,0,7
B Cells|Classical Monocytes|HLA-A|LILRB2,cHD,11,11,0,0,0,0,0,0,11
B Cells|Classical Monocytes|HLA-A|LILRB2,cSLE,33,33,0,0,0,0,0,0,33
B Cells|Classical Monocytes|HLA-B|LILRB2,aHD,5,5,0,0,0,0,0,0,5
B Cells|Classical Monocytes|HLA-B|LILRB2,aSLE,7,7,0,0,0,0,0,0,7
B Cells|Classical Monocytes|HLA-B|LILRB2,cHD,11,11,0,0,0,0,0,0,11
B Cells|Classical Monocytes|HLA-B|LILRB2,cSLE,33,33,0,0,0,0,0,0,33
B Cells|Classical Monocytes|HLA-C|LILRB2,aHD,5,5,0,0,0,0,0,0,5
B Cells|Classical Monocytes|HLA-C|LILRB2,aSLE,7,7,0,0,0,0,0,0,7
B Cells|Classical Monocytes|HLA-C|LILRB2,cHD,11,11,0,0,0,0,0,0,11
B Cells|Classical Monocytes|HLA-C|LILRB2,cSLE,33,33,0,0,0,0,0,0,33
B Cells|Classical Monocytes|HLA-DMA|CD4,aHD,5,5,0,0,0,0,0,0,5
B Cells|Classical Monocytes|HLA-DMA|CD4,aSLE,7,7,0,0,0,0,0,0,7
B Cells|Classical Monocytes|HLA-DMA|CD4,cHD,11,11,0,0,0,0,0,0,11
B Cells|Classical Monocytes|HLA-DMA|CD4,cSLE,33,33,0,0,0,0,0,0,33
B Cells|Classical Monocytes|HLA-DMB|CD4,aHD,5,5,0,0,0,0,0,0,5
B Cells|Classical Monocytes|HLA-DMB|CD4,aSLE,7,7,0,0,0,0,0,0,7
B Cells|Classical Monocytes|HLA-DMB|CD4,cHD,11,11,0,0,0,0,0,0,11
B Cells|Classical Monocytes|HLA-DMB|CD4,cSLE,33,33,0,0,0,0,0,0,33
B Cells|Classical Monocytes|HLA-DOB|CD4,aHD,5,5,0,0,0,0,0,0,5
B Cells|Classical Monocytes|HLA-DOB|CD4,aSLE,7,7,0,0,0,0,0,0,7
B Cells|Classical Monocytes|HLA-DOB|CD4,cHD,11,11,0,0,0,0,0,0,11
B Cells|Classical Monocytes|HLA-DOB|CD4,cSLE,33,33,0,0,0,0,0,0,33
B Cells|Classical Monocytes|HLA-DPA1|CD4,aHD,5,5,0,0,0,0,0,0,5
B Cells|Classical Monocytes|HLA-DPA1|CD4,aSLE,7,7,0,0,0,0,0,0,7
B Cells|Classical Monocytes|HLA-DPA1|CD4,cHD,11,11,0,0,0,0,0,0,11
B Cells|Classical Monocytes|HLA-DPA1|CD4,cSLE,33,33,0,0,0,0,0,0,33
B Cells|Classical Monocytes|HLA-DPB1|CD4,aHD,5,5,0,0,0,0,0,0,5
B Cells|Classical Monocytes|HLA-DPB1|CD4,aSLE,7,7,0,0,0,0,0,0,7
B Cells|Classical Monocytes|HLA-DPB1|CD4,cHD,11,11,0,0,0,0,0,0,11
B Cells|Classical Monocytes|HLA-DPB1|CD4,cSLE,33,33,0,0,0,0,0,0,33
B Cells|Classical Monocytes|HLA-DQA1|CD4,aHD,5,5,0,0,0,0,0,0,5
B Cells|Classical Monocytes|HLA-DQA1|CD4,aSLE,7,7,0,0,0,0,0,0,7
B Cells|Classical Monocytes|HLA-DQA1|CD4,cHD,11,11,0,0,0,0,0,0,11
B Cells|Classical Monocytes|HLA-DQA1|CD4,cSLE,33,33,0,0,0,0,0,0,33
B Cells|Classical Monocytes|HLA-DQB1|CD4,aHD,5,5,0,0,0,0,0,0,5
B Cells|Classical Monocytes|HLA-DQB1|CD4,aSLE,7,7,0,0,0,0,0,0,7
B Cells|Classical Monocytes|HLA-DQB1|CD4,cHD,11,11,0,0,0,0,0,0,11
B Cells|Classical Monocytes|HLA-DQB1|CD4,cSLE,33,33,0,0,0,0,0,0,33
B Cells|Classical Monocytes|HLA-DRA|CD4,aHD,5,5,0,0,0,0,0,0,5
B Cells|Classical Monocytes|HLA-DRA|CD4,aSLE,7,7,0,0,0,0,0,0,7
B Cells|Classical Monocytes|HLA-DRA|CD4,cHD,11,11,0,0,0,0,0,0,11
B Cells|Classical Monocytes|HLA-DRA|CD4,cSLE,33,33,0,0,0,0,0,0,33
B Cells|Classical Monocytes|HLA-DRB1|CD4,aHD,5,5,0,0,0,0,0,0,5
B Cells|Classical Monocytes|HLA-DRB1|CD4,aSLE,7,7,0,0,0,0,0,0,7
B Cells|Classical Monocytes|HLA-DRB1|CD4,cHD,11,11,0,0,0,0,0,0,11
B Cells|Classical Monocytes|HLA-DRB1|CD4,cSLE,33,33,0,0,0,0,0,0,33
B Cells|Classical Monocytes|HLA-F|LILRB2,aHD,5,5,0,0,0,0,0,0,5
B Cells|Classical Monocytes|HLA-F|LILRB2,aSLE,7,7,0,0,0,0,0,0,7
B Cells|Classical Monocytes|HLA-F|LILRB2,cHD,11,11,0,0,0,0,0,0,11
B Cells|Classical Monocytes|HLA-F|LILRB2,cSLE,33,33,0,0,0,0,0,0,33
B Cells|Classical Monocytes|HMGB1|CXCR4,aHD,5,5,0,0,0,0,0,0,5
B Cells|Classical Monocytes|HMGB1|CXCR4,aSLE,7,7,0,0,0,0,0,0,7
B Cells|Classical Monocytes|HMGB1|CXCR4,cHD,11,11,0,0,0,0,0,0,11
B Cells|Classical Monocytes|HMGB1|CXCR4,cSLE,33,33,0,0,0,0,0,0,33
B Cells|Classical Monocytes|HMGB1|TLR2,aHD,5,5,0,0,0,0,0,0,5
B Cells|Classical Monocytes|HMGB1|TLR2,aSLE,7,7,0,0,0,0,0,0,7
B Cells|Classical Monocytes|HMGB1|TLR2,cHD,11,11,0,0,0,0,0,0,11
B Cells|Classical Monocytes|HMGB1|TLR2,cSLE,33,33,0,0,0,0,0,0,33
B Cells|Classical Monocytes|ICAM3|ITGAL,aHD,5,5,0,0,0,0,0,0,5
B Cells|Classical Monocytes|ICAM3|ITGAL,aSLE,7,7,0,0,0,0,0,0,7
B Cells|Classical Monocytes|ICAM3|ITGAL,cHD,10,11,0,0,0,1,0,0,11
B Cells|Classical Monocytes|ICAM3|ITGAL,cSLE,31,33,0,0,0,2,0,0,33
B Cells|Classical Monocytes|IL16|CD4,aHD,5,5,0,0,0,0,0,0,5
B Cells|Classical Monocytes|IL16|CD4,aSLE,7,7,0,0,0,0,0,0,7
B Cells|Classical Monocytes|IL16|CD4,cHD,11,11,0,0,0,0,0,0,11
B Cells|Classical Monocytes|IL16|CD4,cSLE,33,33,0,0,0,0,0,0,33
B Cells|Classical Monocytes|LGALS1|CD69,aHD,5,5,0,0,0,0,0,0,5
B Cells|Classical Monocytes|LGALS1|CD69,aSLE,5,7,0,0,1,1,0,0,7
B Cells|Classical Monocytes|LGALS1|CD69,cHD,9,11,0,0,2,0,0,0,11
B Cells|Classical Monocytes|LGALS1|CD69,cSLE,33,33,0,0,0,0,0,0,33
B Cells|Classical Monocytes|LGALS1|ITGB1,aHD,5,5,0,0,0,0,0,0,5
B Cells|Classical Monocytes|LGALS1|ITGB1,aSLE,6,7,0,0,1,0,0,0,7
B Cells|Classical Monocytes|LGALS1|ITGB1,cHD,9,11,0,0,2,0,0,0,11
B Cells|Classical Monocytes|LGALS1|ITGB1,cSLE,33,33,0,0,0,0,0,0,33
B Cells|Classical Monocytes|LGALS1|PTPRC,aHD,5,5,0,0,0,0,0,0,5
B Cells|Classical Monocytes|LGALS1|PTPRC,aSLE,6,7,0,0,1,0,0,0,7
B Cells|Classical Monocytes|LGALS1|PTPRC,cHD,9,11,0,0,2,0,0,0,11
B Cells|Classical Monocytes|LGALS1|PTPRC,cSLE,33,33,0,0,0,0,0,0,33
B Cells|Classical Monocytes|LRPAP1|LRP1,aHD,5,5,0,0,0,0,0,0,5
B Cells|Classical Monocytes|LRPAP1|LRP1,aSLE,7,7,0,0,0,0,0,0,7
B Cells|Classical Monocytes|LRPAP1|LRP1,cHD,11,11,0,0,0,0,0,0,11
B Cells|Classical Monocytes|LRPAP1|LRP1,cSLE,33,33,0,0,0,0,0,0,33
B Cells|Classical Monocytes|LRPAP1|SORL1,aHD,5,5,0,0,0,0,0,0,5
B Cells|Classical Monocytes|LRPAP1|SORL1,aSLE,7,7,0,0,0,0,0,0,7
B Cells|Classical Monocytes|LRPAP1|SORL1,cHD,11,11,0,0,0,0,0,0,11
B Cells|Classical Monocytes|LRPAP1|SORL1,cSLE,31,33,0,0,0,2,0,0,33
B Cells|Classical Monocytes|LTB|TNFRSF1A,aHD,5,5,0,0,0,0,0,0,5
B Cells|Classical Monocytes|LTB|TNFRSF1A,aSLE,7,7,0,0,0,0,0,0,7
B Cells|Classical Monocytes|LTB|TNFRSF1A,cHD,11,11,0,0,0,0,0,0,11
B Cells|Classical Monocytes|LTB|TNFRSF1A,cSLE,33,33,0,0,0,0,0,0,33
B Cells|Classical Monocytes|MFNG|NOTCH2,aHD,5,5,0,0,0,0,0,0,5
B Cells|Classical Monocytes|MFNG|NOTCH2,aSLE,7,7,0,0,0,0,0,0,7
B Cells|Classical Monocytes|MFNG|NOTCH2,cHD,11,11,0,0,0,0,0,0,11
B Cells|Classical Monocytes|MFNG|NOTCH2,cSLE,29,33,0,0,4,0,0,0,33
B Cells|Classical Monocytes|MIF|CD44_CD74,aHD,5,5,0,0,0,0,0,0,5
B Cells|Classical Monocytes|MIF|CD44_CD74,aSLE,7,7,0,0,0,0,0,0,7
B Cells|Classical Monocytes|MIF|CD44_CD74,cHD,11,11,0,0,0,0,0,0,11
B Cells|Classical Monocytes|MIF|CD44_CD74,cSLE,33,33,0,0,0,0,0,0,33
B Cells|Classical Monocytes|MIF|CD74_CXCR4,aHD,5,5,0,0,0,0,0,0,5
B Cells|Classical Monocytes|MIF|CD74_CXCR4,aSLE,7,7,0,0,0,0,0,0,7
B Cells|Classical Monocytes|MIF|CD74_CXCR4,cHD,11,11,0,0,0,0,0,0,11
B Cells|Classical Monocytes|MIF|CD74_CXCR4,cSLE,33,33,0,0,0,0,0,0,33
B Cells|Classical Monocytes|MIF|TNFRSF14,aHD,5,5,0,0,0,0,0,0,5
B Cells|Classical Monocytes|MIF|TNFRSF14,aSLE,7,7,0,0,0,0,0,0,7
B Cells|Classical Monocytes|MIF|TNFRSF14,cHD,11,11,0,0,0,0,0,0,11
B Cells|Classical Monocytes|MIF|TNFRSF14,cSLE,33,33,0,0,0,0,0,0,33
B Cells|Classical Monocytes|PKM|CD44,aHD,5,5,0,0,0,0,0,0,5
B Cells|Classical Monocytes|PKM|CD44,aSLE,7,7,0,0,0,0,0,0,7
B Cells|Classical Monocytes|PKM|CD44,cHD,11,11,0,0,0,0,0,0,11
B Cells|Classical Monocytes|PKM|CD44,cSLE,33,33,0,0,0,0,0,0,33
B Cells|Classical Monocytes|PSAP|LRP1,aHD,5,5,0,0,0,0,0,0,5
B Cells|Classical Monocytes|PSAP|LRP1,aSLE,7,7,0,0,0,0,0,0,7
B Cells|Classical Monocytes|PSAP|LRP1,cHD,11,11,0,0,0,0,0,0,11
B Cells|Classical Monocytes|PSAP|LRP1,cSLE,33,33,0,0,0,0,0,0,33
B Cells|Classical Monocytes|PTPN6|CD300LF,aHD,5,5,0,0,0,0,0,0,5
B Cells|Classical Monocytes|PTPN6|CD300LF,aSLE,7,7,0,0,0,0,0,0,7
B Cells|Classical Monocytes|PTPN6|CD300LF,cHD,11,11,0,0,0,0,0,0,11
B Cells|Classical Monocytes|PTPN6|CD300LF,cSLE,28,33,0,0,0,5,0,0,33
B Cells|Classical Monocytes|PTPN6|CLEC12A,aHD,5,5,0,0,0,0,0,0,5
B Cells|Classical Monocytes|PTPN6|CLEC12A,aSLE,7,7,0,0,0,0,0,0,7
B Cells|Classical Monocytes|PTPN6|CLEC12A,cHD,11,11,0,0,0,0,0,0,11
B Cells|Classical Monocytes|PTPN6|CLEC12A,cSLE,33,33,0,0,0,0,0,0,33
B Cells|Classical Monocytes|RPS19|C5AR1,aHD,5,5,0,0,0,0,0,0,5
B Cells|Classical Monocytes|RPS19|C5AR1,aSLE,7,7,0,0,0,0,0,0,7
B Cells|Classical Monocytes|RPS19|C5AR1,cHD,11,11,0,0,0,0,0,0,11
B Cells|Classical Monocytes|RPS19|C5AR1,cSLE,33,33,0,0,0,0,0,0,33
B Cells|Classical Monocytes|VIM|CD44,aHD,5,5,0,0,0,0,0,0,5
B Cells|Classical Monocytes|VIM|CD44,aSLE,7,7,0,0,0,0,0,0,7
B Cells|Classical Monocytes|VIM|CD44,cHD,11,11,0,0,0,0,0,0,11
B Cells|Classical Monocytes|VIM|CD44,cSLE,33,33,0,0,0,0,0,0,33
B Cells|NK Cells|ADAM28|ITGA4,aHD,5,5,0,0,0,0,0,0,5
B Cells|NK Cells|ADAM28|ITGA4,aSLE,7,7,0,0,0,0,0,0,7
B Cells|NK Cells|ADAM28|ITGA4,cHD,11,11,0,0,0,0,0,0,11
B Cells|NK Cells|ADAM28|ITGA4,cSLE,33,33,0,0,0,0,0,0,33
B Cells|NK Cells|B2M|KLRD1,aHD,5,5,0,0,0,0,0,0,5
B Cells|NK Cells|B2M|KLRD1,aSLE,7,7,0,0,0,0,0,0,7
B Cells|NK Cells|B2M|KLRD1,cHD,11,11,0,0,0,0,0,0,11
B Cells|NK Cells|B2M|KLRD1,cSLE,33,33,0,0,0,0,0,0,33
B Cells|NK Cells|CALM1|PTPRA,aHD,5,5,0,0,0,0,0,0,5
B Cells|NK Cells|CALM1|PTPRA,aSLE,7,7,0,0,0,0,0,0,7
B Cells|NK Cells|CALM1|PTPRA,cHD,11,11,0,0,0,0,0,0,11
B Cells|NK Cells|CALM1|PTPRA,cSLE,33,33,0,0,0,0,0,0,33
B Cells|NK Cells|CD22|PTPRC,aHD,5,5,0,0,0,0,0,0,5
B Cells|NK Cells|CD22|PTPRC,aSLE,7,7,0,0,0,0,0,0,7
B Cells|NK Cells|CD22|PTPRC,cHD,11,11,0,0,0,0,0,0,11
B Cells|NK Cells|CD22|PTPRC,cSLE,33,33,0,0,0,0,0,0,33
B Cells|NK Cells|CD48|CD2,aHD,5,5,0,0,0,0,0,0,5
B Cells|NK Cells|CD48|CD2,aSLE,7,7,0,0,0,0,0,0,7
B Cells|NK Cells|CD48|CD2,cHD,11,11,0,0,0,0,0,0,11
B Cells|NK Cells|CD48|CD2,cSLE,33,33,0,0,0,0,0,0,33
B Cells|NK Cells|CD48|CD244,aHD,5,5,0,0,0,0,0,0,5
B Cells|NK Cells|CD48|CD244,aSLE,5,7,0,0,0,2,0,0,7
B Cells|NK Cells|CD48|CD244,cHD,11,11,0,0,0,0,0,0,11
B Cells|NK Cells|CD48|CD244,cSLE,32,33,0,0,0,1,0,0,33
B Cells|NK Cells|CLEC2B|KLRF1,aHD,5,5,0,0,0,0,0,0,5
B Cells|NK Cells|CLEC2B|KLRF1,aSLE,6,7,0,0,0,1,0,0,7
B Cells|NK Cells|CLEC2B|KLRF1,cHD,11,11,0,0,0,0,0,0,11
B Cells|NK Cells|CLEC2B|KLRF1,cSLE,33,33,0,0,0,0,0,0,33
B Cells|NK Cells|FAM3C|LAMP1,aHD,5,5,0,0,0,0,0,0,5
B Cells|NK Cells|FAM3C|LAMP1,aSLE,7,7,0,0,0,0,0,0,7
B Cells|NK Cells|FAM3C|LAMP1,cHD,11,11,0,0,0,0,0,0,11
B Cells|NK Cells|FAM3C|LAMP1,cSLE,33,33,0,0,0,0,0,0,33
B Cells|NK Cells|FCER2|ITGAM_ITGB2,aHD,5,5,0,0,0,0,0,0,5
B Cells|NK Cells|FCER2|ITGAM_ITGB2,aSLE,5,7,0,0,1,1,0,0,7
B Cells|NK Cells|FCER2|ITGAM_ITGB2,cHD,11,11,0,0,0,0,0,0,11
B Cells|NK Cells|FCER2|ITGAM_ITGB2,cSLE,33,33,0,0,0,0,0,0,33
B Cells|NK Cells|GNAI2|S1PR4,aHD,5,5,0,0,0,0,0,0,5
B Cells|NK Cells|GNAI2|S1PR4,aSLE,7,7,0,0,0,0,0,0,7
B Cells|NK Cells|GNAI2|S1PR4,cHD,11,11,0,0,0,0,0,0,11
B Cells|NK Cells|GNAI2|S1PR4,cSLE,30,33,0,0,2,2,0,0,33
B Cells|NK Cells|GNAI2|S1PR5,aHD,5,5,0,0,0,0,0,0,5
B Cells|NK Cells|GNAI2|S1PR5,aSLE,7,7,0,0,0,0,0,0,7
B Cells|NK Cells|GNAI2|S1PR5,cHD,11,11,0,0,0,0,0,0,11
B Cells|NK Cells|GNAI2|S1PR5,cSLE,31,33,0,0,2,0,0,0,33
B Cells|NK Cells|GNAS|PTGDR,aHD,5,5,0,0,0,0,0,0,5
B Cells|NK Cells|GNAS|PTGDR,aSLE,7,7,0,0,0,0,0,0,7
B Cells|NK Cells|GNAS|PTGDR,cHD,11,11,0,0,0,0,0,0,11
B Cells|NK Cells|GNAS|PTGDR,cSLE,32,33,0,0,0,1,0,0,33
B Cells|NK Cells|GRN|TNFRSF1B,aHD,5,5,0,0,0,0,0,0,5
B Cells|NK Cells|GRN|TNFRSF1B,aSLE,7,7,0,0,0,0,0,0,7
B Cells|NK Cells|GRN|TNFRSF1B,cHD,10,11,0,0,1,0,0,0,11
B Cells|NK Cells|GRN|TNFRSF1B,cSLE,32,33,0,0,1,0,0,0,33
B Cells|NK Cells|HLA-A|CD8A,aHD,5,5,0,0,0,0,0,0,5
B Cells|NK Cells|HLA-A|CD8A,aSLE,7,7,0,0,0,0,0,0,7
B Cells|NK Cells|HLA-A|CD8A,cHD,8,11,0,0,0,3,0,0,11
B Cells|NK Cells|HLA-A|CD8A,cSLE,22,33,0,0,0,11,0,0,33
B Cells|NK Cells|HLA-B|CD3D,aHD,5,5,0,0,0,0,0,0,5
B Cells|NK Cells|HLA-B|CD3D,aSLE,7,7,0,0,0,0,0,0,7
B Cells|NK Cells|HLA-B|CD3D,cHD,8,11,0,0,0,3,0,0,11
B Cells|NK Cells|HLA-B|CD3D,cSLE,28,33,0,0,0,5,0,0,33
B Cells|NK Cells|HLA-B|CD8A,aHD,5,5,0,0,0,0,0,0,5
B Cells|NK Cells|HLA-B|CD8A,aSLE,7,7,0,0,0,0,0,0,7
B Cells|NK Cells|HLA-B|CD8A,cHD,8,11,0,0,0,3,0,0,11
B Cells|NK Cells|HLA-B|CD8A,cSLE,22,33,0,0,0,11,0,0,33
B Cells|NK Cells|HLA-B|KLRD1,aHD,5,5,0,0,0,0,0,0,5
B Cells|NK Cells|HLA-B|KLRD1,aSLE,7,7,0,0,0,0,0,0,7
B Cells|NK Cells|HLA-B|KLRD1,cHD,11,11,0,0,0,0,0,0,11
B Cells|NK Cells|HLA-B|KLRD1,cSLE,33,33,0,0,0,0,0,0,33
B Cells|NK Cells|HLA-C|CD8A,aHD,5,5,0,0,0,0,0,0,5
B Cells|NK Cells|HLA-C|CD8A,aSLE,7,7,0,0,0,0,0,0,7
B Cells|NK Cells|HLA-C|CD8A,cHD,8,11,0,0,0,3,0,0,11
B Cells|NK Cells|HLA-C|CD8A,cSLE,22,33,0,0,0,11,0,0,33
B Cells|NK Cells|HLA-E|CD8A,aHD,5,5,0,0,0,0,0,0,5
B Cells|NK Cells|HLA-E|CD8A,aSLE,7,7,0,0,0,0,0,0,7
B Cells|NK Cells|HLA-E|CD8A,cHD,8,11,0,0,0,3,0,0,11
B Cells|NK Cells|HLA-E|CD8A,cSLE,22,33,0,0,0,11,0,0,33
B Cells|NK Cells|HLA-F|CD8A,aHD,5,5,0,0,0,0,0,0,5
B Cells|NK Cells|HLA-F|CD8A,aSLE,7,7,0,0,0,0,0,0,7
B Cells|NK Cells|HLA-F|CD8A,cHD,8,11,0,0,0,3,0,0,11
B Cells|NK Cells|HLA-F|CD8A,cSLE,22,33,0,0,0,11,0,0,33
B Cells|NK Cells|HMGB1|CXCR4,aHD,5,5,0,0,0,0,0,0,5
B Cells|NK Cells|HMGB1|CXCR4,aSLE,7,7,0,0,0,0,0,0,7
B Cells|NK Cells|HMGB1|CXCR4,cHD,11,11,0,0,0,0,0,0,11
B Cells|NK Cells|HMGB1|CXCR4,cSLE,33,33,0,0,0,0,0,0,33
B Cells|NK Cells|ICAM3|ITGAL,aHD,5,5,0,0,0,0,0,0,5
B Cells|NK Cells|ICAM3|ITGAL,aSLE,7,7,0,0,0,0,0,0,7
B Cells|NK Cells|ICAM3|ITGAL,cHD,11,11,0,0,0,0,0,0,11
B Cells|NK Cells|ICAM3|ITGAL,cSLE,33,33,0,0,0,0,0,0,33
B Cells|NK Cells|LGALS1|CD69,aHD,5,5,0,0,0,0,0,0,5
B Cells|NK Cells|LGALS1|CD69,aSLE,6,7,0,0,1,0,0,0,7
B Cells|NK Cells|LGALS1|CD69,cHD,9,11,0,0,2,0,0,0,11
B Cells|NK Cells|LGALS1|CD69,cSLE,33,33,0,0,0,0,0,0,33
B Cells|NK Cells|LGALS1|ITGB1,aHD,5,5,0,0,0,0,0,0,5
B Cells|NK Cells|LGALS1|ITGB1,aSLE,6,7,0,0,1,0,0,0,7
B Cells|NK Cells|LGALS1|ITGB1,cHD,9,11,0,0,2,0,0,0,11
B Cells|NK Cells|LGALS1|ITGB1,cSLE,33,33,0,0,0,0,0,0,33
B Cells|NK Cells|LGALS1|PTPRC,aHD,5,5,0,0,0,0,0,0,5
B Cells|NK Cells|LGALS1|PTPRC,aSLE,6,7,0,0,1,0,0,0,7
B Cells|NK Cells|LGALS1|PTPRC,cHD,9,11,0,0,2,0,0,0,11
B Cells|NK Cells|LGALS1|PTPRC,cSLE,33,33,0,0,0,0,0,0,33
B Cells|NK Cells|LRPAP1|SORL1,aHD,5,5,0,0,0,0,0,0,5
B Cells|NK Cells|LRPAP1|SORL1,aSLE,7,7,0,0,0,0,0,0,7
B Cells|NK Cells|LRPAP1|SORL1,cHD,11,11,0,0,0,0,0,0,11
B Cells|NK Cells|LRPAP1|SORL1,cSLE,32,33,0,0,0,1,0,0,33
B Cells|NK Cells|MIF|CD44_CD74,aHD,5,5,0,0,0,0,0,0,5
B Cells|NK Cells|MIF|CD44_CD74,aSLE,7,7,0,0,0,0,0,0,7
B Cells|NK Cells|MIF|CD44_CD74,cHD,11,11,0,0,0,0,0,0,11
B Cells|NK Cells|MIF|CD44_CD74,cSLE,33,33,0,0,0,0,0,0,33
B Cells|NK Cells|MIF|CD74_CXCR4,aHD,5,5,0,0,0,0,0,0,5
B Cells|NK Cells|MIF|CD74_CXCR4,aSLE,7,7,0,0,0,0,0,0,7
B Cells|NK Cells|MIF|CD74_CXCR4,cHD,11,11,0,0,0,0,0,0,11
B Cells|NK Cells|MIF|CD74_CXCR4,cSLE,33,33,0,0,0,0,0,0,33
B Cells|NK Cells|MIF|TNFRSF14,aHD,5,5,0,0,0,0,0,0,5
B Cells|NK Cells|MIF|TNFRSF14,aSLE,7,7,0,0,0,0,0,0,7
B Cells|NK Cells|MIF|TNFRSF14,cHD,11,11,0,0,0,0,0,0,11
B Cells|NK Cells|MIF|TNFRSF14,cSLE,33,33,0,0,0,0,0,0,33
B Cells|NK Cells|PKM|CD44,aHD,5,5,0,0,0,0,0,0,5
B Cells|NK Cells|PKM|CD44,aSLE,7,7,0,0,0,0,0,0,7
B Cells|NK Cells|PKM|CD44,cHD,11,11,0,0,0,0,0,0,11
B Cells|NK Cells|PKM|CD44,cSLE,33,33,0,0,0,0,0,0,33
B Cells|NK Cells|VIM|CD44,aHD,5,5,0,0,0,0,0,0,5
B Cells|NK Cells|VIM|CD44,aSLE,7,7,0,0,0,0,0,0,7
B Cells|NK Cells|VIM|CD44,cHD,11,11,0,0,0,0,0,0,11
B Cells|NK Cells|VIM|CD44,cSLE,33,33,0,0,0,0,0,0,33
B Cells|Non-classical Monocytes|ADAM28|ITGA4,aHD,5,5,0,0,0,0,0,0,5
B Cells|Non-classical Monocytes|ADAM28|ITGA4,aSLE,7,7,0,0,0,0,0,0,7
B Cells|Non-classical Monocytes|ADAM28|ITGA4,cHD,11,11,0,0,0,0,0,0,11
B Cells|Non-classical Monocytes|ADAM28|ITGA4,cSLE,33,33,0,0,0,0,0,0,33
B Cells|Non-classical Monocytes|ANXA2|TLR2,aHD,5,5,0,0,0,0,0,0,5
B Cells|Non-classical Monocytes|ANXA2|TLR2,aSLE,7,7,0,0,0,0,0,0,7
B Cells|Non-classical Monocytes|ANXA2|TLR2,cHD,10,11,0,0,1,0,0,0,11
B Cells|Non-classical Monocytes|ANXA2|TLR2,cSLE,30,33,0,0,3,0,0,0,33
B Cells|Non-classical Monocytes|ARF6|SMAP1,aHD,5,5,0,0,0,0,0,0,5
B Cells|Non-classical Monocytes|ARF6|SMAP1,aSLE,7,7,0,0,0,0,0,0,7
B Cells|Non-classical Monocytes|ARF6|SMAP1,cHD,11,11,0,0,0,0,0,0,11
B Cells|Non-classical Monocytes|ARF6|SMAP1,cSLE,32,33,0,0,0,1,0,0,33
B Cells|Non-classical Monocytes|CALM1|PTPRA,aHD,5,5,0,0,0,0,0,0,5
B Cells|Non-classical Monocytes|CALM1|PTPRA,aSLE,7,7,0,0,0,0,0,0,7
B Cells|Non-classical Monocytes|CALM1|PTPRA,cHD,11,11,0,0,0,0,0,0,11
B Cells|Non-classical Monocytes|CALM1|PTPRA,cSLE,28,33,0,0,0,5,0,0,33
B Cells|Non-classical Monocytes|CALR|LRP1,aHD,5,5,0,0,0,0,0,0,5
B Cells|Non-classical Monocytes|CALR|LRP1,aSLE,7,7,0,0,0,0,0,0,7
B Cells|Non-classical Monocytes|CALR|LRP1,cHD,11,11,0,0,0,0,0,0,11
B Cells|Non-classical Monocytes|CALR|LRP1,cSLE,33,33,0,0,0,0,0,0,33
B Cells|Non-classical Monocytes|CD22|PTPRC,aHD,5,5,0,0,0,0,0,0,5
B Cells|Non-classical Monocytes|CD22|PTPRC,aSLE,7,7,0,0,0,0,0,0,7
B Cells|Non-classical Monocytes|CD22|PTPRC,cHD,11,11,0,0,0,0,0,0,11
B Cells|Non-classical Monocytes|CD22|PTPRC,cSLE,33,33,0,0,0,0,0,0,33
B Cells|Non-classical Monocytes|CD52|SIGLEC10,aHD,5,5,0,0,0,0,0,0,5
B Cells|Non-classical Monocytes|CD52|SIGLEC10,aSLE,7,7,0,0,0,0,0,0,7
B Cells|Non-classical Monocytes|CD52|SIGLEC10,cHD,11,11,0,0,0,0,0,0,11
B Cells|Non-classical Monocytes|CD52|SIGLEC10,cSLE,32,33,0,0,0,1,0,0,33
B Cells|Non-classical Monocytes|CD99|PILRA,aHD,5,5,0,0,0,0,0,0,5
B Cells|Non-classical Monocytes|CD99|PILRA,aSLE,7,7,0,0,0,0,0,0,7
B Cells|Non-classical Monocytes|CD99|PILRA,cHD,11,11,0,0,0,0,0,0,11
B Cells|Non-classical Monocytes|CD99|PILRA,cSLE,33,33,0,0,0,0,0,0,33
B Cells|Non-classical Monocytes|CIRBP|TREM1,aHD,5,5,0,0,0,0,0,0,5
B Cells|Non-classical Monocytes|CIRBP|TREM1,aSLE,7,7,0,0,0,0,0,0,7
B Cells|Non-classical Monocytes|CIRBP|TREM1,cHD,11,11,0,0,0,0,0,0,11
B Cells|Non-classical Monocytes|CIRBP|TREM1,cSLE,33,33,0,0,0,0,0,0,33
B Cells|Non-classical Monocytes|FAM3C|LAMP1,aHD,5,5,0,0,0,0,0,0,5
B Cells|Non-classical Monocytes|FAM3C|LAMP1,aSLE,7,7,0,0,0,0,0,0,7
B Cells|Non-classical Monocytes|FAM3C|LAMP1,cHD,11,11,0,0,0,0,0,0,11
B Cells|Non-classical Monocytes|FAM3C|LAMP1,cSLE,33,33,0,0,0,0,0,0,33
B Cells|Non-classical Monocytes|FCER2|ITGAX_ITGB2,aHD,5,5,0,0,0,0,0,0,5
B Cells|Non-classical Monocytes|FCER2|ITGAX_ITGB2,aSLE,6,7,0,0,1,0,0,0,7
B Cells|Non-classical Monocytes|FCER2|ITGAX_ITGB2,cHD,11,11,0,0,0,0,0,0,11
B Cells|Non-classical Monocytes|FCER2|ITGAX_ITGB2,cSLE,33,33,0,0,0,0,0,0,33
B Cells|Non-classical Monocytes|GNAI2|ADCY7,aHD,5,5,0,0,0,0,0,0,5
B Cells|Non-classical Monocytes|GNAI2|ADCY7,aSLE,7,7,0,0,0,0,0,0,7
B Cells|Non-classical Monocytes|GNAI2|ADCY7,cHD,11,11,0,0,0,0,0,0,11
B Cells|Non-classical Monocytes|GNAI2|ADCY7,cSLE,31,33,0,0,2,0,0,0,33
B Cells|Non-classical Monocytes|GNAI2|C5AR1,aHD,5,5,0,0,0,0,0,0,5
B Cells|Non-classical Monocytes|GNAI2|C5AR1,aSLE,7,7,0,0,0,0,0,0,7
B Cells|Non-classical Monocytes|GNAI2|C5AR1,cHD,11,11,0,0,0,0,0,0,11
B Cells|Non-classical Monocytes|GNAI2|C5AR1,cSLE,31,33,0,0,2,0,0,0,33
B Cells|Non-classical Monocytes|GNAI2|FPR1,aHD,5,5,0,0,0,0,0,0,5
B Cells|Non-classical Monocytes|GNAI2|FPR1,aSLE,7,7,0,0,0,0,0,0,7
B Cells|Non-classical Monocytes|GNAI2|FPR1,cHD,10,11,0,0,0,1,0,0,11
B Cells|Non-classical Monocytes|GNAI2|FPR1,cSLE,31,33,0,0,2,0,0,0,33
B Cells|Non-classical Monocytes|GNAI2|S1PR4,aHD,5,5,0,0,0,0,0,0,5
B Cells|Non-classical Monocytes|GNAI2|S1PR4,aSLE,7,7,0,0,0,0,0,0,7
B Cells|Non-classical Monocytes|GNAI2|S1PR4,cHD,11,11,0,0,0,0,0,0,11
B Cells|Non-classical Monocytes|GNAI2|S1PR4,cSLE,31,33,0,0,2,0,0,0,33
B Cells|Non-classical Monocytes|GNAS|ADCY7,aHD,5,5,0,0,0,0,0,0,5
B Cells|Non-classical Monocytes|GNAS|ADCY7,aSLE,7,7,0,0,0,0,0,0,7
B Cells|Non-classical Monocytes|GNAS|ADCY7,cHD,11,11,0,0,0,0,0,0,11
B Cells|Non-classical Monocytes|GNAS|ADCY7,cSLE,33,33,0,0,0,0,0,0,33
B Cells|Non-classical Monocytes|GRN|TNFRSF1A,aHD,5,5,0,0,0,0,0,0,5
B Cells|Non-classical Monocytes|GRN|TNFRSF1A,aSLE,7,7,0,0,0,0,0,0,7
B Cells|Non-classical Monocytes|GRN|TNFRSF1A,cHD,10,11,0,0,1,0,0,0,11
B Cells|Non-classical Monocytes|GRN|TNFRSF1A,cSLE,32,33,0,0,1,0,0,0,33
B Cells|Non-classical Monocytes|GRN|TNFRSF1B,aHD,5,5,0,0,0,0,0,0,5
B Cells|Non-classical Monocytes|GRN|TNFRSF1B,aSLE,7,7,0,0,0,0,0,0,7
B Cells|Non-classical Monocytes|GRN|TNFRSF1B,cHD,10,11,0,0,1,0,0,0,11
B Cells|Non-classical Monocytes|GRN|TNFRSF1B,cSLE,32,33,0,0,1,0,0,0,33
B Cells|Non-classical Monocytes|HLA-A|APLP2,aHD,5,5,0,0,0,0,0,0,5
B Cells|Non-classical Monocytes|HLA-A|APLP2,aSLE,7,7,0,0,0,0,0,0,7
B Cells|Non-classical Monocytes|HLA-A|APLP2,cHD,11,11,0,0,0,0,0,0,11
B Cells|Non-classical Monocytes|HLA-A|APLP2,cSLE,33,33,0,0,0,0,0,0,33
B Cells|Non-classical Monocytes|HLA-A|LILRA1,aHD,5,5,0,0,0,0,0,0,5
B Cells|Non-classical Monocytes|HLA-A|LILRA1,aSLE,7,7,0,0,0,0,0,0,7
B Cells|Non-classical Monocytes|HLA-A|LILRA1,cHD,11,11,0,0,0,0,0,0,11
B Cells|Non-classical Monocytes|HLA-A|LILRA1,cSLE,33,33,0,0,0,0,0,0,33
B Cells|Non-classical Monocytes|HLA-A|LILRB1,aHD,5,5,0,0,0,0,0,0,5
B Cells|Non-classical Monocytes|HLA-A|LILRB1,aSLE,7,7,0,0,0,0,0,0,7
B Cells|Non-classical Monocytes|HLA-A|LILRB1,cHD,11,11,0,0,0,0,0,0,11
B Cells|Non-classical Monocytes|HLA-A|LILRB1,cSLE,33,33,0,0,0,0,0,0,33
B Cells|Non-classical Monocytes|HLA-A|LILRB2,aHD,5,5,0,0,0,0,0,0,5
B Cells|Non-classical Monocytes|HLA-A|LILRB2,aSLE,7,7,0,0,0,0,0,0,7
B Cells|Non-classical Monocytes|HLA-A|LILRB2,cHD,11,11,0,0,0,0,0,0,11
B Cells|Non-classical Monocytes|HLA-A|LILRB2,cSLE,33,33,0,0,0,0,0,0,33
B Cells|Non-classical Monocytes|HLA-B|LILRA1,aHD,5,5,0,0,0,0,0,0,5
B Cells|Non-classical Monocytes|HLA-B|LILRA1,aSLE,7,7,0,0,0,0,0,0,7
B Cells|Non-classical Monocytes|HLA-B|LILRA1,cHD,11,11,0,0,0,0,0,0,11
B Cells|Non-classical Monocytes|HLA-B|LILRA1,cSLE,33,33,0,0,0,0,0,0,33
B Cells|Non-classical Monocytes|HLA-B|LILRB1,aHD,5,5,0,0,0,0,0,0,5
B Cells|Non-classical Monocytes|HLA-B|LILRB1,aSLE,7,7,0,0,0,0,0,0,7
B Cells|Non-classical Monocytes|HLA-B|LILRB1,cHD,11,11,0,0,0,0,0,0,11
B Cells|Non-classical Monocytes|HLA-B|LILRB1,cSLE,33,33,0,0,0,0,0,0,33
B Cells|Non-classical Monocytes|HLA-B|LILRB2,aHD,5,5,0,0,0,0,0,0,5
B Cells|Non-classical Monocytes|HLA-B|LILRB2,aSLE,7,7,0,0,0,0,0,0,7
B Cells|Non-classical Monocytes|HLA-B|LILRB2,cHD,11,11,0,0,0,0,0,0,11
B Cells|Non-classical Monocytes|HLA-B|LILRB2,cSLE,33,33,0,0,0,0,0,0,33
B Cells|Non-classical Monocytes|HLA-C|LILRA1,aHD,5,5,0,0,0,0,0,0,5
B Cells|Non-classical Monocytes|HLA-C|LILRA1,aSLE,7,7,0,0,0,0,0,0,7
B Cells|Non-classical Monocytes|HLA-C|LILRA1,cHD,11,11,0,0,0,0,0,0,11
B Cells|Non-classical Monocytes|HLA-C|LILRA1,cSLE,33,33,0,0,0,0,0,0,33
B Cells|Non-classical Monocytes|HLA-C|LILRB1,aHD,5,5,0,0,0,0,0,0,5
B Cells|Non-classical Monocytes|HLA-C|LILRB1,aSLE,7,7,0,0,0,0,0,0,7
B Cells|Non-classical Monocytes|HLA-C|LILRB1,cHD,11,11,0,0,0,0,0,0,11
B Cells|Non-classical Monocytes|HLA-C|LILRB1,cSLE,33,33,0,0,0,0,0,0,33
B Cells|Non-classical Monocytes|HLA-C|LILRB2,aHD,5,5,0,0,0,0,0,0,5
B Cells|Non-classical Monocytes|HLA-C|LILRB2,aSLE,7,7,0,0,0,0,0,0,7
B Cells|Non-classical Monocytes|HLA-C|LILRB2,cHD,11,11,0,0,0,0,0,0,11
B Cells|Non-classical Monocytes|HLA-C|LILRB2,cSLE,33,33,0,0,0,0,0,0,33
B Cells|Non-classical Monocytes|HLA-DMA|CD4,aHD,5,5,0,0,0,0,0,0,5
B Cells|Non-classical Monocytes|HLA-DMA|CD4,aSLE,7,7,0,0,0,0,0,0,7
B Cells|Non-classical Monocytes|HLA-DMA|CD4,cHD,11,11,0,0,0,0,0,0,11
B Cells|Non-classical Monocytes|HLA-DMA|CD4,cSLE,33,33,0,0,0,0,0,0,33
B Cells|Non-classical Monocytes|HLA-DMB|CD4,aHD,5,5,0,0,0,0,0,0,5
B Cells|Non-classical Monocytes|HLA-DMB|CD4,aSLE,7,7,0,0,0,0,0,0,7
B Cells|Non-classical Monocytes|HLA-DMB|CD4,cHD,11,11,0,0,0,0,0,0,11
B Cells|Non-classical Monocytes|HLA-DMB|CD4,cSLE,33,33,0,0,0,0,0,0,33
B Cells|Non-classical Monocytes|HLA-DOB|CD4,aHD,5,5,0,0,0,0,0,0,5
B Cells|Non-classical Monocytes|HLA-DOB|CD4,aSLE,7,7,0,0,0,0,0,0,7
B Cells|Non-classical Monocytes|HLA-DOB|CD4,cHD,11,11,0,0,0,0,0,0,11
B Cells|Non-classical Monocytes|HLA-DOB|CD4,cSLE,33,33,0,0,0,0,0,0,33
B Cells|Non-classical Monocytes|HLA-DPA1|CD4,aHD,5,5,0,0,0,0,0,0,5
B Cells|Non-classical Monocytes|HLA-DPA1|CD4,aSLE,7,7,0,0,0,0,0,0,7
B Cells|Non-classical Monocytes|HLA-DPA1|CD4,cHD,11,11,0,0,0,0,0,0,11
B Cells|Non-classical Monocytes|HLA-DPA1|CD4,cSLE,33,33,0,0,0,0,0,0,33
B Cells|Non-classical Monocytes|HLA-DPB1|CD4,aHD,5,5,0,0,0,0,0,0,5
B Cells|Non-classical Monocytes|HLA-DPB1|CD4,aSLE,7,7,0,0,0,0,0,0,7
B Cells|Non-classical Monocytes|HLA-DPB1|CD4,cHD,11,11,0,0,0,0,0,0,11
B Cells|Non-classical Monocytes|HLA-DPB1|CD4,cSLE,33,33,0,0,0,0,0,0,33
B Cells|Non-classical Monocytes|HLA-DQA1|CD4,aHD,5,5,0,0,0,0,0,0,5
B Cells|Non-classical Monocytes|HLA-DQA1|CD4,aSLE,7,7,0,0,0,0,0,0,7
B Cells|Non-classical Monocytes|HLA-DQA1|CD4,cHD,11,11,0,0,0,0,0,0,11
B Cells|Non-classical Monocytes|HLA-DQA1|CD4,cSLE,33,33,0,0,0,0,0,0,33
B Cells|Non-classical Monocytes|HLA-DQB1|CD4,aHD,5,5,0,0,0,0,0,0,5
B Cells|Non-classical Monocytes|HLA-DQB1|CD4,aSLE,7,7,0,0,0,0,0,0,7
B Cells|Non-classical Monocytes|HLA-DQB1|CD4,cHD,11,11,0,0,0,0,0,0,11
B Cells|Non-classical Monocytes|HLA-DQB1|CD4,cSLE,33,33,0,0,0,0,0,0,33
B Cells|Non-classical Monocytes|HLA-DRA|CD4,aHD,5,5,0,0,0,0,0,0,5
B Cells|Non-classical Monocytes|HLA-DRA|CD4,aSLE,7,7,0,0,0,0,0,0,7
B Cells|Non-classical Monocytes|HLA-DRA|CD4,cHD,11,11,0,0,0,0,0,0,11
B Cells|Non-classical Monocytes|HLA-DRA|CD4,cSLE,33,33,0,0,0,0,0,0,33
B Cells|Non-classical Monocytes|HLA-DRB1|CD4,aHD,5,5,0,0,0,0,0,0,5
B Cells|Non-classical Monocytes|HLA-DRB1|CD4,aSLE,7,7,0,0,0,0,0,0,7
B Cells|Non-classical Monocytes|HLA-DRB1|CD4,cHD,11,11,0,0,0,0,0,0,11
B Cells|Non-classical Monocytes|HLA-DRB1|CD4,cSLE,33,33,0,0,0,0,0,0,33
B Cells|Non-classical Monocytes|HLA-F|LILRB1,aHD,5,5,0,0,0,0,0,0,5
B Cells|Non-classical Monocytes|HLA-F|LILRB1,aSLE,7,7,0,0,0,0,0,0,7
B Cells|Non-classical Monocytes|HLA-F|LILRB1,cHD,11,11,0,0,0,0,0,0,11
B Cells|Non-classical Monocytes|HLA-F|LILRB1,cSLE,33,33,0,0,0,0,0,0,33
B Cells|Non-classical Monocytes|HLA-F|LILRB2,aHD,5,5,0,0,0,0,0,0,5
B Cells|Non-classical Monocytes|HLA-F|LILRB2,aSLE,7,7,0,0,0,0,0,0,7
B Cells|Non-classical Monocytes|HLA-F|LILRB2,cHD,11,11,0,0,0,0,0,0,11
B Cells|Non-classical Monocytes|HLA-F|LILRB2,cSLE,33,33,0,0,0,0,0,0,33
B Cells|Non-classical Monocytes|HMGB1|CXCR4,aHD,5,5,0,0,0,0,0,0,5
B Cells|Non-classical Monocytes|HMGB1|CXCR4,aSLE,7,7,0,0,0,0,0,0,7
B Cells|Non-classical Monocytes|HMGB1|CXCR4,cHD,11,11,0,0,0,0,0,0,11
B Cells|Non-classical Monocytes|HMGB1|CXCR4,cSLE,33,33,0,0,0,0,0,0,33
B Cells|Non-classical Monocytes|HMGB1|HAVCR2,aHD,5,5,0,0,0,0,0,0,5
B Cells|Non-classical Monocytes|HMGB1|HAVCR2,aSLE,7,7,0,0,0,0,0,0,7
B Cells|Non-classical Monocytes|HMGB1|HAVCR2,cHD,11,11,0,0,0,0,0,0,11
B Cells|Non-classical Monocytes|HMGB1|HAVCR2,cSLE,30,33,0,0,0,3,0,0,33
B Cells|Non-classical Monocytes|HMGB1|TLR2,aHD,5,5,0,0,0,0,0,0,5
B Cells|Non-classical Monocytes|HMGB1|TLR2,aSLE,7,7,0,0,0,0,0,0,7
B Cells|Non-classical Monocytes|HMGB1|TLR2,cHD,11,11,0,0,0,0,0,0,11
B Cells|Non-classical Monocytes|HMGB1|TLR2,cSLE,33,33,0,0,0,0,0,0,33
B Cells|Non-classical Monocytes|ICAM3|ITGAL,aHD,5,5,0,0,0,0,0,0,5
B Cells|Non-classical Monocytes|ICAM3|ITGAL,aSLE,7,7,0,0,0,0,0,0,7
B Cells|Non-classical Monocytes|ICAM3|ITGAL,cHD,11,11,0,0,0,0,0,0,11
B Cells|Non-classical Monocytes|ICAM3|ITGAL,cSLE,33,33,0,0,0,0,0,0,33
B Cells|Non-classical Monocytes|IL16|CD4,aHD,5,5,0,0,0,0,0,0,5
B Cells|Non-classical Monocytes|IL16|CD4,aSLE,7,7,0,0,0,0,0,0,7
B Cells|Non-classical Monocytes|IL16|CD4,cHD,11,11,0,0,0,0,0,0,11
B Cells|Non-classical Monocytes|IL16|CD4,cSLE,33,33,0,0,0,0,0,0,33
B Cells|Non-classical Monocytes|LGALS1|CD69,aHD,5,5,0,0,0,0,0,0,5
B Cells|Non-classical Monocytes|LGALS1|CD69,aSLE,6,7,0,0,1,0,0,0,7
B Cells|Non-classical Monocytes|LGALS1|CD69,cHD,9,11,0,0,2,0,0,0,11
B Cells|Non-classical Monocytes|LGALS1|CD69,cSLE,33,33,0,0,0,0,0,0,33
B Cells|Non-classical Monocytes|LGALS1|ITGB1,aHD,5,5,0,0,0,0,0,0,5
B Cells|Non-classical Monocytes|LGALS1|ITGB1,aSLE,6,7,0,0,1,0,0,0,7
B Cells|Non-classical Monocytes|LGALS1|ITGB1,cHD,9,11,0,0,2,0,0,0,11
B Cells|Non-classical Monocytes|LGALS1|ITGB1,cSLE,33,33,0,0,0,0,0,0,33
B Cells|Non-classical Monocytes|LGALS1|PTPRC,aHD,5,5,0,0,0,0,0,0,5
B Cells|Non-classical Monocytes|LGALS1|PTPRC,aSLE,6,7,0,0,1,0,0,0,7
B Cells|Non-classical Monocytes|LGALS1|PTPRC,cHD,9,11,0,0,2,0,0,0,11
B Cells|Non-classical Monocytes|LGALS1|PTPRC,cSLE,33,33,0,0,0,0,0,0,33
B Cells|Non-classical Monocytes|LRPAP1|LRP1,aHD,5,5,0,0,0,0,0,0,5
B Cells|Non-classical Monocytes|LRPAP1|LRP1,aSLE,7,7,0,0,0,0,0,0,7
B Cells|Non-classical Monocytes|LRPAP1|LRP1,cHD,11,11,0,0,0,0,0,0,11
B Cells|Non-classical Monocytes|LRPAP1|LRP1,cSLE,33,33,0,0,0,0,0,0,33
B Cells|Non-classical Monocytes|LRPAP1|SORL1,aHD,5,5,0,0,0,0,0,0,5
B Cells|Non-classical Monocytes|LRPAP1|SORL1,aSLE,6,7,0,0,0,1,0,0,7
B Cells|Non-classical Monocytes|LRPAP1|SORL1,cHD,11,11,0,0,0,0,0,0,11
B Cells|Non-classical Monocytes|LRPAP1|SORL1,cSLE,29,33,0,0,0,4,0,0,33
B Cells|Non-classical Monocytes|LTB|TNFRSF1A,aHD,5,5,0,0,0,0,0,0,5
B Cells|Non-classical Monocytes|LTB|TNFRSF1A,aSLE,7,7,0,0,0,0,0,0,7
B Cells|Non-classical Monocytes|LTB|TNFRSF1A,cHD,11,11,0,0,0,0,0,0,11
B Cells|Non-classical Monocytes|LTB|TNFRSF1A,cSLE,33,33,0,0,0,0,0,0,33
B Cells|Non-classical Monocytes|MFNG|NOTCH2,aHD,5,5,0,0,0,0,0,0,5
B Cells|Non-classical Monocytes|MFNG|NOTCH2,aSLE,7,7,0,0,0,0,0,0,7
B Cells|Non-classical Monocytes|MFNG|NOTCH2,cHD,11,11,0,0,0,0,0,0,11
B Cells|Non-classical Monocytes|MFNG|NOTCH2,cSLE,29,33,0,0,4,0,0,0,33
B Cells|Non-classical Monocytes|MIF|CD44_CD74,aHD,5,5,0,0,0,0,0,0,5
B Cells|Non-classical Monocytes|MIF|CD44_CD74,aSLE,7,7,0,0,0,0,0,0,7
B Cells|Non-classical Monocytes|MIF|CD44_CD74,cHD,11,11,0,0,0,0,0,0,11
B Cells|Non-classical Monocytes|MIF|CD44_CD74,cSLE,33,33,0,0,0,0,0,0,33
B Cells|Non-classical Monocytes|MIF|CD74_CXCR4,aHD,5,5,0,0,0,0,0,0,5
B Cells|Non-classical Monocytes|MIF|CD74_CXCR4,aSLE,7,7,0,0,0,0,0,0,7
B Cells|Non-classical Monocytes|MIF|CD74_CXCR4,cHD,11,11,0,0,0,0,0,0,11
B Cells|Non-classical Monocytes|MIF|CD74_CXCR4,cSLE,33,33,0,0,0,0,0,0,33
B Cells|Non-classical Monocytes|MIF|TNFRSF14,aHD,5,5,0,0,0,0,0,0,5
B Cells|Non-classical Monocytes|MIF|TNFRSF14,aSLE,7,7,0,0,0,0,0,0,7
B Cells|Non-classical Monocytes|MIF|TNFRSF14,cHD,11,11,0,0,0,0,0,0,11
B Cells|Non-classical Monocytes|MIF|TNFRSF14,cSLE,33,33,0,0,0,0,0,0,33
B Cells|Non-classical Monocytes|PKM|CD44,aHD,5,5,0,0,0,0,0,0,5
B Cells|Non-classical Monocytes|PKM|CD44,aSLE,7,7,0,0,0,0,0,0,7
B Cells|Non-classical Monocytes|PKM|CD44,cHD,11,11,0,0,0,0,0,0,11
B Cells|Non-classical Monocytes|PKM|CD44,cSLE,33,33,0,0,0,0,0,0,33
B Cells|Non-classical Monocytes|PSAP|LRP1,aHD,5,5,0,0,0,0,0,0,5
B Cells|Non-classical Monocytes|PSAP|LRP1,aSLE,7,7,0,0,0,0,0,0,7
B Cells|Non-classical Monocytes|PSAP|LRP1,cHD,11,11,0,0,0,0,0,0,11
B Cells|Non-classical Monocytes|PSAP|LRP1,cSLE,33,33,0,0,0,0,0,0,33
B Cells|Non-classical Monocytes|PTPN6|CD300LF,aHD,5,5,0,0,0,0,0,0,5
B Cells|Non-classical Monocytes|PTPN6|CD300LF,aSLE,7,7,0,0,0,0,0,0,7
B Cells|Non-classical Monocytes|PTPN6|CD300LF,cHD,11,11,0,0,0,0,0,0,11
B Cells|Non-classical Monocytes|PTPN6|CD300LF,cSLE,33,33,0,0,0,0,0,0,33
B Cells|Non-classical Monocytes|PTPN6|CLEC12A,aHD,5,5,0,0,0,0,0,0,5
B Cells|Non-classical Monocytes|PTPN6|CLEC12A,aSLE,7,7,0,0,0,0,0,0,7
B Cells|Non-classical Monocytes|PTPN6|CLEC12A,cHD,11,11,0,0,0,0,0,0,11
B Cells|Non-classical Monocytes|PTPN6|CLEC12A,cSLE,33,33,0,0,0,0,0,0,33
B Cells|Non-classical Monocytes|RPS19|C5AR1,aHD,5,5,0,0,0,0,0,0,5
B Cells|Non-classical Monocytes|RPS19|C5AR1,aSLE,7,7,0,0,0,0,0,0,7
B Cells|Non-classical Monocytes|RPS19|C5AR1,cHD,11,11,0,0,0,0,0,0,11
B Cells|Non-classical Monocytes|RPS19|C5AR1,cSLE,33,33,0,0,0,0,0,0,33
B Cells|Non-classical Monocytes|VIM|CD44,aHD,5,5,0,0,0,0,0,0,5
B Cells|Non-classical Monocytes|VIM|CD44,aSLE,7,7,0,0,0,0,0,0,7
B Cells|Non-classical Monocytes|VIM|CD44,cHD,11,11,0,0,0,0,0,0,11
B Cells|Non-classical Monocytes|VIM|CD44,cSLE,33,33,0,0,0,0,0,0,33
B Cells|pDCs|ADAM28|ITGA4,aHD,5,5,0,0,0,0,0,0,5
B Cells|pDCs|ADAM28|ITGA4,aSLE,7,7,0,0,0,0,0,0,7
B Cells|pDCs|ADAM28|ITGA4,cHD,7,10,0,1,0,3,0,0,11
B Cells|pDCs|ADAM28|ITGA4,cSLE,18,22,0,11,0,6,0,0,33
B Cells|pDCs|ARF6|SMAP1,aHD,5,5,0,0,0,0,0,0,5
B Cells|pDCs|ARF6|SMAP1,aSLE,6,7,0,0,0,1,0,0,7
B Cells|pDCs|ARF6|SMAP1,cHD,9,10,0,1,0,1,0,0,11
B Cells|pDCs|ARF6|SMAP1,cSLE,16,22,0,11,0,8,0,0,33
B Cells|pDCs|CALM1|PTPRA,aHD,5,5,0,0,0,0,0,0,5
B Cells|pDCs|CALM1|PTPRA,aSLE,7,7,0,0,0,0,0,0,7
B Cells|pDCs|CALM1|PTPRA,cHD,10,10,0,1,0,0,0,0,11
B Cells|pDCs|CALM1|PTPRA,cSLE,20,22,0,11,0,5,0,0,33
B Cells|pDCs|CD22|PTPRC,aHD,5,5,0,0,0,0,0,0,5
B Cells|pDCs|CD22|PTPRC,aSLE,7,7,0,0,0,0,0,0,7
B Cells|pDCs|CD22|PTPRC,cHD,10,10,0,1,0,0,0,0,11
B Cells|pDCs|CD22|PTPRC,cSLE,22,22,0,11,0,0,0,0,33
B Cells|pDCs|FAM3C|LAMP1,aHD,5,5,0,0,0,0,0,0,5
B Cells|pDCs|FAM3C|LAMP1,aSLE,7,7,0,0,0,0,0,0,7
B Cells|pDCs|FAM3C|LAMP1,cHD,10,10,0,1,0,0,0,0,11
B Cells|pDCs|FAM3C|LAMP1,cSLE,22,22,0,11,0,1,0,0,33
B Cells|pDCs|GNAI2|ADCY7,aHD,5,5,0,0,0,0,0,0,5
B Cells|pDCs|GNAI2|ADCY7,aSLE,6,7,0,0,0,1,0,0,7
B Cells|pDCs|GNAI2|ADCY7,cHD,6,10,0,1,0,4,0,0,11
B Cells|pDCs|GNAI2|ADCY7,cSLE,15,22,0,11,2,11,0,0,33
B Cells|pDCs|GNAI2|CXCR3,aHD,5,5,0,0,0,0,0,0,5
B Cells|pDCs|GNAI2|CXCR3,aSLE,7,7,0,0,0,0,0,0,7
B Cells|pDCs|GNAI2|CXCR3,cHD,10,10,0,1,0,0,0,0,11
B Cells|pDCs|GNAI2|CXCR3,cSLE,19,22,0,11,2,3,0,0,33
B Cells|pDCs|GNAS|ADCY7,aHD,5,5,0,0,0,0,0,0,5
B Cells|pDCs|GNAS|ADCY7,aSLE,6,7,0,0,0,1,0,0,7
B Cells|pDCs|GNAS|ADCY7,cHD,6,10,0,1,0,4,0,0,11
B Cells|pDCs|GNAS|ADCY7,cSLE,17,22,0,11,0,11,0,0,33
B Cells|pDCs|HLA-A|LILRB1,aHD,5,5,0,0,0,0,0,0,5
B Cells|pDCs|HLA-A|LILRB1,aSLE,7,7,0,0,0,0,0,0,7
B Cells|pDCs|HLA-A|LILRB1,cHD,10,10,0,1,0,0,0,0,11
B Cells|pDCs|HLA-A|LILRB1,cSLE,21,22,0,11,0,6,0,0,33
B Cells|pDCs|HLA-B|LILRB1,aHD,5,5,0,0,0,0,0,0,5
B Cells|pDCs|HLA-B|LILRB1,aSLE,7,7,0,0,0,0,0,0,7
B Cells|pDCs|HLA-B|LILRB1,cHD,10,10,0,1,0,0,0,0,11
B Cells|pDCs|HLA-B|LILRB1,cSLE,21,22,0,11,0,6,0,0,33
B Cells|pDCs|HLA-C|LILRB1,aHD,5,5,0,0,0,0,0,0,5
B Cells|pDCs|HLA-C|LILRB1,aSLE,7,7,0,0,0,0,0,0,7
B Cells|pDCs|HLA-C|LILRB1,cHD,10,10,0,1,0,0,0,0,11
B Cells|pDCs|HLA-C|LILRB1,cSLE,21,22,0,11,0,6,0,0,33
B Cells|pDCs|HLA-DMA|CD4,aHD,5,5,0,0,0,0,0,0,5
B Cells|pDCs|HLA-DMA|CD4,aSLE,7,7,0,0,0,0,0,0,7
B Cells|pDCs|HLA-DMA|CD4,cHD,10,10,0,1,0,0,0,0,11
B Cells|pDCs|HLA-DMA|CD4,cSLE,21,22,0,11,0,2,0,0,33
B Cells|pDCs|HLA-DMB|CD4,aHD,5,5,0,0,0,0,0,0,5
B Cells|pDCs|HLA-DMB|CD4,aSLE,7,7,0,0,0,0,0,0,7
B Cells|pDCs|HLA-DMB|CD4,cHD,10,10,0,1,0,0,0,0,11
B Cells|pDCs|HLA-DMB|CD4,cSLE,21,22,0,11,0,2,0,0,33
B Cells|pDCs|HLA-DOB|CD4,aHD,5,5,0,0,0,0,0,0,5
B Cells|pDCs|HLA-DOB|CD4,aSLE,7,7,0,0,0,0,0,0,7
B Cells|pDCs|HLA-DOB|CD4,cHD,10,10,0,1,0,0,0,0,11
B Cells|pDCs|HLA-DOB|CD4,cSLE,21,22,0,11,0,2,0,0,33
B Cells|pDCs|HLA-DPA1|CD4,aHD,5,5,0,0,0,0,0,0,5
B Cells|pDCs|HLA-DPA1|CD4,aSLE,7,7,0,0,0,0,0,0,7
B Cells|pDCs|HLA-DPA1|CD4,cHD,10,10,0,1,0,0,0,0,11
B Cells|pDCs|HLA-DPA1|CD4,cSLE,21,22,0,11,0,2,0,0,33
B Cells|pDCs|HLA-DPB1|CD4,aHD,5,5,0,0,0,0,0,0,5
B Cells|pDCs|HLA-DPB1|CD4,aSLE,7,7,0,0,0,0,0,0,7
B Cells|pDCs|HLA-DPB1|CD4,cHD,10,10,0,1,0,0,0,0,11
B Cells|pDCs|HLA-DPB1|CD4,cSLE,21,22,0,11,0,2,0,0,33
B Cells|pDCs|HLA-DQA1|CD4,aHD,5,5,0,0,0,0,0,0,5
B Cells|pDCs|HLA-DQA1|CD4,aSLE,7,7,0,0,0,0,0,0,7
B Cells|pDCs|HLA-DQA1|CD4,cHD,10,10,0,1,0,0,0,0,11
B Cells|pDCs|HLA-DQA1|CD4,cSLE,21,22,0,11,0,2,0,0,33
B Cells|pDCs|HLA-DQB1|CD4,aHD,5,5,0,0,0,0,0,0,5
B Cells|pDCs|HLA-DQB1|CD4,aSLE,7,7,0,0,0,0,0,0,7
B Cells|pDCs|HLA-DQB1|CD4,cHD,10,10,0,1,0,0,0,0,11
B Cells|pDCs|HLA-DQB1|CD4,cSLE,21,22,0,11,0,2,0,0,33
B Cells|pDCs|HLA-DRA|CD4,aHD,5,5,0,0,0,0,0,0,5
B Cells|pDCs|HLA-DRA|CD4,aSLE,7,7,0,0,0,0,0,0,7
B Cells|pDCs|HLA-DRA|CD4,cHD,10,10,0,1,0,0,0,0,11
B Cells|pDCs|HLA-DRA|CD4,cSLE,21,22,0,11,0,2,0,0,33
B Cells|pDCs|HLA-DRB1|CD4,aHD,5,5,0,0,0,0,0,0,5
B Cells|pDCs|HLA-DRB1|CD4,aSLE,7,7,0,0,0,0,0,0,7
B Cells|pDCs|HLA-DRB1|CD4,cHD,10,10,0,1,0,0,0,0,11
B Cells|pDCs|HLA-DRB1|CD4,cSLE,21,22,0,11,0,2,0,0,33
B Cells|pDCs|HLA-F|LILRB1,aHD,5,5,0,0,0,0,0,0,5
B Cells|pDCs|HLA-F|LILRB1,aSLE,7,7,0,0,0,0,0,0,7
B Cells|pDCs|HLA-F|LILRB1,cHD,10,10,0,1,0,0,0,0,11
B Cells|pDCs|HLA-F|LILRB1,cSLE,21,22,0,11,0,6,0,0,33
B Cells|pDCs|HMGB1|CXCR4,aHD,5,5,0,0,0,0,0,0,5
B Cells|pDCs|HMGB1|CXCR4,aSLE,7,7,0,0,0,0,0,0,7
B Cells|pDCs|HMGB1|CXCR4,cHD,10,10,0,1,0,0,0,0,11
B Cells|pDCs|HMGB1|CXCR4,cSLE,22,22,0,11,0,0,0,0,33
B Cells|pDCs|IL16|CD4,aHD,5,5,0,0,0,0,0,0,5
B Cells|pDCs|IL16|CD4,aSLE,7,7,0,0,0,0,0,0,7
B Cells|pDCs|IL16|CD4,cHD,10,10,0,1,0,0,0,0,11
B Cells|pDCs|IL16|CD4,cSLE,21,22,0,11,0,2,0,0,33
B Cells|pDCs|LGALS1|CD69,aHD,5,5,0,0,0,0,0,0,5
B Cells|pDCs|LGALS1|CD69,aSLE,6,7,0,0,1,0,0,0,7
B Cells|pDCs|LGALS1|CD69,cHD,9,10,0,1,2,0,0,0,11
B Cells|pDCs|LGALS1|CD69,cSLE,22,22,0,11,0,0,0,0,33
B Cells|pDCs|LGALS1|ITGB1,aHD,5,5,0,0,0,0,0,0,5
B Cells|pDCs|LGALS1|ITGB1,aSLE,6,7,0,0,1,0,0,0,7
B Cells|pDCs|LGALS1|ITGB1,cHD,9,10,0,1,2,0,0,0,11
B Cells|pDCs|LGALS1|ITGB1,cSLE,22,22,0,11,0,1,0,0,33
B Cells|pDCs|LGALS1|PTPRC,aHD,5,5,0,0,0,0,0,0,5
B Cells|pDCs|LGALS1|PTPRC,aSLE,6,7,0,0,1,0,0,0,7
B Cells|pDCs|LGALS1|PTPRC,cHD,9,10,0,1,2,0,0,0,11
B Cells|pDCs|LGALS1|PTPRC,cSLE,22,22,0,11,0,0,0,0,33
B Cells|pDCs|LRPAP1|SORL1,aHD,5,5,0,0,0,0,0,0,5
B Cells|pDCs|LRPAP1|SORL1,aSLE,6,7,0,0,0,1,0,0,7
B Cells|pDCs|LRPAP1|SORL1,cHD,9,10,0,1,0,1,0,0,11
B Cells|pDCs|LRPAP1|SORL1,cSLE,19,22,0,11,0,4,0,0,33
B Cells|pDCs|MIF|CD44_CD74,aHD,5,5,0,0,0,0,0,0,5
B Cells|pDCs|MIF|CD44_CD74,aSLE,7,7,0,0,0,0,0,0,7
B Cells|pDCs|MIF|CD44_CD74,cHD,10,10,0,1,0,0,0,0,11
B Cells|pDCs|MIF|CD44_CD74,cSLE,22,22,0,11,0,1,0,0,33
B Cells|pDCs|MIF|CD74_CXCR4,aHD,5,5,0,0,0,0,0,0,5
B Cells|pDCs|MIF|CD74_CXCR4,aSLE,7,7,0,0,0,0,0,0,7
B Cells|pDCs|MIF|CD74_CXCR4,cHD,10,10,0,1,0,0,0,0,11
B Cells|pDCs|MIF|CD74_CXCR4,cSLE,22,22,0,11,0,0,0,0,33
B Cells|pDCs|MIF|TNFRSF14,aHD,5,5,0,0,0,0,0,0,5
B Cells|pDCs|MIF|TNFRSF14,aSLE,7,7,0,0,0,0,0,0,7
B Cells|pDCs|MIF|TNFRSF14,cHD,10,10,0,1,0,0,0,0,11
B Cells|pDCs|MIF|TNFRSF14,cSLE,22,22,0,11,0,0,0,0,33
B Cells|pDCs|PKM|CD44,aHD,5,5,0,0,0,0,0,0,5
B Cells|pDCs|PKM|CD44,aSLE,7,7,0,0,0,0,0,0,7
B Cells|pDCs|PKM|CD44,cHD,10,10,0,1,0,0,0,0,11
B Cells|pDCs|PKM|CD44,cSLE,22,22,0,11,0,1,0,0,33
B Cells|pDCs|VIM|CD44,aHD,5,5,0,0,0,0,0,0,5
B Cells|pDCs|VIM|CD44,aSLE,7,7,0,0,0,0,0,0,7
B Cells|pDCs|VIM|CD44,cHD,10,10,0,1,0,0,0,0,11
B Cells|pDCs|VIM|CD44,cSLE,22,22,0,11,0,1,0,0,33
CD4 T Cells|B Cells|CD40LG|CD40,aHD,5,5,0,0,0,0,0,0,5
CD4 T Cells|B Cells|CD40LG|CD40,aSLE,7,7,0,0,0,0,0,0,7
CD4 T Cells|B Cells|CD40LG|CD40,cHD,11,11,0,0,0,0,0,0,11
CD4 T Cells|B Cells|CD40LG|CD40,cSLE,33,33,0,0,0,0,0,0,33
CD4 T Cells|B Cells|CD40LG|CD53,aHD,5,5,0,0,0,0,0,0,5
CD4 T Cells|B Cells|CD40LG|CD53,aSLE,7,7,0,0,0,0,0,0,7
CD4 T Cells|B Cells|CD40LG|CD53,cHD,11,11,0,0,0,0,0,0,11
CD4 T Cells|B Cells|CD40LG|CD53,cSLE,33,33,0,0,0,0,0,0,33
CD4 T Cells|B Cells|CD99|CD81,aHD,5,5,0,0,0,0,0,0,5
CD4 T Cells|B Cells|CD99|CD81,aSLE,6,7,0,0,0,1,0,0,7
CD4 T Cells|B Cells|CD99|CD81,cHD,11,11,0,0,0,0,0,0,11
CD4 T Cells|B Cells|CD99|CD81,cSLE,29,33,0,0,0,4,0,0,33
CD4 T Cells|B Cells|GNAI2|S1PR4,aHD,5,5,0,0,0,0,0,0,5
CD4 T Cells|B Cells|GNAI2|S1PR4,aSLE,7,7,0,0,0,0,0,0,7
CD4 T Cells|B Cells|GNAI2|S1PR4,cHD,11,11,0,0,0,0,0,0,11
CD4 T Cells|B Cells|GNAI2|S1PR4,cSLE,29,33,0,0,0,4,0,0,33
CD4 T Cells|B Cells|HLA-A|APLP2,aHD,5,5,0,0,0,0,0,0,5
CD4 T Cells|B Cells|HLA-A|APLP2,aSLE,5,7,0,0,0,2,0,0,7
CD4 T Cells|B Cells|HLA-A|APLP2,cHD,11,11,0,0,0,0,0,0,11
CD4 T Cells|B Cells|HLA-A|APLP2,cSLE,30,33,0,0,0,3,0,0,33
CD4 T Cells|B Cells|HMGB1|CXCR4,aHD,5,5,0,0,0,0,0,0,5
CD4 T Cells|B Cells|HMGB1|CXCR4,aSLE,7,7,0,0,0,0,0,0,7
CD4 T Cells|B Cells|HMGB1|CXCR4,cHD,11,11,0,0,0,0,0,0,11
CD4 T Cells|B Cells|HMGB1|CXCR4,cSLE,33,33,0,0,0,0,0,0,33
CD4 T Cells|B Cells|LGALS1|CD69,aHD,5,5,0,0,0,0,0,0,5
CD4 T Cells|B Cells|LGALS1|CD69,aSLE,7,7,0,0,0,0,0,0,7
CD4 T Cells|B Cells|LGALS1|CD69,cHD,11,11,0,0,0,0,0,0,11
CD4 T Cells|B Cells|LGALS1|CD69,cSLE,33,33,0,0,0,0,0,0,33
CD4 T Cells|B Cells|LGALS1|ITGB1,aHD,5,5,0,0,0,0,0,0,5
CD4 T Cells|B Cells|LGALS1|ITGB1,aSLE,7,7,0,0,0,0,0,0,7
CD4 T Cells|B Cells|LGALS1|ITGB1,cHD,8,11,0,0,0,3,0,0,11
CD4 T Cells|B Cells|LGALS1|ITGB1,cSLE,25,33,0,0,0,8,0,0,33
CD4 T Cells|B Cells|LGALS1|PTPRC,aHD,5,5,0,0,0,0,0,0,5
CD4 T Cells|B Cells|LGALS1|PTPRC,aSLE,7,7,0,0,0,0,0,0,7
CD4 T Cells|B Cells|LGALS1|PTPRC,cHD,11,11,0,0,0,0,0,0,11
CD4 T Cells|B Cells|LGALS1|PTPRC,cSLE,33,33,0,0,0,0,0,0,33
CD4 T Cells|B Cells|LTB|CD40,aHD,5,5,0,0,0,0,0,0,5
CD4 T Cells|B Cells|LTB|CD40,aSLE,7,7,0,0,0,0,0,0,7
CD4 T Cells|B Cells|LTB|CD40,cHD,11,11,0,0,0,0,0,0,11
CD4 T Cells|B Cells|LTB|CD40,cSLE,33,33,0,0,0,0,0,0,33
CD4 T Cells|B Cells|MIF|CD44_CD74,aHD,5,5,0,0,0,0,0,0,5
CD4 T Cells|B Cells|MIF|CD44_CD74,aSLE,7,7,0,0,0,0,0,0,7
CD4 T Cells|B Cells|MIF|CD44_CD74,cHD,11,11,0,0,0,0,0,0,11
CD4 T Cells|B Cells|MIF|CD44_CD74,cSLE,33,33,0,0,0,0,0,0,33
CD4 T Cells|B Cells|MIF|CD74_CXCR4,aHD,5,5,0,0,0,0,0,0,5
CD4 T Cells|B Cells|MIF|CD74_CXCR4,aSLE,7,7,0,0,0,0,0,0,7
CD4 T Cells|B Cells|MIF|CD74_CXCR4,cHD,11,11,0,0,0,0,0,0,11
CD4 T Cells|B Cells|MIF|CD74_CXCR4,cSLE,33,33,0,0,0,0,0,0,33
CD4 T Cells|B Cells|MIF|TNFRSF14,aHD,5,5,0,0,0,0,0,0,5
CD4 T Cells|B Cells|MIF|TNFRSF14,aSLE,7,7,0,0,0,0,0,0,7
CD4 T Cells|B Cells|MIF|TNFRSF14,cHD,11,11,0,0,0,0,0,0,11
CD4 T Cells|B Cells|MIF|TNFRSF14,cSLE,33,33,0,0,0,0,0,0,33
CD4 T Cells|B Cells|PKM|CD44,aHD,5,5,0,0,0,0,0,0,5
CD4 T Cells|B Cells|PKM|CD44,aSLE,7,7,0,0,0,0,0,0,7
CD4 T Cells|B Cells|PKM|CD44,cHD,11,11,0,0,0,0,0,0,11
CD4 T Cells|B Cells|PKM|CD44,cSLE,33,33,0,0,0,0,0,0,33
CD4 T Cells|B Cells|S100A9|ITGB2,aHD,5,5,0,0,0,0,0,0,5
CD4 T Cells|B Cells|S100A9|ITGB2,aSLE,6,7,0,0,1,0,0,0,7
CD4 T Cells|B Cells|S100A9|ITGB2,cHD,11,11,0,0,0,0,0,0,11
CD4 T Cells|B Cells|S100A9|ITGB2,cSLE,32,33,0,0,1,0,0,0,33
CD4 T Cells|B Cells|SELPLG|ITGB2,aHD,5,5,0,0,0,0,0,0,5
CD4 T Cells|B Cells|SELPLG|ITGB2,aSLE,7,7,0,0,0,0,0,0,7
CD4 T Cells|B Cells|SELPLG|ITGB2,cHD,11,11,0,0,0,0,0,0,11
CD4 T Cells|B Cells|SELPLG|ITGB2,cSLE,33,33,0,0,0,0,0,0,33
CD4 T Cells|B Cells|SELPLG|SELL,aHD,5,5,0,0,0,0,0,0,5
CD4 T Cells|B Cells|SELPLG|SELL,aSLE,7,7,0,0,0,0,0,0,7
CD4 T Cells|B Cells|SELPLG|SELL,cHD,11,11,0,0,0,0,0,0,11
CD4 T Cells|B Cells|SELPLG|SELL,cSLE,33,33,0,0,0,0,0,0,33
CD4 T Cells|B Cells|SEMA4D|CD72,aHD,5,5,0,0,0,0,0,0,5
CD4 T Cells|B Cells|SEMA4D|CD72,aSLE,6,7,0,0,0,1,0,0,7
CD4 T Cells|B Cells|SEMA4D|CD72,cHD,11,11,0,0,0,0,0,0,11
CD4 T Cells|B Cells|SEMA4D|CD72,cSLE,32,33,0,0,1,0,0,0,33
CD4 T Cells|B Cells|SIRPG|CD47,aHD,5,5,0,0,0,0,0,0,5
CD4 T Cells|B Cells|SIRPG|CD47,aSLE,7,7,0,0,0,0,0,0,7
CD4 T Cells|B Cells|SIRPG|CD47,cHD,11,11,0,0,0,0,0,0,11
CD4 T Cells|B Cells|SIRPG|CD47,cSLE,31,33,0,0,2,0,0,0,33
CD4 T Cells|B Cells|TIMP1|CD63,aHD,5,5,0,0,0,0,0,0,5
CD4 T Cells|B Cells|TIMP1|CD63,aSLE,6,7,0,0,0,1,0,0,7
CD4 T Cells|B Cells|TIMP1|CD63,cHD,11,11,0,0,0,0,0,0,11
CD4 T Cells|B Cells|TIMP1|CD63,cSLE,32,33,0,0,0,1,0,0,33
CD4 T Cells|B Cells|VIM|CD44,aHD,5,5,0,0,0,0,0,0,5
CD4 T Cells|B Cells|VIM|CD44,aSLE,7,7,0,0,0,0,0,0,7
CD4 T Cells|B Cells|VIM|CD44,cHD,11,11,0,0,0,0,0,0,11
CD4 T Cells|B Cells|VIM|CD44,cSLE,33,33,0,0,0,0,0,0,33
CD4 T Cells|CD4 T Cells|ARF6|SMAP1,aHD,5,5,0,0,0,0,0,0,5
CD4 T Cells|CD4 T Cells|ARF6|SMAP1,aSLE,7,7,0,0,0,0,0,0,7
CD4 T Cells|CD4 T Cells|ARF6|SMAP1,cHD,11,11,0,0,0,0,0,0,11
CD4 T Cells|CD4 T Cells|ARF6|SMAP1,cSLE,31,33,0,0,0,2,0,0,33
CD4 T Cells|CD4 T Cells|CALM1|PTPRA,aHD,5,5,0,0,0,0,0,0,5
CD4 T Cells|CD4 T Cells|CALM1|PTPRA,aSLE,7,7,0,0,0,0,0,0,7
CD4 T Cells|CD4 T Cells|CALM1|PTPRA,cHD,11,11,0,0,0,0,0,0,11
CD4 T Cells|CD4 T Cells|CALM1|PTPRA,cSLE,30,33,0,0,0,3,0,0,33
CD4 T Cells|CD4 T Cells|CD40LG|CD53,aHD,5,5,0,0,0,0,0,0,5
CD4 T Cells|CD4 T Cells|CD40LG|CD53,aSLE,7,7,0,0,0,0,0,0,7
CD4 T Cells|CD4 T Cells|CD40LG|CD53,cHD,11,11,0,0,0,0,0,0,11
CD4 T Cells|CD4 T Cells|CD40LG|CD53,cSLE,33,33,0,0,0,0,0,0,33
CD4 T Cells|CD4 T Cells|CD47|SIRPG,aHD,5,5,0,0,0,0,0,0,5
CD4 T Cells|CD4 T Cells|CD47|SIRPG,aSLE,7,7,0,0,0,0,0,0,7
CD4 T Cells|CD4 T Cells|CD47|SIRPG,cHD,11,11,0,0,0,0,0,0,11
CD4 T Cells|CD4 T Cells|CD47|SIRPG,cSLE,31,33,0,0,0,2,0,0,33
CD4 T Cells|CD4 T Cells|CD48|CD2,aHD,5,5,0,0,0,0,0,0,5
CD4 T Cells|CD4 T Cells|CD48|CD2,aSLE,7,7,0,0,0,0,0,0,7
CD4 T Cells|CD4 T Cells|CD48|CD2,cHD,11,11,0,0,0,0,0,0,11
CD4 T Cells|CD4 T Cells|CD48|CD2,cSLE,33,33,0,0,0,0,0,0,33
CD4 T Cells|CD4 T Cells|CLEC2D|KLRB1,aHD,5,5,0,0,0,0,0,0,5
CD4 T Cells|CD4 T Cells|CLEC2D|KLRB1,aSLE,7,7,0,0,0,0,0,0,7
CD4 T Cells|CD4 T Cells|CLEC2D|KLRB1,cHD,11,11,0,0,0,0,0,0,11
CD4 T Cells|CD4 T Cells|CLEC2D|KLRB1,cSLE,33,33,0,0,0,0,0,0,33
CD4 T Cells|CD4 T Cells|GNAI2|S1PR4,aHD,5,5,0,0,0,0,0,0,5
CD4 T Cells|CD4 T Cells|GNAI2|S1PR4,aSLE,7,7,0,0,0,0,0,0,7
CD4 T Cells|CD4 T Cells|GNAI2|S1PR4,cHD,11,11,0,0,0,0,0,0,11
CD4 T Cells|CD4 T Cells|GNAI2|S1PR4,cSLE,33,33,0,0,0,0,0,0,33
CD4 T Cells|CD4 T Cells|HLA-B|CD3D,aHD,5,5,0,0,0,0,0,0,5
CD4 T Cells|CD4 T Cells|HLA-B|CD3D,aSLE,7,7,0,0,0,0,0,0,7
CD4 T Cells|CD4 T Cells|HLA-B|CD3D,cHD,11,11,0,0,0,0,0,0,11
CD4 T Cells|CD4 T Cells|HLA-B|CD3D,cSLE,33,33,0,0,0,0,0,0,33
CD4 T Cells|CD4 T Cells|HLA-DPA1|CD4,aHD,5,5,0,0,0,0,0,0,5
CD4 T Cells|CD4 T Cells|HLA-DPA1|CD4,aSLE,7,7,0,0,0,0,0,0,7
CD4 T Cells|CD4 T Cells|HLA-DPA1|CD4,cHD,8,11,0,0,3,0,0,0,11
CD4 T Cells|CD4 T Cells|HLA-DPA1|CD4,cSLE,31,33,0,0,1,1,0,0,33
CD4 T Cells|CD4 T Cells|HLA-DPB1|CD4,aHD,5,5,0,0,0,0,0,0,5
CD4 T Cells|CD4 T Cells|HLA-DPB1|CD4,aSLE,7,7,0,0,0,0,0,0,7
CD4 T Cells|CD4 T Cells|HLA-DPB1|CD4,cHD,11,11,0,0,0,0,0,0,11
CD4 T Cells|CD4 T Cells|HLA-DPB1|CD4,cSLE,32,33,0,0,0,1,0,0,33
CD4 T Cells|CD4 T Cells|HMGB1|CXCR4,aHD,5,5,0,0,0,0,0,0,5
CD4 T Cells|CD4 T Cells|HMGB1|CXCR4,aSLE,7,7,0,0,0,0,0,0,7
CD4 T Cells|CD4 T Cells|HMGB1|CXCR4,cHD,11,11,0,0,0,0,0,0,11
CD4 T Cells|CD4 T Cells|HMGB1|CXCR4,cSLE,33,33,0,0,0,0,0,0,33
CD4 T Cells|CD4 T Cells|IL16|CD4,aHD,5,5,0,0,0,0,0,0,5
CD4 T Cells|CD4 T Cells|IL16|CD4,aSLE,7,7,0,0,0,0,0,0,7
CD4 T Cells|CD4 T Cells|IL16|CD4,cHD,11,11,0,0,0,0,0,0,11
CD4 T Cells|CD4 T Cells|IL16|CD4,cSLE,32,33,0,0,0,1,0,0,33
CD4 T Cells|CD4 T Cells|LGALS1|CD69,aHD,5,5,0,0,0,0,0,0,5
CD4 T Cells|CD4 T Cells|LGALS1|CD69,aSLE,7,7,0,0,0,0,0,0,7
CD4 T Cells|CD4 T Cells|LGALS1|CD69,cHD,11,11,0,0,0,0,0,0,11
CD4 T Cells|CD4 T Cells|LGALS1|CD69,cSLE,33,33,0,0,0,0,0,0,33
CD4 T Cells|CD4 T Cells|LGALS1|ITGB1,aHD,5,5,0,0,0,0,0,0,5
CD4 T Cells|CD4 T Cells|LGALS1|ITGB1,aSLE,7,7,0,0,0,0,0,0,7
CD4 T Cells|CD4 T Cells|LGALS1|ITGB1,cHD,11,11,0,0,0,0,0,0,11
CD4 T Cells|CD4 T Cells|LGALS1|ITGB1,cSLE,33,33,0,0,0,0,0,0,33
CD4 T Cells|CD4 T Cells|LGALS1|PTPRC,aHD,5,5,0,0,0,0,0,0,5
CD4 T Cells|CD4 T Cells|LGALS1|PTPRC,aSLE,7,7,0,0,0,0,0,0,7
CD4 T Cells|CD4 T Cells|LGALS1|PTPRC,cHD,11,11,0,0,0,0,0,0,11
CD4 T Cells|CD4 T Cells|LGALS1|PTPRC,cSLE,33,33,0,0,0,0,0,0,33
CD4 T Cells|CD4 T Cells|LRPAP1|SORL1,aHD,5,5,0,0,0,0,0,0,5
CD4 T Cells|CD4 T Cells|LRPAP1|SORL1,aSLE,7,7,0,0,0,0,0,0,7
CD4 T Cells|CD4 T Cells|LRPAP1|SORL1,cHD,11,11,0,0,0,0,0,0,11
CD4 T Cells|CD4 T Cells|LRPAP1|SORL1,cSLE,33,33,0,0,0,0,0,0,33
CD4 T Cells|CD4 T Cells|MIF|CD44_CD74,aHD,5,5,0,0,0,0,0,0,5
CD4 T Cells|CD4 T Cells|MIF|CD44_CD74,aSLE,7,7,0,0,0,0,0,0,7
CD4 T Cells|CD4 T Cells|MIF|CD44_CD74,cHD,11,11,0,0,0,0,0,0,11
CD4 T Cells|CD4 T Cells|MIF|CD44_CD74,cSLE,33,33,0,0,0,0,0,0,33
CD4 T Cells|CD4 T Cells|MIF|CD74_CXCR4,aHD,5,5,0,0,0,0,0,0,5
CD4 T Cells|CD4 T Cells|MIF|CD74_CXCR4,aSLE,7,7,0,0,0,0,0,0,7
CD4 T Cells|CD4 T Cells|MIF|CD74_CXCR4,cHD,11,11,0,0,0,0,0,0,11
CD4 T Cells|CD4 T Cells|MIF|CD74_CXCR4,cSLE,33,33,0,0,0,0,0,0,33
CD4 T Cells|CD4 T Cells|MIF|TNFRSF14,aHD,5,5,0,0,0,0,0,0,5
CD4 T Cells|CD4 T Cells|MIF|TNFRSF14,aSLE,7,7,0,0,0,0,0,0,7
CD4 T Cells|CD4 T Cells|MIF|TNFRSF14,cHD,11,11,0,0,0,0,0,0,11
CD4 T Cells|CD4 T Cells|MIF|TNFRSF14,cSLE,33,33,0,0,0,0,0,0,33
CD4 T Cells|CD4 T Cells|PKM|CD44,aHD,5,5,0,0,0,0,0,0,5
CD4 T Cells|CD4 T Cells|PKM|CD44,aSLE,7,7,0,0,0,0,0,0,7
CD4 T Cells|CD4 T Cells|PKM|CD44,cHD,11,11,0,0,0,0,0,0,11
CD4 T Cells|CD4 T Cells|PKM|CD44,cSLE,33,33,0,0,0,0,0,0,33
CD4 T Cells|CD4 T Cells|S100A9|ITGB2,aHD,5,5,0,0,0,0,0,0,5
CD4 T Cells|CD4 T Cells|S100A9|ITGB2,aSLE,6,7,0,0,1,0,0,0,7
CD4 T Cells|CD4 T Cells|S100A9|ITGB2,cHD,11,11,0,0,0,0,0,0,11
CD4 T Cells|CD4 T Cells|S100A9|ITGB2,cSLE,32,33,0,0,1,0,0,0,33
CD4 T Cells|CD4 T Cells|SELPLG|ITGB2,aHD,5,5,0,0,0,0,0,0,5
CD4 T Cells|CD4 T Cells|SELPLG|ITGB2,aSLE,7,7,0,0,0,0,0,0,7
CD4 T Cells|CD4 T Cells|SELPLG|ITGB2,cHD,11,11,0,0,0,0,0,0,11
CD4 T Cells|CD4 T Cells|SELPLG|ITGB2,cSLE,33,33,0,0,0,0,0,0,33
CD4 T Cells|CD4 T Cells|SELPLG|SELL,aHD,5,5,0,0,0,0,0,0,5
CD4 T Cells|CD4 T Cells|SELPLG|SELL,aSLE,7,7,0,0,0,0,0,0,7
CD4 T Cells|CD4 T Cells|SELPLG|SELL,cHD,11,11,0,0,0,0,0,0,11
CD4 T Cells|CD4 T Cells|SELPLG|SELL,cSLE,33,33,0,0,0,0,0,0,33
CD4 T Cells|CD4 T Cells|SIRPG|CD47,aHD,5,5,0,0,0,0,0,0,5
CD4 T Cells|CD4 T Cells|SIRPG|CD47,aSLE,7,7,0,0,0,0,0,0,7
CD4 T Cells|CD4 T Cells|SIRPG|CD47,cHD,11,11,0,0,0,0,0,0,11
CD4 T Cells|CD4 T Cells|SIRPG|CD47,cSLE,31,33,0,0,2,0,0,0,33
CD4 T Cells|CD4 T Cells|TIMP1|CD63,aHD,5,5,0,0,0,0,0,0,5
CD4 T Cells|CD4 T Cells|TIMP1|CD63,aSLE,7,7,0,0,0,0,0,0,7
CD4 T Cells|CD4 T Cells|TIMP1|CD63,cHD,11,11,0,0,0,0,0,0,11
CD4 T Cells|CD4 T Cells|TIMP1|CD63,cSLE,32,33,0,0,0,1,0,0,33
CD4 T Cells|CD4 T Cells|VIM|CD44,aHD,5,5,0,0,0,0,0,0,5
CD4 T Cells|CD4 T Cells|VIM|CD44,aSLE,7,7,0,0,0,0,0,0,7
CD4 T Cells|CD4 T Cells|VIM|CD44,cHD,11,11,0,0,0,0,0,0,11
CD4 T Cells|CD4 T Cells|VIM|CD44,cSLE,33,33,0,0,0,0,0,0,33
CD4 T Cells|CD8 T Cells|CALM1|PTPRA,aHD,5,5,0,0,0,0,0,0,5
CD4 T Cells|CD8 T Cells|CALM1|PTPRA,aSLE,7,7,0,0,0,0,0,0,7
CD4 T Cells|CD8 T Cells|CALM1|PTPRA,cHD,11,11,0,0,0,0,0,0,11
CD4 T Cells|CD8 T Cells|CALM1|PTPRA,cSLE,33,33,0,0,0,0,0,0,33
CD4 T Cells|CD8 T Cells|CD40LG|CD53,aHD,5,5,0,0,0,0,0,0,5
CD4 T Cells|CD8 T Cells|CD40LG|CD53,aSLE,7,7,0,0,0,0,0,0,7
CD4 T Cells|CD8 T Cells|CD40LG|CD53,cHD,11,11,0,0,0,0,0,0,11
CD4 T Cells|CD8 T Cells|CD40LG|CD53,cSLE,33,33,0,0,0,0,0,0,33
CD4 T Cells|CD8 T Cells|CD48|CD2,aHD,5,5,0,0,0,0,0,0,5
CD4 T Cells|CD8 T Cells|CD48|CD2,aSLE,7,7,0,0,0,0,0,0,7
CD4 T Cells|CD8 T Cells|CD48|CD2,cHD,11,11,0,0,0,0,0,0,11
CD4 T Cells|CD8 T Cells|CD48|CD2,cSLE,33,33,0,0,0,0,0,0,33
CD4 T Cells|CD8 T Cells|CLEC2D|KLRB1,aHD,5,5,0,0,0,0,0,0,5
CD4 T Cells|CD8 T Cells|CLEC2D|KLRB1,aSLE,7,7,0,0,0,0,0,0,7
CD4 T Cells|CD8 T Cells|CLEC2D|KLRB1,cHD,11,11,0,0,0,0,0,0,11
CD4 T Cells|CD8 T Cells|CLEC2D|KLRB1,cSLE,30,33,0,0,0,3,0,0,33
CD4 T Cells|CD8 T Cells|GNAI2|S1PR4,aHD,5,5,0,0,0,0,0,0,5
CD4 T Cells|CD8 T Cells|GNAI2|S1PR4,aSLE,7,7,0,0,0,0,0,0,7
CD4 T Cells|CD8 T Cells|GNAI2|S1PR4,cHD,11,11,0,0,0,0,0,0,11
CD4 T Cells|CD8 T Cells|GNAI2|S1PR4,cSLE,32,33,0,0,0,1,0,0,33
CD4 T Cells|CD8 T Cells|HLA-A|CD8A,aHD,5,5,0,0,0,0,0,0,5
CD4 T Cells|CD8 T Cells|HLA-A|CD8A,aSLE,7,7,0,0,0,0,0,0,7
CD4 T Cells|CD8 T Cells|HLA-A|CD8A,cHD,11,11,0,0,0,0,0,0,11
CD4 T Cells|CD8 T Cells|HLA-A|CD8A,cSLE,33,33,0,0,0,0,0,0,33
CD4 T Cells|CD8 T Cells|HLA-A|CD8B,aHD,5,5,0,0,0,0,0,0,5
CD4 T Cells|CD8 T Cells|HLA-A|CD8B,aSLE,7,7,0,0,0,0,0,0,7
CD4 T Cells|CD8 T Cells|HLA-A|CD8B,cHD,11,11,0,0,0,0,0,0,11
CD4 T Cells|CD8 T Cells|HLA-A|CD8B,cSLE,33,33,0,0,0,0,0,0,33
CD4 T Cells|CD8 T Cells|HLA-B|CD3D,aHD,5,5,0,0,0,0,0,0,5
CD4 T Cells|CD8 T Cells|HLA-B|CD3D,aSLE,7,7,0,0,0,0,0,0,7
CD4 T Cells|CD8 T Cells|HLA-B|CD3D,cHD,11,11,0,0,0,0,0,0,11
CD4 T Cells|CD8 T Cells|HLA-B|CD3D,cSLE,33,33,0,0,0,0,0,0,33
CD4 T Cells|CD8 T Cells|HLA-B|CD8A,aHD,5,5,0,0,0,0,0,0,5
CD4 T Cells|CD8 T Cells|HLA-B|CD8A,aSLE,7,7,0,0,0,0,0,0,7
CD4 T Cells|CD8 T Cells|HLA-B|CD8A,cHD,11,11,0,0,0,0,0,0,11
CD4 T Cells|CD8 T Cells|HLA-B|CD8A,cSLE,33,33,0,0,0,0,0,0,33
CD4 T Cells|CD8 T Cells|HLA-B|CD8B,aHD,5,5,0,0,0,0,0,0,5
CD4 T Cells|CD8 T Cells|HLA-B|CD8B,aSLE,7,7,0,0,0,0,0,0,7
CD4 T Cells|CD8 T Cells|HLA-B|CD8B,cHD,11,11,0,0,0,0,0,0,11
CD4 T Cells|CD8 T Cells|HLA-B|CD8B,cSLE,33,33,0,0,0,0,0,0,33
CD4 T Cells|CD8 T Cells|HLA-C|CD8A,aHD,5,5,0,0,0,0,0,0,5
CD4 T Cells|CD8 T Cells|HLA-C|CD8A,aSLE,7,7,0,0,0,0,0,0,7
CD4 T Cells|CD8 T Cells|HLA-C|CD8A,cHD,11,11,0,0,0,0,0,0,11
CD4 T Cells|CD8 T Cells|HLA-C|CD8A,cSLE,33,33,0,0,0,0,0,0,33
CD4 T Cells|CD8 T Cells|HLA-C|CD8B,aHD,5,5,0,0,0,0,0,0,5
CD4 T Cells|CD8 T Cells|HLA-C|CD8B,aSLE,7,7,0,0,0,0,0,0,7
CD4 T Cells|CD8 T Cells|HLA-C|CD8B,cHD,11,11,0,0,0,0,0,0,11
CD4 T Cells|CD8 T Cells|HLA-C|CD8B,cSLE,33,33,0,0,0,0,0,0,33
CD4 T Cells|CD8 T Cells|HLA-E|CD8A,aHD,5,5,0,0,0,0,0,0,5
CD4 T Cells|CD8 T Cells|HLA-E|CD8A,aSLE,7,7,0,0,0,0,0,0,7
CD4 T Cells|CD8 T Cells|HLA-E|CD8A,cHD,11,11,0,0,0,0,0,0,11
CD4 T Cells|CD8 T Cells|HLA-E|CD8A,cSLE,33,33,0,0,0,0,0,0,33
CD4 T Cells|CD8 T Cells|HLA-E|CD8B,aHD,5,5,0,0,0,0,0,0,5
CD4 T Cells|CD8 T Cells|HLA-E|CD8B,aSLE,7,7,0,0,0,0,0,0,7
CD4 T Cells|CD8 T Cells|HLA-E|CD8B,cHD,11,11,0,0,0,0,0,0,11
CD4 T Cells|CD8 T Cells|HLA-E|CD8B,cSLE,33,33,0,0,0,0,0,0,33
CD4 T Cells|CD8 T Cells|HLA-F|CD8A,aHD,5,5,0,0,0,0,0,0,5
CD4 T Cells|CD8 T Cells|HLA-F|CD8A,aSLE,7,7,0,0,0,0,0,0,7
CD4 T Cells|CD8 T Cells|HLA-F|CD8A,cHD,11,11,0,0,0,0,0,0,11
CD4 T Cells|CD8 T Cells|HLA-F|CD8A,cSLE,33,33,0,0,0,0,0,0,33
CD4 T Cells|CD8 T Cells|HLA-F|CD8B,aHD,5,5,0,0,0,0,0,0,5
CD4 T Cells|CD8 T Cells|HLA-F|CD8B,aSLE,7,7,0,0,0,0,0,0,7
CD4 T Cells|CD8 T Cells|HLA-F|CD8B,cHD,11,11,0,0,0,0,0,0,11
CD4 T Cells|CD8 T Cells|HLA-F|CD8B,cSLE,33,33,0,0,0,0,0,0,33
CD4 T Cells|CD8 T Cells|HMGB1|CXCR4,aHD,5,5,0,0,0,0,0,0,5
CD4 T Cells|CD8 T Cells|HMGB1|CXCR4,aSLE,7,7,0,0,0,0,0,0,7
CD4 T Cells|CD8 T Cells|HMGB1|CXCR4,cHD,11,11,0,0,0,0,0,0,11
CD4 T Cells|CD8 T Cells|HMGB1|CXCR4,cSLE,33,33,0,0,0,0,0,0,33
CD4 T Cells|CD8 T Cells|LCK|CD8A_CD8B,aHD,5,5,0,0,0,0,0,0,5
CD4 T Cells|CD8 T Cells|LCK|CD8A_CD8B,aSLE,7,7,0,0,0,0,0,0,7
CD4 T Cells|CD8 T Cells|LCK|CD8A_CD8B,cHD,11,11,0,0,0,0,0,0,11
CD4 T Cells|CD8 T Cells|LCK|CD8A_CD8B,cSLE,33,33,0,0,0,0,0,0,33
CD4 T Cells|CD8 T Cells|LGALS1|CD69,aHD,5,5,0,0,0,0,0,0,5
CD4 T Cells|CD8 T Cells|LGALS1|CD69,aSLE,7,7,0,0,0,0,0,0,7
CD4 T Cells|CD8 T Cells|LGALS1|CD69,cHD,11,11,0,0,0,0,0,0,11
CD4 T Cells|CD8 T Cells|LGALS1|CD69,cSLE,33,33,0,0,0,0,0,0,33
CD4 T Cells|CD8 T Cells|LGALS1|ITGB1,aHD,5,5,0,0,0,0,0,0,5
CD4 T Cells|CD8 T Cells|LGALS1|ITGB1,aSLE,7,7,0,0,0,0,0,0,7
CD4 T Cells|CD8 T Cells|LGALS1|ITGB1,cHD,9,11,0,0,0,2,0,0,11
CD4 T Cells|CD8 T Cells|LGALS1|ITGB1,cSLE,32,33,0,0,0,1,0,0,33
CD4 T Cells|CD8 T Cells|LGALS1|PTPRC,aHD,5,5,0,0,0,0,0,0,5
CD4 T Cells|CD8 T Cells|LGALS1|PTPRC,aSLE,7,7,0,0,0,0,0,0,7
CD4 T Cells|CD8 T Cells|LGALS1|PTPRC,cHD,11,11,0,0,0,0,0,0,11
CD4 T Cells|CD8 T Cells|LGALS1|PTPRC,cSLE,33,33,0,0,0,0,0,0,33
CD4 T Cells|CD8 T Cells|LRPAP1|SORL1,aHD,5,5,0,0,0,0,0,0,5
CD4 T Cells|CD8 T Cells|LRPAP1|SORL1,aSLE,7,7,0,0,0,0,0,0,7
CD4 T Cells|CD8 T Cells|LRPAP1|SORL1,cHD,11,11,0,0,0,0,0,0,11
CD4 T Cells|CD8 T Cells|LRPAP1|SORL1,cSLE,32,33,0,0,0,1,0,0,33
CD4 T Cells|CD8 T Cells|MIF|CD44_CD74,aHD,5,5,0,0,0,0,0,0,5
CD4 T Cells|CD8 T Cells|MIF|CD44_CD74,aSLE,7,7,0,0,0,0,0,0,7
CD4 T Cells|CD8 T Cells|MIF|CD44_CD74,cHD,11,11,0,0,0,0,0,0,11
CD4 T Cells|CD8 T Cells|MIF|CD44_CD74,cSLE,33,33,0,0,0,0,0,0,33
CD4 T Cells|CD8 T Cells|MIF|CD74_CXCR4,aHD,5,5,0,0,0,0,0,0,5
CD4 T Cells|CD8 T Cells|MIF|CD74_CXCR4,aSLE,7,7,0,0,0,0,0,0,7
CD4 T Cells|CD8 T Cells|MIF|CD74_CXCR4,cHD,11,11,0,0,0,0,0,0,11
CD4 T Cells|CD8 T Cells|MIF|CD74_CXCR4,cSLE,33,33,0,0,0,0,0,0,33
CD4 T Cells|CD8 T Cells|MIF|TNFRSF14,aHD,5,5,0,0,0,0,0,0,5
CD4 T Cells|CD8 T Cells|MIF|TNFRSF14,aSLE,7,7,0,0,0,0,0,0,7
CD4 T Cells|CD8 T Cells|MIF|TNFRSF14,cHD,11,11,0,0,0,0,0,0,11
CD4 T Cells|CD8 T Cells|MIF|TNFRSF14,cSLE,33,33,0,0,0,0,0,0,33
CD4 T Cells|CD8 T Cells|PKM|CD44,aHD,5,5,0,0,0,0,0,0,5
CD4 T Cells|CD8 T Cells|PKM|CD44,aSLE,7,7,0,0,0,0,0,0,7
CD4 T Cells|CD8 T Cells|PKM|CD44,cHD,11,11,0,0,0,0,0,0,11
CD4 T Cells|CD8 T Cells|PKM|CD44,cSLE,33,33,0,0,0,0,0,0,33
CD4 T Cells|CD8 T Cells|S100A9|ITGB2,aHD,5,5,0,0,0,0,0,0,5
CD4 T Cells|CD8 T Cells|S100A9|ITGB2,aSLE,6,7,0,0,1,0,0,0,7
CD4 T Cells|CD8 T Cells|S100A9|ITGB2,cHD,11,11,0,0,0,0,0,0,11
CD4 T Cells|CD8 T Cells|S100A9|ITGB2,cSLE,32,33,0,0,1,0,0,0,33
CD4 T Cells|CD8 T Cells|SELPLG|ITGB2,aHD,5,5,0,0,0,0,0,0,5
CD4 T Cells|CD8 T Cells|SELPLG|ITGB2,aSLE,7,7,0,0,0,0,0,0,7
CD4 T Cells|CD8 T Cells|SELPLG|ITGB2,cHD,11,11,0,0,0,0,0,0,11
CD4 T Cells|CD8 T Cells|SELPLG|ITGB2,cSLE,33,33,0,0,0,0,0,0,33
CD4 T Cells|CD8 T Cells|SELPLG|SELL,aHD,5,5,0,0,0,0,0,0,5
CD4 T Cells|CD8 T Cells|SELPLG|SELL,aSLE,7,7,0,0,0,0,0,0,7
CD4 T Cells|CD8 T Cells|SELPLG|SELL,cHD,11,11,0,0,0,0,0,0,11
CD4 T Cells|CD8 T Cells|SELPLG|SELL,cSLE,33,33,0,0,0,0,0,0,33
CD4 T Cells|CD8 T Cells|SIRPG|CD47,aHD,5,5,0,0,0,0,0,0,5
CD4 T Cells|CD8 T Cells|SIRPG|CD47,aSLE,7,7,0,0,0,0,0,0,7
CD4 T Cells|CD8 T Cells|SIRPG|CD47,cHD,11,11,0,0,0,0,0,0,11
CD4 T Cells|CD8 T Cells|SIRPG|CD47,cSLE,31,33,0,0,2,0,0,0,33
CD4 T Cells|CD8 T Cells|TIMP1|CD63,aHD,5,5,0,0,0,0,0,0,5
CD4 T Cells|CD8 T Cells|TIMP1|CD63,aSLE,7,7,0,0,0,0,0,0,7
CD4 T Cells|CD8 T Cells|TIMP1|CD63,cHD,11,11,0,0,0,0,0,0,11
CD4 T Cells|CD8 T Cells|TIMP1|CD63,cSLE,33,33,0,0,0,0,0,0,33
CD4 T Cells|CD8 T Cells|VIM|CD44,aHD,5,5,0,0,0,0,0,0,5
CD4 T Cells|CD8 T Cells|VIM|CD44,aSLE,7,7,0,0,0,0,0,0,7
CD4 T Cells|CD8 T Cells|VIM|CD44,cHD,11,11,0,0,0,0,0,0,11
CD4 T Cells|CD8 T Cells|VIM|CD44,cSLE,33,33,0,0,0,0,0,0,33
CD4 T Cells|Classical Monocytes|ANXA1|FPR1,aHD,5,5,0,0,0,0,0,0,5
CD4 T Cells|Classical Monocytes|ANXA1|FPR1,aSLE,7,7,0,0,0,0,0,0,7
CD4 T Cells|Classical Monocytes|ANXA1|FPR1,cHD,11,11,0,0,0,0,0,0,11
CD4 T Cells|Classical Monocytes|ANXA1|FPR1,cSLE,33,33,0,0,0,0,0,0,33
CD4 T Cells|Classical Monocytes|ANXA2|TLR2,aHD,5,5,0,0,0,0,0,0,5
CD4 T Cells|Classical Monocytes|ANXA2|TLR2,aSLE,7,7,0,0,0,0,0,0,7
CD4 T Cells|Classical Monocytes|ANXA2|TLR2,cHD,10,11,0,0,1,0,0,0,11
CD4 T Cells|Classical Monocytes|ANXA2|TLR2,cSLE,32,33,0,0,1,0,0,0,33
CD4 T Cells|Classical Monocytes|CALR|LRP1,aHD,5,5,0,0,0,0,0,0,5
CD4 T Cells|Classical Monocytes|CALR|LRP1,aSLE,7,7,0,0,0,0,0,0,7
CD4 T Cells|Classical Monocytes|CALR|LRP1,cHD,11,11,0,0,0,0,0,0,11
CD4 T Cells|Classical Monocytes|CALR|LRP1,cSLE,33,33,0,0,0,0,0,0,33
CD4 T Cells|Classical Monocytes|CD28|CD86,aHD,5,5,0,0,0,0,0,0,5
CD4 T Cells|Classical Monocytes|CD28|CD86,aSLE,7,7,0,0,0,0,0,0,7
CD4 T Cells|Classical Monocytes|CD28|CD86,cHD,11,11,0,0,0,0,0,0,11
CD4 T Cells|Classical Monocytes|CD28|CD86,cSLE,30,33,0,0,3,0,0,0,33
CD4 T Cells|Classical Monocytes|CD40LG|CD53,aHD,5,5,0,0,0,0,0,0,5
CD4 T Cells|Classical Monocytes|CD40LG|CD53,aSLE,7,7,0,0,0,0,0,0,7
CD4 T Cells|Classical Monocytes|CD40LG|CD53,cHD,11,11,0,0,0,0,0,0,11
CD4 T Cells|Classical Monocytes|CD40LG|CD53,cSLE,33,33,0,0,0,0,0,0,33
CD4 T Cells|Classical Monocytes|CD40LG|ITGAM_ITGB2,aHD,5,5,0,0,0,0,0,0,5
CD4 T Cells|Classical Monocytes|CD40LG|ITGAM_ITGB2,aSLE,7,7,0,0,0,0,0,0,7
CD4 T Cells|Classical Monocytes|CD40LG|ITGAM_ITGB2,cHD,11,11,0,0,0,0,0,0,11
CD4 T Cells|Classical Monocytes|CD40LG|ITGAM_ITGB2,cSLE,33,33,0,0,0,0,0,0,33
CD4 T Cells|Classical Monocytes|CD47|SIRPA,aHD,5,5,0,0,0,0,0,0,5
CD4 T Cells|Classical Monocytes|CD47|SIRPA,aSLE,7,7,0,0,0,0,0,0,7
CD4 T Cells|Classical Monocytes|CD47|SIRPA,cHD,10,11,0,0,0,1,0,0,11
CD4 T Cells|Classical Monocytes|CD47|SIRPA,cSLE,33,33,0,0,0,0,0,0,33
CD4 T Cells|Classical Monocytes|CD99|PILRA,aHD,5,5,0,0,0,0,0,0,5
CD4 T Cells|Classical Monocytes|CD99|PILRA,aSLE,7,7,0,0,0,0,0,0,7
CD4 T Cells|Classical Monocytes|CD99|PILRA,cHD,11,11,0,0,0,0,0,0,11
CD4 T Cells|Classical Monocytes|CD99|PILRA,cSLE,33,33,0,0,0,0,0,0,33
CD4 T Cells|Classical Monocytes|CIRBP|TREM1,aHD,5,5,0,0,0,0,0,0,5
CD4 T Cells|Classical Monocytes|CIRBP|TREM1,aSLE,7,7,0,0,0,0,0,0,7
CD4 T Cells|Classical Monocytes|CIRBP|TREM1,cHD,11,11,0,0,0,0,0,0,11
CD4 T Cells|Classical Monocytes|CIRBP|TREM1,cSLE,33,33,0,0,0,0,0,0,33
CD4 T Cells|Classical Monocytes|GNAI2|ADCY7,aHD,5,5,0,0,0,0,0,0,5
CD4 T Cells|Classical Monocytes|GNAI2|ADCY7,aSLE,7,7,0,0,0,0,0,0,7
CD4 T Cells|Classical Monocytes|GNAI2|ADCY7,cHD,11,11,0,0,0,0,0,0,11
CD4 T Cells|Classical Monocytes|GNAI2|ADCY7,cSLE,33,33,0,0,0,0,0,0,33
CD4 T Cells|Classical Monocytes|GNAI2|C5AR1,aHD,5,5,0,0,0,0,0,0,5
CD4 T Cells|Classical Monocytes|GNAI2|C5AR1,aSLE,7,7,0,0,0,0,0,0,7
CD4 T Cells|Classical Monocytes|GNAI2|C5AR1,cHD,11,11,0,0,0,0,0,0,11
CD4 T Cells|Classical Monocytes|GNAI2|C5AR1,cSLE,33,33,0,0,0,0,0,0,33
CD4 T Cells|Classical Monocytes|GNAI2|FPR1,aHD,5,5,0,0,0,0,0,0,5
CD4 T Cells|Classical Monocytes|GNAI2|FPR1,aSLE,7,7,0,0,0,0,0,0,7
CD4 T Cells|Classical Monocytes|GNAI2|FPR1,cHD,11,11,0,0,0,0,0,0,11
CD4 T Cells|Classical Monocytes|GNAI2|FPR1,cSLE,33,33,0,0,0,0,0,0,33
CD4 T Cells|Classical Monocytes|GNAS|ADCY7,aHD,5,5,0,0,0,0,0,0,5
CD4 T Cells|Classical Monocytes|GNAS|ADCY7,aSLE,7,7,0,0,0,0,0,0,7
CD4 T Cells|Classical Monocytes|GNAS|ADCY7,cHD,11,11,0,0,0,0,0,0,11
CD4 T Cells|Classical Monocytes|GNAS|ADCY7,cSLE,33,33,0,0,0,0,0,0,33
CD4 T Cells|Classical Monocytes|HLA-A|APLP2,aHD,5,5,0,0,0,0,0,0,5
CD4 T Cells|Classical Monocytes|HLA-A|APLP2,aSLE,7,7,0,0,0,0,0,0,7
CD4 T Cells|Classical Monocytes|HLA-A|APLP2,cHD,11,11,0,0,0,0,0,0,11
CD4 T Cells|Classical Monocytes|HLA-A|APLP2,cSLE,33,33,0,0,0,0,0,0,33
CD4 T Cells|Classical Monocytes|HLA-A|LILRB2,aHD,5,5,0,0,0,0,0,0,5
CD4 T Cells|Classical Monocytes|HLA-A|LILRB2,aSLE,7,7,0,0,0,0,0,0,7
CD4 T Cells|Classical Monocytes|HLA-A|LILRB2,cHD,11,11,0,0,0,0,0,0,11
CD4 T Cells|Classical Monocytes|HLA-A|LILRB2,cSLE,33,33,0,0,0,0,0,0,33
CD4 T Cells|Classical Monocytes|HLA-B|LILRB2,aHD,5,5,0,0,0,0,0,0,5
CD4 T Cells|Classical Monocytes|HLA-B|LILRB2,aSLE,7,7,0,0,0,0,0,0,7
CD4 T Cells|Classical Monocytes|HLA-B|LILRB2,cHD,11,11,0,0,0,0,0,0,11
CD4 T Cells|Classical Monocytes|HLA-B|LILRB2,cSLE,33,33,0,0,0,0,0,0,33
CD4 T Cells|Classical Monocytes|HLA-C|LILRB2,aHD,5,5,0,0,0,0,0,0,5
CD4 T Cells|Classical Monocytes|HLA-C|LILRB2,aSLE,7,7,0,0,0,0,0,0,7
CD4 T Cells|Classical Monocytes|HLA-C|LILRB2,cHD,11,11,0,0,0,0,0,0,11
CD4 T Cells|Classical Monocytes|HLA-C|LILRB2,cSLE,33,33,0,0,0,0,0,0,33
CD4 T Cells|Classical Monocytes|HLA-DPA1|CD4,aHD,5,5,0,0,0,0,0,0,5
CD4 T Cells|Classical Monocytes|HLA-DPA1|CD4,aSLE,7,7,0,0,0,0,0,0,7
CD4 T Cells|Classical Monocytes|HLA-DPA1|CD4,cHD,8,11,0,0,3,0,0,0,11
CD4 T Cells|Classical Monocytes|HLA-DPA1|CD4,cSLE,32,33,0,0,1,0,0,0,33
CD4 T Cells|Classical Monocytes|HLA-DPB1|CD4,aHD,5,5,0,0,0,0,0,0,5
CD4 T Cells|Classical Monocytes|HLA-DPB1|CD4,aSLE,7,7,0,0,0,0,0,0,7
CD4 T Cells|Classical Monocytes|HLA-DPB1|CD4,cHD,11,11,0,0,0,0,0,0,11
CD4 T Cells|Classical Monocytes|HLA-DPB1|CD4,cSLE,33,33,0,0,0,0,0,0,33
CD4 T Cells|Classical Monocytes|HLA-F|LILRB2,aHD,5,5,0,0,0,0,0,0,5
CD4 T Cells|Classical Monocytes|HLA-F|LILRB2,aSLE,7,7,0,0,0,0,0,0,7
CD4 T Cells|Classical Monocytes|HLA-F|LILRB2,cHD,11,11,0,0,0,0,0,0,11
CD4 T Cells|Classical Monocytes|HLA-F|LILRB2,cSLE,33,33,0,0,0,0,0,0,33
CD4 T Cells|Classical Monocytes|HMGB1|CXCR4,aHD,5,5,0,0,0,0,0,0,5
CD4 T Cells|Classical Monocytes|HMGB1|CXCR4,aSLE,7,7,0,0,0,0,0,0,7
CD4 T Cells|Classical Monocytes|HMGB1|CXCR4,cHD,11,11,0,0,0,0,0,0,11
CD4 T Cells|Classical Monocytes|HMGB1|CXCR4,cSLE,33,33,0,0,0,0,0,0,33
CD4 T Cells|Classical Monocytes|HMGB1|TLR2,aHD,5,5,0,0,0,0,0,0,5
CD4 T Cells|Classical Monocytes|HMGB1|TLR2,aSLE,7,7,0,0,0,0,0,0,7
CD4 T Cells|Classical Monocytes|HMGB1|TLR2,cHD,11,11,0,0,0,0,0,0,11
CD4 T Cells|Classical Monocytes|HMGB1|TLR2,cSLE,33,33,0,0,0,0,0,0,33
CD4 T Cells|Classical Monocytes|ICAM2|ITGAL_ITGB2,aHD,5,5,0,0,0,0,0,0,5
CD4 T Cells|Classical Monocytes|ICAM2|ITGAL_ITGB2,aSLE,7,7,0,0,0,0,0,0,7
CD4 T Cells|Classical Monocytes|ICAM2|ITGAL_ITGB2,cHD,10,11,0,0,0,1,0,0,11
CD4 T Cells|Classical Monocytes|ICAM2|ITGAL_ITGB2,cSLE,31,33,0,0,0,2,0,0,33
CD4 T Cells|Classical Monocytes|ICAM2|ITGAM_ITGB2,aHD,5,5,0,0,0,0,0,0,5
CD4 T Cells|Classical Monocytes|ICAM2|ITGAM_ITGB2,aSLE,7,7,0,0,0,0,0,0,7
CD4 T Cells|Classical Monocytes|ICAM2|ITGAM_ITGB2,cHD,11,11,0,0,0,0,0,0,11
CD4 T Cells|Classical Monocytes|ICAM2|ITGAM_ITGB2,cSLE,33,33,0,0,0,0,0,0,33
CD4 T Cells|Classical Monocytes|ICAM3|ITGAL,aHD,5,5,0,0,0,0,0,0,5
CD4 T Cells|Classical Monocytes|ICAM3|ITGAL,aSLE,7,7,0,0,0,0,0,0,7
CD4 T Cells|Classical Monocytes|ICAM3|ITGAL,cHD,10,11,0,0,0,1,0,0,11
CD4 T Cells|Classical Monocytes|ICAM3|ITGAL,cSLE,31,33,0,0,0,2,0,0,33
CD4 T Cells|Classical Monocytes|IL16|CD4,aHD,5,5,0,0,0,0,0,0,5
CD4 T Cells|Classical Monocytes|IL16|CD4,aSLE,7,7,0,0,0,0,0,0,7
CD4 T Cells|Classical Monocytes|IL16|CD4,cHD,11,11,0,0,0,0,0,0,11
CD4 T Cells|Classical Monocytes|IL16|CD4,cSLE,33,33,0,0,0,0,0,0,33
CD4 T Cells|Classical Monocytes|LGALS1|CD69,aHD,5,5,0,0,0,0,0,0,5
CD4 T Cells|Classical Monocytes|LGALS1|CD69,aSLE,6,7,0,0,0,1,0,0,7
CD4 T Cells|Classical Monocytes|LGALS1|CD69,cHD,11,11,0,0,0,0,0,0,11
CD4 T Cells|Classical Monocytes|LGALS1|CD69,cSLE,33,33,0,0,0,0,0,0,33
CD4 T Cells|Classical Monocytes|LGALS1|ITGB1,aHD,5,5,0,0,0,0,0,0,5
CD4 T Cells|Classical Monocytes|LGALS1|ITGB1,aSLE,7,7,0,0,0,0,0,0,7
CD4 T Cells|Classical Monocytes|LGALS1|ITGB1,cHD,11,11,0,0,0,0,0,0,11
CD4 T Cells|Classical Monocytes|LGALS1|ITGB1,cSLE,33,33,0,0,0,0,0,0,33
CD4 T Cells|Classical Monocytes|LGALS1|PTPRC,aHD,5,5,0,0,0,0,0,0,5
CD4 T Cells|Classical Monocytes|LGALS1|PTPRC,aSLE,7,7,0,0,0,0,0,0,7
CD4 T Cells|Classical Monocytes|LGALS1|PTPRC,cHD,11,11,0,0,0,0,0,0,11
CD4 T Cells|Classical Monocytes|LGALS1|PTPRC,cSLE,33,33,0,0,0,0,0,0,33
CD4 T Cells|Classical Monocytes|LRPAP1|LRP1,aHD,5,5,0,0,0,0,0,0,5
CD4 T Cells|Classical Monocytes|LRPAP1|LRP1,aSLE,7,7,0,0,0,0,0,0,7
CD4 T Cells|Classical Monocytes|LRPAP1|LRP1,cHD,11,11,0,0,0,0,0,0,11
CD4 T Cells|Classical Monocytes|LRPAP1|LRP1,cSLE,33,33,0,0,0,0,0,0,33
CD4 T Cells|Classical Monocytes|LRPAP1|SORL1,aHD,5,5,0,0,0,0,0,0,5
CD4 T Cells|Classical Monocytes|LRPAP1|SORL1,aSLE,7,7,0,0,0,0,0,0,7
CD4 T Cells|Classical Monocytes|LRPAP1|SORL1,cHD,11,11,0,0,0,0,0,0,11
CD4 T Cells|Classical Monocytes|LRPAP1|SORL1,cSLE,31,33,0,0,0,2,0,0,33
CD4 T Cells|Classical Monocytes|LTB|TNFRSF1A,aHD,5,5,0,0,0,0,0,0,5
CD4 T Cells|Classical Monocytes|LTB|TNFRSF1A,aSLE,7,7,0,0,0,0,0,0,7
CD4 T Cells|Classical Monocytes|LTB|TNFRSF1A,cHD,11,11,0,0,0,0,0,0,11
CD4 T Cells|Classical Monocytes|LTB|TNFRSF1A,cSLE,33,33,0,0,0,0,0,0,33
CD4 T Cells|Classical Monocytes|MFNG|NOTCH2,aHD,5,5,0,0,0,0,0,0,5
CD4 T Cells|Classical Monocytes|MFNG|NOTCH2,aSLE,7,7,0,0,0,0,0,0,7
CD4 T Cells|Classical Monocytes|MFNG|NOTCH2,cHD,11,11,0,0,0,0,0,0,11
CD4 T Cells|Classical Monocytes|MFNG|NOTCH2,cSLE,33,33,0,0,0,0,0,0,33
CD4 T Cells|Classical Monocytes|MIF|CD44_CD74,aHD,5,5,0,0,0,0,0,0,5
CD4 T Cells|Classical Monocytes|MIF|CD44_CD74,aSLE,7,7,0,0,0,0,0,0,7
CD4 T Cells|Classical Monocytes|MIF|CD44_CD74,cHD,11,11,0,0,0,0,0,0,11
CD4 T Cells|Classical Monocytes|MIF|CD44_CD74,cSLE,33,33,0,0,0,0,0,0,33
CD4 T Cells|Classical Monocytes|MIF|CD74_CXCR4,aHD,5,5,0,0,0,0,0,0,5
CD4 T Cells|Classical Monocytes|MIF|CD74_CXCR4,aSLE,7,7,0,0,0,0,0,0,7
CD4 T Cells|Classical Monocytes|MIF|CD74_CXCR4,cHD,11,11,0,0,0,0,0,0,11
CD4 T Cells|Classical Monocytes|MIF|CD74_CXCR4,cSLE,33,33,0,0,0,0,0,0,33
CD4 T Cells|Classical Monocytes|MIF|TNFRSF14,aHD,5,5,0,0,0,0,0,0,5
CD4 T Cells|Classical Monocytes|MIF|TNFRSF14,aSLE,7,7,0,0,0,0,0,0,7
CD4 T Cells|Classical Monocytes|MIF|TNFRSF14,cHD,11,11,0,0,0,0,0,0,11
CD4 T Cells|Classical Monocytes|MIF|TNFRSF14,cSLE,33,33,0,0,0,0,0,0,33
CD4 T Cells|Classical Monocytes|PKM|CD44,aHD,5,5,0,0,0,0,0,0,5
CD4 T Cells|Classical Monocytes|PKM|CD44,aSLE,7,7,0,0,0,0,0,0,7
CD4 T Cells|Classical Monocytes|PKM|CD44,cHD,11,11,0,0,0,0,0,0,11
CD4 T Cells|Classical Monocytes|PKM|CD44,cSLE,33,33,0,0,0,0,0,0,33
CD4 T Cells|Classical Monocytes|PSAP|LRP1,aHD,5,5,0,0,0,0,0,0,5
CD4 T Cells|Classical Monocytes|PSAP|LRP1,aSLE,7,7,0,0,0,0,0,0,7
CD4 T Cells|Classical Monocytes|PSAP|LRP1,cHD,11,11,0,0,0,0,0,0,11
CD4 T Cells|Classical Monocytes|PSAP|LRP1,cSLE,33,33,0,0,0,0,0,0,33
CD4 T Cells|Classical Monocytes|PTPN6|CD300LF,aHD,5,5,0,0,0,0,0,0,5
CD4 T Cells|Classical Monocytes|PTPN6|CD300LF,aSLE,7,7,0,0,0,0,0,0,7
CD4 T Cells|Classical Monocytes|PTPN6|CD300LF,cHD,11,11,0,0,0,0,0,0,11
CD4 T Cells|Classical Monocytes|PTPN6|CD300LF,cSLE,28,33,0,0,0,5,0,0,33
CD4 T Cells|Classical Monocytes|PTPN6|CLEC12A,aHD,5,5,0,0,0,0,0,0,5
CD4 T Cells|Classical Monocytes|PTPN6|CLEC12A,aSLE,7,7,0,0,0,0,0,0,7
CD4 T Cells|Classical Monocytes|PTPN6|CLEC12A,cHD,11,11,0,0,0,0,0,0,11
CD4 T Cells|Classical Monocytes|PTPN6|CLEC12A,cSLE,33,33,0,0,0,0,0,0,33
CD4 T Cells|Classical Monocytes|RPS19|C5AR1,aHD,5,5,0,0,0,0,0,0,5
CD4 T Cells|Classical Monocytes|RPS19|C5AR1,aSLE,7,7,0,0,0,0,0,0,7
CD4 T Cells|Classical Monocytes|RPS19|C5AR1,cHD,11,11,0,0,0,0,0,0,11
CD4 T Cells|Classical Monocytes|RPS19|C5AR1,cSLE,33,33,0,0,0,0,0,0,33
CD4 T Cells|Classical Monocytes|S100A9|CD36,aHD,5,5,0,0,0,0,0,0,5
CD4 T Cells|Classical Monocytes|S100A9|CD36,aSLE,6,7,0,0,1,0,0,0,7
CD4 T Cells|Classical Monocytes|S100A9|CD36,cHD,11,11,0,0,0,0,0,0,11
CD4 T Cells|Classical Monocytes|S100A9|CD36,cSLE,32,33,0,0,1,0,0,0,33
CD4 T Cells|Classical Monocytes|S100A9|CD68,aHD,5,5,0,0,0,0,0,0,5
CD4 T Cells|Classical Monocytes|S100A9|CD68,aSLE,6,7,0,0,1,0,0,0,7
CD4 T Cells|Classical Monocytes|S100A9|CD68,cHD,11,11,0,0,0,0,0,0,11
CD4 T Cells|Classical Monocytes|S100A9|CD68,cSLE,32,33,0,0,1,0,0,0,33
CD4 T Cells|Classical Monocytes|S100A9|ITGB2,aHD,5,5,0,0,0,0,0,0,5
CD4 T Cells|Classical Monocytes|S100A9|ITGB2,aSLE,6,7,0,0,1,0,0,0,7
CD4 T Cells|Classical Monocytes|S100A9|ITGB2,cHD,11,11,0,0,0,0,0,0,11
CD4 T Cells|Classical Monocytes|S100A9|ITGB2,cSLE,32,33,0,0,1,0,0,0,33
CD4 T Cells|Classical Monocytes|SELPLG|ITGAM,aHD,5,5,0,0,0,0,0,0,5
CD4 T Cells|Classical Monocytes|SELPLG|ITGAM,aSLE,7,7,0,0,0,0,0,0,7
CD4 T Cells|Classical Monocytes|SELPLG|ITGAM,cHD,11,11,0,0,0,0,0,0,11
CD4 T Cells|Classical Monocytes|SELPLG|ITGAM,cSLE,33,33,0,0,0,0,0,0,33
CD4 T Cells|Classical Monocytes|SELPLG|ITGB2,aHD,5,5,0,0,0,0,0,0,5
CD4 T Cells|Classical Monocytes|SELPLG|ITGB2,aSLE,7,7,0,0,0,0,0,0,7
CD4 T Cells|Classical Monocytes|SELPLG|ITGB2,cHD,11,11,0,0,0,0,0,0,11
CD4 T Cells|Classical Monocytes|SELPLG|ITGB2,cSLE,33,33,0,0,0,0,0,0,33
CD4 T Cells|Classical Monocytes|SELPLG|SELL,aHD,5,5,0,0,0,0,0,0,5
CD4 T Cells|Classical Monocytes|SELPLG|SELL,aSLE,7,7,0,0,0,0,0,0,7
CD4 T Cells|Classical Monocytes|SELPLG|SELL,cHD,11,11,0,0,0,0,0,0,11
CD4 T Cells|Classical Monocytes|SELPLG|SELL,cSLE,33,33,0,0,0,0,0,0,33
CD4 T Cells|Classical Monocytes|SIRPG|CD47,aHD,5,5,0,0,0,0,0,0,5
CD4 T Cells|Classical Monocytes|SIRPG|CD47,aSLE,7,7,0,0,0,0,0,0,7
CD4 T Cells|Classical Monocytes|SIRPG|CD47,cHD,11,11,0,0,0,0,0,0,11
CD4 T Cells|Classical Monocytes|SIRPG|CD47,cSLE,31,33,0,0,2,0,0,0,33
CD4 T Cells|Classical Monocytes|TIMP1|CD63,aHD,5,5,0,0,0,0,0,0,5
CD4 T Cells|Classical Monocytes|TIMP1|CD63,aSLE,7,7,0,0,0,0,0,0,7
CD4 T Cells|Classical Monocytes|TIMP1|CD63,cHD,11,11,0,0,0,0,0,0,11
CD4 T Cells|Classical Monocytes|TIMP1|CD63,cSLE,33,33,0,0,0,0,0,0,33
CD4 T Cells|Classical Monocytes|VIM|CD44,aHD,5,5,0,0,0,0,0,0,5
CD4 T Cells|Classical Monocytes|VIM|CD44,aSLE,7,7,0,0,0,0,0,0,7
CD4 T Cells|Classical Monocytes|VIM|CD44,cHD,11,11,0,0,0,0,0,0,11
CD4 T Cells|Classical Monocytes|VIM|CD44,cSLE,33,33,0,0,0,0,0,0,33
CD4 T Cells|NK Cells|B2M|KLRD1,aHD,5,5,0,0,0,0,0,0,5
CD4 T Cells|NK Cells|B2M|KLRD1,aSLE,7,7,0,0,0,0,0,0,7
CD4 T Cells|NK Cells|B2M|KLRD1,cHD,11,11,0,0,0,0,0,0,11
CD4 T Cells|NK Cells|B2M|KLRD1,cSLE,33,33,0,0,0,0,0,0,33
CD4 T Cells|NK Cells|CALM1|PTPRA,aHD,5,5,0,0,0,0,0,0,5
CD4 T Cells|NK Cells|CALM1|PTPRA,aSLE,7,7,0,0,0,0,0,0,7
CD4 T Cells|NK Cells|CALM1|PTPRA,cHD,11,11,0,0,0,0,0,0,11
CD4 T Cells|NK Cells|CALM1|PTPRA,cSLE,33,33,0,0,0,0,0,0,33
CD4 T Cells|NK Cells|CD40LG|CD53,aHD,5,5,0,0,0,0,0,0,5
CD4 T Cells|NK Cells|CD40LG|CD53,aSLE,7,7,0,0,0,0,0,0,7
CD4 T Cells|NK Cells|CD40LG|CD53,cHD,11,11,0,0,0,0,0,0,11
CD4 T Cells|NK Cells|CD40LG|CD53,cSLE,33,33,0,0,0,0,0,0,33
CD4 T Cells|NK Cells|CD40LG|ITGAM_ITGB2,aHD,5,5,0,0,0,0,0,0,5
CD4 T Cells|NK Cells|CD40LG|ITGAM_ITGB2,aSLE,6,7,0,0,0,1,0,0,7
CD4 T Cells|NK Cells|CD40LG|ITGAM_ITGB2,cHD,11,11,0,0,0,0,0,0,11
CD4 T Cells|NK Cells|CD40LG|ITGAM_ITGB2,cSLE,33,33,0,0,0,0,0,0,33
CD4 T Cells|NK Cells|CD48|CD2,aHD,5,5,0,0,0,0,0,0,5
CD4 T Cells|NK Cells|CD48|CD2,aSLE,7,7,0,0,0,0,0,0,7
CD4 T Cells|NK Cells|CD48|CD2,cHD,11,11,0,0,0,0,0,0,11
CD4 T Cells|NK Cells|CD48|CD2,cSLE,33,33,0,0,0,0,0,0,33
CD4 T Cells|NK Cells|CD48|CD244,aHD,5,5,0,0,0,0,0,0,5
CD4 T Cells|NK Cells|CD48|CD244,aSLE,5,7,0,0,0,2,0,0,7
CD4 T Cells|NK Cells|CD48|CD244,cHD,11,11,0,0,0,0,0,0,11
CD4 T Cells|NK Cells|CD48|CD244,cSLE,32,33,0,0,0,1,0,0,33
CD4 T Cells|NK Cells|CLEC2B|KLRF1,aHD,5,5,0,0,0,0,0,0,5
CD4 T Cells|NK Cells|CLEC2B|KLRF1,aSLE,6,7,0,0,0,1,0,0,7
CD4 T Cells|NK Cells|CLEC2B|KLRF1,cHD,11,11,0,0,0,0,0,0,11
CD4 T Cells|NK Cells|CLEC2B|KLRF1,cSLE,33,33,0,0,0,0,0,0,33
CD4 T Cells|NK Cells|CLEC2D|KLRB1,aHD,5,5,0,0,0,0,0,0,5
CD4 T Cells|NK Cells|CLEC2D|KLRB1,aSLE,7,7,0,0,0,0,0,0,7
CD4 T Cells|NK Cells|CLEC2D|KLRB1,cHD,11,11,0,0,0,0,0,0,11
CD4 T Cells|NK Cells|CLEC2D|KLRB1,cSLE,33,33,0,0,0,0,0,0,33
CD4 T Cells|NK Cells|GNAI2|S1PR4,aHD,5,5,0,0,0,0,0,0,5
CD4 T Cells|NK Cells|GNAI2|S1PR4,aSLE,7,7,0,0,0,0,0,0,7
CD4 T Cells|NK Cells|GNAI2|S1PR4,cHD,11,11,0,0,0,0,0,0,11
CD4 T Cells|NK Cells|GNAI2|S1PR4,cSLE,31,33,0,0,0,2,0,0,33
CD4 T Cells|NK Cells|GNAI2|S1PR5,aHD,5,5,0,0,0,0,0,0,5
CD4 T Cells|NK Cells|GNAI2|S1PR5,aSLE,7,7,0,0,0,0,0,0,7
CD4 T Cells|NK Cells|GNAI2|S1PR5,cHD,11,11,0,0,0,0,0,0,11
CD4 T Cells|NK Cells|GNAI2|S1PR5,cSLE,33,33,0,0,0,0,0,0,33
CD4 T Cells|NK Cells|GNAS|PTGDR,aHD,5,5,0,0,0,0,0,0,5
CD4 T Cells|NK Cells|GNAS|PTGDR,aSLE,7,7,0,0,0,0,0,0,7
CD4 T Cells|NK Cells|GNAS|PTGDR,cHD,11,11,0,0,0,0,0,0,11
CD4 T Cells|NK Cells|GNAS|PTGDR,cSLE,32,33,0,0,0,1,0,0,33
CD4 T Cells|NK Cells|HLA-A|CD8A,aHD,5,5,0,0,0,0,0,0,5
CD4 T Cells|NK Cells|HLA-A|CD8A,aSLE,7,7,0,0,0,0,0,0,7
CD4 T Cells|NK Cells|HLA-A|CD8A,cHD,8,11,0,0,0,3,0,0,11
CD4 T Cells|NK Cells|HLA-A|CD8A,cSLE,22,33,0,0,0,11,0,0,33
CD4 T Cells|NK Cells|HLA-B|CD3D,aHD,5,5,0,0,0,0,0,0,5
CD4 T Cells|NK Cells|HLA-B|CD3D,aSLE,7,7,0,0,0,0,0,0,7
CD4 T Cells|NK Cells|HLA-B|CD3D,cHD,8,11,0,0,0,3,0,0,11
CD4 T Cells|NK Cells|HLA-B|CD3D,cSLE,28,33,0,0,0,5,0,0,33
CD4 T Cells|NK Cells|HLA-B|CD8A,aHD,5,5,0,0,0,0,0,0,5
CD4 T Cells|NK Cells|HLA-B|CD8A,aSLE,7,7,0,0,0,0,0,0,7
CD4 T Cells|NK Cells|HLA-B|CD8A,cHD,8,11,0,0,0,3,0,0,11
CD4 T Cells|NK Cells|HLA-B|CD8A,cSLE,22,33,0,0,0,11,0,0,33
CD4 T Cells|NK Cells|HLA-B|KLRD1,aHD,5,5,0,0,0,0,0,0,5
CD4 T Cells|NK Cells|HLA-B|KLRD1,aSLE,7,7,0,0,0,0,0,0,7
CD4 T Cells|NK Cells|HLA-B|KLRD1,cHD,11,11,0,0,0,0,0,0,11
CD4 T Cells|NK Cells|HLA-B|KLRD1,cSLE,33,33,0,0,0,0,0,0,33
CD4 T Cells|NK Cells|HLA-C|CD8A,aHD,5,5,0,0,0,0,0,0,5
CD4 T Cells|NK Cells|HLA-C|CD8A,aSLE,7,7,0,0,0,0,0,0,7
CD4 T Cells|NK Cells|HLA-C|CD8A,cHD,8,11,0,0,0,3,0,0,11
CD4 T Cells|NK Cells|HLA-C|CD8A,cSLE,22,33,0,0,0,11,0,0,33
CD4 T Cells|NK Cells|HLA-E|CD8A,aHD,5,5,0,0,0,0,0,0,5
CD4 T Cells|NK Cells|HLA-E|CD8A,aSLE,7,7,0,0,0,0,0,0,7
CD4 T Cells|NK Cells|HLA-E|CD8A,cHD,8,11,0,0,0,3,0,0,11
CD4 T Cells|NK Cells|HLA-E|CD8A,cSLE,22,33,0,0,0,11,0,0,33
CD4 T Cells|NK Cells|HLA-F|CD8A,aHD,5,5,0,0,0,0,0,0,5
CD4 T Cells|NK Cells|HLA-F|CD8A,aSLE,7,7,0,0,0,0,0,0,7
CD4 T Cells|NK Cells|HLA-F|CD8A,cHD,8,11,0,0,0,3,0,0,11
CD4 T Cells|NK Cells|HLA-F|CD8A,cSLE,22,33,0,0,0,11,0,0,33
CD4 T Cells|NK Cells|HMGB1|CXCR4,aHD,5,5,0,0,0,0,0,0,5
CD4 T Cells|NK Cells|HMGB1|CXCR4,aSLE,7,7,0,0,0,0,0,0,7
CD4 T Cells|NK Cells|HMGB1|CXCR4,cHD,11,11,0,0,0,0,0,0,11
CD4 T Cells|NK Cells|HMGB1|CXCR4,cSLE,33,33,0,0,0,0,0,0,33
CD4 T Cells|NK Cells|ICAM2|ITGAL_ITGB2,aHD,5,5,0,0,0,0,0,0,5
CD4 T Cells|NK Cells|ICAM2|ITGAL_ITGB2,aSLE,7,7,0,0,0,0,0,0,7
CD4 T Cells|NK Cells|ICAM2|ITGAL_ITGB2,cHD,11,11,0,0,0,0,0,0,11
CD4 T Cells|NK Cells|ICAM2|ITGAL_ITGB2,cSLE,33,33,0,0,0,0,0,0,33
CD4 T Cells|NK Cells|ICAM2|ITGAM_ITGB2,aHD,5,5,0,0,0,0,0,0,5
CD4 T Cells|NK Cells|ICAM2|ITGAM_ITGB2,aSLE,6,7,0,0,0,1,0,0,7
CD4 T Cells|NK Cells|ICAM2|ITGAM_ITGB2,cHD,11,11,0,0,0,0,0,0,11
CD4 T Cells|NK Cells|ICAM2|ITGAM_ITGB2,cSLE,33,33,0,0,0,0,0,0,33
CD4 T Cells|NK Cells|ICAM3|ITGAL,aHD,5,5,0,0,0,0,0,0,5
CD4 T Cells|NK Cells|ICAM3|ITGAL,aSLE,7,7,0,0,0,0,0,0,7
CD4 T Cells|NK Cells|ICAM3|ITGAL,cHD,11,11,0,0,0,0,0,0,11
CD4 T Cells|NK Cells|ICAM3|ITGAL,cSLE,33,33,0,0,0,0,0,0,33
CD4 T Cells|NK Cells|LGALS1|CD69,aHD,5,5,0,0,0,0,0,0,5
CD4 T Cells|NK Cells|LGALS1|CD69,aSLE,7,7,0,0,0,0,0,0,7
CD4 T Cells|NK Cells|LGALS1|CD69,cHD,11,11,0,0,0,0,0,0,11
CD4 T Cells|NK Cells|LGALS1|CD69,cSLE,33,33,0,0,0,0,0,0,33
CD4 T Cells|NK Cells|LGALS1|ITGB1,aHD,5,5,0,0,0,0,0,0,5
CD4 T Cells|NK Cells|LGALS1|ITGB1,aSLE,7,7,0,0,0,0,0,0,7
CD4 T Cells|NK Cells|LGALS1|ITGB1,cHD,11,11,0,0,0,0,0,0,11
CD4 T Cells|NK Cells|LGALS1|ITGB1,cSLE,33,33,0,0,0,0,0,0,33
CD4 T Cells|NK Cells|LGALS1|PTPRC,aHD,5,5,0,0,0,0,0,0,5
CD4 T Cells|NK Cells|LGALS1|PTPRC,aSLE,7,7,0,0,0,0,0,0,7
CD4 T Cells|NK Cells|LGALS1|PTPRC,cHD,11,11,0,0,0,0,0,0,11
CD4 T Cells|NK Cells|LGALS1|PTPRC,cSLE,33,33,0,0,0,0,0,0,33
CD4 T Cells|NK Cells|LRPAP1|SORL1,aHD,5,5,0,0,0,0,0,0,5
CD4 T Cells|NK Cells|LRPAP1|SORL1,aSLE,7,7,0,0,0,0,0,0,7
CD4 T Cells|NK Cells|LRPAP1|SORL1,cHD,11,11,0,0,0,0,0,0,11
CD4 T Cells|NK Cells|LRPAP1|SORL1,cSLE,32,33,0,0,0,1,0,0,33
CD4 T Cells|NK Cells|MIF|CD44_CD74,aHD,5,5,0,0,0,0,0,0,5
CD4 T Cells|NK Cells|MIF|CD44_CD74,aSLE,7,7,0,0,0,0,0,0,7
CD4 T Cells|NK Cells|MIF|CD44_CD74,cHD,11,11,0,0,0,0,0,0,11
CD4 T Cells|NK Cells|MIF|CD44_CD74,cSLE,33,33,0,0,0,0,0,0,33
CD4 T Cells|NK Cells|MIF|CD74_CXCR4,aHD,5,5,0,0,0,0,0,0,5
CD4 T Cells|NK Cells|MIF|CD74_CXCR4,aSLE,7,7,0,0,0,0,0,0,7
CD4 T Cells|NK Cells|MIF|CD74_CXCR4,cHD,11,11,0,0,0,0,0,0,11
CD4 T Cells|NK Cells|MIF|CD74_CXCR4,cSLE,33,33,0,0,0,0,0,0,33
CD4 T Cells|NK Cells|MIF|TNFRSF14,aHD,5,5,0,0,0,0,0,0,5
CD4 T Cells|NK Cells|MIF|TNFRSF14,aSLE,7,7,0,0,0,0,0,0,7
CD4 T Cells|NK Cells|MIF|TNFRSF14,cHD,11,11,0,0,0,0,0,0,11
CD4 T Cells|NK Cells|MIF|TNFRSF14,cSLE,33,33,0,0,0,0,0,0,33
CD4 T Cells|NK Cells|PKM|CD44,aHD,5,5,0,0,0,0,0,0,5
CD4 T Cells|NK Cells|PKM|CD44,aSLE,7,7,0,0,0,0,0,0,7
CD4 T Cells|NK Cells|PKM|CD44,cHD,11,11,0,0,0,0,0,0,11
CD4 T Cells|NK Cells|PKM|CD44,cSLE,33,33,0,0,0,0,0,0,33
CD4 T Cells|NK Cells|S100A9|ITGB2,aHD,5,5,0,0,0,0,0,0,5
CD4 T Cells|NK Cells|S100A9|ITGB2,aSLE,6,7,0,0,1,0,0,0,7
CD4 T Cells|NK Cells|S100A9|ITGB2,cHD,11,11,0,0,0,0,0,0,11
CD4 T Cells|NK Cells|S100A9|ITGB2,cSLE,32,33,0,0,1,0,0,0,33
CD4 T Cells|NK Cells|SELPLG|ITGAM,aHD,5,5,0,0,0,0,0,0,5
CD4 T Cells|NK Cells|SELPLG|ITGAM,aSLE,6,7,0,0,0,1,0,0,7
CD4 T Cells|NK Cells|SELPLG|ITGAM,cHD,11,11,0,0,0,0,0,0,11
CD4 T Cells|NK Cells|SELPLG|ITGAM,cSLE,33,33,0,0,0,0,0,0,33
CD4 T Cells|NK Cells|SELPLG|ITGB2,aHD,5,5,0,0,0,0,0,0,5
CD4 T Cells|NK Cells|SELPLG|ITGB2,aSLE,7,7,0,0,0,0,0,0,7
CD4 T Cells|NK Cells|SELPLG|ITGB2,cHD,11,11,0,0,0,0,0,0,11
CD4 T Cells|NK Cells|SELPLG|ITGB2,cSLE,33,33,0,0,0,0,0,0,33
CD4 T Cells|NK Cells|SELPLG|SELL,aHD,5,5,0,0,0,0,0,0,5
CD4 T Cells|NK Cells|SELPLG|SELL,aSLE,7,7,0,0,0,0,0,0,7
CD4 T Cells|NK Cells|SELPLG|SELL,cHD,11,11,0,0,0,0,0,0,11
CD4 T Cells|NK Cells|SELPLG|SELL,cSLE,33,33,0,0,0,0,0,0,33
CD4 T Cells|NK Cells|SIRPG|CD47,aHD,5,5,0,0,0,0,0,0,5
CD4 T Cells|NK Cells|SIRPG|CD47,aSLE,7,7,0,0,0,0,0,0,7
CD4 T Cells|NK Cells|SIRPG|CD47,cHD,11,11,0,0,0,0,0,0,11
CD4 T Cells|NK Cells|SIRPG|CD47,cSLE,31,33,0,0,2,0,0,0,33
CD4 T Cells|NK Cells|TIMP1|CD63,aHD,5,5,0,0,0,0,0,0,5
CD4 T Cells|NK Cells|TIMP1|CD63,aSLE,7,7,0,0,0,0,0,0,7
CD4 T Cells|NK Cells|TIMP1|CD63,cHD,11,11,0,0,0,0,0,0,11
CD4 T Cells|NK Cells|TIMP1|CD63,cSLE,33,33,0,0,0,0,0,0,33
CD4 T Cells|NK Cells|VIM|CD44,aHD,5,5,0,0,0,0,0,0,5
CD4 T Cells|NK Cells|VIM|CD44,aSLE,7,7,0,0,0,0,0,0,7
CD4 T Cells|NK Cells|VIM|CD44,cHD,11,11,0,0,0,0,0,0,11
CD4 T Cells|NK Cells|VIM|CD44,cSLE,33,33,0,0,0,0,0,0,33
CD4 T Cells|Non-classical Monocytes|ANXA1|FPR1,aHD,5,5,0,0,0,0,0,0,5
CD4 T Cells|Non-classical Monocytes|ANXA1|FPR1,aSLE,7,7,0,0,0,0,0,0,7
CD4 T Cells|Non-classical Monocytes|ANXA1|FPR1,cHD,10,11,0,0,0,1,0,0,11
CD4 T Cells|Non-classical Monocytes|ANXA1|FPR1,cSLE,33,33,0,0,0,0,0,0,33
CD4 T Cells|Non-classical Monocytes|ANXA2|TLR2,aHD,5,5,0,0,0,0,0,0,5
CD4 T Cells|Non-classical Monocytes|ANXA2|TLR2,aSLE,7,7,0,0,0,0,0,0,7
CD4 T Cells|Non-classical Monocytes|ANXA2|TLR2,cHD,10,11,0,0,1,0,0,0,11
CD4 T Cells|Non-classical Monocytes|ANXA2|TLR2,cSLE,32,33,0,0,1,0,0,0,33
CD4 T Cells|Non-classical Monocytes|ARF6|SMAP1,aHD,5,5,0,0,0,0,0,0,5
CD4 T Cells|Non-classical Monocytes|ARF6|SMAP1,aSLE,7,7,0,0,0,0,0,0,7
CD4 T Cells|Non-classical Monocytes|ARF6|SMAP1,cHD,11,11,0,0,0,0,0,0,11
CD4 T Cells|Non-classical Monocytes|ARF6|SMAP1,cSLE,32,33,0,0,0,1,0,0,33
CD4 T Cells|Non-classical Monocytes|CALM1|PTPRA,aHD,5,5,0,0,0,0,0,0,5
CD4 T Cells|Non-classical Monocytes|CALM1|PTPRA,aSLE,7,7,0,0,0,0,0,0,7
CD4 T Cells|Non-classical Monocytes|CALM1|PTPRA,cHD,11,11,0,0,0,0,0,0,11
CD4 T Cells|Non-classical Monocytes|CALM1|PTPRA,cSLE,28,33,0,0,0,5,0,0,33
CD4 T Cells|Non-classical Monocytes|CALR|LRP1,aHD,5,5,0,0,0,0,0,0,5
CD4 T Cells|Non-classical Monocytes|CALR|LRP1,aSLE,7,7,0,0,0,0,0,0,7
CD4 T Cells|Non-classical Monocytes|CALR|LRP1,cHD,11,11,0,0,0,0,0,0,11
CD4 T Cells|Non-classical Monocytes|CALR|LRP1,cSLE,33,33,0,0,0,0,0,0,33
CD4 T Cells|Non-classical Monocytes|CD28|CD86,aHD,5,5,0,0,0,0,0,0,5
CD4 T Cells|Non-classical Monocytes|CD28|CD86,aSLE,7,7,0,0,0,0,0,0,7
CD4 T Cells|Non-classical Monocytes|CD28|CD86,cHD,11,11,0,0,0,0,0,0,11
CD4 T Cells|Non-classical Monocytes|CD28|CD86,cSLE,30,33,0,0,3,0,0,0,33
CD4 T Cells|Non-classical Monocytes|CD40LG|CD53,aHD,5,5,0,0,0,0,0,0,5
CD4 T Cells|Non-classical Monocytes|CD40LG|CD53,aSLE,7,7,0,0,0,0,0,0,7
CD4 T Cells|Non-classical Monocytes|CD40LG|CD53,cHD,11,11,0,0,0,0,0,0,11
CD4 T Cells|Non-classical Monocytes|CD40LG|CD53,cSLE,33,33,0,0,0,0,0,0,33
CD4 T Cells|Non-classical Monocytes|CD52|SIGLEC10,aHD,5,5,0,0,0,0,0,0,5
CD4 T Cells|Non-classical Monocytes|CD52|SIGLEC10,aSLE,7,7,0,0,0,0,0,0,7
CD4 T Cells|Non-classical Monocytes|CD52|SIGLEC10,cHD,11,11,0,0,0,0,0,0,11
CD4 T Cells|Non-classical Monocytes|CD52|SIGLEC10,cSLE,32,33,0,0,0,1,0,0,33
CD4 T Cells|Non-classical Monocytes|CD99|PILRA,aHD,5,5,0,0,0,0,0,0,5
CD4 T Cells|Non-classical Monocytes|CD99|PILRA,aSLE,7,7,0,0,0,0,0,0,7
CD4 T Cells|Non-classical Monocytes|CD99|PILRA,cHD,11,11,0,0,0,0,0,0,11
CD4 T Cells|Non-classical Monocytes|CD99|PILRA,cSLE,33,33,0,0,0,0,0,0,33
CD4 T Cells|Non-classical Monocytes|CIRBP|TREM1,aHD,5,5,0,0,0,0,0,0,5
CD4 T Cells|Non-classical Monocytes|CIRBP|TREM1,aSLE,7,7,0,0,0,0,0,0,7
CD4 T Cells|Non-classical Monocytes|CIRBP|TREM1,cHD,11,11,0,0,0,0,0,0,11
CD4 T Cells|Non-classical Monocytes|CIRBP|TREM1,cSLE,33,33,0,0,0,0,0,0,33
CD4 T Cells|Non-classical Monocytes|GNAI2|ADCY7,aHD,5,5,0,0,0,0,0,0,5
CD4 T Cells|Non-classical Monocytes|GNAI2|ADCY7,aSLE,7,7,0,0,0,0,0,0,7
CD4 T Cells|Non-classical Monocytes|GNAI2|ADCY7,cHD,11,11,0,0,0,0,0,0,11
CD4 T Cells|Non-classical Monocytes|GNAI2|ADCY7,cSLE,33,33,0,0,0,0,0,0,33
CD4 T Cells|Non-classical Monocytes|GNAI2|C5AR1,aHD,5,5,0,0,0,0,0,0,5
CD4 T Cells|Non-classical Monocytes|GNAI2|C5AR1,aSLE,7,7,0,0,0,0,0,0,7
CD4 T Cells|Non-classical Monocytes|GNAI2|C5AR1,cHD,11,11,0,0,0,0,0,0,11
CD4 T Cells|Non-classical Monocytes|GNAI2|C5AR1,cSLE,33,33,0,0,0,0,0,0,33
CD4 T Cells|Non-classical Monocytes|GNAI2|FPR1,aHD,5,5,0,0,0,0,0,0,5
CD4 T Cells|Non-classical Monocytes|GNAI2|FPR1,aSLE,7,7,0,0,0,0,0,0,7
CD4 T Cells|Non-classical Monocytes|GNAI2|FPR1,cHD,10,11,0,0,0,1,0,0,11
CD4 T Cells|Non-classical Monocytes|GNAI2|FPR1,cSLE,33,33,0,0,0,0,0,0,33
CD4 T Cells|Non-classical Monocytes|GNAI2|S1PR4,aHD,5,5,0,0,0,0,0,0,5
CD4 T Cells|Non-classical Monocytes|GNAI2|S1PR4,aSLE,7,7,0,0,0,0,0,0,7
CD4 T Cells|Non-classical Monocytes|GNAI2|S1PR4,cHD,11,11,0,0,0,0,0,0,11
CD4 T Cells|Non-classical Monocytes|GNAI2|S1PR4,cSLE,33,33,0,0,0,0,0,0,33
CD4 T Cells|Non-classical Monocytes|GNAS|ADCY7,aHD,5,5,0,0,0,0,0,0,5
CD4 T Cells|Non-classical Monocytes|GNAS|ADCY7,aSLE,7,7,0,0,0,0,0,0,7
CD4 T Cells|Non-classical Monocytes|GNAS|ADCY7,cHD,11,11,0,0,0,0,0,0,11
CD4 T Cells|Non-classical Monocytes|GNAS|ADCY7,cSLE,33,33,0,0,0,0,0,0,33
CD4 T Cells|Non-classical Monocytes|HLA-A|APLP2,aHD,5,5,0,0,0,0,0,0,5
CD4 T Cells|Non-classical Monocytes|HLA-A|APLP2,aSLE,7,7,0,0,0,0,0,0,7
CD4 T Cells|Non-classical Monocytes|HLA-A|APLP2,cHD,11,11,0,0,0,0,0,0,11
CD4 T Cells|Non-classical Monocytes|HLA-A|APLP2,cSLE,33,33,0,0,0,0,0,0,33
CD4 T Cells|Non-classical Monocytes|HLA-A|LILRA1,aHD,5,5,0,0,0,0,0,0,5
CD4 T Cells|Non-classical Monocytes|HLA-A|LILRA1,aSLE,7,7,0,0,0,0,0,0,7
CD4 T Cells|Non-classical Monocytes|HLA-A|LILRA1,cHD,11,11,0,0,0,0,0,0,11
CD4 T Cells|Non-classical Monocytes|HLA-A|LILRA1,cSLE,33,33,0,0,0,0,0,0,33
CD4 T Cells|Non-classical Monocytes|HLA-A|LILRB1,aHD,5,5,0,0,0,0,0,0,5
CD4 T Cells|Non-classical Monocytes|HLA-A|LILRB1,aSLE,7,7,0,0,0,0,0,0,7
CD4 T Cells|Non-classical Monocytes|HLA-A|LILRB1,cHD,11,11,0,0,0,0,0,0,11
CD4 T Cells|Non-classical Monocytes|HLA-A|LILRB1,cSLE,33,33,0,0,0,0,0,0,33
CD4 T Cells|Non-classical Monocytes|HLA-A|LILRB2,aHD,5,5,0,0,0,0,0,0,5
CD4 T Cells|Non-classical Monocytes|HLA-A|LILRB2,aSLE,7,7,0,0,0,0,0,0,7
CD4 T Cells|Non-classical Monocytes|HLA-A|LILRB2,cHD,11,11,0,0,0,0,0,0,11
CD4 T Cells|Non-classical Monocytes|HLA-A|LILRB2,cSLE,33,33,0,0,0,0,0,0,33
CD4 T Cells|Non-classical Monocytes|HLA-B|LILRA1,aHD,5,5,0,0,0,0,0,0,5
CD4 T Cells|Non-classical Monocytes|HLA-B|LILRA1,aSLE,7,7,0,0,0,0,0,0,7
CD4 T Cells|Non-classical Monocytes|HLA-B|LILRA1,cHD,11,11,0,0,0,0,0,0,11
CD4 T Cells|Non-classical Monocytes|HLA-B|LILRA1,cSLE,33,33,0,0,0,0,0,0,33
CD4 T Cells|Non-classical Monocytes|HLA-B|LILRB1,aHD,5,5,0,0,0,0,0,0,5
CD4 T Cells|Non-classical Monocytes|HLA-B|LILRB1,aSLE,7,7,0,0,0,0,0,0,7
CD4 T Cells|Non-classical Monocytes|HLA-B|LILRB1,cHD,11,11,0,0,0,0,0,0,11
CD4 T Cells|Non-classical Monocytes|HLA-B|LILRB1,cSLE,33,33,0,0,0,0,0,0,33
CD4 T Cells|Non-classical Monocytes|HLA-B|LILRB2,aHD,5,5,0,0,0,0,0,0,5
CD4 T Cells|Non-classical Monocytes|HLA-B|LILRB2,aSLE,7,7,0,0,0,0,0,0,7
CD4 T Cells|Non-classical Monocytes|HLA-B|LILRB2,cHD,11,11,0,0,0,0,0,0,11
CD4 T Cells|Non-classical Monocytes|HLA-B|LILRB2,cSLE,33,33,0,0,0,0,0,0,33
CD4 T Cells|Non-classical Monocytes|HLA-C|LILRA1,aHD,5,5,0,0,0,0,0,0,5
CD4 T Cells|Non-classical Monocytes|HLA-C|LILRA1,aSLE,7,7,0,0,0,0,0,0,7
CD4 T Cells|Non-classical Monocytes|HLA-C|LILRA1,cHD,11,11,0,0,0,0,0,0,11
CD4 T Cells|Non-classical Monocytes|HLA-C|LILRA1,cSLE,33,33,0,0,0,0,0,0,33
CD4 T Cells|Non-classical Monocytes|HLA-C|LILRB1,aHD,5,5,0,0,0,0,0,0,5
CD4 T Cells|Non-classical Monocytes|HLA-C|LILRB1,aSLE,7,7,0,0,0,0,0,0,7
CD4 T Cells|Non-classical Monocytes|HLA-C|LILRB1,cHD,11,11,0,0,0,0,0,0,11
CD4 T Cells|Non-classical Monocytes|HLA-C|LILRB1,cSLE,33,33,0,0,0,0,0,0,33
CD4 T Cells|Non-classical Monocytes|HLA-C|LILRB2,aHD,5,5,0,0,0,0,0,0,5
CD4 T Cells|Non-classical Monocytes|HLA-C|LILRB2,aSLE,7,7,0,0,0,0,0,0,7
CD4 T Cells|Non-classical Monocytes|HLA-C|LILRB2,cHD,11,11,0,0,0,0,0,0,11
CD4 T Cells|Non-classical Monocytes|HLA-C|LILRB2,cSLE,33,33,0,0,0,0,0,0,33
CD4 T Cells|Non-classical Monocytes|HLA-DPA1|CD4,aHD,5,5,0,0,0,0,0,0,5
CD4 T Cells|Non-classical Monocytes|HLA-DPA1|CD4,aSLE,7,7,0,0,0,0,0,0,7
CD4 T Cells|Non-classical Monocytes|HLA-DPA1|CD4,cHD,8,11,0,0,3,0,0,0,11
CD4 T Cells|Non-classical Monocytes|HLA-DPA1|CD4,cSLE,32,33,0,0,1,0,0,0,33
CD4 T Cells|Non-classical Monocytes|HLA-DPB1|CD4,aHD,5,5,0,0,0,0,0,0,5
CD4 T Cells|Non-classical Monocytes|HLA-DPB1|CD4,aSLE,7,7,0,0,0,0,0,0,7
CD4 T Cells|Non-classical Monocytes|HLA-DPB1|CD4,cHD,11,11,0,0,0,0,0,0,11
CD4 T Cells|Non-classical Monocytes|HLA-DPB1|CD4,cSLE,33,33,0,0,0,0,0,0,33
CD4 T Cells|Non-classical Monocytes|HLA-F|LILRB1,aHD,5,5,0,0,0,0,0,0,5
CD4 T Cells|Non-classical Monocytes|HLA-F|LILRB1,aSLE,7,7,0,0,0,0,0,0,7
CD4 T Cells|Non-classical Monocytes|HLA-F|LILRB1,cHD,11,11,0,0,0,0,0,0,11
CD4 T Cells|Non-classical Monocytes|HLA-F|LILRB1,cSLE,33,33,0,0,0,0,0,0,33
CD4 T Cells|Non-classical Monocytes|HLA-F|LILRB2,aHD,5,5,0,0,0,0,0,0,5
CD4 T Cells|Non-classical Monocytes|HLA-F|LILRB2,aSLE,7,7,0,0,0,0,0,0,7
CD4 T Cells|Non-classical Monocytes|HLA-F|LILRB2,cHD,11,11,0,0,0,0,0,0,11
CD4 T Cells|Non-classical Monocytes|HLA-F|LILRB2,cSLE,33,33,0,0,0,0,0,0,33
CD4 T Cells|Non-classical Monocytes|HMGB1|CXCR4,aHD,5,5,0,0,0,0,0,0,5
CD4 T Cells|Non-classical Monocytes|HMGB1|CXCR4,aSLE,7,7,0,0,0,0,0,0,7
CD4 T Cells|Non-classical Monocytes|HMGB1|CXCR4,cHD,11,11,0,0,0,0,0,0,11
CD4 T Cells|Non-classical Monocytes|HMGB1|CXCR4,cSLE,33,33,0,0,0,0,0,0,33
CD4 T Cells|Non-classical Monocytes|HMGB1|HAVCR2,aHD,5,5,0,0,0,0,0,0,5
CD4 T Cells|Non-classical Monocytes|HMGB1|HAVCR2,aSLE,7,7,0,0,0,0,0,0,7
CD4 T Cells|Non-classical Monocytes|HMGB1|HAVCR2,cHD,11,11,0,0,0,0,0,0,11
CD4 T Cells|Non-classical Monocytes|HMGB1|HAVCR2,cSLE,30,33,0,0,0,3,0,0,33
CD4 T Cells|Non-classical Monocytes|HMGB1|TLR2,aHD,5,5,0,0,0,0,0,0,5
CD4 T Cells|Non-classical Monocytes|HMGB1|TLR2,aSLE,7,7,0,0,0,0,0,0,7
CD4 T Cells|Non-classical Monocytes|HMGB1|TLR2,cHD,11,11,0,0,0,0,0,0,11
CD4 T Cells|Non-classical Monocytes|HMGB1|TLR2,cSLE,33,33,0,0,0,0,0,0,33
CD4 T Cells|Non-classical Monocytes|ICAM2|ITGAL_ITGB2,aHD,5,5,0,0,0,0,0,0,5
CD4 T Cells|Non-classical Monocytes|ICAM2|ITGAL_ITGB2,aSLE,7,7,0,0,0,0,0,0,7
CD4 T Cells|Non-classical Monocytes|ICAM2|ITGAL_ITGB2,cHD,11,11,0,0,0,0,0,0,11
CD4 T Cells|Non-classical Monocytes|ICAM2|ITGAL_ITGB2,cSLE,33,33,0,0,0,0,0,0,33
CD4 T Cells|Non-classical Monocytes|ICAM3|ITGAL,aHD,5,5,0,0,0,0,0,0,5
CD4 T Cells|Non-classical Monocytes|ICAM3|ITGAL,aSLE,7,7,0,0,0,0,0,0,7
CD4 T Cells|Non-classical Monocytes|ICAM3|ITGAL,cHD,11,11,0,0,0,0,0,0,11
CD4 T Cells|Non-classical Monocytes|ICAM3|ITGAL,cSLE,33,33,0,0,0,0,0,0,33
CD4 T Cells|Non-classical Monocytes|IL16|CD4,aHD,5,5,0,0,0,0,0,0,5
CD4 T Cells|Non-classical Monocytes|IL16|CD4,aSLE,7,7,0,0,0,0,0,0,7
CD4 T Cells|Non-classical Monocytes|IL16|CD4,cHD,11,11,0,0,0,0,0,0,11
CD4 T Cells|Non-classical Monocytes|IL16|CD4,cSLE,33,33,0,0,0,0,0,0,33
CD4 T Cells|Non-classical Monocytes|LGALS1|CD69,aHD,5,5,0,0,0,0,0,0,5
CD4 T Cells|Non-classical Monocytes|LGALS1|CD69,aSLE,7,7,0,0,0,0,0,0,7
CD4 T Cells|Non-classical Monocytes|LGALS1|CD69,cHD,11,11,0,0,0,0,0,0,11
CD4 T Cells|Non-classical Monocytes|LGALS1|CD69,cSLE,33,33,0,0,0,0,0,0,33
CD4 T Cells|Non-classical Monocytes|LGALS1|ITGB1,aHD,5,5,0,0,0,0,0,0,5
CD4 T Cells|Non-classical Monocytes|LGALS1|ITGB1,aSLE,7,7,0,0,0,0,0,0,7
CD4 T Cells|Non-classical Monocytes|LGALS1|ITGB1,cHD,11,11,0,0,0,0,0,0,11
CD4 T Cells|Non-classical Monocytes|LGALS1|ITGB1,cSLE,33,33,0,0,0,0,0,0,33
CD4 T Cells|Non-classical Monocytes|LGALS1|PTPRC,aHD,5,5,0,0,0,0,0,0,5
CD4 T Cells|Non-classical Monocytes|LGALS1|PTPRC,aSLE,7,7,0,0,0,0,0,0,7
CD4 T Cells|Non-classical Monocytes|LGALS1|PTPRC,cHD,11,11,0,0,0,0,0,0,11
CD4 T Cells|Non-classical Monocytes|LGALS1|PTPRC,cSLE,33,33,0,0,0,0,0,0,33
CD4 T Cells|Non-classical Monocytes|LRPAP1|LRP1,aHD,5,5,0,0,0,0,0,0,5
CD4 T Cells|Non-classical Monocytes|LRPAP1|LRP1,aSLE,7,7,0,0,0,0,0,0,7
CD4 T Cells|Non-classical Monocytes|LRPAP1|LRP1,cHD,11,11,0,0,0,0,0,0,11
CD4 T Cells|Non-classical Monocytes|LRPAP1|LRP1,cSLE,33,33,0,0,0,0,0,0,33
CD4 T Cells|Non-classical Monocytes|LRPAP1|SORL1,aHD,5,5,0,0,0,0,0,0,5
CD4 T Cells|Non-classical Monocytes|LRPAP1|SORL1,aSLE,6,7,0,0,0,1,0,0,7
CD4 T Cells|Non-classical Monocytes|LRPAP1|SORL1,cHD,11,11,0,0,0,0,0,0,11
CD4 T Cells|Non-classical Monocytes|LRPAP1|SORL1,cSLE,29,33,0,0,0,4,0,0,33
CD4 T Cells|Non-classical Monocytes|LTB|TNFRSF1A,aHD,5,5,0,0,0,0,0,0,5
CD4 T Cells|Non-classical Monocytes|LTB|TNFRSF1A,aSLE,7,7,0,0,0,0,0,0,7
CD4 T Cells|Non-classical Monocytes|LTB|TNFRSF1A,cHD,11,11,0,0,0,0,0,0,11
CD4 T Cells|Non-classical Monocytes|LTB|TNFRSF1A,cSLE,33,33,0,0,0,0,0,0,33
CD4 T Cells|Non-classical Monocytes|MFNG|NOTCH2,aHD,5,5,0,0,0,0,0,0,5
CD4 T Cells|Non-classical Monocytes|MFNG|NOTCH2,aSLE,7,7,0,0,0,0,0,0,7
CD4 T Cells|Non-classical Monocytes|MFNG|NOTCH2,cHD,11,11,0,0,0,0,0,0,11
CD4 T Cells|Non-classical Monocytes|MFNG|NOTCH2,cSLE,33,33,0,0,0,0,0,0,33
CD4 T Cells|Non-classical Monocytes|MIF|CD44_CD74,aHD,5,5,0,0,0,0,0,0,5
CD4 T Cells|Non-classical Monocytes|MIF|CD44_CD74,aSLE,7,7,0,0,0,0,0,0,7
CD4 T Cells|Non-classical Monocytes|MIF|CD44_CD74,cHD,11,11,0,0,0,0,0,0,11
CD4 T Cells|Non-classical Monocytes|MIF|CD44_CD74,cSLE,33,33,0,0,0,0,0,0,33
CD4 T Cells|Non-classical Monocytes|MIF|CD74_CXCR4,aHD,5,5,0,0,0,0,0,0,5
CD4 T Cells|Non-classical Monocytes|MIF|CD74_CXCR4,aSLE,7,7,0,0,0,0,0,0,7
CD4 T Cells|Non-classical Monocytes|MIF|CD74_CXCR4,cHD,11,11,0,0,0,0,0,0,11
CD4 T Cells|Non-classical Monocytes|MIF|CD74_CXCR4,cSLE,33,33,0,0,0,0,0,0,33
CD4 T Cells|Non-classical Monocytes|MIF|TNFRSF14,aHD,5,5,0,0,0,0,0,0,5
CD4 T Cells|Non-classical Monocytes|MIF|TNFRSF14,aSLE,7,7,0,0,0,0,0,0,7
CD4 T Cells|Non-classical Monocytes|MIF|TNFRSF14,cHD,11,11,0,0,0,0,0,0,11
CD4 T Cells|Non-classical Monocytes|MIF|TNFRSF14,cSLE,33,33,0,0,0,0,0,0,33
CD4 T Cells|Non-classical Monocytes|PKM|CD44,aHD,5,5,0,0,0,0,0,0,5
CD4 T Cells|Non-classical Monocytes|PKM|CD44,aSLE,7,7,0,0,0,0,0,0,7
CD4 T Cells|Non-classical Monocytes|PKM|CD44,cHD,11,11,0,0,0,0,0,0,11
CD4 T Cells|Non-classical Monocytes|PKM|CD44,cSLE,33,33,0,0,0,0,0,0,33
CD4 T Cells|Non-classical Monocytes|PSAP|LRP1,aHD,5,5,0,0,0,0,0,0,5
CD4 T Cells|Non-classical Monocytes|PSAP|LRP1,aSLE,7,7,0,0,0,0,0,0,7
CD4 T Cells|Non-classical Monocytes|PSAP|LRP1,cHD,11,11,0,0,0,0,0,0,11
CD4 T Cells|Non-classical Monocytes|PSAP|LRP1,cSLE,33,33,0,0,0,0,0,0,33
CD4 T Cells|Non-classical Monocytes|PTPN6|CD300LF,aHD,5,5,0,0,0,0,0,0,5
CD4 T Cells|Non-classical Monocytes|PTPN6|CD300LF,aSLE,7,7,0,0,0,0,0,0,7
CD4 T Cells|Non-classical Monocytes|PTPN6|CD300LF,cHD,11,11,0,0,0,0,0,0,11
CD4 T Cells|Non-classical Monocytes|PTPN6|CD300LF,cSLE,33,33,0,0,0,0,0,0,33
CD4 T Cells|Non-classical Monocytes|PTPN6|CLEC12A,aHD,5,5,0,0,0,0,0,0,5
CD4 T Cells|Non-classical Monocytes|PTPN6|CLEC12A,aSLE,7,7,0,0,0,0,0,0,7
CD4 T Cells|Non-classical Monocytes|PTPN6|CLEC12A,cHD,11,11,0,0,0,0,0,0,11
CD4 T Cells|Non-classical Monocytes|PTPN6|CLEC12A,cSLE,33,33,0,0,0,0,0,0,33
CD4 T Cells|Non-classical Monocytes|RPS19|C5AR1,aHD,5,5,0,0,0,0,0,0,5
CD4 T Cells|Non-classical Monocytes|RPS19|C5AR1,aSLE,7,7,0,0,0,0,0,0,7
CD4 T Cells|Non-classical Monocytes|RPS19|C5AR1,cHD,11,11,0,0,0,0,0,0,11
CD4 T Cells|Non-classical Monocytes|RPS19|C5AR1,cSLE,33,33,0,0,0,0,0,0,33
CD4 T Cells|Non-classical Monocytes|S100A9|CD36,aHD,5,5,0,0,0,0,0,0,5
CD4 T Cells|Non-classical Monocytes|S100A9|CD36,aSLE,6,7,0,0,1,0,0,0,7
CD4 T Cells|Non-classical Monocytes|S100A9|CD36,cHD,11,11,0,0,0,0,0,0,11
CD4 T Cells|Non-classical Monocytes|S100A9|CD36,cSLE,32,33,0,0,1,0,0,0,33
CD4 T Cells|Non-classical Monocytes|S100A9|CD68,aHD,5,5,0,0,0,0,0,0,5
CD4 T Cells|Non-classical Monocytes|S100A9|CD68,aSLE,6,7,0,0,1,0,0,0,7
CD4 T Cells|Non-classical Monocytes|S100A9|CD68,cHD,11,11,0,0,0,0,0,0,11
CD4 T Cells|Non-classical Monocytes|S100A9|CD68,cSLE,32,33,0,0,1,0,0,0,33
CD4 T Cells|Non-classical Monocytes|S100A9|ITGB2,aHD,5,5,0,0,0,0,0,0,5
CD4 T Cells|Non-classical Monocytes|S100A9|ITGB2,aSLE,6,7,0,0,1,0,0,0,7
CD4 T Cells|Non-classical Monocytes|S100A9|ITGB2,cHD,11,11,0,0,0,0,0,0,11
CD4 T Cells|Non-classical Monocytes|S100A9|ITGB2,cSLE,32,33,0,0,1,0,0,0,33
CD4 T Cells|Non-classical Monocytes|SELPLG|ITGB2,aHD,5,5,0,0,0,0,0,0,5
CD4 T Cells|Non-classical Monocytes|SELPLG|ITGB2,aSLE,7,7,0,0,0,0,0,0,7
CD4 T Cells|Non-classical Monocytes|SELPLG|ITGB2,cHD,11,11,0,0,0,0,0,0,11
CD4 T Cells|Non-classical Monocytes|SELPLG|ITGB2,cSLE,33,33,0,0,0,0,0,0,33
CD4 T Cells|Non-classical Monocytes|SELPLG|SELL,aHD,5,5,0,0,0,0,0,0,5
CD4 T Cells|Non-classical Monocytes|SELPLG|SELL,aSLE,7,7,0,0,0,0,0,0,7
CD4 T Cells|Non-classical Monocytes|SELPLG|SELL,cHD,11,11,0,0,0,0,0,0,11
CD4 T Cells|Non-classical Monocytes|SELPLG|SELL,cSLE,33,33,0,0,0,0,0,0,33
CD4 T Cells|Non-classical Monocytes|SEMA4D|PLXNB2,aHD,5,5,0,0,0,0,0,0,5
CD4 T Cells|Non-classical Monocytes|SEMA4D|PLXNB2,aSLE,7,7,0,0,0,0,0,0,7
CD4 T Cells|Non-classical Monocytes|SEMA4D|PLXNB2,cHD,11,11,0,0,0,0,0,0,11
CD4 T Cells|Non-classical Monocytes|SEMA4D|PLXNB2,cSLE,32,33,0,0,1,0,0,0,33
CD4 T Cells|Non-classical Monocytes|SIRPG|CD47,aHD,5,5,0,0,0,0,0,0,5
CD4 T Cells|Non-classical Monocytes|SIRPG|CD47,aSLE,7,7,0,0,0,0,0,0,7
CD4 T Cells|Non-classical Monocytes|SIRPG|CD47,cHD,11,11,0,0,0,0,0,0,11
CD4 T Cells|Non-classical Monocytes|SIRPG|CD47,cSLE,31,33,0,0,2,0,0,0,33
CD4 T Cells|Non-classical Monocytes|TIMP1|CD63,aHD,5,5,0,0,0,0,0,0,5
CD4 T Cells|Non-classical Monocytes|TIMP1|CD63,aSLE,7,7,0,0,0,0,0,0,7
CD4 T Cells|Non-classical Monocytes|TIMP1|CD63,cHD,11,11,0,0,0,0,0,0,11
CD4 T Cells|Non-classical Monocytes|TIMP1|CD63,cSLE,33,33,0,0,0,0,0,0,33
CD4 T Cells|Non-classical Monocytes|VIM|CD44,aHD,5,5,0,0,0,0,0,0,5
CD4 T Cells|Non-classical Monocytes|VIM|CD44,aSLE,7,7,0,0,0,0,0,0,7
CD4 T Cells|Non-classical Monocytes|VIM|CD44,cHD,11,11,0,0,0,0,0,0,11
CD4 T Cells|Non-classical Monocytes|VIM|CD44,cSLE,33,33,0,0,0,0,0,0,33
CD4 T Cells|pDCs|ARF6|SMAP1,aHD,5,5,0,0,0,0,0,0,5
CD4 T Cells|pDCs|ARF6|SMAP1,aSLE,6,7,0,0,0,1,0,0,7
CD4 T Cells|pDCs|ARF6|SMAP1,cHD,9,10,0,1,0,1,0,0,11
CD4 T Cells|pDCs|ARF6|SMAP1,cSLE,16,22,0,11,0,8,0,0,33
CD4 T Cells|pDCs|CALM1|PTPRA,aHD,5,5,0,0,0,0,0,0,5
CD4 T Cells|pDCs|CALM1|PTPRA,aSLE,7,7,0,0,0,0,0,0,7
CD4 T Cells|pDCs|CALM1|PTPRA,cHD,10,10,0,1,0,0,0,0,11
CD4 T Cells|pDCs|CALM1|PTPRA,cSLE,20,22,0,11,0,5,0,0,33
CD4 T Cells|pDCs|CCL5|CXCR3,aHD,5,5,0,0,0,0,0,0,5
CD4 T Cells|pDCs|CCL5|CXCR3,aSLE,7,7,0,0,0,0,0,0,7
CD4 T Cells|pDCs|CCL5|CXCR3,cHD,8,10,0,1,3,0,0,0,11
CD4 T Cells|pDCs|CCL5|CXCR3,cSLE,19,22,0,11,3,3,0,0,33
CD4 T Cells|pDCs|CD40LG|CD53,aHD,5,5,0,0,0,0,0,0,5
CD4 T Cells|pDCs|CD40LG|CD53,aSLE,7,7,0,0,0,0,0,0,7
CD4 T Cells|pDCs|CD40LG|CD53,cHD,10,10,0,1,0,0,0,0,11
CD4 T Cells|pDCs|CD40LG|CD53,cSLE,22,22,0,11,0,0,0,0,33
CD4 T Cells|pDCs|GNAI2|ADCY7,aHD,5,5,0,0,0,0,0,0,5
CD4 T Cells|pDCs|GNAI2|ADCY7,aSLE,6,7,0,0,0,1,0,0,7
CD4 T Cells|pDCs|GNAI2|ADCY7,cHD,6,10,0,1,0,4,0,0,11
CD4 T Cells|pDCs|GNAI2|ADCY7,cSLE,17,22,0,11,0,11,0,0,33
CD4 T Cells|pDCs|GNAI2|CXCR3,aHD,5,5,0,0,0,0,0,0,5
CD4 T Cells|pDCs|GNAI2|CXCR3,aSLE,7,7,0,0,0,0,0,0,7
CD4 T Cells|pDCs|GNAI2|CXCR3,cHD,10,10,0,1,0,0,0,0,11
CD4 T Cells|pDCs|GNAI2|CXCR3,cSLE,21,22,0,11,0,3,0,0,33
CD4 T Cells|pDCs|GNAS|ADCY7,aHD,5,5,0,0,0,0,0,0,5
CD4 T Cells|pDCs|GNAS|ADCY7,aSLE,6,7,0,0,0,1,0,0,7
CD4 T Cells|pDCs|GNAS|ADCY7,cHD,6,10,0,1,0,4,0,0,11
CD4 T Cells|pDCs|GNAS|ADCY7,cSLE,17,22,0,11,0,11,0,0,33
CD4 T Cells|pDCs|HLA-A|LILRB1,aHD,5,5,0,0,0,0,0,0,5
CD4 T Cells|pDCs|HLA-A|LILRB1,aSLE,7,7,0,0,0,0,0,0,7
CD4 T Cells|pDCs|HLA-A|LILRB1,cHD,10,10,0,1,0,0,0,0,11
CD4 T Cells|pDCs|HLA-A|LILRB1,cSLE,21,22,0,11,0,6,0,0,33
CD4 T Cells|pDCs|HLA-B|LILRB1,aHD,5,5,0,0,0,0,0,0,5
CD4 T Cells|pDCs|HLA-B|LILRB1,aSLE,7,7,0,0,0,0,0,0,7
CD4 T Cells|pDCs|HLA-B|LILRB1,cHD,10,10,0,1,0,0,0,0,11
CD4 T Cells|pDCs|HLA-B|LILRB1,cSLE,21,22,0,11,0,6,0,0,33
CD4 T Cells|pDCs|HLA-C|LILRB1,aHD,5,5,0,0,0,0,0,0,5
CD4 T Cells|pDCs|HLA-C|LILRB1,aSLE,7,7,0,0,0,0,0,0,7
CD4 T Cells|pDCs|HLA-C|LILRB1,cHD,10,10,0,1,0,0,0,0,11
CD4 T Cells|pDCs|HLA-C|LILRB1,cSLE,21,22,0,11,0,6,0,0,33
CD4 T Cells|pDCs|HLA-DPA1|CD4,aHD,5,5,0,0,0,0,0,0,5
CD4 T Cells|pDCs|HLA-DPA1|CD4,aSLE,7,7,0,0,0,0,0,0,7
CD4 T Cells|pDCs|HLA-DPA1|CD4,cHD,7,10,0,1,3,0,0,0,11
CD4 T Cells|pDCs|HLA-DPA1|CD4,cSLE,20,22,0,11,1,2,0,0,33
CD4 T Cells|pDCs|HLA-DPB1|CD4,aHD,5,5,0,0,0,0,0,0,5
CD4 T Cells|pDCs|HLA-DPB1|CD4,aSLE,7,7,0,0,0,0,0,0,7
CD4 T Cells|pDCs|HLA-DPB1|CD4,cHD,10,10,0,1,0,0,0,0,11
CD4 T Cells|pDCs|HLA-DPB1|CD4,cSLE,21,22,0,11,0,2,0,0,33
CD4 T Cells|pDCs|HLA-F|LILRB1,aHD,5,5,0,0,0,0,0,0,5
CD4 T Cells|pDCs|HLA-F|LILRB1,aSLE,7,7,0,0,0,0,0,0,7
CD4 T Cells|pDCs|HLA-F|LILRB1,cHD,10,10,0,1,0,0,0,0,11
CD4 T Cells|pDCs|HLA-F|LILRB1,cSLE,21,22,0,11,0,6,0,0,33
CD4 T Cells|pDCs|HMGB1|CXCR4,aHD,5,5,0,0,0,0,0,0,5
CD4 T Cells|pDCs|HMGB1|CXCR4,aSLE,7,7,0,0,0,0,0,0,7
CD4 T Cells|pDCs|HMGB1|CXCR4,cHD,10,10,0,1,0,0,0,0,11
CD4 T Cells|pDCs|HMGB1|CXCR4,cSLE,22,22,0,11,0,0,0,0,33
CD4 T Cells|pDCs|IL16|CD4,aHD,5,5,0,0,0,0,0,0,5
CD4 T Cells|pDCs|IL16|CD4,aSLE,7,7,0,0,0,0,0,0,7
CD4 T Cells|pDCs|IL16|CD4,cHD,10,10,0,1,0,0,0,0,11
CD4 T Cells|pDCs|IL16|CD4,cSLE,21,22,0,11,0,2,0,0,33
CD4 T Cells|pDCs|LGALS1|CD69,aHD,5,5,0,0,0,0,0,0,5
CD4 T Cells|pDCs|LGALS1|CD69,aSLE,7,7,0,0,0,0,0,0,7
CD4 T Cells|pDCs|LGALS1|CD69,cHD,10,10,0,1,0,0,0,0,11
CD4 T Cells|pDCs|LGALS1|CD69,cSLE,22,22,0,11,0,0,0,0,33
CD4 T Cells|pDCs|LGALS1|ITGB1,aHD,5,5,0,0,0,0,0,0,5
CD4 T Cells|pDCs|LGALS1|ITGB1,aSLE,7,7,0,0,0,0,0,0,7
CD4 T Cells|pDCs|LGALS1|ITGB1,cHD,10,10,0,1,0,0,0,0,11
CD4 T Cells|pDCs|LGALS1|ITGB1,cSLE,22,22,0,11,0,1,0,0,33
CD4 T Cells|pDCs|LGALS1|PTPRC,aHD,5,5,0,0,0,0,0,0,5
CD4 T Cells|pDCs|LGALS1|PTPRC,aSLE,7,7,0,0,0,0,0,0,7
CD4 T Cells|pDCs|LGALS1|PTPRC,cHD,10,10,0,1,0,0,0,0,11
CD4 T Cells|pDCs|LGALS1|PTPRC,cSLE,22,22,0,11,0,0,0,0,33
CD4 T Cells|pDCs|LRPAP1|SORL1,aHD,5,5,0,0,0,0,0,0,5
CD4 T Cells|pDCs|LRPAP1|SORL1,aSLE,6,7,0,0,0,1,0,0,7
CD4 T Cells|pDCs|LRPAP1|SORL1,cHD,9,10,0,1,0,1,0,0,11
CD4 T Cells|pDCs|LRPAP1|SORL1,cSLE,19,22,0,11,0,4,0,0,33
CD4 T Cells|pDCs|MIF|CD44_CD74,aHD,5,5,0,0,0,0,0,0,5
CD4 T Cells|pDCs|MIF|CD44_CD74,aSLE,7,7,0,0,0,0,0,0,7
CD4 T Cells|pDCs|MIF|CD44_CD74,cHD,10,10,0,1,0,0,0,0,11
CD4 T Cells|pDCs|MIF|CD44_CD74,cSLE,22,22,0,11,0,1,0,0,33
CD4 T Cells|pDCs|MIF|CD74_CXCR4,aHD,5,5,0,0,0,0,0,0,5
CD4 T Cells|pDCs|MIF|CD74_CXCR4,aSLE,7,7,0,0,0,0,0,0,7
CD4 T Cells|pDCs|MIF|CD74_CXCR4,cHD,10,10,0,1,0,0,0,0,11
CD4 T Cells|pDCs|MIF|CD74_CXCR4,cSLE,22,22,0,11,0,0,0,0,33
CD4 T Cells|pDCs|MIF|TNFRSF14,aHD,5,5,0,0,0,0,0,0,5
CD4 T Cells|pDCs|MIF|TNFRSF14,aSLE,7,7,0,0,0,0,0,0,7
CD4 T Cells|pDCs|MIF|TNFRSF14,cHD,10,10,0,1,0,0,0,0,11
CD4 T Cells|pDCs|MIF|TNFRSF14,cSLE,22,22,0,11,0,0,0,0,33
CD4 T Cells|pDCs|PKM|CD44,aHD,5,5,0,0,0,0,0,0,5
CD4 T Cells|pDCs|PKM|CD44,aSLE,7,7,0,0,0,0,0,0,7
CD4 T Cells|pDCs|PKM|CD44,cHD,10,10,0,1,0,0,0,0,11
CD4 T Cells|pDCs|PKM|CD44,cSLE,22,22,0,11,0,1,0,0,33
CD4 T Cells|pDCs|S100A9|CD36,aHD,5,5,0,0,0,0,0,0,5
CD4 T Cells|pDCs|S100A9|CD36,aSLE,6,7,0,0,1,0,0,0,7
CD4 T Cells|pDCs|S100A9|CD36,cHD,9,10,0,1,0,2,0,0,11
CD4 T Cells|pDCs|S100A9|CD36,cSLE,22,22,0,11,1,2,0,0,33
CD4 T Cells|pDCs|S100A9|CD68,aHD,5,5,0,0,0,0,0,0,5
CD4 T Cells|pDCs|S100A9|CD68,aSLE,6,7,0,0,1,0,0,0,7
CD4 T Cells|pDCs|S100A9|CD68,cHD,10,10,0,1,0,0,0,0,11
CD4 T Cells|pDCs|S100A9|CD68,cSLE,22,22,0,11,1,2,0,0,33
CD4 T Cells|pDCs|S100A9|ITGB2,aHD,5,5,0,0,0,0,0,0,5
CD4 T Cells|pDCs|S100A9|ITGB2,aSLE,6,7,0,0,1,0,0,0,7
CD4 T Cells|pDCs|S100A9|ITGB2,cHD,10,10,0,1,0,1,0,0,11
CD4 T Cells|pDCs|S100A9|ITGB2,cSLE,22,22,0,11,1,0,0,0,33
CD4 T Cells|pDCs|SELPLG|ITGB2,aHD,5,5,0,0,0,0,0,0,5
CD4 T Cells|pDCs|SELPLG|ITGB2,aSLE,7,7,0,0,0,0,0,0,7
CD4 T Cells|pDCs|SELPLG|ITGB2,cHD,10,10,0,1,0,1,0,0,11
CD4 T Cells|pDCs|SELPLG|ITGB2,cSLE,22,22,0,11,0,0,0,0,33
CD4 T Cells|pDCs|SELPLG|SELL,aHD,5,5,0,0,0,0,0,0,5
CD4 T Cells|pDCs|SELPLG|SELL,aSLE,7,7,0,0,0,0,0,0,7
CD4 T Cells|pDCs|SELPLG|SELL,cHD,10,10,0,1,0,0,0,0,11
CD4 T Cells|pDCs|SELPLG|SELL,cSLE,22,22,0,11,0,0,0,0,33
CD4 T Cells|pDCs|SIRPG|CD47,aHD,5,5,0,0,0,0,0,0,5
CD4 T Cells|pDCs|SIRPG|CD47,aSLE,7,7,0,0,0,0,0,0,7
CD4 T Cells|pDCs|SIRPG|CD47,cHD,10,10,0,1,0,0,0,0,11
CD4 T Cells|pDCs|SIRPG|CD47,cSLE,20,22,0,11,2,1,0,0,33
CD4 T Cells|pDCs|TIMP1|CD63,aHD,5,5,0,0,0,0,0,0,5
CD4 T Cells|pDCs|TIMP1|CD63,aSLE,7,7,0,0,0,0,0,0,7
CD4 T Cells|pDCs|TIMP1|CD63,cHD,10,10,0,1,0,0,0,0,11
CD4 T Cells|pDCs|TIMP1|CD63,cSLE,22,22,0,11,0,0,0,0,33
CD4 T Cells|pDCs|VIM|CD44,aHD,5,5,0,0,0,0,0,0,5
CD4 T Cells|pDCs|VIM|CD44,aSLE,7,7,0,0,0,0,0,0,7
CD4 T Cells|pDCs|VIM|CD44,cHD,10,10,0,1,0,0,0,0,11
CD4 T Cells|pDCs|VIM|CD44,cSLE,22,22,0,11,0,1,0,0,33
CD8 T Cells|B Cells|CD99|CD81,aHD,5,5,0,0,0,0,0,0,5
CD8 T Cells|B Cells|CD99|CD81,aSLE,6,7,0,0,0,1,0,0,7
CD8 T Cells|B Cells|CD99|CD81,cHD,11,11,0,0,0,0,0,0,11
CD8 T Cells|B Cells|CD99|CD81,cSLE,29,33,0,0,0,4,0,0,33
CD8 T Cells|B Cells|GNAI2|S1PR4,aHD,5,5,0,0,0,0,0,0,5
CD8 T Cells|B Cells|GNAI2|S1PR4,aSLE,7,7,0,0,0,0,0,0,7
CD8 T Cells|B Cells|GNAI2|S1PR4,cHD,11,11,0,0,0,0,0,0,11
CD8 T Cells|B Cells|GNAI2|S1PR4,cSLE,29,33,0,0,0,4,0,0,33
CD8 T Cells|B Cells|HLA-A|APLP2,aHD,5,5,0,0,0,0,0,0,5
CD8 T Cells|B Cells|HLA-A|APLP2,aSLE,5,7,0,0,0,2,0,0,7
CD8 T Cells|B Cells|HLA-A|APLP2,cHD,11,11,0,0,0,0,0,0,11
CD8 T Cells|B Cells|HLA-A|APLP2,cSLE,30,33,0,0,0,3,0,0,33
CD8 T Cells|B Cells|HMGB1|CXCR4,aHD,5,5,0,0,0,0,0,0,5
CD8 T Cells|B Cells|HMGB1|CXCR4,aSLE,7,7,0,0,0,0,0,0,7
CD8 T Cells|B Cells|HMGB1|CXCR4,cHD,11,11,0,0,0,0,0,0,11
CD8 T Cells|B Cells|HMGB1|CXCR4,cSLE,33,33,0,0,0,0,0,0,33
CD8 T Cells|B Cells|LGALS1|CD69,aHD,5,5,0,0,0,0,0,0,5
CD8 T Cells|B Cells|LGALS1|CD69,aSLE,7,7,0,0,0,0,0,0,7
CD8 T Cells|B Cells|LGALS1|CD69,cHD,11,11,0,0,0,0,0,0,11
CD8 T Cells|B Cells|LGALS1|CD69,cSLE,33,33,0,0,0,0,0,0,33
CD8 T Cells|B Cells|LGALS1|ITGB1,aHD,5,5,0,0,0,0,0,0,5
CD8 T Cells|B Cells|LGALS1|ITGB1,aSLE,7,7,0,0,0,0,0,0,7
CD8 T Cells|B Cells|LGALS1|ITGB1,cHD,8,11,0,0,0,3,0,0,11
CD8 T Cells|B Cells|LGALS1|ITGB1,cSLE,25,33,0,0,0,8,0,0,33
CD8 T Cells|B Cells|LGALS1|PTPRC,aHD,5,5,0,0,0,0,0,0,5
CD8 T Cells|B Cells|LGALS1|PTPRC,aSLE,7,7,0,0,0,0,0,0,7
CD8 T Cells|B Cells|LGALS1|PTPRC,cHD,11,11,0,0,0,0,0,0,11
CD8 T Cells|B Cells|LGALS1|PTPRC,cSLE,33,33,0,0,0,0,0,0,33
CD8 T Cells|B Cells|LTB|CD40,aHD,5,5,0,0,0,0,0,0,5
CD8 T Cells|B Cells|LTB|CD40,aSLE,7,7,0,0,0,0,0,0,7
CD8 T Cells|B Cells|LTB|CD40,cHD,11,11,0,0,0,0,0,0,11
CD8 T Cells|B Cells|LTB|CD40,cSLE,33,33,0,0,0,0,0,0,33
CD8 T Cells|B Cells|MIF|CD44_CD74,aHD,5,5,0,0,0,0,0,0,5
CD8 T Cells|B Cells|MIF|CD44_CD74,aSLE,7,7,0,0,0,0,0,0,7
CD8 T Cells|B Cells|MIF|CD44_CD74,cHD,11,11,0,0,0,0,0,0,11
CD8 T Cells|B Cells|MIF|CD44_CD74,cSLE,33,33,0,0,0,0,0,0,33
CD8 T Cells|B Cells|MIF|CD74_CXCR4,aHD,5,5,0,0,0,0,0,0,5
CD8 T Cells|B Cells|MIF|CD74_CXCR4,aSLE,7,7,0,0,0,0,0,0,7
CD8 T Cells|B Cells|MIF|CD74_CXCR4,cHD,11,11,0,0,0,0,0,0,11
CD8 T Cells|B Cells|MIF|CD74_CXCR4,cSLE,33,33,0,0,0,0,0,0,33
CD8 T Cells|B Cells|MIF|TNFRSF14,aHD,5,5,0,0,0,0,0,0,5
CD8 T Cells|B Cells|MIF|TNFRSF14,aSLE,7,7,0,0,0,0,0,0,7
CD8 T Cells|B Cells|MIF|TNFRSF14,cHD,11,11,0,0,0,0,0,0,11
CD8 T Cells|B Cells|MIF|TNFRSF14,cSLE,33,33,0,0,0,0,0,0,33
CD8 T Cells|B Cells|PKM|CD44,aHD,5,5,0,0,0,0,0,0,5
CD8 T Cells|B Cells|PKM|CD44,aSLE,7,7,0,0,0,0,0,0,7
CD8 T Cells|B Cells|PKM|CD44,cHD,11,11,0,0,0,0,0,0,11
CD8 T Cells|B Cells|PKM|CD44,cSLE,33,33,0,0,0,0,0,0,33
CD8 T Cells|B Cells|SELPLG|ITGB2,aHD,5,5,0,0,0,0,0,0,5
CD8 T Cells|B Cells|SELPLG|ITGB2,aSLE,7,7,0,0,0,0,0,0,7
CD8 T Cells|B Cells|SELPLG|ITGB2,cHD,11,11,0,0,0,0,0,0,11
CD8 T Cells|B Cells|SELPLG|ITGB2,cSLE,33,33,0,0,0,0,0,0,33
CD8 T Cells|B Cells|SELPLG|SELL,aHD,5,5,0,0,0,0,0,0,5
CD8 T Cells|B Cells|SELPLG|SELL,aSLE,7,7,0,0,0,0,0,0,7
CD8 T Cells|B Cells|SELPLG|SELL,cHD,11,11,0,0,0,0,0,0,11
CD8 T Cells|B Cells|SELPLG|SELL,cSLE,33,33,0,0,0,0,0,0,33
CD8 T Cells|B Cells|SEMA4D|CD72,aHD,5,5,0,0,0,0,0,0,5
CD8 T Cells|B Cells|SEMA4D|CD72,aSLE,6,7,0,0,0,1,0,0,7
CD8 T Cells|B Cells|SEMA4D|CD72,cHD,11,11,0,0,0,0,0,0,11
CD8 T Cells|B Cells|SEMA4D|CD72,cSLE,33,33,0,0,0,0,0,0,33
CD8 T Cells|B Cells|TIMP1|CD63,aHD,5,5,0,0,0,0,0,0,5
CD8 T Cells|B Cells|TIMP1|CD63,aSLE,6,7,0,0,0,1,0,0,7
CD8 T Cells|B Cells|TIMP1|CD63,cHD,11,11,0,0,0,0,0,0,11
CD8 T Cells|B Cells|TIMP1|CD63,cSLE,31,33,0,0,1,1,0,0,33
CD8 T Cells|B Cells|VIM|CD44,aHD,5,5,0,0,0,0,0,0,5
CD8 T Cells|B Cells|VIM|CD44,aSLE,7,7,0,0,0,0,0,0,7
CD8 T Cells|B Cells|VIM|CD44,cHD,11,11,0,0,0,0,0,0,11
CD8 T Cells|B Cells|VIM|CD44,cSLE,33,33,0,0,0,0,0,0,33
CD8 T Cells|CD4 T Cells|ARF6|SMAP1,aHD,5,5,0,0,0,0,0,0,5
CD8 T Cells|CD4 T Cells|ARF6|SMAP1,aSLE,7,7,0,0,0,0,0,0,7
CD8 T Cells|CD4 T Cells|ARF6|SMAP1,cHD,11,11,0,0,0,0,0,0,11
CD8 T Cells|CD4 T Cells|ARF6|SMAP1,cSLE,31,33,0,0,0,2,0,0,33
CD8 T Cells|CD4 T Cells|CALM1|PTPRA,aHD,5,5,0,0,0,0,0,0,5
CD8 T Cells|CD4 T Cells|CALM1|PTPRA,aSLE,7,7,0,0,0,0,0,0,7
CD8 T Cells|CD4 T Cells|CALM1|PTPRA,cHD,11,11,0,0,0,0,0,0,11
CD8 T Cells|CD4 T Cells|CALM1|PTPRA,cSLE,30,33,0,0,0,3,0,0,33
CD8 T Cells|CD4 T Cells|CD47|SIRPG,aHD,5,5,0,0,0,0,0,0,5
CD8 T Cells|CD4 T Cells|CD47|SIRPG,aSLE,7,7,0,0,0,0,0,0,7
CD8 T Cells|CD4 T Cells|CD47|SIRPG,cHD,11,11,0,0,0,0,0,0,11
CD8 T Cells|CD4 T Cells|CD47|SIRPG,cSLE,31,33,0,0,0,2,0,0,33
CD8 T Cells|CD4 T Cells|CD48|CD2,aHD,5,5,0,0,0,0,0,0,5
CD8 T Cells|CD4 T Cells|CD48|CD2,aSLE,7,7,0,0,0,0,0,0,7
CD8 T Cells|CD4 T Cells|CD48|CD2,cHD,11,11,0,0,0,0,0,0,11
CD8 T Cells|CD4 T Cells|CD48|CD2,cSLE,33,33,0,0,0,0,0,0,33
CD8 T Cells|CD4 T Cells|CLEC2D|KLRB1,aHD,5,5,0,0,0,0,0,0,5
CD8 T Cells|CD4 T Cells|CLEC2D|KLRB1,aSLE,7,7,0,0,0,0,0,0,7
CD8 T Cells|CD4 T Cells|CLEC2D|KLRB1,cHD,11,11,0,0,0,0,0,0,11
CD8 T Cells|CD4 T Cells|CLEC2D|KLRB1,cSLE,33,33,0,0,0,0,0,0,33
CD8 T Cells|CD4 T Cells|GNAI2|S1PR4,aHD,5,5,0,0,0,0,0,0,5
CD8 T Cells|CD4 T Cells|GNAI2|S1PR4,aSLE,7,7,0,0,0,0,0,0,7
CD8 T Cells|CD4 T Cells|GNAI2|S1PR4,cHD,11,11,0,0,0,0,0,0,11
CD8 T Cells|CD4 T Cells|GNAI2|S1PR4,cSLE,33,33,0,0,0,0,0,0,33
CD8 T Cells|CD4 T Cells|HLA-B|CD3D,aHD,5,5,0,0,0,0,0,0,5
CD8 T Cells|CD4 T Cells|HLA-B|CD3D,aSLE,7,7,0,0,0,0,0,0,7
CD8 T Cells|CD4 T Cells|HLA-B|CD3D,cHD,11,11,0,0,0,0,0,0,11
CD8 T Cells|CD4 T Cells|HLA-B|CD3D,cSLE,33,33,0,0,0,0,0,0,33
CD8 T Cells|CD4 T Cells|HLA-DPA1|CD4,aHD,5,5,0,0,0,0,0,0,5
CD8 T Cells|CD4 T Cells|HLA-DPA1|CD4,aSLE,7,7,0,0,0,0,0,0,7
CD8 T Cells|CD4 T Cells|HLA-DPA1|CD4,cHD,11,11,0,0,0,0,0,0,11
CD8 T Cells|CD4 T Cells|HLA-DPA1|CD4,cSLE,32,33,0,0,0,1,0,0,33
CD8 T Cells|CD4 T Cells|HLA-DPB1|CD4,aHD,5,5,0,0,0,0,0,0,5
CD8 T Cells|CD4 T Cells|HLA-DPB1|CD4,aSLE,7,7,0,0,0,0,0,0,7
CD8 T Cells|CD4 T Cells|HLA-DPB1|CD4,cHD,11,11,0,0,0,0,0,0,11
CD8 T Cells|CD4 T Cells|HLA-DPB1|CD4,cSLE,32,33,0,0,0,1,0,0,33
CD8 T Cells|CD4 T Cells|HLA-DRA|CD4,aHD,5,5,0,0,0,0,0,0,5
CD8 T Cells|CD4 T Cells|HLA-DRA|CD4,aSLE,6,7,0,0,1,0,0,0,7
CD8 T Cells|CD4 T Cells|HLA-DRA|CD4,cHD,11,11,0,0,0,0,0,0,11
CD8 T Cells|CD4 T Cells|HLA-DRA|CD4,cSLE,32,33,0,0,0,1,0,0,33
CD8 T Cells|CD4 T Cells|HLA-DRB1|CD4,aHD,5,5,0,0,0,0,0,0,5
CD8 T Cells|CD4 T Cells|HLA-DRB1|CD4,aSLE,7,7,0,0,0,0,0,0,7
CD8 T Cells|CD4 T Cells|HLA-DRB1|CD4,cHD,11,11,0,0,0,0,0,0,11
CD8 T Cells|CD4 T Cells|HLA-DRB1|CD4,cSLE,32,33,0,0,0,1,0,0,33
CD8 T Cells|CD4 T Cells|HMGB1|CXCR4,aHD,5,5,0,0,0,0,0,0,5
CD8 T Cells|CD4 T Cells|HMGB1|CXCR4,aSLE,7,7,0,0,0,0,0,0,7
CD8 T Cells|CD4 T Cells|HMGB1|CXCR4,cHD,11,11,0,0,0,0,0,0,11
CD8 T Cells|CD4 T Cells|HMGB1|CXCR4,cSLE,33,33,0,0,0,0,0,0,33
CD8 T Cells|CD4 T Cells|IL16|CD4,aHD,5,5,0,0,0,0,0,0,5
CD8 T Cells|CD4 T Cells|IL16|CD4,aSLE,7,7,0,0,0,0,0,0,7
CD8 T Cells|CD4 T Cells|IL16|CD4,cHD,11,11,0,0,0,0,0,0,11
CD8 T Cells|CD4 T Cells|IL16|CD4,cSLE,32,33,0,0,0,1,0,0,33
CD8 T Cells|CD4 T Cells|LGALS1|CD69,aHD,5,5,0,0,0,0,0,0,5
CD8 T Cells|CD4 T Cells|LGALS1|CD69,aSLE,7,7,0,0,0,0,0,0,7
CD8 T Cells|CD4 T Cells|LGALS1|CD69,cHD,11,11,0,0,0,0,0,0,11
CD8 T Cells|CD4 T Cells|LGALS1|CD69,cSLE,33,33,0,0,0,0,0,0,33
CD8 T Cells|CD4 T Cells|LGALS1|ITGB1,aHD,5,5,0,0,0,0,0,0,5
CD8 T Cells|CD4 T Cells|LGALS1|ITGB1,aSLE,7,7,0,0,0,0,0,0,7
CD8 T Cells|CD4 T Cells|LGALS1|ITGB1,cHD,11,11,0,0,0,0,0,0,11
CD8 T Cells|CD4 T Cells|LGALS1|ITGB1,cSLE,33,33,0,0,0,0,0,0,33
CD8 T Cells|CD4 T Cells|LGALS1|PTPRC,aHD,5,5,0,0,0,0,0,0,5
CD8 T Cells|CD4 T Cells|LGALS1|PTPRC,aSLE,7,7,0,0,0,0,0,0,7
CD8 T Cells|CD4 T Cells|LGALS1|PTPRC,cHD,11,11,0,0,0,0,0,0,11
CD8 T Cells|CD4 T Cells|LGALS1|PTPRC,cSLE,33,33,0,0,0,0,0,0,33
CD8 T Cells|CD4 T Cells|LRPAP1|SORL1,aHD,5,5,0,0,0,0,0,0,5
CD8 T Cells|CD4 T Cells|LRPAP1|SORL1,aSLE,7,7,0,0,0,0,0,0,7
CD8 T Cells|CD4 T Cells|LRPAP1|SORL1,cHD,11,11,0,0,0,0,0,0,11
CD8 T Cells|CD4 T Cells|LRPAP1|SORL1,cSLE,33,33,0,0,0,0,0,0,33
CD8 T Cells|CD4 T Cells|MIF|CD44_CD74,aHD,5,5,0,0,0,0,0,0,5
CD8 T Cells|CD4 T Cells|MIF|CD44_CD74,aSLE,7,7,0,0,0,0,0,0,7
CD8 T Cells|CD4 T Cells|MIF|CD44_CD74,cHD,11,11,0,0,0,0,0,0,11
CD8 T Cells|CD4 T Cells|MIF|CD44_CD74,cSLE,33,33,0,0,0,0,0,0,33
CD8 T Cells|CD4 T Cells|MIF|CD74_CXCR4,aHD,5,5,0,0,0,0,0,0,5
CD8 T Cells|CD4 T Cells|MIF|CD74_CXCR4,aSLE,7,7,0,0,0,0,0,0,7
CD8 T Cells|CD4 T Cells|MIF|CD74_CXCR4,cHD,11,11,0,0,0,0,0,0,11
CD8 T Cells|CD4 T Cells|MIF|CD74_CXCR4,cSLE,33,33,0,0,0,0,0,0,33
CD8 T Cells|CD4 T Cells|MIF|TNFRSF14,aHD,5,5,0,0,0,0,0,0,5
CD8 T Cells|CD4 T Cells|MIF|TNFRSF14,aSLE,7,7,0,0,0,0,0,0,7
CD8 T Cells|CD4 T Cells|MIF|TNFRSF14,cHD,11,11,0,0,0,0,0,0,11
CD8 T Cells|CD4 T Cells|MIF|TNFRSF14,cSLE,33,33,0,0,0,0,0,0,33
CD8 T Cells|CD4 T Cells|PKM|CD44,aHD,5,5,0,0,0,0,0,0,5
CD8 T Cells|CD4 T Cells|PKM|CD44,aSLE,7,7,0,0,0,0,0,0,7
CD8 T Cells|CD4 T Cells|PKM|CD44,cHD,11,11,0,0,0,0,0,0,11
CD8 T Cells|CD4 T Cells|PKM|CD44,cSLE,33,33,0,0,0,0,0,0,33
CD8 T Cells|CD4 T Cells|SELPLG|ITGB2,aHD,5,5,0,0,0,0,0,0,5
CD8 T Cells|CD4 T Cells|SELPLG|ITGB2,aSLE,7,7,0,0,0,0,0,0,7
CD8 T Cells|CD4 T Cells|SELPLG|ITGB2,cHD,11,11,0,0,0,0,0,0,11
CD8 T Cells|CD4 T Cells|SELPLG|ITGB2,cSLE,33,33,0,0,0,0,0,0,33
CD8 T Cells|CD4 T Cells|SELPLG|SELL,aHD,5,5,0,0,0,0,0,0,5
CD8 T Cells|CD4 T Cells|SELPLG|SELL,aSLE,7,7,0,0,0,0,0,0,7
CD8 T Cells|CD4 T Cells|SELPLG|SELL,cHD,11,11,0,0,0,0,0,0,11
CD8 T Cells|CD4 T Cells|SELPLG|SELL,cSLE,33,33,0,0,0,0,0,0,33
CD8 T Cells|CD4 T Cells|TIMP1|CD63,aHD,5,5,0,0,0,0,0,0,5
CD8 T Cells|CD4 T Cells|TIMP1|CD63,aSLE,7,7,0,0,0,0,0,0,7
CD8 T Cells|CD4 T Cells|TIMP1|CD63,cHD,11,11,0,0,0,0,0,0,11
CD8 T Cells|CD4 T Cells|TIMP1|CD63,cSLE,32,33,0,0,1,1,0,0,33
CD8 T Cells|CD4 T Cells|VIM|CD44,aHD,5,5,0,0,0,0,0,0,5
CD8 T Cells|CD4 T Cells|VIM|CD44,aSLE,7,7,0,0,0,0,0,0,7
CD8 T Cells|CD4 T Cells|VIM|CD44,cHD,11,11,0,0,0,0,0,0,11
CD8 T Cells|CD4 T Cells|VIM|CD44,cSLE,33,33,0,0,0,0,0,0,33
CD8 T Cells|CD8 T Cells|CALM1|PTPRA,aHD,5,5,0,0,0,0,0,0,5
CD8 T Cells|CD8 T Cells|CALM1|PTPRA,aSLE,7,7,0,0,0,0,0,0,7
CD8 T Cells|CD8 T Cells|CALM1|PTPRA,cHD,11,11,0,0,0,0,0,0,11
CD8 T Cells|CD8 T Cells|CALM1|PTPRA,cSLE,33,33,0,0,0,0,0,0,33
CD8 T Cells|CD8 T Cells|CD48|CD2,aHD,5,5,0,0,0,0,0,0,5
CD8 T Cells|CD8 T Cells|CD48|CD2,aSLE,7,7,0,0,0,0,0,0,7
CD8 T Cells|CD8 T Cells|CD48|CD2,cHD,11,11,0,0,0,0,0,0,11
CD8 T Cells|CD8 T Cells|CD48|CD2,cSLE,33,33,0,0,0,0,0,0,33
CD8 T Cells|CD8 T Cells|CLEC2D|KLRB1,aHD,5,5,0,0,0,0,0,0,5
CD8 T Cells|CD8 T Cells|CLEC2D|KLRB1,aSLE,7,7,0,0,0,0,0,0,7
CD8 T Cells|CD8 T Cells|CLEC2D|KLRB1,cHD,11,11,0,0,0,0,0,0,11
CD8 T Cells|CD8 T Cells|CLEC2D|KLRB1,cSLE,30,33,0,0,0,3,0,0,33
CD8 T Cells|CD8 T Cells|GNAI2|S1PR4,aHD,5,5,0,0,0,0,0,0,5
CD8 T Cells|CD8 T Cells|GNAI2|S1PR4,aSLE,7,7,0,0,0,0,0,0,7
CD8 T Cells|CD8 T Cells|GNAI2|S1PR4,cHD,11,11,0,0,0,0,0,0,11
CD8 T Cells|CD8 T Cells|GNAI2|S1PR4,cSLE,32,33,0,0,0,1,0,0,33
CD8 T Cells|CD8 T Cells|HLA-A|CD8A,aHD,5,5,0,0,0,0,0,0,5
CD8 T Cells|CD8 T Cells|HLA-A|CD8A,aSLE,7,7,0,0,0,0,0,0,7
CD8 T Cells|CD8 T Cells|HLA-A|CD8A,cHD,11,11,0,0,0,0,0,0,11
CD8 T Cells|CD8 T Cells|HLA-A|CD8A,cSLE,33,33,0,0,0,0,0,0,33
CD8 T Cells|CD8 T Cells|HLA-A|CD8B,aHD,5,5,0,0,0,0,0,0,5
CD8 T Cells|CD8 T Cells|HLA-A|CD8B,aSLE,7,7,0,0,0,0,0,0,7
CD8 T Cells|CD8 T Cells|HLA-A|CD8B,cHD,11,11,0,0,0,0,0,0,11
CD8 T Cells|CD8 T Cells|HLA-A|CD8B,cSLE,33,33,0,0,0,0,0,0,33
CD8 T Cells|CD8 T Cells|HLA-B|CD3D,aHD,5,5,0,0,0,0,0,0,5
CD8 T Cells|CD8 T Cells|HLA-B|CD3D,aSLE,7,7,0,0,0,0,0,0,7
CD8 T Cells|CD8 T Cells|HLA-B|CD3D,cHD,11,11,0,0,0,0,0,0,11
CD8 T Cells|CD8 T Cells|HLA-B|CD3D,cSLE,33,33,0,0,0,0,0,0,33
CD8 T Cells|CD8 T Cells|HLA-B|CD8A,aHD,5,5,0,0,0,0,0,0,5
CD8 T Cells|CD8 T Cells|HLA-B|CD8A,aSLE,7,7,0,0,0,0,0,0,7
CD8 T Cells|CD8 T Cells|HLA-B|CD8A,cHD,11,11,0,0,0,0,0,0,11
CD8 T Cells|CD8 T Cells|HLA-B|CD8A,cSLE,33,33,0,0,0,0,0,0,33
CD8 T Cells|CD8 T Cells|HLA-B|CD8B,aHD,5,5,0,0,0,0,0,0,5
CD8 T Cells|CD8 T Cells|HLA-B|CD8B,aSLE,7,7,0,0,0,0,0,0,7
CD8 T Cells|CD8 T Cells|HLA-B|CD8B,cHD,11,11,0,0,0,0,0,0,11
CD8 T Cells|CD8 T Cells|HLA-B|CD8B,cSLE,33,33,0,0,0,0,0,0,33
CD8 T Cells|CD8 T Cells|HLA-C|CD8A,aHD,5,5,0,0,0,0,0,0,5
CD8 T Cells|CD8 T Cells|HLA-C|CD8A,aSLE,7,7,0,0,0,0,0,0,7
CD8 T Cells|CD8 T Cells|HLA-C|CD8A,cHD,11,11,0,0,0,0,0,0,11
CD8 T Cells|CD8 T Cells|HLA-C|CD8A,cSLE,33,33,0,0,0,0,0,0,33
CD8 T Cells|CD8 T Cells|HLA-C|CD8B,aHD,5,5,0,0,0,0,0,0,5
CD8 T Cells|CD8 T Cells|HLA-C|CD8B,aSLE,7,7,0,0,0,0,0,0,7
CD8 T Cells|CD8 T Cells|HLA-C|CD8B,cHD,11,11,0,0,0,0,0,0,11
CD8 T Cells|CD8 T Cells|HLA-C|CD8B,cSLE,33,33,0,0,0,0,0,0,33
CD8 T Cells|CD8 T Cells|HLA-E|CD8A,aHD,5,5,0,0,0,0,0,0,5
CD8 T Cells|CD8 T Cells|HLA-E|CD8A,aSLE,7,7,0,0,0,0,0,0,7
CD8 T Cells|CD8 T Cells|HLA-E|CD8A,cHD,11,11,0,0,0,0,0,0,11
CD8 T Cells|CD8 T Cells|HLA-E|CD8A,cSLE,33,33,0,0,0,0,0,0,33
CD8 T Cells|CD8 T Cells|HLA-E|CD8B,aHD,5,5,0,0,0,0,0,0,5
CD8 T Cells|CD8 T Cells|HLA-E|CD8B,aSLE,7,7,0,0,0,0,0,0,7
CD8 T Cells|CD8 T Cells|HLA-E|CD8B,cHD,11,11,0,0,0,0,0,0,11
CD8 T Cells|CD8 T Cells|HLA-E|CD8B,cSLE,33,33,0,0,0,0,0,0,33
CD8 T Cells|CD8 T Cells|HLA-F|CD8A,aHD,5,5,0,0,0,0,0,0,5
CD8 T Cells|CD8 T Cells|HLA-F|CD8A,aSLE,7,7,0,0,0,0,0,0,7
CD8 T Cells|CD8 T Cells|HLA-F|CD8A,cHD,11,11,0,0,0,0,0,0,11
CD8 T Cells|CD8 T Cells|HLA-F|CD8A,cSLE,33,33,0,0,0,0,0,0,33
CD8 T Cells|CD8 T Cells|HLA-F|CD8B,aHD,5,5,0,0,0,0,0,0,5
CD8 T Cells|CD8 T Cells|HLA-F|CD8B,aSLE,7,7,0,0,0,0,0,0,7
CD8 T Cells|CD8 T Cells|HLA-F|CD8B,cHD,11,11,0,0,0,0,0,0,11
CD8 T Cells|CD8 T Cells|HLA-F|CD8B,cSLE,33,33,0,0,0,0,0,0,33
CD8 T Cells|CD8 T Cells|HMGB1|CXCR4,aHD,5,5,0,0,0,0,0,0,5
CD8 T Cells|CD8 T Cells|HMGB1|CXCR4,aSLE,7,7,0,0,0,0,0,0,7
CD8 T Cells|CD8 T Cells|HMGB1|CXCR4,cHD,11,11,0,0,0,0,0,0,11
CD8 T Cells|CD8 T Cells|HMGB1|CXCR4,cSLE,33,33,0,0,0,0,0,0,33
CD8 T Cells|CD8 T Cells|LCK|CD8A_CD8B,aHD,5,5,0,0,0,0,0,0,5
CD8 T Cells|CD8 T Cells|LCK|CD8A_CD8B,aSLE,7,7,0,0,0,0,0,0,7
CD8 T Cells|CD8 T Cells|LCK|CD8A_CD8B,cHD,11,11,0,0,0,0,0,0,11
CD8 T Cells|CD8 T Cells|LCK|CD8A_CD8B,cSLE,33,33,0,0,0,0,0,0,33
CD8 T Cells|CD8 T Cells|LGALS1|CD69,aHD,5,5,0,0,0,0,0,0,5
CD8 T Cells|CD8 T Cells|LGALS1|CD69,aSLE,7,7,0,0,0,0,0,0,7
CD8 T Cells|CD8 T Cells|LGALS1|CD69,cHD,11,11,0,0,0,0,0,0,11
CD8 T Cells|CD8 T Cells|LGALS1|CD69,cSLE,33,33,0,0,0,0,0,0,33
CD8 T Cells|CD8 T Cells|LGALS1|ITGB1,aHD,5,5,0,0,0,0,0,0,5
CD8 T Cells|CD8 T Cells|LGALS1|ITGB1,aSLE,7,7,0,0,0,0,0,0,7
CD8 T Cells|CD8 T Cells|LGALS1|ITGB1,cHD,9,11,0,0,0,2,0,0,11
CD8 T Cells|CD8 T Cells|LGALS1|ITGB1,cSLE,32,33,0,0,0,1,0,0,33
CD8 T Cells|CD8 T Cells|LGALS1|PTPRC,aHD,5,5,0,0,0,0,0,0,5
CD8 T Cells|CD8 T Cells|LGALS1|PTPRC,aSLE,7,7,0,0,0,0,0,0,7
CD8 T Cells|CD8 T Cells|LGALS1|PTPRC,cHD,11,11,0,0,0,0,0,0,11
CD8 T Cells|CD8 T Cells|LGALS1|PTPRC,cSLE,33,33,0,0,0,0,0,0,33
CD8 T Cells|CD8 T Cells|LRPAP1|SORL1,aHD,5,5,0,0,0,0,0,0,5
CD8 T Cells|CD8 T Cells|LRPAP1|SORL1,aSLE,7,7,0,0,0,0,0,0,7
CD8 T Cells|CD8 T Cells|LRPAP1|SORL1,cHD,11,11,0,0,0,0,0,0,11
CD8 T Cells|CD8 T Cells|LRPAP1|SORL1,cSLE,32,33,0,0,0,1,0,0,33
CD8 T Cells|CD8 T Cells|MIF|CD44_CD74,aHD,5,5,0,0,0,0,0,0,5
CD8 T Cells|CD8 T Cells|MIF|CD44_CD74,aSLE,7,7,0,0,0,0,0,0,7
CD8 T Cells|CD8 T Cells|MIF|CD44_CD74,cHD,11,11,0,0,0,0,0,0,11
CD8 T Cells|CD8 T Cells|MIF|CD44_CD74,cSLE,33,33,0,0,0,0,0,0,33
CD8 T Cells|CD8 T Cells|MIF|CD74_CXCR4,aHD,5,5,0,0,0,0,0,0,5
CD8 T Cells|CD8 T Cells|MIF|CD74_CXCR4,aSLE,7,7,0,0,0,0,0,0,7
CD8 T Cells|CD8 T Cells|MIF|CD74_CXCR4,cHD,11,11,0,0,0,0,0,0,11
CD8 T Cells|CD8 T Cells|MIF|CD74_CXCR4,cSLE,33,33,0,0,0,0,0,0,33
CD8 T Cells|CD8 T Cells|MIF|TNFRSF14,aHD,5,5,0,0,0,0,0,0,5
CD8 T Cells|CD8 T Cells|MIF|TNFRSF14,aSLE,7,7,0,0,0,0,0,0,7
CD8 T Cells|CD8 T Cells|MIF|TNFRSF14,cHD,11,11,0,0,0,0,0,0,11
CD8 T Cells|CD8 T Cells|MIF|TNFRSF14,cSLE,33,33,0,0,0,0,0,0,33
CD8 T Cells|CD8 T Cells|PKM|CD44,aHD,5,5,0,0,0,0,0,0,5
CD8 T Cells|CD8 T Cells|PKM|CD44,aSLE,7,7,0,0,0,0,0,0,7
CD8 T Cells|CD8 T Cells|PKM|CD44,cHD,11,11,0,0,0,0,0,0,11
CD8 T Cells|CD8 T Cells|PKM|CD44,cSLE,33,33,0,0,0,0,0,0,33
CD8 T Cells|CD8 T Cells|SELPLG|ITGB2,aHD,5,5,0,0,0,0,0,0,5
CD8 T Cells|CD8 T Cells|SELPLG|ITGB2,aSLE,7,7,0,0,0,0,0,0,7
CD8 T Cells|CD8 T Cells|SELPLG|ITGB2,cHD,11,11,0,0,0,0,0,0,11
CD8 T Cells|CD8 T Cells|SELPLG|ITGB2,cSLE,33,33,0,0,0,0,0,0,33
CD8 T Cells|CD8 T Cells|SELPLG|SELL,aHD,5,5,0,0,0,0,0,0,5
CD8 T Cells|CD8 T Cells|SELPLG|SELL,aSLE,7,7,0,0,0,0,0,0,7
CD8 T Cells|CD8 T Cells|SELPLG|SELL,cHD,11,11,0,0,0,0,0,0,11
CD8 T Cells|CD8 T Cells|SELPLG|SELL,cSLE,33,33,0,0,0,0,0,0,33
CD8 T Cells|CD8 T Cells|TIMP1|CD63,aHD,5,5,0,0,0,0,0,0,5
CD8 T Cells|CD8 T Cells|TIMP1|CD63,aSLE,7,7,0,0,0,0,0,0,7
CD8 T Cells|CD8 T Cells|TIMP1|CD63,cHD,11,11,0,0,0,0,0,0,11
CD8 T Cells|CD8 T Cells|TIMP1|CD63,cSLE,32,33,0,0,1,0,0,0,33
CD8 T Cells|CD8 T Cells|VIM|CD44,aHD,5,5,0,0,0,0,0,0,5
CD8 T Cells|CD8 T Cells|VIM|CD44,aSLE,7,7,0,0,0,0,0,0,7
CD8 T Cells|CD8 T Cells|VIM|CD44,cHD,11,11,0,0,0,0,0,0,11
CD8 T Cells|CD8 T Cells|VIM|CD44,cSLE,33,33,0,0,0,0,0,0,33
CD8 T Cells|Classical Monocytes|ANXA1|FPR1,aHD,5,5,0,0,0,0,0,0,5
CD8 T Cells|Classical Monocytes|ANXA1|FPR1,aSLE,7,7,0,0,0,0,0,0,7
CD8 T Cells|Classical Monocytes|ANXA1|FPR1,cHD,11,11,0,0,0,0,0,0,11
CD8 T Cells|Classical Monocytes|ANXA1|FPR1,cSLE,33,33,0,0,0,0,0,0,33
CD8 T Cells|Classical Monocytes|ANXA2|TLR2,aHD,5,5,0,0,0,0,0,0,5
CD8 T Cells|Classical Monocytes|ANXA2|TLR2,aSLE,7,7,0,0,0,0,0,0,7
CD8 T Cells|Classical Monocytes|ANXA2|TLR2,cHD,11,11,0,0,0,0,0,0,11
CD8 T Cells|Classical Monocytes|ANXA2|TLR2,cSLE,31,33,0,0,2,0,0,0,33
CD8 T Cells|Classical Monocytes|CALR|LRP1,aHD,5,5,0,0,0,0,0,0,5
CD8 T Cells|Classical Monocytes|CALR|LRP1,aSLE,7,7,0,0,0,0,0,0,7
CD8 T Cells|Classical Monocytes|CALR|LRP1,cHD,11,11,0,0,0,0,0,0,11
CD8 T Cells|Classical Monocytes|CALR|LRP1,cSLE,33,33,0,0,0,0,0,0,33
CD8 T Cells|Classical Monocytes|CD47|SIRPA,aHD,5,5,0,0,0,0,0,0,5
CD8 T Cells|Classical Monocytes|CD47|SIRPA,aSLE,7,7,0,0,0,0,0,0,7
CD8 T Cells|Classical Monocytes|CD47|SIRPA,cHD,10,11,0,0,0,1,0,0,11
CD8 T Cells|Classical Monocytes|CD47|SIRPA,cSLE,33,33,0,0,0,0,0,0,33
CD8 T Cells|Classical Monocytes|CD99|PILRA,aHD,5,5,0,0,0,0,0,0,5
CD8 T Cells|Classical Monocytes|CD99|PILRA,aSLE,7,7,0,0,0,0,0,0,7
CD8 T Cells|Classical Monocytes|CD99|PILRA,cHD,11,11,0,0,0,0,0,0,11
CD8 T Cells|Classical Monocytes|CD99|PILRA,cSLE,33,33,0,0,0,0,0,0,33
CD8 T Cells|Classical Monocytes|CIRBP|TREM1,aHD,5,5,0,0,0,0,0,0,5
CD8 T Cells|Classical Monocytes|CIRBP|TREM1,aSLE,7,7,0,0,0,0,0,0,7
CD8 T Cells|Classical Monocytes|CIRBP|TREM1,cHD,11,11,0,0,0,0,0,0,11
CD8 T Cells|Classical Monocytes|CIRBP|TREM1,cSLE,33,33,0,0,0,0,0,0,33
CD8 T Cells|Classical Monocytes|GNAI2|ADCY7,aHD,5,5,0,0,0,0,0,0,5
CD8 T Cells|Classical Monocytes|GNAI2|ADCY7,aSLE,7,7,0,0,0,0,0,0,7
CD8 T Cells|Classical Monocytes|GNAI2|ADCY7,cHD,11,11,0,0,0,0,0,0,11
CD8 T Cells|Classical Monocytes|GNAI2|ADCY7,cSLE,33,33,0,0,0,0,0,0,33
CD8 T Cells|Classical Monocytes|GNAI2|C5AR1,aHD,5,5,0,0,0,0,0,0,5
CD8 T Cells|Classical Monocytes|GNAI2|C5AR1,aSLE,7,7,0,0,0,0,0,0,7
CD8 T Cells|Classical Monocytes|GNAI2|C5AR1,cHD,11,11,0,0,0,0,0,0,11
CD8 T Cells|Classical Monocytes|GNAI2|C5AR1,cSLE,33,33,0,0,0,0,0,0,33
CD8 T Cells|Classical Monocytes|GNAI2|FPR1,aHD,5,5,0,0,0,0,0,0,5
CD8 T Cells|Classical Monocytes|GNAI2|FPR1,aSLE,7,7,0,0,0,0,0,0,7
CD8 T Cells|Classical Monocytes|GNAI2|FPR1,cHD,11,11,0,0,0,0,0,0,11
CD8 T Cells|Classical Monocytes|GNAI2|FPR1,cSLE,33,33,0,0,0,0,0,0,33
CD8 T Cells|Classical Monocytes|GNAS|ADCY7,aHD,5,5,0,0,0,0,0,0,5
CD8 T Cells|Classical Monocytes|GNAS|ADCY7,aSLE,7,7,0,0,0,0,0,0,7
CD8 T Cells|Classical Monocytes|GNAS|ADCY7,cHD,11,11,0,0,0,0,0,0,11
CD8 T Cells|Classical Monocytes|GNAS|ADCY7,cSLE,33,33,0,0,0,0,0,0,33
CD8 T Cells|Classical Monocytes|HLA-A|APLP2,aHD,5,5,0,0,0,0,0,0,5
CD8 T Cells|Classical Monocytes|HLA-A|APLP2,aSLE,7,7,0,0,0,0,0,0,7
CD8 T Cells|Classical Monocytes|HLA-A|APLP2,cHD,11,11,0,0,0,0,0,0,11
CD8 T Cells|Classical Monocytes|HLA-A|APLP2,cSLE,33,33,0,0,0,0,0,0,33
CD8 T Cells|Classical Monocytes|HLA-A|LILRB2,aHD,5,5,0,0,0,0,0,0,5
CD8 T Cells|Classical Monocytes|HLA-A|LILRB2,aSLE,7,7,0,0,0,0,0,0,7
CD8 T Cells|Classical Monocytes|HLA-A|LILRB2,cHD,11,11,0,0,0,0,0,0,11
CD8 T Cells|Classical Monocytes|HLA-A|LILRB2,cSLE,33,33,0,0,0,0,0,0,33
CD8 T Cells|Classical Monocytes|HLA-B|LILRB2,aHD,5,5,0,0,0,0,0,0,5
CD8 T Cells|Classical Monocytes|HLA-B|LILRB2,aSLE,7,7,0,0,0,0,0,0,7
CD8 T Cells|Classical Monocytes|HLA-B|LILRB2,cHD,11,11,0,0,0,0,0,0,11
CD8 T Cells|Classical Monocytes|HLA-B|LILRB2,cSLE,33,33,0,0,0,0,0,0,33
CD8 T Cells|Classical Monocytes|HLA-C|LILRB2,aHD,5,5,0,0,0,0,0,0,5
CD8 T Cells|Classical Monocytes|HLA-C|LILRB2,aSLE,7,7,0,0,0,0,0,0,7
CD8 T Cells|Classical Monocytes|HLA-C|LILRB2,cHD,11,11,0,0,0,0,0,0,11
CD8 T Cells|Classical Monocytes|HLA-C|LILRB2,cSLE,33,33,0,0,0,0,0,0,33
CD8 T Cells|Classical Monocytes|HLA-DPA1|CD4,aHD,5,5,0,0,0,0,0,0,5
CD8 T Cells|Classical Monocytes|HLA-DPA1|CD4,aSLE,7,7,0,0,0,0,0,0,7
CD8 T Cells|Classical Monocytes|HLA-DPA1|CD4,cHD,11,11,0,0,0,0,0,0,11
CD8 T Cells|Classical Monocytes|HLA-DPA1|CD4,cSLE,33,33,0,0,0,0,0,0,33
CD8 T Cells|Classical Monocytes|HLA-DPB1|CD4,aHD,5,5,0,0,0,0,0,0,5
CD8 T Cells|Classical Monocytes|HLA-DPB1|CD4,aSLE,7,7,0,0,0,0,0,0,7
CD8 T Cells|Classical Monocytes|HLA-DPB1|CD4,cHD,11,11,0,0,0,0,0,0,11
CD8 T Cells|Classical Monocytes|HLA-DPB1|CD4,cSLE,33,33,0,0,0,0,0,0,33
CD8 T Cells|Classical Monocytes|HLA-DRA|CD4,aHD,5,5,0,0,0,0,0,0,5
CD8 T Cells|Classical Monocytes|HLA-DRA|CD4,aSLE,6,7,0,0,1,0,0,0,7
CD8 T Cells|Classical Monocytes|HLA-DRA|CD4,cHD,11,11,0,0,0,0,0,0,11
CD8 T Cells|Classical Monocytes|HLA-DRA|CD4,cSLE,33,33,0,0,0,0,0,0,33
CD8 T Cells|Classical Monocytes|HLA-DRB1|CD4,aHD,5,5,0,0,0,0,0,0,5
CD8 T Cells|Classical Monocytes|HLA-DRB1|CD4,aSLE,7,7,0,0,0,0,0,0,7
CD8 T Cells|Classical Monocytes|HLA-DRB1|CD4,cHD,11,11,0,0,0,0,0,0,11
CD8 T Cells|Classical Monocytes|HLA-DRB1|CD4,cSLE,33,33,0,0,0,0,0,0,33
CD8 T Cells|Classical Monocytes|HLA-F|LILRB2,aHD,5,5,0,0,0,0,0,0,5
CD8 T Cells|Classical Monocytes|HLA-F|LILRB2,aSLE,7,7,0,0,0,0,0,0,7
CD8 T Cells|Classical Monocytes|HLA-F|LILRB2,cHD,11,11,0,0,0,0,0,0,11
CD8 T Cells|Classical Monocytes|HLA-F|LILRB2,cSLE,33,33,0,0,0,0,0,0,33
CD8 T Cells|Classical Monocytes|HMGB1|CXCR4,aHD,5,5,0,0,0,0,0,0,5
CD8 T Cells|Classical Monocytes|HMGB1|CXCR4,aSLE,7,7,0,0,0,0,0,0,7
CD8 T Cells|Classical Monocytes|HMGB1|CXCR4,cHD,11,11,0,0,0,0,0,0,11
CD8 T Cells|Classical Monocytes|HMGB1|CXCR4,cSLE,33,33,0,0,0,0,0,0,33
CD8 T Cells|Classical Monocytes|HMGB1|TLR2,aHD,5,5,0,0,0,0,0,0,5
CD8 T Cells|Classical Monocytes|HMGB1|TLR2,aSLE,7,7,0,0,0,0,0,0,7
CD8 T Cells|Classical Monocytes|HMGB1|TLR2,cHD,11,11,0,0,0,0,0,0,11
CD8 T Cells|Classical Monocytes|HMGB1|TLR2,cSLE,33,33,0,0,0,0,0,0,33
CD8 T Cells|Classical Monocytes|ICAM2|ITGAL_ITGB2,aHD,5,5,0,0,0,0,0,0,5
CD8 T Cells|Classical Monocytes|ICAM2|ITGAL_ITGB2,aSLE,7,7,0,0,0,0,0,0,7
CD8 T Cells|Classical Monocytes|ICAM2|ITGAL_ITGB2,cHD,10,11,0,0,0,1,0,0,11
CD8 T Cells|Classical Monocytes|ICAM2|ITGAL_ITGB2,cSLE,25,33,0,0,7,2,0,0,33
CD8 T Cells|Classical Monocytes|ICAM2|ITGAM_ITGB2,aHD,5,5,0,0,0,0,0,0,5
CD8 T Cells|Classical Monocytes|ICAM2|ITGAM_ITGB2,aSLE,7,7,0,0,0,0,0,0,7
CD8 T Cells|Classical Monocytes|ICAM2|ITGAM_ITGB2,cHD,11,11,0,0,0,0,0,0,11
CD8 T Cells|Classical Monocytes|ICAM2|ITGAM_ITGB2,cSLE,26,33,0,0,7,0,0,0,33
CD8 T Cells|Classical Monocytes|ICAM3|ITGAL,aHD,5,5,0,0,0,0,0,0,5
CD8 T Cells|Classical Monocytes|ICAM3|ITGAL,aSLE,7,7,0,0,0,0,0,0,7
CD8 T Cells|Classical Monocytes|ICAM3|ITGAL,cHD,10,11,0,0,0,1,0,0,11
CD8 T Cells|Classical Monocytes|ICAM3|ITGAL,cSLE,31,33,0,0,0,2,0,0,33
CD8 T Cells|Classical Monocytes|IL16|CD4,aHD,5,5,0,0,0,0,0,0,5
CD8 T Cells|Classical Monocytes|IL16|CD4,aSLE,7,7,0,0,0,0,0,0,7
CD8 T Cells|Classical Monocytes|IL16|CD4,cHD,11,11,0,0,0,0,0,0,11
CD8 T Cells|Classical Monocytes|IL16|CD4,cSLE,33,33,0,0,0,0,0,0,33
CD8 T Cells|Classical Monocytes|LGALS1|CD69,aHD,5,5,0,0,0,0,0,0,5
CD8 T Cells|Classical Monocytes|LGALS1|CD69,aSLE,6,7,0,0,0,1,0,0,7
CD8 T Cells|Classical Monocytes|LGALS1|CD69,cHD,11,11,0,0,0,0,0,0,11
CD8 T Cells|Classical Monocytes|LGALS1|CD69,cSLE,33,33,0,0,0,0,0,0,33
CD8 T Cells|Classical Monocytes|LGALS1|ITGB1,aHD,5,5,0,0,0,0,0,0,5
CD8 T Cells|Classical Monocytes|LGALS1|ITGB1,aSLE,7,7,0,0,0,0,0,0,7
CD8 T Cells|Classical Monocytes|LGALS1|ITGB1,cHD,11,11,0,0,0,0,0,0,11
CD8 T Cells|Classical Monocytes|LGALS1|ITGB1,cSLE,33,33,0,0,0,0,0,0,33
CD8 T Cells|Classical Monocytes|LGALS1|PTPRC,aHD,5,5,0,0,0,0,0,0,5
CD8 T Cells|Classical Monocytes|LGALS1|PTPRC,aSLE,7,7,0,0,0,0,0,0,7
CD8 T Cells|Classical Monocytes|LGALS1|PTPRC,cHD,11,11,0,0,0,0,0,0,11
CD8 T Cells|Classical Monocytes|LGALS1|PTPRC,cSLE,33,33,0,0,0,0,0,0,33
CD8 T Cells|Classical Monocytes|LRPAP1|LRP1,aHD,5,5,0,0,0,0,0,0,5
CD8 T Cells|Classical Monocytes|LRPAP1|LRP1,aSLE,7,7,0,0,0,0,0,0,7
CD8 T Cells|Classical Monocytes|LRPAP1|LRP1,cHD,11,11,0,0,0,0,0,0,11
CD8 T Cells|Classical Monocytes|LRPAP1|LRP1,cSLE,33,33,0,0,0,0,0,0,33
CD8 T Cells|Classical Monocytes|LRPAP1|SORL1,aHD,5,5,0,0,0,0,0,0,5
CD8 T Cells|Classical Monocytes|LRPAP1|SORL1,aSLE,7,7,0,0,0,0,0,0,7
CD8 T Cells|Classical Monocytes|LRPAP1|SORL1,cHD,11,11,0,0,0,0,0,0,11
CD8 T Cells|Classical Monocytes|LRPAP1|SORL1,cSLE,31,33,0,0,0,2,0,0,33
CD8 T Cells|Classical Monocytes|LTB|TNFRSF1A,aHD,5,5,0,0,0,0,0,0,5
CD8 T Cells|Classical Monocytes|LTB|TNFRSF1A,aSLE,7,7,0,0,0,0,0,0,7
CD8 T Cells|Classical Monocytes|LTB|TNFRSF1A,cHD,11,11,0,0,0,0,0,0,11
CD8 T Cells|Classical Monocytes|LTB|TNFRSF1A,cSLE,33,33,0,0,0,0,0,0,33
CD8 T Cells|Classical Monocytes|MFNG|NOTCH2,aHD,5,5,0,0,0,0,0,0,5
CD8 T Cells|Classical Monocytes|MFNG|NOTCH2,aSLE,7,7,0,0,0,0,0,0,7
CD8 T Cells|Classical Monocytes|MFNG|NOTCH2,cHD,11,11,0,0,0,0,0,0,11
CD8 T Cells|Classical Monocytes|MFNG|NOTCH2,cSLE,33,33,0,0,0,0,0,0,33
CD8 T Cells|Classical Monocytes|MIF|CD44_CD74,aHD,5,5,0,0,0,0,0,0,5
CD8 T Cells|Classical Monocytes|MIF|CD44_CD74,aSLE,7,7,0,0,0,0,0,0,7
CD8 T Cells|Classical Monocytes|MIF|CD44_CD74,cHD,11,11,0,0,0,0,0,0,11
CD8 T Cells|Classical Monocytes|MIF|CD44_CD74,cSLE,33,33,0,0,0,0,0,0,33
CD8 T Cells|Classical Monocytes|MIF|CD74_CXCR4,aHD,5,5,0,0,0,0,0,0,5
CD8 T Cells|Classical Monocytes|MIF|CD74_CXCR4,aSLE,7,7,0,0,0,0,0,0,7
CD8 T Cells|Classical Monocytes|MIF|CD74_CXCR4,cHD,11,11,0,0,0,0,0,0,11
CD8 T Cells|Classical Monocytes|MIF|CD74_CXCR4,cSLE,33,33,0,0,0,0,0,0,33
CD8 T Cells|Classical Monocytes|MIF|TNFRSF14,aHD,5,5,0,0,0,0,0,0,5
CD8 T Cells|Classical Monocytes|MIF|TNFRSF14,aSLE,7,7,0,0,0,0,0,0,7
CD8 T Cells|Classical Monocytes|MIF|TNFRSF14,cHD,11,11,0,0,0,0,0,0,11
CD8 T Cells|Classical Monocytes|MIF|TNFRSF14,cSLE,33,33,0,0,0,0,0,0,33
CD8 T Cells|Classical Monocytes|PKM|CD44,aHD,5,5,0,0,0,0,0,0,5
CD8 T Cells|Classical Monocytes|PKM|CD44,aSLE,7,7,0,0,0,0,0,0,7
CD8 T Cells|Classical Monocytes|PKM|CD44,cHD,11,11,0,0,0,0,0,0,11
CD8 T Cells|Classical Monocytes|PKM|CD44,cSLE,33,33,0,0,0,0,0,0,33
CD8 T Cells|Classical Monocytes|PSAP|LRP1,aHD,5,5,0,0,0,0,0,0,5
CD8 T Cells|Classical Monocytes|PSAP|LRP1,aSLE,7,7,0,0,0,0,0,0,7
CD8 T Cells|Classical Monocytes|PSAP|LRP1,cHD,11,11,0,0,0,0,0,0,11
CD8 T Cells|Classical Monocytes|PSAP|LRP1,cSLE,33,33,0,0,0,0,0,0,33
CD8 T Cells|Classical Monocytes|PTPN6|CD300LF,aHD,5,5,0,0,0,0,0,0,5
CD8 T Cells|Classical Monocytes|PTPN6|CD300LF,aSLE,7,7,0,0,0,0,0,0,7
CD8 T Cells|Classical Monocytes|PTPN6|CD300LF,cHD,11,11,0,0,0,0,0,0,11
CD8 T Cells|Classical Monocytes|PTPN6|CD300LF,cSLE,28,33,0,0,0,5,0,0,33
CD8 T Cells|Classical Monocytes|PTPN6|CLEC12A,aHD,5,5,0,0,0,0,0,0,5
CD8 T Cells|Classical Monocytes|PTPN6|CLEC12A,aSLE,7,7,0,0,0,0,0,0,7
CD8 T Cells|Classical Monocytes|PTPN6|CLEC12A,cHD,11,11,0,0,0,0,0,0,11
CD8 T Cells|Classical Monocytes|PTPN6|CLEC12A,cSLE,33,33,0,0,0,0,0,0,33
CD8 T Cells|Classical Monocytes|RPS19|C5AR1,aHD,5,5,0,0,0,0,0,0,5
CD8 T Cells|Classical Monocytes|RPS19|C5AR1,aSLE,7,7,0,0,0,0,0,0,7
CD8 T Cells|Classical Monocytes|RPS19|C5AR1,cHD,11,11,0,0,0,0,0,0,11
CD8 T Cells|Classical Monocytes|RPS19|C5AR1,cSLE,33,33,0,0,0,0,0,0,33
CD8 T Cells|Classical Monocytes|SELPLG|ITGAM,aHD,5,5,0,0,0,0,0,0,5
CD8 T Cells|Classical Monocytes|SELPLG|ITGAM,aSLE,7,7,0,0,0,0,0,0,7
CD8 T Cells|Classical Monocytes|SELPLG|ITGAM,cHD,11,11,0,0,0,0,0,0,11
CD8 T Cells|Classical Monocytes|SELPLG|ITGAM,cSLE,33,33,0,0,0,0,0,0,33
CD8 T Cells|Classical Monocytes|SELPLG|ITGB2,aHD,5,5,0,0,0,0,0,0,5
CD8 T Cells|Classical Monocytes|SELPLG|ITGB2,aSLE,7,7,0,0,0,0,0,0,7
CD8 T Cells|Classical Monocytes|SELPLG|ITGB2,cHD,11,11,0,0,0,0,0,0,11
CD8 T Cells|Classical Monocytes|SELPLG|ITGB2,cSLE,33,33,0,0,0,0,0,0,33
CD8 T Cells|Classical Monocytes|SELPLG|SELL,aHD,5,5,0,0,0,0,0,0,5
CD8 T Cells|Classical Monocytes|SELPLG|SELL,aSLE,7,7,0,0,0,0,0,0,7
CD8 T Cells|Classical Monocytes|SELPLG|SELL,cHD,11,11,0,0,0,0,0,0,11
CD8 T Cells|Classical Monocytes|SELPLG|SELL,cSLE,33,33,0,0,0,0,0,0,33
CD8 T Cells|Classical Monocytes|TIMP1|CD63,aHD,5,5,0,0,0,0,0,0,5
CD8 T Cells|Classical Monocytes|TIMP1|CD63,aSLE,7,7,0,0,0,0,0,0,7
CD8 T Cells|Classical Monocytes|TIMP1|CD63,cHD,11,11,0,0,0,0,0,0,11
CD8 T Cells|Classical Monocytes|TIMP1|CD63,cSLE,32,33,0,0,1,0,0,0,33
CD8 T Cells|Classical Monocytes|VIM|CD44,aHD,5,5,0,0,0,0,0,0,5
CD8 T Cells|Classical Monocytes|VIM|CD44,aSLE,7,7,0,0,0,0,0,0,7
CD8 T Cells|Classical Monocytes|VIM|CD44,cHD,11,11,0,0,0,0,0,0,11
CD8 T Cells|Classical Monocytes|VIM|CD44,cSLE,33,33,0,0,0,0,0,0,33
CD8 T Cells|NK Cells|B2M|KLRD1,aHD,5,5,0,0,0,0,0,0,5
CD8 T Cells|NK Cells|B2M|KLRD1,aSLE,7,7,0,0,0,0,0,0,7
CD8 T Cells|NK Cells|B2M|KLRD1,cHD,11,11,0,0,0,0,0,0,11
CD8 T Cells|NK Cells|B2M|KLRD1,cSLE,33,33,0,0,0,0,0,0,33
CD8 T Cells|NK Cells|BAG6|NCR3,aHD,5,5,0,0,0,0,0,0,5
CD8 T Cells|NK Cells|BAG6|NCR3,aSLE,6,7,0,0,0,1,0,0,7
CD8 T Cells|NK Cells|BAG6|NCR3,cHD,9,11,0,0,2,0,0,0,11
CD8 T Cells|NK Cells|BAG6|NCR3,cSLE,26,33,0,0,7,0,0,0,33
CD8 T Cells|NK Cells|CALM1|PTPRA,aHD,5,5,0,0,0,0,0,0,5
CD8 T Cells|NK Cells|CALM1|PTPRA,aSLE,7,7,0,0,0,0,0,0,7
CD8 T Cells|NK Cells|CALM1|PTPRA,cHD,11,11,0,0,0,0,0,0,11
CD8 T Cells|NK Cells|CALM1|PTPRA,cSLE,33,33,0,0,0,0,0,0,33
CD8 T Cells|NK Cells|CD48|CD2,aHD,5,5,0,0,0,0,0,0,5
CD8 T Cells|NK Cells|CD48|CD2,aSLE,7,7,0,0,0,0,0,0,7
CD8 T Cells|NK Cells|CD48|CD2,cHD,11,11,0,0,0,0,0,0,11
CD8 T Cells|NK Cells|CD48|CD2,cSLE,33,33,0,0,0,0,0,0,33
CD8 T Cells|NK Cells|CD48|CD244,aHD,5,5,0,0,0,0,0,0,5
CD8 T Cells|NK Cells|CD48|CD244,aSLE,5,7,0,0,0,2,0,0,7
CD8 T Cells|NK Cells|CD48|CD244,cHD,11,11,0,0,0,0,0,0,11
CD8 T Cells|NK Cells|CD48|CD244,cSLE,32,33,0,0,0,1,0,0,33
CD8 T Cells|NK Cells|CLEC2B|KLRF1,aHD,5,5,0,0,0,0,0,0,5
CD8 T Cells|NK Cells|CLEC2B|KLRF1,aSLE,6,7,0,0,0,1,0,0,7
CD8 T Cells|NK Cells|CLEC2B|KLRF1,cHD,11,11,0,0,0,0,0,0,11
CD8 T Cells|NK Cells|CLEC2B|KLRF1,cSLE,33,33,0,0,0,0,0,0,33
CD8 T Cells|NK Cells|CLEC2D|KLRB1,aHD,5,5,0,0,0,0,0,0,5
CD8 T Cells|NK Cells|CLEC2D|KLRB1,aSLE,7,7,0,0,0,0,0,0,7
CD8 T Cells|NK Cells|CLEC2D|KLRB1,cHD,11,11,0,0,0,0,0,0,11
CD8 T Cells|NK Cells|CLEC2D|KLRB1,cSLE,33,33,0,0,0,0,0,0,33
CD8 T Cells|NK Cells|GNAI2|S1PR4,aHD,5,5,0,0,0,0,0,0,5
CD8 T Cells|NK Cells|GNAI2|S1PR4,aSLE,7,7,0,0,0,0,0,0,7
CD8 T Cells|NK Cells|GNAI2|S1PR4,cHD,11,11,0,0,0,0,0,0,11
CD8 T Cells|NK Cells|GNAI2|S1PR4,cSLE,31,33,0,0,0,2,0,0,33
CD8 T Cells|NK Cells|GNAI2|S1PR5,aHD,5,5,0,0,0,0,0,0,5
CD8 T Cells|NK Cells|GNAI2|S1PR5,aSLE,7,7,0,0,0,0,0,0,7
CD8 T Cells|NK Cells|GNAI2|S1PR5,cHD,11,11,0,0,0,0,0,0,11
CD8 T Cells|NK Cells|GNAI2|S1PR5,cSLE,33,33,0,0,0,0,0,0,33
CD8 T Cells|NK Cells|GNAS|PTGDR,aHD,5,5,0,0,0,0,0,0,5
CD8 T Cells|NK Cells|GNAS|PTGDR,aSLE,7,7,0,0,0,0,0,0,7
CD8 T Cells|NK Cells|GNAS|PTGDR,cHD,11,11,0,0,0,0,0,0,11
CD8 T Cells|NK Cells|GNAS|PTGDR,cSLE,32,33,0,0,0,1,0,0,33
CD8 T Cells|NK Cells|HLA-A|CD8A,aHD,5,5,0,0,0,0,0,0,5
CD8 T Cells|NK Cells|HLA-A|CD8A,aSLE,7,7,0,0,0,0,0,0,7
CD8 T Cells|NK Cells|HLA-A|CD8A,cHD,8,11,0,0,0,3,0,0,11
CD8 T Cells|NK Cells|HLA-A|CD8A,cSLE,22,33,0,0,0,11,0,0,33
CD8 T Cells|NK Cells|HLA-B|CD3D,aHD,5,5,0,0,0,0,0,0,5
CD8 T Cells|NK Cells|HLA-B|CD3D,aSLE,7,7,0,0,0,0,0,0,7
CD8 T Cells|NK Cells|HLA-B|CD3D,cHD,8,11,0,0,0,3,0,0,11
CD8 T Cells|NK Cells|HLA-B|CD3D,cSLE,28,33,0,0,0,5,0,0,33
CD8 T Cells|NK Cells|HLA-B|CD8A,aHD,5,5,0,0,0,0,0,0,5
CD8 T Cells|NK Cells|HLA-B|CD8A,aSLE,7,7,0,0,0,0,0,0,7
CD8 T Cells|NK Cells|HLA-B|CD8A,cHD,8,11,0,0,0,3,0,0,11
CD8 T Cells|NK Cells|HLA-B|CD8A,cSLE,22,33,0,0,0,11,0,0,33
CD8 T Cells|NK Cells|HLA-B|KLRD1,aHD,5,5,0,0,0,0,0,0,5
CD8 T Cells|NK Cells|HLA-B|KLRD1,aSLE,7,7,0,0,0,0,0,0,7
CD8 T Cells|NK Cells|HLA-B|KLRD1,cHD,11,11,0,0,0,0,0,0,11
CD8 T Cells|NK Cells|HLA-B|KLRD1,cSLE,33,33,0,0,0,0,0,0,33
CD8 T Cells|NK Cells|HLA-C|CD8A,aHD,5,5,0,0,0,0,0,0,5
CD8 T Cells|NK Cells|HLA-C|CD8A,aSLE,7,7,0,0,0,0,0,0,7
CD8 T Cells|NK Cells|HLA-C|CD8A,cHD,8,11,0,0,0,3,0,0,11
CD8 T Cells|NK Cells|HLA-C|CD8A,cSLE,22,33,0,0,0,11,0,0,33
CD8 T Cells|NK Cells|HLA-E|CD8A,aHD,5,5,0,0,0,0,0,0,5
CD8 T Cells|NK Cells|HLA-E|CD8A,aSLE,7,7,0,0,0,0,0,0,7
CD8 T Cells|NK Cells|HLA-E|CD8A,cHD,8,11,0,0,0,3,0,0,11
CD8 T Cells|NK Cells|HLA-E|CD8A,cSLE,22,33,0,0,0,11,0,0,33
CD8 T Cells|NK Cells|HLA-F|CD8A,aHD,5,5,0,0,0,0,0,0,5
CD8 T Cells|NK Cells|HLA-F|CD8A,aSLE,7,7,0,0,0,0,0,0,7
CD8 T Cells|NK Cells|HLA-F|CD8A,cHD,8,11,0,0,0,3,0,0,11
CD8 T Cells|NK Cells|HLA-F|CD8A,cSLE,22,33,0,0,0,11,0,0,33
CD8 T Cells|NK Cells|HMGB1|CXCR4,aHD,5,5,0,0,0,0,0,0,5
CD8 T Cells|NK Cells|HMGB1|CXCR4,aSLE,7,7,0,0,0,0,0,0,7
CD8 T Cells|NK Cells|HMGB1|CXCR4,cHD,11,11,0,0,0,0,0,0,11
CD8 T Cells|NK Cells|HMGB1|CXCR4,cSLE,33,33,0,0,0,0,0,0,33
CD8 T Cells|NK Cells|ICAM2|ITGAL_ITGB2,aHD,5,5,0,0,0,0,0,0,5
CD8 T Cells|NK Cells|ICAM2|ITGAL_ITGB2,aSLE,7,7,0,0,0,0,0,0,7
CD8 T Cells|NK Cells|ICAM2|ITGAL_ITGB2,cHD,11,11,0,0,0,0,0,0,11
CD8 T Cells|NK Cells|ICAM2|ITGAL_ITGB2,cSLE,26,33,0,0,7,0,0,0,33
CD8 T Cells|NK Cells|ICAM2|ITGAM_ITGB2,aHD,5,5,0,0,0,0,0,0,5
CD8 T Cells|NK Cells|ICAM2|ITGAM_ITGB2,aSLE,6,7,0,0,0,1,0,0,7
CD8 T Cells|NK Cells|ICAM2|ITGAM_ITGB2,cHD,11,11,0,0,0,0,0,0,11
CD8 T Cells|NK Cells|ICAM2|ITGAM_ITGB2,cSLE,26,33,0,0,7,0,0,0,33
CD8 T Cells|NK Cells|ICAM3|ITGAL,aHD,5,5,0,0,0,0,0,0,5
CD8 T Cells|NK Cells|ICAM3|ITGAL,aSLE,7,7,0,0,0,0,0,0,7
CD8 T Cells|NK Cells|ICAM3|ITGAL,cHD,11,11,0,0,0,0,0,0,11
CD8 T Cells|NK Cells|ICAM3|ITGAL,cSLE,33,33,0,0,0,0,0,0,33
CD8 T Cells|NK Cells|LGALS1|CD69,aHD,5,5,0,0,0,0,0,0,5
CD8 T Cells|NK Cells|LGALS1|CD69,aSLE,7,7,0,0,0,0,0,0,7
CD8 T Cells|NK Cells|LGALS1|CD69,cHD,11,11,0,0,0,0,0,0,11
CD8 T Cells|NK Cells|LGALS1|CD69,cSLE,33,33,0,0,0,0,0,0,33
CD8 T Cells|NK Cells|LGALS1|ITGB1,aHD,5,5,0,0,0,0,0,0,5
CD8 T Cells|NK Cells|LGALS1|ITGB1,aSLE,7,7,0,0,0,0,0,0,7
CD8 T Cells|NK Cells|LGALS1|ITGB1,cHD,11,11,0,0,0,0,0,0,11
CD8 T Cells|NK Cells|LGALS1|ITGB1,cSLE,33,33,0,0,0,0,0,0,33
CD8 T Cells|NK Cells|LGALS1|PTPRC,aHD,5,5,0,0,0,0,0,0,5
CD8 T Cells|NK Cells|LGALS1|PTPRC,aSLE,7,7,0,0,0,0,0,0,7
CD8 T Cells|NK Cells|LGALS1|PTPRC,cHD,11,11,0,0,0,0,0,0,11
CD8 T Cells|NK Cells|LGALS1|PTPRC,cSLE,33,33,0,0,0,0,0,0,33
CD8 T Cells|NK Cells|LRPAP1|SORL1,aHD,5,5,0,0,0,0,0,0,5
CD8 T Cells|NK Cells|LRPAP1|SORL1,aSLE,7,7,0,0,0,0,0,0,7
CD8 T Cells|NK Cells|LRPAP1|SORL1,cHD,11,11,0,0,0,0,0,0,11
CD8 T Cells|NK Cells|LRPAP1|SORL1,cSLE,32,33,0,0,0,1,0,0,33
CD8 T Cells|NK Cells|MIF|CD44_CD74,aHD,5,5,0,0,0,0,0,0,5
CD8 T Cells|NK Cells|MIF|CD44_CD74,aSLE,7,7,0,0,0,0,0,0,7
CD8 T Cells|NK Cells|MIF|CD44_CD74,cHD,11,11,0,0,0,0,0,0,11
CD8 T Cells|NK Cells|MIF|CD44_CD74,cSLE,33,33,0,0,0,0,0,0,33
CD8 T Cells|NK Cells|MIF|CD74_CXCR4,aHD,5,5,0,0,0,0,0,0,5
CD8 T Cells|NK Cells|MIF|CD74_CXCR4,aSLE,7,7,0,0,0,0,0,0,7
CD8 T Cells|NK Cells|MIF|CD74_CXCR4,cHD,11,11,0,0,0,0,0,0,11
CD8 T Cells|NK Cells|MIF|CD74_CXCR4,cSLE,33,33,0,0,0,0,0,0,33
CD8 T Cells|NK Cells|MIF|TNFRSF14,aHD,5,5,0,0,0,0,0,0,5
CD8 T Cells|NK Cells|MIF|TNFRSF14,aSLE,7,7,0,0,0,0,0,0,7
CD8 T Cells|NK Cells|MIF|TNFRSF14,cHD,11,11,0,0,0,0,0,0,11
CD8 T Cells|NK Cells|MIF|TNFRSF14,cSLE,33,33,0,0,0,0,0,0,33
CD8 T Cells|NK Cells|PKM|CD44,aHD,5,5,0,0,0,0,0,0,5
CD8 T Cells|NK Cells|PKM|CD44,aSLE,7,7,0,0,0,0,0,0,7
CD8 T Cells|NK Cells|PKM|CD44,cHD,11,11,0,0,0,0,0,0,11
CD8 T Cells|NK Cells|PKM|CD44,cSLE,33,33,0,0,0,0,0,0,33
CD8 T Cells|NK Cells|SELPLG|ITGAM,aHD,5,5,0,0,0,0,0,0,5
CD8 T Cells|NK Cells|SELPLG|ITGAM,aSLE,6,7,0,0,0,1,0,0,7
CD8 T Cells|NK Cells|SELPLG|ITGAM,cHD,11,11,0,0,0,0,0,0,11
CD8 T Cells|NK Cells|SELPLG|ITGAM,cSLE,33,33,0,0,0,0,0,0,33
CD8 T Cells|NK Cells|SELPLG|ITGB2,aHD,5,5,0,0,0,0,0,0,5
CD8 T Cells|NK Cells|SELPLG|ITGB2,aSLE,7,7,0,0,0,0,0,0,7
CD8 T Cells|NK Cells|SELPLG|ITGB2,cHD,11,11,0,0,0,0,0,0,11
CD8 T Cells|NK Cells|SELPLG|ITGB2,cSLE,33,33,0,0,0,0,0,0,33
CD8 T Cells|NK Cells|SELPLG|SELL,aHD,5,5,0,0,0,0,0,0,5
CD8 T Cells|NK Cells|SELPLG|SELL,aSLE,7,7,0,0,0,0,0,0,7
CD8 T Cells|NK Cells|SELPLG|SELL,cHD,11,11,0,0,0,0,0,0,11
CD8 T Cells|NK Cells|SELPLG|SELL,cSLE,33,33,0,0,0,0,0,0,33
CD8 T Cells|NK Cells|TIMP1|CD63,aHD,5,5,0,0,0,0,0,0,5
CD8 T Cells|NK Cells|TIMP1|CD63,aSLE,7,7,0,0,0,0,0,0,7
CD8 T Cells|NK Cells|TIMP1|CD63,cHD,11,11,0,0,0,0,0,0,11
CD8 T Cells|NK Cells|TIMP1|CD63,cSLE,32,33,0,0,1,0,0,0,33
CD8 T Cells|NK Cells|VIM|CD44,aHD,5,5,0,0,0,0,0,0,5
CD8 T Cells|NK Cells|VIM|CD44,aSLE,7,7,0,0,0,0,0,0,7
CD8 T Cells|NK Cells|VIM|CD44,cHD,11,11,0,0,0,0,0,0,11
CD8 T Cells|NK Cells|VIM|CD44,cSLE,33,33,0,0,0,0,0,0,33
CD8 T Cells|Non-classical Monocytes|ANXA1|FPR1,aHD,5,5,0,0,0,0,0,0,5
CD8 T Cells|Non-classical Monocytes|ANXA1|FPR1,aSLE,7,7,0,0,0,0,0,0,7
CD8 T Cells|Non-classical Monocytes|ANXA1|FPR1,cHD,10,11,0,0,0,1,0,0,11
CD8 T Cells|Non-classical Monocytes|ANXA1|FPR1,cSLE,33,33,0,0,0,0,0,0,33
CD8 T Cells|Non-classical Monocytes|ANXA2|TLR2,aHD,5,5,0,0,0,0,0,0,5
CD8 T Cells|Non-classical Monocytes|ANXA2|TLR2,aSLE,7,7,0,0,0,0,0,0,7
CD8 T Cells|Non-classical Monocytes|ANXA2|TLR2,cHD,11,11,0,0,0,0,0,0,11
CD8 T Cells|Non-classical Monocytes|ANXA2|TLR2,cSLE,31,33,0,0,2,0,0,0,33
CD8 T Cells|Non-classical Monocytes|ARF6|SMAP1,aHD,5,5,0,0,0,0,0,0,5
CD8 T Cells|Non-classical Monocytes|ARF6|SMAP1,aSLE,7,7,0,0,0,0,0,0,7
CD8 T Cells|Non-classical Monocytes|ARF6|SMAP1,cHD,11,11,0,0,0,0,0,0,11
CD8 T Cells|Non-classical Monocytes|ARF6|SMAP1,cSLE,32,33,0,0,0,1,0,0,33
CD8 T Cells|Non-classical Monocytes|CALM1|PTPRA,aHD,5,5,0,0,0,0,0,0,5
CD8 T Cells|Non-classical Monocytes|CALM1|PTPRA,aSLE,7,7,0,0,0,0,0,0,7
CD8 T Cells|Non-classical Monocytes|CALM1|PTPRA,cHD,11,11,0,0,0,0,0,0,11
CD8 T Cells|Non-classical Monocytes|CALM1|PTPRA,cSLE,28,33,0,0,0,5,0,0,33
CD8 T Cells|Non-classical Monocytes|CALR|LRP1,aHD,5,5,0,0,0,0,0,0,5
CD8 T Cells|Non-classical Monocytes|CALR|LRP1,aSLE,7,7,0,0,0,0,0,0,7
CD8 T Cells|Non-classical Monocytes|CALR|LRP1,cHD,11,11,0,0,0,0,0,0,11
CD8 T Cells|Non-classical Monocytes|CALR|LRP1,cSLE,33,33,0,0,0,0,0,0,33
CD8 T Cells|Non-classical Monocytes|CD52|SIGLEC10,aHD,5,5,0,0,0,0,0,0,5
CD8 T Cells|Non-classical Monocytes|CD52|SIGLEC10,aSLE,7,7,0,0,0,0,0,0,7
CD8 T Cells|Non-classical Monocytes|CD52|SIGLEC10,cHD,11,11,0,0,0,0,0,0,11
CD8 T Cells|Non-classical Monocytes|CD52|SIGLEC10,cSLE,32,33,0,0,0,1,0,0,33
CD8 T Cells|Non-classical Monocytes|CD99|PILRA,aHD,5,5,0,0,0,0,0,0,5
CD8 T Cells|Non-classical Monocytes|CD99|PILRA,aSLE,7,7,0,0,0,0,0,0,7
CD8 T Cells|Non-classical Monocytes|CD99|PILRA,cHD,11,11,0,0,0,0,0,0,11
CD8 T Cells|Non-classical Monocytes|CD99|PILRA,cSLE,33,33,0,0,0,0,0,0,33
CD8 T Cells|Non-classical Monocytes|CIRBP|TREM1,aHD,5,5,0,0,0,0,0,0,5
CD8 T Cells|Non-classical Monocytes|CIRBP|TREM1,aSLE,7,7,0,0,0,0,0,0,7
CD8 T Cells|Non-classical Monocytes|CIRBP|TREM1,cHD,11,11,0,0,0,0,0,0,11
CD8 T Cells|Non-classical Monocytes|CIRBP|TREM1,cSLE,33,33,0,0,0,0,0,0,33
CD8 T Cells|Non-classical Monocytes|GNAI2|ADCY7,aHD,5,5,0,0,0,0,0,0,5
CD8 T Cells|Non-classical Monocytes|GNAI2|ADCY7,aSLE,7,7,0,0,0,0,0,0,7
CD8 T Cells|Non-classical Monocytes|GNAI2|ADCY7,cHD,11,11,0,0,0,0,0,0,11
CD8 T Cells|Non-classical Monocytes|GNAI2|ADCY7,cSLE,33,33,0,0,0,0,0,0,33
CD8 T Cells|Non-classical Monocytes|GNAI2|C5AR1,aHD,5,5,0,0,0,0,0,0,5
CD8 T Cells|Non-classical Monocytes|GNAI2|C5AR1,aSLE,7,7,0,0,0,0,0,0,7
CD8 T Cells|Non-classical Monocytes|GNAI2|C5AR1,cHD,11,11,0,0,0,0,0,0,11
CD8 T Cells|Non-classical Monocytes|GNAI2|C5AR1,cSLE,33,33,0,0,0,0,0,0,33
CD8 T Cells|Non-classical Monocytes|GNAI2|FPR1,aHD,5,5,0,0,0,0,0,0,5
CD8 T Cells|Non-classical Monocytes|GNAI2|FPR1,aSLE,7,7,0,0,0,0,0,0,7
CD8 T Cells|Non-classical Monocytes|GNAI2|FPR1,cHD,10,11,0,0,0,1,0,0,11
CD8 T Cells|Non-classical Monocytes|GNAI2|FPR1,cSLE,33,33,0,0,0,0,0,0,33
CD8 T Cells|Non-classical Monocytes|GNAI2|S1PR4,aHD,5,5,0,0,0,0,0,0,5
CD8 T Cells|Non-classical Monocytes|GNAI2|S1PR4,aSLE,7,7,0,0,0,0,0,0,7
CD8 T Cells|Non-classical Monocytes|GNAI2|S1PR4,cHD,11,11,0,0,0,0,0,0,11
CD8 T Cells|Non-classical Monocytes|GNAI2|S1PR4,cSLE,33,33,0,0,0,0,0,0,33
CD8 T Cells|Non-classical Monocytes|GNAS|ADCY7,aHD,5,5,0,0,0,0,0,0,5
CD8 T Cells|Non-classical Monocytes|GNAS|ADCY7,aSLE,7,7,0,0,0,0,0,0,7
CD8 T Cells|Non-classical Monocytes|GNAS|ADCY7,cHD,11,11,0,0,0,0,0,0,11
CD8 T Cells|Non-classical Monocytes|GNAS|ADCY7,cSLE,33,33,0,0,0,0,0,0,33
CD8 T Cells|Non-classical Monocytes|HLA-A|APLP2,aHD,5,5,0,0,0,0,0,0,5
CD8 T Cells|Non-classical Monocytes|HLA-A|APLP2,aSLE,7,7,0,0,0,0,0,0,7
CD8 T Cells|Non-classical Monocytes|HLA-A|APLP2,cHD,11,11,0,0,0,0,0,0,11
CD8 T Cells|Non-classical Monocytes|HLA-A|APLP2,cSLE,33,33,0,0,0,0,0,0,33
CD8 T Cells|Non-classical Monocytes|HLA-A|LILRA1,aHD,5,5,0,0,0,0,0,0,5
CD8 T Cells|Non-classical Monocytes|HLA-A|LILRA1,aSLE,7,7,0,0,0,0,0,0,7
CD8 T Cells|Non-classical Monocytes|HLA-A|LILRA1,cHD,11,11,0,0,0,0,0,0,11
CD8 T Cells|Non-classical Monocytes|HLA-A|LILRA1,cSLE,33,33,0,0,0,0,0,0,33
CD8 T Cells|Non-classical Monocytes|HLA-A|LILRB1,aHD,5,5,0,0,0,0,0,0,5
CD8 T Cells|Non-classical Monocytes|HLA-A|LILRB1,aSLE,7,7,0,0,0,0,0,0,7
CD8 T Cells|Non-classical Monocytes|HLA-A|LILRB1,cHD,11,11,0,0,0,0,0,0,11
CD8 T Cells|Non-classical Monocytes|HLA-A|LILRB1,cSLE,33,33,0,0,0,0,0,0,33
CD8 T Cells|Non-classical Monocytes|HLA-A|LILRB2,aHD,5,5,0,0,0,0,0,0,5
CD8 T Cells|Non-classical Monocytes|HLA-A|LILRB2,aSLE,7,7,0,0,0,0,0,0,7
CD8 T Cells|Non-classical Monocytes|HLA-A|LILRB2,cHD,11,11,0,0,0,0,0,0,11
CD8 T Cells|Non-classical Monocytes|HLA-A|LILRB2,cSLE,33,33,0,0,0,0,0,0,33
CD8 T Cells|Non-classical Monocytes|HLA-B|LILRA1,aHD,5,5,0,0,0,0,0,0,5
CD8 T Cells|Non-classical Monocytes|HLA-B|LILRA1,aSLE,7,7,0,0,0,0,0,0,7
CD8 T Cells|Non-classical Monocytes|HLA-B|LILRA1,cHD,11,11,0,0,0,0,0,0,11
CD8 T Cells|Non-classical Monocytes|HLA-B|LILRA1,cSLE,33,33,0,0,0,0,0,0,33
CD8 T Cells|Non-classical Monocytes|HLA-B|LILRB1,aHD,5,5,0,0,0,0,0,0,5
CD8 T Cells|Non-classical Monocytes|HLA-B|LILRB1,aSLE,7,7,0,0,0,0,0,0,7
CD8 T Cells|Non-classical Monocytes|HLA-B|LILRB1,cHD,11,11,0,0,0,0,0,0,11
CD8 T Cells|Non-classical Monocytes|HLA-B|LILRB1,cSLE,33,33,0,0,0,0,0,0,33
CD8 T Cells|Non-classical Monocytes|HLA-B|LILRB2,aHD,5,5,0,0,0,0,0,0,5
CD8 T Cells|Non-classical Monocytes|HLA-B|LILRB2,aSLE,7,7,0,0,0,0,0,0,7
CD8 T Cells|Non-classical Monocytes|HLA-B|LILRB2,cHD,11,11,0,0,0,0,0,0,11
CD8 T Cells|Non-classical Monocytes|HLA-B|LILRB2,cSLE,33,33,0,0,0,0,0,0,33
CD8 T Cells|Non-classical Monocytes|HLA-C|LILRA1,aHD,5,5,0,0,0,0,0,0,5
CD8 T Cells|Non-classical Monocytes|HLA-C|LILRA1,aSLE,7,7,0,0,0,0,0,0,7
CD8 T Cells|Non-classical Monocytes|HLA-C|LILRA1,cHD,11,11,0,0,0,0,0,0,11
CD8 T Cells|Non-classical Monocytes|HLA-C|LILRA1,cSLE,33,33,0,0,0,0,0,0,33
CD8 T Cells|Non-classical Monocytes|HLA-C|LILRB1,aHD,5,5,0,0,0,0,0,0,5
CD8 T Cells|Non-classical Monocytes|HLA-C|LILRB1,aSLE,7,7,0,0,0,0,0,0,7
CD8 T Cells|Non-classical Monocytes|HLA-C|LILRB1,cHD,11,11,0,0,0,0,0,0,11
CD8 T Cells|Non-classical Monocytes|HLA-C|LILRB1,cSLE,33,33,0,0,0,0,0,0,33
CD8 T Cells|Non-classical Monocytes|HLA-C|LILRB2,aHD,5,5,0,0,0,0,0,0,5
CD8 T Cells|Non-classical Monocytes|HLA-C|LILRB2,aSLE,7,7,0,0,0,0,0,0,7
CD8 T Cells|Non-classical Monocytes|HLA-C|LILRB2,cHD,11,11,0,0,0,0,0,0,11
CD8 T Cells|Non-classical Monocytes|HLA-C|LILRB2,cSLE,33,33,0,0,0,0,0,0,33
CD8 T Cells|Non-classical Monocytes|HLA-DPA1|CD4,aHD,5,5,0,0,0,0,0,0,5
CD8 T Cells|Non-classical Monocytes|HLA-DPA1|CD4,aSLE,7,7,0,0,0,0,0,0,7
CD8 T Cells|Non-classical Monocytes|HLA-DPA1|CD4,cHD,11,11,0,0,0,0,0,0,11
CD8 T Cells|Non-classical Monocytes|HLA-DPA1|CD4,cSLE,33,33,0,0,0,0,0,0,33
CD8 T Cells|Non-classical Monocytes|HLA-DPB1|CD4,aHD,5,5,0,0,0,0,0,0,5
CD8 T Cells|Non-classical Monocytes|HLA-DPB1|CD4,aSLE,7,7,0,0,0,0,0,0,7
CD8 T Cells|Non-classical Monocytes|HLA-DPB1|CD4,cHD,11,11,0,0,0,0,0,0,11
CD8 T Cells|Non-classical Monocytes|HLA-DPB1|CD4,cSLE,33,33,0,0,0,0,0,0,33
CD8 T Cells|Non-classical Monocytes|HLA-DRA|CD4,aHD,5,5,0,0,0,0,0,0,5
CD8 T Cells|Non-classical Monocytes|HLA-DRA|CD4,aSLE,6,7,0,0,1,0,0,0,7
CD8 T Cells|Non-classical Monocytes|HLA-DRA|CD4,cHD,11,11,0,0,0,0,0,0,11
CD8 T Cells|Non-classical Monocytes|HLA-DRA|CD4,cSLE,33,33,0,0,0,0,0,0,33
CD8 T Cells|Non-classical Monocytes|HLA-DRB1|CD4,aHD,5,5,0,0,0,0,0,0,5
CD8 T Cells|Non-classical Monocytes|HLA-DRB1|CD4,aSLE,7,7,0,0,0,0,0,0,7
CD8 T Cells|Non-classical Monocytes|HLA-DRB1|CD4,cHD,11,11,0,0,0,0,0,0,11
CD8 T Cells|Non-classical Monocytes|HLA-DRB1|CD4,cSLE,33,33,0,0,0,0,0,0,33
CD8 T Cells|Non-classical Monocytes|HLA-F|LILRB1,aHD,5,5,0,0,0,0,0,0,5
CD8 T Cells|Non-classical Monocytes|HLA-F|LILRB1,aSLE,7,7,0,0,0,0,0,0,7
CD8 T Cells|Non-classical Monocytes|HLA-F|LILRB1,cHD,11,11,0,0,0,0,0,0,11
CD8 T Cells|Non-classical Monocytes|HLA-F|LILRB1,cSLE,33,33,0,0,0,0,0,0,33
CD8 T Cells|Non-classical Monocytes|HLA-F|LILRB2,aHD,5,5,0,0,0,0,0,0,5
CD8 T Cells|Non-classical Monocytes|HLA-F|LILRB2,aSLE,7,7,0,0,0,0,0,0,7
CD8 T Cells|Non-classical Monocytes|HLA-F|LILRB2,cHD,11,11,0,0,0,0,0,0,11
CD8 T Cells|Non-classical Monocytes|HLA-F|LILRB2,cSLE,33,33,0,0,0,0,0,0,33
CD8 T Cells|Non-classical Monocytes|HMGB1|CXCR4,aHD,5,5,0,0,0,0,0,0,5
CD8 T Cells|Non-classical Monocytes|HMGB1|CXCR4,aSLE,7,7,0,0,0,0,0,0,7
CD8 T Cells|Non-classical Monocytes|HMGB1|CXCR4,cHD,11,11,0,0,0,0,0,0,11
CD8 T Cells|Non-classical Monocytes|HMGB1|CXCR4,cSLE,33,33,0,0,0,0,0,0,33
CD8 T Cells|Non-classical Monocytes|HMGB1|HAVCR2,aHD,5,5,0,0,0,0,0,0,5
CD8 T Cells|Non-classical Monocytes|HMGB1|HAVCR2,aSLE,7,7,0,0,0,0,0,0,7
CD8 T Cells|Non-classical Monocytes|HMGB1|HAVCR2,cHD,11,11,0,0,0,0,0,0,11
CD8 T Cells|Non-classical Monocytes|HMGB1|HAVCR2,cSLE,30,33,0,0,0,3,0,0,33
CD8 T Cells|Non-classical Monocytes|HMGB1|TLR2,aHD,5,5,0,0,0,0,0,0,5
CD8 T Cells|Non-classical Monocytes|HMGB1|TLR2,aSLE,7,7,0,0,0,0,0,0,7
CD8 T Cells|Non-classical Monocytes|HMGB1|TLR2,cHD,11,11,0,0,0,0,0,0,11
CD8 T Cells|Non-classical Monocytes|HMGB1|TLR2,cSLE,33,33,0,0,0,0,0,0,33
CD8 T Cells|Non-classical Monocytes|ICAM2|ITGAL_ITGB2,aHD,5,5,0,0,0,0,0,0,5
CD8 T Cells|Non-classical Monocytes|ICAM2|ITGAL_ITGB2,aSLE,7,7,0,0,0,0,0,0,7
CD8 T Cells|Non-classical Monocytes|ICAM2|ITGAL_ITGB2,cHD,11,11,0,0,0,0,0,0,11
CD8 T Cells|Non-classical Monocytes|ICAM2|ITGAL_ITGB2,cSLE,26,33,0,0,7,0,0,0,33
CD8 T Cells|Non-classical Monocytes|ICAM3|ITGAL,aHD,5,5,0,0,0,0,0,0,5
CD8 T Cells|Non-classical Monocytes|ICAM3|ITGAL,aSLE,7,7,0,0,0,0,0,0,7
CD8 T Cells|Non-classical Monocytes|ICAM3|ITGAL,cHD,11,11,0,0,0,0,0,0,11
CD8 T Cells|Non-classical Monocytes|ICAM3|ITGAL,cSLE,33,33,0,0,0,0,0,0,33
CD8 T Cells|Non-classical Monocytes|IL16|CD4,aHD,5,5,0,0,0,0,0,0,5
CD8 T Cells|Non-classical Monocytes|IL16|CD4,aSLE,7,7,0,0,0,0,0,0,7
CD8 T Cells|Non-classical Monocytes|IL16|CD4,cHD,11,11,0,0,0,0,0,0,11
CD8 T Cells|Non-classical Monocytes|IL16|CD4,cSLE,33,33,0,0,0,0,0,0,33
CD8 T Cells|Non-classical Monocytes|LGALS1|CD69,aHD,5,5,0,0,0,0,0,0,5
CD8 T Cells|Non-classical Monocytes|LGALS1|CD69,aSLE,7,7,0,0,0,0,0,0,7
CD8 T Cells|Non-classical Monocytes|LGALS1|CD69,cHD,11,11,0,0,0,0,0,0,11
CD8 T Cells|Non-classical Monocytes|LGALS1|CD69,cSLE,33,33,0,0,0,0,0,0,33
CD8 T Cells|Non-classical Monocytes|LGALS1|ITGB1,aHD,5,5,0,0,0,0,0,0,5
CD8 T Cells|Non-classical Monocytes|LGALS1|ITGB1,aSLE,7,7,0,0,0,0,0,0,7
CD8 T Cells|Non-classical Monocytes|LGALS1|ITGB1,cHD,11,11,0,0,0,0,0,0,11
CD8 T Cells|Non-classical Monocytes|LGALS1|ITGB1,cSLE,33,33,0,0,0,0,0,0,33
CD8 T Cells|Non-classical Monocytes|LGALS1|PTPRC,aHD,5,5,0,0,0,0,0,0,5
CD8 T Cells|Non-classical Monocytes|LGALS1|PTPRC,aSLE,7,7,0,0,0,0,0,0,7
CD8 T Cells|Non-classical Monocytes|LGALS1|PTPRC,cHD,11,11,0,0,0,0,0,0,11
CD8 T Cells|Non-classical Monocytes|LGALS1|PTPRC,cSLE,33,33,0,0,0,0,0,0,33
CD8 T Cells|Non-classical Monocytes|LRPAP1|LRP1,aHD,5,5,0,0,0,0,0,0,5
CD8 T Cells|Non-classical Monocytes|LRPAP1|LRP1,aSLE,7,7,0,0,0,0,0,0,7
CD8 T Cells|Non-classical Monocytes|LRPAP1|LRP1,cHD,11,11,0,0,0,0,0,0,11
CD8 T Cells|Non-classical Monocytes|LRPAP1|LRP1,cSLE,33,33,0,0,0,0,0,0,33
CD8 T Cells|Non-classical Monocytes|LRPAP1|SORL1,aHD,5,5,0,0,0,0,0,0,5
CD8 T Cells|Non-classical Monocytes|LRPAP1|SORL1,aSLE,6,7,0,0,0,1,0,0,7
CD8 T Cells|Non-classical Monocytes|LRPAP1|SORL1,cHD,11,11,0,0,0,0,0,0,11
CD8 T Cells|Non-classical Monocytes|LRPAP1|SORL1,cSLE,29,33,0,0,0,4,0,0,33
CD8 T Cells|Non-classical Monocytes|LTB|TNFRSF1A,aHD,5,5,0,0,0,0,0,0,5
CD8 T Cells|Non-classical Monocytes|LTB|TNFRSF1A,aSLE,7,7,0,0,0,0,0,0,7
CD8 T Cells|Non-classical Monocytes|LTB|TNFRSF1A,cHD,11,11,0,0,0,0,0,0,11
CD8 T Cells|Non-classical Monocytes|LTB|TNFRSF1A,cSLE,33,33,0,0,0,0,0,0,33
CD8 T Cells|Non-classical Monocytes|MFNG|NOTCH2,aHD,5,5,0,0,0,0,0,0,5
CD8 T Cells|Non-classical Monocytes|MFNG|NOTCH2,aSLE,7,7,0,0,0,0,0,0,7
CD8 T Cells|Non-classical Monocytes|MFNG|NOTCH2,cHD,11,11,0,0,0,0,0,0,11
CD8 T Cells|Non-classical Monocytes|MFNG|NOTCH2,cSLE,33,33,0,0,0,0,0,0,33
CD8 T Cells|Non-classical Monocytes|MIF|CD44_CD74,aHD,5,5,0,0,0,0,0,0,5
CD8 T Cells|Non-classical Monocytes|MIF|CD44_CD74,aSLE,7,7,0,0,0,0,0,0,7
CD8 T Cells|Non-classical Monocytes|MIF|CD44_CD74,cHD,11,11,0,0,0,0,0,0,11
CD8 T Cells|Non-classical Monocytes|MIF|CD44_CD74,cSLE,33,33,0,0,0,0,0,0,33
CD8 T Cells|Non-classical Monocytes|MIF|CD74_CXCR4,aHD,5,5,0,0,0,0,0,0,5
CD8 T Cells|Non-classical Monocytes|MIF|CD74_CXCR4,aSLE,7,7,0,0,0,0,0,0,7
CD8 T Cells|Non-classical Monocytes|MIF|CD74_CXCR4,cHD,11,11,0,0,0,0,0,0,11
CD8 T Cells|Non-classical Monocytes|MIF|CD74_CXCR4,cSLE,33,33,0,0,0,0,0,0,33
CD8 T Cells|Non-classical Monocytes|MIF|TNFRSF14,aHD,5,5,0,0,0,0,0,0,5
CD8 T Cells|Non-classical Monocytes|MIF|TNFRSF14,aSLE,7,7,0,0,0,0,0,0,7
CD8 T Cells|Non-classical Monocytes|MIF|TNFRSF14,cHD,11,11,0,0,0,0,0,0,11
CD8 T Cells|Non-classical Monocytes|MIF|TNFRSF14,cSLE,33,33,0,0,0,0,0,0,33
CD8 T Cells|Non-classical Monocytes|PKM|CD44,aHD,5,5,0,0,0,0,0,0,5
CD8 T Cells|Non-classical Monocytes|PKM|CD44,aSLE,7,7,0,0,0,0,0,0,7
CD8 T Cells|Non-classical Monocytes|PKM|CD44,cHD,11,11,0,0,0,0,0,0,11
CD8 T Cells|Non-classical Monocytes|PKM|CD44,cSLE,33,33,0,0,0,0,0,0,33
CD8 T Cells|Non-classical Monocytes|PSAP|LRP1,aHD,5,5,0,0,0,0,0,0,5
CD8 T Cells|Non-classical Monocytes|PSAP|LRP1,aSLE,7,7,0,0,0,0,0,0,7
CD8 T Cells|Non-classical Monocytes|PSAP|LRP1,cHD,11,11,0,0,0,0,0,0,11
CD8 T Cells|Non-classical Monocytes|PSAP|LRP1,cSLE,33,33,0,0,0,0,0,0,33
CD8 T Cells|Non-classical Monocytes|PTPN6|CD300LF,aHD,5,5,0,0,0,0,0,0,5
CD8 T Cells|Non-classical Monocytes|PTPN6|CD300LF,aSLE,7,7,0,0,0,0,0,0,7
CD8 T Cells|Non-classical Monocytes|PTPN6|CD300LF,cHD,11,11,0,0,0,0,0,0,11
CD8 T Cells|Non-classical Monocytes|PTPN6|CD300LF,cSLE,33,33,0,0,0,0,0,0,33
CD8 T Cells|Non-classical Monocytes|PTPN6|CLEC12A,aHD,5,5,0,0,0,0,0,0,5
CD8 T Cells|Non-classical Monocytes|PTPN6|CLEC12A,aSLE,7,7,0,0,0,0,0,0,7
CD8 T Cells|Non-classical Monocytes|PTPN6|CLEC12A,cHD,11,11,0,0,0,0,0,0,11
CD8 T Cells|Non-classical Monocytes|PTPN6|CLEC12A,cSLE,33,33,0,0,0,0,0,0,33
CD8 T Cells|Non-classical Monocytes|RPS19|C5AR1,aHD,5,5,0,0,0,0,0,0,5
CD8 T Cells|Non-classical Monocytes|RPS19|C5AR1,aSLE,7,7,0,0,0,0,0,0,7
CD8 T Cells|Non-classical Monocytes|RPS19|C5AR1,cHD,11,11,0,0,0,0,0,0,11
CD8 T Cells|Non-classical Monocytes|RPS19|C5AR1,cSLE,33,33,0,0,0,0,0,0,33
CD8 T Cells|Non-classical Monocytes|SELPLG|ITGB2,aHD,5,5,0,0,0,0,0,0,5
CD8 T Cells|Non-classical Monocytes|SELPLG|ITGB2,aSLE,7,7,0,0,0,0,0,0,7
CD8 T Cells|Non-classical Monocytes|SELPLG|ITGB2,cHD,11,11,0,0,0,0,0,0,11
CD8 T Cells|Non-classical Monocytes|SELPLG|ITGB2,cSLE,33,33,0,0,0,0,0,0,33
CD8 T Cells|Non-classical Monocytes|SELPLG|SELL,aHD,5,5,0,0,0,0,0,0,5
CD8 T Cells|Non-classical Monocytes|SELPLG|SELL,aSLE,7,7,0,0,0,0,0,0,7
CD8 T Cells|Non-classical Monocytes|SELPLG|SELL,cHD,11,11,0,0,0,0,0,0,11
CD8 T Cells|Non-classical Monocytes|SELPLG|SELL,cSLE,33,33,0,0,0,0,0,0,33
CD8 T Cells|Non-classical Monocytes|SEMA4D|PLXNB2,aHD,5,5,0,0,0,0,0,0,5
CD8 T Cells|Non-classical Monocytes|SEMA4D|PLXNB2,aSLE,7,7,0,0,0,0,0,0,7
CD8 T Cells|Non-classical Monocytes|SEMA4D|PLXNB2,cHD,11,11,0,0,0,0,0,0,11
CD8 T Cells|Non-classical Monocytes|SEMA4D|PLXNB2,cSLE,33,33,0,0,0,0,0,0,33
CD8 T Cells|Non-classical Monocytes|TIMP1|CD63,aHD,5,5,0,0,0,0,0,0,5
CD8 T Cells|Non-classical Monocytes|TIMP1|CD63,aSLE,7,7,0,0,0,0,0,0,7
CD8 T Cells|Non-classical Monocytes|TIMP1|CD63,cHD,11,11,0,0,0,0,0,0,11
CD8 T Cells|Non-classical Monocytes|TIMP1|CD63,cSLE,32,33,0,0,1,0,0,0,33
CD8 T Cells|Non-classical Monocytes|VIM|CD44,aHD,5,5,0,0,0,0,0,0,5
CD8 T Cells|Non-classical Monocytes|VIM|CD44,aSLE,7,7,0,0,0,0,0,0,7
CD8 T Cells|Non-classical Monocytes|VIM|CD44,cHD,11,11,0,0,0,0,0,0,11
CD8 T Cells|Non-classical Monocytes|VIM|CD44,cSLE,33,33,0,0,0,0,0,0,33
CD8 T Cells|pDCs|ARF6|SMAP1,aHD,5,5,0,0,0,0,0,0,5
CD8 T Cells|pDCs|ARF6|SMAP1,aSLE,6,7,0,0,0,1,0,0,7
CD8 T Cells|pDCs|ARF6|SMAP1,cHD,9,10,0,1,0,1,0,0,11
CD8 T Cells|pDCs|ARF6|SMAP1,cSLE,16,22,0,11,0,8,0,0,33
CD8 T Cells|pDCs|CALM1|PTPRA,aHD,5,5,0,0,0,0,0,0,5
CD8 T Cells|pDCs|CALM1|PTPRA,aSLE,7,7,0,0,0,0,0,0,7
CD8 T Cells|pDCs|CALM1|PTPRA,cHD,10,10,0,1,0,0,0,0,11
CD8 T Cells|pDCs|CALM1|PTPRA,cSLE,20,22,0,11,0,5,0,0,33
CD8 T Cells|pDCs|CCL5|CXCR3,aHD,5,5,0,0,0,0,0,0,5
CD8 T Cells|pDCs|CCL5|CXCR3,aSLE,7,7,0,0,0,0,0,0,7
CD8 T Cells|pDCs|CCL5|CXCR3,cHD,10,10,0,1,0,0,0,0,11
CD8 T Cells|pDCs|CCL5|CXCR3,cSLE,21,22,0,11,0,3,0,0,33
CD8 T Cells|pDCs|GNAI2|ADCY7,aHD,5,5,0,0,0,0,0,0,5
CD8 T Cells|pDCs|GNAI2|ADCY7,aSLE,6,7,0,0,0,1,0,0,7
CD8 T Cells|pDCs|GNAI2|ADCY7,cHD,6,10,0,1,0,4,0,0,11
CD8 T Cells|pDCs|GNAI2|ADCY7,cSLE,17,22,0,11,0,11,0,0,33
CD8 T Cells|pDCs|GNAI2|CXCR3,aHD,5,5,0,0,0,0,0,0,5
CD8 T Cells|pDCs|GNAI2|CXCR3,aSLE,7,7,0,0,0,0,0,0,7
CD8 T Cells|pDCs|GNAI2|CXCR3,cHD,10,10,0,1,0,0,0,0,11
CD8 T Cells|pDCs|GNAI2|CXCR3,cSLE,21,22,0,11,0,3,0,0,33
CD8 T Cells|pDCs|GNAS|ADCY7,aHD,5,5,0,0,0,0,0,0,5
CD8 T Cells|pDCs|GNAS|ADCY7,aSLE,6,7,0,0,0,1,0,0,7
CD8 T Cells|pDCs|GNAS|ADCY7,cHD,6,10,0,1,0,4,0,0,11
CD8 T Cells|pDCs|GNAS|ADCY7,cSLE,17,22,0,11,0,11,0,0,33
CD8 T Cells|pDCs|HLA-A|LILRB1,aHD,5,5,0,0,0,0,0,0,5
CD8 T Cells|pDCs|HLA-A|LILRB1,aSLE,7,7,0,0,0,0,0,0,7
CD8 T Cells|pDCs|HLA-A|LILRB1,cHD,10,10,0,1,0,0,0,0,11
CD8 T Cells|pDCs|HLA-A|LILRB1,cSLE,21,22,0,11,0,6,0,0,33
CD8 T Cells|pDCs|HLA-B|LILRB1,aHD,5,5,0,0,0,0,0,0,5
CD8 T Cells|pDCs|HLA-B|LILRB1,aSLE,7,7,0,0,0,0,0,0,7
CD8 T Cells|pDCs|HLA-B|LILRB1,cHD,10,10,0,1,0,0,0,0,11
CD8 T Cells|pDCs|HLA-B|LILRB1,cSLE,21,22,0,11,0,6,0,0,33
CD8 T Cells|pDCs|HLA-C|LILRB1,aHD,5,5,0,0,0,0,0,0,5
CD8 T Cells|pDCs|HLA-C|LILRB1,aSLE,7,7,0,0,0,0,0,0,7
CD8 T Cells|pDCs|HLA-C|LILRB1,cHD,10,10,0,1,0,0,0,0,11
CD8 T Cells|pDCs|HLA-C|LILRB1,cSLE,21,22,0,11,0,6,0,0,33
CD8 T Cells|pDCs|HLA-DPA1|CD4,aHD,5,5,0,0,0,0,0,0,5
CD8 T Cells|pDCs|HLA-DPA1|CD4,aSLE,7,7,0,0,0,0,0,0,7
CD8 T Cells|pDCs|HLA-DPA1|CD4,cHD,10,10,0,1,0,0,0,0,11
CD8 T Cells|pDCs|HLA-DPA1|CD4,cSLE,21,22,0,11,0,2,0,0,33
CD8 T Cells|pDCs|HLA-DPB1|CD4,aHD,5,5,0,0,0,0,0,0,5
CD8 T Cells|pDCs|HLA-DPB1|CD4,aSLE,7,7,0,0,0,0,0,0,7
CD8 T Cells|pDCs|HLA-DPB1|CD4,cHD,10,10,0,1,0,0,0,0,11
CD8 T Cells|pDCs|HLA-DPB1|CD4,cSLE,21,22,0,11,0,2,0,0,33
CD8 T Cells|pDCs|HLA-DRA|CD4,aHD,5,5,0,0,0,0,0,0,5
CD8 T Cells|pDCs|HLA-DRA|CD4,aSLE,6,7,0,0,1,0,0,0,7
CD8 T Cells|pDCs|HLA-DRA|CD4,cHD,10,10,0,1,0,0,0,0,11
CD8 T Cells|pDCs|HLA-DRA|CD4,cSLE,21,22,0,11,0,2,0,0,33
CD8 T Cells|pDCs|HLA-DRB1|CD4,aHD,5,5,0,0,0,0,0,0,5
CD8 T Cells|pDCs|HLA-DRB1|CD4,aSLE,7,7,0,0,0,0,0,0,7
CD8 T Cells|pDCs|HLA-DRB1|CD4,cHD,10,10,0,1,0,0,0,0,11
CD8 T Cells|pDCs|HLA-DRB1|CD4,cSLE,21,22,0,11,0,2,0,0,33
CD8 T Cells|pDCs|HLA-F|LILRB1,aHD,5,5,0,0,0,0,0,0,5
CD8 T Cells|pDCs|HLA-F|LILRB1,aSLE,7,7,0,0,0,0,0,0,7
CD8 T Cells|pDCs|HLA-F|LILRB1,cHD,10,10,0,1,0,0,0,0,11
CD8 T Cells|pDCs|HLA-F|LILRB1,cSLE,21,22,0,11,0,6,0,0,33
CD8 T Cells|pDCs|HMGB1|CXCR4,aHD,5,5,0,0,0,0,0,0,5
CD8 T Cells|pDCs|HMGB1|CXCR4,aSLE,7,7,0,0,0,0,0,0,7
CD8 T Cells|pDCs|HMGB1|CXCR4,cHD,10,10,0,1,0,0,0,0,11
CD8 T Cells|pDCs|HMGB1|CXCR4,cSLE,22,22,0,11,0,0,0,0,33
CD8 T Cells|pDCs|IL16|CD4,aHD,5,5,0,0,0,0,0,0,5
CD8 T Cells|pDCs|IL16|CD4,aSLE,7,7,0,0,0,0,0,0,7
CD8 T Cells|pDCs|IL16|CD4,cHD,10,10,0,1,0,0,0,0,11
CD8 T Cells|pDCs|IL16|CD4,cSLE,21,22,0,11,0,2,0,0,33
CD8 T Cells|pDCs|LGALS1|CD69,aHD,5,5,0,0,0,0,0,0,5
CD8 T Cells|pDCs|LGALS1|CD69,aSLE,7,7,0,0,0,0,0,0,7
CD8 T Cells|pDCs|LGALS1|CD69,cHD,10,10,0,1,0,0,0,0,11
CD8 T Cells|pDCs|LGALS1|CD69,cSLE,22,22,0,11,0,0,0,0,33
CD8 T Cells|pDCs|LGALS1|ITGB1,aHD,5,5,0,0,0,0,0,0,5
CD8 T Cells|pDCs|LGALS1|ITGB1,aSLE,7,7,0,0,0,0,0,0,7
CD8 T Cells|pDCs|LGALS1|ITGB1,cHD,10,10,0,1,0,0,0,0,11
CD8 T Cells|pDCs|LGALS1|ITGB1,cSLE,22,22,0,11,0,1,0,0,33
CD8 T Cells|pDCs|LGALS1|PTPRC,aHD,5,5,0,0,0,0,0,0,5
CD8 T Cells|pDCs|LGALS1|PTPRC,aSLE,7,7,0,0,0,0,0,0,7
CD8 T Cells|pDCs|LGALS1|PTPRC,cHD,10,10,0,1,0,0,0,0,11
CD8 T Cells|pDCs|LGALS1|PTPRC,cSLE,22,22,0,11,0,0,0,0,33
CD8 T Cells|pDCs|LRPAP1|SORL1,aHD,5,5,0,0,0,0,0,0,5
CD8 T Cells|pDCs|LRPAP1|SORL1,aSLE,6,7,0,0,0,1,0,0,7
CD8 T Cells|pDCs|LRPAP1|SORL1,cHD,9,10,0,1,0,1,0,0,11
CD8 T Cells|pDCs|LRPAP1|SORL1,cSLE,19,22,0,11,0,4,0,0,33
CD8 T Cells|pDCs|MIF|CD44_CD74,aHD,5,5,0,0,0,0,0,0,5
CD8 T Cells|pDCs|MIF|CD44_CD74,aSLE,7,7,0,0,0,0,0,0,7
CD8 T Cells|pDCs|MIF|CD44_CD74,cHD,10,10,0,1,0,0,0,0,11
CD8 T Cells|pDCs|MIF|CD44_CD74,cSLE,22,22,0,11,0,1,0,0,33
CD8 T Cells|pDCs|MIF|CD74_CXCR4,aHD,5,5,0,0,0,0,0,0,5
CD8 T Cells|pDCs|MIF|CD74_CXCR4,aSLE,7,7,0,0,0,0,0,0,7
CD8 T Cells|pDCs|MIF|CD74_CXCR4,cHD,10,10,0,1,0,0,0,0,11
CD8 T Cells|pDCs|MIF|CD74_CXCR4,cSLE,22,22,0,11,0,0,0,0,33
CD8 T Cells|pDCs|MIF|TNFRSF14,aHD,5,5,0,0,0,0,0,0,5
CD8 T Cells|pDCs|MIF|TNFRSF14,aSLE,7,7,0,0,0,0,0,0,7
CD8 T Cells|pDCs|MIF|TNFRSF14,cHD,10,10,0,1,0,0,0,0,11
CD8 T Cells|pDCs|MIF|TNFRSF14,cSLE,22,22,0,11,0,0,0,0,33
CD8 T Cells|pDCs|PKM|CD44,aHD,5,5,0,0,0,0,0,0,5
CD8 T Cells|pDCs|PKM|CD44,aSLE,7,7,0,0,0,0,0,0,7
CD8 T Cells|pDCs|PKM|CD44,cHD,10,10,0,1,0,0,0,0,11
CD8 T Cells|pDCs|PKM|CD44,cSLE,22,22,0,11,0,1,0,0,33
CD8 T Cells|pDCs|SELPLG|ITGB2,aHD,5,5,0,0,0,0,0,0,5
CD8 T Cells|pDCs|SELPLG|ITGB2,aSLE,7,7,0,0,0,0,0,0,7
CD8 T Cells|pDCs|SELPLG|ITGB2,cHD,10,10,0,1,0,1,0,0,11
CD8 T Cells|pDCs|SELPLG|ITGB2,cSLE,22,22,0,11,0,0,0,0,33
CD8 T Cells|pDCs|SELPLG|SELL,aHD,5,5,0,0,0,0,0,0,5
CD8 T Cells|pDCs|SELPLG|SELL,aSLE,7,7,0,0,0,0,0,0,7
CD8 T Cells|pDCs|SELPLG|SELL,cHD,10,10,0,1,0,0,0,0,11
CD8 T Cells|pDCs|SELPLG|SELL,cSLE,22,22,0,11,0,0,0,0,33
CD8 T Cells|pDCs|TIMP1|CD63,aHD,5,5,0,0,0,0,0,0,5
CD8 T Cells|pDCs|TIMP1|CD63,aSLE,7,7,0,0,0,0,0,0,7
CD8 T Cells|pDCs|TIMP1|CD63,cHD,10,10,0,1,0,0,0,0,11
CD8 T Cells|pDCs|TIMP1|CD63,cSLE,21,22,0,11,1,0,0,0,33
CD8 T Cells|pDCs|VIM|CD44,aHD,5,5,0,0,0,0,0,0,5
CD8 T Cells|pDCs|VIM|CD44,aSLE,7,7,0,0,0,0,0,0,7
CD8 T Cells|pDCs|VIM|CD44,cHD,10,10,0,1,0,0,0,0,11
CD8 T Cells|pDCs|VIM|CD44,cSLE,22,22,0,11,0,1,0,0,33
Classical Monocytes|B Cells|ADAM10|CD44,aHD,5,5,0,0,0,0,0,0,5
Classical Monocytes|B Cells|ADAM10|CD44,aSLE,7,7,0,0,0,0,0,0,7
Classical Monocytes|B Cells|ADAM10|CD44,cHD,11,11,0,0,0,0,0,0,11
Classical Monocytes|B Cells|ADAM10|CD44,cSLE,33,33,0,0,0,0,0,0,33
Classical Monocytes|B Cells|ADAM15|ITGB1,aHD,5,5,0,0,0,0,0,0,5
Classical Monocytes|B Cells|ADAM15|ITGB1,aSLE,7,7,0,0,0,0,0,0,7
Classical Monocytes|B Cells|ADAM15|ITGB1,cHD,7,11,0,0,1,3,0,0,11
Classical Monocytes|B Cells|ADAM15|ITGB1,cSLE,24,33,0,0,2,8,0,0,33
Classical Monocytes|B Cells|ADAM17|ITGB1,aHD,5,5,0,0,0,0,0,0,5
Classical Monocytes|B Cells|ADAM17|ITGB1,aSLE,7,7,0,0,0,0,0,0,7
Classical Monocytes|B Cells|ADAM17|ITGB1,cHD,8,11,0,0,0,3,0,0,11
Classical Monocytes|B Cells|ADAM17|ITGB1,cSLE,25,33,0,0,0,8,0,0,33
Classical Monocytes|B Cells|ADAM17|RHBDF2,aHD,5,5,0,0,0,0,0,0,5
Classical Monocytes|B Cells|ADAM17|RHBDF2,aSLE,7,7,0,0,0,0,0,0,7
Classical Monocytes|B Cells|ADAM17|RHBDF2,cHD,11,11,0,0,0,0,0,0,11
Classical Monocytes|B Cells|ADAM17|RHBDF2,cSLE,33,33,0,0,0,0,0,0,33
Classical Monocytes|B Cells|APP|CD74,aHD,5,5,0,0,0,0,0,0,5
Classical Monocytes|B Cells|APP|CD74,aSLE,7,7,0,0,0,0,0,0,7
Classical Monocytes|B Cells|APP|CD74,cHD,11,11,0,0,0,0,0,0,11
Classical Monocytes|B Cells|APP|CD74,cSLE,32,33,0,0,1,0,0,0,33
Classical Monocytes|B Cells|APP|LRP10,aHD,5,5,0,0,0,0,0,0,5
Classical Monocytes|B Cells|APP|LRP10,aSLE,7,7,0,0,0,0,0,0,7
Classical Monocytes|B Cells|APP|LRP10,cHD,11,11,0,0,0,0,0,0,11
Classical Monocytes|B Cells|APP|LRP10,cSLE,32,33,0,0,1,0,0,0,33
Classical Monocytes|B Cells|CD14|ITGB1,aHD,5,5,0,0,0,0,0,0,5
Classical Monocytes|B Cells|CD14|ITGB1,aSLE,7,7,0,0,0,0,0,0,7
Classical Monocytes|B Cells|CD14|ITGB1,cHD,8,11,0,0,0,3,0,0,11
Classical Monocytes|B Cells|CD14|ITGB1,cSLE,25,33,0,0,0,8,0,0,33
Classical Monocytes|B Cells|CD14|ITGB2,aHD,5,5,0,0,0,0,0,0,5
Classical Monocytes|B Cells|CD14|ITGB2,aSLE,7,7,0,0,0,0,0,0,7
Classical Monocytes|B Cells|CD14|ITGB2,cHD,11,11,0,0,0,0,0,0,11
Classical Monocytes|B Cells|CD14|ITGB2,cSLE,33,33,0,0,0,0,0,0,33
Classical Monocytes|B Cells|CD99|CD81,aHD,5,5,0,0,0,0,0,0,5
Classical Monocytes|B Cells|CD99|CD81,aSLE,6,7,0,0,0,1,0,0,7
Classical Monocytes|B Cells|CD99|CD81,cHD,11,11,0,0,0,0,0,0,11
Classical Monocytes|B Cells|CD99|CD81,cSLE,29,33,0,0,0,4,0,0,33
Classical Monocytes|B Cells|COPA|CD74,aHD,5,5,0,0,0,0,0,0,5
Classical Monocytes|B Cells|COPA|CD74,aSLE,7,7,0,0,0,0,0,0,7
Classical Monocytes|B Cells|COPA|CD74,cHD,11,11,0,0,0,0,0,0,11
Classical Monocytes|B Cells|COPA|CD74,cSLE,33,33,0,0,0,0,0,0,33
Classical Monocytes|B Cells|GNAI2|S1PR4,aHD,5,5,0,0,0,0,0,0,5
Classical Monocytes|B Cells|GNAI2|S1PR4,aSLE,7,7,0,0,0,0,0,0,7
Classical Monocytes|B Cells|GNAI2|S1PR4,cHD,11,11,0,0,0,0,0,0,11
Classical Monocytes|B Cells|GNAI2|S1PR4,cSLE,29,33,0,0,0,4,0,0,33
Classical Monocytes|B Cells|HBEGF|CD44,aHD,5,5,0,0,0,0,0,0,5
Classical Monocytes|B Cells|HBEGF|CD44,aSLE,7,7,0,0,0,0,0,0,7
Classical Monocytes|B Cells|HBEGF|CD44,cHD,10,11,0,0,1,0,0,0,11
Classical Monocytes|B Cells|HBEGF|CD44,cSLE,28,33,0,0,5,0,0,0,33
Classical Monocytes|B Cells|HBEGF|CD82,aHD,5,5,0,0,0,0,0,0,5
Classical Monocytes|B Cells|HBEGF|CD82,aSLE,7,7,0,0,0,0,0,0,7
Classical Monocytes|B Cells|HBEGF|CD82,cHD,10,11,0,0,1,0,0,0,11
Classical Monocytes|B Cells|HBEGF|CD82,cSLE,26,33,0,0,5,2,0,0,33
Classical Monocytes|B Cells|HLA-A|APLP2,aHD,5,5,0,0,0,0,0,0,5
Classical Monocytes|B Cells|HLA-A|APLP2,aSLE,5,7,0,0,0,2,0,0,7
Classical Monocytes|B Cells|HLA-A|APLP2,cHD,11,11,0,0,0,0,0,0,11
Classical Monocytes|B Cells|HLA-A|APLP2,cSLE,30,33,0,0,0,3,0,0,33
Classical Monocytes|B Cells|HMGB1|CXCR4,aHD,5,5,0,0,0,0,0,0,5
Classical Monocytes|B Cells|HMGB1|CXCR4,aSLE,7,7,0,0,0,0,0,0,7
Classical Monocytes|B Cells|HMGB1|CXCR4,cHD,11,11,0,0,0,0,0,0,11
Classical Monocytes|B Cells|HMGB1|CXCR4,cSLE,33,33,0,0,0,0,0,0,33
Classical Monocytes|B Cells|ICAM1|IL2RG,aHD,5,5,0,0,0,0,0,0,5
Classical Monocytes|B Cells|ICAM1|IL2RG,aSLE,7,7,0,0,0,0,0,0,7
Classical Monocytes|B Cells|ICAM1|IL2RG,cHD,10,11,0,0,1,0,0,0,11
Classical Monocytes|B Cells|ICAM1|IL2RG,cSLE,24,33,0,0,9,0,0,0,33
Classical Monocytes|B Cells|IL1B|SIGIRR,aHD,5,5,0,0,0,0,0,0,5
Classical Monocytes|B Cells|IL1B|SIGIRR,aSLE,6,7,0,0,0,1,0,0,7
Classical Monocytes|B Cells|IL1B|SIGIRR,cHD,11,11,0,0,0,0,0,0,11
Classical Monocytes|B Cells|IL1B|SIGIRR,cSLE,27,33,0,0,0,6,0,0,33
Classical Monocytes|B Cells|LGALS1|CD69,aHD,5,5,0,0,0,0,0,0,5
Classical Monocytes|B Cells|LGALS1|CD69,aSLE,7,7,0,0,0,0,0,0,7
Classical Monocytes|B Cells|LGALS1|CD69,cHD,11,11,0,0,0,0,0,0,11
Classical Monocytes|B Cells|LGALS1|CD69,cSLE,33,33,0,0,0,0,0,0,33
Classical Monocytes|B Cells|LGALS1|ITGB1,aHD,5,5,0,0,0,0,0,0,5
Classical Monocytes|B Cells|LGALS1|ITGB1,aSLE,7,7,0,0,0,0,0,0,7
Classical Monocytes|B Cells|LGALS1|ITGB1,cHD,8,11,0,0,0,3,0,0,11
Classical Monocytes|B Cells|LGALS1|ITGB1,cSLE,25,33,0,0,0,8,0,0,33
Classical Monocytes|B Cells|LGALS1|PTPRC,aHD,5,5,0,0,0,0,0,0,5
Classical Monocytes|B Cells|LGALS1|PTPRC,aSLE,7,7,0,0,0,0,0,0,7
Classical Monocytes|B Cells|LGALS1|PTPRC,cHD,11,11,0,0,0,0,0,0,11
Classical Monocytes|B Cells|LGALS1|PTPRC,cSLE,33,33,0,0,0,0,0,0,33
Classical Monocytes|B Cells|LGALS9|CD44,aHD,5,5,0,0,0,0,0,0,5
Classical Monocytes|B Cells|LGALS9|CD44,aSLE,7,7,0,0,0,0,0,0,7
Classical Monocytes|B Cells|LGALS9|CD44,cHD,11,11,0,0,0,0,0,0,11
Classical Monocytes|B Cells|LGALS9|CD44,cSLE,33,33,0,0,0,0,0,0,33
Classical Monocytes|B Cells|LGALS9|CD47,aHD,5,5,0,0,0,0,0,0,5
Classical Monocytes|B Cells|LGALS9|CD47,aSLE,7,7,0,0,0,0,0,0,7
Classical Monocytes|B Cells|LGALS9|CD47,cHD,11,11,0,0,0,0,0,0,11
Classical Monocytes|B Cells|LGALS9|CD47,cSLE,33,33,0,0,0,0,0,0,33
Classical Monocytes|B Cells|LGALS9|PTPRC,aHD,5,5,0,0,0,0,0,0,5
Classical Monocytes|B Cells|LGALS9|PTPRC,aSLE,7,7,0,0,0,0,0,0,7
Classical Monocytes|B Cells|LGALS9|PTPRC,cHD,11,11,0,0,0,0,0,0,11
Classical Monocytes|B Cells|LGALS9|PTPRC,cSLE,33,33,0,0,0,0,0,0,33
Classical Monocytes|B Cells|LTB|CD40,aHD,5,5,0,0,0,0,0,0,5
Classical Monocytes|B Cells|LTB|CD40,aSLE,6,7,0,0,1,0,0,0,7
Classical Monocytes|B Cells|LTB|CD40,cHD,11,11,0,0,0,0,0,0,11
Classical Monocytes|B Cells|LTB|CD40,cSLE,33,33,0,0,0,0,0,0,33
Classical Monocytes|B Cells|MIF|CD44_CD74,aHD,5,5,0,0,0,0,0,0,5
Classical Monocytes|B Cells|MIF|CD44_CD74,aSLE,7,7,0,0,0,0,0,0,7
Classical Monocytes|B Cells|MIF|CD44_CD74,cHD,11,11,0,0,0,0,0,0,11
Classical Monocytes|B Cells|MIF|CD44_CD74,cSLE,33,33,0,0,0,0,0,0,33
Classical Monocytes|B Cells|MIF|CD74_CXCR4,aHD,5,5,0,0,0,0,0,0,5
Classical Monocytes|B Cells|MIF|CD74_CXCR4,aSLE,7,7,0,0,0,0,0,0,7
Classical Monocytes|B Cells|MIF|CD74_CXCR4,cHD,11,11,0,0,0,0,0,0,11
Classical Monocytes|B Cells|MIF|CD74_CXCR4,cSLE,33,33,0,0,0,0,0,0,33
Classical Monocytes|B Cells|MIF|TNFRSF14,aHD,5,5,0,0,0,0,0,0,5
Classical Monocytes|B Cells|MIF|TNFRSF14,aSLE,7,7,0,0,0,0,0,0,7
Classical Monocytes|B Cells|MIF|TNFRSF14,cHD,11,11,0,0,0,0,0,0,11
Classical Monocytes|B Cells|MIF|TNFRSF14,cSLE,33,33,0,0,0,0,0,0,33
Classical Monocytes|B Cells|PKM|CD44,aHD,5,5,0,0,0,0,0,0,5
Classical Monocytes|B Cells|PKM|CD44,aSLE,7,7,0,0,0,0,0,0,7
Classical Monocytes|B Cells|PKM|CD44,cHD,11,11,0,0,0,0,0,0,11
Classical Monocytes|B Cells|PKM|CD44,cSLE,33,33,0,0,0,0,0,0,33
Classical Monocytes|B Cells|PSEN1|CD44,aHD,5,5,0,0,0,0,0,0,5
Classical Monocytes|B Cells|PSEN1|CD44,aSLE,7,7,0,0,0,0,0,0,7
Classical Monocytes|B Cells|PSEN1|CD44,cHD,11,11,0,0,0,0,0,0,11
Classical Monocytes|B Cells|PSEN1|CD44,cSLE,33,33,0,0,0,0,0,0,33
Classical Monocytes|B Cells|RETN|CAP1,aHD,5,5,0,0,0,0,0,0,5
Classical Monocytes|B Cells|RETN|CAP1,aSLE,7,7,0,0,0,0,0,0,7
Classical Monocytes|B Cells|RETN|CAP1,cHD,11,11,0,0,0,0,0,0,11
Classical Monocytes|B Cells|RETN|CAP1,cSLE,32,33,0,0,1,0,0,0,33
Classical Monocytes|B Cells|S100A8|CD69,aHD,5,5,0,0,0,0,0,0,5
Classical Monocytes|B Cells|S100A8|CD69,aSLE,7,7,0,0,0,0,0,0,7
Classical Monocytes|B Cells|S100A8|CD69,cHD,11,11,0,0,0,0,0,0,11
Classical Monocytes|B Cells|S100A8|CD69,cSLE,33,33,0,0,0,0,0,0,33
Classical Monocytes|B Cells|S100A8|ITGB2,aHD,5,5,0,0,0,0,0,0,5
Classical Monocytes|B Cells|S100A8|ITGB2,aSLE,7,7,0,0,0,0,0,0,7
Classical Monocytes|B Cells|S100A8|ITGB2,cHD,11,11,0,0,0,0,0,0,11
Classical Monocytes|B Cells|S100A8|ITGB2,cSLE,33,33,0,0,0,0,0,0,33
Classical Monocytes|B Cells|S100A9|ITGB2,aHD,5,5,0,0,0,0,0,0,5
Classical Monocytes|B Cells|S100A9|ITGB2,aSLE,7,7,0,0,0,0,0,0,7
Classical Monocytes|B Cells|S100A9|ITGB2,cHD,11,11,0,0,0,0,0,0,11
Classical Monocytes|B Cells|S100A9|ITGB2,cSLE,33,33,0,0,0,0,0,0,33
Classical Monocytes|B Cells|SELPLG|ITGB2,aHD,5,5,0,0,0,0,0,0,5
Classical Monocytes|B Cells|SELPLG|ITGB2,aSLE,7,7,0,0,0,0,0,0,7
Classical Monocytes|B Cells|SELPLG|ITGB2,cHD,11,11,0,0,0,0,0,0,11
Classical Monocytes|B Cells|SELPLG|ITGB2,cSLE,33,33,0,0,0,0,0,0,33
Classical Monocytes|B Cells|SELPLG|SELL,aHD,5,5,0,0,0,0,0,0,5
Classical Monocytes|B Cells|SELPLG|SELL,aSLE,7,7,0,0,0,0,0,0,7
Classical Monocytes|B Cells|SELPLG|SELL,cHD,11,11,0,0,0,0,0,0,11
Classical Monocytes|B Cells|SELPLG|SELL,cSLE,33,33,0,0,0,0,0,0,33
Classical Monocytes|B Cells|SIRPA|CD47,aHD,5,5,0,0,0,0,0,0,5
Classical Monocytes|B Cells|SIRPA|CD47,aSLE,7,7,0,0,0,0,0,0,7
Classical Monocytes|B Cells|SIRPA|CD47,cHD,10,11,0,0,1,0,0,0,11
Classical Monocytes|B Cells|SIRPA|CD47,cSLE,33,33,0,0,0,0,0,0,33
Classical Monocytes|B Cells|TGFB1|CXCR4,aHD,5,5,0,0,0,0,0,0,5
Classical Monocytes|B Cells|TGFB1|CXCR4,aSLE,6,7,0,0,1,0,0,0,7
Classical Monocytes|B Cells|TGFB1|CXCR4,cHD,11,11,0,0,0,0,0,0,11
Classical Monocytes|B Cells|TGFB1|CXCR4,cSLE,33,33,0,0,0,0,0,0,33
Classical Monocytes|B Cells|TGFB1|ITGB1,aHD,5,5,0,0,0,0,0,0,5
Classical Monocytes|B Cells|TGFB1|ITGB1,aSLE,6,7,0,0,1,0,0,0,7
Classical Monocytes|B Cells|TGFB1|ITGB1,cHD,8,11,0,0,0,3,0,0,11
Classical Monocytes|B Cells|TGFB1|ITGB1,cSLE,25,33,0,0,0,8,0,0,33
Classical Monocytes|B Cells|TIMP1|CD63,aHD,5,5,0,0,0,0,0,0,5
Classical Monocytes|B Cells|TIMP1|CD63,aSLE,6,7,0,0,0,1,0,0,7
Classical Monocytes|B Cells|TIMP1|CD63,cHD,11,11,0,0,0,0,0,0,11
Classical Monocytes|B Cells|TIMP1|CD63,cSLE,32,33,0,0,0,1,0,0,33
Classical Monocytes|B Cells|TIMP2|CD44,aHD,5,5,0,0,0,0,0,0,5
Classical Monocytes|B Cells|TIMP2|CD44,aSLE,7,7,0,0,0,0,0,0,7
Classical Monocytes|B Cells|TIMP2|CD44,cHD,11,11,0,0,0,0,0,0,11
Classical Monocytes|B Cells|TIMP2|CD44,cSLE,33,33,0,0,0,0,0,0,33
Classical Monocytes|B Cells|TIMP2|ITGB1,aHD,5,5,0,0,0,0,0,0,5
Classical Monocytes|B Cells|TIMP2|ITGB1,aSLE,7,7,0,0,0,0,0,0,7
Classical Monocytes|B Cells|TIMP2|ITGB1,cHD,8,11,0,0,0,3,0,0,11
Classical Monocytes|B Cells|TIMP2|ITGB1,cSLE,25,33,0,0,0,8,0,0,33
Classical Monocytes|B Cells|TNFSF13B|CD40,aHD,5,5,0,0,0,0,0,0,5
Classical Monocytes|B Cells|TNFSF13B|CD40,aSLE,7,7,0,0,0,0,0,0,7
Classical Monocytes|B Cells|TNFSF13B|CD40,cHD,11,11,0,0,0,0,0,0,11
Classical Monocytes|B Cells|TNFSF13B|CD40,cSLE,33,33,0,0,0,0,0,0,33
Classical Monocytes|B Cells|TNFSF13B|HLA-DPB1,aHD,5,5,0,0,0,0,0,0,5
Classical Monocytes|B Cells|TNFSF13B|HLA-DPB1,aSLE,7,7,0,0,0,0,0,0,7
Classical Monocytes|B Cells|TNFSF13B|HLA-DPB1,cHD,11,11,0,0,0,0,0,0,11
Classical Monocytes|B Cells|TNFSF13B|HLA-DPB1,cSLE,33,33,0,0,0,0,0,0,33
Classical Monocytes|B Cells|TNFSF13B|TNFRSF13C,aHD,5,5,0,0,0,0,0,0,5
Classical Monocytes|B Cells|TNFSF13B|TNFRSF13C,aSLE,6,7,0,0,0,1,0,0,7
Classical Monocytes|B Cells|TNFSF13B|TNFRSF13C,cHD,11,11,0,0,0,0,0,0,11
Classical Monocytes|B Cells|TNFSF13B|TNFRSF13C,cSLE,29,33,0,0,0,4,0,0,33
Classical Monocytes|B Cells|VCAN|CD44,aHD,5,5,0,0,0,0,0,0,5
Classical Monocytes|B Cells|VCAN|CD44,aSLE,7,7,0,0,0,0,0,0,7
Classical Monocytes|B Cells|VCAN|CD44,cHD,11,11,0,0,0,0,0,0,11
Classical Monocytes|B Cells|VCAN|CD44,cSLE,33,33,0,0,0,0,0,0,33
Classical Monocytes|B Cells|VCAN|ITGB1,aHD,5,5,0,0,0,0,0,0,5
Classical Monocytes|B Cells|VCAN|ITGB1,aSLE,7,7,0,0,0,0,0,0,7
Classical Monocytes|B Cells|VCAN|ITGB1,cHD,8,11,0,0,0,3,0,0,11
Classical Monocytes|B Cells|VCAN|ITGB1,cSLE,25,33,0,0,0,8,0,0,33
Classical Monocytes|B Cells|VCAN|SELL,aHD,5,5,0,0,0,0,0,0,5
Classical Monocytes|B Cells|VCAN|SELL,aSLE,7,7,0,0,0,0,0,0,7
Classical Monocytes|B Cells|VCAN|SELL,cHD,11,11,0,0,0,0,0,0,11
Classical Monocytes|B Cells|VCAN|SELL,cSLE,33,33,0,0,0,0,0,0,33
Classical Monocytes|B Cells|VIM|CD44,aHD,5,5,0,0,0,0,0,0,5
Classical Monocytes|B Cells|VIM|CD44,aSLE,7,7,0,0,0,0,0,0,7
Classical Monocytes|B Cells|VIM|CD44,cHD,11,11,0,0,0,0,0,0,11
Classical Monocytes|B Cells|VIM|CD44,cSLE,33,33,0,0,0,0,0,0,33
Classical Monocytes|CD4 T Cells|ADAM10|CD44,aHD,5,5,0,0,0,0,0,0,5
Classical Monocytes|CD4 T Cells|ADAM10|CD44,aSLE,7,7,0,0,0,0,0,0,7
Classical Monocytes|CD4 T Cells|ADAM10|CD44,cHD,11,11,0,0,0,0,0,0,11
Classical Monocytes|CD4 T Cells|ADAM10|CD44,cSLE,33,33,0,0,0,0,0,0,33
Classical Monocytes|CD4 T Cells|ADAM10|TSPAN14,aHD,5,5,0,0,0,0,0,0,5
Classical Monocytes|CD4 T Cells|ADAM10|TSPAN14,aSLE,7,7,0,0,0,0,0,0,7
Classical Monocytes|CD4 T Cells|ADAM10|TSPAN14,cHD,11,11,0,0,0,0,0,0,11
Classical Monocytes|CD4 T Cells|ADAM10|TSPAN14,cSLE,32,33,0,0,0,1,0,0,33
Classical Monocytes|CD4 T Cells|ADAM15|ITGB1,aHD,5,5,0,0,0,0,0,0,5
Classical Monocytes|CD4 T Cells|ADAM15|ITGB1,aSLE,7,7,0,0,0,0,0,0,7
Classical Monocytes|CD4 T Cells|ADAM15|ITGB1,cHD,10,11,0,0,1,0,0,0,11
Classical Monocytes|CD4 T Cells|ADAM15|ITGB1,cSLE,31,33,0,0,2,0,0,0,33
Classical Monocytes|CD4 T Cells|ADAM17|ITGB1,aHD,5,5,0,0,0,0,0,0,5
Classical Monocytes|CD4 T Cells|ADAM17|ITGB1,aSLE,7,7,0,0,0,0,0,0,7
Classical Monocytes|CD4 T Cells|ADAM17|ITGB1,cHD,11,11,0,0,0,0,0,0,11
Classical Monocytes|CD4 T Cells|ADAM17|ITGB1,cSLE,33,33,0,0,0,0,0,0,33
Classical Monocytes|CD4 T Cells|APP|CD74,aHD,5,5,0,0,0,0,0,0,5
Classical Monocytes|CD4 T Cells|APP|CD74,aSLE,7,7,0,0,0,0,0,0,7
Classical Monocytes|CD4 T Cells|APP|CD74,cHD,11,11,0,0,0,0,0,0,11
Classical Monocytes|CD4 T Cells|APP|CD74,cSLE,32,33,0,0,1,0,0,0,33
Classical Monocytes|CD4 T Cells|APP|LRP10,aHD,5,5,0,0,0,0,0,0,5
Classical Monocytes|CD4 T Cells|APP|LRP10,aSLE,7,7,0,0,0,0,0,0,7
Classical Monocytes|CD4 T Cells|APP|LRP10,cHD,11,11,0,0,0,0,0,0,11
Classical Monocytes|CD4 T Cells|APP|LRP10,cSLE,32,33,0,0,1,0,0,0,33
Classical Monocytes|CD4 T Cells|ARF6|SMAP1,aHD,5,5,0,0,0,0,0,0,5
Classical Monocytes|CD4 T Cells|ARF6|SMAP1,aSLE,7,7,0,0,0,0,0,0,7
Classical Monocytes|CD4 T Cells|ARF6|SMAP1,cHD,11,11,0,0,0,0,0,0,11
Classical Monocytes|CD4 T Cells|ARF6|SMAP1,cSLE,31,33,0,0,0,2,0,0,33
Classical Monocytes|CD4 T Cells|CALM1|PTPRA,aHD,5,5,0,0,0,0,0,0,5
Classical Monocytes|CD4 T Cells|CALM1|PTPRA,aSLE,7,7,0,0,0,0,0,0,7
Classical Monocytes|CD4 T Cells|CALM1|PTPRA,cHD,11,11,0,0,0,0,0,0,11
Classical Monocytes|CD4 T Cells|CALM1|PTPRA,cSLE,30,33,0,0,0,3,0,0,33
Classical Monocytes|CD4 T Cells|CD14|ITGA4,aHD,5,5,0,0,0,0,0,0,5
Classical Monocytes|CD4 T Cells|CD14|ITGA4,aSLE,7,7,0,0,0,0,0,0,7
Classical Monocytes|CD4 T Cells|CD14|ITGA4,cHD,11,11,0,0,0,0,0,0,11
Classical Monocytes|CD4 T Cells|CD14|ITGA4,cSLE,32,33,0,0,0,1,0,0,33
Classical Monocytes|CD4 T Cells|CD14|ITGB1,aHD,5,5,0,0,0,0,0,0,5
Classical Monocytes|CD4 T Cells|CD14|ITGB1,aSLE,7,7,0,0,0,0,0,0,7
Classical Monocytes|CD4 T Cells|CD14|ITGB1,cHD,11,11,0,0,0,0,0,0,11
Classical Monocytes|CD4 T Cells|CD14|ITGB1,cSLE,33,33,0,0,0,0,0,0,33
Classical Monocytes|CD4 T Cells|CD14|ITGB2,aHD,5,5,0,0,0,0,0,0,5
Classical Monocytes|CD4 T Cells|CD14|ITGB2,aSLE,7,7,0,0,0,0,0,0,7
Classical Monocytes|CD4 T Cells|CD14|ITGB2,cHD,11,11,0,0,0,0,0,0,11
Classical Monocytes|CD4 T Cells|CD14|ITGB2,cSLE,33,33,0,0,0,0,0,0,33
Classical Monocytes|CD4 T Cells|CD47|SIRPG,aHD,5,5,0,0,0,0,0,0,5
Classical Monocytes|CD4 T Cells|CD47|SIRPG,aSLE,7,7,0,0,0,0,0,0,7
Classical Monocytes|CD4 T Cells|CD47|SIRPG,cHD,11,11,0,0,0,0,0,0,11
Classical Monocytes|CD4 T Cells|CD47|SIRPG,cSLE,31,33,0,0,0,2,0,0,33
Classical Monocytes|CD4 T Cells|CD48|CD2,aHD,5,5,0,0,0,0,0,0,5
Classical Monocytes|CD4 T Cells|CD48|CD2,aSLE,7,7,0,0,0,0,0,0,7
Classical Monocytes|CD4 T Cells|CD48|CD2,cHD,11,11,0,0,0,0,0,0,11
Classical Monocytes|CD4 T Cells|CD48|CD2,cSLE,33,33,0,0,0,0,0,0,33
Classical Monocytes|CD4 T Cells|CD86|CD28,aHD,5,5,0,0,0,0,0,0,5
Classical Monocytes|CD4 T Cells|CD86|CD28,aSLE,7,7,0,0,0,0,0,0,7
Classical Monocytes|CD4 T Cells|CD86|CD28,cHD,11,11,0,0,0,0,0,0,11
Classical Monocytes|CD4 T Cells|CD86|CD28,cSLE,30,33,0,0,0,3,0,0,33
Classical Monocytes|CD4 T Cells|COPA|CD74,aHD,5,5,0,0,0,0,0,0,5
Classical Monocytes|CD4 T Cells|COPA|CD74,aSLE,7,7,0,0,0,0,0,0,7
Classical Monocytes|CD4 T Cells|COPA|CD74,cHD,11,11,0,0,0,0,0,0,11
Classical Monocytes|CD4 T Cells|COPA|CD74,cSLE,33,33,0,0,0,0,0,0,33
Classical Monocytes|CD4 T Cells|GNAI2|S1PR4,aHD,5,5,0,0,0,0,0,0,5
Classical Monocytes|CD4 T Cells|GNAI2|S1PR4,aSLE,7,7,0,0,0,0,0,0,7
Classical Monocytes|CD4 T Cells|GNAI2|S1PR4,cHD,11,11,0,0,0,0,0,0,11
Classical Monocytes|CD4 T Cells|GNAI2|S1PR4,cSLE,33,33,0,0,0,0,0,0,33
Classical Monocytes|CD4 T Cells|HBEGF|CD44,aHD,5,5,0,0,0,0,0,0,5
Classical Monocytes|CD4 T Cells|HBEGF|CD44,aSLE,7,7,0,0,0,0,0,0,7
Classical Monocytes|CD4 T Cells|HBEGF|CD44,cHD,10,11,0,0,1,0,0,0,11
Classical Monocytes|CD4 T Cells|HBEGF|CD44,cSLE,28,33,0,0,5,0,0,0,33
Classical Monocytes|CD4 T Cells|HLA-B|CD3D,aHD,5,5,0,0,0,0,0,0,5
Classical Monocytes|CD4 T Cells|HLA-B|CD3D,aSLE,7,7,0,0,0,0,0,0,7
Classical Monocytes|CD4 T Cells|HLA-B|CD3D,cHD,11,11,0,0,0,0,0,0,11
Classical Monocytes|CD4 T Cells|HLA-B|CD3D,cSLE,33,33,0,0,0,0,0,0,33
Classical Monocytes|CD4 T Cells|HLA-DMA|CD4,aHD,5,5,0,0,0,0,0,0,5
Classical Monocytes|CD4 T Cells|HLA-DMA|CD4,aSLE,7,7,0,0,0,0,0,0,7
Classical Monocytes|CD4 T Cells|HLA-DMA|CD4,cHD,11,11,0,0,0,0,0,0,11
Classical Monocytes|CD4 T Cells|HLA-DMA|CD4,cSLE,32,33,0,0,0,1,0,0,33
Classical Monocytes|CD4 T Cells|HLA-DMB|CD4,aHD,5,5,0,0,0,0,0,0,5
Classical Monocytes|CD4 T Cells|HLA-DMB|CD4,aSLE,7,7,0,0,0,0,0,0,7
Classical Monocytes|CD4 T Cells|HLA-DMB|CD4,cHD,11,11,0,0,0,0,0,0,11
Classical Monocytes|CD4 T Cells|HLA-DMB|CD4,cSLE,32,33,0,0,0,1,0,0,33
Classical Monocytes|CD4 T Cells|HLA-DPA1|CD4,aHD,5,5,0,0,0,0,0,0,5
Classical Monocytes|CD4 T Cells|HLA-DPA1|CD4,aSLE,7,7,0,0,0,0,0,0,7
Classical Monocytes|CD4 T Cells|HLA-DPA1|CD4,cHD,11,11,0,0,0,0,0,0,11
Classical Monocytes|CD4 T Cells|HLA-DPA1|CD4,cSLE,32,33,0,0,0,1,0,0,33
Classical Monocytes|CD4 T Cells|HLA-DPB1|CD4,aHD,5,5,0,0,0,0,0,0,5
Classical Monocytes|CD4 T Cells|HLA-DPB1|CD4,aSLE,7,7,0,0,0,0,0,0,7
Classical Monocytes|CD4 T Cells|HLA-DPB1|CD4,cHD,11,11,0,0,0,0,0,0,11
Classical Monocytes|CD4 T Cells|HLA-DPB1|CD4,cSLE,32,33,0,0,0,1,0,0,33
Classical Monocytes|CD4 T Cells|HLA-DQB1|CD4,aHD,5,5,0,0,0,0,0,0,5
Classical Monocytes|CD4 T Cells|HLA-DQB1|CD4,aSLE,7,7,0,0,0,0,0,0,7
Classical Monocytes|CD4 T Cells|HLA-DQB1|CD4,cHD,11,11,0,0,0,0,0,0,11
Classical Monocytes|CD4 T Cells|HLA-DQB1|CD4,cSLE,31,33,0,0,1,1,0,0,33
Classical Monocytes|CD4 T Cells|HLA-DRA|CD4,aHD,5,5,0,0,0,0,0,0,5
Classical Monocytes|CD4 T Cells|HLA-DRA|CD4,aSLE,7,7,0,0,0,0,0,0,7
Classical Monocytes|CD4 T Cells|HLA-DRA|CD4,cHD,11,11,0,0,0,0,0,0,11
Classical Monocytes|CD4 T Cells|HLA-DRA|CD4,cSLE,32,33,0,0,0,1,0,0,33
Classical Monocytes|CD4 T Cells|HLA-DRB1|CD4,aHD,5,5,0,0,0,0,0,0,5
Classical Monocytes|CD4 T Cells|HLA-DRB1|CD4,aSLE,7,7,0,0,0,0,0,0,7
Classical Monocytes|CD4 T Cells|HLA-DRB1|CD4,cHD,11,11,0,0,0,0,0,0,11
Classical Monocytes|CD4 T Cells|HLA-DRB1|CD4,cSLE,32,33,0,0,0,1,0,0,33
Classical Monocytes|CD4 T Cells|HMGB1|CXCR4,aHD,5,5,0,0,0,0,0,0,5
Classical Monocytes|CD4 T Cells|HMGB1|CXCR4,aSLE,7,7,0,0,0,0,0,0,7
Classical Monocytes|CD4 T Cells|HMGB1|CXCR4,cHD,11,11,0,0,0,0,0,0,11
Classical Monocytes|CD4 T Cells|HMGB1|CXCR4,cSLE,33,33,0,0,0,0,0,0,33
Classical Monocytes|CD4 T Cells|ICAM1|IL2RG,aHD,5,5,0,0,0,0,0,0,5
Classical Monocytes|CD4 T Cells|ICAM1|IL2RG,aSLE,7,7,0,0,0,0,0,0,7
Classical Monocytes|CD4 T Cells|ICAM1|IL2RG,cHD,10,11,0,0,1,0,0,0,11
Classical Monocytes|CD4 T Cells|ICAM1|IL2RG,cSLE,24,33,0,0,9,0,0,0,33
Classical Monocytes|CD4 T Cells|ICAM1|SPN,aHD,5,5,0,0,0,0,0,0,5
Classical Monocytes|CD4 T Cells|ICAM1|SPN,aSLE,7,7,0,0,0,0,0,0,7
Classical Monocytes|CD4 T Cells|ICAM1|SPN,cHD,10,11,0,0,1,1,0,0,11
Classical Monocytes|CD4 T Cells|ICAM1|SPN,cSLE,21,33,0,0,9,6,0,0,33
Classical Monocytes|CD4 T Cells|IL1B|SIGIRR,aHD,5,5,0,0,0,0,0,0,5
Classical Monocytes|CD4 T Cells|IL1B|SIGIRR,aSLE,7,7,0,0,0,0,0,0,7
Classical Monocytes|CD4 T Cells|IL1B|SIGIRR,cHD,11,11,0,0,0,0,0,0,11
Classical Monocytes|CD4 T Cells|IL1B|SIGIRR,cSLE,33,33,0,0,0,0,0,0,33
Classical Monocytes|CD4 T Cells|LGALS1|CD69,aHD,5,5,0,0,0,0,0,0,5
Classical Monocytes|CD4 T Cells|LGALS1|CD69,aSLE,7,7,0,0,0,0,0,0,7
Classical Monocytes|CD4 T Cells|LGALS1|CD69,cHD,11,11,0,0,0,0,0,0,11
Classical Monocytes|CD4 T Cells|LGALS1|CD69,cSLE,33,33,0,0,0,0,0,0,33
Classical Monocytes|CD4 T Cells|LGALS1|ITGB1,aHD,5,5,0,0,0,0,0,0,5
Classical Monocytes|CD4 T Cells|LGALS1|ITGB1,aSLE,7,7,0,0,0,0,0,0,7
Classical Monocytes|CD4 T Cells|LGALS1|ITGB1,cHD,11,11,0,0,0,0,0,0,11
Classical Monocytes|CD4 T Cells|LGALS1|ITGB1,cSLE,33,33,0,0,0,0,0,0,33
Classical Monocytes|CD4 T Cells|LGALS1|PTPRC,aHD,5,5,0,0,0,0,0,0,5
Classical Monocytes|CD4 T Cells|LGALS1|PTPRC,aSLE,7,7,0,0,0,0,0,0,7
Classical Monocytes|CD4 T Cells|LGALS1|PTPRC,cHD,11,11,0,0,0,0,0,0,11
Classical Monocytes|CD4 T Cells|LGALS1|PTPRC,cSLE,33,33,0,0,0,0,0,0,33
Classical Monocytes|CD4 T Cells|LGALS9|CD44,aHD,5,5,0,0,0,0,0,0,5
Classical Monocytes|CD4 T Cells|LGALS9|CD44,aSLE,7,7,0,0,0,0,0,0,7
Classical Monocytes|CD4 T Cells|LGALS9|CD44,cHD,11,11,0,0,0,0,0,0,11
Classical Monocytes|CD4 T Cells|LGALS9|CD44,cSLE,33,33,0,0,0,0,0,0,33
Classical Monocytes|CD4 T Cells|LGALS9|CD47,aHD,5,5,0,0,0,0,0,0,5
Classical Monocytes|CD4 T Cells|LGALS9|CD47,aSLE,7,7,0,0,0,0,0,0,7
Classical Monocytes|CD4 T Cells|LGALS9|CD47,cHD,11,11,0,0,0,0,0,0,11
Classical Monocytes|CD4 T Cells|LGALS9|CD47,cSLE,33,33,0,0,0,0,0,0,33
Classical Monocytes|CD4 T Cells|LGALS9|PTPRC,aHD,5,5,0,0,0,0,0,0,5
Classical Monocytes|CD4 T Cells|LGALS9|PTPRC,aSLE,7,7,0,0,0,0,0,0,7
Classical Monocytes|CD4 T Cells|LGALS9|PTPRC,cHD,11,11,0,0,0,0,0,0,11
Classical Monocytes|CD4 T Cells|LGALS9|PTPRC,cSLE,33,33,0,0,0,0,0,0,33
Classical Monocytes|CD4 T Cells|MIF|CD44_CD74,aHD,5,5,0,0,0,0,0,0,5
Classical Monocytes|CD4 T Cells|MIF|CD44_CD74,aSLE,7,7,0,0,0,0,0,0,7
Classical Monocytes|CD4 T Cells|MIF|CD44_CD74,cHD,11,11,0,0,0,0,0,0,11
Classical Monocytes|CD4 T Cells|MIF|CD44_CD74,cSLE,33,33,0,0,0,0,0,0,33
Classical Monocytes|CD4 T Cells|MIF|CD74_CXCR4,aHD,5,5,0,0,0,0,0,0,5
Classical Monocytes|CD4 T Cells|MIF|CD74_CXCR4,aSLE,7,7,0,0,0,0,0,0,7
Classical Monocytes|CD4 T Cells|MIF|CD74_CXCR4,cHD,11,11,0,0,0,0,0,0,11
Classical Monocytes|CD4 T Cells|MIF|CD74_CXCR4,cSLE,33,33,0,0,0,0,0,0,33
Classical Monocytes|CD4 T Cells|MIF|TNFRSF14,aHD,5,5,0,0,0,0,0,0,5
Classical Monocytes|CD4 T Cells|MIF|TNFRSF14,aSLE,7,7,0,0,0,0,0,0,7
Classical Monocytes|CD4 T Cells|MIF|TNFRSF14,cHD,11,11,0,0,0,0,0,0,11
Classical Monocytes|CD4 T Cells|MIF|TNFRSF14,cSLE,33,33,0,0,0,0,0,0,33
Classical Monocytes|CD4 T Cells|PKM|CD44,aHD,5,5,0,0,0,0,0,0,5
Classical Monocytes|CD4 T Cells|PKM|CD44,aSLE,7,7,0,0,0,0,0,0,7
Classical Monocytes|CD4 T Cells|PKM|CD44,cHD,11,11,0,0,0,0,0,0,11
Classical Monocytes|CD4 T Cells|PKM|CD44,cSLE,33,33,0,0,0,0,0,0,33
Classical Monocytes|CD4 T Cells|PSEN1|CD44,aHD,5,5,0,0,0,0,0,0,5
Classical Monocytes|CD4 T Cells|PSEN1|CD44,aSLE,7,7,0,0,0,0,0,0,7
Classical Monocytes|CD4 T Cells|PSEN1|CD44,cHD,11,11,0,0,0,0,0,0,11
Classical Monocytes|CD4 T Cells|PSEN1|CD44,cSLE,33,33,0,0,0,0,0,0,33
Classical Monocytes|CD4 T Cells|RETN|CAP1,aHD,5,5,0,0,0,0,0,0,5
Classical Monocytes|CD4 T Cells|RETN|CAP1,aSLE,7,7,0,0,0,0,0,0,7
Classical Monocytes|CD4 T Cells|RETN|CAP1,cHD,11,11,0,0,0,0,0,0,11
Classical Monocytes|CD4 T Cells|RETN|CAP1,cSLE,32,33,0,0,1,0,0,0,33
Classical Monocytes|CD4 T Cells|S100A8|CD69,aHD,5,5,0,0,0,0,0,0,5
Classical Monocytes|CD4 T Cells|S100A8|CD69,aSLE,7,7,0,0,0,0,0,0,7
Classical Monocytes|CD4 T Cells|S100A8|CD69,cHD,11,11,0,0,0,0,0,0,11
Classical Monocytes|CD4 T Cells|S100A8|CD69,cSLE,33,33,0,0,0,0,0,0,33
Classical Monocytes|CD4 T Cells|S100A8|ITGB2,aHD,5,5,0,0,0,0,0,0,5
Classical Monocytes|CD4 T Cells|S100A8|ITGB2,aSLE,7,7,0,0,0,0,0,0,7
Classical Monocytes|CD4 T Cells|S100A8|ITGB2,cHD,11,11,0,0,0,0,0,0,11
Classical Monocytes|CD4 T Cells|S100A8|ITGB2,cSLE,33,33,0,0,0,0,0,0,33
Classical Monocytes|CD4 T Cells|S100A9|ITGB2,aHD,5,5,0,0,0,0,0,0,5
Classical Monocytes|CD4 T Cells|S100A9|ITGB2,aSLE,7,7,0,0,0,0,0,0,7
Classical Monocytes|CD4 T Cells|S100A9|ITGB2,cHD,11,11,0,0,0,0,0,0,11
Classical Monocytes|CD4 T Cells|S100A9|ITGB2,cSLE,33,33,0,0,0,0,0,0,33
Classical Monocytes|CD4 T Cells|SELPLG|ITGB2,aHD,5,5,0,0,0,0,0,0,5
Classical Monocytes|CD4 T Cells|SELPLG|ITGB2,aSLE,7,7,0,0,0,0,0,0,7
Classical Monocytes|CD4 T Cells|SELPLG|ITGB2,cHD,11,11,0,0,0,0,0,0,11
Classical Monocytes|CD4 T Cells|SELPLG|ITGB2,cSLE,33,33,0,0,0,0,0,0,33
Classical Monocytes|CD4 T Cells|SELPLG|SELL,aHD,5,5,0,0,0,0,0,0,5
Classical Monocytes|CD4 T Cells|SELPLG|SELL,aSLE,7,7,0,0,0,0,0,0,7
Classical Monocytes|CD4 T Cells|SELPLG|SELL,cHD,11,11,0,0,0,0,0,0,11
Classical Monocytes|CD4 T Cells|SELPLG|SELL,cSLE,33,33,0,0,0,0,0,0,33
Classical Monocytes|CD4 T Cells|SIRPA|CD47,aHD,5,5,0,0,0,0,0,0,5
Classical Monocytes|CD4 T Cells|SIRPA|CD47,aSLE,7,7,0,0,0,0,0,0,7
Classical Monocytes|CD4 T Cells|SIRPA|CD47,cHD,10,11,0,0,1,0,0,0,11
Classical Monocytes|CD4 T Cells|SIRPA|CD47,cSLE,33,33,0,0,0,0,0,0,33
Classical Monocytes|CD4 T Cells|TGFB1|CXCR4,aHD,5,5,0,0,0,0,0,0,5
Classical Monocytes|CD4 T Cells|TGFB1|CXCR4,aSLE,6,7,0,0,1,0,0,0,7
Classical Monocytes|CD4 T Cells|TGFB1|CXCR4,cHD,11,11,0,0,0,0,0,0,11
Classical Monocytes|CD4 T Cells|TGFB1|CXCR4,cSLE,33,33,0,0,0,0,0,0,33
Classical Monocytes|CD4 T Cells|TGFB1|ITGB1,aHD,5,5,0,0,0,0,0,0,5
Classical Monocytes|CD4 T Cells|TGFB1|ITGB1,aSLE,6,7,0,0,1,0,0,0,7
Classical Monocytes|CD4 T Cells|TGFB1|ITGB1,cHD,11,11,0,0,0,0,0,0,11
Classical Monocytes|CD4 T Cells|TGFB1|ITGB1,cSLE,33,33,0,0,0,0,0,0,33
Classical Monocytes|CD4 T Cells|TIMP1|CD63,aHD,5,5,0,0,0,0,0,0,5
Classical Monocytes|CD4 T Cells|TIMP1|CD63,aSLE,7,7,0,0,0,0,0,0,7
Classical Monocytes|CD4 T Cells|TIMP1|CD63,cHD,11,11,0,0,0,0,0,0,11
Classical Monocytes|CD4 T Cells|TIMP1|CD63,cSLE,32,33,0,0,0,1,0,0,33
Classical Monocytes|CD4 T Cells|TIMP2|CD44,aHD,5,5,0,0,0,0,0,0,5
Classical Monocytes|CD4 T Cells|TIMP2|CD44,aSLE,7,7,0,0,0,0,0,0,7
Classical Monocytes|CD4 T Cells|TIMP2|CD44,cHD,11,11,0,0,0,0,0,0,11
Classical Monocytes|CD4 T Cells|TIMP2|CD44,cSLE,33,33,0,0,0,0,0,0,33
Classical Monocytes|CD4 T Cells|TIMP2|ITGB1,aHD,5,5,0,0,0,0,0,0,5
Classical Monocytes|CD4 T Cells|TIMP2|ITGB1,aSLE,7,7,0,0,0,0,0,0,7
Classical Monocytes|CD4 T Cells|TIMP2|ITGB1,cHD,11,11,0,0,0,0,0,0,11
Classical Monocytes|CD4 T Cells|TIMP2|ITGB1,cSLE,33,33,0,0,0,0,0,0,33
Classical Monocytes|CD4 T Cells|TNFSF13B|HLA-DPB1,aHD,5,5,0,0,0,0,0,0,5
Classical Monocytes|CD4 T Cells|TNFSF13B|HLA-DPB1,aSLE,7,7,0,0,0,0,0,0,7
Classical Monocytes|CD4 T Cells|TNFSF13B|HLA-DPB1,cHD,11,11,0,0,0,0,0,0,11
Classical Monocytes|CD4 T Cells|TNFSF13B|HLA-DPB1,cSLE,33,33,0,0,0,0,0,0,33
Classical Monocytes|CD4 T Cells|VCAN|CD44,aHD,5,5,0,0,0,0,0,0,5
Classical Monocytes|CD4 T Cells|VCAN|CD44,aSLE,7,7,0,0,0,0,0,0,7
Classical Monocytes|CD4 T Cells|VCAN|CD44,cHD,11,11,0,0,0,0,0,0,11
Classical Monocytes|CD4 T Cells|VCAN|CD44,cSLE,33,33,0,0,0,0,0,0,33
Classical Monocytes|CD4 T Cells|VCAN|ITGA4,aHD,5,5,0,0,0,0,0,0,5
Classical Monocytes|CD4 T Cells|VCAN|ITGA4,aSLE,7,7,0,0,0,0,0,0,7
Classical Monocytes|CD4 T Cells|VCAN|ITGA4,cHD,11,11,0,0,0,0,0,0,11
Classical Monocytes|CD4 T Cells|VCAN|ITGA4,cSLE,32,33,0,0,0,1,0,0,33
Classical Monocytes|CD4 T Cells|VCAN|ITGB1,aHD,5,5,0,0,0,0,0,0,5
Classical Monocytes|CD4 T Cells|VCAN|ITGB1,aSLE,7,7,0,0,0,0,0,0,7
Classical Monocytes|CD4 T Cells|VCAN|ITGB1,cHD,11,11,0,0,0,0,0,0,11
Classical Monocytes|CD4 T Cells|VCAN|ITGB1,cSLE,33,33,0,0,0,0,0,0,33
Classical Monocytes|CD4 T Cells|VCAN|SELL,aHD,5,5,0,0,0,0,0,0,5
Classical Monocytes|CD4 T Cells|VCAN|SELL,aSLE,7,7,0,0,0,0,0,0,7
Classical Monocytes|CD4 T Cells|VCAN|SELL,cHD,11,11,0,0,0,0,0,0,11
Classical Monocytes|CD4 T Cells|VCAN|SELL,cSLE,33,33,0,0,0,0,0,0,33
Classical Monocytes|CD4 T Cells|VIM|CD44,aHD,5,5,0,0,0,0,0,0,5
Classical Monocytes|CD4 T Cells|VIM|CD44,aSLE,7,7,0,0,0,0,0,0,7
Classical Monocytes|CD4 T Cells|VIM|CD44,cHD,11,11,0,0,0,0,0,0,11
Classical Monocytes|CD4 T Cells|VIM|CD44,cSLE,33,33,0,0,0,0,0,0,33
Classical Monocytes|CD8 T Cells|ADAM10|CD44,aHD,5,5,0,0,0,0,0,0,5
Classical Monocytes|CD8 T Cells|ADAM10|CD44,aSLE,7,7,0,0,0,0,0,0,7
Classical Monocytes|CD8 T Cells|ADAM10|CD44,cHD,11,11,0,0,0,0,0,0,11
Classical Monocytes|CD8 T Cells|ADAM10|CD44,cSLE,33,33,0,0,0,0,0,0,33
Classical Monocytes|CD8 T Cells|ADAM15|ITGB1,aHD,5,5,0,0,0,0,0,0,5
Classical Monocytes|CD8 T Cells|ADAM15|ITGB1,aSLE,7,7,0,0,0,0,0,0,7
Classical Monocytes|CD8 T Cells|ADAM15|ITGB1,cHD,8,11,0,0,1,2,0,0,11
Classical Monocytes|CD8 T Cells|ADAM15|ITGB1,cSLE,30,33,0,0,2,1,0,0,33
Classical Monocytes|CD8 T Cells|ADAM17|ITGB1,aHD,5,5,0,0,0,0,0,0,5
Classical Monocytes|CD8 T Cells|ADAM17|ITGB1,aSLE,7,7,0,0,0,0,0,0,7
Classical Monocytes|CD8 T Cells|ADAM17|ITGB1,cHD,9,11,0,0,0,2,0,0,11
Classical Monocytes|CD8 T Cells|ADAM17|ITGB1,cSLE,32,33,0,0,0,1,0,0,33
Classical Monocytes|CD8 T Cells|APP|CD74,aHD,5,5,0,0,0,0,0,0,5
Classical Monocytes|CD8 T Cells|APP|CD74,aSLE,7,7,0,0,0,0,0,0,7
Classical Monocytes|CD8 T Cells|APP|CD74,cHD,11,11,0,0,0,0,0,0,11
Classical Monocytes|CD8 T Cells|APP|CD74,cSLE,32,33,0,0,1,0,0,0,33
Classical Monocytes|CD8 T Cells|APP|LRP10,aHD,5,5,0,0,0,0,0,0,5
Classical Monocytes|CD8 T Cells|APP|LRP10,aSLE,7,7,0,0,0,0,0,0,7
Classical Monocytes|CD8 T Cells|APP|LRP10,cHD,11,11,0,0,0,0,0,0,11
Classical Monocytes|CD8 T Cells|APP|LRP10,cSLE,32,33,0,0,1,0,0,0,33
Classical Monocytes|CD8 T Cells|APP|PTGER2,aHD,5,5,0,0,0,0,0,0,5
Classical Monocytes|CD8 T Cells|APP|PTGER2,aSLE,6,7,0,0,0,1,0,0,7
Classical Monocytes|CD8 T Cells|APP|PTGER2,cHD,9,11,0,0,0,2,0,0,11
Classical Monocytes|CD8 T Cells|APP|PTGER2,cSLE,31,33,0,0,1,1,0,0,33
Classical Monocytes|CD8 T Cells|CALM1|PTPRA,aHD,5,5,0,0,0,0,0,0,5
Classical Monocytes|CD8 T Cells|CALM1|PTPRA,aSLE,7,7,0,0,0,0,0,0,7
Classical Monocytes|CD8 T Cells|CALM1|PTPRA,cHD,11,11,0,0,0,0,0,0,11
Classical Monocytes|CD8 T Cells|CALM1|PTPRA,cSLE,33,33,0,0,0,0,0,0,33
Classical Monocytes|CD8 T Cells|CD14|ITGA4,aHD,5,5,0,0,0,0,0,0,5
Classical Monocytes|CD8 T Cells|CD14|ITGA4,aSLE,7,7,0,0,0,0,0,0,7
Classical Monocytes|CD8 T Cells|CD14|ITGA4,cHD,11,11,0,0,0,0,0,0,11
Classical Monocytes|CD8 T Cells|CD14|ITGA4,cSLE,33,33,0,0,0,0,0,0,33
Classical Monocytes|CD8 T Cells|CD14|ITGB1,aHD,5,5,0,0,0,0,0,0,5
Classical Monocytes|CD8 T Cells|CD14|ITGB1,aSLE,7,7,0,0,0,0,0,0,7
Classical Monocytes|CD8 T Cells|CD14|ITGB1,cHD,9,11,0,0,0,2,0,0,11
Classical Monocytes|CD8 T Cells|CD14|ITGB1,cSLE,32,33,0,0,0,1,0,0,33
Classical Monocytes|CD8 T Cells|CD14|ITGB2,aHD,5,5,0,0,0,0,0,0,5
Classical Monocytes|CD8 T Cells|CD14|ITGB2,aSLE,7,7,0,0,0,0,0,0,7
Classical Monocytes|CD8 T Cells|CD14|ITGB2,cHD,11,11,0,0,0,0,0,0,11
Classical Monocytes|CD8 T Cells|CD14|ITGB2,cSLE,33,33,0,0,0,0,0,0,33
Classical Monocytes|CD8 T Cells|CD48|CD2,aHD,5,5,0,0,0,0,0,0,5
Classical Monocytes|CD8 T Cells|CD48|CD2,aSLE,7,7,0,0,0,0,0,0,7
Classical Monocytes|CD8 T Cells|CD48|CD2,cHD,11,11,0,0,0,0,0,0,11
Classical Monocytes|CD8 T Cells|CD48|CD2,cSLE,33,33,0,0,0,0,0,0,33
Classical Monocytes|CD8 T Cells|COPA|CD74,aHD,5,5,0,0,0,0,0,0,5
Classical Monocytes|CD8 T Cells|COPA|CD74,aSLE,7,7,0,0,0,0,0,0,7
Classical Monocytes|CD8 T Cells|COPA|CD74,cHD,11,11,0,0,0,0,0,0,11
Classical Monocytes|CD8 T Cells|COPA|CD74,cSLE,33,33,0,0,0,0,0,0,33
Classical Monocytes|CD8 T Cells|GNAI2|S1PR4,aHD,5,5,0,0,0,0,0,0,5
Classical Monocytes|CD8 T Cells|GNAI2|S1PR4,aSLE,7,7,0,0,0,0,0,0,7
Classical Monocytes|CD8 T Cells|GNAI2|S1PR4,cHD,11,11,0,0,0,0,0,0,11
Classical Monocytes|CD8 T Cells|GNAI2|S1PR4,cSLE,32,33,0,0,0,1,0,0,33
Classical Monocytes|CD8 T Cells|HBEGF|CD44,aHD,5,5,0,0,0,0,0,0,5
Classical Monocytes|CD8 T Cells|HBEGF|CD44,aSLE,7,7,0,0,0,0,0,0,7
Classical Monocytes|CD8 T Cells|HBEGF|CD44,cHD,10,11,0,0,1,0,0,0,11
Classical Monocytes|CD8 T Cells|HBEGF|CD44,cSLE,28,33,0,0,5,0,0,0,33
Classical Monocytes|CD8 T Cells|HLA-A|CD8A,aHD,5,5,0,0,0,0,0,0,5
Classical Monocytes|CD8 T Cells|HLA-A|CD8A,aSLE,7,7,0,0,0,0,0,0,7
Classical Monocytes|CD8 T Cells|HLA-A|CD8A,cHD,11,11,0,0,0,0,0,0,11
Classical Monocytes|CD8 T Cells|HLA-A|CD8A,cSLE,33,33,0,0,0,0,0,0,33
Classical Monocytes|CD8 T Cells|HLA-A|CD8B,aHD,5,5,0,0,0,0,0,0,5
Classical Monocytes|CD8 T Cells|HLA-A|CD8B,aSLE,7,7,0,0,0,0,0,0,7
Classical Monocytes|CD8 T Cells|HLA-A|CD8B,cHD,11,11,0,0,0,0,0,0,11
Classical Monocytes|CD8 T Cells|HLA-A|CD8B,cSLE,33,33,0,0,0,0,0,0,33
Classical Monocytes|CD8 T Cells|HLA-B|CD3D,aHD,5,5,0,0,0,0,0,0,5
Classical Monocytes|CD8 T Cells|HLA-B|CD3D,aSLE,7,7,0,0,0,0,0,0,7
Classical Monocytes|CD8 T Cells|HLA-B|CD3D,cHD,11,11,0,0,0,0,0,0,11
Classical Monocytes|CD8 T Cells|HLA-B|CD3D,cSLE,33,33,0,0,0,0,0,0,33
Classical Monocytes|CD8 T Cells|HLA-B|CD8A,aHD,5,5,0,0,0,0,0,0,5
Classical Monocytes|CD8 T Cells|HLA-B|CD8A,aSLE,7,7,0,0,0,0,0,0,7
Classical Monocytes|CD8 T Cells|HLA-B|CD8A,cHD,11,11,0,0,0,0,0,0,11
Classical Monocytes|CD8 T Cells|HLA-B|CD8A,cSLE,33,33,0,0,0,0,0,0,33
Classical Monocytes|CD8 T Cells|HLA-B|CD8B,aHD,5,5,0,0,0,0,0,0,5
Classical Monocytes|CD8 T Cells|HLA-B|CD8B,aSLE,7,7,0,0,0,0,0,0,7
Classical Monocytes|CD8 T Cells|HLA-B|CD8B,cHD,11,11,0,0,0,0,0,0,11
Classical Monocytes|CD8 T Cells|HLA-B|CD8B,cSLE,33,33,0,0,0,0,0,0,33
Classical Monocytes|CD8 T Cells|HLA-C|CD8A,aHD,5,5,0,0,0,0,0,0,5
Classical Monocytes|CD8 T Cells|HLA-C|CD8A,aSLE,7,7,0,0,0,0,0,0,7
Classical Monocytes|CD8 T Cells|HLA-C|CD8A,cHD,11,11,0,0,0,0,0,0,11
Classical Monocytes|CD8 T Cells|HLA-C|CD8A,cSLE,33,33,0,0,0,0,0,0,33
Classical Monocytes|CD8 T Cells|HLA-C|CD8B,aHD,5,5,0,0,0,0,0,0,5
Classical Monocytes|CD8 T Cells|HLA-C|CD8B,aSLE,7,7,0,0,0,0,0,0,7
Classical Monocytes|CD8 T Cells|HLA-C|CD8B,cHD,11,11,0,0,0,0,0,0,11
Classical Monocytes|CD8 T Cells|HLA-C|CD8B,cSLE,33,33,0,0,0,0,0,0,33
Classical Monocytes|CD8 T Cells|HLA-E|CD8A,aHD,5,5,0,0,0,0,0,0,5
Classical Monocytes|CD8 T Cells|HLA-E|CD8A,aSLE,7,7,0,0,0,0,0,0,7
Classical Monocytes|CD8 T Cells|HLA-E|CD8A,cHD,11,11,0,0,0,0,0,0,11
Classical Monocytes|CD8 T Cells|HLA-E|CD8A,cSLE,33,33,0,0,0,0,0,0,33
Classical Monocytes|CD8 T Cells|HLA-E|CD8B,aHD,5,5,0,0,0,0,0,0,5
Classical Monocytes|CD8 T Cells|HLA-E|CD8B,aSLE,7,7,0,0,0,0,0,0,7
Classical Monocytes|CD8 T Cells|HLA-E|CD8B,cHD,11,11,0,0,0,0,0,0,11
Classical Monocytes|CD8 T Cells|HLA-E|CD8B,cSLE,33,33,0,0,0,0,0,0,33
Classical Monocytes|CD8 T Cells|HLA-F|CD8A,aHD,5,5,0,0,0,0,0,0,5
Classical Monocytes|CD8 T Cells|HLA-F|CD8A,aSLE,7,7,0,0,0,0,0,0,7
Classical Monocytes|CD8 T Cells|HLA-F|CD8A,cHD,11,11,0,0,0,0,0,0,11
Classical Monocytes|CD8 T Cells|HLA-F|CD8A,cSLE,33,33,0,0,0,0,0,0,33
Classical Monocytes|CD8 T Cells|HLA-F|CD8B,aHD,5,5,0,0,0,0,0,0,5
Classical Monocytes|CD8 T Cells|HLA-F|CD8B,aSLE,7,7,0,0,0,0,0,0,7
Classical Monocytes|CD8 T Cells|HLA-F|CD8B,cHD,11,11,0,0,0,0,0,0,11
Classical Monocytes|CD8 T Cells|HLA-F|CD8B,cSLE,33,33,0,0,0,0,0,0,33
Classical Monocytes|CD8 T Cells|HMGB1|CXCR4,aHD,5,5,0,0,0,0,0,0,5
Classical Monocytes|CD8 T Cells|HMGB1|CXCR4,aSLE,7,7,0,0,0,0,0,0,7
Classical Monocytes|CD8 T Cells|HMGB1|CXCR4,cHD,11,11,0,0,0,0,0,0,11
Classical Monocytes|CD8 T Cells|HMGB1|CXCR4,cSLE,33,33,0,0,0,0,0,0,33
Classical Monocytes|CD8 T Cells|ICAM1|IL2RG,aHD,5,5,0,0,0,0,0,0,5
Classical Monocytes|CD8 T Cells|ICAM1|IL2RG,aSLE,7,7,0,0,0,0,0,0,7
Classical Monocytes|CD8 T Cells|ICAM1|IL2RG,cHD,10,11,0,0,1,0,0,0,11
Classical Monocytes|CD8 T Cells|ICAM1|IL2RG,cSLE,24,33,0,0,9,0,0,0,33
Classical Monocytes|CD8 T Cells|ICAM1|SPN,aHD,5,5,0,0,0,0,0,0,5
Classical Monocytes|CD8 T Cells|ICAM1|SPN,aSLE,7,7,0,0,0,0,0,0,7
Classical Monocytes|CD8 T Cells|ICAM1|SPN,cHD,10,11,0,0,1,0,0,0,11
Classical Monocytes|CD8 T Cells|ICAM1|SPN,cSLE,24,33,0,0,9,0,0,0,33
Classical Monocytes|CD8 T Cells|IL1B|SIGIRR,aHD,5,5,0,0,0,0,0,0,5
Classical Monocytes|CD8 T Cells|IL1B|SIGIRR,aSLE,7,7,0,0,0,0,0,0,7
Classical Monocytes|CD8 T Cells|IL1B|SIGIRR,cHD,11,11,0,0,0,0,0,0,11
Classical Monocytes|CD8 T Cells|IL1B|SIGIRR,cSLE,33,33,0,0,0,0,0,0,33
Classical Monocytes|CD8 T Cells|LGALS1|CD69,aHD,5,5,0,0,0,0,0,0,5
Classical Monocytes|CD8 T Cells|LGALS1|CD69,aSLE,7,7,0,0,0,0,0,0,7
Classical Monocytes|CD8 T Cells|LGALS1|CD69,cHD,11,11,0,0,0,0,0,0,11
Classical Monocytes|CD8 T Cells|LGALS1|CD69,cSLE,33,33,0,0,0,0,0,0,33
Classical Monocytes|CD8 T Cells|LGALS1|ITGB1,aHD,5,5,0,0,0,0,0,0,5
Classical Monocytes|CD8 T Cells|LGALS1|ITGB1,aSLE,7,7,0,0,0,0,0,0,7
Classical Monocytes|CD8 T Cells|LGALS1|ITGB1,cHD,9,11,0,0,0,2,0,0,11
Classical Monocytes|CD8 T Cells|LGALS1|ITGB1,cSLE,32,33,0,0,0,1,0,0,33
Classical Monocytes|CD8 T Cells|LGALS1|PTPRC,aHD,5,5,0,0,0,0,0,0,5
Classical Monocytes|CD8 T Cells|LGALS1|PTPRC,aSLE,7,7,0,0,0,0,0,0,7
Classical Monocytes|CD8 T Cells|LGALS1|PTPRC,cHD,11,11,0,0,0,0,0,0,11
Classical Monocytes|CD8 T Cells|LGALS1|PTPRC,cSLE,33,33,0,0,0,0,0,0,33
Classical Monocytes|CD8 T Cells|LGALS9|CD44,aHD,5,5,0,0,0,0,0,0,5
Classical Monocytes|CD8 T Cells|LGALS9|CD44,aSLE,7,7,0,0,0,0,0,0,7
Classical Monocytes|CD8 T Cells|LGALS9|CD44,cHD,11,11,0,0,0,0,0,0,11
Classical Monocytes|CD8 T Cells|LGALS9|CD44,cSLE,33,33,0,0,0,0,0,0,33
Classical Monocytes|CD8 T Cells|LGALS9|CD47,aHD,5,5,0,0,0,0,0,0,5
Classical Monocytes|CD8 T Cells|LGALS9|CD47,aSLE,7,7,0,0,0,0,0,0,7
Classical Monocytes|CD8 T Cells|LGALS9|CD47,cHD,11,11,0,0,0,0,0,0,11
Classical Monocytes|CD8 T Cells|LGALS9|CD47,cSLE,33,33,0,0,0,0,0,0,33
Classical Monocytes|CD8 T Cells|LGALS9|PTPRC,aHD,5,5,0,0,0,0,0,0,5
Classical Monocytes|CD8 T Cells|LGALS9|PTPRC,aSLE,7,7,0,0,0,0,0,0,7
Classical Monocytes|CD8 T Cells|LGALS9|PTPRC,cHD,11,11,0,0,0,0,0,0,11
Classical Monocytes|CD8 T Cells|LGALS9|PTPRC,cSLE,33,33,0,0,0,0,0,0,33
Classical Monocytes|CD8 T Cells|MIF|CD44_CD74,aHD,5,5,0,0,0,0,0,0,5
Classical Monocytes|CD8 T Cells|MIF|CD44_CD74,aSLE,7,7,0,0,0,0,0,0,7
Classical Monocytes|CD8 T Cells|MIF|CD44_CD74,cHD,11,11,0,0,0,0,0,0,11
Classical Monocytes|CD8 T Cells|MIF|CD44_CD74,cSLE,33,33,0,0,0,0,0,0,33
Classical Monocytes|CD8 T Cells|MIF|CD74_CXCR4,aHD,5,5,0,0,0,0,0,0,5
Classical Monocytes|CD8 T Cells|MIF|CD74_CXCR4,aSLE,7,7,0,0,0,0,0,0,7
Classical Monocytes|CD8 T Cells|MIF|CD74_CXCR4,cHD,11,11,0,0,0,0,0,0,11
Classical Monocytes|CD8 T Cells|MIF|CD74_CXCR4,cSLE,33,33,0,0,0,0,0,0,33
Classical Monocytes|CD8 T Cells|MIF|TNFRSF14,aHD,5,5,0,0,0,0,0,0,5
Classical Monocytes|CD8 T Cells|MIF|TNFRSF14,aSLE,7,7,0,0,0,0,0,0,7
Classical Monocytes|CD8 T Cells|MIF|TNFRSF14,cHD,11,11,0,0,0,0,0,0,11
Classical Monocytes|CD8 T Cells|MIF|TNFRSF14,cSLE,33,33,0,0,0,0,0,0,33
Classical Monocytes|CD8 T Cells|PKM|CD44,aHD,5,5,0,0,0,0,0,0,5
Classical Monocytes|CD8 T Cells|PKM|CD44,aSLE,7,7,0,0,0,0,0,0,7
Classical Monocytes|CD8 T Cells|PKM|CD44,cHD,11,11,0,0,0,0,0,0,11
Classical Monocytes|CD8 T Cells|PKM|CD44,cSLE,33,33,0,0,0,0,0,0,33
Classical Monocytes|CD8 T Cells|PSEN1|CD44,aHD,5,5,0,0,0,0,0,0,5
Classical Monocytes|CD8 T Cells|PSEN1|CD44,aSLE,7,7,0,0,0,0,0,0,7
Classical Monocytes|CD8 T Cells|PSEN1|CD44,cHD,11,11,0,0,0,0,0,0,11
Classical Monocytes|CD8 T Cells|PSEN1|CD44,cSLE,33,33,0,0,0,0,0,0,33
Classical Monocytes|CD8 T Cells|RETN|CAP1,aHD,5,5,0,0,0,0,0,0,5
Classical Monocytes|CD8 T Cells|RETN|CAP1,aSLE,7,7,0,0,0,0,0,0,7
Classical Monocytes|CD8 T Cells|RETN|CAP1,cHD,11,11,0,0,0,0,0,0,11
Classical Monocytes|CD8 T Cells|RETN|CAP1,cSLE,32,33,0,0,1,0,0,0,33
Classical Monocytes|CD8 T Cells|S100A8|CD69,aHD,5,5,0,0,0,0,0,0,5
Classical Monocytes|CD8 T Cells|S100A8|CD69,aSLE,7,7,0,0,0,0,0,0,7
Classical Monocytes|CD8 T Cells|S100A8|CD69,cHD,11,11,0,0,0,0,0,0,11
Classical Monocytes|CD8 T Cells|S100A8|CD69,cSLE,33,33,0,0,0,0,0,0,33
Classical Monocytes|CD8 T Cells|S100A8|ITGB2,aHD,5,5,0,0,0,0,0,0,5
Classical Monocytes|CD8 T Cells|S100A8|ITGB2,aSLE,7,7,0,0,0,0,0,0,7
Classical Monocytes|CD8 T Cells|S100A8|ITGB2,cHD,11,11,0,0,0,0,0,0,11
Classical Monocytes|CD8 T Cells|S100A8|ITGB2,cSLE,33,33,0,0,0,0,0,0,33
Classical Monocytes|CD8 T Cells|S100A9|ITGB2,aHD,5,5,0,0,0,0,0,0,5
Classical Monocytes|CD8 T Cells|S100A9|ITGB2,aSLE,7,7,0,0,0,0,0,0,7
Classical Monocytes|CD8 T Cells|S100A9|ITGB2,cHD,11,11,0,0,0,0,0,0,11
Classical Monocytes|CD8 T Cells|S100A9|ITGB2,cSLE,33,33,0,0,0,0,0,0,33
Classical Monocytes|CD8 T Cells|SELPLG|ITGB2,aHD,5,5,0,0,0,0,0,0,5
Classical Monocytes|CD8 T Cells|SELPLG|ITGB2,aSLE,7,7,0,0,0,0,0,0,7
Classical Monocytes|CD8 T Cells|SELPLG|ITGB2,cHD,11,11,0,0,0,0,0,0,11
Classical Monocytes|CD8 T Cells|SELPLG|ITGB2,cSLE,33,33,0,0,0,0,0,0,33
Classical Monocytes|CD8 T Cells|SELPLG|SELL,aHD,5,5,0,0,0,0,0,0,5
Classical Monocytes|CD8 T Cells|SELPLG|SELL,aSLE,7,7,0,0,0,0,0,0,7
Classical Monocytes|CD8 T Cells|SELPLG|SELL,cHD,11,11,0,0,0,0,0,0,11
Classical Monocytes|CD8 T Cells|SELPLG|SELL,cSLE,33,33,0,0,0,0,0,0,33
Classical Monocytes|CD8 T Cells|SIRPA|CD47,aHD,5,5,0,0,0,0,0,0,5
Classical Monocytes|CD8 T Cells|SIRPA|CD47,aSLE,7,7,0,0,0,0,0,0,7
Classical Monocytes|CD8 T Cells|SIRPA|CD47,cHD,10,11,0,0,1,0,0,0,11
Classical Monocytes|CD8 T Cells|SIRPA|CD47,cSLE,33,33,0,0,0,0,0,0,33
Classical Monocytes|CD8 T Cells|TGFB1|CXCR4,aHD,5,5,0,0,0,0,0,0,5
Classical Monocytes|CD8 T Cells|TGFB1|CXCR4,aSLE,6,7,0,0,1,0,0,0,7
Classical Monocytes|CD8 T Cells|TGFB1|CXCR4,cHD,11,11,0,0,0,0,0,0,11
Classical Monocytes|CD8 T Cells|TGFB1|CXCR4,cSLE,33,33,0,0,0,0,0,0,33
Classical Monocytes|CD8 T Cells|TGFB1|ITGB1,aHD,5,5,0,0,0,0,0,0,5
Classical Monocytes|CD8 T Cells|TGFB1|ITGB1,aSLE,6,7,0,0,1,0,0,0,7
Classical Monocytes|CD8 T Cells|TGFB1|ITGB1,cHD,9,11,0,0,0,2,0,0,11
Classical Monocytes|CD8 T Cells|TGFB1|ITGB1,cSLE,32,33,0,0,0,1,0,0,33
Classical Monocytes|CD8 T Cells|TIMP1|CD63,aHD,5,5,0,0,0,0,0,0,5
Classical Monocytes|CD8 T Cells|TIMP1|CD63,aSLE,7,7,0,0,0,0,0,0,7
Classical Monocytes|CD8 T Cells|TIMP1|CD63,cHD,11,11,0,0,0,0,0,0,11
Classical Monocytes|CD8 T Cells|TIMP1|CD63,cSLE,33,33,0,0,0,0,0,0,33
Classical Monocytes|CD8 T Cells|TIMP2|CD44,aHD,5,5,0,0,0,0,0,0,5
Classical Monocytes|CD8 T Cells|TIMP2|CD44,aSLE,7,7,0,0,0,0,0,0,7
Classical Monocytes|CD8 T Cells|TIMP2|CD44,cHD,11,11,0,0,0,0,0,0,11
Classical Monocytes|CD8 T Cells|TIMP2|CD44,cSLE,33,33,0,0,0,0,0,0,33
Classical Monocytes|CD8 T Cells|TIMP2|ITGB1,aHD,5,5,0,0,0,0,0,0,5
Classical Monocytes|CD8 T Cells|TIMP2|ITGB1,aSLE,7,7,0,0,0,0,0,0,7
Classical Monocytes|CD8 T Cells|TIMP2|ITGB1,cHD,9,11,0,0,0,2,0,0,11
Classical Monocytes|CD8 T Cells|TIMP2|ITGB1,cSLE,32,33,0,0,0,1,0,0,33
Classical Monocytes|CD8 T Cells|TNFSF13B|HLA-DPB1,aHD,5,5,0,0,0,0,0,0,5
Classical Monocytes|CD8 T Cells|TNFSF13B|HLA-DPB1,aSLE,7,7,0,0,0,0,0,0,7
Classical Monocytes|CD8 T Cells|TNFSF13B|HLA-DPB1,cHD,11,11,0,0,0,0,0,0,11
Classical Monocytes|CD8 T Cells|TNFSF13B|HLA-DPB1,cSLE,33,33,0,0,0,0,0,0,33
Classical Monocytes|CD8 T Cells|VCAN|CD44,aHD,5,5,0,0,0,0,0,0,5
Classical Monocytes|CD8 T Cells|VCAN|CD44,aSLE,7,7,0,0,0,0,0,0,7
Classical Monocytes|CD8 T Cells|VCAN|CD44,cHD,11,11,0,0,0,0,0,0,11
Classical Monocytes|CD8 T Cells|VCAN|CD44,cSLE,33,33,0,0,0,0,0,0,33
Classical Monocytes|CD8 T Cells|VCAN|ITGA4,aHD,5,5,0,0,0,0,0,0,5
Classical Monocytes|CD8 T Cells|VCAN|ITGA4,aSLE,7,7,0,0,0,0,0,0,7
Classical Monocytes|CD8 T Cells|VCAN|ITGA4,cHD,11,11,0,0,0,0,0,0,11
Classical Monocytes|CD8 T Cells|VCAN|ITGA4,cSLE,33,33,0,0,0,0,0,0,33
Classical Monocytes|CD8 T Cells|VCAN|ITGB1,aHD,5,5,0,0,0,0,0,0,5
Classical Monocytes|CD8 T Cells|VCAN|ITGB1,aSLE,7,7,0,0,0,0,0,0,7
Classical Monocytes|CD8 T Cells|VCAN|ITGB1,cHD,9,11,0,0,0,2,0,0,11
Classical Monocytes|CD8 T Cells|VCAN|ITGB1,cSLE,32,33,0,0,0,1,0,0,33
Classical Monocytes|CD8 T Cells|VCAN|SELL,aHD,5,5,0,0,0,0,0,0,5
Classical Monocytes|CD8 T Cells|VCAN|SELL,aSLE,7,7,0,0,0,0,0,0,7
Classical Monocytes|CD8 T Cells|VCAN|SELL,cHD,11,11,0,0,0,0,0,0,11
Classical Monocytes|CD8 T Cells|VCAN|SELL,cSLE,33,33,0,0,0,0,0,0,33
Classical Monocytes|CD8 T Cells|VIM|CD44,aHD,5,5,0,0,0,0,0,0,5
Classical Monocytes|CD8 T Cells|VIM|CD44,aSLE,7,7,0,0,0,0,0,0,7
Classical Monocytes|CD8 T Cells|VIM|CD44,cHD,11,11,0,0,0,0,0,0,11
Classical Monocytes|CD8 T Cells|VIM|CD44,cSLE,33,33,0,0,0,0,0,0,33
Classical Monocytes|Classical Monocytes|ADAM10|CD44,aHD,5,5,0,0,0,0,0,0,5
Classical Monocytes|Classical Monocytes|ADAM10|CD44,aSLE,7,7,0,0,0,0,0,0,7
Classical Monocytes|Classical Monocytes|ADAM10|CD44,cHD,11,11,0,0,0,0,0,0,11
Classical Monocytes|Classical Monocytes|ADAM10|CD44,cSLE,33,33,0,0,0,0,0,0,33
Classical Monocytes|Classical Monocytes|ADAM10|IL6R,aHD,5,5,0,0,0,0,0,0,5
Classical Monocytes|Classical Monocytes|ADAM10|IL6R,aSLE,7,7,0,0,0,0,0,0,7
Classical Monocytes|Classical Monocytes|ADAM10|IL6R,cHD,11,11,0,0,0,0,0,0,11
Classical Monocytes|Classical Monocytes|ADAM10|IL6R,cSLE,29,33,0,0,0,4,0,0,33
Classical Monocytes|Classical Monocytes|ADAM10|NOTCH2,aHD,5,5,0,0,0,0,0,0,5
Classical Monocytes|Classical Monocytes|ADAM10|NOTCH2,aSLE,7,7,0,0,0,0,0,0,7
Classical Monocytes|Classical Monocytes|ADAM10|NOTCH2,cHD,11,11,0,0,0,0,0,0,11
Classical Monocytes|Classical Monocytes|ADAM10|NOTCH2,cSLE,33,33,0,0,0,0,0,0,33
Classical Monocytes|Classical Monocytes|ADAM15|ITGB1,aHD,5,5,0,0,0,0,0,0,5
Classical Monocytes|Classical Monocytes|ADAM15|ITGB1,aSLE,7,7,0,0,0,0,0,0,7
Classical Monocytes|Classical Monocytes|ADAM15|ITGB1,cHD,10,11,0,0,1,0,0,0,11
Classical Monocytes|Classical Monocytes|ADAM15|ITGB1,cSLE,31,33,0,0,2,0,0,0,33
Classical Monocytes|Classical Monocytes|ADAM17|IL6R,aHD,5,5,0,0,0,0,0,0,5
Classical Monocytes|Classical Monocytes|ADAM17|IL6R,aSLE,7,7,0,0,0,0,0,0,7
Classical Monocytes|Classical Monocytes|ADAM17|IL6R,cHD,11,11,0,0,0,0,0,0,11
Classical Monocytes|Classical Monocytes|ADAM17|IL6R,cSLE,29,33,0,0,0,4,0,0,33
Classical Monocytes|Classical Monocytes|ADAM17|ITGB1,aHD,5,5,0,0,0,0,0,0,5
Classical Monocytes|Classical Monocytes|ADAM17|ITGB1,aSLE,7,7,0,0,0,0,0,0,7
Classical Monocytes|Classical Monocytes|ADAM17|ITGB1,cHD,11,11,0,0,0,0,0,0,11
Classical Monocytes|Classical Monocytes|ADAM17|ITGB1,cSLE,33,33,0,0,0,0,0,0,33
Classical Monocytes|Classical Monocytes|ANXA1|FPR1,aHD,5,5,0,0,0,0,0,0,5
Classical Monocytes|Classical Monocytes|ANXA1|FPR1,aSLE,7,7,0,0,0,0,0,0,7
Classical Monocytes|Classical Monocytes|ANXA1|FPR1,cHD,11,11,0,0,0,0,0,0,11
Classical Monocytes|Classical Monocytes|ANXA1|FPR1,cSLE,33,33,0,0,0,0,0,0,33
Classical Monocytes|Classical Monocytes|ANXA2|TLR2,aHD,5,5,0,0,0,0,0,0,5
Classical Monocytes|Classical Monocytes|ANXA2|TLR2,aSLE,7,7,0,0,0,0,0,0,7
Classical Monocytes|Classical Monocytes|ANXA2|TLR2,cHD,11,11,0,0,0,0,0,0,11
Classical Monocytes|Classical Monocytes|ANXA2|TLR2,cSLE,33,33,0,0,0,0,0,0,33
Classical Monocytes|Classical Monocytes|APP|CD74,aHD,5,5,0,0,0,0,0,0,5
Classical Monocytes|Classical Monocytes|APP|CD74,aSLE,7,7,0,0,0,0,0,0,7
Classical Monocytes|Classical Monocytes|APP|CD74,cHD,11,11,0,0,0,0,0,0,11
Classical Monocytes|Classical Monocytes|APP|CD74,cSLE,32,33,0,0,1,0,0,0,33
Classical Monocytes|Classical Monocytes|APP|LRP1,aHD,5,5,0,0,0,0,0,0,5
Classical Monocytes|Classical Monocytes|APP|LRP1,aSLE,7,7,0,0,0,0,0,0,7
Classical Monocytes|Classical Monocytes|APP|LRP1,cHD,11,11,0,0,0,0,0,0,11
Classical Monocytes|Classical Monocytes|APP|LRP1,cSLE,32,33,0,0,1,0,0,0,33
Classical Monocytes|Classical Monocytes|APP|NOTCH2,aHD,5,5,0,0,0,0,0,0,5
Classical Monocytes|Classical Monocytes|APP|NOTCH2,aSLE,7,7,0,0,0,0,0,0,7
Classical Monocytes|Classical Monocytes|APP|NOTCH2,cHD,11,11,0,0,0,0,0,0,11
Classical Monocytes|Classical Monocytes|APP|NOTCH2,cSLE,32,33,0,0,1,0,0,0,33
Classical Monocytes|Classical Monocytes|APP|PTGER2,aHD,5,5,0,0,0,0,0,0,5
Classical Monocytes|Classical Monocytes|APP|PTGER2,aSLE,7,7,0,0,0,0,0,0,7
Classical Monocytes|Classical Monocytes|APP|PTGER2,cHD,11,11,0,0,0,0,0,0,11
Classical Monocytes|Classical Monocytes|APP|PTGER2,cSLE,32,33,0,0,1,0,0,0,33
Classical Monocytes|Classical Monocytes|CALR|LRP1,aHD,5,5,0,0,0,0,0,0,5
Classical Monocytes|Classical Monocytes|CALR|LRP1,aSLE,7,7,0,0,0,0,0,0,7
Classical Monocytes|Classical Monocytes|CALR|LRP1,cHD,11,11,0,0,0,0,0,0,11
Classical Monocytes|Classical Monocytes|CALR|LRP1,cSLE,33,33,0,0,0,0,0,0,33
Classical Monocytes|Classical Monocytes|CD14|ITGB1,aHD,5,5,0,0,0,0,0,0,5
Classical Monocytes|Classical Monocytes|CD14|ITGB1,aSLE,7,7,0,0,0,0,0,0,7
Classical Monocytes|Classical Monocytes|CD14|ITGB1,cHD,11,11,0,0,0,0,0,0,11
Classical Monocytes|Classical Monocytes|CD14|ITGB1,cSLE,33,33,0,0,0,0,0,0,33
Classical Monocytes|Classical Monocytes|CD14|ITGB2,aHD,5,5,0,0,0,0,0,0,5
Classical Monocytes|Classical Monocytes|CD14|ITGB2,aSLE,7,7,0,0,0,0,0,0,7
Classical Monocytes|Classical Monocytes|CD14|ITGB2,cHD,11,11,0,0,0,0,0,0,11
Classical Monocytes|Classical Monocytes|CD14|ITGB2,cSLE,33,33,0,0,0,0,0,0,33
Classical Monocytes|Classical Monocytes|CD1D|LILRB2,aHD,5,5,0,0,0,0,0,0,5
Classical Monocytes|Classical Monocytes|CD1D|LILRB2,aSLE,7,7,0,0,0,0,0,0,7
Classical Monocytes|Classical Monocytes|CD1D|LILRB2,cHD,10,11,0,0,1,0,0,0,11
Classical Monocytes|Classical Monocytes|CD1D|LILRB2,cSLE,30,33,0,0,3,0,0,0,33
Classical Monocytes|Classical Monocytes|CD47|SIRPA,aHD,5,5,0,0,0,0,0,0,5
Classical Monocytes|Classical Monocytes|CD47|SIRPA,aSLE,7,7,0,0,0,0,0,0,7
Classical Monocytes|Classical Monocytes|CD47|SIRPA,cHD,10,11,0,0,0,1,0,0,11
Classical Monocytes|Classical Monocytes|CD47|SIRPA,cSLE,33,33,0,0,0,0,0,0,33
Classical Monocytes|Classical Monocytes|CD99|PILRA,aHD,5,5,0,0,0,0,0,0,5
Classical Monocytes|Classical Monocytes|CD99|PILRA,aSLE,7,7,0,0,0,0,0,0,7
Classical Monocytes|Classical Monocytes|CD99|PILRA,cHD,11,11,0,0,0,0,0,0,11
Classical Monocytes|Classical Monocytes|CD99|PILRA,cSLE,33,33,0,0,0,0,0,0,33
Classical Monocytes|Classical Monocytes|CIRBP|TREM1,aHD,5,5,0,0,0,0,0,0,5
Classical Monocytes|Classical Monocytes|CIRBP|TREM1,aSLE,7,7,0,0,0,0,0,0,7
Classical Monocytes|Classical Monocytes|CIRBP|TREM1,cHD,11,11,0,0,0,0,0,0,11
Classical Monocytes|Classical Monocytes|CIRBP|TREM1,cSLE,33,33,0,0,0,0,0,0,33
Classical Monocytes|Classical Monocytes|COPA|CD74,aHD,5,5,0,0,0,0,0,0,5
Classical Monocytes|Classical Monocytes|COPA|CD74,aSLE,7,7,0,0,0,0,0,0,7
Classical Monocytes|Classical Monocytes|COPA|CD74,cHD,11,11,0,0,0,0,0,0,11
Classical Monocytes|Classical Monocytes|COPA|CD74,cSLE,33,33,0,0,0,0,0,0,33
Classical Monocytes|Classical Monocytes|GNAI2|ADCY7,aHD,5,5,0,0,0,0,0,0,5
Classical Monocytes|Classical Monocytes|GNAI2|ADCY7,aSLE,7,7,0,0,0,0,0,0,7
Classical Monocytes|Classical Monocytes|GNAI2|ADCY7,cHD,11,11,0,0,0,0,0,0,11
Classical Monocytes|Classical Monocytes|GNAI2|ADCY7,cSLE,33,33,0,0,0,0,0,0,33
Classical Monocytes|Classical Monocytes|GNAI2|C5AR1,aHD,5,5,0,0,0,0,0,0,5
Classical Monocytes|Classical Monocytes|GNAI2|C5AR1,aSLE,7,7,0,0,0,0,0,0,7
Classical Monocytes|Classical Monocytes|GNAI2|C5AR1,cHD,11,11,0,0,0,0,0,0,11
Classical Monocytes|Classical Monocytes|GNAI2|C5AR1,cSLE,33,33,0,0,0,0,0,0,33
Classical Monocytes|Classical Monocytes|GNAI2|FPR1,aHD,5,5,0,0,0,0,0,0,5
Classical Monocytes|Classical Monocytes|GNAI2|FPR1,aSLE,7,7,0,0,0,0,0,0,7
Classical Monocytes|Classical Monocytes|GNAI2|FPR1,cHD,11,11,0,0,0,0,0,0,11
Classical Monocytes|Classical Monocytes|GNAI2|FPR1,cSLE,33,33,0,0,0,0,0,0,33
Classical Monocytes|Classical Monocytes|GNAS|ADCY7,aHD,5,5,0,0,0,0,0,0,5
Classical Monocytes|Classical Monocytes|GNAS|ADCY7,aSLE,7,7,0,0,0,0,0,0,7
Classical Monocytes|Classical Monocytes|GNAS|ADCY7,cHD,11,11,0,0,0,0,0,0,11
Classical Monocytes|Classical Monocytes|GNAS|ADCY7,cSLE,33,33,0,0,0,0,0,0,33
Classical Monocytes|Classical Monocytes|GRN|TNFRSF1A,aHD,5,5,0,0,0,0,0,0,5
Classical Monocytes|Classical Monocytes|GRN|TNFRSF1A,aSLE,7,7,0,0,0,0,0,0,7
Classical Monocytes|Classical Monocytes|GRN|TNFRSF1A,cHD,11,11,0,0,0,0,0,0,11
Classical Monocytes|Classical Monocytes|GRN|TNFRSF1A,cSLE,33,33,0,0,0,0,0,0,33
Classical Monocytes|Classical Monocytes|GRN|TNFRSF1B,aHD,5,5,0,0,0,0,0,0,5
Classical Monocytes|Classical Monocytes|GRN|TNFRSF1B,aSLE,7,7,0,0,0,0,0,0,7
Classical Monocytes|Classical Monocytes|GRN|TNFRSF1B,cHD,11,11,0,0,0,0,0,0,11
Classical Monocytes|Classical Monocytes|GRN|TNFRSF1B,cSLE,33,33,0,0,0,0,0,0,33
Classical Monocytes|Classical Monocytes|HBEGF|CD44,aHD,5,5,0,0,0,0,0,0,5
Classical Monocytes|Classical Monocytes|HBEGF|CD44,aSLE,7,7,0,0,0,0,0,0,7
Classical Monocytes|Classical Monocytes|HBEGF|CD44,cHD,10,11,0,0,1,0,0,0,11
Classical Monocytes|Classical Monocytes|HBEGF|CD44,cSLE,28,33,0,0,5,0,0,0,33
Classical Monocytes|Classical Monocytes|HLA-A|APLP2,aHD,5,5,0,0,0,0,0,0,5
Classical Monocytes|Classical Monocytes|HLA-A|APLP2,aSLE,7,7,0,0,0,0,0,0,7
Classical Monocytes|Classical Monocytes|HLA-A|APLP2,cHD,11,11,0,0,0,0,0,0,11
Classical Monocytes|Classical Monocytes|HLA-A|APLP2,cSLE,33,33,0,0,0,0,0,0,33
Classical Monocytes|Classical Monocytes|HLA-A|LILRB2,aHD,5,5,0,0,0,0,0,0,5
Classical Monocytes|Classical Monocytes|HLA-A|LILRB2,aSLE,7,7,0,0,0,0,0,0,7
Classical Monocytes|Classical Monocytes|HLA-A|LILRB2,cHD,11,11,0,0,0,0,0,0,11
Classical Monocytes|Classical Monocytes|HLA-A|LILRB2,cSLE,33,33,0,0,0,0,0,0,33
Classical Monocytes|Classical Monocytes|HLA-B|LILRB2,aHD,5,5,0,0,0,0,0,0,5
Classical Monocytes|Classical Monocytes|HLA-B|LILRB2,aSLE,7,7,0,0,0,0,0,0,7
Classical Monocytes|Classical Monocytes|HLA-B|LILRB2,cHD,11,11,0,0,0,0,0,0,11
Classical Monocytes|Classical Monocytes|HLA-B|LILRB2,cSLE,33,33,0,0,0,0,0,0,33
Classical Monocytes|Classical Monocytes|HLA-C|LILRB2,aHD,5,5,0,0,0,0,0,0,5
Classical Monocytes|Classical Monocytes|HLA-C|LILRB2,aSLE,7,7,0,0,0,0,0,0,7
Classical Monocytes|Classical Monocytes|HLA-C|LILRB2,cHD,11,11,0,0,0,0,0,0,11
Classical Monocytes|Classical Monocytes|HLA-C|LILRB2,cSLE,33,33,0,0,0,0,0,0,33
Classical Monocytes|Classical Monocytes|HLA-DMA|CD4,aHD,5,5,0,0,0,0,0,0,5
Classical Monocytes|Classical Monocytes|HLA-DMA|CD4,aSLE,7,7,0,0,0,0,0,0,7
Classical Monocytes|Classical Monocytes|HLA-DMA|CD4,cHD,11,11,0,0,0,0,0,0,11
Classical Monocytes|Classical Monocytes|HLA-DMA|CD4,cSLE,33,33,0,0,0,0,0,0,33
Classical Monocytes|Classical Monocytes|HLA-DMB|CD4,aHD,5,5,0,0,0,0,0,0,5
Classical Monocytes|Classical Monocytes|HLA-DMB|CD4,aSLE,7,7,0,0,0,0,0,0,7
Classical Monocytes|Classical Monocytes|HLA-DMB|CD4,cHD,11,11,0,0,0,0,0,0,11
Classical Monocytes|Classical Monocytes|HLA-DMB|CD4,cSLE,33,33,0,0,0,0,0,0,33
Classical Monocytes|Classical Monocytes|HLA-DPA1|CD4,aHD,5,5,0,0,0,0,0,0,5
Classical Monocytes|Classical Monocytes|HLA-DPA1|CD4,aSLE,7,7,0,0,0,0,0,0,7
Classical Monocytes|Classical Monocytes|HLA-DPA1|CD4,cHD,11,11,0,0,0,0,0,0,11
Classical Monocytes|Classical Monocytes|HLA-DPA1|CD4,cSLE,33,33,0,0,0,0,0,0,33
Classical Monocytes|Classical Monocytes|HLA-DPB1|CD4,aHD,5,5,0,0,0,0,0,0,5
Classical Monocytes|Classical Monocytes|HLA-DPB1|CD4,aSLE,7,7,0,0,0,0,0,0,7
Classical Monocytes|Classical Monocytes|HLA-DPB1|CD4,cHD,11,11,0,0,0,0,0,0,11
Classical Monocytes|Classical Monocytes|HLA-DPB1|CD4,cSLE,33,33,0,0,0,0,0,0,33
Classical Monocytes|Classical Monocytes|HLA-DQB1|CD4,aHD,5,5,0,0,0,0,0,0,5
Classical Monocytes|Classical Monocytes|HLA-DQB1|CD4,aSLE,7,7,0,0,0,0,0,0,7
Classical Monocytes|Classical Monocytes|HLA-DQB1|CD4,cHD,11,11,0,0,0,0,0,0,11
Classical Monocytes|Classical Monocytes|HLA-DQB1|CD4,cSLE,32,33,0,0,1,0,0,0,33
Classical Monocytes|Classical Monocytes|HLA-DRA|CD4,aHD,5,5,0,0,0,0,0,0,5
Classical Monocytes|Classical Monocytes|HLA-DRA|CD4,aSLE,7,7,0,0,0,0,0,0,7
Classical Monocytes|Classical Monocytes|HLA-DRA|CD4,cHD,11,11,0,0,0,0,0,0,11
Classical Monocytes|Classical Monocytes|HLA-DRA|CD4,cSLE,33,33,0,0,0,0,0,0,33
Classical Monocytes|Classical Monocytes|HLA-DRB1|CD4,aHD,5,5,0,0,0,0,0,0,5
Classical Monocytes|Classical Monocytes|HLA-DRB1|CD4,aSLE,7,7,0,0,0,0,0,0,7
Classical Monocytes|Classical Monocytes|HLA-DRB1|CD4,cHD,11,11,0,0,0,0,0,0,11
Classical Monocytes|Classical Monocytes|HLA-DRB1|CD4,cSLE,33,33,0,0,0,0,0,0,33
Classical Monocytes|Classical Monocytes|HLA-F|LILRB2,aHD,5,5,0,0,0,0,0,0,5
Classical Monocytes|Classical Monocytes|HLA-F|LILRB2,aSLE,7,7,0,0,0,0,0,0,7
Classical Monocytes|Classical Monocytes|HLA-F|LILRB2,cHD,11,11,0,0,0,0,0,0,11
Classical Monocytes|Classical Monocytes|HLA-F|LILRB2,cSLE,33,33,0,0,0,0,0,0,33
Classical Monocytes|Classical Monocytes|HMGB1|CXCR4,aHD,5,5,0,0,0,0,0,0,5
Classical Monocytes|Classical Monocytes|HMGB1|CXCR4,aSLE,7,7,0,0,0,0,0,0,7
Classical Monocytes|Classical Monocytes|HMGB1|CXCR4,cHD,11,11,0,0,0,0,0,0,11
Classical Monocytes|Classical Monocytes|HMGB1|CXCR4,cSLE,33,33,0,0,0,0,0,0,33
Classical Monocytes|Classical Monocytes|HMGB1|TLR2,aHD,5,5,0,0,0,0,0,0,5
Classical Monocytes|Classical Monocytes|HMGB1|TLR2,aSLE,7,7,0,0,0,0,0,0,7
Classical Monocytes|Classical Monocytes|HMGB1|TLR2,cHD,11,11,0,0,0,0,0,0,11
Classical Monocytes|Classical Monocytes|HMGB1|TLR2,cSLE,33,33,0,0,0,0,0,0,33
Classical Monocytes|Classical Monocytes|ICAM1|ITGAL_ITGB2,aHD,5,5,0,0,0,0,0,0,5
Classical Monocytes|Classical Monocytes|ICAM1|ITGAL_ITGB2,aSLE,7,7,0,0,0,0,0,0,7
Classical Monocytes|Classical Monocytes|ICAM1|ITGAL_ITGB2,cHD,9,11,0,0,1,1,0,0,11
Classical Monocytes|Classical Monocytes|ICAM1|ITGAL_ITGB2,cSLE,22,33,0,0,9,2,0,0,33
Classical Monocytes|Classical Monocytes|ICAM1|ITGAM_ITGB2,aHD,5,5,0,0,0,0,0,0,5
Classical Monocytes|Classical Monocytes|ICAM1|ITGAM_ITGB2,aSLE,7,7,0,0,0,0,0,0,7
Classical Monocytes|Classical Monocytes|ICAM1|ITGAM_ITGB2,cHD,10,11,0,0,1,0,0,0,11
Classical Monocytes|Classical Monocytes|ICAM1|ITGAM_ITGB2,cSLE,24,33,0,0,9,0,0,0,33
Classical Monocytes|Classical Monocytes|ICAM1|SPN,aHD,5,5,0,0,0,0,0,0,5
Classical Monocytes|Classical Monocytes|ICAM1|SPN,aSLE,7,7,0,0,0,0,0,0,7
Classical Monocytes|Classical Monocytes|ICAM1|SPN,cHD,10,11,0,0,1,0,0,0,11
Classical Monocytes|Classical Monocytes|ICAM1|SPN,cSLE,22,33,0,0,9,3,0,0,33
Classical Monocytes|Classical Monocytes|ICAM3|ITGAL,aHD,5,5,0,0,0,0,0,0,5
Classical Monocytes|Classical Monocytes|ICAM3|ITGAL,aSLE,7,7,0,0,0,0,0,0,7
Classical Monocytes|Classical Monocytes|ICAM3|ITGAL,cHD,10,11,0,0,0,1,0,0,11
Classical Monocytes|Classical Monocytes|ICAM3|ITGAL,cSLE,31,33,0,0,0,2,0,0,33
Classical Monocytes|Classical Monocytes|IL1B|SIGIRR,aHD,5,5,0,0,0,0,0,0,5
Classical Monocytes|Classical Monocytes|IL1B|SIGIRR,aSLE,7,7,0,0,0,0,0,0,7
Classical Monocytes|Classical Monocytes|IL1B|SIGIRR,cHD,11,11,0,0,0,0,0,0,11
Classical Monocytes|Classical Monocytes|IL1B|SIGIRR,cSLE,33,33,0,0,0,0,0,0,33
Classical Monocytes|Classical Monocytes|LGALS1|CD69,aHD,5,5,0,0,0,0,0,0,5
Classical Monocytes|Classical Monocytes|LGALS1|CD69,aSLE,6,7,0,0,0,1,0,0,7
Classical Monocytes|Classical Monocytes|LGALS1|CD69,cHD,11,11,0,0,0,0,0,0,11
Classical Monocytes|Classical Monocytes|LGALS1|CD69,cSLE,33,33,0,0,0,0,0,0,33
Classical Monocytes|Classical Monocytes|LGALS1|ITGB1,aHD,5,5,0,0,0,0,0,0,5
Classical Monocytes|Classical Monocytes|LGALS1|ITGB1,aSLE,7,7,0,0,0,0,0,0,7
Classical Monocytes|Classical Monocytes|LGALS1|ITGB1,cHD,11,11,0,0,0,0,0,0,11
Classical Monocytes|Classical Monocytes|LGALS1|ITGB1,cSLE,33,33,0,0,0,0,0,0,33
Classical Monocytes|Classical Monocytes|LGALS1|PTPRC,aHD,5,5,0,0,0,0,0,0,5
Classical Monocytes|Classical Monocytes|LGALS1|PTPRC,aSLE,7,7,0,0,0,0,0,0,7
Classical Monocytes|Classical Monocytes|LGALS1|PTPRC,cHD,11,11,0,0,0,0,0,0,11
Classical Monocytes|Classical Monocytes|LGALS1|PTPRC,cSLE,33,33,0,0,0,0,0,0,33
Classical Monocytes|Classical Monocytes|LGALS9|CD44,aHD,5,5,0,0,0,0,0,0,5
Classical Monocytes|Classical Monocytes|LGALS9|CD44,aSLE,7,7,0,0,0,0,0,0,7
Classical Monocytes|Classical Monocytes|LGALS9|CD44,cHD,11,11,0,0,0,0,0,0,11
Classical Monocytes|Classical Monocytes|LGALS9|CD44,cSLE,33,33,0,0,0,0,0,0,33
Classical Monocytes|Classical Monocytes|LGALS9|CD47,aHD,5,5,0,0,0,0,0,0,5
Classical Monocytes|Classical Monocytes|LGALS9|CD47,aSLE,7,7,0,0,0,0,0,0,7
Classical Monocytes|Classical Monocytes|LGALS9|CD47,cHD,11,11,0,0,0,0,0,0,11
Classical Monocytes|Classical Monocytes|LGALS9|CD47,cSLE,33,33,0,0,0,0,0,0,33
Classical Monocytes|Classical Monocytes|LGALS9|LRP1,aHD,5,5,0,0,0,0,0,0,5
Classical Monocytes|Classical Monocytes|LGALS9|LRP1,aSLE,7,7,0,0,0,0,0,0,7
Classical Monocytes|Classical Monocytes|LGALS9|LRP1,cHD,11,11,0,0,0,0,0,0,11
Classical Monocytes|Classical Monocytes|LGALS9|LRP1,cSLE,33,33,0,0,0,0,0,0,33
Classical Monocytes|Classical Monocytes|LGALS9|PTPRC,aHD,5,5,0,0,0,0,0,0,5
Classical Monocytes|Classical Monocytes|LGALS9|PTPRC,aSLE,7,7,0,0,0,0,0,0,7
Classical Monocytes|Classical Monocytes|LGALS9|PTPRC,cHD,11,11,0,0,0,0,0,0,11
Classical Monocytes|Classical Monocytes|LGALS9|PTPRC,cSLE,33,33,0,0,0,0,0,0,33
Classical Monocytes|Classical Monocytes|LTB|TNFRSF1A,aHD,5,5,0,0,0,0,0,0,5
Classical Monocytes|Classical Monocytes|LTB|TNFRSF1A,aSLE,6,7,0,0,1,0,0,0,7
Classical Monocytes|Classical Monocytes|LTB|TNFRSF1A,cHD,11,11,0,0,0,0,0,0,11
Classical Monocytes|Classical Monocytes|LTB|TNFRSF1A,cSLE,33,33,0,0,0,0,0,0,33
Classical Monocytes|Classical Monocytes|MIF|CD44_CD74,aHD,5,5,0,0,0,0,0,0,5
Classical Monocytes|Classical Monocytes|MIF|CD44_CD74,aSLE,7,7,0,0,0,0,0,0,7
Classical Monocytes|Classical Monocytes|MIF|CD44_CD74,cHD,11,11,0,0,0,0,0,0,11
Classical Monocytes|Classical Monocytes|MIF|CD44_CD74,cSLE,33,33,0,0,0,0,0,0,33
Classical Monocytes|Classical Monocytes|MIF|CD74_CXCR4,aHD,5,5,0,0,0,0,0,0,5
Classical Monocytes|Classical Monocytes|MIF|CD74_CXCR4,aSLE,7,7,0,0,0,0,0,0,7
Classical Monocytes|Classical Monocytes|MIF|CD74_CXCR4,cHD,11,11,0,0,0,0,0,0,11
Classical Monocytes|Classical Monocytes|MIF|CD74_CXCR4,cSLE,33,33,0,0,0,0,0,0,33
Classical Monocytes|Classical Monocytes|MIF|TNFRSF14,aHD,5,5,0,0,0,0,0,0,5
Classical Monocytes|Classical Monocytes|MIF|TNFRSF14,aSLE,7,7,0,0,0,0,0,0,7
Classical Monocytes|Classical Monocytes|MIF|TNFRSF14,cHD,11,11,0,0,0,0,0,0,11
Classical Monocytes|Classical Monocytes|MIF|TNFRSF14,cSLE,33,33,0,0,0,0,0,0,33
Classical Monocytes|Classical Monocytes|PKM|CD44,aHD,5,5,0,0,0,0,0,0,5
Classical Monocytes|Classical Monocytes|PKM|CD44,aSLE,7,7,0,0,0,0,0,0,7
Classical Monocytes|Classical Monocytes|PKM|CD44,cHD,11,11,0,0,0,0,0,0,11
Classical Monocytes|Classical Monocytes|PKM|CD44,cSLE,33,33,0,0,0,0,0,0,33
Classical Monocytes|Classical Monocytes|PSAP|LRP1,aHD,5,5,0,0,0,0,0,0,5
Classical Monocytes|Classical Monocytes|PSAP|LRP1,aSLE,7,7,0,0,0,0,0,0,7
Classical Monocytes|Classical Monocytes|PSAP|LRP1,cHD,11,11,0,0,0,0,0,0,11
Classical Monocytes|Classical Monocytes|PSAP|LRP1,cSLE,33,33,0,0,0,0,0,0,33
Classical Monocytes|Classical Monocytes|PSEN1|CD44,aHD,5,5,0,0,0,0,0,0,5
Classical Monocytes|Classical Monocytes|PSEN1|CD44,aSLE,7,7,0,0,0,0,0,0,7
Classical Monocytes|Classical Monocytes|PSEN1|CD44,cHD,11,11,0,0,0,0,0,0,11
Classical Monocytes|Classical Monocytes|PSEN1|CD44,cSLE,33,33,0,0,0,0,0,0,33
Classical Monocytes|Classical Monocytes|PSEN1|NOTCH2,aHD,5,5,0,0,0,0,0,0,5
Classical Monocytes|Classical Monocytes|PSEN1|NOTCH2,aSLE,7,7,0,0,0,0,0,0,7
Classical Monocytes|Classical Monocytes|PSEN1|NOTCH2,cHD,11,11,0,0,0,0,0,0,11
Classical Monocytes|Classical Monocytes|PSEN1|NOTCH2,cSLE,33,33,0,0,0,0,0,0,33
Classical Monocytes|Classical Monocytes|PTPN6|CD300LF,aHD,5,5,0,0,0,0,0,0,5
Classical Monocytes|Classical Monocytes|PTPN6|CD300LF,aSLE,7,7,0,0,0,0,0,0,7
Classical Monocytes|Classical Monocytes|PTPN6|CD300LF,cHD,11,11,0,0,0,0,0,0,11
Classical Monocytes|Classical Monocytes|PTPN6|CD300LF,cSLE,28,33,0,0,0,5,0,0,33
Classical Monocytes|Classical Monocytes|PTPN6|CLEC12A,aHD,5,5,0,0,0,0,0,0,5
Classical Monocytes|Classical Monocytes|PTPN6|CLEC12A,aSLE,7,7,0,0,0,0,0,0,7
Classical Monocytes|Classical Monocytes|PTPN6|CLEC12A,cHD,11,11,0,0,0,0,0,0,11
Classical Monocytes|Classical Monocytes|PTPN6|CLEC12A,cSLE,33,33,0,0,0,0,0,0,33
Classical Monocytes|Classical Monocytes|RETN|CAP1,aHD,5,5,0,0,0,0,0,0,5
Classical Monocytes|Classical Monocytes|RETN|CAP1,aSLE,7,7,0,0,0,0,0,0,7
Classical Monocytes|Classical Monocytes|RETN|CAP1,cHD,11,11,0,0,0,0,0,0,11
Classical Monocytes|Classical Monocytes|RETN|CAP1,cSLE,32,33,0,0,1,0,0,0,33
Classical Monocytes|Classical Monocytes|RNASE2|TLR2,aHD,5,5,0,0,0,0,0,0,5
Classical Monocytes|Classical Monocytes|RNASE2|TLR2,aSLE,7,7,0,0,0,0,0,0,7
Classical Monocytes|Classical Monocytes|RNASE2|TLR2,cHD,11,11,0,0,0,0,0,0,11
Classical Monocytes|Classical Monocytes|RNASE2|TLR2,cSLE,33,33,0,0,0,0,0,0,33
Classical Monocytes|Classical Monocytes|RPS19|C5AR1,aHD,5,5,0,0,0,0,0,0,5
Classical Monocytes|Classical Monocytes|RPS19|C5AR1,aSLE,7,7,0,0,0,0,0,0,7
Classical Monocytes|Classical Monocytes|RPS19|C5AR1,cHD,11,11,0,0,0,0,0,0,11
Classical Monocytes|Classical Monocytes|RPS19|C5AR1,cSLE,33,33,0,0,0,0,0,0,33
Classical Monocytes|Classical Monocytes|S100A12|CD36,aHD,5,5,0,0,0,0,0,0,5
Classical Monocytes|Classical Monocytes|S100A12|CD36,aSLE,7,7,0,0,0,0,0,0,7
Classical Monocytes|Classical Monocytes|S100A12|CD36,cHD,11,11,0,0,0,0,0,0,11
Classical Monocytes|Classical Monocytes|S100A12|CD36,cSLE,33,33,0,0,0,0,0,0,33
Classical Monocytes|Classical Monocytes|S100A8|CD36,aHD,5,5,0,0,0,0,0,0,5
Classical Monocytes|Classical Monocytes|S100A8|CD36,aSLE,7,7,0,0,0,0,0,0,7
Classical Monocytes|Classical Monocytes|S100A8|CD36,cHD,11,11,0,0,0,0,0,0,11
Classical Monocytes|Classical Monocytes|S100A8|CD36,cSLE,33,33,0,0,0,0,0,0,33
Classical Monocytes|Classical Monocytes|S100A8|CD68,aHD,5,5,0,0,0,0,0,0,5
Classical Monocytes|Classical Monocytes|S100A8|CD68,aSLE,7,7,0,0,0,0,0,0,7
Classical Monocytes|Classical Monocytes|S100A8|CD68,cHD,11,11,0,0,0,0,0,0,11
Classical Monocytes|Classical Monocytes|S100A8|CD68,cSLE,33,33,0,0,0,0,0,0,33
Classical Monocytes|Classical Monocytes|S100A8|CD69,aHD,5,5,0,0,0,0,0,0,5
Classical Monocytes|Classical Monocytes|S100A8|CD69,aSLE,6,7,0,0,0,1,0,0,7
Classical Monocytes|Classical Monocytes|S100A8|CD69,cHD,11,11,0,0,0,0,0,0,11
Classical Monocytes|Classical Monocytes|S100A8|CD69,cSLE,33,33,0,0,0,0,0,0,33
Classical Monocytes|Classical Monocytes|S100A8|ITGB2,aHD,5,5,0,0,0,0,0,0,5
Classical Monocytes|Classical Monocytes|S100A8|ITGB2,aSLE,7,7,0,0,0,0,0,0,7
Classical Monocytes|Classical Monocytes|S100A8|ITGB2,cHD,11,11,0,0,0,0,0,0,11
Classical Monocytes|Classical Monocytes|S100A8|ITGB2,cSLE,33,33,0,0,0,0,0,0,33
Classical Monocytes|Classical Monocytes|S100A9|CD36,aHD,5,5,0,0,0,0,0,0,5
Classical Monocytes|Classical Monocytes|S100A9|CD36,aSLE,7,7,0,0,0,0,0,0,7
Classical Monocytes|Classical Monocytes|S100A9|CD36,cHD,11,11,0,0,0,0,0,0,11
Classical Monocytes|Classical Monocytes|S100A9|CD36,cSLE,33,33,0,0,0,0,0,0,33
Classical Monocytes|Classical Monocytes|S100A9|CD68,aHD,5,5,0,0,0,0,0,0,5
Classical Monocytes|Classical Monocytes|S100A9|CD68,aSLE,7,7,0,0,0,0,0,0,7
Classical Monocytes|Classical Monocytes|S100A9|CD68,cHD,11,11,0,0,0,0,0,0,11
Classical Monocytes|Classical Monocytes|S100A9|CD68,cSLE,33,33,0,0,0,0,0,0,33
Classical Monocytes|Classical Monocytes|S100A9|ITGB2,aHD,5,5,0,0,0,0,0,0,5
Classical Monocytes|Classical Monocytes|S100A9|ITGB2,aSLE,7,7,0,0,0,0,0,0,7
Classical Monocytes|Classical Monocytes|S100A9|ITGB2,cHD,11,11,0,0,0,0,0,0,11
Classical Monocytes|Classical Monocytes|S100A9|ITGB2,cSLE,33,33,0,0,0,0,0,0,33
Classical Monocytes|Classical Monocytes|SELPLG|ITGAM,aHD,5,5,0,0,0,0,0,0,5
Classical Monocytes|Classical Monocytes|SELPLG|ITGAM,aSLE,7,7,0,0,0,0,0,0,7
Classical Monocytes|Classical Monocytes|SELPLG|ITGAM,cHD,11,11,0,0,0,0,0,0,11
Classical Monocytes|Classical Monocytes|SELPLG|ITGAM,cSLE,33,33,0,0,0,0,0,0,33
Classical Monocytes|Classical Monocytes|SELPLG|ITGB2,aHD,5,5,0,0,0,0,0,0,5
Classical Monocytes|Classical Monocytes|SELPLG|ITGB2,aSLE,7,7,0,0,0,0,0,0,7
Classical Monocytes|Classical Monocytes|SELPLG|ITGB2,cHD,11,11,0,0,0,0,0,0,11
Classical Monocytes|Classical Monocytes|SELPLG|ITGB2,cSLE,33,33,0,0,0,0,0,0,33
Classical Monocytes|Classical Monocytes|SELPLG|SELL,aHD,5,5,0,0,0,0,0,0,5
Classical Monocytes|Classical Monocytes|SELPLG|SELL,aSLE,7,7,0,0,0,0,0,0,7
Classical Monocytes|Classical Monocytes|SELPLG|SELL,cHD,11,11,0,0,0,0,0,0,11
Classical Monocytes|Classical Monocytes|SELPLG|SELL,cSLE,33,33,0,0,0,0,0,0,33
Classical Monocytes|Classical Monocytes|SERPINA1|LRP1,aHD,5,5,0,0,0,0,0,0,5
Classical Monocytes|Classical Monocytes|SERPINA1|LRP1,aSLE,7,7,0,0,0,0,0,0,7
Classical Monocytes|Classical Monocytes|SERPINA1|LRP1,cHD,11,11,0,0,0,0,0,0,11
Classical Monocytes|Classical Monocytes|SERPINA1|LRP1,cSLE,33,33,0,0,0,0,0,0,33
Classical Monocytes|Classical Monocytes|SIRPA|CD47,aHD,5,5,0,0,0,0,0,0,5
Classical Monocytes|Classical Monocytes|SIRPA|CD47,aSLE,7,7,0,0,0,0,0,0,7
Classical Monocytes|Classical Monocytes|SIRPA|CD47,cHD,10,11,0,0,1,0,0,0,11
Classical Monocytes|Classical Monocytes|SIRPA|CD47,cSLE,33,33,0,0,0,0,0,0,33
Classical Monocytes|Classical Monocytes|TGFB1|CXCR4,aHD,5,5,0,0,0,0,0,0,5
Classical Monocytes|Classical Monocytes|TGFB1|CXCR4,aSLE,6,7,0,0,1,0,0,0,7
Classical Monocytes|Classical Monocytes|TGFB1|CXCR4,cHD,11,11,0,0,0,0,0,0,11
Classical Monocytes|Classical Monocytes|TGFB1|CXCR4,cSLE,33,33,0,0,0,0,0,0,33
Classical Monocytes|Classical Monocytes|TGFB1|ITGB1,aHD,5,5,0,0,0,0,0,0,5
Classical Monocytes|Classical Monocytes|TGFB1|ITGB1,aSLE,6,7,0,0,1,0,0,0,7
Classical Monocytes|Classical Monocytes|TGFB1|ITGB1,cHD,11,11,0,0,0,0,0,0,11
Classical Monocytes|Classical Monocytes|TGFB1|ITGB1,cSLE,33,33,0,0,0,0,0,0,33
Classical Monocytes|Classical Monocytes|TIMP1|CD63,aHD,5,5,0,0,0,0,0,0,5
Classical Monocytes|Classical Monocytes|TIMP1|CD63,aSLE,7,7,0,0,0,0,0,0,7
Classical Monocytes|Classical Monocytes|TIMP1|CD63,cHD,11,11,0,0,0,0,0,0,11
Classical Monocytes|Classical Monocytes|TIMP1|CD63,cSLE,33,33,0,0,0,0,0,0,33
Classical Monocytes|Classical Monocytes|TIMP2|CD44,aHD,5,5,0,0,0,0,0,0,5
Classical Monocytes|Classical Monocytes|TIMP2|CD44,aSLE,7,7,0,0,0,0,0,0,7
Classical Monocytes|Classical Monocytes|TIMP2|CD44,cHD,11,11,0,0,0,0,0,0,11
Classical Monocytes|Classical Monocytes|TIMP2|CD44,cSLE,33,33,0,0,0,0,0,0,33
Classical Monocytes|Classical Monocytes|TIMP2|ITGB1,aHD,5,5,0,0,0,0,0,0,5
Classical Monocytes|Classical Monocytes|TIMP2|ITGB1,aSLE,7,7,0,0,0,0,0,0,7
Classical Monocytes|Classical Monocytes|TIMP2|ITGB1,cHD,11,11,0,0,0,0,0,0,11
Classical Monocytes|Classical Monocytes|TIMP2|ITGB1,cSLE,33,33,0,0,0,0,0,0,33
Classical Monocytes|Classical Monocytes|TNFSF13B|HLA-DPB1,aHD,5,5,0,0,0,0,0,0,5
Classical Monocytes|Classical Monocytes|TNFSF13B|HLA-DPB1,aSLE,7,7,0,0,0,0,0,0,7
Classical Monocytes|Classical Monocytes|TNFSF13B|HLA-DPB1,cHD,11,11,0,0,0,0,0,0,11
Classical Monocytes|Classical Monocytes|TNFSF13B|HLA-DPB1,cSLE,33,33,0,0,0,0,0,0,33
Classical Monocytes|Classical Monocytes|VCAN|CD44,aHD,5,5,0,0,0,0,0,0,5
Classical Monocytes|Classical Monocytes|VCAN|CD44,aSLE,7,7,0,0,0,0,0,0,7
Classical Monocytes|Classical Monocytes|VCAN|CD44,cHD,11,11,0,0,0,0,0,0,11
Classical Monocytes|Classical Monocytes|VCAN|CD44,cSLE,33,33,0,0,0,0,0,0,33
Classical Monocytes|Classical Monocytes|VCAN|ITGB1,aHD,5,5,0,0,0,0,0,0,5
Classical Monocytes|Classical Monocytes|VCAN|ITGB1,aSLE,7,7,0,0,0,0,0,0,7
Classical Monocytes|Classical Monocytes|VCAN|ITGB1,cHD,11,11,0,0,0,0,0,0,11
Classical Monocytes|Classical Monocytes|VCAN|ITGB1,cSLE,33,33,0,0,0,0,0,0,33
Classical Monocytes|Classical Monocytes|VCAN|SELL,aHD,5,5,0,0,0,0,0,0,5
Classical Monocytes|Classical Monocytes|VCAN|SELL,aSLE,7,7,0,0,0,0,0,0,7
Classical Monocytes|Classical Monocytes|VCAN|SELL,cHD,11,11,0,0,0,0,0,0,11
Classical Monocytes|Classical Monocytes|VCAN|SELL,cSLE,33,33,0,0,0,0,0,0,33
Classical Monocytes|Classical Monocytes|VCAN|TLR2,aHD,5,5,0,0,0,0,0,0,5
Classical Monocytes|Classical Monocytes|VCAN|TLR2,aSLE,7,7,0,0,0,0,0,0,7
Classical Monocytes|Classical Monocytes|VCAN|TLR2,cHD,11,11,0,0,0,0,0,0,11
Classical Monocytes|Classical Monocytes|VCAN|TLR2,cSLE,33,33,0,0,0,0,0,0,33
Classical Monocytes|Classical Monocytes|VIM|CD44,aHD,5,5,0,0,0,0,0,0,5
Classical Monocytes|Classical Monocytes|VIM|CD44,aSLE,7,7,0,0,0,0,0,0,7
Classical Monocytes|Classical Monocytes|VIM|CD44,cHD,11,11,0,0,0,0,0,0,11
Classical Monocytes|Classical Monocytes|VIM|CD44,cSLE,33,33,0,0,0,0,0,0,33
Classical Monocytes|NK Cells|ADAM10|CD44,aHD,5,5,0,0,0,0,0,0,5
Classical Monocytes|NK Cells|ADAM10|CD44,aSLE,7,7,0,0,0,0,0,0,7
Classical Monocytes|NK Cells|ADAM10|CD44,cHD,11,11,0,0,0,0,0,0,11
Classical Monocytes|NK Cells|ADAM10|CD44,cSLE,33,33,0,0,0,0,0,0,33
Classical Monocytes|NK Cells|ADAM15|ITGB1,aHD,5,5,0,0,0,0,0,0,5
Classical Monocytes|NK Cells|ADAM15|ITGB1,aSLE,7,7,0,0,0,0,0,0,7
Classical Monocytes|NK Cells|ADAM15|ITGB1,cHD,10,11,0,0,1,0,0,0,11
Classical Monocytes|NK Cells|ADAM15|ITGB1,cSLE,31,33,0,0,2,0,0,0,33
Classical Monocytes|NK Cells|ADAM17|ITGB1,aHD,5,5,0,0,0,0,0,0,5
Classical Monocytes|NK Cells|ADAM17|ITGB1,aSLE,7,7,0,0,0,0,0,0,7
Classical Monocytes|NK Cells|ADAM17|ITGB1,cHD,11,11,0,0,0,0,0,0,11
Classical Monocytes|NK Cells|ADAM17|ITGB1,cSLE,33,33,0,0,0,0,0,0,33
Classical Monocytes|NK Cells|APP|CD74,aHD,5,5,0,0,0,0,0,0,5
Classical Monocytes|NK Cells|APP|CD74,aSLE,7,7,0,0,0,0,0,0,7
Classical Monocytes|NK Cells|APP|CD74,cHD,11,11,0,0,0,0,0,0,11
Classical Monocytes|NK Cells|APP|CD74,cSLE,32,33,0,0,1,0,0,0,33
Classical Monocytes|NK Cells|APP|LRP10,aHD,5,5,0,0,0,0,0,0,5
Classical Monocytes|NK Cells|APP|LRP10,aSLE,7,7,0,0,0,0,0,0,7
Classical Monocytes|NK Cells|APP|LRP10,cHD,11,11,0,0,0,0,0,0,11
Classical Monocytes|NK Cells|APP|LRP10,cSLE,32,33,0,0,1,0,0,0,33
Classical Monocytes|NK Cells|APP|PTGER2,aHD,5,5,0,0,0,0,0,0,5
Classical Monocytes|NK Cells|APP|PTGER2,aSLE,7,7,0,0,0,0,0,0,7
Classical Monocytes|NK Cells|APP|PTGER2,cHD,11,11,0,0,0,0,0,0,11
Classical Monocytes|NK Cells|APP|PTGER2,cSLE,32,33,0,0,1,0,0,0,33
Classical Monocytes|NK Cells|B2M|KLRD1,aHD,5,5,0,0,0,0,0,0,5
Classical Monocytes|NK Cells|B2M|KLRD1,aSLE,7,7,0,0,0,0,0,0,7
Classical Monocytes|NK Cells|B2M|KLRD1,cHD,11,11,0,0,0,0,0,0,11
Classical Monocytes|NK Cells|B2M|KLRD1,cSLE,33,33,0,0,0,0,0,0,33
Classical Monocytes|NK Cells|CALM1|PTPRA,aHD,5,5,0,0,0,0,0,0,5
Classical Monocytes|NK Cells|CALM1|PTPRA,aSLE,7,7,0,0,0,0,0,0,7
Classical Monocytes|NK Cells|CALM1|PTPRA,cHD,11,11,0,0,0,0,0,0,11
Classical Monocytes|NK Cells|CALM1|PTPRA,cSLE,33,33,0,0,0,0,0,0,33
Classical Monocytes|NK Cells|CD14|ITGA4,aHD,5,5,0,0,0,0,0,0,5
Classical Monocytes|NK Cells|CD14|ITGA4,aSLE,7,7,0,0,0,0,0,0,7
Classical Monocytes|NK Cells|CD14|ITGA4,cHD,11,11,0,0,0,0,0,0,11
Classical Monocytes|NK Cells|CD14|ITGA4,cSLE,33,33,0,0,0,0,0,0,33
Classical Monocytes|NK Cells|CD14|ITGB1,aHD,5,5,0,0,0,0,0,0,5
Classical Monocytes|NK Cells|CD14|ITGB1,aSLE,7,7,0,0,0,0,0,0,7
Classical Monocytes|NK Cells|CD14|ITGB1,cHD,11,11,0,0,0,0,0,0,11
Classical Monocytes|NK Cells|CD14|ITGB1,cSLE,33,33,0,0,0,0,0,0,33
Classical Monocytes|NK Cells|CD14|ITGB2,aHD,5,5,0,0,0,0,0,0,5
Classical Monocytes|NK Cells|CD14|ITGB2,aSLE,7,7,0,0,0,0,0,0,7
Classical Monocytes|NK Cells|CD14|ITGB2,cHD,11,11,0,0,0,0,0,0,11
Classical Monocytes|NK Cells|CD14|ITGB2,cSLE,33,33,0,0,0,0,0,0,33
Classical Monocytes|NK Cells|CD48|CD2,aHD,5,5,0,0,0,0,0,0,5
Classical Monocytes|NK Cells|CD48|CD2,aSLE,7,7,0,0,0,0,0,0,7
Classical Monocytes|NK Cells|CD48|CD2,cHD,11,11,0,0,0,0,0,0,11
Classical Monocytes|NK Cells|CD48|CD2,cSLE,33,33,0,0,0,0,0,0,33
Classical Monocytes|NK Cells|CD48|CD244,aHD,5,5,0,0,0,0,0,0,5
Classical Monocytes|NK Cells|CD48|CD244,aSLE,5,7,0,0,0,2,0,0,7
Classical Monocytes|NK Cells|CD48|CD244,cHD,11,11,0,0,0,0,0,0,11
Classical Monocytes|NK Cells|CD48|CD244,cSLE,32,33,0,0,0,1,0,0,33
Classical Monocytes|NK Cells|CLEC2B|KLRF1,aHD,5,5,0,0,0,0,0,0,5
Classical Monocytes|NK Cells|CLEC2B|KLRF1,aSLE,6,7,0,0,0,1,0,0,7
Classical Monocytes|NK Cells|CLEC2B|KLRF1,cHD,11,11,0,0,0,0,0,0,11
Classical Monocytes|NK Cells|CLEC2B|KLRF1,cSLE,33,33,0,0,0,0,0,0,33
Classical Monocytes|NK Cells|COPA|CD74,aHD,5,5,0,0,0,0,0,0,5
Classical Monocytes|NK Cells|COPA|CD74,aSLE,7,7,0,0,0,0,0,0,7
Classical Monocytes|NK Cells|COPA|CD74,cHD,11,11,0,0,0,0,0,0,11
Classical Monocytes|NK Cells|COPA|CD74,cSLE,33,33,0,0,0,0,0,0,33
Classical Monocytes|NK Cells|GNAI2|S1PR4,aHD,5,5,0,0,0,0,0,0,5
Classical Monocytes|NK Cells|GNAI2|S1PR4,aSLE,7,7,0,0,0,0,0,0,7
Classical Monocytes|NK Cells|GNAI2|S1PR4,cHD,11,11,0,0,0,0,0,0,11
Classical Monocytes|NK Cells|GNAI2|S1PR4,cSLE,31,33,0,0,0,2,0,0,33
Classical Monocytes|NK Cells|GNAI2|S1PR5,aHD,5,5,0,0,0,0,0,0,5
Classical Monocytes|NK Cells|GNAI2|S1PR5,aSLE,7,7,0,0,0,0,0,0,7
Classical Monocytes|NK Cells|GNAI2|S1PR5,cHD,11,11,0,0,0,0,0,0,11
Classical Monocytes|NK Cells|GNAI2|S1PR5,cSLE,33,33,0,0,0,0,0,0,33
Classical Monocytes|NK Cells|GNAS|PTGDR,aHD,5,5,0,0,0,0,0,0,5
Classical Monocytes|NK Cells|GNAS|PTGDR,aSLE,7,7,0,0,0,0,0,0,7
Classical Monocytes|NK Cells|GNAS|PTGDR,cHD,11,11,0,0,0,0,0,0,11
Classical Monocytes|NK Cells|GNAS|PTGDR,cSLE,32,33,0,0,0,1,0,0,33
Classical Monocytes|NK Cells|GRN|TNFRSF1B,aHD,5,5,0,0,0,0,0,0,5
Classical Monocytes|NK Cells|GRN|TNFRSF1B,aSLE,7,7,0,0,0,0,0,0,7
Classical Monocytes|NK Cells|GRN|TNFRSF1B,cHD,11,11,0,0,0,0,0,0,11
Classical Monocytes|NK Cells|GRN|TNFRSF1B,cSLE,33,33,0,0,0,0,0,0,33
Classical Monocytes|NK Cells|HBEGF|CD44,aHD,5,5,0,0,0,0,0,0,5
Classical Monocytes|NK Cells|HBEGF|CD44,aSLE,7,7,0,0,0,0,0,0,7
Classical Monocytes|NK Cells|HBEGF|CD44,cHD,10,11,0,0,1,0,0,0,11
Classical Monocytes|NK Cells|HBEGF|CD44,cSLE,28,33,0,0,5,0,0,0,33
Classical Monocytes|NK Cells|HLA-A|CD8A,aHD,5,5,0,0,0,0,0,0,5
Classical Monocytes|NK Cells|HLA-A|CD8A,aSLE,7,7,0,0,0,0,0,0,7
Classical Monocytes|NK Cells|HLA-A|CD8A,cHD,8,11,0,0,0,3,0,0,11
Classical Monocytes|NK Cells|HLA-A|CD8A,cSLE,22,33,0,0,0,11,0,0,33
Classical Monocytes|NK Cells|HLA-B|CD3D,aHD,5,5,0,0,0,0,0,0,5
Classical Monocytes|NK Cells|HLA-B|CD3D,aSLE,7,7,0,0,0,0,0,0,7
Classical Monocytes|NK Cells|HLA-B|CD3D,cHD,8,11,0,0,0,3,0,0,11
Classical Monocytes|NK Cells|HLA-B|CD3D,cSLE,28,33,0,0,0,5,0,0,33
Classical Monocytes|NK Cells|HLA-B|CD8A,aHD,5,5,0,0,0,0,0,0,5
Classical Monocytes|NK Cells|HLA-B|CD8A,aSLE,7,7,0,0,0,0,0,0,7
Classical Monocytes|NK Cells|HLA-B|CD8A,cHD,8,11,0,0,0,3,0,0,11
Classical Monocytes|NK Cells|HLA-B|CD8A,cSLE,22,33,0,0,0,11,0,0,33
Classical Monocytes|NK Cells|HLA-B|KLRD1,aHD,5,5,0,0,0,0,0,0,5
Classical Monocytes|NK Cells|HLA-B|KLRD1,aSLE,7,7,0,0,0,0,0,0,7
Classical Monocytes|NK Cells|HLA-B|KLRD1,cHD,11,11,0,0,0,0,0,0,11
Classical Monocytes|NK Cells|HLA-B|KLRD1,cSLE,33,33,0,0,0,0,0,0,33
Classical Monocytes|NK Cells|HLA-C|CD8A,aHD,5,5,0,0,0,0,0,0,5
Classical Monocytes|NK Cells|HLA-C|CD8A,aSLE,7,7,0,0,0,0,0,0,7
Classical Monocytes|NK Cells|HLA-C|CD8A,cHD,8,11,0,0,0,3,0,0,11
Classical Monocytes|NK Cells|HLA-C|CD8A,cSLE,22,33,0,0,0,11,0,0,33
Classical Monocytes|NK Cells|HLA-E|CD8A,aHD,5,5,0,0,0,0,0,0,5
Classical Monocytes|NK Cells|HLA-E|CD8A,aSLE,7,7,0,0,0,0,0,0,7
Classical Monocytes|NK Cells|HLA-E|CD8A,cHD,8,11,0,0,0,3,0,0,11
Classical Monocytes|NK Cells|HLA-E|CD8A,cSLE,22,33,0,0,0,11,0,0,33
Classical Monocytes|NK Cells|HLA-F|CD8A,aHD,5,5,0,0,0,0,0,0,5
Classical Monocytes|NK Cells|HLA-F|CD8A,aSLE,7,7,0,0,0,0,0,0,7
Classical Monocytes|NK Cells|HLA-F|CD8A,cHD,8,11,0,0,0,3,0,0,11
Classical Monocytes|NK Cells|HLA-F|CD8A,cSLE,22,33,0,0,0,11,0,0,33
Classical Monocytes|NK Cells|HMGB1|CXCR4,aHD,5,5,0,0,0,0,0,0,5
Classical Monocytes|NK Cells|HMGB1|CXCR4,aSLE,7,7,0,0,0,0,0,0,7
Classical Monocytes|NK Cells|HMGB1|CXCR4,cHD,11,11,0,0,0,0,0,0,11
Classical Monocytes|NK Cells|HMGB1|CXCR4,cSLE,33,33,0,0,0,0,0,0,33
Classical Monocytes|NK Cells|ICAM1|IL2RG,aHD,5,5,0,0,0,0,0,0,5
Classical Monocytes|NK Cells|ICAM1|IL2RG,aSLE,7,7,0,0,0,0,0,0,7
Classical Monocytes|NK Cells|ICAM1|IL2RG,cHD,10,11,0,0,1,0,0,0,11
Classical Monocytes|NK Cells|ICAM1|IL2RG,cSLE,24,33,0,0,9,0,0,0,33
Classical Monocytes|NK Cells|ICAM1|ITGAL_ITGB2,aHD,5,5,0,0,0,0,0,0,5
Classical Monocytes|NK Cells|ICAM1|ITGAL_ITGB2,aSLE,7,7,0,0,0,0,0,0,7
Classical Monocytes|NK Cells|ICAM1|ITGAL_ITGB2,cHD,10,11,0,0,1,0,0,0,11
Classical Monocytes|NK Cells|ICAM1|ITGAL_ITGB2,cSLE,24,33,0,0,9,0,0,0,33
Classical Monocytes|NK Cells|ICAM1|ITGAM_ITGB2,aHD,5,5,0,0,0,0,0,0,5
Classical Monocytes|NK Cells|ICAM1|ITGAM_ITGB2,aSLE,6,7,0,0,0,1,0,0,7
Classical Monocytes|NK Cells|ICAM1|ITGAM_ITGB2,cHD,10,11,0,0,1,0,0,0,11
Classical Monocytes|NK Cells|ICAM1|ITGAM_ITGB2,cSLE,24,33,0,0,9,0,0,0,33
Classical Monocytes|NK Cells|ICAM1|SPN,aHD,5,5,0,0,0,0,0,0,5
Classical Monocytes|NK Cells|ICAM1|SPN,aSLE,7,7,0,0,0,0,0,0,7
Classical Monocytes|NK Cells|ICAM1|SPN,cHD,10,11,0,0,1,0,0,0,11
Classical Monocytes|NK Cells|ICAM1|SPN,cSLE,24,33,0,0,9,0,0,0,33
Classical Monocytes|NK Cells|ICAM3|ITGAL,aHD,5,5,0,0,0,0,0,0,5
Classical Monocytes|NK Cells|ICAM3|ITGAL,aSLE,7,7,0,0,0,0,0,0,7
Classical Monocytes|NK Cells|ICAM3|ITGAL,cHD,11,11,0,0,0,0,0,0,11
Classical Monocytes|NK Cells|ICAM3|ITGAL,cSLE,33,33,0,0,0,0,0,0,33
Classical Monocytes|NK Cells|IL1B|SIGIRR,aHD,5,5,0,0,0,0,0,0,5
Classical Monocytes|NK Cells|IL1B|SIGIRR,aSLE,7,7,0,0,0,0,0,0,7
Classical Monocytes|NK Cells|IL1B|SIGIRR,cHD,11,11,0,0,0,0,0,0,11
Classical Monocytes|NK Cells|IL1B|SIGIRR,cSLE,33,33,0,0,0,0,0,0,33
Classical Monocytes|NK Cells|LGALS1|CD69,aHD,5,5,0,0,0,0,0,0,5
Classical Monocytes|NK Cells|LGALS1|CD69,aSLE,7,7,0,0,0,0,0,0,7
Classical Monocytes|NK Cells|LGALS1|CD69,cHD,11,11,0,0,0,0,0,0,11
Classical Monocytes|NK Cells|LGALS1|CD69,cSLE,33,33,0,0,0,0,0,0,33
Classical Monocytes|NK Cells|LGALS1|ITGB1,aHD,5,5,0,0,0,0,0,0,5
Classical Monocytes|NK Cells|LGALS1|ITGB1,aSLE,7,7,0,0,0,0,0,0,7
Classical Monocytes|NK Cells|LGALS1|ITGB1,cHD,11,11,0,0,0,0,0,0,11
Classical Monocytes|NK Cells|LGALS1|ITGB1,cSLE,33,33,0,0,0,0,0,0,33
Classical Monocytes|NK Cells|LGALS1|PTPRC,aHD,5,5,0,0,0,0,0,0,5
Classical Monocytes|NK Cells|LGALS1|PTPRC,aSLE,7,7,0,0,0,0,0,0,7
Classical Monocytes|NK Cells|LGALS1|PTPRC,cHD,11,11,0,0,0,0,0,0,11
Classical Monocytes|NK Cells|LGALS1|PTPRC,cSLE,33,33,0,0,0,0,0,0,33
Classical Monocytes|NK Cells|LGALS9|CD44,aHD,5,5,0,0,0,0,0,0,5
Classical Monocytes|NK Cells|LGALS9|CD44,aSLE,7,7,0,0,0,0,0,0,7
Classical Monocytes|NK Cells|LGALS9|CD44,cHD,11,11,0,0,0,0,0,0,11
Classical Monocytes|NK Cells|LGALS9|CD44,cSLE,33,33,0,0,0,0,0,0,33
Classical Monocytes|NK Cells|LGALS9|CD47,aHD,5,5,0,0,0,0,0,0,5
Classical Monocytes|NK Cells|LGALS9|CD47,aSLE,7,7,0,0,0,0,0,0,7
Classical Monocytes|NK Cells|LGALS9|CD47,cHD,11,11,0,0,0,0,0,0,11
Classical Monocytes|NK Cells|LGALS9|CD47,cSLE,33,33,0,0,0,0,0,0,33
Classical Monocytes|NK Cells|LGALS9|PTPRC,aHD,5,5,0,0,0,0,0,0,5
Classical Monocytes|NK Cells|LGALS9|PTPRC,aSLE,7,7,0,0,0,0,0,0,7
Classical Monocytes|NK Cells|LGALS9|PTPRC,cHD,11,11,0,0,0,0,0,0,11
Classical Monocytes|NK Cells|LGALS9|PTPRC,cSLE,33,33,0,0,0,0,0,0,33
Classical Monocytes|NK Cells|MIF|CD44_CD74,aHD,5,5,0,0,0,0,0,0,5
Classical Monocytes|NK Cells|MIF|CD44_CD74,aSLE,7,7,0,0,0,0,0,0,7
Classical Monocytes|NK Cells|MIF|CD44_CD74,cHD,11,11,0,0,0,0,0,0,11
Classical Monocytes|NK Cells|MIF|CD44_CD74,cSLE,33,33,0,0,0,0,0,0,33
Classical Monocytes|NK Cells|MIF|CD74_CXCR4,aHD,5,5,0,0,0,0,0,0,5
Classical Monocytes|NK Cells|MIF|CD74_CXCR4,aSLE,7,7,0,0,0,0,0,0,7
Classical Monocytes|NK Cells|MIF|CD74_CXCR4,cHD,11,11,0,0,0,0,0,0,11
Classical Monocytes|NK Cells|MIF|CD74_CXCR4,cSLE,33,33,0,0,0,0,0,0,33
Classical Monocytes|NK Cells|MIF|TNFRSF14,aHD,5,5,0,0,0,0,0,0,5
Classical Monocytes|NK Cells|MIF|TNFRSF14,aSLE,7,7,0,0,0,0,0,0,7
Classical Monocytes|NK Cells|MIF|TNFRSF14,cHD,11,11,0,0,0,0,0,0,11
Classical Monocytes|NK Cells|MIF|TNFRSF14,cSLE,33,33,0,0,0,0,0,0,33
Classical Monocytes|NK Cells|PKM|CD44,aHD,5,5,0,0,0,0,0,0,5
Classical Monocytes|NK Cells|PKM|CD44,aSLE,7,7,0,0,0,0,0,0,7
Classical Monocytes|NK Cells|PKM|CD44,cHD,11,11,0,0,0,0,0,0,11
Classical Monocytes|NK Cells|PKM|CD44,cSLE,33,33,0,0,0,0,0,0,33
Classical Monocytes|NK Cells|PSEN1|CD44,aHD,5,5,0,0,0,0,0,0,5
Classical Monocytes|NK Cells|PSEN1|CD44,aSLE,7,7,0,0,0,0,0,0,7
Classical Monocytes|NK Cells|PSEN1|CD44,cHD,11,11,0,0,0,0,0,0,11
Classical Monocytes|NK Cells|PSEN1|CD44,cSLE,33,33,0,0,0,0,0,0,33
Classical Monocytes|NK Cells|RETN|CAP1,aHD,5,5,0,0,0,0,0,0,5
Classical Monocytes|NK Cells|RETN|CAP1,aSLE,7,7,0,0,0,0,0,0,7
Classical Monocytes|NK Cells|RETN|CAP1,cHD,11,11,0,0,0,0,0,0,11
Classical Monocytes|NK Cells|RETN|CAP1,cSLE,32,33,0,0,1,0,0,0,33
Classical Monocytes|NK Cells|S100A8|CD69,aHD,5,5,0,0,0,0,0,0,5
Classical Monocytes|NK Cells|S100A8|CD69,aSLE,7,7,0,0,0,0,0,0,7
Classical Monocytes|NK Cells|S100A8|CD69,cHD,11,11,0,0,0,0,0,0,11
Classical Monocytes|NK Cells|S100A8|CD69,cSLE,33,33,0,0,0,0,0,0,33
Classical Monocytes|NK Cells|S100A8|ITGB2,aHD,5,5,0,0,0,0,0,0,5
Classical Monocytes|NK Cells|S100A8|ITGB2,aSLE,7,7,0,0,0,0,0,0,7
Classical Monocytes|NK Cells|S100A8|ITGB2,cHD,11,11,0,0,0,0,0,0,11
Classical Monocytes|NK Cells|S100A8|ITGB2,cSLE,33,33,0,0,0,0,0,0,33
Classical Monocytes|NK Cells|S100A9|ITGB2,aHD,5,5,0,0,0,0,0,0,5
Classical Monocytes|NK Cells|S100A9|ITGB2,aSLE,7,7,0,0,0,0,0,0,7
Classical Monocytes|NK Cells|S100A9|ITGB2,cHD,11,11,0,0,0,0,0,0,11
Classical Monocytes|NK Cells|S100A9|ITGB2,cSLE,33,33,0,0,0,0,0,0,33
Classical Monocytes|NK Cells|SELPLG|ITGAM,aHD,5,5,0,0,0,0,0,0,5
Classical Monocytes|NK Cells|SELPLG|ITGAM,aSLE,6,7,0,0,0,1,0,0,7
Classical Monocytes|NK Cells|SELPLG|ITGAM,cHD,11,11,0,0,0,0,0,0,11
Classical Monocytes|NK Cells|SELPLG|ITGAM,cSLE,33,33,0,0,0,0,0,0,33
Classical Monocytes|NK Cells|SELPLG|ITGB2,aHD,5,5,0,0,0,0,0,0,5
Classical Monocytes|NK Cells|SELPLG|ITGB2,aSLE,7,7,0,0,0,0,0,0,7
Classical Monocytes|NK Cells|SELPLG|ITGB2,cHD,11,11,0,0,0,0,0,0,11
Classical Monocytes|NK Cells|SELPLG|ITGB2,cSLE,33,33,0,0,0,0,0,0,33
Classical Monocytes|NK Cells|SELPLG|SELL,aHD,5,5,0,0,0,0,0,0,5
Classical Monocytes|NK Cells|SELPLG|SELL,aSLE,7,7,0,0,0,0,0,0,7
Classical Monocytes|NK Cells|SELPLG|SELL,cHD,11,11,0,0,0,0,0,0,11
Classical Monocytes|NK Cells|SELPLG|SELL,cSLE,33,33,0,0,0,0,0,0,33
Classical Monocytes|NK Cells|SIRPA|CD47,aHD,5,5,0,0,0,0,0,0,5
Classical Monocytes|NK Cells|SIRPA|CD47,aSLE,7,7,0,0,0,0,0,0,7
Classical Monocytes|NK Cells|SIRPA|CD47,cHD,10,11,0,0,1,0,0,0,11
Classical Monocytes|NK Cells|SIRPA|CD47,cSLE,33,33,0,0,0,0,0,0,33
Classical Monocytes|NK Cells|TGFB1|CXCR4,aHD,5,5,0,0,0,0,0,0,5
Classical Monocytes|NK Cells|TGFB1|CXCR4,aSLE,6,7,0,0,1,0,0,0,7
Classical Monocytes|NK Cells|TGFB1|CXCR4,cHD,11,11,0,0,0,0,0,0,11
Classical Monocytes|NK Cells|TGFB1|CXCR4,cSLE,33,33,0,0,0,0,0,0,33
Classical Monocytes|NK Cells|TGFB1|ITGB1,aHD,5,5,0,0,0,0,0,0,5
Classical Monocytes|NK Cells|TGFB1|ITGB1,aSLE,6,7,0,0,1,0,0,0,7
Classical Monocytes|NK Cells|TGFB1|ITGB1,cHD,11,11,0,0,0,0,0,0,11
Classical Monocytes|NK Cells|TGFB1|ITGB1,cSLE,33,33,0,0,0,0,0,0,33
Classical Monocytes|NK Cells|TIMP1|CD63,aHD,5,5,0,0,0,0,0,0,5
Classical Monocytes|NK Cells|TIMP1|CD63,aSLE,7,7,0,0,0,0,0,0,7
Classical Monocytes|NK Cells|TIMP1|CD63,cHD,11,11,0,0,0,0,0,0,11
Classical Monocytes|NK Cells|TIMP1|CD63,cSLE,33,33,0,0,0,0,0,0,33
Classical Monocytes|NK Cells|TIMP2|CD44,aHD,5,5,0,0,0,0,0,0,5
Classical Monocytes|NK Cells|TIMP2|CD44,aSLE,7,7,0,0,0,0,0,0,7
Classical Monocytes|NK Cells|TIMP2|CD44,cHD,11,11,0,0,0,0,0,0,11
Classical Monocytes|NK Cells|TIMP2|CD44,cSLE,33,33,0,0,0,0,0,0,33
Classical Monocytes|NK Cells|TIMP2|ITGB1,aHD,5,5,0,0,0,0,0,0,5
Classical Monocytes|NK Cells|TIMP2|ITGB1,aSLE,7,7,0,0,0,0,0,0,7
Classical Monocytes|NK Cells|TIMP2|ITGB1,cHD,11,11,0,0,0,0,0,0,11
Classical Monocytes|NK Cells|TIMP2|ITGB1,cSLE,33,33,0,0,0,0,0,0,33
Classical Monocytes|NK Cells|TNFSF13B|HLA-DPB1,aHD,5,5,0,0,0,0,0,0,5
Classical Monocytes|NK Cells|TNFSF13B|HLA-DPB1,aSLE,7,7,0,0,0,0,0,0,7
Classical Monocytes|NK Cells|TNFSF13B|HLA-DPB1,cHD,11,11,0,0,0,0,0,0,11
Classical Monocytes|NK Cells|TNFSF13B|HLA-DPB1,cSLE,33,33,0,0,0,0,0,0,33
Classical Monocytes|NK Cells|VCAN|CD44,aHD,5,5,0,0,0,0,0,0,5
Classical Monocytes|NK Cells|VCAN|CD44,aSLE,7,7,0,0,0,0,0,0,7
Classical Monocytes|NK Cells|VCAN|CD44,cHD,11,11,0,0,0,0,0,0,11
Classical Monocytes|NK Cells|VCAN|CD44,cSLE,33,33,0,0,0,0,0,0,33
Classical Monocytes|NK Cells|VCAN|ITGA4,aHD,5,5,0,0,0,0,0,0,5
Classical Monocytes|NK Cells|VCAN|ITGA4,aSLE,7,7,0,0,0,0,0,0,7
Classical Monocytes|NK Cells|VCAN|ITGA4,cHD,11,11,0,0,0,0,0,0,11
Classical Monocytes|NK Cells|VCAN|ITGA4,cSLE,33,33,0,0,0,0,0,0,33
Classical Monocytes|NK Cells|VCAN|ITGB1,aHD,5,5,0,0,0,0,0,0,5
Classical Monocytes|NK Cells|VCAN|ITGB1,aSLE,7,7,0,0,0,0,0,0,7
Classical Monocytes|NK Cells|VCAN|ITGB1,cHD,11,11,0,0,0,0,0,0,11
Classical Monocytes|NK Cells|VCAN|ITGB1,cSLE,33,33,0,0,0,0,0,0,33
Classical Monocytes|NK Cells|VCAN|SELL,aHD,5,5,0,0,0,0,0,0,5
Classical Monocytes|NK Cells|VCAN|SELL,aSLE,7,7,0,0,0,0,0,0,7
Classical Monocytes|NK Cells|VCAN|SELL,cHD,11,11,0,0,0,0,0,0,11
Classical Monocytes|NK Cells|VCAN|SELL,cSLE,33,33,0,0,0,0,0,0,33
Classical Monocytes|NK Cells|VIM|CD44,aHD,5,5,0,0,0,0,0,0,5
Classical Monocytes|NK Cells|VIM|CD44,aSLE,7,7,0,0,0,0,0,0,7
Classical Monocytes|NK Cells|VIM|CD44,cHD,11,11,0,0,0,0,0,0,11
Classical Monocytes|NK Cells|VIM|CD44,cSLE,33,33,0,0,0,0,0,0,33
Classical Monocytes|Non-classical Monocytes|ADAM10|CD44,aHD,5,5,0,0,0,0,0,0,5
Classical Monocytes|Non-classical Monocytes|ADAM10|CD44,aSLE,7,7,0,0,0,0,0,0,7
Classical Monocytes|Non-classical Monocytes|ADAM10|CD44,cHD,11,11,0,0,0,0,0,0,11
Classical Monocytes|Non-classical Monocytes|ADAM10|CD44,cSLE,33,33,0,0,0,0,0,0,33
Classical Monocytes|Non-classical Monocytes|ADAM10|IL6R,aHD,5,5,0,0,0,0,0,0,5
Classical Monocytes|Non-classical Monocytes|ADAM10|IL6R,aSLE,6,7,0,0,0,1,0,0,7
Classical Monocytes|Non-classical Monocytes|ADAM10|IL6R,cHD,8,11,0,0,0,3,0,0,11
Classical Monocytes|Non-classical Monocytes|ADAM10|IL6R,cSLE,24,33,0,0,0,9,0,0,33
Classical Monocytes|Non-classical Monocytes|ADAM10|NOTCH2,aHD,5,5,0,0,0,0,0,0,5
Classical Monocytes|Non-classical Monocytes|ADAM10|NOTCH2,aSLE,7,7,0,0,0,0,0,0,7
Classical Monocytes|Non-classical Monocytes|ADAM10|NOTCH2,cHD,11,11,0,0,0,0,0,0,11
Classical Monocytes|Non-classical Monocytes|ADAM10|NOTCH2,cSLE,33,33,0,0,0,0,0,0,33
Classical Monocytes|Non-classical Monocytes|ADAM10|TSPAN14,aHD,5,5,0,0,0,0,0,0,5
Classical Monocytes|Non-classical Monocytes|ADAM10|TSPAN14,aSLE,7,7,0,0,0,0,0,0,7
Classical Monocytes|Non-classical Monocytes|ADAM10|TSPAN14,cHD,11,11,0,0,0,0,0,0,11
Classical Monocytes|Non-classical Monocytes|ADAM10|TSPAN14,cSLE,33,33,0,0,0,0,0,0,33
Classical Monocytes|Non-classical Monocytes|ADAM15|ITGB1,aHD,5,5,0,0,0,0,0,0,5
Classical Monocytes|Non-classical Monocytes|ADAM15|ITGB1,aSLE,7,7,0,0,0,0,0,0,7
Classical Monocytes|Non-classical Monocytes|ADAM15|ITGB1,cHD,10,11,0,0,1,0,0,0,11
Classical Monocytes|Non-classical Monocytes|ADAM15|ITGB1,cSLE,31,33,0,0,2,0,0,0,33
Classical Monocytes|Non-classical Monocytes|ADAM17|IL6R,aHD,5,5,0,0,0,0,0,0,5
Classical Monocytes|Non-classical Monocytes|ADAM17|IL6R,aSLE,6,7,0,0,0,1,0,0,7
Classical Monocytes|Non-classical Monocytes|ADAM17|IL6R,cHD,8,11,0,0,0,3,0,0,11
Classical Monocytes|Non-classical Monocytes|ADAM17|IL6R,cSLE,24,33,0,0,0,9,0,0,33
Classical Monocytes|Non-classical Monocytes|ADAM17|ITGB1,aHD,5,5,0,0,0,0,0,0,5
Classical Monocytes|Non-classical Monocytes|ADAM17|ITGB1,aSLE,7,7,0,0,0,0,0,0,7
Classical Monocytes|Non-classical Monocytes|ADAM17|ITGB1,cHD,11,11,0,0,0,0,0,0,11
Classical Monocytes|Non-classical Monocytes|ADAM17|ITGB1,cSLE,33,33,0,0,0,0,0,0,33
Classical Monocytes|Non-classical Monocytes|ANXA1|FPR1,aHD,5,5,0,0,0,0,0,0,5
Classical Monocytes|Non-classical Monocytes|ANXA1|FPR1,aSLE,7,7,0,0,0,0,0,0,7
Classical Monocytes|Non-classical Monocytes|ANXA1|FPR1,cHD,10,11,0,0,0,1,0,0,11
Classical Monocytes|Non-classical Monocytes|ANXA1|FPR1,cSLE,33,33,0,0,0,0,0,0,33
Classical Monocytes|Non-classical Monocytes|ANXA2|TLR2,aHD,5,5,0,0,0,0,0,0,5
Classical Monocytes|Non-classical Monocytes|ANXA2|TLR2,aSLE,7,7,0,0,0,0,0,0,7
Classical Monocytes|Non-classical Monocytes|ANXA2|TLR2,cHD,11,11,0,0,0,0,0,0,11
Classical Monocytes|Non-classical Monocytes|ANXA2|TLR2,cSLE,33,33,0,0,0,0,0,0,33
Classical Monocytes|Non-classical Monocytes|APP|CD74,aHD,5,5,0,0,0,0,0,0,5
Classical Monocytes|Non-classical Monocytes|APP|CD74,aSLE,7,7,0,0,0,0,0,0,7
Classical Monocytes|Non-classical Monocytes|APP|CD74,cHD,11,11,0,0,0,0,0,0,11
Classical Monocytes|Non-classical Monocytes|APP|CD74,cSLE,32,33,0,0,1,0,0,0,33
Classical Monocytes|Non-classical Monocytes|APP|LRP1,aHD,5,5,0,0,0,0,0,0,5
Classical Monocytes|Non-classical Monocytes|APP|LRP1,aSLE,7,7,0,0,0,0,0,0,7
Classical Monocytes|Non-classical Monocytes|APP|LRP1,cHD,11,11,0,0,0,0,0,0,11
Classical Monocytes|Non-classical Monocytes|APP|LRP1,cSLE,32,33,0,0,1,0,0,0,33
Classical Monocytes|Non-classical Monocytes|APP|LRP10,aHD,5,5,0,0,0,0,0,0,5
Classical Monocytes|Non-classical Monocytes|APP|LRP10,aSLE,7,7,0,0,0,0,0,0,7
Classical Monocytes|Non-classical Monocytes|APP|LRP10,cHD,11,11,0,0,0,0,0,0,11
Classical Monocytes|Non-classical Monocytes|APP|LRP10,cSLE,32,33,0,0,1,0,0,0,33
Classical Monocytes|Non-classical Monocytes|APP|PTGER2,aHD,5,5,0,0,0,0,0,0,5
Classical Monocytes|Non-classical Monocytes|APP|PTGER2,aSLE,7,7,0,0,0,0,0,0,7
Classical Monocytes|Non-classical Monocytes|APP|PTGER2,cHD,11,11,0,0,0,0,0,0,11
Classical Monocytes|Non-classical Monocytes|APP|PTGER2,cSLE,32,33,0,0,1,0,0,0,33
Classical Monocytes|Non-classical Monocytes|ARF6|SMAP1,aHD,5,5,0,0,0,0,0,0,5
Classical Monocytes|Non-classical Monocytes|ARF6|SMAP1,aSLE,7,7,0,0,0,0,0,0,7
Classical Monocytes|Non-classical Monocytes|ARF6|SMAP1,cHD,11,11,0,0,0,0,0,0,11
Classical Monocytes|Non-classical Monocytes|ARF6|SMAP1,cSLE,32,33,0,0,0,1,0,0,33
Classical Monocytes|Non-classical Monocytes|CALM1|PTPRA,aHD,5,5,0,0,0,0,0,0,5
Classical Monocytes|Non-classical Monocytes|CALM1|PTPRA,aSLE,7,7,0,0,0,0,0,0,7
Classical Monocytes|Non-classical Monocytes|CALM1|PTPRA,cHD,11,11,0,0,0,0,0,0,11
Classical Monocytes|Non-classical Monocytes|CALM1|PTPRA,cSLE,28,33,0,0,0,5,0,0,33
Classical Monocytes|Non-classical Monocytes|CALR|LRP1,aHD,5,5,0,0,0,0,0,0,5
Classical Monocytes|Non-classical Monocytes|CALR|LRP1,aSLE,7,7,0,0,0,0,0,0,7
Classical Monocytes|Non-classical Monocytes|CALR|LRP1,cHD,11,11,0,0,0,0,0,0,11
Classical Monocytes|Non-classical Monocytes|CALR|LRP1,cSLE,33,33,0,0,0,0,0,0,33
Classical Monocytes|Non-classical Monocytes|CD14|ITGA4,aHD,5,5,0,0,0,0,0,0,5
Classical Monocytes|Non-classical Monocytes|CD14|ITGA4,aSLE,7,7,0,0,0,0,0,0,7
Classical Monocytes|Non-classical Monocytes|CD14|ITGA4,cHD,11,11,0,0,0,0,0,0,11
Classical Monocytes|Non-classical Monocytes|CD14|ITGA4,cSLE,33,33,0,0,0,0,0,0,33
Classical Monocytes|Non-classical Monocytes|CD14|ITGB1,aHD,5,5,0,0,0,0,0,0,5
Classical Monocytes|Non-classical Monocytes|CD14|ITGB1,aSLE,7,7,0,0,0,0,0,0,7
Classical Monocytes|Non-classical Monocytes|CD14|ITGB1,cHD,11,11,0,0,0,0,0,0,11
Classical Monocytes|Non-classical Monocytes|CD14|ITGB1,cSLE,33,33,0,0,0,0,0,0,33
Classical Monocytes|Non-classical Monocytes|CD14|ITGB2,aHD,5,5,0,0,0,0,0,0,5
Classical Monocytes|Non-classical Monocytes|CD14|ITGB2,aSLE,7,7,0,0,0,0,0,0,7
Classical Monocytes|Non-classical Monocytes|CD14|ITGB2,cHD,11,11,0,0,0,0,0,0,11
Classical Monocytes|Non-classical Monocytes|CD14|ITGB2,cSLE,33,33,0,0,0,0,0,0,33
Classical Monocytes|Non-classical Monocytes|CD1D|LILRB2,aHD,5,5,0,0,0,0,0,0,5
Classical Monocytes|Non-classical Monocytes|CD1D|LILRB2,aSLE,7,7,0,0,0,0,0,0,7
Classical Monocytes|Non-classical Monocytes|CD1D|LILRB2,cHD,10,11,0,0,1,0,0,0,11
Classical Monocytes|Non-classical Monocytes|CD1D|LILRB2,cSLE,30,33,0,0,3,0,0,0,33
Classical Monocytes|Non-classical Monocytes|CD52|SIGLEC10,aHD,5,5,0,0,0,0,0,0,5
Classical Monocytes|Non-classical Monocytes|CD52|SIGLEC10,aSLE,7,7,0,0,0,0,0,0,7
Classical Monocytes|Non-classical Monocytes|CD52|SIGLEC10,cHD,11,11,0,0,0,0,0,0,11
Classical Monocytes|Non-classical Monocytes|CD52|SIGLEC10,cSLE,32,33,0,0,0,1,0,0,33
Classical Monocytes|Non-classical Monocytes|CD99|PILRA,aHD,5,5,0,0,0,0,0,0,5
Classical Monocytes|Non-classical Monocytes|CD99|PILRA,aSLE,7,7,0,0,0,0,0,0,7
Classical Monocytes|Non-classical Monocytes|CD99|PILRA,cHD,11,11,0,0,0,0,0,0,11
Classical Monocytes|Non-classical Monocytes|CD99|PILRA,cSLE,33,33,0,0,0,0,0,0,33
Classical Monocytes|Non-classical Monocytes|CIRBP|TREM1,aHD,5,5,0,0,0,0,0,0,5
Classical Monocytes|Non-classical Monocytes|CIRBP|TREM1,aSLE,7,7,0,0,0,0,0,0,7
Classical Monocytes|Non-classical Monocytes|CIRBP|TREM1,cHD,11,11,0,0,0,0,0,0,11
Classical Monocytes|Non-classical Monocytes|CIRBP|TREM1,cSLE,33,33,0,0,0,0,0,0,33
Classical Monocytes|Non-classical Monocytes|COPA|CD74,aHD,5,5,0,0,0,0,0,0,5
Classical Monocytes|Non-classical Monocytes|COPA|CD74,aSLE,7,7,0,0,0,0,0,0,7
Classical Monocytes|Non-classical Monocytes|COPA|CD74,cHD,11,11,0,0,0,0,0,0,11
Classical Monocytes|Non-classical Monocytes|COPA|CD74,cSLE,33,33,0,0,0,0,0,0,33
Classical Monocytes|Non-classical Monocytes|GNAI2|ADCY7,aHD,5,5,0,0,0,0,0,0,5
Classical Monocytes|Non-classical Monocytes|GNAI2|ADCY7,aSLE,7,7,0,0,0,0,0,0,7
Classical Monocytes|Non-classical Monocytes|GNAI2|ADCY7,cHD,11,11,0,0,0,0,0,0,11
Classical Monocytes|Non-classical Monocytes|GNAI2|ADCY7,cSLE,33,33,0,0,0,0,0,0,33
Classical Monocytes|Non-classical Monocytes|GNAI2|C5AR1,aHD,5,5,0,0,0,0,0,0,5
Classical Monocytes|Non-classical Monocytes|GNAI2|C5AR1,aSLE,7,7,0,0,0,0,0,0,7
Classical Monocytes|Non-classical Monocytes|GNAI2|C5AR1,cHD,11,11,0,0,0,0,0,0,11
Classical Monocytes|Non-classical Monocytes|GNAI2|C5AR1,cSLE,33,33,0,0,0,0,0,0,33
Classical Monocytes|Non-classical Monocytes|GNAI2|FPR1,aHD,5,5,0,0,0,0,0,0,5
Classical Monocytes|Non-classical Monocytes|GNAI2|FPR1,aSLE,7,7,0,0,0,0,0,0,7
Classical Monocytes|Non-classical Monocytes|GNAI2|FPR1,cHD,10,11,0,0,0,1,0,0,11
Classical Monocytes|Non-classical Monocytes|GNAI2|FPR1,cSLE,33,33,0,0,0,0,0,0,33
Classical Monocytes|Non-classical Monocytes|GNAI2|S1PR4,aHD,5,5,0,0,0,0,0,0,5
Classical Monocytes|Non-classical Monocytes|GNAI2|S1PR4,aSLE,7,7,0,0,0,0,0,0,7
Classical Monocytes|Non-classical Monocytes|GNAI2|S1PR4,cHD,11,11,0,0,0,0,0,0,11
Classical Monocytes|Non-classical Monocytes|GNAI2|S1PR4,cSLE,33,33,0,0,0,0,0,0,33
Classical Monocytes|Non-classical Monocytes|GNAS|ADCY7,aHD,5,5,0,0,0,0,0,0,5
Classical Monocytes|Non-classical Monocytes|GNAS|ADCY7,aSLE,7,7,0,0,0,0,0,0,7
Classical Monocytes|Non-classical Monocytes|GNAS|ADCY7,cHD,11,11,0,0,0,0,0,0,11
Classical Monocytes|Non-classical Monocytes|GNAS|ADCY7,cSLE,33,33,0,0,0,0,0,0,33
Classical Monocytes|Non-classical Monocytes|GRN|TNFRSF1A,aHD,5,5,0,0,0,0,0,0,5
Classical Monocytes|Non-classical Monocytes|GRN|TNFRSF1A,aSLE,7,7,0,0,0,0,0,0,7
Classical Monocytes|Non-classical Monocytes|GRN|TNFRSF1A,cHD,11,11,0,0,0,0,0,0,11
Classical Monocytes|Non-classical Monocytes|GRN|TNFRSF1A,cSLE,33,33,0,0,0,0,0,0,33
Classical Monocytes|Non-classical Monocytes|GRN|TNFRSF1B,aHD,5,5,0,0,0,0,0,0,5
Classical Monocytes|Non-classical Monocytes|GRN|TNFRSF1B,aSLE,7,7,0,0,0,0,0,0,7
Classical Monocytes|Non-classical Monocytes|GRN|TNFRSF1B,cHD,11,11,0,0,0,0,0,0,11
Classical Monocytes|Non-classical Monocytes|GRN|TNFRSF1B,cSLE,33,33,0,0,0,0,0,0,33
Classical Monocytes|Non-classical Monocytes|HBEGF|CD44,aHD,5,5,0,0,0,0,0,0,5
Classical Monocytes|Non-classical Monocytes|HBEGF|CD44,aSLE,7,7,0,0,0,0,0,0,7
Classical Monocytes|Non-classical Monocytes|HBEGF|CD44,cHD,10,11,0,0,1,0,0,0,11
Classical Monocytes|Non-classical Monocytes|HBEGF|CD44,cSLE,28,33,0,0,5,0,0,0,33
Classical Monocytes|Non-classical Monocytes|HLA-A|APLP2,aHD,5,5,0,0,0,0,0,0,5
Classical Monocytes|Non-classical Monocytes|HLA-A|APLP2,aSLE,7,7,0,0,0,0,0,0,7
Classical Monocytes|Non-classical Monocytes|HLA-A|APLP2,cHD,11,11,0,0,0,0,0,0,11
Classical Monocytes|Non-classical Monocytes|HLA-A|APLP2,cSLE,33,33,0,0,0,0,0,0,33
Classical Monocytes|Non-classical Monocytes|HLA-A|LILRA1,aHD,5,5,0,0,0,0,0,0,5
Classical Monocytes|Non-classical Monocytes|HLA-A|LILRA1,aSLE,7,7,0,0,0,0,0,0,7
Classical Monocytes|Non-classical Monocytes|HLA-A|LILRA1,cHD,11,11,0,0,0,0,0,0,11
Classical Monocytes|Non-classical Monocytes|HLA-A|LILRA1,cSLE,33,33,0,0,0,0,0,0,33
Classical Monocytes|Non-classical Monocytes|HLA-A|LILRB1,aHD,5,5,0,0,0,0,0,0,5
Classical Monocytes|Non-classical Monocytes|HLA-A|LILRB1,aSLE,7,7,0,0,0,0,0,0,7
Classical Monocytes|Non-classical Monocytes|HLA-A|LILRB1,cHD,11,11,0,0,0,0,0,0,11
Classical Monocytes|Non-classical Monocytes|HLA-A|LILRB1,cSLE,33,33,0,0,0,0,0,0,33
Classical Monocytes|Non-classical Monocytes|HLA-A|LILRB2,aHD,5,5,0,0,0,0,0,0,5
Classical Monocytes|Non-classical Monocytes|HLA-A|LILRB2,aSLE,7,7,0,0,0,0,0,0,7
Classical Monocytes|Non-classical Monocytes|HLA-A|LILRB2,cHD,11,11,0,0,0,0,0,0,11
Classical Monocytes|Non-classical Monocytes|HLA-A|LILRB2,cSLE,33,33,0,0,0,0,0,0,33
Classical Monocytes|Non-classical Monocytes|HLA-B|LILRA1,aHD,5,5,0,0,0,0,0,0,5
Classical Monocytes|Non-classical Monocytes|HLA-B|LILRA1,aSLE,7,7,0,0,0,0,0,0,7
Classical Monocytes|Non-classical Monocytes|HLA-B|LILRA1,cHD,11,11,0,0,0,0,0,0,11
Classical Monocytes|Non-classical Monocytes|HLA-B|LILRA1,cSLE,33,33,0,0,0,0,0,0,33
Classical Monocytes|Non-classical Monocytes|HLA-B|LILRB1,aHD,5,5,0,0,0,0,0,0,5
Classical Monocytes|Non-classical Monocytes|HLA-B|LILRB1,aSLE,7,7,0,0,0,0,0,0,7
Classical Monocytes|Non-classical Monocytes|HLA-B|LILRB1,cHD,11,11,0,0,0,0,0,0,11
Classical Monocytes|Non-classical Monocytes|HLA-B|LILRB1,cSLE,33,33,0,0,0,0,0,0,33
Classical Monocytes|Non-classical Monocytes|HLA-B|LILRB2,aHD,5,5,0,0,0,0,0,0,5
Classical Monocytes|Non-classical Monocytes|HLA-B|LILRB2,aSLE,7,7,0,0,0,0,0,0,7
Classical Monocytes|Non-classical Monocytes|HLA-B|LILRB2,cHD,11,11,0,0,0,0,0,0,11
Classical Monocytes|Non-classical Monocytes|HLA-B|LILRB2,cSLE,33,33,0,0,0,0,0,0,33
Classical Monocytes|Non-classical Monocytes|HLA-C|LILRA1,aHD,5,5,0,0,0,0,0,0,5
Classical Monocytes|Non-classical Monocytes|HLA-C|LILRA1,aSLE,7,7,0,0,0,0,0,0,7
Classical Monocytes|Non-classical Monocytes|HLA-C|LILRA1,cHD,11,11,0,0,0,0,0,0,11
Classical Monocytes|Non-classical Monocytes|HLA-C|LILRA1,cSLE,33,33,0,0,0,0,0,0,33
Classical Monocytes|Non-classical Monocytes|HLA-C|LILRB1,aHD,5,5,0,0,0,0,0,0,5
Classical Monocytes|Non-classical Monocytes|HLA-C|LILRB1,aSLE,7,7,0,0,0,0,0,0,7
Classical Monocytes|Non-classical Monocytes|HLA-C|LILRB1,cHD,11,11,0,0,0,0,0,0,11
Classical Monocytes|Non-classical Monocytes|HLA-C|LILRB1,cSLE,33,33,0,0,0,0,0,0,33
Classical Monocytes|Non-classical Monocytes|HLA-C|LILRB2,aHD,5,5,0,0,0,0,0,0,5
Classical Monocytes|Non-classical Monocytes|HLA-C|LILRB2,aSLE,7,7,0,0,0,0,0,0,7
Classical Monocytes|Non-classical Monocytes|HLA-C|LILRB2,cHD,11,11,0,0,0,0,0,0,11
Classical Monocytes|Non-classical Monocytes|HLA-C|LILRB2,cSLE,33,33,0,0,0,0,0,0,33
Classical Monocytes|Non-classical Monocytes|HLA-DMA|CD4,aHD,5,5,0,0,0,0,0,0,5
Classical Monocytes|Non-classical Monocytes|HLA-DMA|CD4,aSLE,7,7,0,0,0,0,0,0,7
Classical Monocytes|Non-classical Monocytes|HLA-DMA|CD4,cHD,11,11,0,0,0,0,0,0,11
Classical Monocytes|Non-classical Monocytes|HLA-DMA|CD4,cSLE,33,33,0,0,0,0,0,0,33
Classical Monocytes|Non-classical Monocytes|HLA-DMB|CD4,aHD,5,5,0,0,0,0,0,0,5
Classical Monocytes|Non-classical Monocytes|HLA-DMB|CD4,aSLE,7,7,0,0,0,0,0,0,7
Classical Monocytes|Non-classical Monocytes|HLA-DMB|CD4,cHD,11,11,0,0,0,0,0,0,11
Classical Monocytes|Non-classical Monocytes|HLA-DMB|CD4,cSLE,33,33,0,0,0,0,0,0,33
Classical Monocytes|Non-classical Monocytes|HLA-DPA1|CD4,aHD,5,5,0,0,0,0,0,0,5
Classical Monocytes|Non-classical Monocytes|HLA-DPA1|CD4,aSLE,7,7,0,0,0,0,0,0,7
Classical Monocytes|Non-classical Monocytes|HLA-DPA1|CD4,cHD,11,11,0,0,0,0,0,0,11
Classical Monocytes|Non-classical Monocytes|HLA-DPA1|CD4,cSLE,33,33,0,0,0,0,0,0,33
Classical Monocytes|Non-classical Monocytes|HLA-DPB1|CD4,aHD,5,5,0,0,0,0,0,0,5
Classical Monocytes|Non-classical Monocytes|HLA-DPB1|CD4,aSLE,7,7,0,0,0,0,0,0,7
Classical Monocytes|Non-classical Monocytes|HLA-DPB1|CD4,cHD,11,11,0,0,0,0,0,0,11
Classical Monocytes|Non-classical Monocytes|HLA-DPB1|CD4,cSLE,33,33,0,0,0,0,0,0,33
Classical Monocytes|Non-classical Monocytes|HLA-DQB1|CD4,aHD,5,5,0,0,0,0,0,0,5
Classical Monocytes|Non-classical Monocytes|HLA-DQB1|CD4,aSLE,7,7,0,0,0,0,0,0,7
Classical Monocytes|Non-classical Monocytes|HLA-DQB1|CD4,cHD,11,11,0,0,0,0,0,0,11
Classical Monocytes|Non-classical Monocytes|HLA-DQB1|CD4,cSLE,32,33,0,0,1,0,0,0,33
Classical Monocytes|Non-classical Monocytes|HLA-DRA|CD4,aHD,5,5,0,0,0,0,0,0,5
Classical Monocytes|Non-classical Monocytes|HLA-DRA|CD4,aSLE,7,7,0,0,0,0,0,0,7
Classical Monocytes|Non-classical Monocytes|HLA-DRA|CD4,cHD,11,11,0,0,0,0,0,0,11
Classical Monocytes|Non-classical Monocytes|HLA-DRA|CD4,cSLE,33,33,0,0,0,0,0,0,33
Classical Monocytes|Non-classical Monocytes|HLA-DRB1|CD4,aHD,5,5,0,0,0,0,0,0,5
Classical Monocytes|Non-classical Monocytes|HLA-DRB1|CD4,aSLE,7,7,0,0,0,0,0,0,7
Classical Monocytes|Non-classical Monocytes|HLA-DRB1|CD4,cHD,11,11,0,0,0,0,0,0,11
Classical Monocytes|Non-classical Monocytes|HLA-DRB1|CD4,cSLE,33,33,0,0,0,0,0,0,33
Classical Monocytes|Non-classical Monocytes|HLA-F|LILRB1,aHD,5,5,0,0,0,0,0,0,5
Classical Monocytes|Non-classical Monocytes|HLA-F|LILRB1,aSLE,7,7,0,0,0,0,0,0,7
Classical Monocytes|Non-classical Monocytes|HLA-F|LILRB1,cHD,11,11,0,0,0,0,0,0,11
Classical Monocytes|Non-classical Monocytes|HLA-F|LILRB1,cSLE,33,33,0,0,0,0,0,0,33
Classical Monocytes|Non-classical Monocytes|HLA-F|LILRB2,aHD,5,5,0,0,0,0,0,0,5
Classical Monocytes|Non-classical Monocytes|HLA-F|LILRB2,aSLE,7,7,0,0,0,0,0,0,7
Classical Monocytes|Non-classical Monocytes|HLA-F|LILRB2,cHD,11,11,0,0,0,0,0,0,11
Classical Monocytes|Non-classical Monocytes|HLA-F|LILRB2,cSLE,33,33,0,0,0,0,0,0,33
Classical Monocytes|Non-classical Monocytes|HMGB1|CXCR4,aHD,5,5,0,0,0,0,0,0,5
Classical Monocytes|Non-classical Monocytes|HMGB1|CXCR4,aSLE,7,7,0,0,0,0,0,0,7
Classical Monocytes|Non-classical Monocytes|HMGB1|CXCR4,cHD,11,11,0,0,0,0,0,0,11
Classical Monocytes|Non-classical Monocytes|HMGB1|CXCR4,cSLE,33,33,0,0,0,0,0,0,33
Classical Monocytes|Non-classical Monocytes|HMGB1|HAVCR2,aHD,5,5,0,0,0,0,0,0,5
Classical Monocytes|Non-classical Monocytes|HMGB1|HAVCR2,aSLE,7,7,0,0,0,0,0,0,7
Classical Monocytes|Non-classical Monocytes|HMGB1|HAVCR2,cHD,11,11,0,0,0,0,0,0,11
Classical Monocytes|Non-classical Monocytes|HMGB1|HAVCR2,cSLE,30,33,0,0,0,3,0,0,33
Classical Monocytes|Non-classical Monocytes|HMGB1|TLR2,aHD,5,5,0,0,0,0,0,0,5
Classical Monocytes|Non-classical Monocytes|HMGB1|TLR2,aSLE,7,7,0,0,0,0,0,0,7
Classical Monocytes|Non-classical Monocytes|HMGB1|TLR2,cHD,11,11,0,0,0,0,0,0,11
Classical Monocytes|Non-classical Monocytes|HMGB1|TLR2,cSLE,33,33,0,0,0,0,0,0,33
Classical Monocytes|Non-classical Monocytes|ICAM1|IL2RG,aHD,5,5,0,0,0,0,0,0,5
Classical Monocytes|Non-classical Monocytes|ICAM1|IL2RG,aSLE,7,7,0,0,0,0,0,0,7
Classical Monocytes|Non-classical Monocytes|ICAM1|IL2RG,cHD,10,11,0,0,1,0,0,0,11
Classical Monocytes|Non-classical Monocytes|ICAM1|IL2RG,cSLE,24,33,0,0,9,1,0,0,33
Classical Monocytes|Non-classical Monocytes|ICAM1|ITGAL_ITGB2,aHD,5,5,0,0,0,0,0,0,5
Classical Monocytes|Non-classical Monocytes|ICAM1|ITGAL_ITGB2,aSLE,7,7,0,0,0,0,0,0,7
Classical Monocytes|Non-classical Monocytes|ICAM1|ITGAL_ITGB2,cHD,10,11,0,0,1,0,0,0,11
Classical Monocytes|Non-classical Monocytes|ICAM1|ITGAL_ITGB2,cSLE,24,33,0,0,9,0,0,0,33
Classical Monocytes|Non-classical Monocytes|ICAM1|ITGAX_ITGB2,aHD,5,5,0,0,0,0,0,0,5
Classical Monocytes|Non-classical Monocytes|ICAM1|ITGAX_ITGB2,aSLE,7,7,0,0,0,0,0,0,7
Classical Monocytes|Non-classical Monocytes|ICAM1|ITGAX_ITGB2,cHD,10,11,0,0,1,0,0,0,11
Classical Monocytes|Non-classical Monocytes|ICAM1|ITGAX_ITGB2,cSLE,24,33,0,0,9,0,0,0,33
Classical Monocytes|Non-classical Monocytes|ICAM1|SPN,aHD,5,5,0,0,0,0,0,0,5
Classical Monocytes|Non-classical Monocytes|ICAM1|SPN,aSLE,7,7,0,0,0,0,0,0,7
Classical Monocytes|Non-classical Monocytes|ICAM1|SPN,cHD,10,11,0,0,1,0,0,0,11
Classical Monocytes|Non-classical Monocytes|ICAM1|SPN,cSLE,24,33,0,0,9,0,0,0,33
Classical Monocytes|Non-classical Monocytes|ICAM3|ITGAL,aHD,5,5,0,0,0,0,0,0,5
Classical Monocytes|Non-classical Monocytes|ICAM3|ITGAL,aSLE,7,7,0,0,0,0,0,0,7
Classical Monocytes|Non-classical Monocytes|ICAM3|ITGAL,cHD,11,11,0,0,0,0,0,0,11
Classical Monocytes|Non-classical Monocytes|ICAM3|ITGAL,cSLE,33,33,0,0,0,0,0,0,33
Classical Monocytes|Non-classical Monocytes|IL1B|SIGIRR,aHD,5,5,0,0,0,0,0,0,5
Classical Monocytes|Non-classical Monocytes|IL1B|SIGIRR,aSLE,7,7,0,0,0,0,0,0,7
Classical Monocytes|Non-classical Monocytes|IL1B|SIGIRR,cHD,11,11,0,0,0,0,0,0,11
Classical Monocytes|Non-classical Monocytes|IL1B|SIGIRR,cSLE,33,33,0,0,0,0,0,0,33
Classical Monocytes|Non-classical Monocytes|LGALS1|CD69,aHD,5,5,0,0,0,0,0,0,5
Classical Monocytes|Non-classical Monocytes|LGALS1|CD69,aSLE,7,7,0,0,0,0,0,0,7
Classical Monocytes|Non-classical Monocytes|LGALS1|CD69,cHD,11,11,0,0,0,0,0,0,11
Classical Monocytes|Non-classical Monocytes|LGALS1|CD69,cSLE,33,33,0,0,0,0,0,0,33
Classical Monocytes|Non-classical Monocytes|LGALS1|ITGB1,aHD,5,5,0,0,0,0,0,0,5
Classical Monocytes|Non-classical Monocytes|LGALS1|ITGB1,aSLE,7,7,0,0,0,0,0,0,7
Classical Monocytes|Non-classical Monocytes|LGALS1|ITGB1,cHD,11,11,0,0,0,0,0,0,11
Classical Monocytes|Non-classical Monocytes|LGALS1|ITGB1,cSLE,33,33,0,0,0,0,0,0,33
Classical Monocytes|Non-classical Monocytes|LGALS1|PTPRC,aHD,5,5,0,0,0,0,0,0,5
Classical Monocytes|Non-classical Monocytes|LGALS1|PTPRC,aSLE,7,7,0,0,0,0,0,0,7
Classical Monocytes|Non-classical Monocytes|LGALS1|PTPRC,cHD,11,11,0,0,0,0,0,0,11
Classical Monocytes|Non-classical Monocytes|LGALS1|PTPRC,cSLE,33,33,0,0,0,0,0,0,33
Classical Monocytes|Non-classical Monocytes|LGALS9|CD44,aHD,5,5,0,0,0,0,0,0,5
Classical Monocytes|Non-classical Monocytes|LGALS9|CD44,aSLE,7,7,0,0,0,0,0,0,7
Classical Monocytes|Non-classical Monocytes|LGALS9|CD44,cHD,11,11,0,0,0,0,0,0,11
Classical Monocytes|Non-classical Monocytes|LGALS9|CD44,cSLE,33,33,0,0,0,0,0,0,33
Classical Monocytes|Non-classical Monocytes|LGALS9|CD47,aHD,5,5,0,0,0,0,0,0,5
Classical Monocytes|Non-classical Monocytes|LGALS9|CD47,aSLE,7,7,0,0,0,0,0,0,7
Classical Monocytes|Non-classical Monocytes|LGALS9|CD47,cHD,11,11,0,0,0,0,0,0,11
Classical Monocytes|Non-classical Monocytes|LGALS9|CD47,cSLE,33,33,0,0,0,0,0,0,33
Classical Monocytes|Non-classical Monocytes|LGALS9|HAVCR2,aHD,5,5,0,0,0,0,0,0,5
Classical Monocytes|Non-classical Monocytes|LGALS9|HAVCR2,aSLE,7,7,0,0,0,0,0,0,7
Classical Monocytes|Non-classical Monocytes|LGALS9|HAVCR2,cHD,11,11,0,0,0,0,0,0,11
Classical Monocytes|Non-classical Monocytes|LGALS9|HAVCR2,cSLE,30,33,0,0,0,3,0,0,33
Classical Monocytes|Non-classical Monocytes|LGALS9|LRP1,aHD,5,5,0,0,0,0,0,0,5
Classical Monocytes|Non-classical Monocytes|LGALS9|LRP1,aSLE,7,7,0,0,0,0,0,0,7
Classical Monocytes|Non-classical Monocytes|LGALS9|LRP1,cHD,11,11,0,0,0,0,0,0,11
Classical Monocytes|Non-classical Monocytes|LGALS9|LRP1,cSLE,33,33,0,0,0,0,0,0,33
Classical Monocytes|Non-classical Monocytes|LGALS9|PTPRC,aHD,5,5,0,0,0,0,0,0,5
Classical Monocytes|Non-classical Monocytes|LGALS9|PTPRC,aSLE,7,7,0,0,0,0,0,0,7
Classical Monocytes|Non-classical Monocytes|LGALS9|PTPRC,cHD,11,11,0,0,0,0,0,0,11
Classical Monocytes|Non-classical Monocytes|LGALS9|PTPRC,cSLE,33,33,0,0,0,0,0,0,33
Classical Monocytes|Non-classical Monocytes|LTB|TNFRSF1A,aHD,5,5,0,0,0,0,0,0,5
Classical Monocytes|Non-classical Monocytes|LTB|TNFRSF1A,aSLE,6,7,0,0,1,0,0,0,7
Classical Monocytes|Non-classical Monocytes|LTB|TNFRSF1A,cHD,11,11,0,0,0,0,0,0,11
Classical Monocytes|Non-classical Monocytes|LTB|TNFRSF1A,cSLE,33,33,0,0,0,0,0,0,33
Classical Monocytes|Non-classical Monocytes|MIF|CD44_CD74,aHD,5,5,0,0,0,0,0,0,5
Classical Monocytes|Non-classical Monocytes|MIF|CD44_CD74,aSLE,7,7,0,0,0,0,0,0,7
Classical Monocytes|Non-classical Monocytes|MIF|CD44_CD74,cHD,11,11,0,0,0,0,0,0,11
Classical Monocytes|Non-classical Monocytes|MIF|CD44_CD74,cSLE,33,33,0,0,0,0,0,0,33
Classical Monocytes|Non-classical Monocytes|MIF|CD74_CXCR4,aHD,5,5,0,0,0,0,0,0,5
Classical Monocytes|Non-classical Monocytes|MIF|CD74_CXCR4,aSLE,7,7,0,0,0,0,0,0,7
Classical Monocytes|Non-classical Monocytes|MIF|CD74_CXCR4,cHD,11,11,0,0,0,0,0,0,11
Classical Monocytes|Non-classical Monocytes|MIF|CD74_CXCR4,cSLE,33,33,0,0,0,0,0,0,33
Classical Monocytes|Non-classical Monocytes|MIF|TNFRSF14,aHD,5,5,0,0,0,0,0,0,5
Classical Monocytes|Non-classical Monocytes|MIF|TNFRSF14,aSLE,7,7,0,0,0,0,0,0,7
Classical Monocytes|Non-classical Monocytes|MIF|TNFRSF14,cHD,11,11,0,0,0,0,0,0,11
Classical Monocytes|Non-classical Monocytes|MIF|TNFRSF14,cSLE,33,33,0,0,0,0,0,0,33
Classical Monocytes|Non-classical Monocytes|PKM|CD44,aHD,5,5,0,0,0,0,0,0,5
Classical Monocytes|Non-classical Monocytes|PKM|CD44,aSLE,7,7,0,0,0,0,0,0,7
Classical Monocytes|Non-classical Monocytes|PKM|CD44,cHD,11,11,0,0,0,0,0,0,11
Classical Monocytes|Non-classical Monocytes|PKM|CD44,cSLE,33,33,0,0,0,0,0,0,33
Classical Monocytes|Non-classical Monocytes|PSAP|LRP1,aHD,5,5,0,0,0,0,0,0,5
Classical Monocytes|Non-classical Monocytes|PSAP|LRP1,aSLE,7,7,0,0,0,0,0,0,7
Classical Monocytes|Non-classical Monocytes|PSAP|LRP1,cHD,11,11,0,0,0,0,0,0,11
Classical Monocytes|Non-classical Monocytes|PSAP|LRP1,cSLE,33,33,0,0,0,0,0,0,33
Classical Monocytes|Non-classical Monocytes|PSEN1|CD44,aHD,5,5,0,0,0,0,0,0,5
Classical Monocytes|Non-classical Monocytes|PSEN1|CD44,aSLE,7,7,0,0,0,0,0,0,7
Classical Monocytes|Non-classical Monocytes|PSEN1|CD44,cHD,11,11,0,0,0,0,0,0,11
Classical Monocytes|Non-classical Monocytes|PSEN1|CD44,cSLE,33,33,0,0,0,0,0,0,33
Classical Monocytes|Non-classical Monocytes|PSEN1|NOTCH2,aHD,5,5,0,0,0,0,0,0,5
Classical Monocytes|Non-classical Monocytes|PSEN1|NOTCH2,aSLE,7,7,0,0,0,0,0,0,7
Classical Monocytes|Non-classical Monocytes|PSEN1|NOTCH2,cHD,11,11,0,0,0,0,0,0,11
Classical Monocytes|Non-classical Monocytes|PSEN1|NOTCH2,cSLE,33,33,0,0,0,0,0,0,33
Classical Monocytes|Non-classical Monocytes|PTPN6|CD300LF,aHD,5,5,0,0,0,0,0,0,5
Classical Monocytes|Non-classical Monocytes|PTPN6|CD300LF,aSLE,7,7,0,0,0,0,0,0,7
Classical Monocytes|Non-classical Monocytes|PTPN6|CD300LF,cHD,11,11,0,0,0,0,0,0,11
Classical Monocytes|Non-classical Monocytes|PTPN6|CD300LF,cSLE,33,33,0,0,0,0,0,0,33
Classical Monocytes|Non-classical Monocytes|PTPN6|CLEC12A,aHD,5,5,0,0,0,0,0,0,5
Classical Monocytes|Non-classical Monocytes|PTPN6|CLEC12A,aSLE,7,7,0,0,0,0,0,0,7
Classical Monocytes|Non-classical Monocytes|PTPN6|CLEC12A,cHD,11,11,0,0,0,0,0,0,11
Classical Monocytes|Non-classical Monocytes|PTPN6|CLEC12A,cSLE,33,33,0,0,0,0,0,0,33
Classical Monocytes|Non-classical Monocytes|RETN|CAP1,aHD,5,5,0,0,0,0,0,0,5
Classical Monocytes|Non-classical Monocytes|RETN|CAP1,aSLE,7,7,0,0,0,0,0,0,7
Classical Monocytes|Non-classical Monocytes|RETN|CAP1,cHD,11,11,0,0,0,0,0,0,11
Classical Monocytes|Non-classical Monocytes|RETN|CAP1,cSLE,32,33,0,0,1,0,0,0,33
Classical Monocytes|Non-classical Monocytes|RNASE2|TLR2,aHD,5,5,0,0,0,0,0,0,5
Classical Monocytes|Non-classical Monocytes|RNASE2|TLR2,aSLE,7,7,0,0,0,0,0,0,7
Classical Monocytes|Non-classical Monocytes|RNASE2|TLR2,cHD,11,11,0,0,0,0,0,0,11
Classical Monocytes|Non-classical Monocytes|RNASE2|TLR2,cSLE,33,33,0,0,0,0,0,0,33
Classical Monocytes|Non-classical Monocytes|RPS19|C5AR1,aHD,5,5,0,0,0,0,0,0,5
Classical Monocytes|Non-classical Monocytes|RPS19|C5AR1,aSLE,7,7,0,0,0,0,0,0,7
Classical Monocytes|Non-classical Monocytes|RPS19|C5AR1,cHD,11,11,0,0,0,0,0,0,11
Classical Monocytes|Non-classical Monocytes|RPS19|C5AR1,cSLE,33,33,0,0,0,0,0,0,33
Classical Monocytes|Non-classical Monocytes|S100A12|CD36,aHD,5,5,0,0,0,0,0,0,5
Classical Monocytes|Non-classical Monocytes|S100A12|CD36,aSLE,7,7,0,0,0,0,0,0,7
Classical Monocytes|Non-classical Monocytes|S100A12|CD36,cHD,11,11,0,0,0,0,0,0,11
Classical Monocytes|Non-classical Monocytes|S100A12|CD36,cSLE,33,33,0,0,0,0,0,0,33
Classical Monocytes|Non-classical Monocytes|S100A8|CD36,aHD,5,5,0,0,0,0,0,0,5
Classical Monocytes|Non-classical Monocytes|S100A8|CD36,aSLE,7,7,0,0,0,0,0,0,7
Classical Monocytes|Non-classical Monocytes|S100A8|CD36,cHD,11,11,0,0,0,0,0,0,11
Classical Monocytes|Non-classical Monocytes|S100A8|CD36,cSLE,33,33,0,0,0,0,0,0,33
Classical Monocytes|Non-classical Monocytes|S100A8|CD68,aHD,5,5,0,0,0,0,0,0,5
Classical Monocytes|Non-classical Monocytes|S100A8|CD68,aSLE,7,7,0,0,0,0,0,0,7
Classical Monocytes|Non-classical Monocytes|S100A8|CD68,cHD,11,11,0,0,0,0,0,0,11
Classical Monocytes|Non-classical Monocytes|S100A8|CD68,cSLE,33,33,0,0,0,0,0,0,33
Classical Monocytes|Non-classical Monocytes|S100A8|CD69,aHD,5,5,0,0,0,0,0,0,5
Classical Monocytes|Non-classical Monocytes|S100A8|CD69,aSLE,7,7,0,0,0,0,0,0,7
Classical Monocytes|Non-classical Monocytes|S100A8|CD69,cHD,11,11,0,0,0,0,0,0,11
Classical Monocytes|Non-classical Monocytes|S100A8|CD69,cSLE,33,33,0,0,0,0,0,0,33
Classical Monocytes|Non-classical Monocytes|S100A8|ITGB2,aHD,5,5,0,0,0,0,0,0,5
Classical Monocytes|Non-classical Monocytes|S100A8|ITGB2,aSLE,7,7,0,0,0,0,0,0,7
Classical Monocytes|Non-classical Monocytes|S100A8|ITGB2,cHD,11,11,0,0,0,0,0,0,11
Classical Monocytes|Non-classical Monocytes|S100A8|ITGB2,cSLE,33,33,0,0,0,0,0,0,33
Classical Monocytes|Non-classical Monocytes|S100A9|CD36,aHD,5,5,0,0,0,0,0,0,5
Classical Monocytes|Non-classical Monocytes|S100A9|CD36,aSLE,7,7,0,0,0,0,0,0,7
Classical Monocytes|Non-classical Monocytes|S100A9|CD36,cHD,11,11,0,0,0,0,0,0,11
Classical Monocytes|Non-classical Monocytes|S100A9|CD36,cSLE,33,33,0,0,0,0,0,0,33
Classical Monocytes|Non-classical Monocytes|S100A9|CD68,aHD,5,5,0,0,0,0,0,0,5
Classical Monocytes|Non-classical Monocytes|S100A9|CD68,aSLE,7,7,0,0,0,0,0,0,7
Classical Monocytes|Non-classical Monocytes|S100A9|CD68,cHD,11,11,0,0,0,0,0,0,11
Classical Monocytes|Non-classical Monocytes|S100A9|CD68,cSLE,33,33,0,0,0,0,0,0,33
Classical Monocytes|Non-classical Monocytes|S100A9|ITGB2,aHD,5,5,0,0,0,0,0,0,5
Classical Monocytes|Non-classical Monocytes|S100A9|ITGB2,aSLE,7,7,0,0,0,0,0,0,7
Classical Monocytes|Non-classical Monocytes|S100A9|ITGB2,cHD,11,11,0,0,0,0,0,0,11
Classical Monocytes|Non-classical Monocytes|S100A9|ITGB2,cSLE,33,33,0,0,0,0,0,0,33
Classical Monocytes|Non-classical Monocytes|SELPLG|ITGB2,aHD,5,5,0,0,0,0,0,0,5
Classical Monocytes|Non-classical Monocytes|SELPLG|ITGB2,aSLE,7,7,0,0,0,0,0,0,7
Classical Monocytes|Non-classical Monocytes|SELPLG|ITGB2,cHD,11,11,0,0,0,0,0,0,11
Classical Monocytes|Non-classical Monocytes|SELPLG|ITGB2,cSLE,33,33,0,0,0,0,0,0,33
Classical Monocytes|Non-classical Monocytes|SELPLG|SELL,aHD,5,5,0,0,0,0,0,0,5
Classical Monocytes|Non-classical Monocytes|SELPLG|SELL,aSLE,7,7,0,0,0,0,0,0,7
Classical Monocytes|Non-classical Monocytes|SELPLG|SELL,cHD,11,11,0,0,0,0,0,0,11
Classical Monocytes|Non-classical Monocytes|SELPLG|SELL,cSLE,33,33,0,0,0,0,0,0,33
Classical Monocytes|Non-classical Monocytes|SERPINA1|LRP1,aHD,5,5,0,0,0,0,0,0,5
Classical Monocytes|Non-classical Monocytes|SERPINA1|LRP1,aSLE,7,7,0,0,0,0,0,0,7
Classical Monocytes|Non-classical Monocytes|SERPINA1|LRP1,cHD,11,11,0,0,0,0,0,0,11
Classical Monocytes|Non-classical Monocytes|SERPINA1|LRP1,cSLE,33,33,0,0,0,0,0,0,33
Classical Monocytes|Non-classical Monocytes|SIRPA|CD47,aHD,5,5,0,0,0,0,0,0,5
Classical Monocytes|Non-classical Monocytes|SIRPA|CD47,aSLE,7,7,0,0,0,0,0,0,7
Classical Monocytes|Non-classical Monocytes|SIRPA|CD47,cHD,10,11,0,0,1,0,0,0,11
Classical Monocytes|Non-classical Monocytes|SIRPA|CD47,cSLE,33,33,0,0,0,0,0,0,33
Classical Monocytes|Non-classical Monocytes|TGFB1|CXCR4,aHD,5,5,0,0,0,0,0,0,5
Classical Monocytes|Non-classical Monocytes|TGFB1|CXCR4,aSLE,6,7,0,0,1,0,0,0,7
Classical Monocytes|Non-classical Monocytes|TGFB1|CXCR4,cHD,11,11,0,0,0,0,0,0,11
Classical Monocytes|Non-classical Monocytes|TGFB1|CXCR4,cSLE,33,33,0,0,0,0,0,0,33
Classical Monocytes|Non-classical Monocytes|TGFB1|ITGB1,aHD,5,5,0,0,0,0,0,0,5
Classical Monocytes|Non-classical Monocytes|TGFB1|ITGB1,aSLE,6,7,0,0,1,0,0,0,7
Classical Monocytes|Non-classical Monocytes|TGFB1|ITGB1,cHD,11,11,0,0,0,0,0,0,11
Classical Monocytes|Non-classical Monocytes|TGFB1|ITGB1,cSLE,33,33,0,0,0,0,0,0,33
Classical Monocytes|Non-classical Monocytes|TGFB1|LPP,aHD,5,5,0,0,0,0,0,0,5
Classical Monocytes|Non-classical Monocytes|TGFB1|LPP,aSLE,6,7,0,0,1,0,0,0,7
Classical Monocytes|Non-classical Monocytes|TGFB1|LPP,cHD,11,11,0,0,0,0,0,0,11
Classical Monocytes|Non-classical Monocytes|TGFB1|LPP,cSLE,31,33,0,0,0,2,0,0,33
Classical Monocytes|Non-classical Monocytes|TIMP1|CD63,aHD,5,5,0,0,0,0,0,0,5
Classical Monocytes|Non-classical Monocytes|TIMP1|CD63,aSLE,7,7,0,0,0,0,0,0,7
Classical Monocytes|Non-classical Monocytes|TIMP1|CD63,cHD,11,11,0,0,0,0,0,0,11
Classical Monocytes|Non-classical Monocytes|TIMP1|CD63,cSLE,33,33,0,0,0,0,0,0,33
Classical Monocytes|Non-classical Monocytes|TIMP2|CD44,aHD,5,5,0,0,0,0,0,0,5
Classical Monocytes|Non-classical Monocytes|TIMP2|CD44,aSLE,7,7,0,0,0,0,0,0,7
Classical Monocytes|Non-classical Monocytes|TIMP2|CD44,cHD,11,11,0,0,0,0,0,0,11
Classical Monocytes|Non-classical Monocytes|TIMP2|CD44,cSLE,33,33,0,0,0,0,0,0,33
Classical Monocytes|Non-classical Monocytes|TIMP2|ITGB1,aHD,5,5,0,0,0,0,0,0,5
Classical Monocytes|Non-classical Monocytes|TIMP2|ITGB1,aSLE,7,7,0,0,0,0,0,0,7
Classical Monocytes|Non-classical Monocytes|TIMP2|ITGB1,cHD,11,11,0,0,0,0,0,0,11
Classical Monocytes|Non-classical Monocytes|TIMP2|ITGB1,cSLE,33,33,0,0,0,0,0,0,33
Classical Monocytes|Non-classical Monocytes|TNFSF13B|HLA-DPB1,aHD,5,5,0,0,0,0,0,0,5
Classical Monocytes|Non-classical Monocytes|TNFSF13B|HLA-DPB1,aSLE,7,7,0,0,0,0,0,0,7
Classical Monocytes|Non-classical Monocytes|TNFSF13B|HLA-DPB1,cHD,11,11,0,0,0,0,0,0,11
Classical Monocytes|Non-classical Monocytes|TNFSF13B|HLA-DPB1,cSLE,33,33,0,0,0,0,0,0,33
Classical Monocytes|Non-classical Monocytes|TNFSF13B|TFRC,aHD,5,5,0,0,0,0,0,0,5
Classical Monocytes|Non-classical Monocytes|TNFSF13B|TFRC,aSLE,7,7,0,0,0,0,0,0,7
Classical Monocytes|Non-classical Monocytes|TNFSF13B|TFRC,cHD,9,11,0,0,0,2,0,0,11
Classical Monocytes|Non-classical Monocytes|TNFSF13B|TFRC,cSLE,23,33,0,0,0,10,0,0,33
Classical Monocytes|Non-classical Monocytes|VCAN|CD44,aHD,5,5,0,0,0,0,0,0,5
Classical Monocytes|Non-classical Monocytes|VCAN|CD44,aSLE,7,7,0,0,0,0,0,0,7
Classical Monocytes|Non-classical Monocytes|VCAN|CD44,cHD,11,11,0,0,0,0,0,0,11
Classical Monocytes|Non-classical Monocytes|VCAN|CD44,cSLE,33,33,0,0,0,0,0,0,33
Classical Monocytes|Non-classical Monocytes|VCAN|ITGA4,aHD,5,5,0,0,0,0,0,0,5
Classical Monocytes|Non-classical Monocytes|VCAN|ITGA4,aSLE,7,7,0,0,0,0,0,0,7
Classical Monocytes|Non-classical Monocytes|VCAN|ITGA4,cHD,11,11,0,0,0,0,0,0,11
Classical Monocytes|Non-classical Monocytes|VCAN|ITGA4,cSLE,33,33,0,0,0,0,0,0,33
Classical Monocytes|Non-classical Monocytes|VCAN|ITGB1,aHD,5,5,0,0,0,0,0,0,5
Classical Monocytes|Non-classical Monocytes|VCAN|ITGB1,aSLE,7,7,0,0,0,0,0,0,7
Classical Monocytes|Non-classical Monocytes|VCAN|ITGB1,cHD,11,11,0,0,0,0,0,0,11
Classical Monocytes|Non-classical Monocytes|VCAN|ITGB1,cSLE,33,33,0,0,0,0,0,0,33
Classical Monocytes|Non-classical Monocytes|VCAN|SELL,aHD,5,5,0,0,0,0,0,0,5
Classical Monocytes|Non-classical Monocytes|VCAN|SELL,aSLE,7,7,0,0,0,0,0,0,7
Classical Monocytes|Non-classical Monocytes|VCAN|SELL,cHD,11,11,0,0,0,0,0,0,11
Classical Monocytes|Non-classical Monocytes|VCAN|SELL,cSLE,33,33,0,0,0,0,0,0,33
Classical Monocytes|Non-classical Monocytes|VCAN|TLR2,aHD,5,5,0,0,0,0,0,0,5
Classical Monocytes|Non-classical Monocytes|VCAN|TLR2,aSLE,7,7,0,0,0,0,0,0,7
Classical Monocytes|Non-classical Monocytes|VCAN|TLR2,cHD,11,11,0,0,0,0,0,0,11
Classical Monocytes|Non-classical Monocytes|VCAN|TLR2,cSLE,33,33,0,0,0,0,0,0,33
Classical Monocytes|Non-classical Monocytes|VIM|CD44,aHD,5,5,0,0,0,0,0,0,5
Classical Monocytes|Non-classical Monocytes|VIM|CD44,aSLE,7,7,0,0,0,0,0,0,7
Classical Monocytes|Non-classical Monocytes|VIM|CD44,cHD,11,11,0,0,0,0,0,0,11
Classical Monocytes|Non-classical Monocytes|VIM|CD44,cSLE,33,33,0,0,0,0,0,0,33
Classical Monocytes|pDCs|ADAM10|CD44,aHD,5,5,0,0,0,0,0,0,5
Classical Monocytes|pDCs|ADAM10|CD44,aSLE,7,7,0,0,0,0,0,0,7
Classical Monocytes|pDCs|ADAM10|CD44,cHD,10,10,0,1,0,0,0,0,11
Classical Monocytes|pDCs|ADAM10|CD44,cSLE,22,22,0,11,0,1,0,0,33
Classical Monocytes|pDCs|ADAM15|ITGB1,aHD,5,5,0,0,0,0,0,0,5
Classical Monocytes|pDCs|ADAM15|ITGB1,aSLE,7,7,0,0,0,0,0,0,7
Classical Monocytes|pDCs|ADAM15|ITGB1,cHD,9,10,0,1,1,0,0,0,11
Classical Monocytes|pDCs|ADAM15|ITGB1,cSLE,20,22,0,11,2,1,0,0,33
Classical Monocytes|pDCs|ADAM17|ITGB1,aHD,5,5,0,0,0,0,0,0,5
Classical Monocytes|pDCs|ADAM17|ITGB1,aSLE,7,7,0,0,0,0,0,0,7
Classical Monocytes|pDCs|ADAM17|ITGB1,cHD,10,10,0,1,0,0,0,0,11
Classical Monocytes|pDCs|ADAM17|ITGB1,cSLE,22,22,0,11,0,1,0,0,33
Classical Monocytes|pDCs|APP|CD74,aHD,5,5,0,0,0,0,0,0,5
Classical Monocytes|pDCs|APP|CD74,aSLE,7,7,0,0,0,0,0,0,7
Classical Monocytes|pDCs|APP|CD74,cHD,10,10,0,1,0,0,0,0,11
Classical Monocytes|pDCs|APP|CD74,cSLE,22,22,0,11,1,0,0,0,33
Classical Monocytes|pDCs|APP|LRP10,aHD,5,5,0,0,0,0,0,0,5
Classical Monocytes|pDCs|APP|LRP10,aSLE,7,7,0,0,0,0,0,0,7
Classical Monocytes|pDCs|APP|LRP10,cHD,10,10,0,1,0,0,0,0,11
Classical Monocytes|pDCs|APP|LRP10,cSLE,21,22,0,11,1,3,0,0,33
Classical Monocytes|pDCs|APP|TNFRSF21,aHD,5,5,0,0,0,0,0,0,5
Classical Monocytes|pDCs|APP|TNFRSF21,aSLE,7,7,0,0,0,0,0,0,7
Classical Monocytes|pDCs|APP|TNFRSF21,cHD,10,10,0,1,0,0,0,0,11
Classical Monocytes|pDCs|APP|TNFRSF21,cSLE,20,22,0,11,1,4,0,0,33
Classical Monocytes|pDCs|ARF6|SMAP1,aHD,5,5,0,0,0,0,0,0,5
Classical Monocytes|pDCs|ARF6|SMAP1,aSLE,6,7,0,0,0,1,0,0,7
Classical Monocytes|pDCs|ARF6|SMAP1,cHD,9,10,0,1,0,1,0,0,11
Classical Monocytes|pDCs|ARF6|SMAP1,cSLE,16,22,0,11,0,8,0,0,33
Classical Monocytes|pDCs|CALM1|PTPRA,aHD,5,5,0,0,0,0,0,0,5
Classical Monocytes|pDCs|CALM1|PTPRA,aSLE,7,7,0,0,0,0,0,0,7
Classical Monocytes|pDCs|CALM1|PTPRA,cHD,10,10,0,1,0,0,0,0,11
Classical Monocytes|pDCs|CALM1|PTPRA,cSLE,20,22,0,11,0,5,0,0,33
Classical Monocytes|pDCs|CD14|ITGA4,aHD,5,5,0,0,0,0,0,0,5
Classical Monocytes|pDCs|CD14|ITGA4,aSLE,7,7,0,0,0,0,0,0,7
Classical Monocytes|pDCs|CD14|ITGA4,cHD,7,10,0,1,0,3,0,0,11
Classical Monocytes|pDCs|CD14|ITGA4,cSLE,18,22,0,11,0,6,0,0,33
Classical Monocytes|pDCs|CD14|ITGB1,aHD,5,5,0,0,0,0,0,0,5
Classical Monocytes|pDCs|CD14|ITGB1,aSLE,7,7,0,0,0,0,0,0,7
Classical Monocytes|pDCs|CD14|ITGB1,cHD,10,10,0,1,0,0,0,0,11
Classical Monocytes|pDCs|CD14|ITGB1,cSLE,22,22,0,11,0,1,0,0,33
Classical Monocytes|pDCs|CD14|ITGB2,aHD,5,5,0,0,0,0,0,0,5
Classical Monocytes|pDCs|CD14|ITGB2,aSLE,7,7,0,0,0,0,0,0,7
Classical Monocytes|pDCs|CD14|ITGB2,cHD,10,10,0,1,0,1,0,0,11
Classical Monocytes|pDCs|CD14|ITGB2,cSLE,22,22,0,11,0,0,0,0,33
Classical Monocytes|pDCs|COPA|CD74,aHD,5,5,0,0,0,0,0,0,5
Classical Monocytes|pDCs|COPA|CD74,aSLE,7,7,0,0,0,0,0,0,7
Classical Monocytes|pDCs|COPA|CD74,cHD,10,10,0,1,0,0,0,0,11
Classical Monocytes|pDCs|COPA|CD74,cSLE,22,22,0,11,0,0,0,0,33
Classical Monocytes|pDCs|GNAI2|ADCY7,aHD,5,5,0,0,0,0,0,0,5
Classical Monocytes|pDCs|GNAI2|ADCY7,aSLE,6,7,0,0,0,1,0,0,7
Classical Monocytes|pDCs|GNAI2|ADCY7,cHD,6,10,0,1,0,4,0,0,11
Classical Monocytes|pDCs|GNAI2|ADCY7,cSLE,17,22,0,11,0,11,0,0,33
Classical Monocytes|pDCs|GNAI2|CXCR3,aHD,5,5,0,0,0,0,0,0,5
Classical Monocytes|pDCs|GNAI2|CXCR3,aSLE,7,7,0,0,0,0,0,0,7
Classical Monocytes|pDCs|GNAI2|CXCR3,cHD,10,10,0,1,0,0,0,0,11
Classical Monocytes|pDCs|GNAI2|CXCR3,cSLE,21,22,0,11,0,3,0,0,33
Classical Monocytes|pDCs|GNAS|ADCY7,aHD,5,5,0,0,0,0,0,0,5
Classical Monocytes|pDCs|GNAS|ADCY7,aSLE,6,7,0,0,0,1,0,0,7
Classical Monocytes|pDCs|GNAS|ADCY7,cHD,6,10,0,1,0,4,0,0,11
Classical Monocytes|pDCs|GNAS|ADCY7,cSLE,17,22,0,11,0,11,0,0,33
Classical Monocytes|pDCs|HBEGF|CD44,aHD,5,5,0,0,0,0,0,0,5
Classical Monocytes|pDCs|HBEGF|CD44,aSLE,7,7,0,0,0,0,0,0,7
Classical Monocytes|pDCs|HBEGF|CD44,cHD,9,10,0,1,1,0,0,0,11
Classical Monocytes|pDCs|HBEGF|CD44,cSLE,20,22,0,11,5,1,0,0,33
Classical Monocytes|pDCs|HLA-A|LILRB1,aHD,5,5,0,0,0,0,0,0,5
Classical Monocytes|pDCs|HLA-A|LILRB1,aSLE,7,7,0,0,0,0,0,0,7
Classical Monocytes|pDCs|HLA-A|LILRB1,cHD,10,10,0,1,0,0,0,0,11
Classical Monocytes|pDCs|HLA-A|LILRB1,cSLE,21,22,0,11,0,6,0,0,33
Classical Monocytes|pDCs|HLA-B|LILRB1,aHD,5,5,0,0,0,0,0,0,5
Classical Monocytes|pDCs|HLA-B|LILRB1,aSLE,7,7,0,0,0,0,0,0,7
Classical Monocytes|pDCs|HLA-B|LILRB1,cHD,10,10,0,1,0,0,0,0,11
Classical Monocytes|pDCs|HLA-B|LILRB1,cSLE,21,22,0,11,0,6,0,0,33
Classical Monocytes|pDCs|HLA-C|LILRB1,aHD,5,5,0,0,0,0,0,0,5
Classical Monocytes|pDCs|HLA-C|LILRB1,aSLE,7,7,0,0,0,0,0,0,7
Classical Monocytes|pDCs|HLA-C|LILRB1,cHD,10,10,0,1,0,0,0,0,11
Classical Monocytes|pDCs|HLA-C|LILRB1,cSLE,21,22,0,11,0,6,0,0,33
Classical Monocytes|pDCs|HLA-DMA|CD4,aHD,5,5,0,0,0,0,0,0,5
Classical Monocytes|pDCs|HLA-DMA|CD4,aSLE,7,7,0,0,0,0,0,0,7
Classical Monocytes|pDCs|HLA-DMA|CD4,cHD,10,10,0,1,0,0,0,0,11
Classical Monocytes|pDCs|HLA-DMA|CD4,cSLE,21,22,0,11,0,2,0,0,33
Classical Monocytes|pDCs|HLA-DMB|CD4,aHD,5,5,0,0,0,0,0,0,5
Classical Monocytes|pDCs|HLA-DMB|CD4,aSLE,7,7,0,0,0,0,0,0,7
Classical Monocytes|pDCs|HLA-DMB|CD4,cHD,10,10,0,1,0,0,0,0,11
Classical Monocytes|pDCs|HLA-DMB|CD4,cSLE,21,22,0,11,0,2,0,0,33
Classical Monocytes|pDCs|HLA-DPA1|CD4,aHD,5,5,0,0,0,0,0,0,5
Classical Monocytes|pDCs|HLA-DPA1|CD4,aSLE,7,7,0,0,0,0,0,0,7
Classical Monocytes|pDCs|HLA-DPA1|CD4,cHD,10,10,0,1,0,0,0,0,11
Classical Monocytes|pDCs|HLA-DPA1|CD4,cSLE,21,22,0,11,0,2,0,0,33
Classical Monocytes|pDCs|HLA-DPB1|CD4,aHD,5,5,0,0,0,0,0,0,5
Classical Monocytes|pDCs|HLA-DPB1|CD4,aSLE,7,7,0,0,0,0,0,0,7
Classical Monocytes|pDCs|HLA-DPB1|CD4,cHD,10,10,0,1,0,0,0,0,11
Classical Monocytes|pDCs|HLA-DPB1|CD4,cSLE,21,22,0,11,0,2,0,0,33
Classical Monocytes|pDCs|HLA-DQB1|CD4,aHD,5,5,0,0,0,0,0,0,5
Classical Monocytes|pDCs|HLA-DQB1|CD4,aSLE,7,7,0,0,0,0,0,0,7
Classical Monocytes|pDCs|HLA-DQB1|CD4,cHD,10,10,0,1,0,0,0,0,11
Classical Monocytes|pDCs|HLA-DQB1|CD4,cSLE,21,22,0,11,1,2,0,0,33
Classical Monocytes|pDCs|HLA-DRA|CD4,aHD,5,5,0,0,0,0,0,0,5
Classical Monocytes|pDCs|HLA-DRA|CD4,aSLE,7,7,0,0,0,0,0,0,7
Classical Monocytes|pDCs|HLA-DRA|CD4,cHD,10,10,0,1,0,0,0,0,11
Classical Monocytes|pDCs|HLA-DRA|CD4,cSLE,21,22,0,11,0,2,0,0,33
Classical Monocytes|pDCs|HLA-DRB1|CD4,aHD,5,5,0,0,0,0,0,0,5
Classical Monocytes|pDCs|HLA-DRB1|CD4,aSLE,7,7,0,0,0,0,0,0,7
Classical Monocytes|pDCs|HLA-DRB1|CD4,cHD,10,10,0,1,0,0,0,0,11
Classical Monocytes|pDCs|HLA-DRB1|CD4,cSLE,21,22,0,11,0,2,0,0,33
Classical Monocytes|pDCs|HLA-F|LILRB1,aHD,5,5,0,0,0,0,0,0,5
Classical Monocytes|pDCs|HLA-F|LILRB1,aSLE,7,7,0,0,0,0,0,0,7
Classical Monocytes|pDCs|HLA-F|LILRB1,cHD,10,10,0,1,0,0,0,0,11
Classical Monocytes|pDCs|HLA-F|LILRB1,cSLE,21,22,0,11,0,6,0,0,33
Classical Monocytes|pDCs|HMGB1|CXCR4,aHD,5,5,0,0,0,0,0,0,5
Classical Monocytes|pDCs|HMGB1|CXCR4,aSLE,7,7,0,0,0,0,0,0,7
Classical Monocytes|pDCs|HMGB1|CXCR4,cHD,10,10,0,1,0,0,0,0,11
Classical Monocytes|pDCs|HMGB1|CXCR4,cSLE,22,22,0,11,0,0,0,0,33
Classical Monocytes|pDCs|ICAM1|IL2RG,aHD,5,5,0,0,0,0,0,0,5
Classical Monocytes|pDCs|ICAM1|IL2RG,aSLE,7,7,0,0,0,0,0,0,7
Classical Monocytes|pDCs|ICAM1|IL2RG,cHD,9,10,0,1,1,0,0,0,11
Classical Monocytes|pDCs|ICAM1|IL2RG,cSLE,16,22,0,11,9,1,0,0,33
Classical Monocytes|pDCs|ICAM1|SPN,aHD,5,5,0,0,0,0,0,0,5
Classical Monocytes|pDCs|ICAM1|SPN,aSLE,7,7,0,0,0,0,0,0,7
Classical Monocytes|pDCs|ICAM1|SPN,cHD,9,10,0,1,1,0,0,0,11
Classical Monocytes|pDCs|ICAM1|SPN,cSLE,16,22,0,11,9,1,0,0,33
Classical Monocytes|pDCs|LGALS1|CD69,aHD,5,5,0,0,0,0,0,0,5
Classical Monocytes|pDCs|LGALS1|CD69,aSLE,7,7,0,0,0,0,0,0,7
Classical Monocytes|pDCs|LGALS1|CD69,cHD,10,10,0,1,0,0,0,0,11
Classical Monocytes|pDCs|LGALS1|CD69,cSLE,22,22,0,11,0,0,0,0,33
Classical Monocytes|pDCs|LGALS1|ITGB1,aHD,5,5,0,0,0,0,0,0,5
Classical Monocytes|pDCs|LGALS1|ITGB1,aSLE,7,7,0,0,0,0,0,0,7
Classical Monocytes|pDCs|LGALS1|ITGB1,cHD,10,10,0,1,0,0,0,0,11
Classical Monocytes|pDCs|LGALS1|ITGB1,cSLE,22,22,0,11,0,1,0,0,33
Classical Monocytes|pDCs|LGALS1|PTPRC,aHD,5,5,0,0,0,0,0,0,5
Classical Monocytes|pDCs|LGALS1|PTPRC,aSLE,7,7,0,0,0,0,0,0,7
Classical Monocytes|pDCs|LGALS1|PTPRC,cHD,10,10,0,1,0,0,0,0,11
Classical Monocytes|pDCs|LGALS1|PTPRC,cSLE,22,22,0,11,0,0,0,0,33
Classical Monocytes|pDCs|LGALS9|CD44,aHD,5,5,0,0,0,0,0,0,5
Classical Monocytes|pDCs|LGALS9|CD44,aSLE,7,7,0,0,0,0,0,0,7
Classical Monocytes|pDCs|LGALS9|CD44,cHD,10,10,0,1,0,0,0,0,11
Classical Monocytes|pDCs|LGALS9|CD44,cSLE,22,22,0,11,0,1,0,0,33
Classical Monocytes|pDCs|LGALS9|CD47,aHD,5,5,0,0,0,0,0,0,5
Classical Monocytes|pDCs|LGALS9|CD47,aSLE,7,7,0,0,0,0,0,0,7
Classical Monocytes|pDCs|LGALS9|CD47,cHD,10,10,0,1,0,0,0,0,11
Classical Monocytes|pDCs|LGALS9|CD47,cSLE,22,22,0,11,0,1,0,0,33
Classical Monocytes|pDCs|LGALS9|PTPRC,aHD,5,5,0,0,0,0,0,0,5
Classical Monocytes|pDCs|LGALS9|PTPRC,aSLE,7,7,0,0,0,0,0,0,7
Classical Monocytes|pDCs|LGALS9|PTPRC,cHD,10,10,0,1,0,0,0,0,11
Classical Monocytes|pDCs|LGALS9|PTPRC,cSLE,22,22,0,11,0,0,0,0,33
Classical Monocytes|pDCs|LGALS9|SLC1A5,aHD,5,5,0,0,0,0,0,0,5
Classical Monocytes|pDCs|LGALS9|SLC1A5,aSLE,6,7,0,0,0,1,0,0,7
Classical Monocytes|pDCs|LGALS9|SLC1A5,cHD,10,10,0,1,0,0,0,0,11
Classical Monocytes|pDCs|LGALS9|SLC1A5,cSLE,18,22,0,11,0,6,0,0,33
Classical Monocytes|pDCs|MIF|CD44_CD74,aHD,5,5,0,0,0,0,0,0,5
Classical Monocytes|pDCs|MIF|CD44_CD74,aSLE,7,7,0,0,0,0,0,0,7
Classical Monocytes|pDCs|MIF|CD44_CD74,cHD,10,10,0,1,0,0,0,0,11
Classical Monocytes|pDCs|MIF|CD44_CD74,cSLE,22,22,0,11,0,1,0,0,33
Classical Monocytes|pDCs|MIF|CD74_CXCR4,aHD,5,5,0,0,0,0,0,0,5
Classical Monocytes|pDCs|MIF|CD74_CXCR4,aSLE,7,7,0,0,0,0,0,0,7
Classical Monocytes|pDCs|MIF|CD74_CXCR4,cHD,10,10,0,1,0,0,0,0,11
Classical Monocytes|pDCs|MIF|CD74_CXCR4,cSLE,22,22,0,11,0,0,0,0,33
Classical Monocytes|pDCs|MIF|TNFRSF14,aHD,5,5,0,0,0,0,0,0,5
Classical Monocytes|pDCs|MIF|TNFRSF14,aSLE,7,7,0,0,0,0,0,0,7
Classical Monocytes|pDCs|MIF|TNFRSF14,cHD,10,10,0,1,0,0,0,0,11
Classical Monocytes|pDCs|MIF|TNFRSF14,cSLE,22,22,0,11,0,0,0,0,33
Classical Monocytes|pDCs|PKM|CD44,aHD,5,5,0,0,0,0,0,0,5
Classical Monocytes|pDCs|PKM|CD44,aSLE,7,7,0,0,0,0,0,0,7
Classical Monocytes|pDCs|PKM|CD44,cHD,10,10,0,1,0,0,0,0,11
Classical Monocytes|pDCs|PKM|CD44,cSLE,22,22,0,11,0,1,0,0,33
Classical Monocytes|pDCs|PSEN1|CD44,aHD,5,5,0,0,0,0,0,0,5
Classical Monocytes|pDCs|PSEN1|CD44,aSLE,7,7,0,0,0,0,0,0,7
Classical Monocytes|pDCs|PSEN1|CD44,cHD,10,10,0,1,0,0,0,0,11
Classical Monocytes|pDCs|PSEN1|CD44,cSLE,22,22,0,11,0,1,0,0,33
Classical Monocytes|pDCs|PSEN1|NOTCH4,aHD,5,5,0,0,0,0,0,0,5
Classical Monocytes|pDCs|PSEN1|NOTCH4,aSLE,6,7,0,0,0,1,0,0,7
Classical Monocytes|pDCs|PSEN1|NOTCH4,cHD,8,10,0,1,0,2,0,0,11
Classical Monocytes|pDCs|PSEN1|NOTCH4,cSLE,20,22,0,11,0,5,0,0,33
Classical Monocytes|pDCs|RETN|CAP1,aHD,5,5,0,0,0,0,0,0,5
Classical Monocytes|pDCs|RETN|CAP1,aSLE,7,7,0,0,0,0,0,0,7
Classical Monocytes|pDCs|RETN|CAP1,cHD,10,10,0,1,0,0,0,0,11
Classical Monocytes|pDCs|RETN|CAP1,cSLE,21,22,0,11,1,0,0,0,33
Classical Monocytes|pDCs|S100A12|CD36,aHD,5,5,0,0,0,0,0,0,5
Classical Monocytes|pDCs|S100A12|CD36,aSLE,7,7,0,0,0,0,0,0,7
Classical Monocytes|pDCs|S100A12|CD36,cHD,9,10,0,1,0,2,0,0,11
Classical Monocytes|pDCs|S100A12|CD36,cSLE,22,22,0,11,0,2,0,0,33
Classical Monocytes|pDCs|S100A8|CD36,aHD,5,5,0,0,0,0,0,0,5
Classical Monocytes|pDCs|S100A8|CD36,aSLE,7,7,0,0,0,0,0,0,7
Classical Monocytes|pDCs|S100A8|CD36,cHD,9,10,0,1,0,2,0,0,11
Classical Monocytes|pDCs|S100A8|CD36,cSLE,22,22,0,11,0,2,0,0,33
Classical Monocytes|pDCs|S100A8|CD68,aHD,5,5,0,0,0,0,0,0,5
Classical Monocytes|pDCs|S100A8|CD68,aSLE,7,7,0,0,0,0,0,0,7
Classical Monocytes|pDCs|S100A8|CD68,cHD,10,10,0,1,0,0,0,0,11
Classical Monocytes|pDCs|S100A8|CD68,cSLE,22,22,0,11,0,2,0,0,33
Classical Monocytes|pDCs|S100A8|CD69,aHD,5,5,0,0,0,0,0,0,5
Classical Monocytes|pDCs|S100A8|CD69,aSLE,7,7,0,0,0,0,0,0,7
Classical Monocytes|pDCs|S100A8|CD69,cHD,10,10,0,1,0,0,0,0,11
Classical Monocytes|pDCs|S100A8|CD69,cSLE,22,22,0,11,0,0,0,0,33
Classical Monocytes|pDCs|S100A8|ITGB2,aHD,5,5,0,0,0,0,0,0,5
Classical Monocytes|pDCs|S100A8|ITGB2,aSLE,7,7,0,0,0,0,0,0,7
Classical Monocytes|pDCs|S100A8|ITGB2,cHD,10,10,0,1,0,1,0,0,11
Classical Monocytes|pDCs|S100A8|ITGB2,cSLE,22,22,0,11,0,0,0,0,33
Classical Monocytes|pDCs|S100A9|CD36,aHD,5,5,0,0,0,0,0,0,5
Classical Monocytes|pDCs|S100A9|CD36,aSLE,7,7,0,0,0,0,0,0,7
Classical Monocytes|pDCs|S100A9|CD36,cHD,9,10,0,1,0,2,0,0,11
Classical Monocytes|pDCs|S100A9|CD36,cSLE,22,22,0,11,0,2,0,0,33
Classical Monocytes|pDCs|S100A9|CD68,aHD,5,5,0,0,0,0,0,0,5
Classical Monocytes|pDCs|S100A9|CD68,aSLE,7,7,0,0,0,0,0,0,7
Classical Monocytes|pDCs|S100A9|CD68,cHD,10,10,0,1,0,0,0,0,11
Classical Monocytes|pDCs|S100A9|CD68,cSLE,22,22,0,11,0,2,0,0,33
Classical Monocytes|pDCs|S100A9|ITGB2,aHD,5,5,0,0,0,0,0,0,5
Classical Monocytes|pDCs|S100A9|ITGB2,aSLE,7,7,0,0,0,0,0,0,7
Classical Monocytes|pDCs|S100A9|ITGB2,cHD,10,10,0,1,0,1,0,0,11
Classical Monocytes|pDCs|S100A9|ITGB2,cSLE,22,22,0,11,0,0,0,0,33
Classical Monocytes|pDCs|SELPLG|ITGB2,aHD,5,5,0,0,0,0,0,0,5
Classical Monocytes|pDCs|SELPLG|ITGB2,aSLE,7,7,0,0,0,0,0,0,7
Classical Monocytes|pDCs|SELPLG|ITGB2,cHD,10,10,0,1,0,1,0,0,11
Classical Monocytes|pDCs|SELPLG|ITGB2,cSLE,22,22,0,11,0,0,0,0,33
Classical Monocytes|pDCs|SELPLG|SELL,aHD,5,5,0,0,0,0,0,0,5
Classical Monocytes|pDCs|SELPLG|SELL,aSLE,7,7,0,0,0,0,0,0,7
Classical Monocytes|pDCs|SELPLG|SELL,cHD,10,10,0,1,0,0,0,0,11
Classical Monocytes|pDCs|SELPLG|SELL,cSLE,22,22,0,11,0,0,0,0,33
Classical Monocytes|pDCs|SIRPA|CD47,aHD,5,5,0,0,0,0,0,0,5
Classical Monocytes|pDCs|SIRPA|CD47,aSLE,7,7,0,0,0,0,0,0,7
Classical Monocytes|pDCs|SIRPA|CD47,cHD,9,10,0,1,1,0,0,0,11
Classical Monocytes|pDCs|SIRPA|CD47,cSLE,22,22,0,11,0,1,0,0,33
Classical Monocytes|pDCs|TGFB1|CXCR4,aHD,5,5,0,0,0,0,0,0,5
Classical Monocytes|pDCs|TGFB1|CXCR4,aSLE,6,7,0,0,1,0,0,0,7
Classical Monocytes|pDCs|TGFB1|CXCR4,cHD,10,10,0,1,0,0,0,0,11
Classical Monocytes|pDCs|TGFB1|CXCR4,cSLE,22,22,0,11,0,0,0,0,33
Classical Monocytes|pDCs|TGFB1|ITGB1,aHD,5,5,0,0,0,0,0,0,5
Classical Monocytes|pDCs|TGFB1|ITGB1,aSLE,6,7,0,0,1,0,0,0,7
Classical Monocytes|pDCs|TGFB1|ITGB1,cHD,10,10,0,1,0,0,0,0,11
Classical Monocytes|pDCs|TGFB1|ITGB1,cSLE,22,22,0,11,0,1,0,0,33
Classical Monocytes|pDCs|TIMP1|CD63,aHD,5,5,0,0,0,0,0,0,5
Classical Monocytes|pDCs|TIMP1|CD63,aSLE,7,7,0,0,0,0,0,0,7
Classical Monocytes|pDCs|TIMP1|CD63,cHD,10,10,0,1,0,0,0,0,11
Classical Monocytes|pDCs|TIMP1|CD63,cSLE,22,22,0,11,0,0,0,0,33
Classical Monocytes|pDCs|TIMP2|CD44,aHD,5,5,0,0,0,0,0,0,5
Classical Monocytes|pDCs|TIMP2|CD44,aSLE,7,7,0,0,0,0,0,0,7
Classical Monocytes|pDCs|TIMP2|CD44,cHD,10,10,0,1,0,0,0,0,11
Classical Monocytes|pDCs|TIMP2|CD44,cSLE,22,22,0,11,0,1,0,0,33
Classical Monocytes|pDCs|TIMP2|ITGB1,aHD,5,5,0,0,0,0,0,0,5
Classical Monocytes|pDCs|TIMP2|ITGB1,aSLE,7,7,0,0,0,0,0,0,7
Classical Monocytes|pDCs|TIMP2|ITGB1,cHD,10,10,0,1,0,0,0,0,11
Classical Monocytes|pDCs|TIMP2|ITGB1,cSLE,22,22,0,11,0,1,0,0,33
Classical Monocytes|pDCs|TNFSF13B|HLA-DPB1,aHD,5,5,0,0,0,0,0,0,5
Classical Monocytes|pDCs|TNFSF13B|HLA-DPB1,aSLE,7,7,0,0,0,0,0,0,7
Classical Monocytes|pDCs|TNFSF13B|HLA-DPB1,cHD,10,10,0,1,0,0,0,0,11
Classical Monocytes|pDCs|TNFSF13B|HLA-DPB1,cSLE,22,22,0,11,0,0,0,0,33
Classical Monocytes|pDCs|TNFSF13B|TFRC,aHD,5,5,0,0,0,0,0,0,5
Classical Monocytes|pDCs|TNFSF13B|TFRC,aSLE,7,7,0,0,0,0,0,0,7
Classical Monocytes|pDCs|TNFSF13B|TFRC,cHD,8,10,0,1,0,2,0,0,11
Classical Monocytes|pDCs|TNFSF13B|TFRC,cSLE,18,22,0,11,0,5,0,0,33
Classical Monocytes|pDCs|VCAN|CD44,aHD,5,5,0,0,0,0,0,0,5
Classical Monocytes|pDCs|VCAN|CD44,aSLE,7,7,0,0,0,0,0,0,7
Classical Monocytes|pDCs|VCAN|CD44,cHD,10,10,0,1,0,0,0,0,11
Classical Monocytes|pDCs|VCAN|CD44,cSLE,22,22,0,11,0,1,0,0,33
Classical Monocytes|pDCs|VCAN|ITGA4,aHD,5,5,0,0,0,0,0,0,5
Classical Monocytes|pDCs|VCAN|ITGA4,aSLE,7,7,0,0,0,0,0,0,7
Classical Monocytes|pDCs|VCAN|ITGA4,cHD,7,10,0,1,0,3,0,0,11
Classical Monocytes|pDCs|VCAN|ITGA4,cSLE,18,22,0,11,0,6,0,0,33
Classical Monocytes|pDCs|VCAN|ITGB1,aHD,5,5,0,0,0,0,0,0,5
Classical Monocytes|pDCs|VCAN|ITGB1,aSLE,7,7,0,0,0,0,0,0,7
Classical Monocytes|pDCs|VCAN|ITGB1,cHD,10,10,0,1,0,0,0,0,11
Classical Monocytes|pDCs|VCAN|ITGB1,cSLE,22,22,0,11,0,1,0,0,33
Classical Monocytes|pDCs|VCAN|SELL,aHD,5,5,0,0,0,0,0,0,5
Classical Monocytes|pDCs|VCAN|SELL,aSLE,7,7,0,0,0,0,0,0,7
Classical Monocytes|pDCs|VCAN|SELL,cHD,10,10,0,1,0,0,0,0,11
Classical Monocytes|pDCs|VCAN|SELL,cSLE,22,22,0,11,0,0,0,0,33
Classical Monocytes|pDCs|VIM|CD44,aHD,5,5,0,0,0,0,0,0,5
Classical Monocytes|pDCs|VIM|CD44,aSLE,7,7,0,0,0,0,0,0,7
Classical Monocytes|pDCs|VIM|CD44,cHD,10,10,0,1,0,0,0,0,11
Classical Monocytes|pDCs|VIM|CD44,cSLE,22,22,0,11,0,1,0,0,33
NK Cells|B Cells|CD99|CD81,aHD,5,5,0,0,0,0,0,0,5
NK Cells|B Cells|CD99|CD81,aSLE,6,7,0,0,0,1,0,0,7
NK Cells|B Cells|CD99|CD81,cHD,11,11,0,0,0,0,0,0,11
NK Cells|B Cells|CD99|CD81,cSLE,29,33,0,0,0,4,0,0,33
NK Cells|B Cells|GNAI2|S1PR4,aHD,5,5,0,0,0,0,0,0,5
NK Cells|B Cells|GNAI2|S1PR4,aSLE,7,7,0,0,0,0,0,0,7
NK Cells|B Cells|GNAI2|S1PR4,cHD,11,11,0,0,0,0,0,0,11
NK Cells|B Cells|GNAI2|S1PR4,cSLE,29,33,0,0,0,4,0,0,33
NK Cells|B Cells|HLA-A|APLP2,aHD,5,5,0,0,0,0,0,0,5
NK Cells|B Cells|HLA-A|APLP2,aSLE,5,7,0,0,0,2,0,0,7
NK Cells|B Cells|HLA-A|APLP2,cHD,11,11,0,0,0,0,0,0,11
NK Cells|B Cells|HLA-A|APLP2,cSLE,30,33,0,0,0,3,0,0,33
NK Cells|B Cells|HMGB1|CXCR4,aHD,5,5,0,0,0,0,0,0,5
NK Cells|B Cells|HMGB1|CXCR4,aSLE,7,7,0,0,0,0,0,0,7
NK Cells|B Cells|HMGB1|CXCR4,cHD,11,11,0,0,0,0,0,0,11
NK Cells|B Cells|HMGB1|CXCR4,cSLE,33,33,0,0,0,0,0,0,33
NK Cells|B Cells|LGALS1|CD69,aHD,5,5,0,0,0,0,0,0,5
NK Cells|B Cells|LGALS1|CD69,aSLE,7,7,0,0,0,0,0,0,7
NK Cells|B Cells|LGALS1|CD69,cHD,11,11,0,0,0,0,0,0,11
NK Cells|B Cells|LGALS1|CD69,cSLE,33,33,0,0,0,0,0,0,33
NK Cells|B Cells|LGALS1|ITGB1,aHD,5,5,0,0,0,0,0,0,5
NK Cells|B Cells|LGALS1|ITGB1,aSLE,7,7,0,0,0,0,0,0,7
NK Cells|B Cells|LGALS1|ITGB1,cHD,8,11,0,0,0,3,0,0,11
NK Cells|B Cells|LGALS1|ITGB1,cSLE,25,33,0,0,0,8,0,0,33
NK Cells|B Cells|LGALS1|PTPRC,aHD,5,5,0,0,0,0,0,0,5
NK Cells|B Cells|LGALS1|PTPRC,aSLE,7,7,0,0,0,0,0,0,7
NK Cells|B Cells|LGALS1|PTPRC,cHD,11,11,0,0,0,0,0,0,11
NK Cells|B Cells|LGALS1|PTPRC,cSLE,33,33,0,0,0,0,0,0,33
NK Cells|B Cells|LTB|CD40,aHD,5,5,0,0,0,0,0,0,5
NK Cells|B Cells|LTB|CD40,aSLE,7,7,0,0,0,0,0,0,7
NK Cells|B Cells|LTB|CD40,cHD,11,11,0,0,0,0,0,0,11
NK Cells|B Cells|LTB|CD40,cSLE,33,33,0,0,0,0,0,0,33
NK Cells|B Cells|MIF|CD44_CD74,aHD,5,5,0,0,0,0,0,0,5
NK Cells|B Cells|MIF|CD44_CD74,aSLE,7,7,0,0,0,0,0,0,7
NK Cells|B Cells|MIF|CD44_CD74,cHD,11,11,0,0,0,0,0,0,11
NK Cells|B Cells|MIF|CD44_CD74,cSLE,33,33,0,0,0,0,0,0,33
NK Cells|B Cells|MIF|CD74_CXCR4,aHD,5,5,0,0,0,0,0,0,5
NK Cells|B Cells|MIF|CD74_CXCR4,aSLE,7,7,0,0,0,0,0,0,7
NK Cells|B Cells|MIF|CD74_CXCR4,cHD,11,11,0,0,0,0,0,0,11
NK Cells|B Cells|MIF|CD74_CXCR4,cSLE,33,33,0,0,0,0,0,0,33
NK Cells|B Cells|MIF|TNFRSF14,aHD,5,5,0,0,0,0,0,0,5
NK Cells|B Cells|MIF|TNFRSF14,aSLE,7,7,0,0,0,0,0,0,7
NK Cells|B Cells|MIF|TNFRSF14,cHD,11,11,0,0,0,0,0,0,11
NK Cells|B Cells|MIF|TNFRSF14,cSLE,33,33,0,0,0,0,0,0,33
NK Cells|B Cells|PKM|CD44,aHD,5,5,0,0,0,0,0,0,5
NK Cells|B Cells|PKM|CD44,aSLE,7,7,0,0,0,0,0,0,7
NK Cells|B Cells|PKM|CD44,cHD,11,11,0,0,0,0,0,0,11
NK Cells|B Cells|PKM|CD44,cSLE,33,33,0,0,0,0,0,0,33
NK Cells|B Cells|SELPLG|ITGB2,aHD,5,5,0,0,0,0,0,0,5
NK Cells|B Cells|SELPLG|ITGB2,aSLE,7,7,0,0,0,0,0,0,7
NK Cells|B Cells|SELPLG|ITGB2,cHD,11,11,0,0,0,0,0,0,11
NK Cells|B Cells|SELPLG|ITGB2,cSLE,33,33,0,0,0,0,0,0,33
NK Cells|B Cells|SELPLG|SELL,aHD,5,5,0,0,0,0,0,0,5
NK Cells|B Cells|SELPLG|SELL,aSLE,7,7,0,0,0,0,0,0,7
NK Cells|B Cells|SELPLG|SELL,cHD,11,11,0,0,0,0,0,0,11
NK Cells|B Cells|SELPLG|SELL,cSLE,33,33,0,0,0,0,0,0,33
NK Cells|B Cells|SEMA4D|CD72,aHD,5,5,0,0,0,0,0,0,5
NK Cells|B Cells|SEMA4D|CD72,aSLE,6,7,0,0,0,1,0,0,7
NK Cells|B Cells|SEMA4D|CD72,cHD,10,11,0,0,1,0,0,0,11
NK Cells|B Cells|SEMA4D|CD72,cSLE,32,33,0,0,1,0,0,0,33
NK Cells|B Cells|SPON2|ITGB1,aHD,5,5,0,0,0,0,0,0,5
NK Cells|B Cells|SPON2|ITGB1,aSLE,7,7,0,0,0,0,0,0,7
NK Cells|B Cells|SPON2|ITGB1,cHD,8,11,0,0,0,3,0,0,11
NK Cells|B Cells|SPON2|ITGB1,cSLE,25,33,0,0,0,8,0,0,33
NK Cells|B Cells|SPON2|ITGB2,aHD,5,5,0,0,0,0,0,0,5
NK Cells|B Cells|SPON2|ITGB2,aSLE,7,7,0,0,0,0,0,0,7
NK Cells|B Cells|SPON2|ITGB2,cHD,11,11,0,0,0,0,0,0,11
NK Cells|B Cells|SPON2|ITGB2,cSLE,33,33,0,0,0,0,0,0,33
NK Cells|B Cells|TGFB1|CXCR4,aHD,5,5,0,0,0,0,0,0,5
NK Cells|B Cells|TGFB1|CXCR4,aSLE,7,7,0,0,0,0,0,0,7
NK Cells|B Cells|TGFB1|CXCR4,cHD,11,11,0,0,0,0,0,0,11
NK Cells|B Cells|TGFB1|CXCR4,cSLE,33,33,0,0,0,0,0,0,33
NK Cells|B Cells|TGFB1|ITGB1,aHD,5,5,0,0,0,0,0,0,5
NK Cells|B Cells|TGFB1|ITGB1,aSLE,7,7,0,0,0,0,0,0,7
NK Cells|B Cells|TGFB1|ITGB1,cHD,8,11,0,0,0,3,0,0,11
NK Cells|B Cells|TGFB1|ITGB1,cSLE,25,33,0,0,0,8,0,0,33
NK Cells|B Cells|TIMP1|CD63,aHD,5,5,0,0,0,0,0,0,5
NK Cells|B Cells|TIMP1|CD63,aSLE,5,7,0,0,1,1,0,0,7
NK Cells|B Cells|TIMP1|CD63,cHD,11,11,0,0,0,0,0,0,11
NK Cells|B Cells|TIMP1|CD63,cSLE,31,33,0,0,1,1,0,0,33
NK Cells|B Cells|VIM|CD44,aHD,5,5,0,0,0,0,0,0,5
NK Cells|B Cells|VIM|CD44,aSLE,7,7,0,0,0,0,0,0,7
NK Cells|B Cells|VIM|CD44,cHD,11,11,0,0,0,0,0,0,11
NK Cells|B Cells|VIM|CD44,cSLE,33,33,0,0,0,0,0,0,33
NK Cells|CD4 T Cells|ARF6|SMAP1,aHD,5,5,0,0,0,0,0,0,5
NK Cells|CD4 T Cells|ARF6|SMAP1,aSLE,7,7,0,0,0,0,0,0,7
NK Cells|CD4 T Cells|ARF6|SMAP1,cHD,11,11,0,0,0,0,0,0,11
NK Cells|CD4 T Cells|ARF6|SMAP1,cSLE,31,33,0,0,0,2,0,0,33
NK Cells|CD4 T Cells|CALM1|PTPRA,aHD,5,5,0,0,0,0,0,0,5
NK Cells|CD4 T Cells|CALM1|PTPRA,aSLE,7,7,0,0,0,0,0,0,7
NK Cells|CD4 T Cells|CALM1|PTPRA,cHD,11,11,0,0,0,0,0,0,11
NK Cells|CD4 T Cells|CALM1|PTPRA,cSLE,30,33,0,0,0,3,0,0,33
NK Cells|CD4 T Cells|CD47|SIRPG,aHD,5,5,0,0,0,0,0,0,5
NK Cells|CD4 T Cells|CD47|SIRPG,aSLE,7,7,0,0,0,0,0,0,7
NK Cells|CD4 T Cells|CD47|SIRPG,cHD,11,11,0,0,0,0,0,0,11
NK Cells|CD4 T Cells|CD47|SIRPG,cSLE,31,33,0,0,0,2,0,0,33
NK Cells|CD4 T Cells|CD48|CD2,aHD,5,5,0,0,0,0,0,0,5
NK Cells|CD4 T Cells|CD48|CD2,aSLE,7,7,0,0,0,0,0,0,7
NK Cells|CD4 T Cells|CD48|CD2,cHD,11,11,0,0,0,0,0,0,11
NK Cells|CD4 T Cells|CD48|CD2,cSLE,33,33,0,0,0,0,0,0,33
NK Cells|CD4 T Cells|GNAI2|S1PR4,aHD,5,5,0,0,0,0,0,0,5
NK Cells|CD4 T Cells|GNAI2|S1PR4,aSLE,7,7,0,0,0,0,0,0,7
NK Cells|CD4 T Cells|GNAI2|S1PR4,cHD,11,11,0,0,0,0,0,0,11
NK Cells|CD4 T Cells|GNAI2|S1PR4,cSLE,33,33,0,0,0,0,0,0,33
NK Cells|CD4 T Cells|HLA-B|CD3D,aHD,5,5,0,0,0,0,0,0,5
NK Cells|CD4 T Cells|HLA-B|CD3D,aSLE,7,7,0,0,0,0,0,0,7
NK Cells|CD4 T Cells|HLA-B|CD3D,cHD,11,11,0,0,0,0,0,0,11
NK Cells|CD4 T Cells|HLA-B|CD3D,cSLE,33,33,0,0,0,0,0,0,33
NK Cells|CD4 T Cells|HLA-DPA1|CD4,aHD,5,5,0,0,0,0,0,0,5
NK Cells|CD4 T Cells|HLA-DPA1|CD4,aSLE,7,7,0,0,0,0,0,0,7
NK Cells|CD4 T Cells|HLA-DPA1|CD4,cHD,11,11,0,0,0,0,0,0,11
NK Cells|CD4 T Cells|HLA-DPA1|CD4,cSLE,32,33,0,0,0,1,0,0,33
NK Cells|CD4 T Cells|HLA-DPB1|CD4,aHD,5,5,0,0,0,0,0,0,5
NK Cells|CD4 T Cells|HLA-DPB1|CD4,aSLE,7,7,0,0,0,0,0,0,7
NK Cells|CD4 T Cells|HLA-DPB1|CD4,cHD,11,11,0,0,0,0,0,0,11
NK Cells|CD4 T Cells|HLA-DPB1|CD4,cSLE,32,33,0,0,0,1,0,0,33
NK Cells|CD4 T Cells|HLA-DRA|CD4,aHD,5,5,0,0,0,0,0,0,5
NK Cells|CD4 T Cells|HLA-DRA|CD4,aSLE,6,7,0,0,1,0,0,0,7
NK Cells|CD4 T Cells|HLA-DRA|CD4,cHD,11,11,0,0,0,0,0,0,11
NK Cells|CD4 T Cells|HLA-DRA|CD4,cSLE,32,33,0,0,0,1,0,0,33
NK Cells|CD4 T Cells|HLA-DRB1|CD4,aHD,5,5,0,0,0,0,0,0,5
NK Cells|CD4 T Cells|HLA-DRB1|CD4,aSLE,7,7,0,0,0,0,0,0,7
NK Cells|CD4 T Cells|HLA-DRB1|CD4,cHD,11,11,0,0,0,0,0,0,11
NK Cells|CD4 T Cells|HLA-DRB1|CD4,cSLE,32,33,0,0,0,1,0,0,33
NK Cells|CD4 T Cells|HMGB1|CXCR4,aHD,5,5,0,0,0,0,0,0,5
NK Cells|CD4 T Cells|HMGB1|CXCR4,aSLE,7,7,0,0,0,0,0,0,7
NK Cells|CD4 T Cells|HMGB1|CXCR4,cHD,11,11,0,0,0,0,0,0,11
NK Cells|CD4 T Cells|HMGB1|CXCR4,cSLE,33,33,0,0,0,0,0,0,33
NK Cells|CD4 T Cells|IL16|CD4,aHD,5,5,0,0,0,0,0,0,5
NK Cells|CD4 T Cells|IL16|CD4,aSLE,7,7,0,0,0,0,0,0,7
NK Cells|CD4 T Cells|IL16|CD4,cHD,11,11,0,0,0,0,0,0,11
NK Cells|CD4 T Cells|IL16|CD4,cSLE,32,33,0,0,0,1,0,0,33
NK Cells|CD4 T Cells|LGALS1|CD69,aHD,5,5,0,0,0,0,0,0,5
NK Cells|CD4 T Cells|LGALS1|CD69,aSLE,7,7,0,0,0,0,0,0,7
NK Cells|CD4 T Cells|LGALS1|CD69,cHD,11,11,0,0,0,0,0,0,11
NK Cells|CD4 T Cells|LGALS1|CD69,cSLE,33,33,0,0,0,0,0,0,33
NK Cells|CD4 T Cells|LGALS1|ITGB1,aHD,5,5,0,0,0,0,0,0,5
NK Cells|CD4 T Cells|LGALS1|ITGB1,aSLE,7,7,0,0,0,0,0,0,7
NK Cells|CD4 T Cells|LGALS1|ITGB1,cHD,11,11,0,0,0,0,0,0,11
NK Cells|CD4 T Cells|LGALS1|ITGB1,cSLE,33,33,0,0,0,0,0,0,33
NK Cells|CD4 T Cells|LGALS1|PTPRC,aHD,5,5,0,0,0,0,0,0,5
NK Cells|CD4 T Cells|LGALS1|PTPRC,aSLE,7,7,0,0,0,0,0,0,7
NK Cells|CD4 T Cells|LGALS1|PTPRC,cHD,11,11,0,0,0,0,0,0,11
NK Cells|CD4 T Cells|LGALS1|PTPRC,cSLE,33,33,0,0,0,0,0,0,33
NK Cells|CD4 T Cells|LRPAP1|SORL1,aHD,5,5,0,0,0,0,0,0,5
NK Cells|CD4 T Cells|LRPAP1|SORL1,aSLE,7,7,0,0,0,0,0,0,7
NK Cells|CD4 T Cells|LRPAP1|SORL1,cHD,11,11,0,0,0,0,0,0,11
NK Cells|CD4 T Cells|LRPAP1|SORL1,cSLE,33,33,0,0,0,0,0,0,33
NK Cells|CD4 T Cells|MIF|CD44_CD74,aHD,5,5,0,0,0,0,0,0,5
NK Cells|CD4 T Cells|MIF|CD44_CD74,aSLE,7,7,0,0,0,0,0,0,7
NK Cells|CD4 T Cells|MIF|CD44_CD74,cHD,11,11,0,0,0,0,0,0,11
NK Cells|CD4 T Cells|MIF|CD44_CD74,cSLE,33,33,0,0,0,0,0,0,33
NK Cells|CD4 T Cells|MIF|CD74_CXCR4,aHD,5,5,0,0,0,0,0,0,5
NK Cells|CD4 T Cells|MIF|CD74_CXCR4,aSLE,7,7,0,0,0,0,0,0,7
NK Cells|CD4 T Cells|MIF|CD74_CXCR4,cHD,11,11,0,0,0,0,0,0,11
NK Cells|CD4 T Cells|MIF|CD74_CXCR4,cSLE,33,33,0,0,0,0,0,0,33
NK Cells|CD4 T Cells|MIF|TNFRSF14,aHD,5,5,0,0,0,0,0,0,5
NK Cells|CD4 T Cells|MIF|TNFRSF14,aSLE,7,7,0,0,0,0,0,0,7
NK Cells|CD4 T Cells|MIF|TNFRSF14,cHD,11,11,0,0,0,0,0,0,11
NK Cells|CD4 T Cells|MIF|TNFRSF14,cSLE,33,33,0,0,0,0,0,0,33
NK Cells|CD4 T Cells|PKM|CD44,aHD,5,5,0,0,0,0,0,0,5
NK Cells|CD4 T Cells|PKM|CD44,aSLE,7,7,0,0,0,0,0,0,7
NK Cells|CD4 T Cells|PKM|CD44,cHD,11,11,0,0,0,0,0,0,11
NK Cells|CD4 T Cells|PKM|CD44,cSLE,33,33,0,0,0,0,0,0,33
NK Cells|CD4 T Cells|SELPLG|ITGB2,aHD,5,5,0,0,0,0,0,0,5
NK Cells|CD4 T Cells|SELPLG|ITGB2,aSLE,7,7,0,0,0,0,0,0,7
NK Cells|CD4 T Cells|SELPLG|ITGB2,cHD,11,11,0,0,0,0,0,0,11
NK Cells|CD4 T Cells|SELPLG|ITGB2,cSLE,33,33,0,0,0,0,0,0,33
NK Cells|CD4 T Cells|SELPLG|SELL,aHD,5,5,0,0,0,0,0,0,5
NK Cells|CD4 T Cells|SELPLG|SELL,aSLE,7,7,0,0,0,0,0,0,7
NK Cells|CD4 T Cells|SELPLG|SELL,cHD,11,11,0,0,0,0,0,0,11
NK Cells|CD4 T Cells|SELPLG|SELL,cSLE,33,33,0,0,0,0,0,0,33
NK Cells|CD4 T Cells|SPON2|ITGA4,aHD,5,5,0,0,0,0,0,0,5
NK Cells|CD4 T Cells|SPON2|ITGA4,aSLE,7,7,0,0,0,0,0,0,7
NK Cells|CD4 T Cells|SPON2|ITGA4,cHD,11,11,0,0,0,0,0,0,11
NK Cells|CD4 T Cells|SPON2|ITGA4,cSLE,32,33,0,0,0,1,0,0,33
NK Cells|CD4 T Cells|SPON2|ITGB1,aHD,5,5,0,0,0,0,0,0,5
NK Cells|CD4 T Cells|SPON2|ITGB1,aSLE,7,7,0,0,0,0,0,0,7
NK Cells|CD4 T Cells|SPON2|ITGB1,cHD,11,11,0,0,0,0,0,0,11
NK Cells|CD4 T Cells|SPON2|ITGB1,cSLE,33,33,0,0,0,0,0,0,33
NK Cells|CD4 T Cells|SPON2|ITGB2,aHD,5,5,0,0,0,0,0,0,5
NK Cells|CD4 T Cells|SPON2|ITGB2,aSLE,7,7,0,0,0,0,0,0,7
NK Cells|CD4 T Cells|SPON2|ITGB2,cHD,11,11,0,0,0,0,0,0,11
NK Cells|CD4 T Cells|SPON2|ITGB2,cSLE,33,33,0,0,0,0,0,0,33
NK Cells|CD4 T Cells|TGFB1|CXCR4,aHD,5,5,0,0,0,0,0,0,5
NK Cells|CD4 T Cells|TGFB1|CXCR4,aSLE,7,7,0,0,0,0,0,0,7
NK Cells|CD4 T Cells|TGFB1|CXCR4,cHD,11,11,0,0,0,0,0,0,11
NK Cells|CD4 T Cells|TGFB1|CXCR4,cSLE,33,33,0,0,0,0,0,0,33
NK Cells|CD4 T Cells|TGFB1|ITGB1,aHD,5,5,0,0,0,0,0,0,5
NK Cells|CD4 T Cells|TGFB1|ITGB1,aSLE,7,7,0,0,0,0,0,0,7
NK Cells|CD4 T Cells|TGFB1|ITGB1,cHD,11,11,0,0,0,0,0,0,11
NK Cells|CD4 T Cells|TGFB1|ITGB1,cSLE,33,33,0,0,0,0,0,0,33
NK Cells|CD4 T Cells|TIMP1|CD63,aHD,5,5,0,0,0,0,0,0,5
NK Cells|CD4 T Cells|TIMP1|CD63,aSLE,6,7,0,0,1,0,0,0,7
NK Cells|CD4 T Cells|TIMP1|CD63,cHD,11,11,0,0,0,0,0,0,11
NK Cells|CD4 T Cells|TIMP1|CD63,cSLE,31,33,0,0,1,1,0,0,33
NK Cells|CD4 T Cells|VIM|CD44,aHD,5,5,0,0,0,0,0,0,5
NK Cells|CD4 T Cells|VIM|CD44,aSLE,7,7,0,0,0,0,0,0,7
NK Cells|CD4 T Cells|VIM|CD44,cHD,11,11,0,0,0,0,0,0,11
NK Cells|CD4 T Cells|VIM|CD44,cSLE,33,33,0,0,0,0,0,0,33
NK Cells|CD8 T Cells|CALM1|PTPRA,aHD,5,5,0,0,0,0,0,0,5
NK Cells|CD8 T Cells|CALM1|PTPRA,aSLE,7,7,0,0,0,0,0,0,7
NK Cells|CD8 T Cells|CALM1|PTPRA,cHD,11,11,0,0,0,0,0,0,11
NK Cells|CD8 T Cells|CALM1|PTPRA,cSLE,33,33,0,0,0,0,0,0,33
NK Cells|CD8 T Cells|CD48|CD2,aHD,5,5,0,0,0,0,0,0,5
NK Cells|CD8 T Cells|CD48|CD2,aSLE,7,7,0,0,0,0,0,0,7
NK Cells|CD8 T Cells|CD48|CD2,cHD,11,11,0,0,0,0,0,0,11
NK Cells|CD8 T Cells|CD48|CD2,cSLE,33,33,0,0,0,0,0,0,33
NK Cells|CD8 T Cells|GNAI2|S1PR4,aHD,5,5,0,0,0,0,0,0,5
NK Cells|CD8 T Cells|GNAI2|S1PR4,aSLE,7,7,0,0,0,0,0,0,7
NK Cells|CD8 T Cells|GNAI2|S1PR4,cHD,11,11,0,0,0,0,0,0,11
NK Cells|CD8 T Cells|GNAI2|S1PR4,cSLE,32,33,0,0,0,1,0,0,33
NK Cells|CD8 T Cells|HLA-A|CD8A,aHD,5,5,0,0,0,0,0,0,5
NK Cells|CD8 T Cells|HLA-A|CD8A,aSLE,7,7,0,0,0,0,0,0,7
NK Cells|CD8 T Cells|HLA-A|CD8A,cHD,11,11,0,0,0,0,0,0,11
NK Cells|CD8 T Cells|HLA-A|CD8A,cSLE,33,33,0,0,0,0,0,0,33
NK Cells|CD8 T Cells|HLA-A|CD8B,aHD,5,5,0,0,0,0,0,0,5
NK Cells|CD8 T Cells|HLA-A|CD8B,aSLE,7,7,0,0,0,0,0,0,7
NK Cells|CD8 T Cells|HLA-A|CD8B,cHD,11,11,0,0,0,0,0,0,11
NK Cells|CD8 T Cells|HLA-A|CD8B,cSLE,33,33,0,0,0,0,0,0,33
NK Cells|CD8 T Cells|HLA-B|CD3D,aHD,5,5,0,0,0,0,0,0,5
NK Cells|CD8 T Cells|HLA-B|CD3D,aSLE,7,7,0,0,0,0,0,0,7
NK Cells|CD8 T Cells|HLA-B|CD3D,cHD,11,11,0,0,0,0,0,0,11
NK Cells|CD8 T Cells|HLA-B|CD3D,cSLE,33,33,0,0,0,0,0,0,33
NK Cells|CD8 T Cells|HLA-B|CD8A,aHD,5,5,0,0,0,0,0,0,5
NK Cells|CD8 T Cells|HLA-B|CD8A,aSLE,7,7,0,0,0,0,0,0,7
NK Cells|CD8 T Cells|HLA-B|CD8A,cHD,11,11,0,0,0,0,0,0,11
NK Cells|CD8 T Cells|HLA-B|CD8A,cSLE,33,33,0,0,0,0,0,0,33
NK Cells|CD8 T Cells|HLA-B|CD8B,aHD,5,5,0,0,0,0,0,0,5
NK Cells|CD8 T Cells|HLA-B|CD8B,aSLE,7,7,0,0,0,0,0,0,7
NK Cells|CD8 T Cells|HLA-B|CD8B,cHD,11,11,0,0,0,0,0,0,11
NK Cells|CD8 T Cells|HLA-B|CD8B,cSLE,33,33,0,0,0,0,0,0,33
NK Cells|CD8 T Cells|HLA-C|CD8A,aHD,5,5,0,0,0,0,0,0,5
NK Cells|CD8 T Cells|HLA-C|CD8A,aSLE,7,7,0,0,0,0,0,0,7
NK Cells|CD8 T Cells|HLA-C|CD8A,cHD,11,11,0,0,0,0,0,0,11
NK Cells|CD8 T Cells|HLA-C|CD8A,cSLE,33,33,0,0,0,0,0,0,33
NK Cells|CD8 T Cells|HLA-C|CD8B,aHD,5,5,0,0,0,0,0,0,5
NK Cells|CD8 T Cells|HLA-C|CD8B,aSLE,7,7,0,0,0,0,0,0,7
NK Cells|CD8 T Cells|HLA-C|CD8B,cHD,11,11,0,0,0,0,0,0,11
NK Cells|CD8 T Cells|HLA-C|CD8B,cSLE,33,33,0,0,0,0,0,0,33
NK Cells|CD8 T Cells|HLA-E|CD8A,aHD,5,5,0,0,0,0,0,0,5
NK Cells|CD8 T Cells|HLA-E|CD8A,aSLE,7,7,0,0,0,0,0,0,7
NK Cells|CD8 T Cells|HLA-E|CD8A,cHD,11,11,0,0,0,0,0,0,11
NK Cells|CD8 T Cells|HLA-E|CD8A,cSLE,33,33,0,0,0,0,0,0,33
NK Cells|CD8 T Cells|HLA-E|CD8B,aHD,5,5,0,0,0,0,0,0,5
NK Cells|CD8 T Cells|HLA-E|CD8B,aSLE,7,7,0,0,0,0,0,0,7
NK Cells|CD8 T Cells|HLA-E|CD8B,cHD,11,11,0,0,0,0,0,0,11
NK Cells|CD8 T Cells|HLA-E|CD8B,cSLE,33,33,0,0,0,0,0,0,33
NK Cells|CD8 T Cells|HLA-F|CD8A,aHD,5,5,0,0,0,0,0,0,5
NK Cells|CD8 T Cells|HLA-F|CD8A,aSLE,7,7,0,0,0,0,0,0,7
NK Cells|CD8 T Cells|HLA-F|CD8A,cHD,11,11,0,0,0,0,0,0,11
NK Cells|CD8 T Cells|HLA-F|CD8A,cSLE,33,33,0,0,0,0,0,0,33
NK Cells|CD8 T Cells|HLA-F|CD8B,aHD,5,5,0,0,0,0,0,0,5
NK Cells|CD8 T Cells|HLA-F|CD8B,aSLE,7,7,0,0,0,0,0,0,7
NK Cells|CD8 T Cells|HLA-F|CD8B,cHD,11,11,0,0,0,0,0,0,11
NK Cells|CD8 T Cells|HLA-F|CD8B,cSLE,33,33,0,0,0,0,0,0,33
NK Cells|CD8 T Cells|HMGB1|CXCR4,aHD,5,5,0,0,0,0,0,0,5
NK Cells|CD8 T Cells|HMGB1|CXCR4,aSLE,7,7,0,0,0,0,0,0,7
NK Cells|CD8 T Cells|HMGB1|CXCR4,cHD,11,11,0,0,0,0,0,0,11
NK Cells|CD8 T Cells|HMGB1|CXCR4,cSLE,33,33,0,0,0,0,0,0,33
NK Cells|CD8 T Cells|LCK|CD8A_CD8B,aHD,5,5,0,0,0,0,0,0,5
NK Cells|CD8 T Cells|LCK|CD8A_CD8B,aSLE,7,7,0,0,0,0,0,0,7
NK Cells|CD8 T Cells|LCK|CD8A_CD8B,cHD,11,11,0,0,0,0,0,0,11
NK Cells|CD8 T Cells|LCK|CD8A_CD8B,cSLE,33,33,0,0,0,0,0,0,33
NK Cells|CD8 T Cells|LGALS1|CD69,aHD,5,5,0,0,0,0,0,0,5
NK Cells|CD8 T Cells|LGALS1|CD69,aSLE,7,7,0,0,0,0,0,0,7
NK Cells|CD8 T Cells|LGALS1|CD69,cHD,11,11,0,0,0,0,0,0,11
NK Cells|CD8 T Cells|LGALS1|CD69,cSLE,33,33,0,0,0,0,0,0,33
NK Cells|CD8 T Cells|LGALS1|ITGB1,aHD,5,5,0,0,0,0,0,0,5
NK Cells|CD8 T Cells|LGALS1|ITGB1,aSLE,7,7,0,0,0,0,0,0,7
NK Cells|CD8 T Cells|LGALS1|ITGB1,cHD,9,11,0,0,0,2,0,0,11
NK Cells|CD8 T Cells|LGALS1|ITGB1,cSLE,32,33,0,0,0,1,0,0,33
NK Cells|CD8 T Cells|LGALS1|PTPRC,aHD,5,5,0,0,0,0,0,0,5
NK Cells|CD8 T Cells|LGALS1|PTPRC,aSLE,7,7,0,0,0,0,0,0,7
NK Cells|CD8 T Cells|LGALS1|PTPRC,cHD,11,11,0,0,0,0,0,0,11
NK Cells|CD8 T Cells|LGALS1|PTPRC,cSLE,33,33,0,0,0,0,0,0,33
NK Cells|CD8 T Cells|LRPAP1|SORL1,aHD,5,5,0,0,0,0,0,0,5
NK Cells|CD8 T Cells|LRPAP1|SORL1,aSLE,7,7,0,0,0,0,0,0,7
NK Cells|CD8 T Cells|LRPAP1|SORL1,cHD,11,11,0,0,0,0,0,0,11
NK Cells|CD8 T Cells|LRPAP1|SORL1,cSLE,32,33,0,0,0,1,0,0,33
NK Cells|CD8 T Cells|MIF|CD44_CD74,aHD,5,5,0,0,0,0,0,0,5
NK Cells|CD8 T Cells|MIF|CD44_CD74,aSLE,7,7,0,0,0,0,0,0,7
NK Cells|CD8 T Cells|MIF|CD44_CD74,cHD,11,11,0,0,0,0,0,0,11
NK Cells|CD8 T Cells|MIF|CD44_CD74,cSLE,33,33,0,0,0,0,0,0,33
NK Cells|CD8 T Cells|MIF|CD74_CXCR4,aHD,5,5,0,0,0,0,0,0,5
NK Cells|CD8 T Cells|MIF|CD74_CXCR4,aSLE,7,7,0,0,0,0,0,0,7
NK Cells|CD8 T Cells|MIF|CD74_CXCR4,cHD,11,11,0,0,0,0,0,0,11
NK Cells|CD8 T Cells|MIF|CD74_CXCR4,cSLE,33,33,0,0,0,0,0,0,33
NK Cells|CD8 T Cells|MIF|TNFRSF14,aHD,5,5,0,0,0,0,0,0,5
NK Cells|CD8 T Cells|MIF|TNFRSF14,aSLE,7,7,0,0,0,0,0,0,7
NK Cells|CD8 T Cells|MIF|TNFRSF14,cHD,11,11,0,0,0,0,0,0,11
NK Cells|CD8 T Cells|MIF|TNFRSF14,cSLE,33,33,0,0,0,0,0,0,33
NK Cells|CD8 T Cells|PKM|CD44,aHD,5,5,0,0,0,0,0,0,5
NK Cells|CD8 T Cells|PKM|CD44,aSLE,7,7,0,0,0,0,0,0,7
NK Cells|CD8 T Cells|PKM|CD44,cHD,11,11,0,0,0,0,0,0,11
NK Cells|CD8 T Cells|PKM|CD44,cSLE,33,33,0,0,0,0,0,0,33
NK Cells|CD8 T Cells|SELPLG|ITGB2,aHD,5,5,0,0,0,0,0,0,5
NK Cells|CD8 T Cells|SELPLG|ITGB2,aSLE,7,7,0,0,0,0,0,0,7
NK Cells|CD8 T Cells|SELPLG|ITGB2,cHD,11,11,0,0,0,0,0,0,11
NK Cells|CD8 T Cells|SELPLG|ITGB2,cSLE,33,33,0,0,0,0,0,0,33
NK Cells|CD8 T Cells|SELPLG|SELL,aHD,5,5,0,0,0,0,0,0,5
NK Cells|CD8 T Cells|SELPLG|SELL,aSLE,7,7,0,0,0,0,0,0,7
NK Cells|CD8 T Cells|SELPLG|SELL,cHD,11,11,0,0,0,0,0,0,11
NK Cells|CD8 T Cells|SELPLG|SELL,cSLE,33,33,0,0,0,0,0,0,33
NK Cells|CD8 T Cells|SPON2|ITGA4,aHD,5,5,0,0,0,0,0,0,5
NK Cells|CD8 T Cells|SPON2|ITGA4,aSLE,7,7,0,0,0,0,0,0,7
NK Cells|CD8 T Cells|SPON2|ITGA4,cHD,11,11,0,0,0,0,0,0,11
NK Cells|CD8 T Cells|SPON2|ITGA4,cSLE,33,33,0,0,0,0,0,0,33
NK Cells|CD8 T Cells|SPON2|ITGB1,aHD,5,5,0,0,0,0,0,0,5
NK Cells|CD8 T Cells|SPON2|ITGB1,aSLE,7,7,0,0,0,0,0,0,7
NK Cells|CD8 T Cells|SPON2|ITGB1,cHD,9,11,0,0,0,2,0,0,11
NK Cells|CD8 T Cells|SPON2|ITGB1,cSLE,32,33,0,0,0,1,0,0,33
NK Cells|CD8 T Cells|SPON2|ITGB2,aHD,5,5,0,0,0,0,0,0,5
NK Cells|CD8 T Cells|SPON2|ITGB2,aSLE,7,7,0,0,0,0,0,0,7
NK Cells|CD8 T Cells|SPON2|ITGB2,cHD,11,11,0,0,0,0,0,0,11
NK Cells|CD8 T Cells|SPON2|ITGB2,cSLE,33,33,0,0,0,0,0,0,33
NK Cells|CD8 T Cells|TGFB1|CXCR4,aHD,5,5,0,0,0,0,0,0,5
NK Cells|CD8 T Cells|TGFB1|CXCR4,aSLE,7,7,0,0,0,0,0,0,7
NK Cells|CD8 T Cells|TGFB1|CXCR4,cHD,11,11,0,0,0,0,0,0,11
NK Cells|CD8 T Cells|TGFB1|CXCR4,cSLE,33,33,0,0,0,0,0,0,33
NK Cells|CD8 T Cells|TGFB1|ITGB1,aHD,5,5,0,0,0,0,0,0,5
NK Cells|CD8 T Cells|TGFB1|ITGB1,aSLE,7,7,0,0,0,0,0,0,7
NK Cells|CD8 T Cells|TGFB1|ITGB1,cHD,9,11,0,0,0,2,0,0,11
NK Cells|CD8 T Cells|TGFB1|ITGB1,cSLE,32,33,0,0,0,1,0,0,33
NK Cells|CD8 T Cells|TIMP1|CD63,aHD,5,5,0,0,0,0,0,0,5
NK Cells|CD8 T Cells|TIMP1|CD63,aSLE,6,7,0,0,1,0,0,0,7
NK Cells|CD8 T Cells|TIMP1|CD63,cHD,11,11,0,0,0,0,0,0,11
NK Cells|CD8 T Cells|TIMP1|CD63,cSLE,32,33,0,0,1,0,0,0,33
NK Cells|CD8 T Cells|VIM|CD44,aHD,5,5,0,0,0,0,0,0,5
NK Cells|CD8 T Cells|VIM|CD44,aSLE,7,7,0,0,0,0,0,0,7
NK Cells|CD8 T Cells|VIM|CD44,cHD,11,11,0,0,0,0,0,0,11
NK Cells|CD8 T Cells|VIM|CD44,cSLE,33,33,0,0,0,0,0,0,33
NK Cells|Classical Monocytes|ANXA1|FPR1,aHD,5,5,0,0,0,0,0,0,5
NK Cells|Classical Monocytes|ANXA1|FPR1,aSLE,7,7,0,0,0,0,0,0,7
NK Cells|Classical Monocytes|ANXA1|FPR1,cHD,11,11,0,0,0,0,0,0,11
NK Cells|Classical Monocytes|ANXA1|FPR1,cSLE,33,33,0,0,0,0,0,0,33
NK Cells|Classical Monocytes|ANXA2|TLR2,aHD,5,5,0,0,0,0,0,0,5
NK Cells|Classical Monocytes|ANXA2|TLR2,aSLE,7,7,0,0,0,0,0,0,7
NK Cells|Classical Monocytes|ANXA2|TLR2,cHD,11,11,0,0,0,0,0,0,11
NK Cells|Classical Monocytes|ANXA2|TLR2,cSLE,33,33,0,0,0,0,0,0,33
NK Cells|Classical Monocytes|CALR|LRP1,aHD,5,5,0,0,0,0,0,0,5
NK Cells|Classical Monocytes|CALR|LRP1,aSLE,7,7,0,0,0,0,0,0,7
NK Cells|Classical Monocytes|CALR|LRP1,cHD,11,11,0,0,0,0,0,0,11
NK Cells|Classical Monocytes|CALR|LRP1,cSLE,33,33,0,0,0,0,0,0,33
NK Cells|Classical Monocytes|CD47|SIRPA,aHD,5,5,0,0,0,0,0,0,5
NK Cells|Classical Monocytes|CD47|SIRPA,aSLE,7,7,0,0,0,0,0,0,7
NK Cells|Classical Monocytes|CD47|SIRPA,cHD,10,11,0,0,0,1,0,0,11
NK Cells|Classical Monocytes|CD47|SIRPA,cSLE,33,33,0,0,0,0,0,0,33
NK Cells|Classical Monocytes|CD99|PILRA,aHD,5,5,0,0,0,0,0,0,5
NK Cells|Classical Monocytes|CD99|PILRA,aSLE,7,7,0,0,0,0,0,0,7
NK Cells|Classical Monocytes|CD99|PILRA,cHD,11,11,0,0,0,0,0,0,11
NK Cells|Classical Monocytes|CD99|PILRA,cSLE,33,33,0,0,0,0,0,0,33
NK Cells|Classical Monocytes|CIRBP|TREM1,aHD,5,5,0,0,0,0,0,0,5
NK Cells|Classical Monocytes|CIRBP|TREM1,aSLE,7,7,0,0,0,0,0,0,7
NK Cells|Classical Monocytes|CIRBP|TREM1,cHD,11,11,0,0,0,0,0,0,11
NK Cells|Classical Monocytes|CIRBP|TREM1,cSLE,33,33,0,0,0,0,0,0,33
NK Cells|Classical Monocytes|GNAI2|ADCY7,aHD,5,5,0,0,0,0,0,0,5
NK Cells|Classical Monocytes|GNAI2|ADCY7,aSLE,7,7,0,0,0,0,0,0,7
NK Cells|Classical Monocytes|GNAI2|ADCY7,cHD,11,11,0,0,0,0,0,0,11
NK Cells|Classical Monocytes|GNAI2|ADCY7,cSLE,33,33,0,0,0,0,0,0,33
NK Cells|Classical Monocytes|GNAI2|C5AR1,aHD,5,5,0,0,0,0,0,0,5
NK Cells|Classical Monocytes|GNAI2|C5AR1,aSLE,7,7,0,0,0,0,0,0,7
NK Cells|Classical Monocytes|GNAI2|C5AR1,cHD,11,11,0,0,0,0,0,0,11
NK Cells|Classical Monocytes|GNAI2|C5AR1,cSLE,33,33,0,0,0,0,0,0,33
NK Cells|Classical Monocytes|GNAI2|FPR1,aHD,5,5,0,0,0,0,0,0,5
NK Cells|Classical Monocytes|GNAI2|FPR1,aSLE,7,7,0,0,0,0,0,0,7
NK Cells|Classical Monocytes|GNAI2|FPR1,cHD,11,11,0,0,0,0,0,0,11
NK Cells|Classical Monocytes|GNAI2|FPR1,cSLE,33,33,0,0,0,0,0,0,33
NK Cells|Classical Monocytes|GNAS|ADCY7,aHD,5,5,0,0,0,0,0,0,5
NK Cells|Classical Monocytes|GNAS|ADCY7,aSLE,7,7,0,0,0,0,0,0,7
NK Cells|Classical Monocytes|GNAS|ADCY7,cHD,11,11,0,0,0,0,0,0,11
NK Cells|Classical Monocytes|GNAS|ADCY7,cSLE,33,33,0,0,0,0,0,0,33
NK Cells|Classical Monocytes|HLA-A|APLP2,aHD,5,5,0,0,0,0,0,0,5
NK Cells|Classical Monocytes|HLA-A|APLP2,aSLE,7,7,0,0,0,0,0,0,7
NK Cells|Classical Monocytes|HLA-A|APLP2,cHD,11,11,0,0,0,0,0,0,11
NK Cells|Classical Monocytes|HLA-A|APLP2,cSLE,33,33,0,0,0,0,0,0,33
NK Cells|Classical Monocytes|HLA-A|LILRB2,aHD,5,5,0,0,0,0,0,0,5
NK Cells|Classical Monocytes|HLA-A|LILRB2,aSLE,7,7,0,0,0,0,0,0,7
NK Cells|Classical Monocytes|HLA-A|LILRB2,cHD,11,11,0,0,0,0,0,0,11
NK Cells|Classical Monocytes|HLA-A|LILRB2,cSLE,33,33,0,0,0,0,0,0,33
NK Cells|Classical Monocytes|HLA-B|LILRB2,aHD,5,5,0,0,0,0,0,0,5
NK Cells|Classical Monocytes|HLA-B|LILRB2,aSLE,7,7,0,0,0,0,0,0,7
NK Cells|Classical Monocytes|HLA-B|LILRB2,cHD,11,11,0,0,0,0,0,0,11
NK Cells|Classical Monocytes|HLA-B|LILRB2,cSLE,33,33,0,0,0,0,0,0,33
NK Cells|Classical Monocytes|HLA-C|LILRB2,aHD,5,5,0,0,0,0,0,0,5
NK Cells|Classical Monocytes|HLA-C|LILRB2,aSLE,7,7,0,0,0,0,0,0,7
NK Cells|Classical Monocytes|HLA-C|LILRB2,cHD,11,11,0,0,0,0,0,0,11
NK Cells|Classical Monocytes|HLA-C|LILRB2,cSLE,33,33,0,0,0,0,0,0,33
NK Cells|Classical Monocytes|HLA-DPA1|CD4,aHD,5,5,0,0,0,0,0,0,5
NK Cells|Classical Monocytes|HLA-DPA1|CD4,aSLE,7,7,0,0,0,0,0,0,7
NK Cells|Classical Monocytes|HLA-DPA1|CD4,cHD,11,11,0,0,0,0,0,0,11
NK Cells|Classical Monocytes|HLA-DPA1|CD4,cSLE,33,33,0,0,0,0,0,0,33
NK Cells|Classical Monocytes|HLA-DPB1|CD4,aHD,5,5,0,0,0,0,0,0,5
NK Cells|Classical Monocytes|HLA-DPB1|CD4,aSLE,7,7,0,0,0,0,0,0,7
NK Cells|Classical Monocytes|HLA-DPB1|CD4,cHD,11,11,0,0,0,0,0,0,11
NK Cells|Classical Monocytes|HLA-DPB1|CD4,cSLE,33,33,0,0,0,0,0,0,33
NK Cells|Classical Monocytes|HLA-DRA|CD4,aHD,5,5,0,0,0,0,0,0,5
NK Cells|Classical Monocytes|HLA-DRA|CD4,aSLE,6,7,0,0,1,0,0,0,7
NK Cells|Classical Monocytes|HLA-DRA|CD4,cHD,11,11,0,0,0,0,0,0,11
NK Cells|Classical Monocytes|HLA-DRA|CD4,cSLE,33,33,0,0,0,0,0,0,33
NK Cells|Classical Monocytes|HLA-DRB1|CD4,aHD,5,5,0,0,0,0,0,0,5
NK Cells|Classical Monocytes|HLA-DRB1|CD4,aSLE,7,7,0,0,0,0,0,0,7
NK Cells|Classical Monocytes|HLA-DRB1|CD4,cHD,11,11,0,0,0,0,0,0,11
NK Cells|Classical Monocytes|HLA-DRB1|CD4,cSLE,33,33,0,0,0,0,0,0,33
NK Cells|Classical Monocytes|HLA-F|LILRB2,aHD,5,5,0,0,0,0,0,0,5
NK Cells|Classical Monocytes|HLA-F|LILRB2,aSLE,7,7,0,0,0,0,0,0,7
NK Cells|Classical Monocytes|HLA-F|LILRB2,cHD,11,11,0,0,0,0,0,0,11
NK Cells|Classical Monocytes|HLA-F|LILRB2,cSLE,33,33,0,0,0,0,0,0,33
NK Cells|Classical Monocytes|HMGB1|CXCR4,aHD,5,5,0,0,0,0,0,0,5
NK Cells|Classical Monocytes|HMGB1|CXCR4,aSLE,7,7,0,0,0,0,0,0,7
NK Cells|Classical Monocytes|HMGB1|CXCR4,cHD,11,11,0,0,0,0,0,0,11
NK Cells|Classical Monocytes|HMGB1|CXCR4,cSLE,33,33,0,0,0,0,0,0,33
NK Cells|Classical Monocytes|HMGB1|TLR2,aHD,5,5,0,0,0,0,0,0,5
NK Cells|Classical Monocytes|HMGB1|TLR2,aSLE,7,7,0,0,0,0,0,0,7
NK Cells|Classical Monocytes|HMGB1|TLR2,cHD,11,11,0,0,0,0,0,0,11
NK Cells|Classical Monocytes|HMGB1|TLR2,cSLE,33,33,0,0,0,0,0,0,33
NK Cells|Classical Monocytes|ICAM2|ITGAL_ITGB2,aHD,5,5,0,0,0,0,0,0,5
NK Cells|Classical Monocytes|ICAM2|ITGAL_ITGB2,aSLE,7,7,0,0,0,0,0,0,7
NK Cells|Classical Monocytes|ICAM2|ITGAL_ITGB2,cHD,10,11,0,0,0,1,0,0,11
NK Cells|Classical Monocytes|ICAM2|ITGAL_ITGB2,cSLE,30,33,0,0,1,2,0,0,33
NK Cells|Classical Monocytes|ICAM2|ITGAM_ITGB2,aHD,5,5,0,0,0,0,0,0,5
NK Cells|Classical Monocytes|ICAM2|ITGAM_ITGB2,aSLE,7,7,0,0,0,0,0,0,7
NK Cells|Classical Monocytes|ICAM2|ITGAM_ITGB2,cHD,11,11,0,0,0,0,0,0,11
NK Cells|Classical Monocytes|ICAM2|ITGAM_ITGB2,cSLE,32,33,0,0,1,0,0,0,33
NK Cells|Classical Monocytes|ICAM3|ITGAL,aHD,5,5,0,0,0,0,0,0,5
NK Cells|Classical Monocytes|ICAM3|ITGAL,aSLE,7,7,0,0,0,0,0,0,7
NK Cells|Classical Monocytes|ICAM3|ITGAL,cHD,10,11,0,0,0,1,0,0,11
NK Cells|Classical Monocytes|ICAM3|ITGAL,cSLE,31,33,0,0,0,2,0,0,33
NK Cells|Classical Monocytes|IFNG|IFNGR1_IFNGR2,aHD,5,5,0,0,0,0,0,0,5
NK Cells|Classical Monocytes|IFNG|IFNGR1_IFNGR2,aSLE,6,7,0,0,1,0,0,0,7
NK Cells|Classical Monocytes|IFNG|IFNGR1_IFNGR2,cHD,9,11,0,0,2,0,0,0,11
NK Cells|Classical Monocytes|IFNG|IFNGR1_IFNGR2,cSLE,29,33,0,0,4,0,0,0,33
NK Cells|Classical Monocytes|IL16|CD4,aHD,5,5,0,0,0,0,0,0,5
NK Cells|Classical Monocytes|IL16|CD4,aSLE,7,7,0,0,0,0,0,0,7
NK Cells|Classical Monocytes|IL16|CD4,cHD,11,11,0,0,0,0,0,0,11
NK Cells|Classical Monocytes|IL16|CD4,cSLE,33,33,0,0,0,0,0,0,33
NK Cells|Classical Monocytes|LGALS1|CD69,aHD,5,5,0,0,0,0,0,0,5
NK Cells|Classical Monocytes|LGALS1|CD69,aSLE,6,7,0,0,0,1,0,0,7
NK Cells|Classical Monocytes|LGALS1|CD69,cHD,11,11,0,0,0,0,0,0,11
NK Cells|Classical Monocytes|LGALS1|CD69,cSLE,33,33,0,0,0,0,0,0,33
NK Cells|Classical Monocytes|LGALS1|ITGB1,aHD,5,5,0,0,0,0,0,0,5
NK Cells|Classical Monocytes|LGALS1|ITGB1,aSLE,7,7,0,0,0,0,0,0,7
NK Cells|Classical Monocytes|LGALS1|ITGB1,cHD,11,11,0,0,0,0,0,0,11
NK Cells|Classical Monocytes|LGALS1|ITGB1,cSLE,33,33,0,0,0,0,0,0,33
NK Cells|Classical Monocytes|LGALS1|PTPRC,aHD,5,5,0,0,0,0,0,0,5
NK Cells|Classical Monocytes|LGALS1|PTPRC,aSLE,7,7,0,0,0,0,0,0,7
NK Cells|Classical Monocytes|LGALS1|PTPRC,cHD,11,11,0,0,0,0,0,0,11
NK Cells|Classical Monocytes|LGALS1|PTPRC,cSLE,33,33,0,0,0,0,0,0,33
NK Cells|Classical Monocytes|LRPAP1|LRP1,aHD,5,5,0,0,0,0,0,0,5
NK Cells|Classical Monocytes|LRPAP1|LRP1,aSLE,7,7,0,0,0,0,0,0,7
NK Cells|Classical Monocytes|LRPAP1|LRP1,cHD,11,11,0,0,0,0,0,0,11
NK Cells|Classical Monocytes|LRPAP1|LRP1,cSLE,33,33,0,0,0,0,0,0,33
NK Cells|Classical Monocytes|LRPAP1|SORL1,aHD,5,5,0,0,0,0,0,0,5
NK Cells|Classical Monocytes|LRPAP1|SORL1,aSLE,7,7,0,0,0,0,0,0,7
NK Cells|Classical Monocytes|LRPAP1|SORL1,cHD,11,11,0,0,0,0,0,0,11
NK Cells|Classical Monocytes|LRPAP1|SORL1,cSLE,31,33,0,0,0,2,0,0,33
NK Cells|Classical Monocytes|LTB|TNFRSF1A,aHD,5,5,0,0,0,0,0,0,5
NK Cells|Classical Monocytes|LTB|TNFRSF1A,aSLE,7,7,0,0,0,0,0,0,7
NK Cells|Classical Monocytes|LTB|TNFRSF1A,cHD,11,11,0,0,0,0,0,0,11
NK Cells|Classical Monocytes|LTB|TNFRSF1A,cSLE,33,33,0,0,0,0,0,0,33
NK Cells|Classical Monocytes|MFNG|NOTCH2,aHD,5,5,0,0,0,0,0,0,5
NK Cells|Classical Monocytes|MFNG|NOTCH2,aSLE,7,7,0,0,0,0,0,0,7
NK Cells|Classical Monocytes|MFNG|NOTCH2,cHD,11,11,0,0,0,0,0,0,11
NK Cells|Classical Monocytes|MFNG|NOTCH2,cSLE,33,33,0,0,0,0,0,0,33
NK Cells|Classical Monocytes|MIF|CD44_CD74,aHD,5,5,0,0,0,0,0,0,5
NK Cells|Classical Monocytes|MIF|CD44_CD74,aSLE,7,7,0,0,0,0,0,0,7
NK Cells|Classical Monocytes|MIF|CD44_CD74,cHD,11,11,0,0,0,0,0,0,11
NK Cells|Classical Monocytes|MIF|CD44_CD74,cSLE,33,33,0,0,0,0,0,0,33
NK Cells|Classical Monocytes|MIF|CD74_CXCR4,aHD,5,5,0,0,0,0,0,0,5
NK Cells|Classical Monocytes|MIF|CD74_CXCR4,aSLE,7,7,0,0,0,0,0,0,7
NK Cells|Classical Monocytes|MIF|CD74_CXCR4,cHD,11,11,0,0,0,0,0,0,11
NK Cells|Classical Monocytes|MIF|CD74_CXCR4,cSLE,33,33,0,0,0,0,0,0,33
NK Cells|Classical Monocytes|MIF|TNFRSF14,aHD,5,5,0,0,0,0,0,0,5
NK Cells|Classical Monocytes|MIF|TNFRSF14,aSLE,7,7,0,0,0,0,0,0,7
NK Cells|Classical Monocytes|MIF|TNFRSF14,cHD,11,11,0,0,0,0,0,0,11
NK Cells|Classical Monocytes|MIF|TNFRSF14,cSLE,33,33,0,0,0,0,0,0,33
NK Cells|Classical Monocytes|PKM|CD44,aHD,5,5,0,0,0,0,0,0,5
NK Cells|Classical Monocytes|PKM|CD44,aSLE,7,7,0,0,0,0,0,0,7
NK Cells|Classical Monocytes|PKM|CD44,cHD,11,11,0,0,0,0,0,0,11
NK Cells|Classical Monocytes|PKM|CD44,cSLE,33,33,0,0,0,0,0,0,33
NK Cells|Classical Monocytes|PSAP|LRP1,aHD,5,5,0,0,0,0,0,0,5
NK Cells|Classical Monocytes|PSAP|LRP1,aSLE,7,7,0,0,0,0,0,0,7
NK Cells|Classical Monocytes|PSAP|LRP1,cHD,11,11,0,0,0,0,0,0,11
NK Cells|Classical Monocytes|PSAP|LRP1,cSLE,33,33,0,0,0,0,0,0,33
NK Cells|Classical Monocytes|PTPN6|CD300LF,aHD,5,5,0,0,0,0,0,0,5
NK Cells|Classical Monocytes|PTPN6|CD300LF,aSLE,7,7,0,0,0,0,0,0,7
NK Cells|Classical Monocytes|PTPN6|CD300LF,cHD,11,11,0,0,0,0,0,0,11
NK Cells|Classical Monocytes|PTPN6|CD300LF,cSLE,28,33,0,0,0,5,0,0,33
NK Cells|Classical Monocytes|PTPN6|CLEC12A,aHD,5,5,0,0,0,0,0,0,5
NK Cells|Classical Monocytes|PTPN6|CLEC12A,aSLE,7,7,0,0,0,0,0,0,7
NK Cells|Classical Monocytes|PTPN6|CLEC12A,cHD,11,11,0,0,0,0,0,0,11
NK Cells|Classical Monocytes|PTPN6|CLEC12A,cSLE,33,33,0,0,0,0,0,0,33
NK Cells|Classical Monocytes|RPS19|C5AR1,aHD,5,5,0,0,0,0,0,0,5
NK Cells|Classical Monocytes|RPS19|C5AR1,aSLE,7,7,0,0,0,0,0,0,7
NK Cells|Classical Monocytes|RPS19|C5AR1,cHD,11,11,0,0,0,0,0,0,11
NK Cells|Classical Monocytes|RPS19|C5AR1,cSLE,33,33,0,0,0,0,0,0,33
NK Cells|Classical Monocytes|SELPLG|ITGAM,aHD,5,5,0,0,0,0,0,0,5
NK Cells|Classical Monocytes|SELPLG|ITGAM,aSLE,7,7,0,0,0,0,0,0,7
NK Cells|Classical Monocytes|SELPLG|ITGAM,cHD,11,11,0,0,0,0,0,0,11
NK Cells|Classical Monocytes|SELPLG|ITGAM,cSLE,33,33,0,0,0,0,0,0,33
NK Cells|Classical Monocytes|SELPLG|ITGB2,aHD,5,5,0,0,0,0,0,0,5
NK Cells|Classical Monocytes|SELPLG|ITGB2,aSLE,7,7,0,0,0,0,0,0,7
NK Cells|Classical Monocytes|SELPLG|ITGB2,cHD,11,11,0,0,0,0,0,0,11
NK Cells|Classical Monocytes|SELPLG|ITGB2,cSLE,33,33,0,0,0,0,0,0,33
NK Cells|Classical Monocytes|SELPLG|SELL,aHD,5,5,0,0,0,0,0,0,5
NK Cells|Classical Monocytes|SELPLG|SELL,aSLE,7,7,0,0,0,0,0,0,7
NK Cells|Classical Monocytes|SELPLG|SELL,cHD,11,11,0,0,0,0,0,0,11
NK Cells|Classical Monocytes|SELPLG|SELL,cSLE,33,33,0,0,0,0,0,0,33
NK Cells|Classical Monocytes|SPON2|ITGAM,aHD,5,5,0,0,0,0,0,0,5
NK Cells|Classical Monocytes|SPON2|ITGAM,aSLE,7,7,0,0,0,0,0,0,7
NK Cells|Classical Monocytes|SPON2|ITGAM,cHD,11,11,0,0,0,0,0,0,11
NK Cells|Classical Monocytes|SPON2|ITGAM,cSLE,33,33,0,0,0,0,0,0,33
NK Cells|Classical Monocytes|SPON2|ITGB1,aHD,5,5,0,0,0,0,0,0,5
NK Cells|Classical Monocytes|SPON2|ITGB1,aSLE,7,7,0,0,0,0,0,0,7
NK Cells|Classical Monocytes|SPON2|ITGB1,cHD,11,11,0,0,0,0,0,0,11
NK Cells|Classical Monocytes|SPON2|ITGB1,cSLE,33,33,0,0,0,0,0,0,33
NK Cells|Classical Monocytes|SPON2|ITGB2,aHD,5,5,0,0,0,0,0,0,5
NK Cells|Classical Monocytes|SPON2|ITGB2,aSLE,7,7,0,0,0,0,0,0,7
NK Cells|Classical Monocytes|SPON2|ITGB2,cHD,11,11,0,0,0,0,0,0,11
NK Cells|Classical Monocytes|SPON2|ITGB2,cSLE,33,33,0,0,0,0,0,0,33
NK Cells|Classical Monocytes|TGFB1|CXCR4,aHD,5,5,0,0,0,0,0,0,5
NK Cells|Classical Monocytes|TGFB1|CXCR4,aSLE,7,7,0,0,0,0,0,0,7
NK Cells|Classical Monocytes|TGFB1|CXCR4,cHD,11,11,0,0,0,0,0,0,11
NK Cells|Classical Monocytes|TGFB1|CXCR4,cSLE,33,33,0,0,0,0,0,0,33
NK Cells|Classical Monocytes|TGFB1|ITGB1,aHD,5,5,0,0,0,0,0,0,5
NK Cells|Classical Monocytes|TGFB1|ITGB1,aSLE,7,7,0,0,0,0,0,0,7
NK Cells|Classical Monocytes|TGFB1|ITGB1,cHD,11,11,0,0,0,0,0,0,11
NK Cells|Classical Monocytes|TGFB1|ITGB1,cSLE,33,33,0,0,0,0,0,0,33
NK Cells|Classical Monocytes|TIMP1|CD63,aHD,5,5,0,0,0,0,0,0,5
NK Cells|Classical Monocytes|TIMP1|CD63,aSLE,6,7,0,0,1,0,0,0,7
NK Cells|Classical Monocytes|TIMP1|CD63,cHD,11,11,0,0,0,0,0,0,11
NK Cells|Classical Monocytes|TIMP1|CD63,cSLE,32,33,0,0,1,0,0,0,33
NK Cells|Classical Monocytes|VIM|CD44,aHD,5,5,0,0,0,0,0,0,5
NK Cells|Classical Monocytes|VIM|CD44,aSLE,7,7,0,0,0,0,0,0,7
NK Cells|Classical Monocytes|VIM|CD44,cHD,11,11,0,0,0,0,0,0,11
NK Cells|Classical Monocytes|VIM|CD44,cSLE,33,33,0,0,0,0,0,0,33
NK Cells|NK Cells|B2M|KLRD1,aHD,5,5,0,0,0,0,0,0,5
NK Cells|NK Cells|B2M|KLRD1,aSLE,7,7,0,0,0,0,0,0,7
NK Cells|NK Cells|B2M|KLRD1,cHD,11,11,0,0,0,0,0,0,11
NK Cells|NK Cells|B2M|KLRD1,cSLE,33,33,0,0,0,0,0,0,33
NK Cells|NK Cells|CALM1|PTPRA,aHD,5,5,0,0,0,0,0,0,5
NK Cells|NK Cells|CALM1|PTPRA,aSLE,7,7,0,0,0,0,0,0,7
NK Cells|NK Cells|CALM1|PTPRA,cHD,11,11,0,0,0,0,0,0,11
NK Cells|NK Cells|CALM1|PTPRA,cSLE,33,33,0,0,0,0,0,0,33
NK Cells|NK Cells|CD48|CD2,aHD,5,5,0,0,0,0,0,0,5
NK Cells|NK Cells|CD48|CD2,aSLE,7,7,0,0,0,0,0,0,7
NK Cells|NK Cells|CD48|CD2,cHD,11,11,0,0,0,0,0,0,11
NK Cells|NK Cells|CD48|CD2,cSLE,33,33,0,0,0,0,0,0,33
NK Cells|NK Cells|CD48|CD244,aHD,5,5,0,0,0,0,0,0,5
NK Cells|NK Cells|CD48|CD244,aSLE,5,7,0,0,0,2,0,0,7
NK Cells|NK Cells|CD48|CD244,cHD,11,11,0,0,0,0,0,0,11
NK Cells|NK Cells|CD48|CD244,cSLE,32,33,0,0,0,1,0,0,33
NK Cells|NK Cells|CLEC2B|KLRF1,aHD,5,5,0,0,0,0,0,0,5
NK Cells|NK Cells|CLEC2B|KLRF1,aSLE,6,7,0,0,0,1,0,0,7
NK Cells|NK Cells|CLEC2B|KLRF1,cHD,11,11,0,0,0,0,0,0,11
NK Cells|NK Cells|CLEC2B|KLRF1,cSLE,33,33,0,0,0,0,0,0,33
NK Cells|NK Cells|GNAI2|S1PR4,aHD,5,5,0,0,0,0,0,0,5
NK Cells|NK Cells|GNAI2|S1PR4,aSLE,7,7,0,0,0,0,0,0,7
NK Cells|NK Cells|GNAI2|S1PR4,cHD,11,11,0,0,0,0,0,0,11
NK Cells|NK Cells|GNAI2|S1PR4,cSLE,31,33,0,0,0,2,0,0,33
NK Cells|NK Cells|GNAI2|S1PR5,aHD,5,5,0,0,0,0,0,0,5
NK Cells|NK Cells|GNAI2|S1PR5,aSLE,7,7,0,0,0,0,0,0,7
NK Cells|NK Cells|GNAI2|S1PR5,cHD,11,11,0,0,0,0,0,0,11
NK Cells|NK Cells|GNAI2|S1PR5,cSLE,33,33,0,0,0,0,0,0,33
NK Cells|NK Cells|GNAS|PTGDR,aHD,5,5,0,0,0,0,0,0,5
NK Cells|NK Cells|GNAS|PTGDR,aSLE,7,7,0,0,0,0,0,0,7
NK Cells|NK Cells|GNAS|PTGDR,cHD,11,11,0,0,0,0,0,0,11
NK Cells|NK Cells|GNAS|PTGDR,cSLE,32,33,0,0,0,1,0,0,33
NK Cells|NK Cells|HLA-A|CD8A,aHD,5,5,0,0,0,0,0,0,5
NK Cells|NK Cells|HLA-A|CD8A,aSLE,7,7,0,0,0,0,0,0,7
NK Cells|NK Cells|HLA-A|CD8A,cHD,8,11,0,0,0,3,0,0,11
NK Cells|NK Cells|HLA-A|CD8A,cSLE,22,33,0,0,0,11,0,0,33
NK Cells|NK Cells|HLA-B|CD3D,aHD,5,5,0,0,0,0,0,0,5
NK Cells|NK Cells|HLA-B|CD3D,aSLE,7,7,0,0,0,0,0,0,7
NK Cells|NK Cells|HLA-B|CD3D,cHD,8,11,0,0,0,3,0,0,11
NK Cells|NK Cells|HLA-B|CD3D,cSLE,28,33,0,0,0,5,0,0,33
NK Cells|NK Cells|HLA-B|CD8A,aHD,5,5,0,0,0,0,0,0,5
NK Cells|NK Cells|HLA-B|CD8A,aSLE,7,7,0,0,0,0,0,0,7
NK Cells|NK Cells|HLA-B|CD8A,cHD,8,11,0,0,0,3,0,0,11
NK Cells|NK Cells|HLA-B|CD8A,cSLE,22,33,0,0,0,11,0,0,33
NK Cells|NK Cells|HLA-B|KLRD1,aHD,5,5,0,0,0,0,0,0,5
NK Cells|NK Cells|HLA-B|KLRD1,aSLE,7,7,0,0,0,0,0,0,7
NK Cells|NK Cells|HLA-B|KLRD1,cHD,11,11,0,0,0,0,0,0,11
NK Cells|NK Cells|HLA-B|KLRD1,cSLE,33,33,0,0,0,0,0,0,33
NK Cells|NK Cells|HLA-C|CD8A,aHD,5,5,0,0,0,0,0,0,5
NK Cells|NK Cells|HLA-C|CD8A,aSLE,7,7,0,0,0,0,0,0,7
NK Cells|NK Cells|HLA-C|CD8A,cHD,8,11,0,0,0,3,0,0,11
NK Cells|NK Cells|HLA-C|CD8A,cSLE,22,33,0,0,0,11,0,0,33
NK Cells|NK Cells|HLA-E|CD8A,aHD,5,5,0,0,0,0,0,0,5
NK Cells|NK Cells|HLA-E|CD8A,aSLE,7,7,0,0,0,0,0,0,7
NK Cells|NK Cells|HLA-E|CD8A,cHD,8,11,0,0,0,3,0,0,11
NK Cells|NK Cells|HLA-E|CD8A,cSLE,22,33,0,0,0,11,0,0,33
NK Cells|NK Cells|HLA-F|CD8A,aHD,5,5,0,0,0,0,0,0,5
NK Cells|NK Cells|HLA-F|CD8A,aSLE,7,7,0,0,0,0,0,0,7
NK Cells|NK Cells|HLA-F|CD8A,cHD,8,11,0,0,0,3,0,0,11
NK Cells|NK Cells|HLA-F|CD8A,cSLE,22,33,0,0,0,11,0,0,33
NK Cells|NK Cells|HMGB1|CXCR4,aHD,5,5,0,0,0,0,0,0,5
NK Cells|NK Cells|HMGB1|CXCR4,aSLE,7,7,0,0,0,0,0,0,7
NK Cells|NK Cells|HMGB1|CXCR4,cHD,11,11,0,0,0,0,0,0,11
NK Cells|NK Cells|HMGB1|CXCR4,cSLE,33,33,0,0,0,0,0,0,33
NK Cells|NK Cells|ICAM2|ITGAL_ITGB2,aHD,5,5,0,0,0,0,0,0,5
NK Cells|NK Cells|ICAM2|ITGAL_ITGB2,aSLE,7,7,0,0,0,0,0,0,7
NK Cells|NK Cells|ICAM2|ITGAL_ITGB2,cHD,11,11,0,0,0,0,0,0,11
NK Cells|NK Cells|ICAM2|ITGAL_ITGB2,cSLE,32,33,0,0,1,0,0,0,33
NK Cells|NK Cells|ICAM2|ITGAM_ITGB2,aHD,5,5,0,0,0,0,0,0,5
NK Cells|NK Cells|ICAM2|ITGAM_ITGB2,aSLE,6,7,0,0,0,1,0,0,7
NK Cells|NK Cells|ICAM2|ITGAM_ITGB2,cHD,11,11,0,0,0,0,0,0,11
NK Cells|NK Cells|ICAM2|ITGAM_ITGB2,cSLE,32,33,0,0,1,0,0,0,33
NK Cells|NK Cells|ICAM3|ITGAL,aHD,5,5,0,0,0,0,0,0,5
NK Cells|NK Cells|ICAM3|ITGAL,aSLE,7,7,0,0,0,0,0,0,7
NK Cells|NK Cells|ICAM3|ITGAL,cHD,11,11,0,0,0,0,0,0,11
NK Cells|NK Cells|ICAM3|ITGAL,cSLE,33,33,0,0,0,0,0,0,33
NK Cells|NK Cells|LGALS1|CD69,aHD,5,5,0,0,0,0,0,0,5
NK Cells|NK Cells|LGALS1|CD69,aSLE,7,7,0,0,0,0,0,0,7
NK Cells|NK Cells|LGALS1|CD69,cHD,11,11,0,0,0,0,0,0,11
NK Cells|NK Cells|LGALS1|CD69,cSLE,33,33,0,0,0,0,0,0,33
NK Cells|NK Cells|LGALS1|ITGB1,aHD,5,5,0,0,0,0,0,0,5
NK Cells|NK Cells|LGALS1|ITGB1,aSLE,7,7,0,0,0,0,0,0,7
NK Cells|NK Cells|LGALS1|ITGB1,cHD,11,11,0,0,0,0,0,0,11
NK Cells|NK Cells|LGALS1|ITGB1,cSLE,33,33,0,0,0,0,0,0,33
NK Cells|NK Cells|LGALS1|PTPRC,aHD,5,5,0,0,0,0,0,0,5
NK Cells|NK Cells|LGALS1|PTPRC,aSLE,7,7,0,0,0,0,0,0,7
NK Cells|NK Cells|LGALS1|PTPRC,cHD,11,11,0,0,0,0,0,0,11
NK Cells|NK Cells|LGALS1|PTPRC,cSLE,33,33,0,0,0,0,0,0,33
NK Cells|NK Cells|LRPAP1|SORL1,aHD,5,5,0,0,0,0,0,0,5
NK Cells|NK Cells|LRPAP1|SORL1,aSLE,7,7,0,0,0,0,0,0,7
NK Cells|NK Cells|LRPAP1|SORL1,cHD,11,11,0,0,0,0,0,0,11
NK Cells|NK Cells|LRPAP1|SORL1,cSLE,32,33,0,0,0,1,0,0,33
NK Cells|NK Cells|MIF|CD44_CD74,aHD,5,5,0,0,0,0,0,0,5
NK Cells|NK Cells|MIF|CD44_CD74,aSLE,7,7,0,0,0,0,0,0,7
NK Cells|NK Cells|MIF|CD44_CD74,cHD,11,11,0,0,0,0,0,0,11
NK Cells|NK Cells|MIF|CD44_CD74,cSLE,33,33,0,0,0,0,0,0,33
NK Cells|NK Cells|MIF|CD74_CXCR4,aHD,5,5,0,0,0,0,0,0,5
NK Cells|NK Cells|MIF|CD74_CXCR4,aSLE,7,7,0,0,0,0,0,0,7
NK Cells|NK Cells|MIF|CD74_CXCR4,cHD,11,11,0,0,0,0,0,0,11
NK Cells|NK Cells|MIF|CD74_CXCR4,cSLE,33,33,0,0,0,0,0,0,33
NK Cells|NK Cells|MIF|TNFRSF14,aHD,5,5,0,0,0,0,0,0,5
NK Cells|NK Cells|MIF|TNFRSF14,aSLE,7,7,0,0,0,0,0,0,7
NK Cells|NK Cells|MIF|TNFRSF14,cHD,11,11,0,0,0,0,0,0,11
NK Cells|NK Cells|MIF|TNFRSF14,cSLE,33,33,0,0,0,0,0,0,33
NK Cells|NK Cells|PKM|CD44,aHD,5,5,0,0,0,0,0,0,5
NK Cells|NK Cells|PKM|CD44,aSLE,7,7,0,0,0,0,0,0,7
NK Cells|NK Cells|PKM|CD44,cHD,11,11,0,0,0,0,0,0,11
NK Cells|NK Cells|PKM|CD44,cSLE,33,33,0,0,0,0,0,0,33
NK Cells|NK Cells|SELPLG|ITGAM,aHD,5,5,0,0,0,0,0,0,5
NK Cells|NK Cells|SELPLG|ITGAM,aSLE,6,7,0,0,0,1,0,0,7
NK Cells|NK Cells|SELPLG|ITGAM,cHD,11,11,0,0,0,0,0,0,11
NK Cells|NK Cells|SELPLG|ITGAM,cSLE,33,33,0,0,0,0,0,0,33
NK Cells|NK Cells|SELPLG|ITGB2,aHD,5,5,0,0,0,0,0,0,5
NK Cells|NK Cells|SELPLG|ITGB2,aSLE,7,7,0,0,0,0,0,0,7
NK Cells|NK Cells|SELPLG|ITGB2,cHD,11,11,0,0,0,0,0,0,11
NK Cells|NK Cells|SELPLG|ITGB2,cSLE,33,33,0,0,0,0,0,0,33
NK Cells|NK Cells|SELPLG|SELL,aHD,5,5,0,0,0,0,0,0,5
NK Cells|NK Cells|SELPLG|SELL,aSLE,7,7,0,0,0,0,0,0,7
NK Cells|NK Cells|SELPLG|SELL,cHD,11,11,0,0,0,0,0,0,11
NK Cells|NK Cells|SELPLG|SELL,cSLE,33,33,0,0,0,0,0,0,33
NK Cells|NK Cells|SPON2|ITGA4,aHD,5,5,0,0,0,0,0,0,5
NK Cells|NK Cells|SPON2|ITGA4,aSLE,7,7,0,0,0,0,0,0,7
NK Cells|NK Cells|SPON2|ITGA4,cHD,11,11,0,0,0,0,0,0,11
NK Cells|NK Cells|SPON2|ITGA4,cSLE,33,33,0,0,0,0,0,0,33
NK Cells|NK Cells|SPON2|ITGAM,aHD,5,5,0,0,0,0,0,0,5
NK Cells|NK Cells|SPON2|ITGAM,aSLE,6,7,0,0,0,1,0,0,7
NK Cells|NK Cells|SPON2|ITGAM,cHD,11,11,0,0,0,0,0,0,11
NK Cells|NK Cells|SPON2|ITGAM,cSLE,33,33,0,0,0,0,0,0,33
NK Cells|NK Cells|SPON2|ITGB1,aHD,5,5,0,0,0,0,0,0,5
NK Cells|NK Cells|SPON2|ITGB1,aSLE,7,7,0,0,0,0,0,0,7
NK Cells|NK Cells|SPON2|ITGB1,cHD,11,11,0,0,0,0,0,0,11
NK Cells|NK Cells|SPON2|ITGB1,cSLE,33,33,0,0,0,0,0,0,33
NK Cells|NK Cells|SPON2|ITGB2,aHD,5,5,0,0,0,0,0,0,5
NK Cells|NK Cells|SPON2|ITGB2,aSLE,7,7,0,0,0,0,0,0,7
NK Cells|NK Cells|SPON2|ITGB2,cHD,11,11,0,0,0,0,0,0,11
NK Cells|NK Cells|SPON2|ITGB2,cSLE,33,33,0,0,0,0,0,0,33
NK Cells|NK Cells|TGFB1|CXCR4,aHD,5,5,0,0,0,0,0,0,5
NK Cells|NK Cells|TGFB1|CXCR4,aSLE,7,7,0,0,0,0,0,0,7
NK Cells|NK Cells|TGFB1|CXCR4,cHD,11,11,0,0,0,0,0,0,11
NK Cells|NK Cells|TGFB1|CXCR4,cSLE,33,33,0,0,0,0,0,0,33
NK Cells|NK Cells|TGFB1|ITGB1,aHD,5,5,0,0,0,0,0,0,5
NK Cells|NK Cells|TGFB1|ITGB1,aSLE,7,7,0,0,0,0,0,0,7
NK Cells|NK Cells|TGFB1|ITGB1,cHD,11,11,0,0,0,0,0,0,11
NK Cells|NK Cells|TGFB1|ITGB1,cSLE,33,33,0,0,0,0,0,0,33
NK Cells|NK Cells|TIMP1|CD63,aHD,5,5,0,0,0,0,0,0,5
NK Cells|NK Cells|TIMP1|CD63,aSLE,6,7,0,0,1,0,0,0,7
NK Cells|NK Cells|TIMP1|CD63,cHD,11,11,0,0,0,0,0,0,11
NK Cells|NK Cells|TIMP1|CD63,cSLE,32,33,0,0,1,0,0,0,33
NK Cells|NK Cells|VIM|CD44,aHD,5,5,0,0,0,0,0,0,5
NK Cells|NK Cells|VIM|CD44,aSLE,7,7,0,0,0,0,0,0,7
NK Cells|NK Cells|VIM|CD44,cHD,11,11,0,0,0,0,0,0,11
NK Cells|NK Cells|VIM|CD44,cSLE,33,33,0,0,0,0,0,0,33
NK Cells|Non-classical Monocytes|ANXA1|FPR1,aHD,5,5,0,0,0,0,0,0,5
NK Cells|Non-classical Monocytes|ANXA1|FPR1,aSLE,7,7,0,0,0,0,0,0,7
NK Cells|Non-classical Monocytes|ANXA1|FPR1,cHD,10,11,0,0,0,1,0,0,11
NK Cells|Non-classical Monocytes|ANXA1|FPR1,cSLE,33,33,0,0,0,0,0,0,33
NK Cells|Non-classical Monocytes|ANXA2|TLR2,aHD,5,5,0,0,0,0,0,0,5
NK Cells|Non-classical Monocytes|ANXA2|TLR2,aSLE,7,7,0,0,0,0,0,0,7
NK Cells|Non-classical Monocytes|ANXA2|TLR2,cHD,11,11,0,0,0,0,0,0,11
NK Cells|Non-classical Monocytes|ANXA2|TLR2,cSLE,33,33,0,0,0,0,0,0,33
NK Cells|Non-classical Monocytes|ARF6|SMAP1,aHD,5,5,0,0,0,0,0,0,5
NK Cells|Non-classical Monocytes|ARF6|SMAP1,aSLE,7,7,0,0,0,0,0,0,7
NK Cells|Non-classical Monocytes|ARF6|SMAP1,cHD,11,11,0,0,0,0,0,0,11
NK Cells|Non-classical Monocytes|ARF6|SMAP1,cSLE,32,33,0,0,0,1,0,0,33
NK Cells|Non-classical Monocytes|CALM1|PTPRA,aHD,5,5,0,0,0,0,0,0,5
NK Cells|Non-classical Monocytes|CALM1|PTPRA,aSLE,7,7,0,0,0,0,0,0,7
NK Cells|Non-classical Monocytes|CALM1|PTPRA,cHD,11,11,0,0,0,0,0,0,11
NK Cells|Non-classical Monocytes|CALM1|PTPRA,cSLE,28,33,0,0,0,5,0,0,33
NK Cells|Non-classical Monocytes|CALR|LRP1,aHD,5,5,0,0,0,0,0,0,5
NK Cells|Non-classical Monocytes|CALR|LRP1,aSLE,7,7,0,0,0,0,0,0,7
NK Cells|Non-classical Monocytes|CALR|LRP1,cHD,11,11,0,0,0,0,0,0,11
NK Cells|Non-classical Monocytes|CALR|LRP1,cSLE,33,33,0,0,0,0,0,0,33
NK Cells|Non-classical Monocytes|CD52|SIGLEC10,aHD,5,5,0,0,0,0,0,0,5
NK Cells|Non-classical Monocytes|CD52|SIGLEC10,aSLE,7,7,0,0,0,0,0,0,7
NK Cells|Non-classical Monocytes|CD52|SIGLEC10,cHD,11,11,0,0,0,0,0,0,11
NK Cells|Non-classical Monocytes|CD52|SIGLEC10,cSLE,32,33,0,0,0,1,0,0,33
NK Cells|Non-classical Monocytes|CD99|PILRA,aHD,5,5,0,0,0,0,0,0,5
NK Cells|Non-classical Monocytes|CD99|PILRA,aSLE,7,7,0,0,0,0,0,0,7
NK Cells|Non-classical Monocytes|CD99|PILRA,cHD,11,11,0,0,0,0,0,0,11
NK Cells|Non-classical Monocytes|CD99|PILRA,cSLE,33,33,0,0,0,0,0,0,33
NK Cells|Non-classical Monocytes|CIRBP|TREM1,aHD,5,5,0,0,0,0,0,0,5
NK Cells|Non-classical Monocytes|CIRBP|TREM1,aSLE,7,7,0,0,0,0,0,0,7
NK Cells|Non-classical Monocytes|CIRBP|TREM1,cHD,11,11,0,0,0,0,0,0,11
NK Cells|Non-classical Monocytes|CIRBP|TREM1,cSLE,33,33,0,0,0,0,0,0,33
NK Cells|Non-classical Monocytes|GNAI2|ADCY7,aHD,5,5,0,0,0,0,0,0,5
NK Cells|Non-classical Monocytes|GNAI2|ADCY7,aSLE,7,7,0,0,0,0,0,0,7
NK Cells|Non-classical Monocytes|GNAI2|ADCY7,cHD,11,11,0,0,0,0,0,0,11
NK Cells|Non-classical Monocytes|GNAI2|ADCY7,cSLE,33,33,0,0,0,0,0,0,33
NK Cells|Non-classical Monocytes|GNAI2|C5AR1,aHD,5,5,0,0,0,0,0,0,5
NK Cells|Non-classical Monocytes|GNAI2|C5AR1,aSLE,7,7,0,0,0,0,0,0,7
NK Cells|Non-classical Monocytes|GNAI2|C5AR1,cHD,11,11,0,0,0,0,0,0,11
NK Cells|Non-classical Monocytes|GNAI2|C5AR1,cSLE,33,33,0,0,0,0,0,0,33
NK Cells|Non-classical Monocytes|GNAI2|FPR1,aHD,5,5,0,0,0,0,0,0,5
NK Cells|Non-classical Monocytes|GNAI2|FPR1,aSLE,7,7,0,0,0,0,0,0,7
NK Cells|Non-classical Monocytes|GNAI2|FPR1,cHD,10,11,0,0,0,1,0,0,11
NK Cells|Non-classical Monocytes|GNAI2|FPR1,cSLE,33,33,0,0,0,0,0,0,33
NK Cells|Non-classical Monocytes|GNAI2|S1PR4,aHD,5,5,0,0,0,0,0,0,5
NK Cells|Non-classical Monocytes|GNAI2|S1PR4,aSLE,7,7,0,0,0,0,0,0,7
NK Cells|Non-classical Monocytes|GNAI2|S1PR4,cHD,11,11,0,0,0,0,0,0,11
NK Cells|Non-classical Monocytes|GNAI2|S1PR4,cSLE,33,33,0,0,0,0,0,0,33
NK Cells|Non-classical Monocytes|GNAS|ADCY7,aHD,5,5,0,0,0,0,0,0,5
NK Cells|Non-classical Monocytes|GNAS|ADCY7,aSLE,7,7,0,0,0,0,0,0,7
NK Cells|Non-classical Monocytes|GNAS|ADCY7,cHD,11,11,0,0,0,0,0,0,11
NK Cells|Non-classical Monocytes|GNAS|ADCY7,cSLE,33,33,0,0,0,0,0,0,33
NK Cells|Non-classical Monocytes|HLA-A|APLP2,aHD,5,5,0,0,0,0,0,0,5
NK Cells|Non-classical Monocytes|HLA-A|APLP2,aSLE,7,7,0,0,0,0,0,0,7
NK Cells|Non-classical Monocytes|HLA-A|APLP2,cHD,11,11,0,0,0,0,0,0,11
NK Cells|Non-classical Monocytes|HLA-A|APLP2,cSLE,33,33,0,0,0,0,0,0,33
NK Cells|Non-classical Monocytes|HLA-A|LILRA1,aHD,5,5,0,0,0,0,0,0,5
NK Cells|Non-classical Monocytes|HLA-A|LILRA1,aSLE,7,7,0,0,0,0,0,0,7
NK Cells|Non-classical Monocytes|HLA-A|LILRA1,cHD,11,11,0,0,0,0,0,0,11
NK Cells|Non-classical Monocytes|HLA-A|LILRA1,cSLE,33,33,0,0,0,0,0,0,33
NK Cells|Non-classical Monocytes|HLA-A|LILRB1,aHD,5,5,0,0,0,0,0,0,5
NK Cells|Non-classical Monocytes|HLA-A|LILRB1,aSLE,7,7,0,0,0,0,0,0,7
NK Cells|Non-classical Monocytes|HLA-A|LILRB1,cHD,11,11,0,0,0,0,0,0,11
NK Cells|Non-classical Monocytes|HLA-A|LILRB1,cSLE,33,33,0,0,0,0,0,0,33
NK Cells|Non-classical Monocytes|HLA-A|LILRB2,aHD,5,5,0,0,0,0,0,0,5
NK Cells|Non-classical Monocytes|HLA-A|LILRB2,aSLE,7,7,0,0,0,0,0,0,7
NK Cells|Non-classical Monocytes|HLA-A|LILRB2,cHD,11,11,0,0,0,0,0,0,11
NK Cells|Non-classical Monocytes|HLA-A|LILRB2,cSLE,33,33,0,0,0,0,0,0,33
NK Cells|Non-classical Monocytes|HLA-B|LILRA1,aHD,5,5,0,0,0,0,0,0,5
NK Cells|Non-classical Monocytes|HLA-B|LILRA1,aSLE,7,7,0,0,0,0,0,0,7
NK Cells|Non-classical Monocytes|HLA-B|LILRA1,cHD,11,11,0,0,0,0,0,0,11
NK Cells|Non-classical Monocytes|HLA-B|LILRA1,cSLE,33,33,0,0,0,0,0,0,33
NK Cells|Non-classical Monocytes|HLA-B|LILRB1,aHD,5,5,0,0,0,0,0,0,5
NK Cells|Non-classical Monocytes|HLA-B|LILRB1,aSLE,7,7,0,0,0,0,0,0,7
NK Cells|Non-classical Monocytes|HLA-B|LILRB1,cHD,11,11,0,0,0,0,0,0,11
NK Cells|Non-classical Monocytes|HLA-B|LILRB1,cSLE,33,33,0,0,0,0,0,0,33
NK Cells|Non-classical Monocytes|HLA-B|LILRB2,aHD,5,5,0,0,0,0,0,0,5
NK Cells|Non-classical Monocytes|HLA-B|LILRB2,aSLE,7,7,0,0,0,0,0,0,7
NK Cells|Non-classical Monocytes|HLA-B|LILRB2,cHD,11,11,0,0,0,0,0,0,11
NK Cells|Non-classical Monocytes|HLA-B|LILRB2,cSLE,33,33,0,0,0,0,0,0,33
NK Cells|Non-classical Monocytes|HLA-C|LILRA1,aHD,5,5,0,0,0,0,0,0,5
NK Cells|Non-classical Monocytes|HLA-C|LILRA1,aSLE,7,7,0,0,0,0,0,0,7
NK Cells|Non-classical Monocytes|HLA-C|LILRA1,cHD,11,11,0,0,0,0,0,0,11
NK Cells|Non-classical Monocytes|HLA-C|LILRA1,cSLE,33,33,0,0,0,0,0,0,33
NK Cells|Non-classical Monocytes|HLA-C|LILRB1,aHD,5,5,0,0,0,0,0,0,5
NK Cells|Non-classical Monocytes|HLA-C|LILRB1,aSLE,7,7,0,0,0,0,0,0,7
NK Cells|Non-classical Monocytes|HLA-C|LILRB1,cHD,11,11,0,0,0,0,0,0,11
NK Cells|Non-classical Monocytes|HLA-C|LILRB1,cSLE,33,33,0,0,0,0,0,0,33
NK Cells|Non-classical Monocytes|HLA-C|LILRB2,aHD,5,5,0,0,0,0,0,0,5
NK Cells|Non-classical Monocytes|HLA-C|LILRB2,aSLE,7,7,0,0,0,0,0,0,7
NK Cells|Non-classical Monocytes|HLA-C|LILRB2,cHD,11,11,0,0,0,0,0,0,11
NK Cells|Non-classical Monocytes|HLA-C|LILRB2,cSLE,33,33,0,0,0,0,0,0,33
NK Cells|Non-classical Monocytes|HLA-DPA1|CD4,aHD,5,5,0,0,0,0,0,0,5
NK Cells|Non-classical Monocytes|HLA-DPA1|CD4,aSLE,7,7,0,0,0,0,0,0,7
NK Cells|Non-classical Monocytes|HLA-DPA1|CD4,cHD,11,11,0,0,0,0,0,0,11
NK Cells|Non-classical Monocytes|HLA-DPA1|CD4,cSLE,33,33,0,0,0,0,0,0,33
NK Cells|Non-classical Monocytes|HLA-DPB1|CD4,aHD,5,5,0,0,0,0,0,0,5
NK Cells|Non-classical Monocytes|HLA-DPB1|CD4,aSLE,7,7,0,0,0,0,0,0,7
NK Cells|Non-classical Monocytes|HLA-DPB1|CD4,cHD,11,11,0,0,0,0,0,0,11
NK Cells|Non-classical Monocytes|HLA-DPB1|CD4,cSLE,33,33,0,0,0,0,0,0,33
NK Cells|Non-classical Monocytes|HLA-DRA|CD4,aHD,5,5,0,0,0,0,0,0,5
NK Cells|Non-classical Monocytes|HLA-DRA|CD4,aSLE,6,7,0,0,1,0,0,0,7
NK Cells|Non-classical Monocytes|HLA-DRA|CD4,cHD,11,11,0,0,0,0,0,0,11
NK Cells|Non-classical Monocytes|HLA-DRA|CD4,cSLE,33,33,0,0,0,0,0,0,33
NK Cells|Non-classical Monocytes|HLA-DRB1|CD4,aHD,5,5,0,0,0,0,0,0,5
NK Cells|Non-classical Monocytes|HLA-DRB1|CD4,aSLE,7,7,0,0,0,0,0,0,7
NK Cells|Non-classical Monocytes|HLA-DRB1|CD4,cHD,11,11,0,0,0,0,0,0,11
NK Cells|Non-classical Monocytes|HLA-DRB1|CD4,cSLE,33,33,0,0,0,0,0,0,33
NK Cells|Non-classical Monocytes|HLA-F|LILRB1,aHD,5,5,0,0,0,0,0,0,5
NK Cells|Non-classical Monocytes|HLA-F|LILRB1,aSLE,7,7,0,0,0,0,0,0,7
NK Cells|Non-classical Monocytes|HLA-F|LILRB1,cHD,11,11,0,0,0,0,0,0,11
NK Cells|Non-classical Monocytes|HLA-F|LILRB1,cSLE,33,33,0,0,0,0,0,0,33
NK Cells|Non-classical Monocytes|HLA-F|LILRB2,aHD,5,5,0,0,0,0,0,0,5
NK Cells|Non-classical Monocytes|HLA-F|LILRB2,aSLE,7,7,0,0,0,0,0,0,7
NK Cells|Non-classical Monocytes|HLA-F|LILRB2,cHD,11,11,0,0,0,0,0,0,11
NK Cells|Non-classical Monocytes|HLA-F|LILRB2,cSLE,33,33,0,0,0,0,0,0,33
NK Cells|Non-classical Monocytes|HMGB1|CXCR4,aHD,5,5,0,0,0,0,0,0,5
NK Cells|Non-classical Monocytes|HMGB1|CXCR4,aSLE,7,7,0,0,0,0,0,0,7
NK Cells|Non-classical Monocytes|HMGB1|CXCR4,cHD,11,11,0,0,0,0,0,0,11
NK Cells|Non-classical Monocytes|HMGB1|CXCR4,cSLE,33,33,0,0,0,0,0,0,33
NK Cells|Non-classical Monocytes|HMGB1|HAVCR2,aHD,5,5,0,0,0,0,0,0,5
NK Cells|Non-classical Monocytes|HMGB1|HAVCR2,aSLE,7,7,0,0,0,0,0,0,7
NK Cells|Non-classical Monocytes|HMGB1|HAVCR2,cHD,11,11,0,0,0,0,0,0,11
NK Cells|Non-classical Monocytes|HMGB1|HAVCR2,cSLE,30,33,0,0,0,3,0,0,33
NK Cells|Non-classical Monocytes|HMGB1|TLR2,aHD,5,5,0,0,0,0,0,0,5
NK Cells|Non-classical Monocytes|HMGB1|TLR2,aSLE,7,7,0,0,0,0,0,0,7
NK Cells|Non-classical Monocytes|HMGB1|TLR2,cHD,11,11,0,0,0,0,0,0,11
NK Cells|Non-classical Monocytes|HMGB1|TLR2,cSLE,33,33,0,0,0,0,0,0,33
NK Cells|Non-classical Monocytes|ICAM2|ITGAL_ITGB2,aHD,5,5,0,0,0,0,0,0,5
NK Cells|Non-classical Monocytes|ICAM2|ITGAL_ITGB2,aSLE,7,7,0,0,0,0,0,0,7
NK Cells|Non-classical Monocytes|ICAM2|ITGAL_ITGB2,cHD,11,11,0,0,0,0,0,0,11
NK Cells|Non-classical Monocytes|ICAM2|ITGAL_ITGB2,cSLE,32,33,0,0,1,0,0,0,33
NK Cells|Non-classical Monocytes|ICAM3|ITGAL,aHD,5,5,0,0,0,0,0,0,5
NK Cells|Non-classical Monocytes|ICAM3|ITGAL,aSLE,7,7,0,0,0,0,0,0,7
NK Cells|Non-classical Monocytes|ICAM3|ITGAL,cHD,11,11,0,0,0,0,0,0,11
NK Cells|Non-classical Monocytes|ICAM3|ITGAL,cSLE,33,33,0,0,0,0,0,0,33
NK Cells|Non-classical Monocytes|IFNG|IFNGR1_IFNGR2,aHD,5,5,0,0,0,0,0,0,5
NK Cells|Non-classical Monocytes|IFNG|IFNGR1_IFNGR2,aSLE,6,7,0,0,1,0,0,0,7
NK Cells|Non-classical Monocytes|IFNG|IFNGR1_IFNGR2,cHD,9,11,0,0,2,0,0,0,11
NK Cells|Non-classical Monocytes|IFNG|IFNGR1_IFNGR2,cSLE,29,33,0,0,4,0,0,0,33
NK Cells|Non-classical Monocytes|IL16|CD4,aHD,5,5,0,0,0,0,0,0,5
NK Cells|Non-classical Monocytes|IL16|CD4,aSLE,7,7,0,0,0,0,0,0,7
NK Cells|Non-classical Monocytes|IL16|CD4,cHD,11,11,0,0,0,0,0,0,11
NK Cells|Non-classical Monocytes|IL16|CD4,cSLE,33,33,0,0,0,0,0,0,33
NK Cells|Non-classical Monocytes|LGALS1|CD69,aHD,5,5,0,0,0,0,0,0,5
NK Cells|Non-classical Monocytes|LGALS1|CD69,aSLE,7,7,0,0,0,0,0,0,7
NK Cells|Non-classical Monocytes|LGALS1|CD69,cHD,11,11,0,0,0,0,0,0,11
NK Cells|Non-classical Monocytes|LGALS1|CD69,cSLE,33,33,0,0,0,0,0,0,33
NK Cells|Non-classical Monocytes|LGALS1|ITGB1,aHD,5,5,0,0,0,0,0,0,5
NK Cells|Non-classical Monocytes|LGALS1|ITGB1,aSLE,7,7,0,0,0,0,0,0,7
NK Cells|Non-classical Monocytes|LGALS1|ITGB1,cHD,11,11,0,0,0,0,0,0,11
NK Cells|Non-classical Monocytes|LGALS1|ITGB1,cSLE,33,33,0,0,0,0,0,0,33
NK Cells|Non-classical Monocytes|LGALS1|PTPRC,aHD,5,5,0,0,0,0,0,0,5
NK Cells|Non-classical Monocytes|LGALS1|PTPRC,aSLE,7,7,0,0,0,0,0,0,7
NK Cells|Non-classical Monocytes|LGALS1|PTPRC,cHD,11,11,0,0,0,0,0,0,11
NK Cells|Non-classical Monocytes|LGALS1|PTPRC,cSLE,33,33,0,0,0,0,0,0,33
NK Cells|Non-classical Monocytes|LRPAP1|LRP1,aHD,5,5,0,0,0,0,0,0,5
NK Cells|Non-classical Monocytes|LRPAP1|LRP1,aSLE,7,7,0,0,0,0,0,0,7
NK Cells|Non-classical Monocytes|LRPAP1|LRP1,cHD,11,11,0,0,0,0,0,0,11
NK Cells|Non-classical Monocytes|LRPAP1|LRP1,cSLE,33,33,0,0,0,0,0,0,33
NK Cells|Non-classical Monocytes|LRPAP1|SORL1,aHD,5,5,0,0,0,0,0,0,5
NK Cells|Non-classical Monocytes|LRPAP1|SORL1,aSLE,6,7,0,0,0,1,0,0,7
NK Cells|Non-classical Monocytes|LRPAP1|SORL1,cHD,11,11,0,0,0,0,0,0,11
NK Cells|Non-classical Monocytes|LRPAP1|SORL1,cSLE,29,33,0,0,0,4,0,0,33
NK Cells|Non-classical Monocytes|LTB|TNFRSF1A,aHD,5,5,0,0,0,0,0,0,5
NK Cells|Non-classical Monocytes|LTB|TNFRSF1A,aSLE,7,7,0,0,0,0,0,0,7
NK Cells|Non-classical Monocytes|LTB|TNFRSF1A,cHD,11,11,0,0,0,0,0,0,11
NK Cells|Non-classical Monocytes|LTB|TNFRSF1A,cSLE,33,33,0,0,0,0,0,0,33
NK Cells|Non-classical Monocytes|MFNG|NOTCH2,aHD,5,5,0,0,0,0,0,0,5
NK Cells|Non-classical Monocytes|MFNG|NOTCH2,aSLE,7,7,0,0,0,0,0,0,7
NK Cells|Non-classical Monocytes|MFNG|NOTCH2,cHD,11,11,0,0,0,0,0,0,11
NK Cells|Non-classical Monocytes|MFNG|NOTCH2,cSLE,33,33,0,0,0,0,0,0,33
NK Cells|Non-classical Monocytes|MIF|CD44_CD74,aHD,5,5,0,0,0,0,0,0,5
NK Cells|Non-classical Monocytes|MIF|CD44_CD74,aSLE,7,7,0,0,0,0,0,0,7
NK Cells|Non-classical Monocytes|MIF|CD44_CD74,cHD,11,11,0,0,0,0,0,0,11
NK Cells|Non-classical Monocytes|MIF|CD44_CD74,cSLE,33,33,0,0,0,0,0,0,33
NK Cells|Non-classical Monocytes|MIF|CD74_CXCR4,aHD,5,5,0,0,0,0,0,0,5
NK Cells|Non-classical Monocytes|MIF|CD74_CXCR4,aSLE,7,7,0,0,0,0,0,0,7
NK Cells|Non-classical Monocytes|MIF|CD74_CXCR4,cHD,11,11,0,0,0,0,0,0,11
NK Cells|Non-classical Monocytes|MIF|CD74_CXCR4,cSLE,33,33,0,0,0,0,0,0,33
NK Cells|Non-classical Monocytes|MIF|TNFRSF14,aHD,5,5,0,0,0,0,0,0,5
NK Cells|Non-classical Monocytes|MIF|TNFRSF14,aSLE,7,7,0,0,0,0,0,0,7
NK Cells|Non-classical Monocytes|MIF|TNFRSF14,cHD,11,11,0,0,0,0,0,0,11
NK Cells|Non-classical Monocytes|MIF|TNFRSF14,cSLE,33,33,0,0,0,0,0,0,33
NK Cells|Non-classical Monocytes|PKM|CD44,aHD,5,5,0,0,0,0,0,0,5
NK Cells|Non-classical Monocytes|PKM|CD44,aSLE,7,7,0,0,0,0,0,0,7
NK Cells|Non-classical Monocytes|PKM|CD44,cHD,11,11,0,0,0,0,0,0,11
NK Cells|Non-classical Monocytes|PKM|CD44,cSLE,33,33,0,0,0,0,0,0,33
NK Cells|Non-classical Monocytes|PSAP|LRP1,aHD,5,5,0,0,0,0,0,0,5
NK Cells|Non-classical Monocytes|PSAP|LRP1,aSLE,7,7,0,0,0,0,0,0,7
NK Cells|Non-classical Monocytes|PSAP|LRP1,cHD,11,11,0,0,0,0,0,0,11
NK Cells|Non-classical Monocytes|PSAP|LRP1,cSLE,33,33,0,0,0,0,0,0,33
NK Cells|Non-classical Monocytes|PTPN6|CD300LF,aHD,5,5,0,0,0,0,0,0,5
NK Cells|Non-classical Monocytes|PTPN6|CD300LF,aSLE,7,7,0,0,0,0,0,0,7
NK Cells|Non-classical Monocytes|PTPN6|CD300LF,cHD,11,11,0,0,0,0,0,0,11
NK Cells|Non-classical Monocytes|PTPN6|CD300LF,cSLE,33,33,0,0,0,0,0,0,33
NK Cells|Non-classical Monocytes|PTPN6|CLEC12A,aHD,5,5,0,0,0,0,0,0,5
NK Cells|Non-classical Monocytes|PTPN6|CLEC12A,aSLE,7,7,0,0,0,0,0,0,7
NK Cells|Non-classical Monocytes|PTPN6|CLEC12A,cHD,11,11,0,0,0,0,0,0,11
NK Cells|Non-classical Monocytes|PTPN6|CLEC12A,cSLE,33,33,0,0,0,0,0,0,33
NK Cells|Non-classical Monocytes|RPS19|C5AR1,aHD,5,5,0,0,0,0,0,0,5
NK Cells|Non-classical Monocytes|RPS19|C5AR1,aSLE,7,7,0,0,0,0,0,0,7
NK Cells|Non-classical Monocytes|RPS19|C5AR1,cHD,11,11,0,0,0,0,0,0,11
NK Cells|Non-classical Monocytes|RPS19|C5AR1,cSLE,33,33,0,0,0,0,0,0,33
NK Cells|Non-classical Monocytes|SELPLG|ITGB2,aHD,5,5,0,0,0,0,0,0,5
NK Cells|Non-classical Monocytes|SELPLG|ITGB2,aSLE,7,7,0,0,0,0,0,0,7
NK Cells|Non-classical Monocytes|SELPLG|ITGB2,cHD,11,11,0,0,0,0,0,0,11
NK Cells|Non-classical Monocytes|SELPLG|ITGB2,cSLE,33,33,0,0,0,0,0,0,33
NK Cells|Non-classical Monocytes|SELPLG|SELL,aHD,5,5,0,0,0,0,0,0,5
NK Cells|Non-classical Monocytes|SELPLG|SELL,aSLE,7,7,0,0,0,0,0,0,7
NK Cells|Non-classical Monocytes|SELPLG|SELL,cHD,11,11,0,0,0,0,0,0,11
NK Cells|Non-classical Monocytes|SELPLG|SELL,cSLE,33,33,0,0,0,0,0,0,33
NK Cells|Non-classical Monocytes|SEMA4D|PLXNB2,aHD,5,5,0,0,0,0,0,0,5
NK Cells|Non-classical Monocytes|SEMA4D|PLXNB2,aSLE,7,7,0,0,0,0,0,0,7
NK Cells|Non-classical Monocytes|SEMA4D|PLXNB2,cHD,10,11,0,0,1,0,0,0,11
NK Cells|Non-classical Monocytes|SEMA4D|PLXNB2,cSLE,32,33,0,0,1,0,0,0,33
NK Cells|Non-classical Monocytes|SPON2|ITGA4,aHD,5,5,0,0,0,0,0,0,5
NK Cells|Non-classical Monocytes|SPON2|ITGA4,aSLE,7,7,0,0,0,0,0,0,7
NK Cells|Non-classical Monocytes|SPON2|ITGA4,cHD,11,11,0,0,0,0,0,0,11
NK Cells|Non-classical Monocytes|SPON2|ITGA4,cSLE,33,33,0,0,0,0,0,0,33
NK Cells|Non-classical Monocytes|SPON2|ITGB1,aHD,5,5,0,0,0,0,0,0,5
NK Cells|Non-classical Monocytes|SPON2|ITGB1,aSLE,7,7,0,0,0,0,0,0,7
NK Cells|Non-classical Monocytes|SPON2|ITGB1,cHD,11,11,0,0,0,0,0,0,11
NK Cells|Non-classical Monocytes|SPON2|ITGB1,cSLE,33,33,0,0,0,0,0,0,33
NK Cells|Non-classical Monocytes|SPON2|ITGB2,aHD,5,5,0,0,0,0,0,0,5
NK Cells|Non-classical Monocytes|SPON2|ITGB2,aSLE,7,7,0,0,0,0,0,0,7
NK Cells|Non-classical Monocytes|SPON2|ITGB2,cHD,11,11,0,0,0,0,0,0,11
NK Cells|Non-classical Monocytes|SPON2|ITGB2,cSLE,33,33,0,0,0,0,0,0,33
NK Cells|Non-classical Monocytes|TGFB1|CXCR4,aHD,5,5,0,0,0,0,0,0,5
NK Cells|Non-classical Monocytes|TGFB1|CXCR4,aSLE,7,7,0,0,0,0,0,0,7
NK Cells|Non-classical Monocytes|TGFB1|CXCR4,cHD,11,11,0,0,0,0,0,0,11
NK Cells|Non-classical Monocytes|TGFB1|CXCR4,cSLE,33,33,0,0,0,0,0,0,33
NK Cells|Non-classical Monocytes|TGFB1|ITGB1,aHD,5,5,0,0,0,0,0,0,5
NK Cells|Non-classical Monocytes|TGFB1|ITGB1,aSLE,7,7,0,0,0,0,0,0,7
NK Cells|Non-classical Monocytes|TGFB1|ITGB1,cHD,11,11,0,0,0,0,0,0,11
NK Cells|Non-classical Monocytes|TGFB1|ITGB1,cSLE,33,33,0,0,0,0,0,0,33
NK Cells|Non-classical Monocytes|TGFB1|LPP,aHD,5,5,0,0,0,0,0,0,5
NK Cells|Non-classical Monocytes|TGFB1|LPP,aSLE,7,7,0,0,0,0,0,0,7
NK Cells|Non-classical Monocytes|TGFB1|LPP,cHD,11,11,0,0,0,0,0,0,11
NK Cells|Non-classical Monocytes|TGFB1|LPP,cSLE,31,33,0,0,0,2,0,0,33
NK Cells|Non-classical Monocytes|TIMP1|CD63,aHD,5,5,0,0,0,0,0,0,5
NK Cells|Non-classical Monocytes|TIMP1|CD63,aSLE,6,7,0,0,1,0,0,0,7
NK Cells|Non-classical Monocytes|TIMP1|CD63,cHD,11,11,0,0,0,0,0,0,11
NK Cells|Non-classical Monocytes|TIMP1|CD63,cSLE,32,33,0,0,1,0,0,0,33
NK Cells|Non-classical Monocytes|VIM|CD44,aHD,5,5,0,0,0,0,0,0,5
NK Cells|Non-classical Monocytes|VIM|CD44,aSLE,7,7,0,0,0,0,0,0,7
NK Cells|Non-classical Monocytes|VIM|CD44,cHD,11,11,0,0,0,0,0,0,11
NK Cells|Non-classical Monocytes|VIM|CD44,cSLE,33,33,0,0,0,0,0,0,33
NK Cells|pDCs|ARF6|SMAP1,aHD,5,5,0,0,0,0,0,0,5
NK Cells|pDCs|ARF6|SMAP1,aSLE,6,7,0,0,0,1,0,0,7
NK Cells|pDCs|ARF6|SMAP1,cHD,9,10,0,1,0,1,0,0,11
NK Cells|pDCs|ARF6|SMAP1,cSLE,16,22,0,11,0,8,0,0,33
NK Cells|pDCs|CALM1|PTPRA,aHD,5,5,0,0,0,0,0,0,5
NK Cells|pDCs|CALM1|PTPRA,aSLE,7,7,0,0,0,0,0,0,7
NK Cells|pDCs|CALM1|PTPRA,cHD,10,10,0,1,0,0,0,0,11
NK Cells|pDCs|CALM1|PTPRA,cSLE,20,22,0,11,0,5,0,0,33
NK Cells|pDCs|CCL5|CXCR3,aHD,5,5,0,0,0,0,0,0,5
NK Cells|pDCs|CCL5|CXCR3,aSLE,7,7,0,0,0,0,0,0,7
NK Cells|pDCs|CCL5|CXCR3,cHD,10,10,0,1,0,0,0,0,11
NK Cells|pDCs|CCL5|CXCR3,cSLE,21,22,0,11,0,3,0,0,33
NK Cells|pDCs|GNAI2|ADCY7,aHD,5,5,0,0,0,0,0,0,5
NK Cells|pDCs|GNAI2|ADCY7,aSLE,6,7,0,0,0,1,0,0,7
NK Cells|pDCs|GNAI2|ADCY7,cHD,6,10,0,1,0,4,0,0,11
NK Cells|pDCs|GNAI2|ADCY7,cSLE,17,22,0,11,0,11,0,0,33
NK Cells|pDCs|GNAI2|CXCR3,aHD,5,5,0,0,0,0,0,0,5
NK Cells|pDCs|GNAI2|CXCR3,aSLE,7,7,0,0,0,0,0,0,7
NK Cells|pDCs|GNAI2|CXCR3,cHD,10,10,0,1,0,0,0,0,11
NK Cells|pDCs|GNAI2|CXCR3,cSLE,21,22,0,11,0,3,0,0,33
NK Cells|pDCs|GNAS|ADCY7,aHD,5,5,0,0,0,0,0,0,5
NK Cells|pDCs|GNAS|ADCY7,aSLE,6,7,0,0,0,1,0,0,7
NK Cells|pDCs|GNAS|ADCY7,cHD,6,10,0,1,0,4,0,0,11
NK Cells|pDCs|GNAS|ADCY7,cSLE,17,22,0,11,0,11,0,0,33
NK Cells|pDCs|HLA-A|LILRB1,aHD,5,5,0,0,0,0,0,0,5
NK Cells|pDCs|HLA-A|LILRB1,aSLE,7,7,0,0,0,0,0,0,7
NK Cells|pDCs|HLA-A|LILRB1,cHD,10,10,0,1,0,0,0,0,11
NK Cells|pDCs|HLA-A|LILRB1,cSLE,21,22,0,11,0,6,0,0,33
NK Cells|pDCs|HLA-B|LILRB1,aHD,5,5,0,0,0,0,0,0,5
NK Cells|pDCs|HLA-B|LILRB1,aSLE,7,7,0,0,0,0,0,0,7
NK Cells|pDCs|HLA-B|LILRB1,cHD,10,10,0,1,0,0,0,0,11
NK Cells|pDCs|HLA-B|LILRB1,cSLE,21,22,0,11,0,6,0,0,33
NK Cells|pDCs|HLA-C|LILRB1,aHD,5,5,0,0,0,0,0,0,5
NK Cells|pDCs|HLA-C|LILRB1,aSLE,7,7,0,0,0,0,0,0,7
NK Cells|pDCs|HLA-C|LILRB1,cHD,10,10,0,1,0,0,0,0,11
NK Cells|pDCs|HLA-C|LILRB1,cSLE,21,22,0,11,0,6,0,0,33
NK Cells|pDCs|HLA-DPA1|CD4,aHD,5,5,0,0,0,0,0,0,5
NK Cells|pDCs|HLA-DPA1|CD4,aSLE,7,7,0,0,0,0,0,0,7
NK Cells|pDCs|HLA-DPA1|CD4,cHD,10,10,0,1,0,0,0,0,11
NK Cells|pDCs|HLA-DPA1|CD4,cSLE,21,22,0,11,0,2,0,0,33
NK Cells|pDCs|HLA-DPB1|CD4,aHD,5,5,0,0,0,0,0,0,5
NK Cells|pDCs|HLA-DPB1|CD4,aSLE,7,7,0,0,0,0,0,0,7
NK Cells|pDCs|HLA-DPB1|CD4,cHD,10,10,0,1,0,0,0,0,11
NK Cells|pDCs|HLA-DPB1|CD4,cSLE,21,22,0,11,0,2,0,0,33
NK Cells|pDCs|HLA-DRA|CD4,aHD,5,5,0,0,0,0,0,0,5
NK Cells|pDCs|HLA-DRA|CD4,aSLE,6,7,0,0,1,0,0,0,7
NK Cells|pDCs|HLA-DRA|CD4,cHD,10,10,0,1,0,0,0,0,11
NK Cells|pDCs|HLA-DRA|CD4,cSLE,21,22,0,11,0,2,0,0,33
NK Cells|pDCs|HLA-DRB1|CD4,aHD,5,5,0,0,0,0,0,0,5
NK Cells|pDCs|HLA-DRB1|CD4,aSLE,7,7,0,0,0,0,0,0,7
NK Cells|pDCs|HLA-DRB1|CD4,cHD,10,10,0,1,0,0,0,0,11
NK Cells|pDCs|HLA-DRB1|CD4,cSLE,21,22,0,11,0,2,0,0,33
NK Cells|pDCs|HLA-F|LILRB1,aHD,5,5,0,0,0,0,0,0,5
NK Cells|pDCs|HLA-F|LILRB1,aSLE,7,7,0,0,0,0,0,0,7
NK Cells|pDCs|HLA-F|LILRB1,cHD,10,10,0,1,0,0,0,0,11
NK Cells|pDCs|HLA-F|LILRB1,cSLE,21,22,0,11,0,6,0,0,33
NK Cells|pDCs|HMGB1|CXCR4,aHD,5,5,0,0,0,0,0,0,5
NK Cells|pDCs|HMGB1|CXCR4,aSLE,7,7,0,0,0,0,0,0,7
NK Cells|pDCs|HMGB1|CXCR4,cHD,10,10,0,1,0,0,0,0,11
NK Cells|pDCs|HMGB1|CXCR4,cSLE,22,22,0,11,0,0,0,0,33
NK Cells|pDCs|IL16|CD4,aHD,5,5,0,0,0,0,0,0,5
NK Cells|pDCs|IL16|CD4,aSLE,7,7,0,0,0,0,0,0,7
NK Cells|pDCs|IL16|CD4,cHD,10,10,0,1,0,0,0,0,11
NK Cells|pDCs|IL16|CD4,cSLE,21,22,0,11,0,2,0,0,33
NK Cells|pDCs|LGALS1|CD69,aHD,5,5,0,0,0,0,0,0,5
NK Cells|pDCs|LGALS1|CD69,aSLE,7,7,0,0,0,0,0,0,7
NK Cells|pDCs|LGALS1|CD69,cHD,10,10,0,1,0,0,0,0,11
NK Cells|pDCs|LGALS1|CD69,cSLE,22,22,0,11,0,0,0,0,33
NK Cells|pDCs|LGALS1|ITGB1,aHD,5,5,0,0,0,0,0,0,5
NK Cells|pDCs|LGALS1|ITGB1,aSLE,7,7,0,0,0,0,0,0,7
NK Cells|pDCs|LGALS1|ITGB1,cHD,10,10,0,1,0,0,0,0,11
NK Cells|pDCs|LGALS1|ITGB1,cSLE,22,22,0,11,0,1,0,0,33
NK Cells|pDCs|LGALS1|PTPRC,aHD,5,5,0,0,0,0,0,0,5
NK Cells|pDCs|LGALS1|PTPRC,aSLE,7,7,0,0,0,0,0,0,7
NK Cells|pDCs|LGALS1|PTPRC,cHD,10,10,0,1,0,0,0,0,11
NK Cells|pDCs|LGALS1|PTPRC,cSLE,22,22,0,11,0,0,0,0,33
NK Cells|pDCs|LRPAP1|SORL1,aHD,5,5,0,0,0,0,0,0,5
NK Cells|pDCs|LRPAP1|SORL1,aSLE,6,7,0,0,0,1,0,0,7
NK Cells|pDCs|LRPAP1|SORL1,cHD,9,10,0,1,0,1,0,0,11
NK Cells|pDCs|LRPAP1|SORL1,cSLE,19,22,0,11,0,4,0,0,33
NK Cells|pDCs|MIF|CD44_CD74,aHD,5,5,0,0,0,0,0,0,5
NK Cells|pDCs|MIF|CD44_CD74,aSLE,7,7,0,0,0,0,0,0,7
NK Cells|pDCs|MIF|CD44_CD74,cHD,10,10,0,1,0,0,0,0,11
NK Cells|pDCs|MIF|CD44_CD74,cSLE,22,22,0,11,0,1,0,0,33
NK Cells|pDCs|MIF|CD74_CXCR4,aHD,5,5,0,0,0,0,0,0,5
NK Cells|pDCs|MIF|CD74_CXCR4,aSLE,7,7,0,0,0,0,0,0,7
NK Cells|pDCs|MIF|CD74_CXCR4,cHD,10,10,0,1,0,0,0,0,11
NK Cells|pDCs|MIF|CD74_CXCR4,cSLE,22,22,0,11,0,0,0,0,33
NK Cells|pDCs|MIF|TNFRSF14,aHD,5,5,0,0,0,0,0,0,5
NK Cells|pDCs|MIF|TNFRSF14,aSLE,7,7,0,0,0,0,0,0,7
NK Cells|pDCs|MIF|TNFRSF14,cHD,10,10,0,1,0,0,0,0,11
NK Cells|pDCs|MIF|TNFRSF14,cSLE,22,22,0,11,0,0,0,0,33
NK Cells|pDCs|PKM|CD44,aHD,5,5,0,0,0,0,0,0,5
NK Cells|pDCs|PKM|CD44,aSLE,7,7,0,0,0,0,0,0,7
NK Cells|pDCs|PKM|CD44,cHD,10,10,0,1,0,0,0,0,11
NK Cells|pDCs|PKM|CD44,cSLE,22,22,0,11,0,1,0,0,33
NK Cells|pDCs|SELPLG|ITGB2,aHD,5,5,0,0,0,0,0,0,5
NK Cells|pDCs|SELPLG|ITGB2,aSLE,7,7,0,0,0,0,0,0,7
NK Cells|pDCs|SELPLG|ITGB2,cHD,10,10,0,1,0,1,0,0,11
NK Cells|pDCs|SELPLG|ITGB2,cSLE,22,22,0,11,0,0,0,0,33
NK Cells|pDCs|SELPLG|SELL,aHD,5,5,0,0,0,0,0,0,5
NK Cells|pDCs|SELPLG|SELL,aSLE,7,7,0,0,0,0,0,0,7
NK Cells|pDCs|SELPLG|SELL,cHD,10,10,0,1,0,0,0,0,11
NK Cells|pDCs|SELPLG|SELL,cSLE,22,22,0,11,0,0,0,0,33
NK Cells|pDCs|SPON2|ITGA4,aHD,5,5,0,0,0,0,0,0,5
NK Cells|pDCs|SPON2|ITGA4,aSLE,7,7,0,0,0,0,0,0,7
NK Cells|pDCs|SPON2|ITGA4,cHD,7,10,0,1,0,3,0,0,11
NK Cells|pDCs|SPON2|ITGA4,cSLE,18,22,0,11,0,6,0,0,33
NK Cells|pDCs|SPON2|ITGB1,aHD,5,5,0,0,0,0,0,0,5
NK Cells|pDCs|SPON2|ITGB1,aSLE,7,7,0,0,0,0,0,0,7
NK Cells|pDCs|SPON2|ITGB1,cHD,10,10,0,1,0,0,0,0,11
NK Cells|pDCs|SPON2|ITGB1,cSLE,22,22,0,11,0,1,0,0,33
NK Cells|pDCs|SPON2|ITGB2,aHD,5,5,0,0,0,0,0,0,5
NK Cells|pDCs|SPON2|ITGB2,aSLE,7,7,0,0,0,0,0,0,7
NK Cells|pDCs|SPON2|ITGB2,cHD,10,10,0,1,0,1,0,0,11
NK Cells|pDCs|SPON2|ITGB2,cSLE,22,22,0,11,0,0,0,0,33
NK Cells|pDCs|TGFB1|CXCR4,aHD,5,5,0,0,0,0,0,0,5
NK Cells|pDCs|TGFB1|CXCR4,aSLE,7,7,0,0,0,0,0,0,7
NK Cells|pDCs|TGFB1|CXCR4,cHD,10,10,0,1,0,0,0,0,11
NK Cells|pDCs|TGFB1|CXCR4,cSLE,22,22,0,11,0,0,0,0,33
NK Cells|pDCs|TGFB1|ITGB1,aHD,5,5,0,0,0,0,0,0,5
NK Cells|pDCs|TGFB1|ITGB1,aSLE,7,7,0,0,0,0,0,0,7
NK Cells|pDCs|TGFB1|ITGB1,cHD,10,10,0,1,0,0,0,0,11
NK Cells|pDCs|TGFB1|ITGB1,cSLE,22,22,0,11,0,1,0,0,33
NK Cells|pDCs|TIMP1|CD63,aHD,5,5,0,0,0,0,0,0,5
NK Cells|pDCs|TIMP1|CD63,aSLE,6,7,0,0,1,0,0,0,7
NK Cells|pDCs|TIMP1|CD63,cHD,10,10,0,1,0,0,0,0,11
NK Cells|pDCs|TIMP1|CD63,cSLE,22,22,0,11,1,0,0,0,33
NK Cells|pDCs|VIM|CD44,aHD,5,5,0,0,0,0,0,0,5
NK Cells|pDCs|VIM|CD44,aSLE,7,7,0,0,0,0,0,0,7
NK Cells|pDCs|VIM|CD44,cHD,10,10,0,1,0,0,0,0,11
NK Cells|pDCs|VIM|CD44,cSLE,22,22,0,11,0,1,0,0,33
Non-classical Monocytes|B Cells|ADAM10|CD44,aHD,5,5,0,0,0,0,0,0,5
Non-classical Monocytes|B Cells|ADAM10|CD44,aSLE,7,7,0,0,0,0,0,0,7
Non-classical Monocytes|B Cells|ADAM10|CD44,cHD,11,11,0,0,0,0,0,0,11
Non-classical Monocytes|B Cells|ADAM10|CD44,cSLE,33,33,0,0,0,0,0,0,33
Non-classical Monocytes|B Cells|ADAM15|ITGB1,aHD,5,5,0,0,0,0,0,0,5
Non-classical Monocytes|B Cells|ADAM15|ITGB1,aSLE,7,7,0,0,0,0,0,0,7
Non-classical Monocytes|B Cells|ADAM15|ITGB1,cHD,5,11,0,0,3,3,0,0,11
Non-classical Monocytes|B Cells|ADAM15|ITGB1,cSLE,24,33,0,0,1,8,0,0,33
Non-classical Monocytes|B Cells|ADAM17|ITGB1,aHD,5,5,0,0,0,0,0,0,5
Non-classical Monocytes|B Cells|ADAM17|ITGB1,aSLE,7,7,0,0,0,0,0,0,7
Non-classical Monocytes|B Cells|ADAM17|ITGB1,cHD,8,11,0,0,0,3,0,0,11
Non-classical Monocytes|B Cells|ADAM17|ITGB1,cSLE,25,33,0,0,0,8,0,0,33
Non-classical Monocytes|B Cells|ADAM17|RHBDF2,aHD,5,5,0,0,0,0,0,0,5
Non-classical Monocytes|B Cells|ADAM17|RHBDF2,aSLE,7,7,0,0,0,0,0,0,7
Non-classical Monocytes|B Cells|ADAM17|RHBDF2,cHD,11,11,0,0,0,0,0,0,11
Non-classical Monocytes|B Cells|ADAM17|RHBDF2,cSLE,33,33,0,0,0,0,0,0,33
Non-classical Monocytes|B Cells|APP|CD74,aHD,5,5,0,0,0,0,0,0,5
Non-classical Monocytes|B Cells|APP|CD74,aSLE,7,7,0,0,0,0,0,0,7
Non-classical Monocytes|B Cells|APP|CD74,cHD,6,11,0,0,5,0,0,0,11
Non-classical Monocytes|B Cells|APP|CD74,cSLE,31,33,0,0,2,0,0,0,33
Non-classical Monocytes|B Cells|APP|LRP10,aHD,5,5,0,0,0,0,0,0,5
Non-classical Monocytes|B Cells|APP|LRP10,aSLE,7,7,0,0,0,0,0,0,7
Non-classical Monocytes|B Cells|APP|LRP10,cHD,6,11,0,0,5,0,0,0,11
Non-classical Monocytes|B Cells|APP|LRP10,cSLE,31,33,0,0,2,0,0,0,33
Non-classical Monocytes|B Cells|CD14|ITGB1,aHD,5,5,0,0,0,0,0,0,5
Non-classical Monocytes|B Cells|CD14|ITGB1,aSLE,7,7,0,0,0,0,0,0,7
Non-classical Monocytes|B Cells|CD14|ITGB1,cHD,8,11,0,0,0,3,0,0,11
Non-classical Monocytes|B Cells|CD14|ITGB1,cSLE,25,33,0,0,0,8,0,0,33
Non-classical Monocytes|B Cells|CD14|ITGB2,aHD,5,5,0,0,0,0,0,0,5
Non-classical Monocytes|B Cells|CD14|ITGB2,aSLE,7,7,0,0,0,0,0,0,7
Non-classical Monocytes|B Cells|CD14|ITGB2,cHD,11,11,0,0,0,0,0,0,11
Non-classical Monocytes|B Cells|CD14|ITGB2,cSLE,33,33,0,0,0,0,0,0,33
Non-classical Monocytes|B Cells|CD99|CD81,aHD,5,5,0,0,0,0,0,0,5
Non-classical Monocytes|B Cells|CD99|CD81,aSLE,6,7,0,0,0,1,0,0,7
Non-classical Monocytes|B Cells|CD99|CD81,cHD,11,11,0,0,0,0,0,0,11
Non-classical Monocytes|B Cells|CD99|CD81,cSLE,29,33,0,0,0,4,0,0,33
Non-classical Monocytes|B Cells|COPA|CD74,aHD,5,5,0,0,0,0,0,0,5
Non-classical Monocytes|B Cells|COPA|CD74,aSLE,7,7,0,0,0,0,0,0,7
Non-classical Monocytes|B Cells|COPA|CD74,cHD,11,11,0,0,0,0,0,0,11
Non-classical Monocytes|B Cells|COPA|CD74,cSLE,33,33,0,0,0,0,0,0,33
Non-classical Monocytes|B Cells|GNAI2|S1PR4,aHD,5,5,0,0,0,0,0,0,5
Non-classical Monocytes|B Cells|GNAI2|S1PR4,aSLE,7,7,0,0,0,0,0,0,7
Non-classical Monocytes|B Cells|GNAI2|S1PR4,cHD,11,11,0,0,0,0,0,0,11
Non-classical Monocytes|B Cells|GNAI2|S1PR4,cSLE,29,33,0,0,0,4,0,0,33
Non-classical Monocytes|B Cells|HBEGF|CD44,aHD,5,5,0,0,0,0,0,0,5
Non-classical Monocytes|B Cells|HBEGF|CD44,aSLE,7,7,0,0,0,0,0,0,7
Non-classical Monocytes|B Cells|HBEGF|CD44,cHD,8,11,0,0,3,0,0,0,11
Non-classical Monocytes|B Cells|HBEGF|CD44,cSLE,25,33,0,0,8,0,0,0,33
Non-classical Monocytes|B Cells|HBEGF|CD82,aHD,5,5,0,0,0,0,0,0,5
Non-classical Monocytes|B Cells|HBEGF|CD82,aSLE,7,7,0,0,0,0,0,0,7
Non-classical Monocytes|B Cells|HBEGF|CD82,cHD,8,11,0,0,3,0,0,0,11
Non-classical Monocytes|B Cells|HBEGF|CD82,cSLE,23,33,0,0,8,2,0,0,33
Non-classical Monocytes|B Cells|HLA-A|APLP2,aHD,5,5,0,0,0,0,0,0,5
Non-classical Monocytes|B Cells|HLA-A|APLP2,aSLE,5,7,0,0,0,2,0,0,7
Non-classical Monocytes|B Cells|HLA-A|APLP2,cHD,11,11,0,0,0,0,0,0,11
Non-classical Monocytes|B Cells|HLA-A|APLP2,cSLE,30,33,0,0,0,3,0,0,33
Non-classical Monocytes|B Cells|HMGB1|CXCR4,aHD,5,5,0,0,0,0,0,0,5
Non-classical Monocytes|B Cells|HMGB1|CXCR4,aSLE,7,7,0,0,0,0,0,0,7
Non-classical Monocytes|B Cells|HMGB1|CXCR4,cHD,11,11,0,0,0,0,0,0,11
Non-classical Monocytes|B Cells|HMGB1|CXCR4,cSLE,33,33,0,0,0,0,0,0,33
Non-classical Monocytes|B Cells|ICAM1|IL2RG,aHD,5,5,0,0,0,0,0,0,5
Non-classical Monocytes|B Cells|ICAM1|IL2RG,aSLE,7,7,0,0,0,0,0,0,7
Non-classical Monocytes|B Cells|ICAM1|IL2RG,cHD,9,11,0,0,2,0,0,0,11
Non-classical Monocytes|B Cells|ICAM1|IL2RG,cSLE,26,33,0,0,7,0,0,0,33
Non-classical Monocytes|B Cells|IL1B|SIGIRR,aHD,5,5,0,0,0,0,0,0,5
Non-classical Monocytes|B Cells|IL1B|SIGIRR,aSLE,6,7,0,0,0,1,0,0,7
Non-classical Monocytes|B Cells|IL1B|SIGIRR,cHD,11,11,0,0,0,0,0,0,11
Non-classical Monocytes|B Cells|IL1B|SIGIRR,cSLE,27,33,0,0,0,6,0,0,33
Non-classical Monocytes|B Cells|LGALS1|CD69,aHD,5,5,0,0,0,0,0,0,5
Non-classical Monocytes|B Cells|LGALS1|CD69,aSLE,7,7,0,0,0,0,0,0,7
Non-classical Monocytes|B Cells|LGALS1|CD69,cHD,11,11,0,0,0,0,0,0,11
Non-classical Monocytes|B Cells|LGALS1|CD69,cSLE,33,33,0,0,0,0,0,0,33
Non-classical Monocytes|B Cells|LGALS1|ITGB1,aHD,5,5,0,0,0,0,0,0,5
Non-classical Monocytes|B Cells|LGALS1|ITGB1,aSLE,7,7,0,0,0,0,0,0,7
Non-classical Monocytes|B Cells|LGALS1|ITGB1,cHD,8,11,0,0,0,3,0,0,11
Non-classical Monocytes|B Cells|LGALS1|ITGB1,cSLE,25,33,0,0,0,8,0,0,33
Non-classical Monocytes|B Cells|LGALS1|PTPRC,aHD,5,5,0,0,0,0,0,0,5
Non-classical Monocytes|B Cells|LGALS1|PTPRC,aSLE,7,7,0,0,0,0,0,0,7
Non-classical Monocytes|B Cells|LGALS1|PTPRC,cHD,11,11,0,0,0,0,0,0,11
Non-classical Monocytes|B Cells|LGALS1|PTPRC,cSLE,33,33,0,0,0,0,0,0,33
Non-classical Monocytes|B Cells|LGALS9|CD44,aHD,5,5,0,0,0,0,0,0,5
Non-classical Monocytes|B Cells|LGALS9|CD44,aSLE,7,7,0,0,0,0,0,0,7
Non-classical Monocytes|B Cells|LGALS9|CD44,cHD,11,11,0,0,0,0,0,0,11
Non-classical Monocytes|B Cells|LGALS9|CD44,cSLE,33,33,0,0,0,0,0,0,33
Non-classical Monocytes|B Cells|LGALS9|CD47,aHD,5,5,0,0,0,0,0,0,5
Non-classical Monocytes|B Cells|LGALS9|CD47,aSLE,7,7,0,0,0,0,0,0,7
Non-classical Monocytes|B Cells|LGALS9|CD47,cHD,11,11,0,0,0,0,0,0,11
Non-classical Monocytes|B Cells|LGALS9|CD47,cSLE,33,33,0,0,0,0,0,0,33
Non-classical Monocytes|B Cells|LGALS9|PTPRC,aHD,5,5,0,0,0,0,0,0,5
Non-classical Monocytes|B Cells|LGALS9|PTPRC,aSLE,7,7,0,0,0,0,0,0,7
Non-classical Monocytes|B Cells|LGALS9|PTPRC,cHD,11,11,0,0,0,0,0,0,11
Non-classical Monocytes|B Cells|LGALS9|PTPRC,cSLE,33,33,0,0,0,0,0,0,33
Non-classical Monocytes|B Cells|LTB|CD40,aHD,5,5,0,0,0,0,0,0,5
Non-classical Monocytes|B Cells|LTB|CD40,aSLE,7,7,0,0,0,0,0,0,7
Non-classical Monocytes|B Cells|LTB|CD40,cHD,11,11,0,0,0,0,0,0,11
Non-classical Monocytes|B Cells|LTB|CD40,cSLE,33,33,0,0,0,0,0,0,33
Non-classical Monocytes|B Cells|MIF|CD44_CD74,aHD,5,5,0,0,0,0,0,0,5
Non-classical Monocytes|B Cells|MIF|CD44_CD74,aSLE,7,7,0,0,0,0,0,0,7
Non-classical Monocytes|B Cells|MIF|CD44_CD74,cHD,11,11,0,0,0,0,0,0,11
Non-classical Monocytes|B Cells|MIF|CD44_CD74,cSLE,33,33,0,0,0,0,0,0,33
Non-classical Monocytes|B Cells|MIF|CD74_CXCR4,aHD,5,5,0,0,0,0,0,0,5
Non-classical Monocytes|B Cells|MIF|CD74_CXCR4,aSLE,7,7,0,0,0,0,0,0,7
Non-classical Monocytes|B Cells|MIF|CD74_CXCR4,cHD,11,11,0,0,0,0,0,0,11
Non-classical Monocytes|B Cells|MIF|CD74_CXCR4,cSLE,33,33,0,0,0,0,0,0,33
Non-classical Monocytes|B Cells|MIF|TNFRSF14,aHD,5,5,0,0,0,0,0,0,5
Non-classical Monocytes|B Cells|MIF|TNFRSF14,aSLE,7,7,0,0,0,0,0,0,7
Non-classical Monocytes|B Cells|MIF|TNFRSF14,cHD,11,11,0,0,0,0,0,0,11
Non-classical Monocytes|B Cells|MIF|TNFRSF14,cSLE,33,33,0,0,0,0,0,0,33
Non-classical Monocytes|B Cells|PKM|CD44,aHD,5,5,0,0,0,0,0,0,5
Non-classical Monocytes|B Cells|PKM|CD44,aSLE,7,7,0,0,0,0,0,0,7
Non-classical Monocytes|B Cells|PKM|CD44,cHD,11,11,0,0,0,0,0,0,11
Non-classical Monocytes|B Cells|PKM|CD44,cSLE,33,33,0,0,0,0,0,0,33
Non-classical Monocytes|B Cells|PSEN1|CD44,aHD,5,5,0,0,0,0,0,0,5
Non-classical Monocytes|B Cells|PSEN1|CD44,aSLE,7,7,0,0,0,0,0,0,7
Non-classical Monocytes|B Cells|PSEN1|CD44,cHD,11,11,0,0,0,0,0,0,11
Non-classical Monocytes|B Cells|PSEN1|CD44,cSLE,33,33,0,0,0,0,0,0,33
Non-classical Monocytes|B Cells|S100A8|CD69,aHD,5,5,0,0,0,0,0,0,5
Non-classical Monocytes|B Cells|S100A8|CD69,aSLE,7,7,0,0,0,0,0,0,7
Non-classical Monocytes|B Cells|S100A8|CD69,cHD,11,11,0,0,0,0,0,0,11
Non-classical Monocytes|B Cells|S100A8|CD69,cSLE,33,33,0,0,0,0,0,0,33
Non-classical Monocytes|B Cells|S100A8|ITGB2,aHD,5,5,0,0,0,0,0,0,5
Non-classical Monocytes|B Cells|S100A8|ITGB2,aSLE,7,7,0,0,0,0,0,0,7
Non-classical Monocytes|B Cells|S100A8|ITGB2,cHD,11,11,0,0,0,0,0,0,11
Non-classical Monocytes|B Cells|S100A8|ITGB2,cSLE,33,33,0,0,0,0,0,0,33
Non-classical Monocytes|B Cells|S100A9|ITGB2,aHD,5,5,0,0,0,0,0,0,5
Non-classical Monocytes|B Cells|S100A9|ITGB2,aSLE,7,7,0,0,0,0,0,0,7
Non-classical Monocytes|B Cells|S100A9|ITGB2,cHD,11,11,0,0,0,0,0,0,11
Non-classical Monocytes|B Cells|S100A9|ITGB2,cSLE,33,33,0,0,0,0,0,0,33
Non-classical Monocytes|B Cells|SELPLG|ITGB2,aHD,5,5,0,0,0,0,0,0,5
Non-classical Monocytes|B Cells|SELPLG|ITGB2,aSLE,7,7,0,0,0,0,0,0,7
Non-classical Monocytes|B Cells|SELPLG|ITGB2,cHD,11,11,0,0,0,0,0,0,11
Non-classical Monocytes|B Cells|SELPLG|ITGB2,cSLE,33,33,0,0,0,0,0,0,33
Non-classical Monocytes|B Cells|SELPLG|SELL,aHD,5,5,0,0,0,0,0,0,5
Non-classical Monocytes|B Cells|SELPLG|SELL,aSLE,7,7,0,0,0,0,0,0,7
Non-classical Monocytes|B Cells|SELPLG|SELL,cHD,11,11,0,0,0,0,0,0,11
Non-classical Monocytes|B Cells|SELPLG|SELL,cSLE,33,33,0,0,0,0,0,0,33
Non-classical Monocytes|B Cells|SEMA4D|CD72,aHD,5,5,0,0,0,0,0,0,5
Non-classical Monocytes|B Cells|SEMA4D|CD72,aSLE,6,7,0,0,0,1,0,0,7
Non-classical Monocytes|B Cells|SEMA4D|CD72,cHD,10,11,0,0,1,0,0,0,11
Non-classical Monocytes|B Cells|SEMA4D|CD72,cSLE,33,33,0,0,0,0,0,0,33
Non-classical Monocytes|B Cells|TGFB1|CXCR4,aHD,5,5,0,0,0,0,0,0,5
Non-classical Monocytes|B Cells|TGFB1|CXCR4,aSLE,7,7,0,0,0,0,0,0,7
Non-classical Monocytes|B Cells|TGFB1|CXCR4,cHD,11,11,0,0,0,0,0,0,11
Non-classical Monocytes|B Cells|TGFB1|CXCR4,cSLE,33,33,0,0,0,0,0,0,33
Non-classical Monocytes|B Cells|TGFB1|ITGB1,aHD,5,5,0,0,0,0,0,0,5
Non-classical Monocytes|B Cells|TGFB1|ITGB1,aSLE,7,7,0,0,0,0,0,0,7
Non-classical Monocytes|B Cells|TGFB1|ITGB1,cHD,8,11,0,0,0,3,0,0,11
Non-classical Monocytes|B Cells|TGFB1|ITGB1,cSLE,25,33,0,0,0,8,0,0,33
Non-classical Monocytes|B Cells|TIMP1|CD63,aHD,5,5,0,0,0,0,0,0,5
Non-classical Monocytes|B Cells|TIMP1|CD63,aSLE,6,7,0,0,0,1,0,0,7
Non-classical Monocytes|B Cells|TIMP1|CD63,cHD,11,11,0,0,0,0,0,0,11
Non-classical Monocytes|B Cells|TIMP1|CD63,cSLE,32,33,0,0,0,1,0,0,33
Non-classical Monocytes|B Cells|TIMP2|CD44,aHD,5,5,0,0,0,0,0,0,5
Non-classical Monocytes|B Cells|TIMP2|CD44,aSLE,7,7,0,0,0,0,0,0,7
Non-classical Monocytes|B Cells|TIMP2|CD44,cHD,11,11,0,0,0,0,0,0,11
Non-classical Monocytes|B Cells|TIMP2|CD44,cSLE,33,33,0,0,0,0,0,0,33
Non-classical Monocytes|B Cells|TIMP2|ITGB1,aHD,5,5,0,0,0,0,0,0,5
Non-classical Monocytes|B Cells|TIMP2|ITGB1,aSLE,7,7,0,0,0,0,0,0,7
Non-classical Monocytes|B Cells|TIMP2|ITGB1,cHD,8,11,0,0,0,3,0,0,11
Non-classical Monocytes|B Cells|TIMP2|ITGB1,cSLE,25,33,0,0,0,8,0,0,33
Non-classical Monocytes|B Cells|TNFSF13B|CD40,aHD,5,5,0,0,0,0,0,0,5
Non-classical Monocytes|B Cells|TNFSF13B|CD40,aSLE,7,7,0,0,0,0,0,0,7
Non-classical Monocytes|B Cells|TNFSF13B|CD40,cHD,11,11,0,0,0,0,0,0,11
Non-classical Monocytes|B Cells|TNFSF13B|CD40,cSLE,33,33,0,0,0,0,0,0,33
Non-classical Monocytes|B Cells|TNFSF13B|HLA-DPB1,aHD,5,5,0,0,0,0,0,0,5
Non-classical Monocytes|B Cells|TNFSF13B|HLA-DPB1,aSLE,7,7,0,0,0,0,0,0,7
Non-classical Monocytes|B Cells|TNFSF13B|HLA-DPB1,cHD,11,11,0,0,0,0,0,0,11
Non-classical Monocytes|B Cells|TNFSF13B|HLA-DPB1,cSLE,33,33,0,0,0,0,0,0,33
Non-classical Monocytes|B Cells|TNFSF13B|TNFRSF13C,aHD,5,5,0,0,0,0,0,0,5
Non-classical Monocytes|B Cells|TNFSF13B|TNFRSF13C,aSLE,6,7,0,0,0,1,0,0,7
Non-classical Monocytes|B Cells|TNFSF13B|TNFRSF13C,cHD,11,11,0,0,0,0,0,0,11
Non-classical Monocytes|B Cells|TNFSF13B|TNFRSF13C,cSLE,29,33,0,0,0,4,0,0,33
Non-classical Monocytes|B Cells|VCAN|CD44,aHD,5,5,0,0,0,0,0,0,5
Non-classical Monocytes|B Cells|VCAN|CD44,aSLE,7,7,0,0,0,0,0,0,7
Non-classical Monocytes|B Cells|VCAN|CD44,cHD,10,11,0,0,1,0,0,0,11
Non-classical Monocytes|B Cells|VCAN|CD44,cSLE,33,33,0,0,0,0,0,0,33
Non-classical Monocytes|B Cells|VCAN|ITGB1,aHD,5,5,0,0,0,0,0,0,5
Non-classical Monocytes|B Cells|VCAN|ITGB1,aSLE,7,7,0,0,0,0,0,0,7
Non-classical Monocytes|B Cells|VCAN|ITGB1,cHD,7,11,0,0,1,3,0,0,11
Non-classical Monocytes|B Cells|VCAN|ITGB1,cSLE,25,33,0,0,0,8,0,0,33
Non-classical Monocytes|B Cells|VCAN|SELL,aHD,5,5,0,0,0,0,0,0,5
Non-classical Monocytes|B Cells|VCAN|SELL,aSLE,7,7,0,0,0,0,0,0,7
Non-classical Monocytes|B Cells|VCAN|SELL,cHD,10,11,0,0,1,0,0,0,11
Non-classical Monocytes|B Cells|VCAN|SELL,cSLE,33,33,0,0,0,0,0,0,33
Non-classical Monocytes|B Cells|VIM|CD44,aHD,5,5,0,0,0,0,0,0,5
Non-classical Monocytes|B Cells|VIM|CD44,aSLE,7,7,0,0,0,0,0,0,7
Non-classical Monocytes|B Cells|VIM|CD44,cHD,11,11,0,0,0,0,0,0,11
Non-classical Monocytes|B Cells|VIM|CD44,cSLE,33,33,0,0,0,0,0,0,33
Non-classical Monocytes|CD4 T Cells|ADAM10|CD44,aHD,5,5,0,0,0,0,0,0,5
Non-classical Monocytes|CD4 T Cells|ADAM10|CD44,aSLE,7,7,0,0,0,0,0,0,7
Non-classical Monocytes|CD4 T Cells|ADAM10|CD44,cHD,11,11,0,0,0,0,0,0,11
Non-classical Monocytes|CD4 T Cells|ADAM10|CD44,cSLE,33,33,0,0,0,0,0,0,33
Non-classical Monocytes|CD4 T Cells|ADAM10|TSPAN14,aHD,5,5,0,0,0,0,0,0,5
Non-classical Monocytes|CD4 T Cells|ADAM10|TSPAN14,aSLE,7,7,0,0,0,0,0,0,7
Non-classical Monocytes|CD4 T Cells|ADAM10|TSPAN14,cHD,11,11,0,0,0,0,0,0,11
Non-classical Monocytes|CD4 T Cells|ADAM10|TSPAN14,cSLE,32,33,0,0,0,1,0,0,33
Non-classical Monocytes|CD4 T Cells|ADAM15|ITGB1,aHD,5,5,0,0,0,0,0,0,5
Non-classical Monocytes|CD4 T Cells|ADAM15|ITGB1,aSLE,7,7,0,0,0,0,0,0,7
Non-classical Monocytes|CD4 T Cells|ADAM15|ITGB1,cHD,8,11,0,0,3,0,0,0,11
Non-classical Monocytes|CD4 T Cells|ADAM15|ITGB1,cSLE,32,33,0,0,1,0,0,0,33
Non-classical Monocytes|CD4 T Cells|ADAM17|ITGB1,aHD,5,5,0,0,0,0,0,0,5
Non-classical Monocytes|CD4 T Cells|ADAM17|ITGB1,aSLE,7,7,0,0,0,0,0,0,7
Non-classical Monocytes|CD4 T Cells|ADAM17|ITGB1,cHD,11,11,0,0,0,0,0,0,11
Non-classical Monocytes|CD4 T Cells|ADAM17|ITGB1,cSLE,33,33,0,0,0,0,0,0,33
Non-classical Monocytes|CD4 T Cells|APP|CD74,aHD,5,5,0,0,0,0,0,0,5
Non-classical Monocytes|CD4 T Cells|APP|CD74,aSLE,7,7,0,0,0,0,0,0,7
Non-classical Monocytes|CD4 T Cells|APP|CD74,cHD,6,11,0,0,5,0,0,0,11
Non-classical Monocytes|CD4 T Cells|APP|CD74,cSLE,31,33,0,0,2,0,0,0,33
Non-classical Monocytes|CD4 T Cells|APP|LRP10,aHD,5,5,0,0,0,0,0,0,5
Non-classical Monocytes|CD4 T Cells|APP|LRP10,aSLE,7,7,0,0,0,0,0,0,7
Non-classical Monocytes|CD4 T Cells|APP|LRP10,cHD,6,11,0,0,5,0,0,0,11
Non-classical Monocytes|CD4 T Cells|APP|LRP10,cSLE,31,33,0,0,2,0,0,0,33
Non-classical Monocytes|CD4 T Cells|ARF6|SMAP1,aHD,5,5,0,0,0,0,0,0,5
Non-classical Monocytes|CD4 T Cells|ARF6|SMAP1,aSLE,7,7,0,0,0,0,0,0,7
Non-classical Monocytes|CD4 T Cells|ARF6|SMAP1,cHD,11,11,0,0,0,0,0,0,11
Non-classical Monocytes|CD4 T Cells|ARF6|SMAP1,cSLE,31,33,0,0,0,2,0,0,33
Non-classical Monocytes|CD4 T Cells|CALM1|PTPRA,aHD,5,5,0,0,0,0,0,0,5
Non-classical Monocytes|CD4 T Cells|CALM1|PTPRA,aSLE,7,7,0,0,0,0,0,0,7
Non-classical Monocytes|CD4 T Cells|CALM1|PTPRA,cHD,11,11,0,0,0,0,0,0,11
Non-classical Monocytes|CD4 T Cells|CALM1|PTPRA,cSLE,30,33,0,0,0,3,0,0,33
Non-classical Monocytes|CD4 T Cells|CD14|ITGA4,aHD,5,5,0,0,0,0,0,0,5
Non-classical Monocytes|CD4 T Cells|CD14|ITGA4,aSLE,7,7,0,0,0,0,0,0,7
Non-classical Monocytes|CD4 T Cells|CD14|ITGA4,cHD,11,11,0,0,0,0,0,0,11
Non-classical Monocytes|CD4 T Cells|CD14|ITGA4,cSLE,32,33,0,0,0,1,0,0,33
Non-classical Monocytes|CD4 T Cells|CD14|ITGB1,aHD,5,5,0,0,0,0,0,0,5
Non-classical Monocytes|CD4 T Cells|CD14|ITGB1,aSLE,7,7,0,0,0,0,0,0,7
Non-classical Monocytes|CD4 T Cells|CD14|ITGB1,cHD,11,11,0,0,0,0,0,0,11
Non-classical Monocytes|CD4 T Cells|CD14|ITGB1,cSLE,33,33,0,0,0,0,0,0,33
Non-classical Monocytes|CD4 T Cells|CD14|ITGB2,aHD,5,5,0,0,0,0,0,0,5
Non-classical Monocytes|CD4 T Cells|CD14|ITGB2,aSLE,7,7,0,0,0,0,0,0,7
Non-classical Monocytes|CD4 T Cells|CD14|ITGB2,cHD,11,11,0,0,0,0,0,0,11
Non-classical Monocytes|CD4 T Cells|CD14|ITGB2,cSLE,33,33,0,0,0,0,0,0,33
Non-classical Monocytes|CD4 T Cells|CD47|SIRPG,aHD,5,5,0,0,0,0,0,0,5
Non-classical Monocytes|CD4 T Cells|CD47|SIRPG,aSLE,7,7,0,0,0,0,0,0,7
Non-classical Monocytes|CD4 T Cells|CD47|SIRPG,cHD,11,11,0,0,0,0,0,0,11
Non-classical Monocytes|CD4 T Cells|CD47|SIRPG,cSLE,31,33,0,0,0,2,0,0,33
Non-classical Monocytes|CD4 T Cells|CD48|CD2,aHD,5,5,0,0,0,0,0,0,5
Non-classical Monocytes|CD4 T Cells|CD48|CD2,aSLE,7,7,0,0,0,0,0,0,7
Non-classical Monocytes|CD4 T Cells|CD48|CD2,cHD,11,11,0,0,0,0,0,0,11
Non-classical Monocytes|CD4 T Cells|CD48|CD2,cSLE,33,33,0,0,0,0,0,0,33
Non-classical Monocytes|CD4 T Cells|CD58|CD2,aHD,5,5,0,0,0,0,0,0,5
Non-classical Monocytes|CD4 T Cells|CD58|CD2,aSLE,7,7,0,0,0,0,0,0,7
Non-classical Monocytes|CD4 T Cells|CD58|CD2,cHD,11,11,0,0,0,0,0,0,11
Non-classical Monocytes|CD4 T Cells|CD58|CD2,cSLE,33,33,0,0,0,0,0,0,33
Non-classical Monocytes|CD4 T Cells|CD86|CD28,aHD,5,5,0,0,0,0,0,0,5
Non-classical Monocytes|CD4 T Cells|CD86|CD28,aSLE,7,7,0,0,0,0,0,0,7
Non-classical Monocytes|CD4 T Cells|CD86|CD28,cHD,11,11,0,0,0,0,0,0,11
Non-classical Monocytes|CD4 T Cells|CD86|CD28,cSLE,30,33,0,0,0,3,0,0,33
Non-classical Monocytes|CD4 T Cells|COPA|CD74,aHD,5,5,0,0,0,0,0,0,5
Non-classical Monocytes|CD4 T Cells|COPA|CD74,aSLE,7,7,0,0,0,0,0,0,7
Non-classical Monocytes|CD4 T Cells|COPA|CD74,cHD,11,11,0,0,0,0,0,0,11
Non-classical Monocytes|CD4 T Cells|COPA|CD74,cSLE,33,33,0,0,0,0,0,0,33
Non-classical Monocytes|CD4 T Cells|GNAI2|S1PR4,aHD,5,5,0,0,0,0,0,0,5
Non-classical Monocytes|CD4 T Cells|GNAI2|S1PR4,aSLE,7,7,0,0,0,0,0,0,7
Non-classical Monocytes|CD4 T Cells|GNAI2|S1PR4,cHD,11,11,0,0,0,0,0,0,11
Non-classical Monocytes|CD4 T Cells|GNAI2|S1PR4,cSLE,33,33,0,0,0,0,0,0,33
Non-classical Monocytes|CD4 T Cells|HBEGF|CD44,aHD,5,5,0,0,0,0,0,0,5
Non-classical Monocytes|CD4 T Cells|HBEGF|CD44,aSLE,7,7,0,0,0,0,0,0,7
Non-classical Monocytes|CD4 T Cells|HBEGF|CD44,cHD,8,11,0,0,3,0,0,0,11
Non-classical Monocytes|CD4 T Cells|HBEGF|CD44,cSLE,25,33,0,0,8,0,0,0,33
Non-classical Monocytes|CD4 T Cells|HLA-B|CD3D,aHD,5,5,0,0,0,0,0,0,5
Non-classical Monocytes|CD4 T Cells|HLA-B|CD3D,aSLE,7,7,0,0,0,0,0,0,7
Non-classical Monocytes|CD4 T Cells|HLA-B|CD3D,cHD,11,11,0,0,0,0,0,0,11
Non-classical Monocytes|CD4 T Cells|HLA-B|CD3D,cSLE,33,33,0,0,0,0,0,0,33
Non-classical Monocytes|CD4 T Cells|HLA-DMA|CD4,aHD,5,5,0,0,0,0,0,0,5
Non-classical Monocytes|CD4 T Cells|HLA-DMA|CD4,aSLE,7,7,0,0,0,0,0,0,7
Non-classical Monocytes|CD4 T Cells|HLA-DMA|CD4,cHD,11,11,0,0,0,0,0,0,11
Non-classical Monocytes|CD4 T Cells|HLA-DMA|CD4,cSLE,32,33,0,0,0,1,0,0,33
Non-classical Monocytes|CD4 T Cells|HLA-DMB|CD4,aHD,5,5,0,0,0,0,0,0,5
Non-classical Monocytes|CD4 T Cells|HLA-DMB|CD4,aSLE,7,7,0,0,0,0,0,0,7
Non-classical Monocytes|CD4 T Cells|HLA-DMB|CD4,cHD,11,11,0,0,0,0,0,0,11
Non-classical Monocytes|CD4 T Cells|HLA-DMB|CD4,cSLE,32,33,0,0,0,1,0,0,33
Non-classical Monocytes|CD4 T Cells|HLA-DPA1|CD4,aHD,5,5,0,0,0,0,0,0,5
Non-classical Monocytes|CD4 T Cells|HLA-DPA1|CD4,aSLE,7,7,0,0,0,0,0,0,7
Non-classical Monocytes|CD4 T Cells|HLA-DPA1|CD4,cHD,11,11,0,0,0,0,0,0,11
Non-classical Monocytes|CD4 T Cells|HLA-DPA1|CD4,cSLE,32,33,0,0,0,1,0,0,33
Non-classical Monocytes|CD4 T Cells|HLA-DPB1|CD4,aHD,5,5,0,0,0,0,0,0,5
Non-classical Monocytes|CD4 T Cells|HLA-DPB1|CD4,aSLE,7,7,0,0,0,0,0,0,7
Non-classical Monocytes|CD4 T Cells|HLA-DPB1|CD4,cHD,11,11,0,0,0,0,0,0,11
Non-classical Monocytes|CD4 T Cells|HLA-DPB1|CD4,cSLE,32,33,0,0,0,1,0,0,33
Non-classical Monocytes|CD4 T Cells|HLA-DQA1|CD4,aHD,5,5,0,0,0,0,0,0,5
Non-classical Monocytes|CD4 T Cells|HLA-DQA1|CD4,aSLE,7,7,0,0,0,0,0,0,7
Non-classical Monocytes|CD4 T Cells|HLA-DQA1|CD4,cHD,11,11,0,0,0,0,0,0,11
Non-classical Monocytes|CD4 T Cells|HLA-DQA1|CD4,cSLE,31,33,0,0,1,1,0,0,33
Non-classical Monocytes|CD4 T Cells|HLA-DQB1|CD4,aHD,5,5,0,0,0,0,0,0,5
Non-classical Monocytes|CD4 T Cells|HLA-DQB1|CD4,aSLE,7,7,0,0,0,0,0,0,7
Non-classical Monocytes|CD4 T Cells|HLA-DQB1|CD4,cHD,11,11,0,0,0,0,0,0,11
Non-classical Monocytes|CD4 T Cells|HLA-DQB1|CD4,cSLE,32,33,0,0,0,1,0,0,33
Non-classical Monocytes|CD4 T Cells|HLA-DRA|CD4,aHD,5,5,0,0,0,0,0,0,5
Non-classical Monocytes|CD4 T Cells|HLA-DRA|CD4,aSLE,7,7,0,0,0,0,0,0,7
Non-classical Monocytes|CD4 T Cells|HLA-DRA|CD4,cHD,11,11,0,0,0,0,0,0,11
Non-classical Monocytes|CD4 T Cells|HLA-DRA|CD4,cSLE,32,33,0,0,0,1,0,0,33
Non-classical Monocytes|CD4 T Cells|HLA-DRB1|CD4,aHD,5,5,0,0,0,0,0,0,5
Non-classical Monocytes|CD4 T Cells|HLA-DRB1|CD4,aSLE,7,7,0,0,0,0,0,0,7
Non-classical Monocytes|CD4 T Cells|HLA-DRB1|CD4,cHD,11,11,0,0,0,0,0,0,11
Non-classical Monocytes|CD4 T Cells|HLA-DRB1|CD4,cSLE,32,33,0,0,0,1,0,0,33
Non-classical Monocytes|CD4 T Cells|HLA-DRB5|CD4,aHD,5,5,0,0,0,0,0,0,5
Non-classical Monocytes|CD4 T Cells|HLA-DRB5|CD4,aSLE,7,7,0,0,0,0,0,0,7
Non-classical Monocytes|CD4 T Cells|HLA-DRB5|CD4,cHD,9,11,0,0,2,0,0,0,11
Non-classical Monocytes|CD4 T Cells|HLA-DRB5|CD4,cSLE,28,33,0,0,4,1,0,0,33
Non-classical Monocytes|CD4 T Cells|HMGB1|CXCR4,aHD,5,5,0,0,0,0,0,0,5
Non-classical Monocytes|CD4 T Cells|HMGB1|CXCR4,aSLE,7,7,0,0,0,0,0,0,7
Non-classical Monocytes|CD4 T Cells|HMGB1|CXCR4,cHD,11,11,0,0,0,0,0,0,11
Non-classical Monocytes|CD4 T Cells|HMGB1|CXCR4,cSLE,33,33,0,0,0,0,0,0,33
Non-classical Monocytes|CD4 T Cells|ICAM1|IL2RG,aHD,5,5,0,0,0,0,0,0,5
Non-classical Monocytes|CD4 T Cells|ICAM1|IL2RG,aSLE,7,7,0,0,0,0,0,0,7
Non-classical Monocytes|CD4 T Cells|ICAM1|IL2RG,cHD,9,11,0,0,2,0,0,0,11
Non-classical Monocytes|CD4 T Cells|ICAM1|IL2RG,cSLE,26,33,0,0,7,0,0,0,33
Non-classical Monocytes|CD4 T Cells|ICAM1|SPN,aHD,5,5,0,0,0,0,0,0,5
Non-classical Monocytes|CD4 T Cells|ICAM1|SPN,aSLE,7,7,0,0,0,0,0,0,7
Non-classical Monocytes|CD4 T Cells|ICAM1|SPN,cHD,8,11,0,0,2,1,0,0,11
Non-classical Monocytes|CD4 T Cells|ICAM1|SPN,cSLE,22,33,0,0,7,6,0,0,33
Non-classical Monocytes|CD4 T Cells|IL16|CD4,aHD,5,5,0,0,0,0,0,0,5
Non-classical Monocytes|CD4 T Cells|IL16|CD4,aSLE,7,7,0,0,0,0,0,0,7
Non-classical Monocytes|CD4 T Cells|IL16|CD4,cHD,11,11,0,0,0,0,0,0,11
Non-classical Monocytes|CD4 T Cells|IL16|CD4,cSLE,29,33,0,0,3,1,0,0,33
Non-classical Monocytes|CD4 T Cells|IL1B|SIGIRR,aHD,5,5,0,0,0,0,0,0,5
Non-classical Monocytes|CD4 T Cells|IL1B|SIGIRR,aSLE,7,7,0,0,0,0,0,0,7
Non-classical Monocytes|CD4 T Cells|IL1B|SIGIRR,cHD,11,11,0,0,0,0,0,0,11
Non-classical Monocytes|CD4 T Cells|IL1B|SIGIRR,cSLE,33,33,0,0,0,0,0,0,33
Non-classical Monocytes|CD4 T Cells|LGALS1|CD69,aHD,5,5,0,0,0,0,0,0,5
Non-classical Monocytes|CD4 T Cells|LGALS1|CD69,aSLE,7,7,0,0,0,0,0,0,7
Non-classical Monocytes|CD4 T Cells|LGALS1|CD69,cHD,11,11,0,0,0,0,0,0,11
Non-classical Monocytes|CD4 T Cells|LGALS1|CD69,cSLE,33,33,0,0,0,0,0,0,33
Non-classical Monocytes|CD4 T Cells|LGALS1|ITGB1,aHD,5,5,0,0,0,0,0,0,5
Non-classical Monocytes|CD4 T Cells|LGALS1|ITGB1,aSLE,7,7,0,0,0,0,0,0,7
Non-classical Monocytes|CD4 T Cells|LGALS1|ITGB1,cHD,11,11,0,0,0,0,0,0,11
Non-classical Monocytes|CD4 T Cells|LGALS1|ITGB1,cSLE,33,33,0,0,0,0,0,0,33
Non-classical Monocytes|CD4 T Cells|LGALS1|PTPRC,aHD,5,5,0,0,0,0,0,0,5
Non-classical Monocytes|CD4 T Cells|LGALS1|PTPRC,aSLE,7,7,0,0,0,0,0,0,7
Non-classical Monocytes|CD4 T Cells|LGALS1|PTPRC,cHD,11,11,0,0,0,0,0,0,11
Non-classical Monocytes|CD4 T Cells|LGALS1|PTPRC,cSLE,33,33,0,0,0,0,0,0,33
Non-classical Monocytes|CD4 T Cells|LGALS9|CD44,aHD,5,5,0,0,0,0,0,0,5
Non-classical Monocytes|CD4 T Cells|LGALS9|CD44,aSLE,7,7,0,0,0,0,0,0,7
Non-classical Monocytes|CD4 T Cells|LGALS9|CD44,cHD,11,11,0,0,0,0,0,0,11
Non-classical Monocytes|CD4 T Cells|LGALS9|CD44,cSLE,33,33,0,0,0,0,0,0,33
Non-classical Monocytes|CD4 T Cells|LGALS9|CD47,aHD,5,5,0,0,0,0,0,0,5
Non-classical Monocytes|CD4 T Cells|LGALS9|CD47,aSLE,7,7,0,0,0,0,0,0,7
Non-classical Monocytes|CD4 T Cells|LGALS9|CD47,cHD,11,11,0,0,0,0,0,0,11
Non-classical Monocytes|CD4 T Cells|LGALS9|CD47,cSLE,33,33,0,0,0,0,0,0,33
Non-classical Monocytes|CD4 T Cells|LGALS9|PTPRC,aHD,5,5,0,0,0,0,0,0,5
Non-classical Monocytes|CD4 T Cells|LGALS9|PTPRC,aSLE,7,7,0,0,0,0,0,0,7
Non-classical Monocytes|CD4 T Cells|LGALS9|PTPRC,cHD,11,11,0,0,0,0,0,0,11
Non-classical Monocytes|CD4 T Cells|LGALS9|PTPRC,cSLE,33,33,0,0,0,0,0,0,33
Non-classical Monocytes|CD4 T Cells|LRPAP1|SORL1,aHD,5,5,0,0,0,0,0,0,5
Non-classical Monocytes|CD4 T Cells|LRPAP1|SORL1,aSLE,7,7,0,0,0,0,0,0,7
Non-classical Monocytes|CD4 T Cells|LRPAP1|SORL1,cHD,11,11,0,0,0,0,0,0,11
Non-classical Monocytes|CD4 T Cells|LRPAP1|SORL1,cSLE,33,33,0,0,0,0,0,0,33
Non-classical Monocytes|CD4 T Cells|MIF|CD44_CD74,aHD,5,5,0,0,0,0,0,0,5
Non-classical Monocytes|CD4 T Cells|MIF|CD44_CD74,aSLE,7,7,0,0,0,0,0,0,7
Non-classical Monocytes|CD4 T Cells|MIF|CD44_CD74,cHD,11,11,0,0,0,0,0,0,11
Non-classical Monocytes|CD4 T Cells|MIF|CD44_CD74,cSLE,33,33,0,0,0,0,0,0,33
Non-classical Monocytes|CD4 T Cells|MIF|CD74_CXCR4,aHD,5,5,0,0,0,0,0,0,5
Non-classical Monocytes|CD4 T Cells|MIF|CD74_CXCR4,aSLE,7,7,0,0,0,0,0,0,7
Non-classical Monocytes|CD4 T Cells|MIF|CD74_CXCR4,cHD,11,11,0,0,0,0,0,0,11
Non-classical Monocytes|CD4 T Cells|MIF|CD74_CXCR4,cSLE,33,33,0,0,0,0,0,0,33
Non-classical Monocytes|CD4 T Cells|MIF|TNFRSF14,aHD,5,5,0,0,0,0,0,0,5
Non-classical Monocytes|CD4 T Cells|MIF|TNFRSF14,aSLE,7,7,0,0,0,0,0,0,7
Non-classical Monocytes|CD4 T Cells|MIF|TNFRSF14,cHD,11,11,0,0,0,0,0,0,11
Non-classical Monocytes|CD4 T Cells|MIF|TNFRSF14,cSLE,33,33,0,0,0,0,0,0,33
Non-classical Monocytes|CD4 T Cells|PKM|CD44,aHD,5,5,0,0,0,0,0,0,5
Non-classical Monocytes|CD4 T Cells|PKM|CD44,aSLE,7,7,0,0,0,0,0,0,7
Non-classical Monocytes|CD4 T Cells|PKM|CD44,cHD,11,11,0,0,0,0,0,0,11
Non-classical Monocytes|CD4 T Cells|PKM|CD44,cSLE,33,33,0,0,0,0,0,0,33
Non-classical Monocytes|CD4 T Cells|PSEN1|CD44,aHD,5,5,0,0,0,0,0,0,5
Non-classical Monocytes|CD4 T Cells|PSEN1|CD44,aSLE,7,7,0,0,0,0,0,0,7
Non-classical Monocytes|CD4 T Cells|PSEN1|CD44,cHD,11,11,0,0,0,0,0,0,11
Non-classical Monocytes|CD4 T Cells|PSEN1|CD44,cSLE,33,33,0,0,0,0,0,0,33
Non-classical Monocytes|CD4 T Cells|S100A8|CD69,aHD,5,5,0,0,0,0,0,0,5
Non-classical Monocytes|CD4 T Cells|S100A8|CD69,aSLE,7,7,0,0,0,0,0,0,7
Non-classical Monocytes|CD4 T Cells|S100A8|CD69,cHD,11,11,0,0,0,0,0,0,11
Non-classical Monocytes|CD4 T Cells|S100A8|CD69,cSLE,33,33,0,0,0,0,0,0,33
Non-classical Monocytes|CD4 T Cells|S100A8|ITGB2,aHD,5,5,0,0,0,0,0,0,5
Non-classical Monocytes|CD4 T Cells|S100A8|ITGB2,aSLE,7,7,0,0,0,0,0,0,7
Non-classical Monocytes|CD4 T Cells|S100A8|ITGB2,cHD,11,11,0,0,0,0,0,0,11
Non-classical Monocytes|CD4 T Cells|S100A8|ITGB2,cSLE,33,33,0,0,0,0,0,0,33
Non-classical Monocytes|CD4 T Cells|S100A9|ITGB2,aHD,5,5,0,0,0,0,0,0,5
Non-classical Monocytes|CD4 T Cells|S100A9|ITGB2,aSLE,7,7,0,0,0,0,0,0,7
Non-classical Monocytes|CD4 T Cells|S100A9|ITGB2,cHD,11,11,0,0,0,0,0,0,11
Non-classical Monocytes|CD4 T Cells|S100A9|ITGB2,cSLE,33,33,0,0,0,0,0,0,33
Non-classical Monocytes|CD4 T Cells|SECTM1|CD7,aHD,5,5,0,0,0,0,0,0,5
Non-classical Monocytes|CD4 T Cells|SECTM1|CD7,aSLE,7,7,0,0,0,0,0,0,7
Non-classical Monocytes|CD4 T Cells|SECTM1|CD7,cHD,11,11,0,0,0,0,0,0,11
Non-classical Monocytes|CD4 T Cells|SECTM1|CD7,cSLE,33,33,0,0,0,0,0,0,33
Non-classical Monocytes|CD4 T Cells|SELPLG|ITGB2,aHD,5,5,0,0,0,0,0,0,5
Non-classical Monocytes|CD4 T Cells|SELPLG|ITGB2,aSLE,7,7,0,0,0,0,0,0,7
Non-classical Monocytes|CD4 T Cells|SELPLG|ITGB2,cHD,11,11,0,0,0,0,0,0,11
Non-classical Monocytes|CD4 T Cells|SELPLG|ITGB2,cSLE,33,33,0,0,0,0,0,0,33
Non-classical Monocytes|CD4 T Cells|SELPLG|SELL,aHD,5,5,0,0,0,0,0,0,5
Non-classical Monocytes|CD4 T Cells|SELPLG|SELL,aSLE,7,7,0,0,0,0,0,0,7
Non-classical Monocytes|CD4 T Cells|SELPLG|SELL,cHD,11,11,0,0,0,0,0,0,11
Non-classical Monocytes|CD4 T Cells|SELPLG|SELL,cSLE,33,33,0,0,0,0,0,0,33
Non-classical Monocytes|CD4 T Cells|TGFB1|CXCR4,aHD,5,5,0,0,0,0,0,0,5
Non-classical Monocytes|CD4 T Cells|TGFB1|CXCR4,aSLE,7,7,0,0,0,0,0,0,7
Non-classical Monocytes|CD4 T Cells|TGFB1|CXCR4,cHD,11,11,0,0,0,0,0,0,11
Non-classical Monocytes|CD4 T Cells|TGFB1|CXCR4,cSLE,33,33,0,0,0,0,0,0,33
Non-classical Monocytes|CD4 T Cells|TGFB1|ITGB1,aHD,5,5,0,0,0,0,0,0,5
Non-classical Monocytes|CD4 T Cells|TGFB1|ITGB1,aSLE,7,7,0,0,0,0,0,0,7
Non-classical Monocytes|CD4 T Cells|TGFB1|ITGB1,cHD,11,11,0,0,0,0,0,0,11
Non-classical Monocytes|CD4 T Cells|TGFB1|ITGB1,cSLE,33,33,0,0,0,0,0,0,33
Non-classical Monocytes|CD4 T Cells|TIMP1|CD63,aHD,5,5,0,0,0,0,0,0,5
Non-classical Monocytes|CD4 T Cells|TIMP1|CD63,aSLE,7,7,0,0,0,0,0,0,7
Non-classical Monocytes|CD4 T Cells|TIMP1|CD63,cHD,11,11,0,0,0,0,0,0,11
Non-classical Monocytes|CD4 T Cells|TIMP1|CD63,cSLE,32,33,0,0,0,1,0,0,33
Non-classical Monocytes|CD4 T Cells|TIMP2|CD44,aHD,5,5,0,0,0,0,0,0,5
Non-classical Monocytes|CD4 T Cells|TIMP2|CD44,aSLE,7,7,0,0,0,0,0,0,7
Non-classical Monocytes|CD4 T Cells|TIMP2|CD44,cHD,11,11,0,0,0,0,0,0,11
Non-classical Monocytes|CD4 T Cells|TIMP2|CD44,cSLE,33,33,0,0,0,0,0,0,33
Non-classical Monocytes|CD4 T Cells|TIMP2|ITGB1,aHD,5,5,0,0,0,0,0,0,5
Non-classical Monocytes|CD4 T Cells|TIMP2|ITGB1,aSLE,7,7,0,0,0,0,0,0,7
Non-classical Monocytes|CD4 T Cells|TIMP2|ITGB1,cHD,11,11,0,0,0,0,0,0,11
Non-classical Monocytes|CD4 T Cells|TIMP2|ITGB1,cSLE,33,33,0,0,0,0,0,0,33
Non-classical Monocytes|CD4 T Cells|TNFSF13B|HLA-DPB1,aHD,5,5,0,0,0,0,0,0,5
Non-classical Monocytes|CD4 T Cells|TNFSF13B|HLA-DPB1,aSLE,7,7,0,0,0,0,0,0,7
Non-classical Monocytes|CD4 T Cells|TNFSF13B|HLA-DPB1,cHD,11,11,0,0,0,0,0,0,11
Non-classical Monocytes|CD4 T Cells|TNFSF13B|HLA-DPB1,cSLE,33,33,0,0,0,0,0,0,33
Non-classical Monocytes|CD4 T Cells|VCAN|CD44,aHD,5,5,0,0,0,0,0,0,5
Non-classical Monocytes|CD4 T Cells|VCAN|CD44,aSLE,7,7,0,0,0,0,0,0,7
Non-classical Monocytes|CD4 T Cells|VCAN|CD44,cHD,10,11,0,0,1,0,0,0,11
Non-classical Monocytes|CD4 T Cells|VCAN|CD44,cSLE,33,33,0,0,0,0,0,0,33
Non-classical Monocytes|CD4 T Cells|VCAN|ITGA4,aHD,5,5,0,0,0,0,0,0,5
Non-classical Monocytes|CD4 T Cells|VCAN|ITGA4,aSLE,7,7,0,0,0,0,0,0,7
Non-classical Monocytes|CD4 T Cells|VCAN|ITGA4,cHD,10,11,0,0,1,0,0,0,11
Non-classical Monocytes|CD4 T Cells|VCAN|ITGA4,cSLE,32,33,0,0,0,1,0,0,33
Non-classical Monocytes|CD4 T Cells|VCAN|ITGB1,aHD,5,5,0,0,0,0,0,0,5
Non-classical Monocytes|CD4 T Cells|VCAN|ITGB1,aSLE,7,7,0,0,0,0,0,0,7
Non-classical Monocytes|CD4 T Cells|VCAN|ITGB1,cHD,10,11,0,0,1,0,0,0,11
Non-classical Monocytes|CD4 T Cells|VCAN|ITGB1,cSLE,33,33,0,0,0,0,0,0,33
Non-classical Monocytes|CD4 T Cells|VCAN|SELL,aHD,5,5,0,0,0,0,0,0,5
Non-classical Monocytes|CD4 T Cells|VCAN|SELL,aSLE,7,7,0,0,0,0,0,0,7
Non-classical Monocytes|CD4 T Cells|VCAN|SELL,cHD,10,11,0,0,1,0,0,0,11
Non-classical Monocytes|CD4 T Cells|VCAN|SELL,cSLE,33,33,0,0,0,0,0,0,33
Non-classical Monocytes|CD4 T Cells|VIM|CD44,aHD,5,5,0,0,0,0,0,0,5
Non-classical Monocytes|CD4 T Cells|VIM|CD44,aSLE,7,7,0,0,0,0,0,0,7
Non-classical Monocytes|CD4 T Cells|VIM|CD44,cHD,11,11,0,0,0,0,0,0,11
Non-classical Monocytes|CD4 T Cells|VIM|CD44,cSLE,33,33,0,0,0,0,0,0,33
Non-classical Monocytes|CD8 T Cells|ADAM10|CD44,aHD,5,5,0,0,0,0,0,0,5
Non-classical Monocytes|CD8 T Cells|ADAM10|CD44,aSLE,7,7,0,0,0,0,0,0,7
Non-classical Monocytes|CD8 T Cells|ADAM10|CD44,cHD,11,11,0,0,0,0,0,0,11
Non-classical Monocytes|CD8 T Cells|ADAM10|CD44,cSLE,33,33,0,0,0,0,0,0,33
Non-classical Monocytes|CD8 T Cells|ADAM15|ITGB1,aHD,5,5,0,0,0,0,0,0,5
Non-classical Monocytes|CD8 T Cells|ADAM15|ITGB1,aSLE,7,7,0,0,0,0,0,0,7
Non-classical Monocytes|CD8 T Cells|ADAM15|ITGB1,cHD,6,11,0,0,3,2,0,0,11
Non-classical Monocytes|CD8 T Cells|ADAM15|ITGB1,cSLE,31,33,0,0,1,1,0,0,33
Non-classical Monocytes|CD8 T Cells|ADAM17|ITGB1,aHD,5,5,0,0,0,0,0,0,5
Non-classical Monocytes|CD8 T Cells|ADAM17|ITGB1,aSLE,7,7,0,0,0,0,0,0,7
Non-classical Monocytes|CD8 T Cells|ADAM17|ITGB1,cHD,9,11,0,0,0,2,0,0,11
Non-classical Monocytes|CD8 T Cells|ADAM17|ITGB1,cSLE,32,33,0,0,0,1,0,0,33
Non-classical Monocytes|CD8 T Cells|APP|CD74,aHD,5,5,0,0,0,0,0,0,5
Non-classical Monocytes|CD8 T Cells|APP|CD74,aSLE,7,7,0,0,0,0,0,0,7
Non-classical Monocytes|CD8 T Cells|APP|CD74,cHD,6,11,0,0,5,0,0,0,11
Non-classical Monocytes|CD8 T Cells|APP|CD74,cSLE,31,33,0,0,2,0,0,0,33
Non-classical Monocytes|CD8 T Cells|APP|LRP10,aHD,5,5,0,0,0,0,0,0,5
Non-classical Monocytes|CD8 T Cells|APP|LRP10,aSLE,7,7,0,0,0,0,0,0,7
Non-classical Monocytes|CD8 T Cells|APP|LRP10,cHD,6,11,0,0,5,0,0,0,11
Non-classical Monocytes|CD8 T Cells|APP|LRP10,cSLE,31,33,0,0,2,0,0,0,33
Non-classical Monocytes|CD8 T Cells|APP|PTGER2,aHD,5,5,0,0,0,0,0,0,5
Non-classical Monocytes|CD8 T Cells|APP|PTGER2,aSLE,6,7,0,0,0,1,0,0,7
Non-classical Monocytes|CD8 T Cells|APP|PTGER2,cHD,5,11,0,0,5,2,0,0,11
Non-classical Monocytes|CD8 T Cells|APP|PTGER2,cSLE,30,33,0,0,2,1,0,0,33
Non-classical Monocytes|CD8 T Cells|CALM1|PTPRA,aHD,5,5,0,0,0,0,0,0,5
Non-classical Monocytes|CD8 T Cells|CALM1|PTPRA,aSLE,7,7,0,0,0,0,0,0,7
Non-classical Monocytes|CD8 T Cells|CALM1|PTPRA,cHD,11,11,0,0,0,0,0,0,11
Non-classical Monocytes|CD8 T Cells|CALM1|PTPRA,cSLE,33,33,0,0,0,0,0,0,33
Non-classical Monocytes|CD8 T Cells|CD14|ITGA4,aHD,5,5,0,0,0,0,0,0,5
Non-classical Monocytes|CD8 T Cells|CD14|ITGA4,aSLE,7,7,0,0,0,0,0,0,7
Non-classical Monocytes|CD8 T Cells|CD14|ITGA4,cHD,11,11,0,0,0,0,0,0,11
Non-classical Monocytes|CD8 T Cells|CD14|ITGA4,cSLE,33,33,0,0,0,0,0,0,33
Non-classical Monocytes|CD8 T Cells|CD14|ITGB1,aHD,5,5,0,0,0,0,0,0,5
Non-classical Monocytes|CD8 T Cells|CD14|ITGB1,aSLE,7,7,0,0,0,0,0,0,7
Non-classical Monocytes|CD8 T Cells|CD14|ITGB1,cHD,9,11,0,0,0,2,0,0,11
Non-classical Monocytes|CD8 T Cells|CD14|ITGB1,cSLE,32,33,0,0,0,1,0,0,33
Non-classical Monocytes|CD8 T Cells|CD14|ITGB2,aHD,5,5,0,0,0,0,0,0,5
Non-classical Monocytes|CD8 T Cells|CD14|ITGB2,aSLE,7,7,0,0,0,0,0,0,7
Non-classical Monocytes|CD8 T Cells|CD14|ITGB2,cHD,11,11,0,0,0,0,0,0,11
Non-classical Monocytes|CD8 T Cells|CD14|ITGB2,cSLE,33,33,0,0,0,0,0,0,33
Non-classical Monocytes|CD8 T Cells|CD48|CD2,aHD,5,5,0,0,0,0,0,0,5
Non-classical Monocytes|CD8 T Cells|CD48|CD2,aSLE,7,7,0,0,0,0,0,0,7
Non-classical Monocytes|CD8 T Cells|CD48|CD2,cHD,11,11,0,0,0,0,0,0,11
Non-classical Monocytes|CD8 T Cells|CD48|CD2,cSLE,33,33,0,0,0,0,0,0,33
Non-classical Monocytes|CD8 T Cells|CD58|CD2,aHD,5,5,0,0,0,0,0,0,5
Non-classical Monocytes|CD8 T Cells|CD58|CD2,aSLE,7,7,0,0,0,0,0,0,7
Non-classical Monocytes|CD8 T Cells|CD58|CD2,cHD,11,11,0,0,0,0,0,0,11
Non-classical Monocytes|CD8 T Cells|CD58|CD2,cSLE,33,33,0,0,0,0,0,0,33
Non-classical Monocytes|CD8 T Cells|COPA|CD74,aHD,5,5,0,0,0,0,0,0,5
Non-classical Monocytes|CD8 T Cells|COPA|CD74,aSLE,7,7,0,0,0,0,0,0,7
Non-classical Monocytes|CD8 T Cells|COPA|CD74,cHD,11,11,0,0,0,0,0,0,11
Non-classical Monocytes|CD8 T Cells|COPA|CD74,cSLE,33,33,0,0,0,0,0,0,33
Non-classical Monocytes|CD8 T Cells|GNAI2|S1PR4,aHD,5,5,0,0,0,0,0,0,5
Non-classical Monocytes|CD8 T Cells|GNAI2|S1PR4,aSLE,7,7,0,0,0,0,0,0,7
Non-classical Monocytes|CD8 T Cells|GNAI2|S1PR4,cHD,11,11,0,0,0,0,0,0,11
Non-classical Monocytes|CD8 T Cells|GNAI2|S1PR4,cSLE,32,33,0,0,0,1,0,0,33
Non-classical Monocytes|CD8 T Cells|HBEGF|CD44,aHD,5,5,0,0,0,0,0,0,5
Non-classical Monocytes|CD8 T Cells|HBEGF|CD44,aSLE,7,7,0,0,0,0,0,0,7
Non-classical Monocytes|CD8 T Cells|HBEGF|CD44,cHD,8,11,0,0,3,0,0,0,11
Non-classical Monocytes|CD8 T Cells|HBEGF|CD44,cSLE,25,33,0,0,8,0,0,0,33
Non-classical Monocytes|CD8 T Cells|HLA-A|CD8A,aHD,5,5,0,0,0,0,0,0,5
Non-classical Monocytes|CD8 T Cells|HLA-A|CD8A,aSLE,7,7,0,0,0,0,0,0,7
Non-classical Monocytes|CD8 T Cells|HLA-A|CD8A,cHD,11,11,0,0,0,0,0,0,11
Non-classical Monocytes|CD8 T Cells|HLA-A|CD8A,cSLE,33,33,0,0,0,0,0,0,33
Non-classical Monocytes|CD8 T Cells|HLA-A|CD8B,aHD,5,5,0,0,0,0,0,0,5
Non-classical Monocytes|CD8 T Cells|HLA-A|CD8B,aSLE,7,7,0,0,0,0,0,0,7
Non-classical Monocytes|CD8 T Cells|HLA-A|CD8B,cHD,11,11,0,0,0,0,0,0,11
Non-classical Monocytes|CD8 T Cells|HLA-A|CD8B,cSLE,33,33,0,0,0,0,0,0,33
Non-classical Monocytes|CD8 T Cells|HLA-B|CD3D,aHD,5,5,0,0,0,0,0,0,5
Non-classical Monocytes|CD8 T Cells|HLA-B|CD3D,aSLE,7,7,0,0,0,0,0,0,7
Non-classical Monocytes|CD8 T Cells|HLA-B|CD3D,cHD,11,11,0,0,0,0,0,0,11
Non-classical Monocytes|CD8 T Cells|HLA-B|CD3D,cSLE,33,33,0,0,0,0,0,0,33
Non-classical Monocytes|CD8 T Cells|HLA-B|CD8A,aHD,5,5,0,0,0,0,0,0,5
Non-classical Monocytes|CD8 T Cells|HLA-B|CD8A,aSLE,7,7,0,0,0,0,0,0,7
Non-classical Monocytes|CD8 T Cells|HLA-B|CD8A,cHD,11,11,0,0,0,0,0,0,11
Non-classical Monocytes|CD8 T Cells|HLA-B|CD8A,cSLE,33,33,0,0,0,0,0,0,33
Non-classical Monocytes|CD8 T Cells|HLA-B|CD8B,aHD,5,5,0,0,0,0,0,0,5
Non-classical Monocytes|CD8 T Cells|HLA-B|CD8B,aSLE,7,7,0,0,0,0,0,0,7
Non-classical Monocytes|CD8 T Cells|HLA-B|CD8B,cHD,11,11,0,0,0,0,0,0,11
Non-classical Monocytes|CD8 T Cells|HLA-B|CD8B,cSLE,33,33,0,0,0,0,0,0,33
Non-classical Monocytes|CD8 T Cells|HLA-C|CD8A,aHD,5,5,0,0,0,0,0,0,5
Non-classical Monocytes|CD8 T Cells|HLA-C|CD8A,aSLE,7,7,0,0,0,0,0,0,7
Non-classical Monocytes|CD8 T Cells|HLA-C|CD8A,cHD,11,11,0,0,0,0,0,0,11
Non-classical Monocytes|CD8 T Cells|HLA-C|CD8A,cSLE,33,33,0,0,0,0,0,0,33
Non-classical Monocytes|CD8 T Cells|HLA-C|CD8B,aHD,5,5,0,0,0,0,0,0,5
Non-classical Monocytes|CD8 T Cells|HLA-C|CD8B,aSLE,7,7,0,0,0,0,0,0,7
Non-classical Monocytes|CD8 T Cells|HLA-C|CD8B,cHD,11,11,0,0,0,0,0,0,11
Non-classical Monocytes|CD8 T Cells|HLA-C|CD8B,cSLE,33,33,0,0,0,0,0,0,33
Non-classical Monocytes|CD8 T Cells|HLA-E|CD8A,aHD,5,5,0,0,0,0,0,0,5
Non-classical Monocytes|CD8 T Cells|HLA-E|CD8A,aSLE,7,7,0,0,0,0,0,0,7
Non-classical Monocytes|CD8 T Cells|HLA-E|CD8A,cHD,11,11,0,0,0,0,0,0,11
Non-classical Monocytes|CD8 T Cells|HLA-E|CD8A,cSLE,33,33,0,0,0,0,0,0,33
Non-classical Monocytes|CD8 T Cells|HLA-E|CD8B,aHD,5,5,0,0,0,0,0,0,5
Non-classical Monocytes|CD8 T Cells|HLA-E|CD8B,aSLE,7,7,0,0,0,0,0,0,7
Non-classical Monocytes|CD8 T Cells|HLA-E|CD8B,cHD,11,11,0,0,0,0,0,0,11
Non-classical Monocytes|CD8 T Cells|HLA-E|CD8B,cSLE,33,33,0,0,0,0,0,0,33
Non-classical Monocytes|CD8 T Cells|HLA-F|CD8A,aHD,5,5,0,0,0,0,0,0,5
Non-classical Monocytes|CD8 T Cells|HLA-F|CD8A,aSLE,7,7,0,0,0,0,0,0,7
Non-classical Monocytes|CD8 T Cells|HLA-F|CD8A,cHD,11,11,0,0,0,0,0,0,11
Non-classical Monocytes|CD8 T Cells|HLA-F|CD8A,cSLE,33,33,0,0,0,0,0,0,33
Non-classical Monocytes|CD8 T Cells|HLA-F|CD8B,aHD,5,5,0,0,0,0,0,0,5
Non-classical Monocytes|CD8 T Cells|HLA-F|CD8B,aSLE,7,7,0,0,0,0,0,0,7
Non-classical Monocytes|CD8 T Cells|HLA-F|CD8B,cHD,11,11,0,0,0,0,0,0,11
Non-classical Monocytes|CD8 T Cells|HLA-F|CD8B,cSLE,33,33,0,0,0,0,0,0,33
Non-classical Monocytes|CD8 T Cells|HMGB1|CXCR4,aHD,5,5,0,0,0,0,0,0,5
Non-classical Monocytes|CD8 T Cells|HMGB1|CXCR4,aSLE,7,7,0,0,0,0,0,0,7
Non-classical Monocytes|CD8 T Cells|HMGB1|CXCR4,cHD,11,11,0,0,0,0,0,0,11
Non-classical Monocytes|CD8 T Cells|HMGB1|CXCR4,cSLE,33,33,0,0,0,0,0,0,33
Non-classical Monocytes|CD8 T Cells|ICAM1|IL2RG,aHD,5,5,0,0,0,0,0,0,5
Non-classical Monocytes|CD8 T Cells|ICAM1|IL2RG,aSLE,7,7,0,0,0,0,0,0,7
Non-classical Monocytes|CD8 T Cells|ICAM1|IL2RG,cHD,9,11,0,0,2,0,0,0,11
Non-classical Monocytes|CD8 T Cells|ICAM1|IL2RG,cSLE,26,33,0,0,7,0,0,0,33
Non-classical Monocytes|CD8 T Cells|ICAM1|SPN,aHD,5,5,0,0,0,0,0,0,5
Non-classical Monocytes|CD8 T Cells|ICAM1|SPN,aSLE,7,7,0,0,0,0,0,0,7
Non-classical Monocytes|CD8 T Cells|ICAM1|SPN,cHD,9,11,0,0,2,0,0,0,11
Non-classical Monocytes|CD8 T Cells|ICAM1|SPN,cSLE,26,33,0,0,7,0,0,0,33
Non-classical Monocytes|CD8 T Cells|IL1B|SIGIRR,aHD,5,5,0,0,0,0,0,0,5
Non-classical Monocytes|CD8 T Cells|IL1B|SIGIRR,aSLE,7,7,0,0,0,0,0,0,7
Non-classical Monocytes|CD8 T Cells|IL1B|SIGIRR,cHD,11,11,0,0,0,0,0,0,11
Non-classical Monocytes|CD8 T Cells|IL1B|SIGIRR,cSLE,33,33,0,0,0,0,0,0,33
Non-classical Monocytes|CD8 T Cells|LGALS1|CD69,aHD,5,5,0,0,0,0,0,0,5
Non-classical Monocytes|CD8 T Cells|LGALS1|CD69,aSLE,7,7,0,0,0,0,0,0,7
Non-classical Monocytes|CD8 T Cells|LGALS1|CD69,cHD,11,11,0,0,0,0,0,0,11
Non-classical Monocytes|CD8 T Cells|LGALS1|CD69,cSLE,33,33,0,0,0,0,0,0,33
Non-classical Monocytes|CD8 T Cells|LGALS1|ITGB1,aHD,5,5,0,0,0,0,0,0,5
Non-classical Monocytes|CD8 T Cells|LGALS1|ITGB1,aSLE,7,7,0,0,0,0,0,0,7
Non-classical Monocytes|CD8 T Cells|LGALS1|ITGB1,cHD,9,11,0,0,0,2,0,0,11
Non-classical Monocytes|CD8 T Cells|LGALS1|ITGB1,cSLE,32,33,0,0,0,1,0,0,33
Non-classical Monocytes|CD8 T Cells|LGALS1|PTPRC,aHD,5,5,0,0,0,0,0,0,5
Non-classical Monocytes|CD8 T Cells|LGALS1|PTPRC,aSLE,7,7,0,0,0,0,0,0,7
Non-classical Monocytes|CD8 T Cells|LGALS1|PTPRC,cHD,11,11,0,0,0,0,0,0,11
Non-classical Monocytes|CD8 T Cells|LGALS1|PTPRC,cSLE,33,33,0,0,0,0,0,0,33
Non-classical Monocytes|CD8 T Cells|LGALS9|CD44,aHD,5,5,0,0,0,0,0,0,5
Non-classical Monocytes|CD8 T Cells|LGALS9|CD44,aSLE,7,7,0,0,0,0,0,0,7
Non-classical Monocytes|CD8 T Cells|LGALS9|CD44,cHD,11,11,0,0,0,0,0,0,11
Non-classical Monocytes|CD8 T Cells|LGALS9|CD44,cSLE,33,33,0,0,0,0,0,0,33
Non-classical Monocytes|CD8 T Cells|LGALS9|CD47,aHD,5,5,0,0,0,0,0,0,5
Non-classical Monocytes|CD8 T Cells|LGALS9|CD47,aSLE,7,7,0,0,0,0,0,0,7
Non-classical Monocytes|CD8 T Cells|LGALS9|CD47,cHD,11,11,0,0,0,0,0,0,11
Non-classical Monocytes|CD8 T Cells|LGALS9|CD47,cSLE,33,33,0,0,0,0,0,0,33
Non-classical Monocytes|CD8 T Cells|LGALS9|PTPRC,aHD,5,5,0,0,0,0,0,0,5
Non-classical Monocytes|CD8 T Cells|LGALS9|PTPRC,aSLE,7,7,0,0,0,0,0,0,7
Non-classical Monocytes|CD8 T Cells|LGALS9|PTPRC,cHD,11,11,0,0,0,0,0,0,11
Non-classical Monocytes|CD8 T Cells|LGALS9|PTPRC,cSLE,33,33,0,0,0,0,0,0,33
Non-classical Monocytes|CD8 T Cells|LRPAP1|SORL1,aHD,5,5,0,0,0,0,0,0,5
Non-classical Monocytes|CD8 T Cells|LRPAP1|SORL1,aSLE,7,7,0,0,0,0,0,0,7
Non-classical Monocytes|CD8 T Cells|LRPAP1|SORL1,cHD,11,11,0,0,0,0,0,0,11
Non-classical Monocytes|CD8 T Cells|LRPAP1|SORL1,cSLE,32,33,0,0,0,1,0,0,33
Non-classical Monocytes|CD8 T Cells|MIF|CD44_CD74,aHD,5,5,0,0,0,0,0,0,5
Non-classical Monocytes|CD8 T Cells|MIF|CD44_CD74,aSLE,7,7,0,0,0,0,0,0,7
Non-classical Monocytes|CD8 T Cells|MIF|CD44_CD74,cHD,11,11,0,0,0,0,0,0,11
Non-classical Monocytes|CD8 T Cells|MIF|CD44_CD74,cSLE,33,33,0,0,0,0,0,0,33
Non-classical Monocytes|CD8 T Cells|MIF|CD74_CXCR4,aHD,5,5,0,0,0,0,0,0,5
Non-classical Monocytes|CD8 T Cells|MIF|CD74_CXCR4,aSLE,7,7,0,0,0,0,0,0,7
Non-classical Monocytes|CD8 T Cells|MIF|CD74_CXCR4,cHD,11,11,0,0,0,0,0,0,11
Non-classical Monocytes|CD8 T Cells|MIF|CD74_CXCR4,cSLE,33,33,0,0,0,0,0,0,33
Non-classical Monocytes|CD8 T Cells|MIF|TNFRSF14,aHD,5,5,0,0,0,0,0,0,5
Non-classical Monocytes|CD8 T Cells|MIF|TNFRSF14,aSLE,7,7,0,0,0,0,0,0,7
Non-classical Monocytes|CD8 T Cells|MIF|TNFRSF14,cHD,11,11,0,0,0,0,0,0,11
Non-classical Monocytes|CD8 T Cells|MIF|TNFRSF14,cSLE,33,33,0,0,0,0,0,0,33
Non-classical Monocytes|CD8 T Cells|PKM|CD44,aHD,5,5,0,0,0,0,0,0,5
Non-classical Monocytes|CD8 T Cells|PKM|CD44,aSLE,7,7,0,0,0,0,0,0,7
Non-classical Monocytes|CD8 T Cells|PKM|CD44,cHD,11,11,0,0,0,0,0,0,11
Non-classical Monocytes|CD8 T Cells|PKM|CD44,cSLE,33,33,0,0,0,0,0,0,33
Non-classical Monocytes|CD8 T Cells|PSEN1|CD44,aHD,5,5,0,0,0,0,0,0,5
Non-classical Monocytes|CD8 T Cells|PSEN1|CD44,aSLE,7,7,0,0,0,0,0,0,7
Non-classical Monocytes|CD8 T Cells|PSEN1|CD44,cHD,11,11,0,0,0,0,0,0,11
Non-classical Monocytes|CD8 T Cells|PSEN1|CD44,cSLE,33,33,0,0,0,0,0,0,33
Non-classical Monocytes|CD8 T Cells|S100A8|CD69,aHD,5,5,0,0,0,0,0,0,5
Non-classical Monocytes|CD8 T Cells|S100A8|CD69,aSLE,7,7,0,0,0,0,0,0,7
Non-classical Monocytes|CD8 T Cells|S100A8|CD69,cHD,11,11,0,0,0,0,0,0,11
Non-classical Monocytes|CD8 T Cells|S100A8|CD69,cSLE,33,33,0,0,0,0,0,0,33
Non-classical Monocytes|CD8 T Cells|S100A8|ITGB2,aHD,5,5,0,0,0,0,0,0,5
Non-classical Monocytes|CD8 T Cells|S100A8|ITGB2,aSLE,7,7,0,0,0,0,0,0,7
Non-classical Monocytes|CD8 T Cells|S100A8|ITGB2,cHD,11,11,0,0,0,0,0,0,11
Non-classical Monocytes|CD8 T Cells|S100A8|ITGB2,cSLE,33,33,0,0,0,0,0,0,33
Non-classical Monocytes|CD8 T Cells|S100A9|ITGB2,aHD,5,5,0,0,0,0,0,0,5
Non-classical Monocytes|CD8 T Cells|S100A9|ITGB2,aSLE,7,7,0,0,0,0,0,0,7
Non-classical Monocytes|CD8 T Cells|S100A9|ITGB2,cHD,11,11,0,0,0,0,0,0,11
Non-classical Monocytes|CD8 T Cells|S100A9|ITGB2,cSLE,33,33,0,0,0,0,0,0,33
Non-classical Monocytes|CD8 T Cells|SECTM1|CD7,aHD,5,5,0,0,0,0,0,0,5
Non-classical Monocytes|CD8 T Cells|SECTM1|CD7,aSLE,7,7,0,0,0,0,0,0,7
Non-classical Monocytes|CD8 T Cells|SECTM1|CD7,cHD,11,11,0,0,0,0,0,0,11
Non-classical Monocytes|CD8 T Cells|SECTM1|CD7,cSLE,33,33,0,0,0,0,0,0,33
Non-classical Monocytes|CD8 T Cells|SELPLG|ITGB2,aHD,5,5,0,0,0,0,0,0,5
Non-classical Monocytes|CD8 T Cells|SELPLG|ITGB2,aSLE,7,7,0,0,0,0,0,0,7
Non-classical Monocytes|CD8 T Cells|SELPLG|ITGB2,cHD,11,11,0,0,0,0,0,0,11
Non-classical Monocytes|CD8 T Cells|SELPLG|ITGB2,cSLE,33,33,0,0,0,0,0,0,33
Non-classical Monocytes|CD8 T Cells|SELPLG|SELL,aHD,5,5,0,0,0,0,0,0,5
Non-classical Monocytes|CD8 T Cells|SELPLG|SELL,aSLE,7,7,0,0,0,0,0,0,7
Non-classical Monocytes|CD8 T Cells|SELPLG|SELL,cHD,11,11,0,0,0,0,0,0,11
Non-classical Monocytes|CD8 T Cells|SELPLG|SELL,cSLE,33,33,0,0,0,0,0,0,33
Non-classical Monocytes|CD8 T Cells|TGFB1|CXCR4,aHD,5,5,0,0,0,0,0,0,5
Non-classical Monocytes|CD8 T Cells|TGFB1|CXCR4,aSLE,7,7,0,0,0,0,0,0,7
Non-classical Monocytes|CD8 T Cells|TGFB1|CXCR4,cHD,11,11,0,0,0,0,0,0,11
Non-classical Monocytes|CD8 T Cells|TGFB1|CXCR4,cSLE,33,33,0,0,0,0,0,0,33
Non-classical Monocytes|CD8 T Cells|TGFB1|ITGB1,aHD,5,5,0,0,0,0,0,0,5
Non-classical Monocytes|CD8 T Cells|TGFB1|ITGB1,aSLE,7,7,0,0,0,0,0,0,7
Non-classical Monocytes|CD8 T Cells|TGFB1|ITGB1,cHD,9,11,0,0,0,2,0,0,11
Non-classical Monocytes|CD8 T Cells|TGFB1|ITGB1,cSLE,32,33,0,0,0,1,0,0,33
Non-classical Monocytes|CD8 T Cells|TIMP1|CD63,aHD,5,5,0,0,0,0,0,0,5
Non-classical Monocytes|CD8 T Cells|TIMP1|CD63,aSLE,7,7,0,0,0,0,0,0,7
Non-classical Monocytes|CD8 T Cells|TIMP1|CD63,cHD,11,11,0,0,0,0,0,0,11
Non-classical Monocytes|CD8 T Cells|TIMP1|CD63,cSLE,33,33,0,0,0,0,0,0,33
Non-classical Monocytes|CD8 T Cells|TIMP2|CD44,aHD,5,5,0,0,0,0,0,0,5
Non-classical Monocytes|CD8 T Cells|TIMP2|CD44,aSLE,7,7,0,0,0,0,0,0,7
Non-classical Monocytes|CD8 T Cells|TIMP2|CD44,cHD,11,11,0,0,0,0,0,0,11
Non-classical Monocytes|CD8 T Cells|TIMP2|CD44,cSLE,33,33,0,0,0,0,0,0,33
Non-classical Monocytes|CD8 T Cells|TIMP2|ITGB1,aHD,5,5,0,0,0,0,0,0,5
Non-classical Monocytes|CD8 T Cells|TIMP2|ITGB1,aSLE,7,7,0,0,0,0,0,0,7
Non-classical Monocytes|CD8 T Cells|TIMP2|ITGB1,cHD,9,11,0,0,0,2,0,0,11
Non-classical Monocytes|CD8 T Cells|TIMP2|ITGB1,cSLE,32,33,0,0,0,1,0,0,33
Non-classical Monocytes|CD8 T Cells|TNFSF13B|HLA-DPB1,aHD,5,5,0,0,0,0,0,0,5
Non-classical Monocytes|CD8 T Cells|TNFSF13B|HLA-DPB1,aSLE,7,7,0,0,0,0,0,0,7
Non-classical Monocytes|CD8 T Cells|TNFSF13B|HLA-DPB1,cHD,11,11,0,0,0,0,0,0,11
Non-classical Monocytes|CD8 T Cells|TNFSF13B|HLA-DPB1,cSLE,33,33,0,0,0,0,0,0,33
Non-classical Monocytes|CD8 T Cells|VCAN|CD44,aHD,5,5,0,0,0,0,0,0,5
Non-classical Monocytes|CD8 T Cells|VCAN|CD44,aSLE,7,7,0,0,0,0,0,0,7
Non-classical Monocytes|CD8 T Cells|VCAN|CD44,cHD,10,11,0,0,1,0,0,0,11
Non-classical Monocytes|CD8 T Cells|VCAN|CD44,cSLE,33,33,0,0,0,0,0,0,33
Non-classical Monocytes|CD8 T Cells|VCAN|ITGA4,aHD,5,5,0,0,0,0,0,0,5
Non-classical Monocytes|CD8 T Cells|VCAN|ITGA4,aSLE,7,7,0,0,0,0,0,0,7
Non-classical Monocytes|CD8 T Cells|VCAN|ITGA4,cHD,10,11,0,0,1,0,0,0,11
Non-classical Monocytes|CD8 T Cells|VCAN|ITGA4,cSLE,33,33,0,0,0,0,0,0,33
Non-classical Monocytes|CD8 T Cells|VCAN|ITGB1,aHD,5,5,0,0,0,0,0,0,5
Non-classical Monocytes|CD8 T Cells|VCAN|ITGB1,aSLE,7,7,0,0,0,0,0,0,7
Non-classical Monocytes|CD8 T Cells|VCAN|ITGB1,cHD,8,11,0,0,1,2,0,0,11
Non-classical Monocytes|CD8 T Cells|VCAN|ITGB1,cSLE,32,33,0,0,0,1,0,0,33
Non-classical Monocytes|CD8 T Cells|VCAN|SELL,aHD,5,5,0,0,0,0,0,0,5
Non-classical Monocytes|CD8 T Cells|VCAN|SELL,aSLE,7,7,0,0,0,0,0,0,7
Non-classical Monocytes|CD8 T Cells|VCAN|SELL,cHD,10,11,0,0,1,0,0,0,11
Non-classical Monocytes|CD8 T Cells|VCAN|SELL,cSLE,33,33,0,0,0,0,0,0,33
Non-classical Monocytes|CD8 T Cells|VIM|CD44,aHD,5,5,0,0,0,0,0,0,5
Non-classical Monocytes|CD8 T Cells|VIM|CD44,aSLE,7,7,0,0,0,0,0,0,7
Non-classical Monocytes|CD8 T Cells|VIM|CD44,cHD,11,11,0,0,0,0,0,0,11
Non-classical Monocytes|CD8 T Cells|VIM|CD44,cSLE,33,33,0,0,0,0,0,0,33
Non-classical Monocytes|Classical Monocytes|ADAM10|CD44,aHD,5,5,0,0,0,0,0,0,5
Non-classical Monocytes|Classical Monocytes|ADAM10|CD44,aSLE,7,7,0,0,0,0,0,0,7
Non-classical Monocytes|Classical Monocytes|ADAM10|CD44,cHD,11,11,0,0,0,0,0,0,11
Non-classical Monocytes|Classical Monocytes|ADAM10|CD44,cSLE,33,33,0,0,0,0,0,0,33
Non-classical Monocytes|Classical Monocytes|ADAM10|IL6R,aHD,5,5,0,0,0,0,0,0,5
Non-classical Monocytes|Classical Monocytes|ADAM10|IL6R,aSLE,7,7,0,0,0,0,0,0,7
Non-classical Monocytes|Classical Monocytes|ADAM10|IL6R,cHD,11,11,0,0,0,0,0,0,11
Non-classical Monocytes|Classical Monocytes|ADAM10|IL6R,cSLE,29,33,0,0,0,4,0,0,33
Non-classical Monocytes|Classical Monocytes|ADAM10|NOTCH2,aHD,5,5,0,0,0,0,0,0,5
Non-classical Monocytes|Classical Monocytes|ADAM10|NOTCH2,aSLE,7,7,0,0,0,0,0,0,7
Non-classical Monocytes|Classical Monocytes|ADAM10|NOTCH2,cHD,11,11,0,0,0,0,0,0,11
Non-classical Monocytes|Classical Monocytes|ADAM10|NOTCH2,cSLE,33,33,0,0,0,0,0,0,33
Non-classical Monocytes|Classical Monocytes|ADAM15|ITGB1,aHD,5,5,0,0,0,0,0,0,5
Non-classical Monocytes|Classical Monocytes|ADAM15|ITGB1,aSLE,7,7,0,0,0,0,0,0,7
Non-classical Monocytes|Classical Monocytes|ADAM15|ITGB1,cHD,8,11,0,0,3,0,0,0,11
Non-classical Monocytes|Classical Monocytes|ADAM15|ITGB1,cSLE,32,33,0,0,1,0,0,0,33
Non-classical Monocytes|Classical Monocytes|ADAM17|IL6R,aHD,5,5,0,0,0,0,0,0,5
Non-classical Monocytes|Classical Monocytes|ADAM17|IL6R,aSLE,7,7,0,0,0,0,0,0,7
Non-classical Monocytes|Classical Monocytes|ADAM17|IL6R,cHD,11,11,0,0,0,0,0,0,11
Non-classical Monocytes|Classical Monocytes|ADAM17|IL6R,cSLE,29,33,0,0,0,4,0,0,33
Non-classical Monocytes|Classical Monocytes|ADAM17|ITGB1,aHD,5,5,0,0,0,0,0,0,5
Non-classical Monocytes|Classical Monocytes|ADAM17|ITGB1,aSLE,7,7,0,0,0,0,0,0,7
Non-classical Monocytes|Classical Monocytes|ADAM17|ITGB1,cHD,11,11,0,0,0,0,0,0,11
Non-classical Monocytes|Classical Monocytes|ADAM17|ITGB1,cSLE,33,33,0,0,0,0,0,0,33
Non-classical Monocytes|Classical Monocytes|ANXA1|FPR1,aHD,5,5,0,0,0,0,0,0,5
Non-classical Monocytes|Classical Monocytes|ANXA1|FPR1,aSLE,7,7,0,0,0,0,0,0,7
Non-classical Monocytes|Classical Monocytes|ANXA1|FPR1,cHD,11,11,0,0,0,0,0,0,11
Non-classical Monocytes|Classical Monocytes|ANXA1|FPR1,cSLE,33,33,0,0,0,0,0,0,33
Non-classical Monocytes|Classical Monocytes|ANXA2|TLR2,aHD,5,5,0,0,0,0,0,0,5
Non-classical Monocytes|Classical Monocytes|ANXA2|TLR2,aSLE,7,7,0,0,0,0,0,0,7
Non-classical Monocytes|Classical Monocytes|ANXA2|TLR2,cHD,11,11,0,0,0,0,0,0,11
Non-classical Monocytes|Classical Monocytes|ANXA2|TLR2,cSLE,33,33,0,0,0,0,0,0,33
Non-classical Monocytes|Classical Monocytes|APP|CD74,aHD,5,5,0,0,0,0,0,0,5
Non-classical Monocytes|Classical Monocytes|APP|CD74,aSLE,7,7,0,0,0,0,0,0,7
Non-classical Monocytes|Classical Monocytes|APP|CD74,cHD,6,11,0,0,5,0,0,0,11
Non-classical Monocytes|Classical Monocytes|APP|CD74,cSLE,31,33,0,0,2,0,0,0,33
Non-classical Monocytes|Classical Monocytes|APP|LRP1,aHD,5,5,0,0,0,0,0,0,5
Non-classical Monocytes|Classical Monocytes|APP|LRP1,aSLE,7,7,0,0,0,0,0,0,7
Non-classical Monocytes|Classical Monocytes|APP|LRP1,cHD,6,11,0,0,5,0,0,0,11
Non-classical Monocytes|Classical Monocytes|APP|LRP1,cSLE,31,33,0,0,2,0,0,0,33
Non-classical Monocytes|Classical Monocytes|APP|NOTCH2,aHD,5,5,0,0,0,0,0,0,5
Non-classical Monocytes|Classical Monocytes|APP|NOTCH2,aSLE,7,7,0,0,0,0,0,0,7
Non-classical Monocytes|Classical Monocytes|APP|NOTCH2,cHD,6,11,0,0,5,0,0,0,11
Non-classical Monocytes|Classical Monocytes|APP|NOTCH2,cSLE,31,33,0,0,2,0,0,0,33
Non-classical Monocytes|Classical Monocytes|APP|PTGER2,aHD,5,5,0,0,0,0,0,0,5
Non-classical Monocytes|Classical Monocytes|APP|PTGER2,aSLE,7,7,0,0,0,0,0,0,7
Non-classical Monocytes|Classical Monocytes|APP|PTGER2,cHD,6,11,0,0,5,0,0,0,11
Non-classical Monocytes|Classical Monocytes|APP|PTGER2,cSLE,31,33,0,0,2,0,0,0,33
Non-classical Monocytes|Classical Monocytes|CALR|LRP1,aHD,5,5,0,0,0,0,0,0,5
Non-classical Monocytes|Classical Monocytes|CALR|LRP1,aSLE,7,7,0,0,0,0,0,0,7
Non-classical Monocytes|Classical Monocytes|CALR|LRP1,cHD,11,11,0,0,0,0,0,0,11
Non-classical Monocytes|Classical Monocytes|CALR|LRP1,cSLE,33,33,0,0,0,0,0,0,33
Non-classical Monocytes|Classical Monocytes|CD14|ITGB1,aHD,5,5,0,0,0,0,0,0,5
Non-classical Monocytes|Classical Monocytes|CD14|ITGB1,aSLE,7,7,0,0,0,0,0,0,7
Non-classical Monocytes|Classical Monocytes|CD14|ITGB1,cHD,11,11,0,0,0,0,0,0,11
Non-classical Monocytes|Classical Monocytes|CD14|ITGB1,cSLE,33,33,0,0,0,0,0,0,33
Non-classical Monocytes|Classical Monocytes|CD14|ITGB2,aHD,5,5,0,0,0,0,0,0,5
Non-classical Monocytes|Classical Monocytes|CD14|ITGB2,aSLE,7,7,0,0,0,0,0,0,7
Non-classical Monocytes|Classical Monocytes|CD14|ITGB2,cHD,11,11,0,0,0,0,0,0,11
Non-classical Monocytes|Classical Monocytes|CD14|ITGB2,cSLE,33,33,0,0,0,0,0,0,33
Non-classical Monocytes|Classical Monocytes|CD1D|LILRB2,aHD,5,5,0,0,0,0,0,0,5
Non-classical Monocytes|Classical Monocytes|CD1D|LILRB2,aSLE,7,7,0,0,0,0,0,0,7
Non-classical Monocytes|Classical Monocytes|CD1D|LILRB2,cHD,9,11,0,0,2,0,0,0,11
Non-classical Monocytes|Classical Monocytes|CD1D|LILRB2,cSLE,30,33,0,0,3,0,0,0,33
Non-classical Monocytes|Classical Monocytes|CD47|SIRPA,aHD,5,5,0,0,0,0,0,0,5
Non-classical Monocytes|Classical Monocytes|CD47|SIRPA,aSLE,7,7,0,0,0,0,0,0,7
Non-classical Monocytes|Classical Monocytes|CD47|SIRPA,cHD,10,11,0,0,0,1,0,0,11
Non-classical Monocytes|Classical Monocytes|CD47|SIRPA,cSLE,33,33,0,0,0,0,0,0,33
Non-classical Monocytes|Classical Monocytes|CD99|PILRA,aHD,5,5,0,0,0,0,0,0,5
Non-classical Monocytes|Classical Monocytes|CD99|PILRA,aSLE,7,7,0,0,0,0,0,0,7
Non-classical Monocytes|Classical Monocytes|CD99|PILRA,cHD,11,11,0,0,0,0,0,0,11
Non-classical Monocytes|Classical Monocytes|CD99|PILRA,cSLE,33,33,0,0,0,0,0,0,33
Non-classical Monocytes|Classical Monocytes|CIRBP|TREM1,aHD,5,5,0,0,0,0,0,0,5
Non-classical Monocytes|Classical Monocytes|CIRBP|TREM1,aSLE,7,7,0,0,0,0,0,0,7
Non-classical Monocytes|Classical Monocytes|CIRBP|TREM1,cHD,11,11,0,0,0,0,0,0,11
Non-classical Monocytes|Classical Monocytes|CIRBP|TREM1,cSLE,33,33,0,0,0,0,0,0,33
Non-classical Monocytes|Classical Monocytes|COPA|CD74,aHD,5,5,0,0,0,0,0,0,5
Non-classical Monocytes|Classical Monocytes|COPA|CD74,aSLE,7,7,0,0,0,0,0,0,7
Non-classical Monocytes|Classical Monocytes|COPA|CD74,cHD,11,11,0,0,0,0,0,0,11
Non-classical Monocytes|Classical Monocytes|COPA|CD74,cSLE,33,33,0,0,0,0,0,0,33
Non-classical Monocytes|Classical Monocytes|FABP5|RXRA,aHD,5,5,0,0,0,0,0,0,5
Non-classical Monocytes|Classical Monocytes|FABP5|RXRA,aSLE,7,7,0,0,0,0,0,0,7
Non-classical Monocytes|Classical Monocytes|FABP5|RXRA,cHD,8,11,0,0,3,0,0,0,11
Non-classical Monocytes|Classical Monocytes|FABP5|RXRA,cSLE,28,33,0,0,5,0,0,0,33
Non-classical Monocytes|Classical Monocytes|GNAI2|ADCY7,aHD,5,5,0,0,0,0,0,0,5
Non-classical Monocytes|Classical Monocytes|GNAI2|ADCY7,aSLE,7,7,0,0,0,0,0,0,7
Non-classical Monocytes|Classical Monocytes|GNAI2|ADCY7,cHD,11,11,0,0,0,0,0,0,11
Non-classical Monocytes|Classical Monocytes|GNAI2|ADCY7,cSLE,33,33,0,0,0,0,0,0,33
Non-classical Monocytes|Classical Monocytes|GNAI2|C5AR1,aHD,5,5,0,0,0,0,0,0,5
Non-classical Monocytes|Classical Monocytes|GNAI2|C5AR1,aSLE,7,7,0,0,0,0,0,0,7
Non-classical Monocytes|Classical Monocytes|GNAI2|C5AR1,cHD,11,11,0,0,0,0,0,0,11
Non-classical Monocytes|Classical Monocytes|GNAI2|C5AR1,cSLE,33,33,0,0,0,0,0,0,33
Non-classical Monocytes|Classical Monocytes|GNAI2|FPR1,aHD,5,5,0,0,0,0,0,0,5
Non-classical Monocytes|Classical Monocytes|GNAI2|FPR1,aSLE,7,7,0,0,0,0,0,0,7
Non-classical Monocytes|Classical Monocytes|GNAI2|FPR1,cHD,11,11,0,0,0,0,0,0,11
Non-classical Monocytes|Classical Monocytes|GNAI2|FPR1,cSLE,33,33,0,0,0,0,0,0,33
Non-classical Monocytes|Classical Monocytes|GNAS|ADCY7,aHD,5,5,0,0,0,0,0,0,5
Non-classical Monocytes|Classical Monocytes|GNAS|ADCY7,aSLE,7,7,0,0,0,0,0,0,7
Non-classical Monocytes|Classical Monocytes|GNAS|ADCY7,cHD,11,11,0,0,0,0,0,0,11
Non-classical Monocytes|Classical Monocytes|GNAS|ADCY7,cSLE,33,33,0,0,0,0,0,0,33
Non-classical Monocytes|Classical Monocytes|GRN|TNFRSF1A,aHD,5,5,0,0,0,0,0,0,5
Non-classical Monocytes|Classical Monocytes|GRN|TNFRSF1A,aSLE,7,7,0,0,0,0,0,0,7
Non-classical Monocytes|Classical Monocytes|GRN|TNFRSF1A,cHD,11,11,0,0,0,0,0,0,11
Non-classical Monocytes|Classical Monocytes|GRN|TNFRSF1A,cSLE,33,33,0,0,0,0,0,0,33
Non-classical Monocytes|Classical Monocytes|GRN|TNFRSF1B,aHD,5,5,0,0,0,0,0,0,5
Non-classical Monocytes|Classical Monocytes|GRN|TNFRSF1B,aSLE,7,7,0,0,0,0,0,0,7
Non-classical Monocytes|Classical Monocytes|GRN|TNFRSF1B,cHD,11,11,0,0,0,0,0,0,11
Non-classical Monocytes|Classical Monocytes|GRN|TNFRSF1B,cSLE,33,33,0,0,0,0,0,0,33
Non-classical Monocytes|Classical Monocytes|HBEGF|CD44,aHD,5,5,0,0,0,0,0,0,5
Non-classical Monocytes|Classical Monocytes|HBEGF|CD44,aSLE,7,7,0,0,0,0,0,0,7
Non-classical Monocytes|Classical Monocytes|HBEGF|CD44,cHD,8,11,0,0,3,0,0,0,11
Non-classical Monocytes|Classical Monocytes|HBEGF|CD44,cSLE,25,33,0,0,8,0,0,0,33
Non-classical Monocytes|Classical Monocytes|HLA-A|APLP2,aHD,5,5,0,0,0,0,0,0,5
Non-classical Monocytes|Classical Monocytes|HLA-A|APLP2,aSLE,7,7,0,0,0,0,0,0,7
Non-classical Monocytes|Classical Monocytes|HLA-A|APLP2,cHD,11,11,0,0,0,0,0,0,11
Non-classical Monocytes|Classical Monocytes|HLA-A|APLP2,cSLE,33,33,0,0,0,0,0,0,33
Non-classical Monocytes|Classical Monocytes|HLA-A|LILRB2,aHD,5,5,0,0,0,0,0,0,5
Non-classical Monocytes|Classical Monocytes|HLA-A|LILRB2,aSLE,7,7,0,0,0,0,0,0,7
Non-classical Monocytes|Classical Monocytes|HLA-A|LILRB2,cHD,11,11,0,0,0,0,0,0,11
Non-classical Monocytes|Classical Monocytes|HLA-A|LILRB2,cSLE,33,33,0,0,0,0,0,0,33
Non-classical Monocytes|Classical Monocytes|HLA-B|LILRB2,aHD,5,5,0,0,0,0,0,0,5
Non-classical Monocytes|Classical Monocytes|HLA-B|LILRB2,aSLE,7,7,0,0,0,0,0,0,7
Non-classical Monocytes|Classical Monocytes|HLA-B|LILRB2,cHD,11,11,0,0,0,0,0,0,11
Non-classical Monocytes|Classical Monocytes|HLA-B|LILRB2,cSLE,33,33,0,0,0,0,0,0,33
Non-classical Monocytes|Classical Monocytes|HLA-C|LILRB2,aHD,5,5,0,0,0,0,0,0,5
Non-classical Monocytes|Classical Monocytes|HLA-C|LILRB2,aSLE,7,7,0,0,0,0,0,0,7
Non-classical Monocytes|Classical Monocytes|HLA-C|LILRB2,cHD,11,11,0,0,0,0,0,0,11
Non-classical Monocytes|Classical Monocytes|HLA-C|LILRB2,cSLE,33,33,0,0,0,0,0,0,33
Non-classical Monocytes|Classical Monocytes|HLA-DMA|CD4,aHD,5,5,0,0,0,0,0,0,5
Non-classical Monocytes|Classical Monocytes|HLA-DMA|CD4,aSLE,7,7,0,0,0,0,0,0,7
Non-classical Monocytes|Classical Monocytes|HLA-DMA|CD4,cHD,11,11,0,0,0,0,0,0,11
Non-classical Monocytes|Classical Monocytes|HLA-DMA|CD4,cSLE,33,33,0,0,0,0,0,0,33
Non-classical Monocytes|Classical Monocytes|HLA-DMB|CD4,aHD,5,5,0,0,0,0,0,0,5
Non-classical Monocytes|Classical Monocytes|HLA-DMB|CD4,aSLE,7,7,0,0,0,0,0,0,7
Non-classical Monocytes|Classical Monocytes|HLA-DMB|CD4,cHD,11,11,0,0,0,0,0,0,11
Non-classical Monocytes|Classical Monocytes|HLA-DMB|CD4,cSLE,33,33,0,0,0,0,0,0,33
Non-classical Monocytes|Classical Monocytes|HLA-DPA1|CD4,aHD,5,5,0,0,0,0,0,0,5
Non-classical Monocytes|Classical Monocytes|HLA-DPA1|CD4,aSLE,7,7,0,0,0,0,0,0,7
Non-classical Monocytes|Classical Monocytes|HLA-DPA1|CD4,cHD,11,11,0,0,0,0,0,0,11
Non-classical Monocytes|Classical Monocytes|HLA-DPA1|CD4,cSLE,33,33,0,0,0,0,0,0,33
Non-classical Monocytes|Classical Monocytes|HLA-DPB1|CD4,aHD,5,5,0,0,0,0,0,0,5
Non-classical Monocytes|Classical Monocytes|HLA-DPB1|CD4,aSLE,7,7,0,0,0,0,0,0,7
Non-classical Monocytes|Classical Monocytes|HLA-DPB1|CD4,cHD,11,11,0,0,0,0,0,0,11
Non-classical Monocytes|Classical Monocytes|HLA-DPB1|CD4,cSLE,33,33,0,0,0,0,0,0,33
Non-classical Monocytes|Classical Monocytes|HLA-DQA1|CD4,aHD,5,5,0,0,0,0,0,0,5
Non-classical Monocytes|Classical Monocytes|HLA-DQA1|CD4,aSLE,7,7,0,0,0,0,0,0,7
Non-classical Monocytes|Classical Monocytes|HLA-DQA1|CD4,cHD,11,11,0,0,0,0,0,0,11
Non-classical Monocytes|Classical Monocytes|HLA-DQA1|CD4,cSLE,32,33,0,0,1,0,0,0,33
Non-classical Monocytes|Classical Monocytes|HLA-DQB1|CD4,aHD,5,5,0,0,0,0,0,0,5
Non-classical Monocytes|Classical Monocytes|HLA-DQB1|CD4,aSLE,7,7,0,0,0,0,0,0,7
Non-classical Monocytes|Classical Monocytes|HLA-DQB1|CD4,cHD,11,11,0,0,0,0,0,0,11
Non-classical Monocytes|Classical Monocytes|HLA-DQB1|CD4,cSLE,33,33,0,0,0,0,0,0,33
Non-classical Monocytes|Classical Monocytes|HLA-DRA|CD4,aHD,5,5,0,0,0,0,0,0,5
Non-classical Monocytes|Classical Monocytes|HLA-DRA|CD4,aSLE,7,7,0,0,0,0,0,0,7
Non-classical Monocytes|Classical Monocytes|HLA-DRA|CD4,cHD,11,11,0,0,0,0,0,0,11
Non-classical Monocytes|Classical Monocytes|HLA-DRA|CD4,cSLE,33,33,0,0,0,0,0,0,33
Non-classical Monocytes|Classical Monocytes|HLA-DRB1|CD4,aHD,5,5,0,0,0,0,0,0,5
Non-classical Monocytes|Classical Monocytes|HLA-DRB1|CD4,aSLE,7,7,0,0,0,0,0,0,7
Non-classical Monocytes|Classical Monocytes|HLA-DRB1|CD4,cHD,11,11,0,0,0,0,0,0,11
Non-classical Monocytes|Classical Monocytes|HLA-DRB1|CD4,cSLE,33,33,0,0,0,0,0,0,33
Non-classical Monocytes|Classical Monocytes|HLA-DRB5|CD4,aHD,5,5,0,0,0,0,0,0,5
Non-classical Monocytes|Classical Monocytes|HLA-DRB5|CD4,aSLE,7,7,0,0,0,0,0,0,7
Non-classical Monocytes|Classical Monocytes|HLA-DRB5|CD4,cHD,9,11,0,0,2,0,0,0,11
Non-classical Monocytes|Classical Monocytes|HLA-DRB5|CD4,cSLE,29,33,0,0,4,0,0,0,33
Non-classical Monocytes|Classical Monocytes|HLA-F|LILRB2,aHD,5,5,0,0,0,0,0,0,5
Non-classical Monocytes|Classical Monocytes|HLA-F|LILRB2,aSLE,7,7,0,0,0,0,0,0,7
Non-classical Monocytes|Classical Monocytes|HLA-F|LILRB2,cHD,11,11,0,0,0,0,0,0,11
Non-classical Monocytes|Classical Monocytes|HLA-F|LILRB2,cSLE,33,33,0,0,0,0,0,0,33
Non-classical Monocytes|Classical Monocytes|HMGB1|CXCR4,aHD,5,5,0,0,0,0,0,0,5
Non-classical Monocytes|Classical Monocytes|HMGB1|CXCR4,aSLE,7,7,0,0,0,0,0,0,7
Non-classical Monocytes|Classical Monocytes|HMGB1|CXCR4,cHD,11,11,0,0,0,0,0,0,11
Non-classical Monocytes|Classical Monocytes|HMGB1|CXCR4,cSLE,33,33,0,0,0,0,0,0,33
Non-classical Monocytes|Classical Monocytes|HMGB1|TLR2,aHD,5,5,0,0,0,0,0,0,5
Non-classical Monocytes|Classical Monocytes|HMGB1|TLR2,aSLE,7,7,0,0,0,0,0,0,7
Non-classical Monocytes|Classical Monocytes|HMGB1|TLR2,cHD,11,11,0,0,0,0,0,0,11
Non-classical Monocytes|Classical Monocytes|HMGB1|TLR2,cSLE,33,33,0,0,0,0,0,0,33
Non-classical Monocytes|Classical Monocytes|ICAM1|ITGAL_ITGB2,aHD,5,5,0,0,0,0,0,0,5
Non-classical Monocytes|Classical Monocytes|ICAM1|ITGAL_ITGB2,aSLE,7,7,0,0,0,0,0,0,7
Non-classical Monocytes|Classical Monocytes|ICAM1|ITGAL_ITGB2,cHD,8,11,0,0,2,1,0,0,11
Non-classical Monocytes|Classical Monocytes|ICAM1|ITGAL_ITGB2,cSLE,24,33,0,0,7,2,0,0,33
Non-classical Monocytes|Classical Monocytes|ICAM1|ITGAM_ITGB2,aHD,5,5,0,0,0,0,0,0,5
Non-classical Monocytes|Classical Monocytes|ICAM1|ITGAM_ITGB2,aSLE,7,7,0,0,0,0,0,0,7
Non-classical Monocytes|Classical Monocytes|ICAM1|ITGAM_ITGB2,cHD,9,11,0,0,2,0,0,0,11
Non-classical Monocytes|Classical Monocytes|ICAM1|ITGAM_ITGB2,cSLE,26,33,0,0,7,0,0,0,33
Non-classical Monocytes|Classical Monocytes|ICAM1|SPN,aHD,5,5,0,0,0,0,0,0,5
Non-classical Monocytes|Classical Monocytes|ICAM1|SPN,aSLE,7,7,0,0,0,0,0,0,7
Non-classical Monocytes|Classical Monocytes|ICAM1|SPN,cHD,9,11,0,0,2,0,0,0,11
Non-classical Monocytes|Classical Monocytes|ICAM1|SPN,cSLE,24,33,0,0,7,3,0,0,33
Non-classical Monocytes|Classical Monocytes|ICAM2|ITGAL_ITGB2,aHD,5,5,0,0,0,0,0,0,5
Non-classical Monocytes|Classical Monocytes|ICAM2|ITGAL_ITGB2,aSLE,7,7,0,0,0,0,0,0,7
Non-classical Monocytes|Classical Monocytes|ICAM2|ITGAL_ITGB2,cHD,10,11,0,0,0,1,0,0,11
Non-classical Monocytes|Classical Monocytes|ICAM2|ITGAL_ITGB2,cSLE,31,33,0,0,0,2,0,0,33
Non-classical Monocytes|Classical Monocytes|ICAM2|ITGAM_ITGB2,aHD,5,5,0,0,0,0,0,0,5
Non-classical Monocytes|Classical Monocytes|ICAM2|ITGAM_ITGB2,aSLE,7,7,0,0,0,0,0,0,7
Non-classical Monocytes|Classical Monocytes|ICAM2|ITGAM_ITGB2,cHD,11,11,0,0,0,0,0,0,11
Non-classical Monocytes|Classical Monocytes|ICAM2|ITGAM_ITGB2,cSLE,33,33,0,0,0,0,0,0,33
Non-classical Monocytes|Classical Monocytes|ICAM3|ITGAL,aHD,5,5,0,0,0,0,0,0,5
Non-classical Monocytes|Classical Monocytes|ICAM3|ITGAL,aSLE,7,7,0,0,0,0,0,0,7
Non-classical Monocytes|Classical Monocytes|ICAM3|ITGAL,cHD,10,11,0,0,0,1,0,0,11
Non-classical Monocytes|Classical Monocytes|ICAM3|ITGAL,cSLE,31,33,0,0,0,2,0,0,33
Non-classical Monocytes|Classical Monocytes|IL16|CD4,aHD,5,5,0,0,0,0,0,0,5
Non-classical Monocytes|Classical Monocytes|IL16|CD4,aSLE,7,7,0,0,0,0,0,0,7
Non-classical Monocytes|Classical Monocytes|IL16|CD4,cHD,11,11,0,0,0,0,0,0,11
Non-classical Monocytes|Classical Monocytes|IL16|CD4,cSLE,30,33,0,0,3,0,0,0,33
Non-classical Monocytes|Classical Monocytes|IL1B|SIGIRR,aHD,5,5,0,0,0,0,0,0,5
Non-classical Monocytes|Classical Monocytes|IL1B|SIGIRR,aSLE,7,7,0,0,0,0,0,0,7
Non-classical Monocytes|Classical Monocytes|IL1B|SIGIRR,cHD,11,11,0,0,0,0,0,0,11
Non-classical Monocytes|Classical Monocytes|IL1B|SIGIRR,cSLE,33,33,0,0,0,0,0,0,33
Non-classical Monocytes|Classical Monocytes|LGALS1|CD69,aHD,5,5,0,0,0,0,0,0,5
Non-classical Monocytes|Classical Monocytes|LGALS1|CD69,aSLE,6,7,0,0,0,1,0,0,7
Non-classical Monocytes|Classical Monocytes|LGALS1|CD69,cHD,11,11,0,0,0,0,0,0,11
Non-classical Monocytes|Classical Monocytes|LGALS1|CD69,cSLE,33,33,0,0,0,0,0,0,33
Non-classical Monocytes|Classical Monocytes|LGALS1|ITGB1,aHD,5,5,0,0,0,0,0,0,5
Non-classical Monocytes|Classical Monocytes|LGALS1|ITGB1,aSLE,7,7,0,0,0,0,0,0,7
Non-classical Monocytes|Classical Monocytes|LGALS1|ITGB1,cHD,11,11,0,0,0,0,0,0,11
Non-classical Monocytes|Classical Monocytes|LGALS1|ITGB1,cSLE,33,33,0,0,0,0,0,0,33
Non-classical Monocytes|Classical Monocytes|LGALS1|PTPRC,aHD,5,5,0,0,0,0,0,0,5
Non-classical Monocytes|Classical Monocytes|LGALS1|PTPRC,aSLE,7,7,0,0,0,0,0,0,7
Non-classical Monocytes|Classical Monocytes|LGALS1|PTPRC,cHD,11,11,0,0,0,0,0,0,11
Non-classical Monocytes|Classical Monocytes|LGALS1|PTPRC,cSLE,33,33,0,0,0,0,0,0,33
Non-classical Monocytes|Classical Monocytes|LGALS9|CD44,aHD,5,5,0,0,0,0,0,0,5
Non-classical Monocytes|Classical Monocytes|LGALS9|CD44,aSLE,7,7,0,0,0,0,0,0,7
Non-classical Monocytes|Classical Monocytes|LGALS9|CD44,cHD,11,11,0,0,0,0,0,0,11
Non-classical Monocytes|Classical Monocytes|LGALS9|CD44,cSLE,33,33,0,0,0,0,0,0,33
Non-classical Monocytes|Classical Monocytes|LGALS9|CD47,aHD,5,5,0,0,0,0,0,0,5
Non-classical Monocytes|Classical Monocytes|LGALS9|CD47,aSLE,7,7,0,0,0,0,0,0,7
Non-classical Monocytes|Classical Monocytes|LGALS9|CD47,cHD,11,11,0,0,0,0,0,0,11
Non-classical Monocytes|Classical Monocytes|LGALS9|CD47,cSLE,33,33,0,0,0,0,0,0,33
Non-classical Monocytes|Classical Monocytes|LGALS9|LRP1,aHD,5,5,0,0,0,0,0,0,5
Non-classical Monocytes|Classical Monocytes|LGALS9|LRP1,aSLE,7,7,0,0,0,0,0,0,7
Non-classical Monocytes|Classical Monocytes|LGALS9|LRP1,cHD,11,11,0,0,0,0,0,0,11
Non-classical Monocytes|Classical Monocytes|LGALS9|LRP1,cSLE,33,33,0,0,0,0,0,0,33
Non-classical Monocytes|Classical Monocytes|LGALS9|PTPRC,aHD,5,5,0,0,0,0,0,0,5
Non-classical Monocytes|Classical Monocytes|LGALS9|PTPRC,aSLE,7,7,0,0,0,0,0,0,7
Non-classical Monocytes|Classical Monocytes|LGALS9|PTPRC,cHD,11,11,0,0,0,0,0,0,11
Non-classical Monocytes|Classical Monocytes|LGALS9|PTPRC,cSLE,33,33,0,0,0,0,0,0,33
Non-classical Monocytes|Classical Monocytes|LRPAP1|LRP1,aHD,5,5,0,0,0,0,0,0,5
Non-classical Monocytes|Classical Monocytes|LRPAP1|LRP1,aSLE,7,7,0,0,0,0,0,0,7
Non-classical Monocytes|Classical Monocytes|LRPAP1|LRP1,cHD,11,11,0,0,0,0,0,0,11
Non-classical Monocytes|Classical Monocytes|LRPAP1|LRP1,cSLE,33,33,0,0,0,0,0,0,33
Non-classical Monocytes|Classical Monocytes|LRPAP1|SORL1,aHD,5,5,0,0,0,0,0,0,5
Non-classical Monocytes|Classical Monocytes|LRPAP1|SORL1,aSLE,7,7,0,0,0,0,0,0,7
Non-classical Monocytes|Classical Monocytes|LRPAP1|SORL1,cHD,11,11,0,0,0,0,0,0,11
Non-classical Monocytes|Classical Monocytes|LRPAP1|SORL1,cSLE,31,33,0,0,0,2,0,0,33
Non-classical Monocytes|Classical Monocytes|LTB|TNFRSF1A,aHD,5,5,0,0,0,0,0,0,5
Non-classical Monocytes|Classical Monocytes|LTB|TNFRSF1A,aSLE,7,7,0,0,0,0,0,0,7
Non-classical Monocytes|Classical Monocytes|LTB|TNFRSF1A,cHD,11,11,0,0,0,0,0,0,11
Non-classical Monocytes|Classical Monocytes|LTB|TNFRSF1A,cSLE,33,33,0,0,0,0,0,0,33
Non-classical Monocytes|Classical Monocytes|MFNG|NOTCH2,aHD,5,5,0,0,0,0,0,0,5
Non-classical Monocytes|Classical Monocytes|MFNG|NOTCH2,aSLE,7,7,0,0,0,0,0,0,7
Non-classical Monocytes|Classical Monocytes|MFNG|NOTCH2,cHD,11,11,0,0,0,0,0,0,11
Non-classical Monocytes|Classical Monocytes|MFNG|NOTCH2,cSLE,33,33,0,0,0,0,0,0,33
Non-classical Monocytes|Classical Monocytes|MIF|CD44_CD74,aHD,5,5,0,0,0,0,0,0,5
Non-classical Monocytes|Classical Monocytes|MIF|CD44_CD74,aSLE,7,7,0,0,0,0,0,0,7
Non-classical Monocytes|Classical Monocytes|MIF|CD44_CD74,cHD,11,11,0,0,0,0,0,0,11
Non-classical Monocytes|Classical Monocytes|MIF|CD44_CD74,cSLE,33,33,0,0,0,0,0,0,33
Non-classical Monocytes|Classical Monocytes|MIF|CD74_CXCR4,aHD,5,5,0,0,0,0,0,0,5
Non-classical Monocytes|Classical Monocytes|MIF|CD74_CXCR4,aSLE,7,7,0,0,0,0,0,0,7
Non-classical Monocytes|Classical Monocytes|MIF|CD74_CXCR4,cHD,11,11,0,0,0,0,0,0,11
Non-classical Monocytes|Classical Monocytes|MIF|CD74_CXCR4,cSLE,33,33,0,0,0,0,0,0,33
Non-classical Monocytes|Classical Monocytes|MIF|TNFRSF14,aHD,5,5,0,0,0,0,0,0,5
Non-classical Monocytes|Classical Monocytes|MIF|TNFRSF14,aSLE,7,7,0,0,0,0,0,0,7
Non-classical Monocytes|Classical Monocytes|MIF|TNFRSF14,cHD,11,11,0,0,0,0,0,0,11
Non-classical Monocytes|Classical Monocytes|MIF|TNFRSF14,cSLE,33,33,0,0,0,0,0,0,33
Non-classical Monocytes|Classical Monocytes|PKM|CD44,aHD,5,5,0,0,0,0,0,0,5
Non-classical Monocytes|Classical Monocytes|PKM|CD44,aSLE,7,7,0,0,0,0,0,0,7
Non-classical Monocytes|Classical Monocytes|PKM|CD44,cHD,11,11,0,0,0,0,0,0,11
Non-classical Monocytes|Classical Monocytes|PKM|CD44,cSLE,33,33,0,0,0,0,0,0,33
Non-classical Monocytes|Classical Monocytes|PSAP|LRP1,aHD,5,5,0,0,0,0,0,0,5
Non-classical Monocytes|Classical Monocytes|PSAP|LRP1,aSLE,7,7,0,0,0,0,0,0,7
Non-classical Monocytes|Classical Monocytes|PSAP|LRP1,cHD,11,11,0,0,0,0,0,0,11
Non-classical Monocytes|Classical Monocytes|PSAP|LRP1,cSLE,33,33,0,0,0,0,0,0,33
Non-classical Monocytes|Classical Monocytes|PSEN1|CD44,aHD,5,5,0,0,0,0,0,0,5
Non-classical Monocytes|Classical Monocytes|PSEN1|CD44,aSLE,7,7,0,0,0,0,0,0,7
Non-classical Monocytes|Classical Monocytes|PSEN1|CD44,cHD,11,11,0,0,0,0,0,0,11
Non-classical Monocytes|Classical Monocytes|PSEN1|CD44,cSLE,33,33,0,0,0,0,0,0,33
Non-classical Monocytes|Classical Monocytes|PSEN1|NOTCH2,aHD,5,5,0,0,0,0,0,0,5
Non-classical Monocytes|Classical Monocytes|PSEN1|NOTCH2,aSLE,7,7,0,0,0,0,0,0,7
Non-classical Monocytes|Classical Monocytes|PSEN1|NOTCH2,cHD,11,11,0,0,0,0,0,0,11
Non-classical Monocytes|Classical Monocytes|PSEN1|NOTCH2,cSLE,33,33,0,0,0,0,0,0,33
Non-classical Monocytes|Classical Monocytes|PTPN6|CD300LF,aHD,5,5,0,0,0,0,0,0,5
Non-classical Monocytes|Classical Monocytes|PTPN6|CD300LF,aSLE,7,7,0,0,0,0,0,0,7
Non-classical Monocytes|Classical Monocytes|PTPN6|CD300LF,cHD,11,11,0,0,0,0,0,0,11
Non-classical Monocytes|Classical Monocytes|PTPN6|CD300LF,cSLE,28,33,0,0,0,5,0,0,33
Non-classical Monocytes|Classical Monocytes|PTPN6|CLEC12A,aHD,5,5,0,0,0,0,0,0,5
Non-classical Monocytes|Classical Monocytes|PTPN6|CLEC12A,aSLE,7,7,0,0,0,0,0,0,7
Non-classical Monocytes|Classical Monocytes|PTPN6|CLEC12A,cHD,11,11,0,0,0,0,0,0,11
Non-classical Monocytes|Classical Monocytes|PTPN6|CLEC12A,cSLE,33,33,0,0,0,0,0,0,33
Non-classical Monocytes|Classical Monocytes|RPS19|C5AR1,aHD,5,5,0,0,0,0,0,0,5
Non-classical Monocytes|Classical Monocytes|RPS19|C5AR1,aSLE,7,7,0,0,0,0,0,0,7
Non-classical Monocytes|Classical Monocytes|RPS19|C5AR1,cHD,11,11,0,0,0,0,0,0,11
Non-classical Monocytes|Classical Monocytes|RPS19|C5AR1,cSLE,33,33,0,0,0,0,0,0,33
Non-classical Monocytes|Classical Monocytes|S100A12|CD36,aHD,5,5,0,0,0,0,0,0,5
Non-classical Monocytes|Classical Monocytes|S100A12|CD36,aSLE,7,7,0,0,0,0,0,0,7
Non-classical Monocytes|Classical Monocytes|S100A12|CD36,cHD,10,11,0,0,1,0,0,0,11
Non-classical Monocytes|Classical Monocytes|S100A12|CD36,cSLE,32,33,0,0,1,0,0,0,33
Non-classical Monocytes|Classical Monocytes|S100A8|CD36,aHD,5,5,0,0,0,0,0,0,5
Non-classical Monocytes|Classical Monocytes|S100A8|CD36,aSLE,7,7,0,0,0,0,0,0,7
Non-classical Monocytes|Classical Monocytes|S100A8|CD36,cHD,11,11,0,0,0,0,0,0,11
Non-classical Monocytes|Classical Monocytes|S100A8|CD36,cSLE,33,33,0,0,0,0,0,0,33
Non-classical Monocytes|Classical Monocytes|S100A8|CD68,aHD,5,5,0,0,0,0,0,0,5
Non-classical Monocytes|Classical Monocytes|S100A8|CD68,aSLE,7,7,0,0,0,0,0,0,7
Non-classical Monocytes|Classical Monocytes|S100A8|CD68,cHD,11,11,0,0,0,0,0,0,11
Non-classical Monocytes|Classical Monocytes|S100A8|CD68,cSLE,33,33,0,0,0,0,0,0,33
Non-classical Monocytes|Classical Monocytes|S100A8|CD69,aHD,5,5,0,0,0,0,0,0,5
Non-classical Monocytes|Classical Monocytes|S100A8|CD69,aSLE,6,7,0,0,0,1,0,0,7
Non-classical Monocytes|Classical Monocytes|S100A8|CD69,cHD,11,11,0,0,0,0,0,0,11
Non-classical Monocytes|Classical Monocytes|S100A8|CD69,cSLE,33,33,0,0,0,0,0,0,33
Non-classical Monocytes|Classical Monocytes|S100A8|ITGB2,aHD,5,5,0,0,0,0,0,0,5
Non-classical Monocytes|Classical Monocytes|S100A8|ITGB2,aSLE,7,7,0,0,0,0,0,0,7
Non-classical Monocytes|Classical Monocytes|S100A8|ITGB2,cHD,11,11,0,0,0,0,0,0,11
Non-classical Monocytes|Classical Monocytes|S100A8|ITGB2,cSLE,33,33,0,0,0,0,0,0,33
Non-classical Monocytes|Classical Monocytes|S100A9|CD36,aHD,5,5,0,0,0,0,0,0,5
Non-classical Monocytes|Classical Monocytes|S100A9|CD36,aSLE,7,7,0,0,0,0,0,0,7
Non-classical Monocytes|Classical Monocytes|S100A9|CD36,cHD,11,11,0,0,0,0,0,0,11
Non-classical Monocytes|Classical Monocytes|S100A9|CD36,cSLE,33,33,0,0,0,0,0,0,33
Non-classical Monocytes|Classical Monocytes|S100A9|CD68,aHD,5,5,0,0,0,0,0,0,5
Non-classical Monocytes|Classical Monocytes|S100A9|CD68,aSLE,7,7,0,0,0,0,0,0,7
Non-classical Monocytes|Classical Monocytes|S100A9|CD68,cHD,11,11,0,0,0,0,0,0,11
Non-classical Monocytes|Classical Monocytes|S100A9|CD68,cSLE,33,33,0,0,0,0,0,0,33
Non-classical Monocytes|Classical Monocytes|S100A9|ITGB2,aHD,5,5,0,0,0,0,0,0,5
Non-classical Monocytes|Classical Monocytes|S100A9|ITGB2,aSLE,7,7,0,0,0,0,0,0,7
Non-classical Monocytes|Classical Monocytes|S100A9|ITGB2,cHD,11,11,0,0,0,0,0,0,11
Non-classical Monocytes|Classical Monocytes|S100A9|ITGB2,cSLE,33,33,0,0,0,0,0,0,33
Non-classical Monocytes|Classical Monocytes|SELPLG|ITGAM,aHD,5,5,0,0,0,0,0,0,5
Non-classical Monocytes|Classical Monocytes|SELPLG|ITGAM,aSLE,7,7,0,0,0,0,0,0,7
Non-classical Monocytes|Classical Monocytes|SELPLG|ITGAM,cHD,11,11,0,0,0,0,0,0,11
Non-classical Monocytes|Classical Monocytes|SELPLG|ITGAM,cSLE,33,33,0,0,0,0,0,0,33
Non-classical Monocytes|Classical Monocytes|SELPLG|ITGB2,aHD,5,5,0,0,0,0,0,0,5
Non-classical Monocytes|Classical Monocytes|SELPLG|ITGB2,aSLE,7,7,0,0,0,0,0,0,7
Non-classical Monocytes|Classical Monocytes|SELPLG|ITGB2,cHD,11,11,0,0,0,0,0,0,11
Non-classical Monocytes|Classical Monocytes|SELPLG|ITGB2,cSLE,33,33,0,0,0,0,0,0,33
Non-classical Monocytes|Classical Monocytes|SELPLG|SELL,aHD,5,5,0,0,0,0,0,0,5
Non-classical Monocytes|Classical Monocytes|SELPLG|SELL,aSLE,7,7,0,0,0,0,0,0,7
Non-classical Monocytes|Classical Monocytes|SELPLG|SELL,cHD,11,11,0,0,0,0,0,0,11
Non-classical Monocytes|Classical Monocytes|SELPLG|SELL,cSLE,33,33,0,0,0,0,0,0,33
Non-classical Monocytes|Classical Monocytes|SEMA4A|LILRB2,aHD,5,5,0,0,0,0,0,0,5
Non-classical Monocytes|Classical Monocytes|SEMA4A|LILRB2,aSLE,7,7,0,0,0,0,0,0,7
Non-classical Monocytes|Classical Monocytes|SEMA4A|LILRB2,cHD,11,11,0,0,0,0,0,0,11
Non-classical Monocytes|Classical Monocytes|SEMA4A|LILRB2,cSLE,32,33,0,0,1,0,0,0,33
Non-classical Monocytes|Classical Monocytes|SERPINA1|LRP1,aHD,5,5,0,0,0,0,0,0,5
Non-classical Monocytes|Classical Monocytes|SERPINA1|LRP1,aSLE,7,7,0,0,0,0,0,0,7
Non-classical Monocytes|Classical Monocytes|SERPINA1|LRP1,cHD,11,11,0,0,0,0,0,0,11
Non-classical Monocytes|Classical Monocytes|SERPINA1|LRP1,cSLE,33,33,0,0,0,0,0,0,33
Non-classical Monocytes|Classical Monocytes|TGFB1|CXCR4,aHD,5,5,0,0,0,0,0,0,5
Non-classical Monocytes|Classical Monocytes|TGFB1|CXCR4,aSLE,7,7,0,0,0,0,0,0,7
Non-classical Monocytes|Classical Monocytes|TGFB1|CXCR4,cHD,11,11,0,0,0,0,0,0,11
Non-classical Monocytes|Classical Monocytes|TGFB1|CXCR4,cSLE,33,33,0,0,0,0,0,0,33
Non-classical Monocytes|Classical Monocytes|TGFB1|ITGB1,aHD,5,5,0,0,0,0,0,0,5
Non-classical Monocytes|Classical Monocytes|TGFB1|ITGB1,aSLE,7,7,0,0,0,0,0,0,7
Non-classical Monocytes|Classical Monocytes|TGFB1|ITGB1,cHD,11,11,0,0,0,0,0,0,11
Non-classical Monocytes|Classical Monocytes|TGFB1|ITGB1,cSLE,33,33,0,0,0,0,0,0,33
Non-classical Monocytes|Classical Monocytes|TIMP1|CD63,aHD,5,5,0,0,0,0,0,0,5
Non-classical Monocytes|Classical Monocytes|TIMP1|CD63,aSLE,7,7,0,0,0,0,0,0,7
Non-classical Monocytes|Classical Monocytes|TIMP1|CD63,cHD,11,11,0,0,0,0,0,0,11
Non-classical Monocytes|Classical Monocytes|TIMP1|CD63,cSLE,33,33,0,0,0,0,0,0,33
Non-classical Monocytes|Classical Monocytes|TIMP2|CD44,aHD,5,5,0,0,0,0,0,0,5
Non-classical Monocytes|Classical Monocytes|TIMP2|CD44,aSLE,7,7,0,0,0,0,0,0,7
Non-classical Monocytes|Classical Monocytes|TIMP2|CD44,cHD,11,11,0,0,0,0,0,0,11
Non-classical Monocytes|Classical Monocytes|TIMP2|CD44,cSLE,33,33,0,0,0,0,0,0,33
Non-classical Monocytes|Classical Monocytes|TIMP2|ITGB1,aHD,5,5,0,0,0,0,0,0,5
Non-classical Monocytes|Classical Monocytes|TIMP2|ITGB1,aSLE,7,7,0,0,0,0,0,0,7
Non-classical Monocytes|Classical Monocytes|TIMP2|ITGB1,cHD,11,11,0,0,0,0,0,0,11
Non-classical Monocytes|Classical Monocytes|TIMP2|ITGB1,cSLE,33,33,0,0,0,0,0,0,33
Non-classical Monocytes|Classical Monocytes|TNFSF13B|HLA-DPB1,aHD,5,5,0,0,0,0,0,0,5
Non-classical Monocytes|Classical Monocytes|TNFSF13B|HLA-DPB1,aSLE,7,7,0,0,0,0,0,0,7
Non-classical Monocytes|Classical Monocytes|TNFSF13B|HLA-DPB1,cHD,11,11,0,0,0,0,0,0,11
Non-classical Monocytes|Classical Monocytes|TNFSF13B|HLA-DPB1,cSLE,33,33,0,0,0,0,0,0,33
Non-classical Monocytes|Classical Monocytes|VCAN|CD44,aHD,5,5,0,0,0,0,0,0,5
Non-classical Monocytes|Classical Monocytes|VCAN|CD44,aSLE,7,7,0,0,0,0,0,0,7
Non-classical Monocytes|Classical Monocytes|VCAN|CD44,cHD,10,11,0,0,1,0,0,0,11
Non-classical Monocytes|Classical Monocytes|VCAN|CD44,cSLE,33,33,0,0,0,0,0,0,33
Non-classical Monocytes|Classical Monocytes|VCAN|ITGB1,aHD,5,5,0,0,0,0,0,0,5
Non-classical Monocytes|Classical Monocytes|VCAN|ITGB1,aSLE,7,7,0,0,0,0,0,0,7
Non-classical Monocytes|Classical Monocytes|VCAN|ITGB1,cHD,10,11,0,0,1,0,0,0,11
Non-classical Monocytes|Classical Monocytes|VCAN|ITGB1,cSLE,33,33,0,0,0,0,0,0,33
Non-classical Monocytes|Classical Monocytes|VCAN|SELL,aHD,5,5,0,0,0,0,0,0,5
Non-classical Monocytes|Classical Monocytes|VCAN|SELL,aSLE,7,7,0,0,0,0,0,0,7
Non-classical Monocytes|Classical Monocytes|VCAN|SELL,cHD,10,11,0,0,1,0,0,0,11
Non-classical Monocytes|Classical Monocytes|VCAN|SELL,cSLE,33,33,0,0,0,0,0,0,33
Non-classical Monocytes|Classical Monocytes|VCAN|TLR2,aHD,5,5,0,0,0,0,0,0,5
Non-classical Monocytes|Classical Monocytes|VCAN|TLR2,aSLE,7,7,0,0,0,0,0,0,7
Non-classical Monocytes|Classical Monocytes|VCAN|TLR2,cHD,10,11,0,0,1,0,0,0,11
Non-classical Monocytes|Classical Monocytes|VCAN|TLR2,cSLE,33,33,0,0,0,0,0,0,33
Non-classical Monocytes|Classical Monocytes|VIM|CD44,aHD,5,5,0,0,0,0,0,0,5
Non-classical Monocytes|Classical Monocytes|VIM|CD44,aSLE,7,7,0,0,0,0,0,0,7
Non-classical Monocytes|Classical Monocytes|VIM|CD44,cHD,11,11,0,0,0,0,0,0,11
Non-classical Monocytes|Classical Monocytes|VIM|CD44,cSLE,33,33,0,0,0,0,0,0,33
Non-classical Monocytes|NK Cells|ADAM10|CD44,aHD,5,5,0,0,0,0,0,0,5
Non-classical Monocytes|NK Cells|ADAM10|CD44,aSLE,7,7,0,0,0,0,0,0,7
Non-classical Monocytes|NK Cells|ADAM10|CD44,cHD,11,11,0,0,0,0,0,0,11
Non-classical Monocytes|NK Cells|ADAM10|CD44,cSLE,33,33,0,0,0,0,0,0,33
Non-classical Monocytes|NK Cells|ADAM15|ITGB1,aHD,5,5,0,0,0,0,0,0,5
Non-classical Monocytes|NK Cells|ADAM15|ITGB1,aSLE,7,7,0,0,0,0,0,0,7
Non-classical Monocytes|NK Cells|ADAM15|ITGB1,cHD,8,11,0,0,3,0,0,0,11
Non-classical Monocytes|NK Cells|ADAM15|ITGB1,cSLE,32,33,0,0,1,0,0,0,33
Non-classical Monocytes|NK Cells|ADAM17|ITGB1,aHD,5,5,0,0,0,0,0,0,5
Non-classical Monocytes|NK Cells|ADAM17|ITGB1,aSLE,7,7,0,0,0,0,0,0,7
Non-classical Monocytes|NK Cells|ADAM17|ITGB1,cHD,11,11,0,0,0,0,0,0,11
Non-classical Monocytes|NK Cells|ADAM17|ITGB1,cSLE,33,33,0,0,0,0,0,0,33
Non-classical Monocytes|NK Cells|APP|CD74,aHD,5,5,0,0,0,0,0,0,5
Non-classical Monocytes|NK Cells|APP|CD74,aSLE,7,7,0,0,0,0,0,0,7
Non-classical Monocytes|NK Cells|APP|CD74,cHD,6,11,0,0,5,0,0,0,11
Non-classical Monocytes|NK Cells|APP|CD74,cSLE,31,33,0,0,2,0,0,0,33
Non-classical Monocytes|NK Cells|APP|LRP10,aHD,5,5,0,0,0,0,0,0,5
Non-classical Monocytes|NK Cells|APP|LRP10,aSLE,7,7,0,0,0,0,0,0,7
Non-classical Monocytes|NK Cells|APP|LRP10,cHD,6,11,0,0,5,0,0,0,11
Non-classical Monocytes|NK Cells|APP|LRP10,cSLE,31,33,0,0,2,0,0,0,33
Non-classical Monocytes|NK Cells|APP|PTGER2,aHD,5,5,0,0,0,0,0,0,5
Non-classical Monocytes|NK Cells|APP|PTGER2,aSLE,7,7,0,0,0,0,0,0,7
Non-classical Monocytes|NK Cells|APP|PTGER2,cHD,6,11,0,0,5,0,0,0,11
Non-classical Monocytes|NK Cells|APP|PTGER2,cSLE,31,33,0,0,2,0,0,0,33
Non-classical Monocytes|NK Cells|B2M|KLRD1,aHD,5,5,0,0,0,0,0,0,5
Non-classical Monocytes|NK Cells|B2M|KLRD1,aSLE,7,7,0,0,0,0,0,0,7
Non-classical Monocytes|NK Cells|B2M|KLRD1,cHD,11,11,0,0,0,0,0,0,11
Non-classical Monocytes|NK Cells|B2M|KLRD1,cSLE,33,33,0,0,0,0,0,0,33
Non-classical Monocytes|NK Cells|BAG6|NCR3,aHD,5,5,0,0,0,0,0,0,5
Non-classical Monocytes|NK Cells|BAG6|NCR3,aSLE,6,7,0,0,0,1,0,0,7
Non-classical Monocytes|NK Cells|BAG6|NCR3,cHD,11,11,0,0,0,0,0,0,11
Non-classical Monocytes|NK Cells|BAG6|NCR3,cSLE,33,33,0,0,0,0,0,0,33
Non-classical Monocytes|NK Cells|CALM1|PTPRA,aHD,5,5,0,0,0,0,0,0,5
Non-classical Monocytes|NK Cells|CALM1|PTPRA,aSLE,7,7,0,0,0,0,0,0,7
Non-classical Monocytes|NK Cells|CALM1|PTPRA,cHD,11,11,0,0,0,0,0,0,11
Non-classical Monocytes|NK Cells|CALM1|PTPRA,cSLE,33,33,0,0,0,0,0,0,33
Non-classical Monocytes|NK Cells|CD14|ITGA4,aHD,5,5,0,0,0,0,0,0,5
Non-classical Monocytes|NK Cells|CD14|ITGA4,aSLE,7,7,0,0,0,0,0,0,7
Non-classical Monocytes|NK Cells|CD14|ITGA4,cHD,11,11,0,0,0,0,0,0,11
Non-classical Monocytes|NK Cells|CD14|ITGA4,cSLE,33,33,0,0,0,0,0,0,33
Non-classical Monocytes|NK Cells|CD14|ITGB1,aHD,5,5,0,0,0,0,0,0,5
Non-classical Monocytes|NK Cells|CD14|ITGB1,aSLE,7,7,0,0,0,0,0,0,7
Non-classical Monocytes|NK Cells|CD14|ITGB1,cHD,11,11,0,0,0,0,0,0,11
Non-classical Monocytes|NK Cells|CD14|ITGB1,cSLE,33,33,0,0,0,0,0,0,33
Non-classical Monocytes|NK Cells|CD14|ITGB2,aHD,5,5,0,0,0,0,0,0,5
Non-classical Monocytes|NK Cells|CD14|ITGB2,aSLE,7,7,0,0,0,0,0,0,7
Non-classical Monocytes|NK Cells|CD14|ITGB2,cHD,11,11,0,0,0,0,0,0,11
Non-classical Monocytes|NK Cells|CD14|ITGB2,cSLE,33,33,0,0,0,0,0,0,33
Non-classical Monocytes|NK Cells|CD48|CD2,aHD,5,5,0,0,0,0,0,0,5
Non-classical Monocytes|NK Cells|CD48|CD2,aSLE,7,7,0,0,0,0,0,0,7
Non-classical Monocytes|NK Cells|CD48|CD2,cHD,11,11,0,0,0,0,0,0,11
Non-classical Monocytes|NK Cells|CD48|CD2,cSLE,33,33,0,0,0,0,0,0,33
Non-classical Monocytes|NK Cells|CD48|CD244,aHD,5,5,0,0,0,0,0,0,5
Non-classical Monocytes|NK Cells|CD48|CD244,aSLE,5,7,0,0,0,2,0,0,7
Non-classical Monocytes|NK Cells|CD48|CD244,cHD,11,11,0,0,0,0,0,0,11
Non-classical Monocytes|NK Cells|CD48|CD244,cSLE,32,33,0,0,0,1,0,0,33
Non-classical Monocytes|NK Cells|CD58|CD2,aHD,5,5,0,0,0,0,0,0,5
Non-classical Monocytes|NK Cells|CD58|CD2,aSLE,7,7,0,0,0,0,0,0,7
Non-classical Monocytes|NK Cells|CD58|CD2,cHD,11,11,0,0,0,0,0,0,11
Non-classical Monocytes|NK Cells|CD58|CD2,cSLE,33,33,0,0,0,0,0,0,33
Non-classical Monocytes|NK Cells|CLEC2B|KLRF1,aHD,5,5,0,0,0,0,0,0,5
Non-classical Monocytes|NK Cells|CLEC2B|KLRF1,aSLE,6,7,0,0,0,1,0,0,7
Non-classical Monocytes|NK Cells|CLEC2B|KLRF1,cHD,11,11,0,0,0,0,0,0,11
Non-classical Monocytes|NK Cells|CLEC2B|KLRF1,cSLE,33,33,0,0,0,0,0,0,33
Non-classical Monocytes|NK Cells|COPA|CD74,aHD,5,5,0,0,0,0,0,0,5
Non-classical Monocytes|NK Cells|COPA|CD74,aSLE,7,7,0,0,0,0,0,0,7
Non-classical Monocytes|NK Cells|COPA|CD74,cHD,11,11,0,0,0,0,0,0,11
Non-classical Monocytes|NK Cells|COPA|CD74,cSLE,33,33,0,0,0,0,0,0,33
Non-classical Monocytes|NK Cells|GNAI2|S1PR4,aHD,5,5,0,0,0,0,0,0,5
Non-classical Monocytes|NK Cells|GNAI2|S1PR4,aSLE,7,7,0,0,0,0,0,0,7
Non-classical Monocytes|NK Cells|GNAI2|S1PR4,cHD,11,11,0,0,0,0,0,0,11
Non-classical Monocytes|NK Cells|GNAI2|S1PR4,cSLE,31,33,0,0,0,2,0,0,33
Non-classical Monocytes|NK Cells|GNAI2|S1PR5,aHD,5,5,0,0,0,0,0,0,5
Non-classical Monocytes|NK Cells|GNAI2|S1PR5,aSLE,7,7,0,0,0,0,0,0,7
Non-classical Monocytes|NK Cells|GNAI2|S1PR5,cHD,11,11,0,0,0,0,0,0,11
Non-classical Monocytes|NK Cells|GNAI2|S1PR5,cSLE,33,33,0,0,0,0,0,0,33
Non-classical Monocytes|NK Cells|GNAS|PTGDR,aHD,5,5,0,0,0,0,0,0,5
Non-classical Monocytes|NK Cells|GNAS|PTGDR,aSLE,7,7,0,0,0,0,0,0,7
Non-classical Monocytes|NK Cells|GNAS|PTGDR,cHD,11,11,0,0,0,0,0,0,11
Non-classical Monocytes|NK Cells|GNAS|PTGDR,cSLE,32,33,0,0,0,1,0,0,33
Non-classical Monocytes|NK Cells|GRN|TNFRSF1B,aHD,5,5,0,0,0,0,0,0,5
Non-classical Monocytes|NK Cells|GRN|TNFRSF1B,aSLE,7,7,0,0,0,0,0,0,7
Non-classical Monocytes|NK Cells|GRN|TNFRSF1B,cHD,11,11,0,0,0,0,0,0,11
Non-classical Monocytes|NK Cells|GRN|TNFRSF1B,cSLE,33,33,0,0,0,0,0,0,33
Non-classical Monocytes|NK Cells|HBEGF|CD44,aHD,5,5,0,0,0,0,0,0,5
Non-classical Monocytes|NK Cells|HBEGF|CD44,aSLE,7,7,0,0,0,0,0,0,7
Non-classical Monocytes|NK Cells|HBEGF|CD44,cHD,8,11,0,0,3,0,0,0,11
Non-classical Monocytes|NK Cells|HBEGF|CD44,cSLE,25,33,0,0,8,0,0,0,33
Non-classical Monocytes|NK Cells|HLA-A|CD8A,aHD,5,5,0,0,0,0,0,0,5
Non-classical Monocytes|NK Cells|HLA-A|CD8A,aSLE,7,7,0,0,0,0,0,0,7
Non-classical Monocytes|NK Cells|HLA-A|CD8A,cHD,8,11,0,0,0,3,0,0,11
Non-classical Monocytes|NK Cells|HLA-A|CD8A,cSLE,22,33,0,0,0,11,0,0,33
Non-classical Monocytes|NK Cells|HLA-B|CD3D,aHD,5,5,0,0,0,0,0,0,5
Non-classical Monocytes|NK Cells|HLA-B|CD3D,aSLE,7,7,0,0,0,0,0,0,7
Non-classical Monocytes|NK Cells|HLA-B|CD3D,cHD,8,11,0,0,0,3,0,0,11
Non-classical Monocytes|NK Cells|HLA-B|CD3D,cSLE,28,33,0,0,0,5,0,0,33
Non-classical Monocytes|NK Cells|HLA-B|CD8A,aHD,5,5,0,0,0,0,0,0,5
Non-classical Monocytes|NK Cells|HLA-B|CD8A,aSLE,7,7,0,0,0,0,0,0,7
Non-classical Monocytes|NK Cells|HLA-B|CD8A,cHD,8,11,0,0,0,3,0,0,11
Non-classical Monocytes|NK Cells|HLA-B|CD8A,cSLE,22,33,0,0,0,11,0,0,33
Non-classical Monocytes|NK Cells|HLA-B|KLRD1,aHD,5,5,0,0,0,0,0,0,5
Non-classical Monocytes|NK Cells|HLA-B|KLRD1,aSLE,7,7,0,0,0,0,0,0,7
Non-classical Monocytes|NK Cells|HLA-B|KLRD1,cHD,11,11,0,0,0,0,0,0,11
Non-classical Monocytes|NK Cells|HLA-B|KLRD1,cSLE,33,33,0,0,0,0,0,0,33
Non-classical Monocytes|NK Cells|HLA-C|CD8A,aHD,5,5,0,0,0,0,0,0,5
Non-classical Monocytes|NK Cells|HLA-C|CD8A,aSLE,7,7,0,0,0,0,0,0,7
Non-classical Monocytes|NK Cells|HLA-C|CD8A,cHD,8,11,0,0,0,3,0,0,11
Non-classical Monocytes|NK Cells|HLA-C|CD8A,cSLE,22,33,0,0,0,11,0,0,33
Non-classical Monocytes|NK Cells|HLA-E|CD8A,aHD,5,5,0,0,0,0,0,0,5
Non-classical Monocytes|NK Cells|HLA-E|CD8A,aSLE,7,7,0,0,0,0,0,0,7
Non-classical Monocytes|NK Cells|HLA-E|CD8A,cHD,8,11,0,0,0,3,0,0,11
Non-classical Monocytes|NK Cells|HLA-E|CD8A,cSLE,22,33,0,0,0,11,0,0,33
Non-classical Monocytes|NK Cells|HLA-F|CD8A,aHD,5,5,0,0,0,0,0,0,5
Non-classical Monocytes|NK Cells|HLA-F|CD8A,aSLE,7,7,0,0,0,0,0,0,7
Non-classical Monocytes|NK Cells|HLA-F|CD8A,cHD,8,11,0,0,0,3,0,0,11
Non-classical Monocytes|NK Cells|HLA-F|CD8A,cSLE,22,33,0,0,0,11,0,0,33
Non-classical Monocytes|NK Cells|HMGB1|CXCR4,aHD,5,5,0,0,0,0,0,0,5
Non-classical Monocytes|NK Cells|HMGB1|CXCR4,aSLE,7,7,0,0,0,0,0,0,7
Non-classical Monocytes|NK Cells|HMGB1|CXCR4,cHD,11,11,0,0,0,0,0,0,11
Non-classical Monocytes|NK Cells|HMGB1|CXCR4,cSLE,33,33,0,0,0,0,0,0,33
Non-classical Monocytes|NK Cells|ICAM1|IL2RG,aHD,5,5,0,0,0,0,0,0,5
Non-classical Monocytes|NK Cells|ICAM1|IL2RG,aSLE,7,7,0,0,0,0,0,0,7
Non-classical Monocytes|NK Cells|ICAM1|IL2RG,cHD,9,11,0,0,2,0,0,0,11
Non-classical Monocytes|NK Cells|ICAM1|IL2RG,cSLE,26,33,0,0,7,0,0,0,33
Non-classical Monocytes|NK Cells|ICAM1|ITGAL_ITGB2,aHD,5,5,0,0,0,0,0,0,5
Non-classical Monocytes|NK Cells|ICAM1|ITGAL_ITGB2,aSLE,7,7,0,0,0,0,0,0,7
Non-classical Monocytes|NK Cells|ICAM1|ITGAL_ITGB2,cHD,9,11,0,0,2,0,0,0,11
Non-classical Monocytes|NK Cells|ICAM1|ITGAL_ITGB2,cSLE,26,33,0,0,7,0,0,0,33
Non-classical Monocytes|NK Cells|ICAM1|ITGAM_ITGB2,aHD,5,5,0,0,0,0,0,0,5
Non-classical Monocytes|NK Cells|ICAM1|ITGAM_ITGB2,aSLE,6,7,0,0,0,1,0,0,7
Non-classical Monocytes|NK Cells|ICAM1|ITGAM_ITGB2,cHD,9,11,0,0,2,0,0,0,11
Non-classical Monocytes|NK Cells|ICAM1|ITGAM_ITGB2,cSLE,26,33,0,0,7,0,0,0,33
Non-classical Monocytes|NK Cells|ICAM1|SPN,aHD,5,5,0,0,0,0,0,0,5
Non-classical Monocytes|NK Cells|ICAM1|SPN,aSLE,7,7,0,0,0,0,0,0,7
Non-classical Monocytes|NK Cells|ICAM1|SPN,cHD,9,11,0,0,2,0,0,0,11
Non-classical Monocytes|NK Cells|ICAM1|SPN,cSLE,26,33,0,0,7,0,0,0,33
Non-classical Monocytes|NK Cells|ICAM2|ITGAL_ITGB2,aHD,5,5,0,0,0,0,0,0,5
Non-classical Monocytes|NK Cells|ICAM2|ITGAL_ITGB2,aSLE,7,7,0,0,0,0,0,0,7
Non-classical Monocytes|NK Cells|ICAM2|ITGAL_ITGB2,cHD,11,11,0,0,0,0,0,0,11
Non-classical Monocytes|NK Cells|ICAM2|ITGAL_ITGB2,cSLE,33,33,0,0,0,0,0,0,33
Non-classical Monocytes|NK Cells|ICAM2|ITGAM_ITGB2,aHD,5,5,0,0,0,0,0,0,5
Non-classical Monocytes|NK Cells|ICAM2|ITGAM_ITGB2,aSLE,6,7,0,0,0,1,0,0,7
Non-classical Monocytes|NK Cells|ICAM2|ITGAM_ITGB2,cHD,11,11,0,0,0,0,0,0,11
Non-classical Monocytes|NK Cells|ICAM2|ITGAM_ITGB2,cSLE,33,33,0,0,0,0,0,0,33
Non-classical Monocytes|NK Cells|ICAM3|ITGAL,aHD,5,5,0,0,0,0,0,0,5
Non-classical Monocytes|NK Cells|ICAM3|ITGAL,aSLE,7,7,0,0,0,0,0,0,7
Non-classical Monocytes|NK Cells|ICAM3|ITGAL,cHD,11,11,0,0,0,0,0,0,11
Non-classical Monocytes|NK Cells|ICAM3|ITGAL,cSLE,33,33,0,0,0,0,0,0,33
Non-classical Monocytes|NK Cells|IL1B|SIGIRR,aHD,5,5,0,0,0,0,0,0,5
Non-classical Monocytes|NK Cells|IL1B|SIGIRR,aSLE,7,7,0,0,0,0,0,0,7
Non-classical Monocytes|NK Cells|IL1B|SIGIRR,cHD,11,11,0,0,0,0,0,0,11
Non-classical Monocytes|NK Cells|IL1B|SIGIRR,cSLE,33,33,0,0,0,0,0,0,33
Non-classical Monocytes|NK Cells|LGALS1|CD69,aHD,5,5,0,0,0,0,0,0,5
Non-classical Monocytes|NK Cells|LGALS1|CD69,aSLE,7,7,0,0,0,0,0,0,7
Non-classical Monocytes|NK Cells|LGALS1|CD69,cHD,11,11,0,0,0,0,0,0,11
Non-classical Monocytes|NK Cells|LGALS1|CD69,cSLE,33,33,0,0,0,0,0,0,33
Non-classical Monocytes|NK Cells|LGALS1|ITGB1,aHD,5,5,0,0,0,0,0,0,5
Non-classical Monocytes|NK Cells|LGALS1|ITGB1,aSLE,7,7,0,0,0,0,0,0,7
Non-classical Monocytes|NK Cells|LGALS1|ITGB1,cHD,11,11,0,0,0,0,0,0,11
Non-classical Monocytes|NK Cells|LGALS1|ITGB1,cSLE,33,33,0,0,0,0,0,0,33
Non-classical Monocytes|NK Cells|LGALS1|PTPRC,aHD,5,5,0,0,0,0,0,0,5
Non-classical Monocytes|NK Cells|LGALS1|PTPRC,aSLE,7,7,0,0,0,0,0,0,7
Non-classical Monocytes|NK Cells|LGALS1|PTPRC,cHD,11,11,0,0,0,0,0,0,11
Non-classical Monocytes|NK Cells|LGALS1|PTPRC,cSLE,33,33,0,0,0,0,0,0,33
Non-classical Monocytes|NK Cells|LGALS9|CD44,aHD,5,5,0,0,0,0,0,0,5
Non-classical Monocytes|NK Cells|LGALS9|CD44,aSLE,7,7,0,0,0,0,0,0,7
Non-classical Monocytes|NK Cells|LGALS9|CD44,cHD,11,11,0,0,0,0,0,0,11
Non-classical Monocytes|NK Cells|LGALS9|CD44,cSLE,33,33,0,0,0,0,0,0,33
Non-classical Monocytes|NK Cells|LGALS9|CD47,aHD,5,5,0,0,0,0,0,0,5
Non-classical Monocytes|NK Cells|LGALS9|CD47,aSLE,7,7,0,0,0,0,0,0,7
Non-classical Monocytes|NK Cells|LGALS9|CD47,cHD,11,11,0,0,0,0,0,0,11
Non-classical Monocytes|NK Cells|LGALS9|CD47,cSLE,33,33,0,0,0,0,0,0,33
Non-classical Monocytes|NK Cells|LGALS9|PTPRC,aHD,5,5,0,0,0,0,0,0,5
Non-classical Monocytes|NK Cells|LGALS9|PTPRC,aSLE,7,7,0,0,0,0,0,0,7
Non-classical Monocytes|NK Cells|LGALS9|PTPRC,cHD,11,11,0,0,0,0,0,0,11
Non-classical Monocytes|NK Cells|LGALS9|PTPRC,cSLE,33,33,0,0,0,0,0,0,33
Non-classical Monocytes|NK Cells|LRPAP1|SORL1,aHD,5,5,0,0,0,0,0,0,5
Non-classical Monocytes|NK Cells|LRPAP1|SORL1,aSLE,7,7,0,0,0,0,0,0,7
Non-classical Monocytes|NK Cells|LRPAP1|SORL1,cHD,11,11,0,0,0,0,0,0,11
Non-classical Monocytes|NK Cells|LRPAP1|SORL1,cSLE,32,33,0,0,0,1,0,0,33
Non-classical Monocytes|NK Cells|MIF|CD44_CD74,aHD,5,5,0,0,0,0,0,0,5
Non-classical Monocytes|NK Cells|MIF|CD44_CD74,aSLE,7,7,0,0,0,0,0,0,7
Non-classical Monocytes|NK Cells|MIF|CD44_CD74,cHD,11,11,0,0,0,0,0,0,11
Non-classical Monocytes|NK Cells|MIF|CD44_CD74,cSLE,33,33,0,0,0,0,0,0,33
Non-classical Monocytes|NK Cells|MIF|CD74_CXCR4,aHD,5,5,0,0,0,0,0,0,5
Non-classical Monocytes|NK Cells|MIF|CD74_CXCR4,aSLE,7,7,0,0,0,0,0,0,7
Non-classical Monocytes|NK Cells|MIF|CD74_CXCR4,cHD,11,11,0,0,0,0,0,0,11
Non-classical Monocytes|NK Cells|MIF|CD74_CXCR4,cSLE,33,33,0,0,0,0,0,0,33
Non-classical Monocytes|NK Cells|MIF|TNFRSF14,aHD,5,5,0,0,0,0,0,0,5
Non-classical Monocytes|NK Cells|MIF|TNFRSF14,aSLE,7,7,0,0,0,0,0,0,7
Non-classical Monocytes|NK Cells|MIF|TNFRSF14,cHD,11,11,0,0,0,0,0,0,11
Non-classical Monocytes|NK Cells|MIF|TNFRSF14,cSLE,33,33,0,0,0,0,0,0,33
Non-classical Monocytes|NK Cells|PKM|CD44,aHD,5,5,0,0,0,0,0,0,5
Non-classical Monocytes|NK Cells|PKM|CD44,aSLE,7,7,0,0,0,0,0,0,7
Non-classical Monocytes|NK Cells|PKM|CD44,cHD,11,11,0,0,0,0,0,0,11
Non-classical Monocytes|NK Cells|PKM|CD44,cSLE,33,33,0,0,0,0,0,0,33
Non-classical Monocytes|NK Cells|PSEN1|CD44,aHD,5,5,0,0,0,0,0,0,5
Non-classical Monocytes|NK Cells|PSEN1|CD44,aSLE,7,7,0,0,0,0,0,0,7
Non-classical Monocytes|NK Cells|PSEN1|CD44,cHD,11,11,0,0,0,0,0,0,11
Non-classical Monocytes|NK Cells|PSEN1|CD44,cSLE,33,33,0,0,0,0,0,0,33
Non-classical Monocytes|NK Cells|PTDSS1|JMJD6,aHD,5,5,0,0,0,0,0,0,5
Non-classical Monocytes|NK Cells|PTDSS1|JMJD6,aSLE,7,7,0,0,0,0,0,0,7
Non-classical Monocytes|NK Cells|PTDSS1|JMJD6,cHD,9,11,0,0,0,2,0,0,11
Non-classical Monocytes|NK Cells|PTDSS1|JMJD6,cSLE,25,33,0,0,3,5,0,0,33
Non-classical Monocytes|NK Cells|S100A8|CD69,aHD,5,5,0,0,0,0,0,0,5
Non-classical Monocytes|NK Cells|S100A8|CD69,aSLE,7,7,0,0,0,0,0,0,7
Non-classical Monocytes|NK Cells|S100A8|CD69,cHD,11,11,0,0,0,0,0,0,11
Non-classical Monocytes|NK Cells|S100A8|CD69,cSLE,33,33,0,0,0,0,0,0,33
Non-classical Monocytes|NK Cells|S100A8|ITGB2,aHD,5,5,0,0,0,0,0,0,5
Non-classical Monocytes|NK Cells|S100A8|ITGB2,aSLE,7,7,0,0,0,0,0,0,7
Non-classical Monocytes|NK Cells|S100A8|ITGB2,cHD,11,11,0,0,0,0,0,0,11
Non-classical Monocytes|NK Cells|S100A8|ITGB2,cSLE,33,33,0,0,0,0,0,0,33
Non-classical Monocytes|NK Cells|S100A9|ITGB2,aHD,5,5,0,0,0,0,0,0,5
Non-classical Monocytes|NK Cells|S100A9|ITGB2,aSLE,7,7,0,0,0,0,0,0,7
Non-classical Monocytes|NK Cells|S100A9|ITGB2,cHD,11,11,0,0,0,0,0,0,11
Non-classical Monocytes|NK Cells|S100A9|ITGB2,cSLE,33,33,0,0,0,0,0,0,33
Non-classical Monocytes|NK Cells|SECTM1|CD7,aHD,5,5,0,0,0,0,0,0,5
Non-classical Monocytes|NK Cells|SECTM1|CD7,aSLE,7,7,0,0,0,0,0,0,7
Non-classical Monocytes|NK Cells|SECTM1|CD7,cHD,11,11,0,0,0,0,0,0,11
Non-classical Monocytes|NK Cells|SECTM1|CD7,cSLE,33,33,0,0,0,0,0,0,33
Non-classical Monocytes|NK Cells|SELPLG|ITGAM,aHD,5,5,0,0,0,0,0,0,5
Non-classical Monocytes|NK Cells|SELPLG|ITGAM,aSLE,6,7,0,0,0,1,0,0,7
Non-classical Monocytes|NK Cells|SELPLG|ITGAM,cHD,11,11,0,0,0,0,0,0,11
Non-classical Monocytes|NK Cells|SELPLG|ITGAM,cSLE,33,33,0,0,0,0,0,0,33
Non-classical Monocytes|NK Cells|SELPLG|ITGB2,aHD,5,5,0,0,0,0,0,0,5
Non-classical Monocytes|NK Cells|SELPLG|ITGB2,aSLE,7,7,0,0,0,0,0,0,7
Non-classical Monocytes|NK Cells|SELPLG|ITGB2,cHD,11,11,0,0,0,0,0,0,11
Non-classical Monocytes|NK Cells|SELPLG|ITGB2,cSLE,33,33,0,0,0,0,0,0,33
Non-classical Monocytes|NK Cells|SELPLG|SELL,aHD,5,5,0,0,0,0,0,0,5
Non-classical Monocytes|NK Cells|SELPLG|SELL,aSLE,7,7,0,0,0,0,0,0,7
Non-classical Monocytes|NK Cells|SELPLG|SELL,cHD,11,11,0,0,0,0,0,0,11
Non-classical Monocytes|NK Cells|SELPLG|SELL,cSLE,33,33,0,0,0,0,0,0,33
Non-classical Monocytes|NK Cells|TGFB1|CXCR4,aHD,5,5,0,0,0,0,0,0,5
Non-classical Monocytes|NK Cells|TGFB1|CXCR4,aSLE,7,7,0,0,0,0,0,0,7
Non-classical Monocytes|NK Cells|TGFB1|CXCR4,cHD,11,11,0,0,0,0,0,0,11
Non-classical Monocytes|NK Cells|TGFB1|CXCR4,cSLE,33,33,0,0,0,0,0,0,33
Non-classical Monocytes|NK Cells|TGFB1|ITGB1,aHD,5,5,0,0,0,0,0,0,5
Non-classical Monocytes|NK Cells|TGFB1|ITGB1,aSLE,7,7,0,0,0,0,0,0,7
Non-classical Monocytes|NK Cells|TGFB1|ITGB1,cHD,11,11,0,0,0,0,0,0,11
Non-classical Monocytes|NK Cells|TGFB1|ITGB1,cSLE,33,33,0,0,0,0,0,0,33
Non-classical Monocytes|NK Cells|TIMP1|CD63,aHD,5,5,0,0,0,0,0,0,5
Non-classical Monocytes|NK Cells|TIMP1|CD63,aSLE,7,7,0,0,0,0,0,0,7
Non-classical Monocytes|NK Cells|TIMP1|CD63,cHD,11,11,0,0,0,0,0,0,11
Non-classical Monocytes|NK Cells|TIMP1|CD63,cSLE,33,33,0,0,0,0,0,0,33
Non-classical Monocytes|NK Cells|TIMP2|CD44,aHD,5,5,0,0,0,0,0,0,5
Non-classical Monocytes|NK Cells|TIMP2|CD44,aSLE,7,7,0,0,0,0,0,0,7
Non-classical Monocytes|NK Cells|TIMP2|CD44,cHD,11,11,0,0,0,0,0,0,11
Non-classical Monocytes|NK Cells|TIMP2|CD44,cSLE,33,33,0,0,0,0,0,0,33
Non-classical Monocytes|NK Cells|TIMP2|ITGB1,aHD,5,5,0,0,0,0,0,0,5
Non-classical Monocytes|NK Cells|TIMP2|ITGB1,aSLE,7,7,0,0,0,0,0,0,7
Non-classical Monocytes|NK Cells|TIMP2|ITGB1,cHD,11,11,0,0,0,0,0,0,11
Non-classical Monocytes|NK Cells|TIMP2|ITGB1,cSLE,33,33,0,0,0,0,0,0,33
Non-classical Monocytes|NK Cells|TNFSF13B|HLA-DPB1,aHD,5,5,0,0,0,0,0,0,5
Non-classical Monocytes|NK Cells|TNFSF13B|HLA-DPB1,aSLE,7,7,0,0,0,0,0,0,7
Non-classical Monocytes|NK Cells|TNFSF13B|HLA-DPB1,cHD,11,11,0,0,0,0,0,0,11
Non-classical Monocytes|NK Cells|TNFSF13B|HLA-DPB1,cSLE,33,33,0,0,0,0,0,0,33
Non-classical Monocytes|NK Cells|VCAN|CD44,aHD,5,5,0,0,0,0,0,0,5
Non-classical Monocytes|NK Cells|VCAN|CD44,aSLE,7,7,0,0,0,0,0,0,7
Non-classical Monocytes|NK Cells|VCAN|CD44,cHD,10,11,0,0,1,0,0,0,11
Non-classical Monocytes|NK Cells|VCAN|CD44,cSLE,33,33,0,0,0,0,0,0,33
Non-classical Monocytes|NK Cells|VCAN|ITGA4,aHD,5,5,0,0,0,0,0,0,5
Non-classical Monocytes|NK Cells|VCAN|ITGA4,aSLE,7,7,0,0,0,0,0,0,7
Non-classical Monocytes|NK Cells|VCAN|ITGA4,cHD,10,11,0,0,1,0,0,0,11
Non-classical Monocytes|NK Cells|VCAN|ITGA4,cSLE,33,33,0,0,0,0,0,0,33
Non-classical Monocytes|NK Cells|VCAN|ITGB1,aHD,5,5,0,0,0,0,0,0,5
Non-classical Monocytes|NK Cells|VCAN|ITGB1,aSLE,7,7,0,0,0,0,0,0,7
Non-classical Monocytes|NK Cells|VCAN|ITGB1,cHD,10,11,0,0,1,0,0,0,11
Non-classical Monocytes|NK Cells|VCAN|ITGB1,cSLE,33,33,0,0,0,0,0,0,33
Non-classical Monocytes|NK Cells|VCAN|SELL,aHD,5,5,0,0,0,0,0,0,5
Non-classical Monocytes|NK Cells|VCAN|SELL,aSLE,7,7,0,0,0,0,0,0,7
Non-classical Monocytes|NK Cells|VCAN|SELL,cHD,10,11,0,0,1,0,0,0,11
Non-classical Monocytes|NK Cells|VCAN|SELL,cSLE,33,33,0,0,0,0,0,0,33
Non-classical Monocytes|NK Cells|VIM|CD44,aHD,5,5,0,0,0,0,0,0,5
Non-classical Monocytes|NK Cells|VIM|CD44,aSLE,7,7,0,0,0,0,0,0,7
Non-classical Monocytes|NK Cells|VIM|CD44,cHD,11,11,0,0,0,0,0,0,11
Non-classical Monocytes|NK Cells|VIM|CD44,cSLE,33,33,0,0,0,0,0,0,33
Non-classical Monocytes|Non-classical Monocytes|ADAM10|CD44,aHD,5,5,0,0,0,0,0,0,5
Non-classical Monocytes|Non-classical Monocytes|ADAM10|CD44,aSLE,7,7,0,0,0,0,0,0,7
Non-classical Monocytes|Non-classical Monocytes|ADAM10|CD44,cHD,11,11,0,0,0,0,0,0,11
Non-classical Monocytes|Non-classical Monocytes|ADAM10|CD44,cSLE,33,33,0,0,0,0,0,0,33
Non-classical Monocytes|Non-classical Monocytes|ADAM10|IL6R,aHD,5,5,0,0,0,0,0,0,5
Non-classical Monocytes|Non-classical Monocytes|ADAM10|IL6R,aSLE,6,7,0,0,0,1,0,0,7
Non-classical Monocytes|Non-classical Monocytes|ADAM10|IL6R,cHD,8,11,0,0,0,3,0,0,11
Non-classical Monocytes|Non-classical Monocytes|ADAM10|IL6R,cSLE,24,33,0,0,0,9,0,0,33
Non-classical Monocytes|Non-classical Monocytes|ADAM10|NOTCH2,aHD,5,5,0,0,0,0,0,0,5
Non-classical Monocytes|Non-classical Monocytes|ADAM10|NOTCH2,aSLE,7,7,0,0,0,0,0,0,7
Non-classical Monocytes|Non-classical Monocytes|ADAM10|NOTCH2,cHD,11,11,0,0,0,0,0,0,11
Non-classical Monocytes|Non-classical Monocytes|ADAM10|NOTCH2,cSLE,33,33,0,0,0,0,0,0,33
Non-classical Monocytes|Non-classical Monocytes|ADAM10|TSPAN14,aHD,5,5,0,0,0,0,0,0,5
Non-classical Monocytes|Non-classical Monocytes|ADAM10|TSPAN14,aSLE,7,7,0,0,0,0,0,0,7
Non-classical Monocytes|Non-classical Monocytes|ADAM10|TSPAN14,cHD,11,11,0,0,0,0,0,0,11
Non-classical Monocytes|Non-classical Monocytes|ADAM10|TSPAN14,cSLE,33,33,0,0,0,0,0,0,33
Non-classical Monocytes|Non-classical Monocytes|ADAM15|ITGB1,aHD,5,5,0,0,0,0,0,0,5
Non-classical Monocytes|Non-classical Monocytes|ADAM15|ITGB1,aSLE,7,7,0,0,0,0,0,0,7
Non-classical Monocytes|Non-classical Monocytes|ADAM15|ITGB1,cHD,8,11,0,0,3,0,0,0,11
Non-classical Monocytes|Non-classical Monocytes|ADAM15|ITGB1,cSLE,32,33,0,0,1,0,0,0,33
Non-classical Monocytes|Non-classical Monocytes|ADAM17|IL6R,aHD,5,5,0,0,0,0,0,0,5
Non-classical Monocytes|Non-classical Monocytes|ADAM17|IL6R,aSLE,6,7,0,0,0,1,0,0,7
Non-classical Monocytes|Non-classical Monocytes|ADAM17|IL6R,cHD,8,11,0,0,0,3,0,0,11
Non-classical Monocytes|Non-classical Monocytes|ADAM17|IL6R,cSLE,24,33,0,0,0,9,0,0,33
Non-classical Monocytes|Non-classical Monocytes|ADAM17|ITGB1,aHD,5,5,0,0,0,0,0,0,5
Non-classical Monocytes|Non-classical Monocytes|ADAM17|ITGB1,aSLE,7,7,0,0,0,0,0,0,7
Non-classical Monocytes|Non-classical Monocytes|ADAM17|ITGB1,cHD,11,11,0,0,0,0,0,0,11
Non-classical Monocytes|Non-classical Monocytes|ADAM17|ITGB1,cSLE,33,33,0,0,0,0,0,0,33
Non-classical Monocytes|Non-classical Monocytes|ANXA1|FPR1,aHD,5,5,0,0,0,0,0,0,5
Non-classical Monocytes|Non-classical Monocytes|ANXA1|FPR1,aSLE,7,7,0,0,0,0,0,0,7
Non-classical Monocytes|Non-classical Monocytes|ANXA1|FPR1,cHD,10,11,0,0,0,1,0,0,11
Non-classical Monocytes|Non-classical Monocytes|ANXA1|FPR1,cSLE,33,33,0,0,0,0,0,0,33
Non-classical Monocytes|Non-classical Monocytes|ANXA2|TLR2,aHD,5,5,0,0,0,0,0,0,5
Non-classical Monocytes|Non-classical Monocytes|ANXA2|TLR2,aSLE,7,7,0,0,0,0,0,0,7
Non-classical Monocytes|Non-classical Monocytes|ANXA2|TLR2,cHD,11,11,0,0,0,0,0,0,11
Non-classical Monocytes|Non-classical Monocytes|ANXA2|TLR2,cSLE,33,33,0,0,0,0,0,0,33
Non-classical Monocytes|Non-classical Monocytes|APP|CD74,aHD,5,5,0,0,0,0,0,0,5
Non-classical Monocytes|Non-classical Monocytes|APP|CD74,aSLE,7,7,0,0,0,0,0,0,7
Non-classical Monocytes|Non-classical Monocytes|APP|CD74,cHD,6,11,0,0,5,0,0,0,11
Non-classical Monocytes|Non-classical Monocytes|APP|CD74,cSLE,31,33,0,0,2,0,0,0,33
Non-classical Monocytes|Non-classical Monocytes|APP|LRP1,aHD,5,5,0,0,0,0,0,0,5
Non-classical Monocytes|Non-classical Monocytes|APP|LRP1,aSLE,7,7,0,0,0,0,0,0,7
Non-classical Monocytes|Non-classical Monocytes|APP|LRP1,cHD,6,11,0,0,5,0,0,0,11
Non-classical Monocytes|Non-classical Monocytes|APP|LRP1,cSLE,31,33,0,0,2,0,0,0,33
Non-classical Monocytes|Non-classical Monocytes|APP|LRP10,aHD,5,5,0,0,0,0,0,0,5
Non-classical Monocytes|Non-classical Monocytes|APP|LRP10,aSLE,7,7,0,0,0,0,0,0,7
Non-classical Monocytes|Non-classical Monocytes|APP|LRP10,cHD,6,11,0,0,5,0,0,0,11
Non-classical Monocytes|Non-classical Monocytes|APP|LRP10,cSLE,31,33,0,0,2,0,0,0,33
Non-classical Monocytes|Non-classical Monocytes|APP|NOTCH2,aHD,5,5,0,0,0,0,0,0,5
Non-classical Monocytes|Non-classical Monocytes|APP|NOTCH2,aSLE,7,7,0,0,0,0,0,0,7
Non-classical Monocytes|Non-classical Monocytes|APP|NOTCH2,cHD,6,11,0,0,5,0,0,0,11
Non-classical Monocytes|Non-classical Monocytes|APP|NOTCH2,cSLE,31,33,0,0,2,0,0,0,33
Non-classical Monocytes|Non-classical Monocytes|APP|PTGER2,aHD,5,5,0,0,0,0,0,0,5
Non-classical Monocytes|Non-classical Monocytes|APP|PTGER2,aSLE,7,7,0,0,0,0,0,0,7
Non-classical Monocytes|Non-classical Monocytes|APP|PTGER2,cHD,6,11,0,0,5,0,0,0,11
Non-classical Monocytes|Non-classical Monocytes|APP|PTGER2,cSLE,31,33,0,0,2,0,0,0,33
Non-classical Monocytes|Non-classical Monocytes|ARF6|SMAP1,aHD,5,5,0,0,0,0,0,0,5
Non-classical Monocytes|Non-classical Monocytes|ARF6|SMAP1,aSLE,7,7,0,0,0,0,0,0,7
Non-classical Monocytes|Non-classical Monocytes|ARF6|SMAP1,cHD,11,11,0,0,0,0,0,0,11
Non-classical Monocytes|Non-classical Monocytes|ARF6|SMAP1,cSLE,32,33,0,0,0,1,0,0,33
Non-classical Monocytes|Non-classical Monocytes|CALM1|PTPRA,aHD,5,5,0,0,0,0,0,0,5
Non-classical Monocytes|Non-classical Monocytes|CALM1|PTPRA,aSLE,7,7,0,0,0,0,0,0,7
Non-classical Monocytes|Non-classical Monocytes|CALM1|PTPRA,cHD,11,11,0,0,0,0,0,0,11
Non-classical Monocytes|Non-classical Monocytes|CALM1|PTPRA,cSLE,28,33,0,0,0,5,0,0,33
Non-classical Monocytes|Non-classical Monocytes|CALR|LRP1,aHD,5,5,0,0,0,0,0,0,5
Non-classical Monocytes|Non-classical Monocytes|CALR|LRP1,aSLE,7,7,0,0,0,0,0,0,7
Non-classical Monocytes|Non-classical Monocytes|CALR|LRP1,cHD,11,11,0,0,0,0,0,0,11
Non-classical Monocytes|Non-classical Monocytes|CALR|LRP1,cSLE,33,33,0,0,0,0,0,0,33
Non-classical Monocytes|Non-classical Monocytes|CD14|ITGA4,aHD,5,5,0,0,0,0,0,0,5
Non-classical Monocytes|Non-classical Monocytes|CD14|ITGA4,aSLE,7,7,0,0,0,0,0,0,7
Non-classical Monocytes|Non-classical Monocytes|CD14|ITGA4,cHD,11,11,0,0,0,0,0,0,11
Non-classical Monocytes|Non-classical Monocytes|CD14|ITGA4,cSLE,33,33,0,0,0,0,0,0,33
Non-classical Monocytes|Non-classical Monocytes|CD14|ITGB1,aHD,5,5,0,0,0,0,0,0,5
Non-classical Monocytes|Non-classical Monocytes|CD14|ITGB1,aSLE,7,7,0,0,0,0,0,0,7
Non-classical Monocytes|Non-classical Monocytes|CD14|ITGB1,cHD,11,11,0,0,0,0,0,0,11
Non-classical Monocytes|Non-classical Monocytes|CD14|ITGB1,cSLE,33,33,0,0,0,0,0,0,33
Non-classical Monocytes|Non-classical Monocytes|CD14|ITGB2,aHD,5,5,0,0,0,0,0,0,5
Non-classical Monocytes|Non-classical Monocytes|CD14|ITGB2,aSLE,7,7,0,0,0,0,0,0,7
Non-classical Monocytes|Non-classical Monocytes|CD14|ITGB2,cHD,11,11,0,0,0,0,0,0,11
Non-classical Monocytes|Non-classical Monocytes|CD14|ITGB2,cSLE,33,33,0,0,0,0,0,0,33
Non-classical Monocytes|Non-classical Monocytes|CD1D|LILRB2,aHD,5,5,0,0,0,0,0,0,5
Non-classical Monocytes|Non-classical Monocytes|CD1D|LILRB2,aSLE,7,7,0,0,0,0,0,0,7
Non-classical Monocytes|Non-classical Monocytes|CD1D|LILRB2,cHD,9,11,0,0,2,0,0,0,11
Non-classical Monocytes|Non-classical Monocytes|CD1D|LILRB2,cSLE,30,33,0,0,3,0,0,0,33
Non-classical Monocytes|Non-classical Monocytes|CD52|SIGLEC10,aHD,5,5,0,0,0,0,0,0,5
Non-classical Monocytes|Non-classical Monocytes|CD52|SIGLEC10,aSLE,7,7,0,0,0,0,0,0,7
Non-classical Monocytes|Non-classical Monocytes|CD52|SIGLEC10,cHD,11,11,0,0,0,0,0,0,11
Non-classical Monocytes|Non-classical Monocytes|CD52|SIGLEC10,cSLE,32,33,0,0,0,1,0,0,33
Non-classical Monocytes|Non-classical Monocytes|CD99|PILRA,aHD,5,5,0,0,0,0,0,0,5
Non-classical Monocytes|Non-classical Monocytes|CD99|PILRA,aSLE,7,7,0,0,0,0,0,0,7
Non-classical Monocytes|Non-classical Monocytes|CD99|PILRA,cHD,11,11,0,0,0,0,0,0,11
Non-classical Monocytes|Non-classical Monocytes|CD99|PILRA,cSLE,33,33,0,0,0,0,0,0,33
Non-classical Monocytes|Non-classical Monocytes|CIRBP|TREM1,aHD,5,5,0,0,0,0,0,0,5
Non-classical Monocytes|Non-classical Monocytes|CIRBP|TREM1,aSLE,7,7,0,0,0,0,0,0,7
Non-classical Monocytes|Non-classical Monocytes|CIRBP|TREM1,cHD,11,11,0,0,0,0,0,0,11
Non-classical Monocytes|Non-classical Monocytes|CIRBP|TREM1,cSLE,33,33,0,0,0,0,0,0,33
Non-classical Monocytes|Non-classical Monocytes|COPA|CD74,aHD,5,5,0,0,0,0,0,0,5
Non-classical Monocytes|Non-classical Monocytes|COPA|CD74,aSLE,7,7,0,0,0,0,0,0,7
Non-classical Monocytes|Non-classical Monocytes|COPA|CD74,cHD,11,11,0,0,0,0,0,0,11
Non-classical Monocytes|Non-classical Monocytes|COPA|CD74,cSLE,33,33,0,0,0,0,0,0,33
Non-classical Monocytes|Non-classical Monocytes|FABP5|RXRA,aHD,5,5,0,0,0,0,0,0,5
Non-classical Monocytes|Non-classical Monocytes|FABP5|RXRA,aSLE,7,7,0,0,0,0,0,0,7
Non-classical Monocytes|Non-classical Monocytes|FABP5|RXRA,cHD,8,11,0,0,3,0,0,0,11
Non-classical Monocytes|Non-classical Monocytes|FABP5|RXRA,cSLE,28,33,0,0,5,0,0,0,33
Non-classical Monocytes|Non-classical Monocytes|GNAI2|ADCY7,aHD,5,5,0,0,0,0,0,0,5
Non-classical Monocytes|Non-classical Monocytes|GNAI2|ADCY7,aSLE,7,7,0,0,0,0,0,0,7
Non-classical Monocytes|Non-classical Monocytes|GNAI2|ADCY7,cHD,11,11,0,0,0,0,0,0,11
Non-classical Monocytes|Non-classical Monocytes|GNAI2|ADCY7,cSLE,33,33,0,0,0,0,0,0,33
Non-classical Monocytes|Non-classical Monocytes|GNAI2|C5AR1,aHD,5,5,0,0,0,0,0,0,5
Non-classical Monocytes|Non-classical Monocytes|GNAI2|C5AR1,aSLE,7,7,0,0,0,0,0,0,7
Non-classical Monocytes|Non-classical Monocytes|GNAI2|C5AR1,cHD,11,11,0,0,0,0,0,0,11
Non-classical Monocytes|Non-classical Monocytes|GNAI2|C5AR1,cSLE,33,33,0,0,0,0,0,0,33
Non-classical Monocytes|Non-classical Monocytes|GNAI2|FPR1,aHD,5,5,0,0,0,0,0,0,5
Non-classical Monocytes|Non-classical Monocytes|GNAI2|FPR1,aSLE,7,7,0,0,0,0,0,0,7
Non-classical Monocytes|Non-classical Monocytes|GNAI2|FPR1,cHD,10,11,0,0,0,1,0,0,11
Non-classical Monocytes|Non-classical Monocytes|GNAI2|FPR1,cSLE,33,33,0,0,0,0,0,0,33
Non-classical Monocytes|Non-classical Monocytes|GNAI2|S1PR4,aHD,5,5,0,0,0,0,0,0,5
Non-classical Monocytes|Non-classical Monocytes|GNAI2|S1PR4,aSLE,7,7,0,0,0,0,0,0,7
Non-classical Monocytes|Non-classical Monocytes|GNAI2|S1PR4,cHD,11,11,0,0,0,0,0,0,11
Non-classical Monocytes|Non-classical Monocytes|GNAI2|S1PR4,cSLE,33,33,0,0,0,0,0,0,33
Non-classical Monocytes|Non-classical Monocytes|GNAS|ADCY7,aHD,5,5,0,0,0,0,0,0,5
Non-classical Monocytes|Non-classical Monocytes|GNAS|ADCY7,aSLE,7,7,0,0,0,0,0,0,7
Non-classical Monocytes|Non-classical Monocytes|GNAS|ADCY7,cHD,11,11,0,0,0,0,0,0,11
Non-classical Monocytes|Non-classical Monocytes|GNAS|ADCY7,cSLE,33,33,0,0,0,0,0,0,33
Non-classical Monocytes|Non-classical Monocytes|GPI|AMFR,aHD,5,5,0,0,0,0,0,0,5
Non-classical Monocytes|Non-classical Monocytes|GPI|AMFR,aSLE,5,7,0,0,0,2,0,0,7
Non-classical Monocytes|Non-classical Monocytes|GPI|AMFR,cHD,7,11,0,0,0,4,0,0,11
Non-classical Monocytes|Non-classical Monocytes|GPI|AMFR,cSLE,11,33,0,0,0,22,0,0,33
Non-classical Monocytes|Non-classical Monocytes|GRN|TNFRSF1A,aHD,5,5,0,0,0,0,0,0,5
Non-classical Monocytes|Non-classical Monocytes|GRN|TNFRSF1A,aSLE,7,7,0,0,0,0,0,0,7
Non-classical Monocytes|Non-classical Monocytes|GRN|TNFRSF1A,cHD,11,11,0,0,0,0,0,0,11
Non-classical Monocytes|Non-classical Monocytes|GRN|TNFRSF1A,cSLE,33,33,0,0,0,0,0,0,33
Non-classical Monocytes|Non-classical Monocytes|GRN|TNFRSF1B,aHD,5,5,0,0,0,0,0,0,5
Non-classical Monocytes|Non-classical Monocytes|GRN|TNFRSF1B,aSLE,7,7,0,0,0,0,0,0,7
Non-classical Monocytes|Non-classical Monocytes|GRN|TNFRSF1B,cHD,11,11,0,0,0,0,0,0,11
Non-classical Monocytes|Non-classical Monocytes|GRN|TNFRSF1B,cSLE,33,33,0,0,0,0,0,0,33
Non-classical Monocytes|Non-classical Monocytes|HBEGF|CD44,aHD,5,5,0,0,0,0,0,0,5
Non-classical Monocytes|Non-classical Monocytes|HBEGF|CD44,aSLE,7,7,0,0,0,0,0,0,7
Non-classical Monocytes|Non-classical Monocytes|HBEGF|CD44,cHD,8,11,0,0,3,0,0,0,11
Non-classical Monocytes|Non-classical Monocytes|HBEGF|CD44,cSLE,25,33,0,0,8,0,0,0,33
Non-classical Monocytes|Non-classical Monocytes|HLA-A|APLP2,aHD,5,5,0,0,0,0,0,0,5
Non-classical Monocytes|Non-classical Monocytes|HLA-A|APLP2,aSLE,7,7,0,0,0,0,0,0,7
Non-classical Monocytes|Non-classical Monocytes|HLA-A|APLP2,cHD,11,11,0,0,0,0,0,0,11
Non-classical Monocytes|Non-classical Monocytes|HLA-A|APLP2,cSLE,33,33,0,0,0,0,0,0,33
Non-classical Monocytes|Non-classical Monocytes|HLA-A|LILRA1,aHD,5,5,0,0,0,0,0,0,5
Non-classical Monocytes|Non-classical Monocytes|HLA-A|LILRA1,aSLE,7,7,0,0,0,0,0,0,7
Non-classical Monocytes|Non-classical Monocytes|HLA-A|LILRA1,cHD,11,11,0,0,0,0,0,0,11
Non-classical Monocytes|Non-classical Monocytes|HLA-A|LILRA1,cSLE,33,33,0,0,0,0,0,0,33
Non-classical Monocytes|Non-classical Monocytes|HLA-A|LILRB1,aHD,5,5,0,0,0,0,0,0,5
Non-classical Monocytes|Non-classical Monocytes|HLA-A|LILRB1,aSLE,7,7,0,0,0,0,0,0,7
Non-classical Monocytes|Non-classical Monocytes|HLA-A|LILRB1,cHD,11,11,0,0,0,0,0,0,11
Non-classical Monocytes|Non-classical Monocytes|HLA-A|LILRB1,cSLE,33,33,0,0,0,0,0,0,33
Non-classical Monocytes|Non-classical Monocytes|HLA-A|LILRB2,aHD,5,5,0,0,0,0,0,0,5
Non-classical Monocytes|Non-classical Monocytes|HLA-A|LILRB2,aSLE,7,7,0,0,0,0,0,0,7
Non-classical Monocytes|Non-classical Monocytes|HLA-A|LILRB2,cHD,11,11,0,0,0,0,0,0,11
Non-classical Monocytes|Non-classical Monocytes|HLA-A|LILRB2,cSLE,33,33,0,0,0,0,0,0,33
Non-classical Monocytes|Non-classical Monocytes|HLA-B|LILRA1,aHD,5,5,0,0,0,0,0,0,5
Non-classical Monocytes|Non-classical Monocytes|HLA-B|LILRA1,aSLE,7,7,0,0,0,0,0,0,7
Non-classical Monocytes|Non-classical Monocytes|HLA-B|LILRA1,cHD,11,11,0,0,0,0,0,0,11
Non-classical Monocytes|Non-classical Monocytes|HLA-B|LILRA1,cSLE,33,33,0,0,0,0,0,0,33
Non-classical Monocytes|Non-classical Monocytes|HLA-B|LILRB1,aHD,5,5,0,0,0,0,0,0,5
Non-classical Monocytes|Non-classical Monocytes|HLA-B|LILRB1,aSLE,7,7,0,0,0,0,0,0,7
Non-classical Monocytes|Non-classical Monocytes|HLA-B|LILRB1,cHD,11,11,0,0,0,0,0,0,11
Non-classical Monocytes|Non-classical Monocytes|HLA-B|LILRB1,cSLE,33,33,0,0,0,0,0,0,33
Non-classical Monocytes|Non-classical Monocytes|HLA-B|LILRB2,aHD,5,5,0,0,0,0,0,0,5
Non-classical Monocytes|Non-classical Monocytes|HLA-B|LILRB2,aSLE,7,7,0,0,0,0,0,0,7
Non-classical Monocytes|Non-classical Monocytes|HLA-B|LILRB2,cHD,11,11,0,0,0,0,0,0,11
Non-classical Monocytes|Non-classical Monocytes|HLA-B|LILRB2,cSLE,33,33,0,0,0,0,0,0,33
Non-classical Monocytes|Non-classical Monocytes|HLA-C|LILRA1,aHD,5,5,0,0,0,0,0,0,5
Non-classical Monocytes|Non-classical Monocytes|HLA-C|LILRA1,aSLE,7,7,0,0,0,0,0,0,7
Non-classical Monocytes|Non-classical Monocytes|HLA-C|LILRA1,cHD,11,11,0,0,0,0,0,0,11
Non-classical Monocytes|Non-classical Monocytes|HLA-C|LILRA1,cSLE,33,33,0,0,0,0,0,0,33
Non-classical Monocytes|Non-classical Monocytes|HLA-C|LILRB1,aHD,5,5,0,0,0,0,0,0,5
Non-classical Monocytes|Non-classical Monocytes|HLA-C|LILRB1,aSLE,7,7,0,0,0,0,0,0,7
Non-classical Monocytes|Non-classical Monocytes|HLA-C|LILRB1,cHD,11,11,0,0,0,0,0,0,11
Non-classical Monocytes|Non-classical Monocytes|HLA-C|LILRB1,cSLE,33,33,0,0,0,0,0,0,33
Non-classical Monocytes|Non-classical Monocytes|HLA-C|LILRB2,aHD,5,5,0,0,0,0,0,0,5
Non-classical Monocytes|Non-classical Monocytes|HLA-C|LILRB2,aSLE,7,7,0,0,0,0,0,0,7
Non-classical Monocytes|Non-classical Monocytes|HLA-C|LILRB2,cHD,11,11,0,0,0,0,0,0,11
Non-classical Monocytes|Non-classical Monocytes|HLA-C|LILRB2,cSLE,33,33,0,0,0,0,0,0,33
Non-classical Monocytes|Non-classical Monocytes|HLA-DMA|CD4,aHD,5,5,0,0,0,0,0,0,5
Non-classical Monocytes|Non-classical Monocytes|HLA-DMA|CD4,aSLE,7,7,0,0,0,0,0,0,7
Non-classical Monocytes|Non-classical Monocytes|HLA-DMA|CD4,cHD,11,11,0,0,0,0,0,0,11
Non-classical Monocytes|Non-classical Monocytes|HLA-DMA|CD4,cSLE,33,33,0,0,0,0,0,0,33
Non-classical Monocytes|Non-classical Monocytes|HLA-DMB|CD4,aHD,5,5,0,0,0,0,0,0,5
Non-classical Monocytes|Non-classical Monocytes|HLA-DMB|CD4,aSLE,7,7,0,0,0,0,0,0,7
Non-classical Monocytes|Non-classical Monocytes|HLA-DMB|CD4,cHD,11,11,0,0,0,0,0,0,11
Non-classical Monocytes|Non-classical Monocytes|HLA-DMB|CD4,cSLE,33,33,0,0,0,0,0,0,33
Non-classical Monocytes|Non-classical Monocytes|HLA-DPA1|CD4,aHD,5,5,0,0,0,0,0,0,5
Non-classical Monocytes|Non-classical Monocytes|HLA-DPA1|CD4,aSLE,7,7,0,0,0,0,0,0,7
Non-classical Monocytes|Non-classical Monocytes|HLA-DPA1|CD4,cHD,11,11,0,0,0,0,0,0,11
Non-classical Monocytes|Non-classical Monocytes|HLA-DPA1|CD4,cSLE,33,33,0,0,0,0,0,0,33
Non-classical Monocytes|Non-classical Monocytes|HLA-DPB1|CD4,aHD,5,5,0,0,0,0,0,0,5
Non-classical Monocytes|Non-classical Monocytes|HLA-DPB1|CD4,aSLE,7,7,0,0,0,0,0,0,7
Non-classical Monocytes|Non-classical Monocytes|HLA-DPB1|CD4,cHD,11,11,0,0,0,0,0,0,11
Non-classical Monocytes|Non-classical Monocytes|HLA-DPB1|CD4,cSLE,33,33,0,0,0,0,0,0,33
Non-classical Monocytes|Non-classical Monocytes|HLA-DQA1|CD4,aHD,5,5,0,0,0,0,0,0,5
Non-classical Monocytes|Non-classical Monocytes|HLA-DQA1|CD4,aSLE,7,7,0,0,0,0,0,0,7
Non-classical Monocytes|Non-classical Monocytes|HLA-DQA1|CD4,cHD,11,11,0,0,0,0,0,0,11
Non-classical Monocytes|Non-classical Monocytes|HLA-DQA1|CD4,cSLE,32,33,0,0,1,0,0,0,33
Non-classical Monocytes|Non-classical Monocytes|HLA-DQB1|CD4,aHD,5,5,0,0,0,0,0,0,5
Non-classical Monocytes|Non-classical Monocytes|HLA-DQB1|CD4,aSLE,7,7,0,0,0,0,0,0,7
Non-classical Monocytes|Non-classical Monocytes|HLA-DQB1|CD4,cHD,11,11,0,0,0,0,0,0,11
Non-classical Monocytes|Non-classical Monocytes|HLA-DQB1|CD4,cSLE,33,33,0,0,0,0,0,0,33
Non-classical Monocytes|Non-classical Monocytes|HLA-DRA|CD4,aHD,5,5,0,0,0,0,0,0,5
Non-classical Monocytes|Non-classical Monocytes|HLA-DRA|CD4,aSLE,7,7,0,0,0,0,0,0,7
Non-classical Monocytes|Non-classical Monocytes|HLA-DRA|CD4,cHD,11,11,0,0,0,0,0,0,11
Non-classical Monocytes|Non-classical Monocytes|HLA-DRA|CD4,cSLE,33,33,0,0,0,0,0,0,33
Non-classical Monocytes|Non-classical Monocytes|HLA-DRB1|CD4,aHD,5,5,0,0,0,0,0,0,5
Non-classical Monocytes|Non-classical Monocytes|HLA-DRB1|CD4,aSLE,7,7,0,0,0,0,0,0,7
Non-classical Monocytes|Non-classical Monocytes|HLA-DRB1|CD4,cHD,11,11,0,0,0,0,0,0,11
Non-classical Monocytes|Non-classical Monocytes|HLA-DRB1|CD4,cSLE,33,33,0,0,0,0,0,0,33
Non-classical Monocytes|Non-classical Monocytes|HLA-DRB5|CD4,aHD,5,5,0,0,0,0,0,0,5
Non-classical Monocytes|Non-classical Monocytes|HLA-DRB5|CD4,aSLE,7,7,0,0,0,0,0,0,7
Non-classical Monocytes|Non-classical Monocytes|HLA-DRB5|CD4,cHD,9,11,0,0,2,0,0,0,11
Non-classical Monocytes|Non-classical Monocytes|HLA-DRB5|CD4,cSLE,29,33,0,0,4,0,0,0,33
Non-classical Monocytes|Non-classical Monocytes|HLA-F|LILRB1,aHD,5,5,0,0,0,0,0,0,5
Non-classical Monocytes|Non-classical Monocytes|HLA-F|LILRB1,aSLE,7,7,0,0,0,0,0,0,7
Non-classical Monocytes|Non-classical Monocytes|HLA-F|LILRB1,cHD,11,11,0,0,0,0,0,0,11
Non-classical Monocytes|Non-classical Monocytes|HLA-F|LILRB1,cSLE,33,33,0,0,0,0,0,0,33
Non-classical Monocytes|Non-classical Monocytes|HLA-F|LILRB2,aHD,5,5,0,0,0,0,0,0,5
Non-classical Monocytes|Non-classical Monocytes|HLA-F|LILRB2,aSLE,7,7,0,0,0,0,0,0,7
Non-classical Monocytes|Non-classical Monocytes|HLA-F|LILRB2,cHD,11,11,0,0,0,0,0,0,11
Non-classical Monocytes|Non-classical Monocytes|HLA-F|LILRB2,cSLE,33,33,0,0,0,0,0,0,33
Non-classical Monocytes|Non-classical Monocytes|HMGB1|CXCR4,aHD,5,5,0,0,0,0,0,0,5
Non-classical Monocytes|Non-classical Monocytes|HMGB1|CXCR4,aSLE,7,7,0,0,0,0,0,0,7
Non-classical Monocytes|Non-classical Monocytes|HMGB1|CXCR4,cHD,11,11,0,0,0,0,0,0,11
Non-classical Monocytes|Non-classical Monocytes|HMGB1|CXCR4,cSLE,33,33,0,0,0,0,0,0,33
Non-classical Monocytes|Non-classical Monocytes|HMGB1|HAVCR2,aHD,5,5,0,0,0,0,0,0,5
Non-classical Monocytes|Non-classical Monocytes|HMGB1|HAVCR2,aSLE,7,7,0,0,0,0,0,0,7
Non-classical Monocytes|Non-classical Monocytes|HMGB1|HAVCR2,cHD,11,11,0,0,0,0,0,0,11
Non-classical Monocytes|Non-classical Monocytes|HMGB1|HAVCR2,cSLE,30,33,0,0,0,3,0,0,33
Non-classical Monocytes|Non-classical Monocytes|HMGB1|TLR2,aHD,5,5,0,0,0,0,0,0,5
Non-classical Monocytes|Non-classical Monocytes|HMGB1|TLR2,aSLE,7,7,0,0,0,0,0,0,7
Non-classical Monocytes|Non-classical Monocytes|HMGB1|TLR2,cHD,11,11,0,0,0,0,0,0,11
Non-classical Monocytes|Non-classical Monocytes|HMGB1|TLR2,cSLE,33,33,0,0,0,0,0,0,33
Non-classical Monocytes|Non-classical Monocytes|ICAM1|IL2RG,aHD,5,5,0,0,0,0,0,0,5
Non-classical Monocytes|Non-classical Monocytes|ICAM1|IL2RG,aSLE,7,7,0,0,0,0,0,0,7
Non-classical Monocytes|Non-classical Monocytes|ICAM1|IL2RG,cHD,9,11,0,0,2,0,0,0,11
Non-classical Monocytes|Non-classical Monocytes|ICAM1|IL2RG,cSLE,26,33,0,0,7,1,0,0,33
Non-classical Monocytes|Non-classical Monocytes|ICAM1|ITGAL_ITGB2,aHD,5,5,0,0,0,0,0,0,5
Non-classical Monocytes|Non-classical Monocytes|ICAM1|ITGAL_ITGB2,aSLE,7,7,0,0,0,0,0,0,7
Non-classical Monocytes|Non-classical Monocytes|ICAM1|ITGAL_ITGB2,cHD,9,11,0,0,2,0,0,0,11
Non-classical Monocytes|Non-classical Monocytes|ICAM1|ITGAL_ITGB2,cSLE,26,33,0,0,7,0,0,0,33
Non-classical Monocytes|Non-classical Monocytes|ICAM1|ITGAX_ITGB2,aHD,5,5,0,0,0,0,0,0,5
Non-classical Monocytes|Non-classical Monocytes|ICAM1|ITGAX_ITGB2,aSLE,7,7,0,0,0,0,0,0,7
Non-classical Monocytes|Non-classical Monocytes|ICAM1|ITGAX_ITGB2,cHD,9,11,0,0,2,0,0,0,11
Non-classical Monocytes|Non-classical Monocytes|ICAM1|ITGAX_ITGB2,cSLE,26,33,0,0,7,0,0,0,33
Non-classical Monocytes|Non-classical Monocytes|ICAM1|SPN,aHD,5,5,0,0,0,0,0,0,5
Non-classical Monocytes|Non-classical Monocytes|ICAM1|SPN,aSLE,7,7,0,0,0,0,0,0,7
Non-classical Monocytes|Non-classical Monocytes|ICAM1|SPN,cHD,9,11,0,0,2,0,0,0,11
Non-classical Monocytes|Non-classical Monocytes|ICAM1|SPN,cSLE,26,33,0,0,7,0,0,0,33
Non-classical Monocytes|Non-classical Monocytes|ICAM2|ITGAL_ITGB2,aHD,5,5,0,0,0,0,0,0,5
Non-classical Monocytes|Non-classical Monocytes|ICAM2|ITGAL_ITGB2,aSLE,7,7,0,0,0,0,0,0,7
Non-classical Monocytes|Non-classical Monocytes|ICAM2|ITGAL_ITGB2,cHD,11,11,0,0,0,0,0,0,11
Non-classical Monocytes|Non-classical Monocytes|ICAM2|ITGAL_ITGB2,cSLE,33,33,0,0,0,0,0,0,33
Non-classical Monocytes|Non-classical Monocytes|ICAM3|ITGAL,aHD,5,5,0,0,0,0,0,0,5
Non-classical Monocytes|Non-classical Monocytes|ICAM3|ITGAL,aSLE,7,7,0,0,0,0,0,0,7
Non-classical Monocytes|Non-classical Monocytes|ICAM3|ITGAL,cHD,11,11,0,0,0,0,0,0,11
Non-classical Monocytes|Non-classical Monocytes|ICAM3|ITGAL,cSLE,33,33,0,0,0,0,0,0,33
Non-classical Monocytes|Non-classical Monocytes|IL16|CD4,aHD,5,5,0,0,0,0,0,0,5
Non-classical Monocytes|Non-classical Monocytes|IL16|CD4,aSLE,7,7,0,0,0,0,0,0,7
Non-classical Monocytes|Non-classical Monocytes|IL16|CD4,cHD,11,11,0,0,0,0,0,0,11
Non-classical Monocytes|Non-classical Monocytes|IL16|CD4,cSLE,30,33,0,0,3,0,0,0,33
Non-classical Monocytes|Non-classical Monocytes|IL1B|SIGIRR,aHD,5,5,0,0,0,0,0,0,5
Non-classical Monocytes|Non-classical Monocytes|IL1B|SIGIRR,aSLE,7,7,0,0,0,0,0,0,7
Non-classical Monocytes|Non-classical Monocytes|IL1B|SIGIRR,cHD,11,11,0,0,0,0,0,0,11
Non-classical Monocytes|Non-classical Monocytes|IL1B|SIGIRR,cSLE,33,33,0,0,0,0,0,0,33
Non-classical Monocytes|Non-classical Monocytes|LGALS1|CD69,aHD,5,5,0,0,0,0,0,0,5
Non-classical Monocytes|Non-classical Monocytes|LGALS1|CD69,aSLE,7,7,0,0,0,0,0,0,7
Non-classical Monocytes|Non-classical Monocytes|LGALS1|CD69,cHD,11,11,0,0,0,0,0,0,11
Non-classical Monocytes|Non-classical Monocytes|LGALS1|CD69,cSLE,33,33,0,0,0,0,0,0,33
Non-classical Monocytes|Non-classical Monocytes|LGALS1|ITGB1,aHD,5,5,0,0,0,0,0,0,5
Non-classical Monocytes|Non-classical Monocytes|LGALS1|ITGB1,aSLE,7,7,0,0,0,0,0,0,7
Non-classical Monocytes|Non-classical Monocytes|LGALS1|ITGB1,cHD,11,11,0,0,0,0,0,0,11
Non-classical Monocytes|Non-classical Monocytes|LGALS1|ITGB1,cSLE,33,33,0,0,0,0,0,0,33
Non-classical Monocytes|Non-classical Monocytes|LGALS1|PTPRC,aHD,5,5,0,0,0,0,0,0,5
Non-classical Monocytes|Non-classical Monocytes|LGALS1|PTPRC,aSLE,7,7,0,0,0,0,0,0,7
Non-classical Monocytes|Non-classical Monocytes|LGALS1|PTPRC,cHD,11,11,0,0,0,0,0,0,11
Non-classical Monocytes|Non-classical Monocytes|LGALS1|PTPRC,cSLE,33,33,0,0,0,0,0,0,33
Non-classical Monocytes|Non-classical Monocytes|LGALS9|CD44,aHD,5,5,0,0,0,0,0,0,5
Non-classical Monocytes|Non-classical Monocytes|LGALS9|CD44,aSLE,7,7,0,0,0,0,0,0,7
Non-classical Monocytes|Non-classical Monocytes|LGALS9|CD44,cHD,11,11,0,0,0,0,0,0,11
Non-classical Monocytes|Non-classical Monocytes|LGALS9|CD44,cSLE,33,33,0,0,0,0,0,0,33
Non-classical Monocytes|Non-classical Monocytes|LGALS9|CD47,aHD,5,5,0,0,0,0,0,0,5
Non-classical Monocytes|Non-classical Monocytes|LGALS9|CD47,aSLE,7,7,0,0,0,0,0,0,7
Non-classical Monocytes|Non-classical Monocytes|LGALS9|CD47,cHD,11,11,0,0,0,0,0,0,11
Non-classical Monocytes|Non-classical Monocytes|LGALS9|CD47,cSLE,33,33,0,0,0,0,0,0,33
Non-classical Monocytes|Non-classical Monocytes|LGALS9|HAVCR2,aHD,5,5,0,0,0,0,0,0,5
Non-classical Monocytes|Non-classical Monocytes|LGALS9|HAVCR2,aSLE,7,7,0,0,0,0,0,0,7
Non-classical Monocytes|Non-classical Monocytes|LGALS9|HAVCR2,cHD,11,11,0,0,0,0,0,0,11
Non-classical Monocytes|Non-classical Monocytes|LGALS9|HAVCR2,cSLE,30,33,0,0,0,3,0,0,33
Non-classical Monocytes|Non-classical Monocytes|LGALS9|LRP1,aHD,5,5,0,0,0,0,0,0,5
Non-classical Monocytes|Non-classical Monocytes|LGALS9|LRP1,aSLE,7,7,0,0,0,0,0,0,7
Non-classical Monocytes|Non-classical Monocytes|LGALS9|LRP1,cHD,11,11,0,0,0,0,0,0,11
Non-classical Monocytes|Non-classical Monocytes|LGALS9|LRP1,cSLE,33,33,0,0,0,0,0,0,33
Non-classical Monocytes|Non-classical Monocytes|LGALS9|PTPRC,aHD,5,5,0,0,0,0,0,0,5
Non-classical Monocytes|Non-classical Monocytes|LGALS9|PTPRC,aSLE,7,7,0,0,0,0,0,0,7
Non-classical Monocytes|Non-classical Monocytes|LGALS9|PTPRC,cHD,11,11,0,0,0,0,0,0,11
Non-classical Monocytes|Non-classical Monocytes|LGALS9|PTPRC,cSLE,33,33,0,0,0,0,0,0,33
Non-classical Monocytes|Non-classical Monocytes|LRPAP1|LRP1,aHD,5,5,0,0,0,0,0,0,5
Non-classical Monocytes|Non-classical Monocytes|LRPAP1|LRP1,aSLE,7,7,0,0,0,0,0,0,7
Non-classical Monocytes|Non-classical Monocytes|LRPAP1|LRP1,cHD,11,11,0,0,0,0,0,0,11
Non-classical Monocytes|Non-classical Monocytes|LRPAP1|LRP1,cSLE,33,33,0,0,0,0,0,0,33
Non-classical Monocytes|Non-classical Monocytes|LRPAP1|SORL1,aHD,5,5,0,0,0,0,0,0,5
Non-classical Monocytes|Non-classical Monocytes|LRPAP1|SORL1,aSLE,6,7,0,0,0,1,0,0,7
Non-classical Monocytes|Non-classical Monocytes|LRPAP1|SORL1,cHD,11,11,0,0,0,0,0,0,11
Non-classical Monocytes|Non-classical Monocytes|LRPAP1|SORL1,cSLE,29,33,0,0,0,4,0,0,33
Non-classical Monocytes|Non-classical Monocytes|LTB|TNFRSF1A,aHD,5,5,0,0,0,0,0,0,5
Non-classical Monocytes|Non-classical Monocytes|LTB|TNFRSF1A,aSLE,7,7,0,0,0,0,0,0,7
Non-classical Monocytes|Non-classical Monocytes|LTB|TNFRSF1A,cHD,11,11,0,0,0,0,0,0,11
Non-classical Monocytes|Non-classical Monocytes|LTB|TNFRSF1A,cSLE,33,33,0,0,0,0,0,0,33
Non-classical Monocytes|Non-classical Monocytes|MFNG|NOTCH2,aHD,5,5,0,0,0,0,0,0,5
Non-classical Monocytes|Non-classical Monocytes|MFNG|NOTCH2,aSLE,7,7,0,0,0,0,0,0,7
Non-classical Monocytes|Non-classical Monocytes|MFNG|NOTCH2,cHD,11,11,0,0,0,0,0,0,11
Non-classical Monocytes|Non-classical Monocytes|MFNG|NOTCH2,cSLE,33,33,0,0,0,0,0,0,33
Non-classical Monocytes|Non-classical Monocytes|MIF|CD44_CD74,aHD,5,5,0,0,0,0,0,0,5
Non-classical Monocytes|Non-classical Monocytes|MIF|CD44_CD74,aSLE,7,7,0,0,0,0,0,0,7
Non-classical Monocytes|Non-classical Monocytes|MIF|CD44_CD74,cHD,11,11,0,0,0,0,0,0,11
Non-classical Monocytes|Non-classical Monocytes|MIF|CD44_CD74,cSLE,33,33,0,0,0,0,0,0,33
Non-classical Monocytes|Non-classical Monocytes|MIF|CD74_CXCR4,aHD,5,5,0,0,0,0,0,0,5
Non-classical Monocytes|Non-classical Monocytes|MIF|CD74_CXCR4,aSLE,7,7,0,0,0,0,0,0,7
Non-classical Monocytes|Non-classical Monocytes|MIF|CD74_CXCR4,cHD,11,11,0,0,0,0,0,0,11
Non-classical Monocytes|Non-classical Monocytes|MIF|CD74_CXCR4,cSLE,33,33,0,0,0,0,0,0,33
Non-classical Monocytes|Non-classical Monocytes|MIF|TNFRSF14,aHD,5,5,0,0,0,0,0,0,5
Non-classical Monocytes|Non-classical Monocytes|MIF|TNFRSF14,aSLE,7,7,0,0,0,0,0,0,7
Non-classical Monocytes|Non-classical Monocytes|MIF|TNFRSF14,cHD,11,11,0,0,0,0,0,0,11
Non-classical Monocytes|Non-classical Monocytes|MIF|TNFRSF14,cSLE,33,33,0,0,0,0,0,0,33
Non-classical Monocytes|Non-classical Monocytes|PKM|CD44,aHD,5,5,0,0,0,0,0,0,5
Non-classical Monocytes|Non-classical Monocytes|PKM|CD44,aSLE,7,7,0,0,0,0,0,0,7
Non-classical Monocytes|Non-classical Monocytes|PKM|CD44,cHD,11,11,0,0,0,0,0,0,11
Non-classical Monocytes|Non-classical Monocytes|PKM|CD44,cSLE,33,33,0,0,0,0,0,0,33
Non-classical Monocytes|Non-classical Monocytes|PSAP|LRP1,aHD,5,5,0,0,0,0,0,0,5
Non-classical Monocytes|Non-classical Monocytes|PSAP|LRP1,aSLE,7,7,0,0,0,0,0,0,7
Non-classical Monocytes|Non-classical Monocytes|PSAP|LRP1,cHD,11,11,0,0,0,0,0,0,11
Non-classical Monocytes|Non-classical Monocytes|PSAP|LRP1,cSLE,33,33,0,0,0,0,0,0,33
Non-classical Monocytes|Non-classical Monocytes|PSEN1|CD44,aHD,5,5,0,0,0,0,0,0,5
Non-classical Monocytes|Non-classical Monocytes|PSEN1|CD44,aSLE,7,7,0,0,0,0,0,0,7
Non-classical Monocytes|Non-classical Monocytes|PSEN1|CD44,cHD,11,11,0,0,0,0,0,0,11
Non-classical Monocytes|Non-classical Monocytes|PSEN1|CD44,cSLE,33,33,0,0,0,0,0,0,33
Non-classical Monocytes|Non-classical Monocytes|PSEN1|NOTCH2,aHD,5,5,0,0,0,0,0,0,5
Non-classical Monocytes|Non-classical Monocytes|PSEN1|NOTCH2,aSLE,7,7,0,0,0,0,0,0,7
Non-classical Monocytes|Non-classical Monocytes|PSEN1|NOTCH2,cHD,11,11,0,0,0,0,0,0,11
Non-classical Monocytes|Non-classical Monocytes|PSEN1|NOTCH2,cSLE,33,33,0,0,0,0,0,0,33
Non-classical Monocytes|Non-classical Monocytes|PTDSS1|JMJD6,aHD,5,5,0,0,0,0,0,0,5
Non-classical Monocytes|Non-classical Monocytes|PTDSS1|JMJD6,aSLE,7,7,0,0,0,0,0,0,7
Non-classical Monocytes|Non-classical Monocytes|PTDSS1|JMJD6,cHD,9,11,0,0,0,2,0,0,11
Non-classical Monocytes|Non-classical Monocytes|PTDSS1|JMJD6,cSLE,26,33,0,0,3,6,0,0,33
Non-classical Monocytes|Non-classical Monocytes|PTPN6|CD300LF,aHD,5,5,0,0,0,0,0,0,5
Non-classical Monocytes|Non-classical Monocytes|PTPN6|CD300LF,aSLE,7,7,0,0,0,0,0,0,7
Non-classical Monocytes|Non-classical Monocytes|PTPN6|CD300LF,cHD,11,11,0,0,0,0,0,0,11
Non-classical Monocytes|Non-classical Monocytes|PTPN6|CD300LF,cSLE,33,33,0,0,0,0,0,0,33
Non-classical Monocytes|Non-classical Monocytes|PTPN6|CLEC12A,aHD,5,5,0,0,0,0,0,0,5
Non-classical Monocytes|Non-classical Monocytes|PTPN6|CLEC12A,aSLE,7,7,0,0,0,0,0,0,7
Non-classical Monocytes|Non-classical Monocytes|PTPN6|CLEC12A,cHD,11,11,0,0,0,0,0,0,11
Non-classical Monocytes|Non-classical Monocytes|PTPN6|CLEC12A,cSLE,33,33,0,0,0,0,0,0,33
Non-classical Monocytes|Non-classical Monocytes|RPS19|C5AR1,aHD,5,5,0,0,0,0,0,0,5
Non-classical Monocytes|Non-classical Monocytes|RPS19|C5AR1,aSLE,7,7,0,0,0,0,0,0,7
Non-classical Monocytes|Non-classical Monocytes|RPS19|C5AR1,cHD,11,11,0,0,0,0,0,0,11
Non-classical Monocytes|Non-classical Monocytes|RPS19|C5AR1,cSLE,33,33,0,0,0,0,0,0,33
Non-classical Monocytes|Non-classical Monocytes|S100A12|CD36,aHD,5,5,0,0,0,0,0,0,5
Non-classical Monocytes|Non-classical Monocytes|S100A12|CD36,aSLE,7,7,0,0,0,0,0,0,7
Non-classical Monocytes|Non-classical Monocytes|S100A12|CD36,cHD,10,11,0,0,1,0,0,0,11
Non-classical Monocytes|Non-classical Monocytes|S100A12|CD36,cSLE,32,33,0,0,1,0,0,0,33
Non-classical Monocytes|Non-classical Monocytes|S100A8|CD36,aHD,5,5,0,0,0,0,0,0,5
Non-classical Monocytes|Non-classical Monocytes|S100A8|CD36,aSLE,7,7,0,0,0,0,0,0,7
Non-classical Monocytes|Non-classical Monocytes|S100A8|CD36,cHD,11,11,0,0,0,0,0,0,11
Non-classical Monocytes|Non-classical Monocytes|S100A8|CD36,cSLE,33,33,0,0,0,0,0,0,33
Non-classical Monocytes|Non-classical Monocytes|S100A8|CD68,aHD,5,5,0,0,0,0,0,0,5
Non-classical Monocytes|Non-classical Monocytes|S100A8|CD68,aSLE,7,7,0,0,0,0,0,0,7
Non-classical Monocytes|Non-classical Monocytes|S100A8|CD68,cHD,11,11,0,0,0,0,0,0,11
Non-classical Monocytes|Non-classical Monocytes|S100A8|CD68,cSLE,33,33,0,0,0,0,0,0,33
Non-classical Monocytes|Non-classical Monocytes|S100A8|CD69,aHD,5,5,0,0,0,0,0,0,5
Non-classical Monocytes|Non-classical Monocytes|S100A8|CD69,aSLE,7,7,0,0,0,0,0,0,7
Non-classical Monocytes|Non-classical Monocytes|S100A8|CD69,cHD,11,11,0,0,0,0,0,0,11
Non-classical Monocytes|Non-classical Monocytes|S100A8|CD69,cSLE,33,33,0,0,0,0,0,0,33
Non-classical Monocytes|Non-classical Monocytes|S100A8|ITGB2,aHD,5,5,0,0,0,0,0,0,5
Non-classical Monocytes|Non-classical Monocytes|S100A8|ITGB2,aSLE,7,7,0,0,0,0,0,0,7
Non-classical Monocytes|Non-classical Monocytes|S100A8|ITGB2,cHD,11,11,0,0,0,0,0,0,11
Non-classical Monocytes|Non-classical Monocytes|S100A8|ITGB2,cSLE,33,33,0,0,0,0,0,0,33
Non-classical Monocytes|Non-classical Monocytes|S100A9|CD36,aHD,5,5,0,0,0,0,0,0,5
Non-classical Monocytes|Non-classical Monocytes|S100A9|CD36,aSLE,7,7,0,0,0,0,0,0,7
Non-classical Monocytes|Non-classical Monocytes|S100A9|CD36,cHD,11,11,0,0,0,0,0,0,11
Non-classical Monocytes|Non-classical Monocytes|S100A9|CD36,cSLE,33,33,0,0,0,0,0,0,33
Non-classical Monocytes|Non-classical Monocytes|S100A9|CD68,aHD,5,5,0,0,0,0,0,0,5
Non-classical Monocytes|Non-classical Monocytes|S100A9|CD68,aSLE,7,7,0,0,0,0,0,0,7
Non-classical Monocytes|Non-classical Monocytes|S100A9|CD68,cHD,11,11,0,0,0,0,0,0,11
Non-classical Monocytes|Non-classical Monocytes|S100A9|CD68,cSLE,33,33,0,0,0,0,0,0,33
Non-classical Monocytes|Non-classical Monocytes|S100A9|ITGB2,aHD,5,5,0,0,0,0,0,0,5
Non-classical Monocytes|Non-classical Monocytes|S100A9|ITGB2,aSLE,7,7,0,0,0,0,0,0,7
Non-classical Monocytes|Non-classical Monocytes|S100A9|ITGB2,cHD,11,11,0,0,0,0,0,0,11
Non-classical Monocytes|Non-classical Monocytes|S100A9|ITGB2,cSLE,33,33,0,0,0,0,0,0,33
Non-classical Monocytes|Non-classical Monocytes|SELPLG|ITGB2,aHD,5,5,0,0,0,0,0,0,5
Non-classical Monocytes|Non-classical Monocytes|SELPLG|ITGB2,aSLE,7,7,0,0,0,0,0,0,7
Non-classical Monocytes|Non-classical Monocytes|SELPLG|ITGB2,cHD,11,11,0,0,0,0,0,0,11
Non-classical Monocytes|Non-classical Monocytes|SELPLG|ITGB2,cSLE,33,33,0,0,0,0,0,0,33
Non-classical Monocytes|Non-classical Monocytes|SELPLG|SELL,aHD,5,5,0,0,0,0,0,0,5
Non-classical Monocytes|Non-classical Monocytes|SELPLG|SELL,aSLE,7,7,0,0,0,0,0,0,7
Non-classical Monocytes|Non-classical Monocytes|SELPLG|SELL,cHD,11,11,0,0,0,0,0,0,11
Non-classical Monocytes|Non-classical Monocytes|SELPLG|SELL,cSLE,33,33,0,0,0,0,0,0,33
Non-classical Monocytes|Non-classical Monocytes|SEMA4A|LILRB2,aHD,5,5,0,0,0,0,0,0,5
Non-classical Monocytes|Non-classical Monocytes|SEMA4A|LILRB2,aSLE,7,7,0,0,0,0,0,0,7
Non-classical Monocytes|Non-classical Monocytes|SEMA4A|LILRB2,cHD,11,11,0,0,0,0,0,0,11
Non-classical Monocytes|Non-classical Monocytes|SEMA4A|LILRB2,cSLE,32,33,0,0,1,0,0,0,33
Non-classical Monocytes|Non-classical Monocytes|SEMA4A|PLXNB2,aHD,5,5,0,0,0,0,0,0,5
Non-classical Monocytes|Non-classical Monocytes|SEMA4A|PLXNB2,aSLE,7,7,0,0,0,0,0,0,7
Non-classical Monocytes|Non-classical Monocytes|SEMA4A|PLXNB2,cHD,11,11,0,0,0,0,0,0,11
Non-classical Monocytes|Non-classical Monocytes|SEMA4A|PLXNB2,cSLE,32,33,0,0,1,0,0,0,33
Non-classical Monocytes|Non-classical Monocytes|SEMA4D|PLXNB2,aHD,5,5,0,0,0,0,0,0,5
Non-classical Monocytes|Non-classical Monocytes|SEMA4D|PLXNB2,aSLE,7,7,0,0,0,0,0,0,7
Non-classical Monocytes|Non-classical Monocytes|SEMA4D|PLXNB2,cHD,10,11,0,0,1,0,0,0,11
Non-classical Monocytes|Non-classical Monocytes|SEMA4D|PLXNB2,cSLE,33,33,0,0,0,0,0,0,33
Non-classical Monocytes|Non-classical Monocytes|SERPINA1|LRP1,aHD,5,5,0,0,0,0,0,0,5
Non-classical Monocytes|Non-classical Monocytes|SERPINA1|LRP1,aSLE,7,7,0,0,0,0,0,0,7
Non-classical Monocytes|Non-classical Monocytes|SERPINA1|LRP1,cHD,11,11,0,0,0,0,0,0,11
Non-classical Monocytes|Non-classical Monocytes|SERPINA1|LRP1,cSLE,33,33,0,0,0,0,0,0,33
Non-classical Monocytes|Non-classical Monocytes|TGFB1|CXCR4,aHD,5,5,0,0,0,0,0,0,5
Non-classical Monocytes|Non-classical Monocytes|TGFB1|CXCR4,aSLE,7,7,0,0,0,0,0,0,7
Non-classical Monocytes|Non-classical Monocytes|TGFB1|CXCR4,cHD,11,11,0,0,0,0,0,0,11
Non-classical Monocytes|Non-classical Monocytes|TGFB1|CXCR4,cSLE,33,33,0,0,0,0,0,0,33
Non-classical Monocytes|Non-classical Monocytes|TGFB1|ITGB1,aHD,5,5,0,0,0,0,0,0,5
Non-classical Monocytes|Non-classical Monocytes|TGFB1|ITGB1,aSLE,7,7,0,0,0,0,0,0,7
Non-classical Monocytes|Non-classical Monocytes|TGFB1|ITGB1,cHD,11,11,0,0,0,0,0,0,11
Non-classical Monocytes|Non-classical Monocytes|TGFB1|ITGB1,cSLE,33,33,0,0,0,0,0,0,33
Non-classical Monocytes|Non-classical Monocytes|TGFB1|LPP,aHD,5,5,0,0,0,0,0,0,5
Non-classical Monocytes|Non-classical Monocytes|TGFB1|LPP,aSLE,7,7,0,0,0,0,0,0,7
Non-classical Monocytes|Non-classical Monocytes|TGFB1|LPP,cHD,11,11,0,0,0,0,0,0,11
Non-classical Monocytes|Non-classical Monocytes|TGFB1|LPP,cSLE,31,33,0,0,0,2,0,0,33
Non-classical Monocytes|Non-classical Monocytes|TIMP1|CD63,aHD,5,5,0,0,0,0,0,0,5
Non-classical Monocytes|Non-classical Monocytes|TIMP1|CD63,aSLE,7,7,0,0,0,0,0,0,7
Non-classical Monocytes|Non-classical Monocytes|TIMP1|CD63,cHD,11,11,0,0,0,0,0,0,11
Non-classical Monocytes|Non-classical Monocytes|TIMP1|CD63,cSLE,33,33,0,0,0,0,0,0,33
Non-classical Monocytes|Non-classical Monocytes|TIMP2|CD44,aHD,5,5,0,0,0,0,0,0,5
Non-classical Monocytes|Non-classical Monocytes|TIMP2|CD44,aSLE,7,7,0,0,0,0,0,0,7
Non-classical Monocytes|Non-classical Monocytes|TIMP2|CD44,cHD,11,11,0,0,0,0,0,0,11
Non-classical Monocytes|Non-classical Monocytes|TIMP2|CD44,cSLE,33,33,0,0,0,0,0,0,33
Non-classical Monocytes|Non-classical Monocytes|TIMP2|ITGB1,aHD,5,5,0,0,0,0,0,0,5
Non-classical Monocytes|Non-classical Monocytes|TIMP2|ITGB1,aSLE,7,7,0,0,0,0,0,0,7
Non-classical Monocytes|Non-classical Monocytes|TIMP2|ITGB1,cHD,11,11,0,0,0,0,0,0,11
Non-classical Monocytes|Non-classical Monocytes|TIMP2|ITGB1,cSLE,33,33,0,0,0,0,0,0,33
Non-classical Monocytes|Non-classical Monocytes|TNFSF13B|HLA-DPB1,aHD,5,5,0,0,0,0,0,0,5
Non-classical Monocytes|Non-classical Monocytes|TNFSF13B|HLA-DPB1,aSLE,7,7,0,0,0,0,0,0,7
Non-classical Monocytes|Non-classical Monocytes|TNFSF13B|HLA-DPB1,cHD,11,11,0,0,0,0,0,0,11
Non-classical Monocytes|Non-classical Monocytes|TNFSF13B|HLA-DPB1,cSLE,33,33,0,0,0,0,0,0,33
Non-classical Monocytes|Non-classical Monocytes|TNFSF13B|TFRC,aHD,5,5,0,0,0,0,0,0,5
Non-classical Monocytes|Non-classical Monocytes|TNFSF13B|TFRC,aSLE,7,7,0,0,0,0,0,0,7
Non-classical Monocytes|Non-classical Monocytes|TNFSF13B|TFRC,cHD,9,11,0,0,0,2,0,0,11
Non-classical Monocytes|Non-classical Monocytes|TNFSF13B|TFRC,cSLE,23,33,0,0,0,10,0,0,33
Non-classical Monocytes|Non-classical Monocytes|VCAN|CD44,aHD,5,5,0,0,0,0,0,0,5
Non-classical Monocytes|Non-classical Monocytes|VCAN|CD44,aSLE,7,7,0,0,0,0,0,0,7
Non-classical Monocytes|Non-classical Monocytes|VCAN|CD44,cHD,10,11,0,0,1,0,0,0,11
Non-classical Monocytes|Non-classical Monocytes|VCAN|CD44,cSLE,33,33,0,0,0,0,0,0,33
Non-classical Monocytes|Non-classical Monocytes|VCAN|ITGA4,aHD,5,5,0,0,0,0,0,0,5
Non-classical Monocytes|Non-classical Monocytes|VCAN|ITGA4,aSLE,7,7,0,0,0,0,0,0,7
Non-classical Monocytes|Non-classical Monocytes|VCAN|ITGA4,cHD,10,11,0,0,1,0,0,0,11
Non-classical Monocytes|Non-classical Monocytes|VCAN|ITGA4,cSLE,33,33,0,0,0,0,0,0,33
Non-classical Monocytes|Non-classical Monocytes|VCAN|ITGB1,aHD,5,5,0,0,0,0,0,0,5
Non-classical Monocytes|Non-classical Monocytes|VCAN|ITGB1,aSLE,7,7,0,0,0,0,0,0,7
Non-classical Monocytes|Non-classical Monocytes|VCAN|ITGB1,cHD,10,11,0,0,1,0,0,0,11
Non-classical Monocytes|Non-classical Monocytes|VCAN|ITGB1,cSLE,33,33,0,0,0,0,0,0,33
Non-classical Monocytes|Non-classical Monocytes|VCAN|SELL,aHD,5,5,0,0,0,0,0,0,5
Non-classical Monocytes|Non-classical Monocytes|VCAN|SELL,aSLE,7,7,0,0,0,0,0,0,7
Non-classical Monocytes|Non-classical Monocytes|VCAN|SELL,cHD,10,11,0,0,1,0,0,0,11
Non-classical Monocytes|Non-classical Monocytes|VCAN|SELL,cSLE,33,33,0,0,0,0,0,0,33
Non-classical Monocytes|Non-classical Monocytes|VCAN|TLR2,aHD,5,5,0,0,0,0,0,0,5
Non-classical Monocytes|Non-classical Monocytes|VCAN|TLR2,aSLE,7,7,0,0,0,0,0,0,7
Non-classical Monocytes|Non-classical Monocytes|VCAN|TLR2,cHD,10,11,0,0,1,0,0,0,11
Non-classical Monocytes|Non-classical Monocytes|VCAN|TLR2,cSLE,33,33,0,0,0,0,0,0,33
Non-classical Monocytes|Non-classical Monocytes|VIM|CD44,aHD,5,5,0,0,0,0,0,0,5
Non-classical Monocytes|Non-classical Monocytes|VIM|CD44,aSLE,7,7,0,0,0,0,0,0,7
Non-classical Monocytes|Non-classical Monocytes|VIM|CD44,cHD,11,11,0,0,0,0,0,0,11
Non-classical Monocytes|Non-classical Monocytes|VIM|CD44,cSLE,33,33,0,0,0,0,0,0,33
Non-classical Monocytes|pDCs|ADAM10|CD44,aHD,5,5,0,0,0,0,0,0,5
Non-classical Monocytes|pDCs|ADAM10|CD44,aSLE,7,7,0,0,0,0,0,0,7
Non-classical Monocytes|pDCs|ADAM10|CD44,cHD,10,10,0,1,0,0,0,0,11
Non-classical Monocytes|pDCs|ADAM10|CD44,cSLE,22,22,0,11,0,1,0,0,33
Non-classical Monocytes|pDCs|ADAM15|ITGB1,aHD,5,5,0,0,0,0,0,0,5
Non-classical Monocytes|pDCs|ADAM15|ITGB1,aSLE,7,7,0,0,0,0,0,0,7
Non-classical Monocytes|pDCs|ADAM15|ITGB1,cHD,7,10,0,1,3,0,0,0,11
Non-classical Monocytes|pDCs|ADAM15|ITGB1,cSLE,21,22,0,11,1,1,0,0,33
Non-classical Monocytes|pDCs|ADAM17|ITGB1,aHD,5,5,0,0,0,0,0,0,5
Non-classical Monocytes|pDCs|ADAM17|ITGB1,aSLE,7,7,0,0,0,0,0,0,7
Non-classical Monocytes|pDCs|ADAM17|ITGB1,cHD,10,10,0,1,0,0,0,0,11
Non-classical Monocytes|pDCs|ADAM17|ITGB1,cSLE,22,22,0,11,0,1,0,0,33
Non-classical Monocytes|pDCs|APP|CD74,aHD,5,5,0,0,0,0,0,0,5
Non-classical Monocytes|pDCs|APP|CD74,aSLE,7,7,0,0,0,0,0,0,7
Non-classical Monocytes|pDCs|APP|CD74,cHD,6,10,0,1,5,0,0,0,11
Non-classical Monocytes|pDCs|APP|CD74,cSLE,22,22,0,11,2,0,0,0,33
Non-classical Monocytes|pDCs|APP|LRP10,aHD,5,5,0,0,0,0,0,0,5
Non-classical Monocytes|pDCs|APP|LRP10,aSLE,7,7,0,0,0,0,0,0,7
Non-classical Monocytes|pDCs|APP|LRP10,cHD,6,10,0,1,5,0,0,0,11
Non-classical Monocytes|pDCs|APP|LRP10,cSLE,21,22,0,11,2,3,0,0,33
Non-classical Monocytes|pDCs|APP|TNFRSF21,aHD,5,5,0,0,0,0,0,0,5
Non-classical Monocytes|pDCs|APP|TNFRSF21,aSLE,7,7,0,0,0,0,0,0,7
Non-classical Monocytes|pDCs|APP|TNFRSF21,cHD,6,10,0,1,5,0,0,0,11
Non-classical Monocytes|pDCs|APP|TNFRSF21,cSLE,20,22,0,11,2,4,0,0,33
Non-classical Monocytes|pDCs|ARF6|SMAP1,aHD,5,5,0,0,0,0,0,0,5
Non-classical Monocytes|pDCs|ARF6|SMAP1,aSLE,6,7,0,0,0,1,0,0,7
Non-classical Monocytes|pDCs|ARF6|SMAP1,cHD,9,10,0,1,0,1,0,0,11
Non-classical Monocytes|pDCs|ARF6|SMAP1,cSLE,16,22,0,11,0,8,0,0,33
Non-classical Monocytes|pDCs|CALM1|PTPRA,aHD,5,5,0,0,0,0,0,0,5
Non-classical Monocytes|pDCs|CALM1|PTPRA,aSLE,7,7,0,0,0,0,0,0,7
Non-classical Monocytes|pDCs|CALM1|PTPRA,cHD,10,10,0,1,0,0,0,0,11
Non-classical Monocytes|pDCs|CALM1|PTPRA,cSLE,20,22,0,11,0,5,0,0,33
Non-classical Monocytes|pDCs|CD14|ITGA4,aHD,5,5,0,0,0,0,0,0,5
Non-classical Monocytes|pDCs|CD14|ITGA4,aSLE,7,7,0,0,0,0,0,0,7
Non-classical Monocytes|pDCs|CD14|ITGA4,cHD,7,10,0,1,0,3,0,0,11
Non-classical Monocytes|pDCs|CD14|ITGA4,cSLE,18,22,0,11,0,6,0,0,33
Non-classical Monocytes|pDCs|CD14|ITGB1,aHD,5,5,0,0,0,0,0,0,5
Non-classical Monocytes|pDCs|CD14|ITGB1,aSLE,7,7,0,0,0,0,0,0,7
Non-classical Monocytes|pDCs|CD14|ITGB1,cHD,10,10,0,1,0,0,0,0,11
Non-classical Monocytes|pDCs|CD14|ITGB1,cSLE,22,22,0,11,0,1,0,0,33
Non-classical Monocytes|pDCs|CD14|ITGB2,aHD,5,5,0,0,0,0,0,0,5
Non-classical Monocytes|pDCs|CD14|ITGB2,aSLE,7,7,0,0,0,0,0,0,7
Non-classical Monocytes|pDCs|CD14|ITGB2,cHD,10,10,0,1,0,1,0,0,11
Non-classical Monocytes|pDCs|CD14|ITGB2,cSLE,22,22,0,11,0,0,0,0,33
Non-classical Monocytes|pDCs|COPA|CD74,aHD,5,5,0,0,0,0,0,0,5
Non-classical Monocytes|pDCs|COPA|CD74,aSLE,7,7,0,0,0,0,0,0,7
Non-classical Monocytes|pDCs|COPA|CD74,cHD,10,10,0,1,0,0,0,0,11
Non-classical Monocytes|pDCs|COPA|CD74,cSLE,22,22,0,11,0,0,0,0,33
Non-classical Monocytes|pDCs|GNAI2|ADCY7,aHD,5,5,0,0,0,0,0,0,5
Non-classical Monocytes|pDCs|GNAI2|ADCY7,aSLE,6,7,0,0,0,1,0,0,7
Non-classical Monocytes|pDCs|GNAI2|ADCY7,cHD,6,10,0,1,0,4,0,0,11
Non-classical Monocytes|pDCs|GNAI2|ADCY7,cSLE,17,22,0,11,0,11,0,0,33
Non-classical Monocytes|pDCs|GNAI2|CXCR3,aHD,5,5,0,0,0,0,0,0,5
Non-classical Monocytes|pDCs|GNAI2|CXCR3,aSLE,7,7,0,0,0,0,0,0,7
Non-classical Monocytes|pDCs|GNAI2|CXCR3,cHD,10,10,0,1,0,0,0,0,11
Non-classical Monocytes|pDCs|GNAI2|CXCR3,cSLE,21,22,0,11,0,3,0,0,33
Non-classical Monocytes|pDCs|GNAS|ADCY7,aHD,5,5,0,0,0,0,0,0,5
Non-classical Monocytes|pDCs|GNAS|ADCY7,aSLE,6,7,0,0,0,1,0,0,7
Non-classical Monocytes|pDCs|GNAS|ADCY7,cHD,6,10,0,1,0,4,0,0,11
Non-classical Monocytes|pDCs|GNAS|ADCY7,cSLE,17,22,0,11,0,11,0,0,33
Non-classical Monocytes|pDCs|HBEGF|CD44,aHD,5,5,0,0,0,0,0,0,5
Non-classical Monocytes|pDCs|HBEGF|CD44,aSLE,7,7,0,0,0,0,0,0,7
Non-classical Monocytes|pDCs|HBEGF|CD44,cHD,7,10,0,1,3,0,0,0,11
Non-classical Monocytes|pDCs|HBEGF|CD44,cSLE,17,22,0,11,8,1,0,0,33
Non-classical Monocytes|pDCs|HLA-A|LILRB1,aHD,5,5,0,0,0,0,0,0,5
Non-classical Monocytes|pDCs|HLA-A|LILRB1,aSLE,7,7,0,0,0,0,0,0,7
Non-classical Monocytes|pDCs|HLA-A|LILRB1,cHD,10,10,0,1,0,0,0,0,11
Non-classical Monocytes|pDCs|HLA-A|LILRB1,cSLE,21,22,0,11,0,6,0,0,33
Non-classical Monocytes|pDCs|HLA-B|LILRB1,aHD,5,5,0,0,0,0,0,0,5
Non-classical Monocytes|pDCs|HLA-B|LILRB1,aSLE,7,7,0,0,0,0,0,0,7
Non-classical Monocytes|pDCs|HLA-B|LILRB1,cHD,10,10,0,1,0,0,0,0,11
Non-classical Monocytes|pDCs|HLA-B|LILRB1,cSLE,21,22,0,11,0,6,0,0,33
Non-classical Monocytes|pDCs|HLA-C|LILRB1,aHD,5,5,0,0,0,0,0,0,5
Non-classical Monocytes|pDCs|HLA-C|LILRB1,aSLE,7,7,0,0,0,0,0,0,7
Non-classical Monocytes|pDCs|HLA-C|LILRB1,cHD,10,10,0,1,0,0,0,0,11
Non-classical Monocytes|pDCs|HLA-C|LILRB1,cSLE,21,22,0,11,0,6,0,0,33
Non-classical Monocytes|pDCs|HLA-DMA|CD4,aHD,5,5,0,0,0,0,0,0,5
Non-classical Monocytes|pDCs|HLA-DMA|CD4,aSLE,7,7,0,0,0,0,0,0,7
Non-classical Monocytes|pDCs|HLA-DMA|CD4,cHD,10,10,0,1,0,0,0,0,11
Non-classical Monocytes|pDCs|HLA-DMA|CD4,cSLE,21,22,0,11,0,2,0,0,33
Non-classical Monocytes|pDCs|HLA-DMB|CD4,aHD,5,5,0,0,0,0,0,0,5
Non-classical Monocytes|pDCs|HLA-DMB|CD4,aSLE,7,7,0,0,0,0,0,0,7
Non-classical Monocytes|pDCs|HLA-DMB|CD4,cHD,10,10,0,1,0,0,0,0,11
Non-classical Monocytes|pDCs|HLA-DMB|CD4,cSLE,21,22,0,11,0,2,0,0,33
Non-classical Monocytes|pDCs|HLA-DPA1|CD4,aHD,5,5,0,0,0,0,0,0,5
Non-classical Monocytes|pDCs|HLA-DPA1|CD4,aSLE,7,7,0,0,0,0,0,0,7
Non-classical Monocytes|pDCs|HLA-DPA1|CD4,cHD,10,10,0,1,0,0,0,0,11
Non-classical Monocytes|pDCs|HLA-DPA1|CD4,cSLE,21,22,0,11,0,2,0,0,33
Non-classical Monocytes|pDCs|HLA-DPB1|CD4,aHD,5,5,0,0,0,0,0,0,5
Non-classical Monocytes|pDCs|HLA-DPB1|CD4,aSLE,7,7,0,0,0,0,0,0,7
Non-classical Monocytes|pDCs|HLA-DPB1|CD4,cHD,10,10,0,1,0,0,0,0,11
Non-classical Monocytes|pDCs|HLA-DPB1|CD4,cSLE,21,22,0,11,0,2,0,0,33
Non-classical Monocytes|pDCs|HLA-DQA1|CD4,aHD,5,5,0,0,0,0,0,0,5
Non-classical Monocytes|pDCs|HLA-DQA1|CD4,aSLE,7,7,0,0,0,0,0,0,7
Non-classical Monocytes|pDCs|HLA-DQA1|CD4,cHD,10,10,0,1,0,0,0,0,11
Non-classical Monocytes|pDCs|HLA-DQA1|CD4,cSLE,20,22,0,11,1,2,0,0,33
Non-classical Monocytes|pDCs|HLA-DQB1|CD4,aHD,5,5,0,0,0,0,0,0,5
Non-classical Monocytes|pDCs|HLA-DQB1|CD4,aSLE,7,7,0,0,0,0,0,0,7
Non-classical Monocytes|pDCs|HLA-DQB1|CD4,cHD,10,10,0,1,0,0,0,0,11
Non-classical Monocytes|pDCs|HLA-DQB1|CD4,cSLE,21,22,0,11,0,2,0,0,33
Non-classical Monocytes|pDCs|HLA-DRA|CD4,aHD,5,5,0,0,0,0,0,0,5
Non-classical Monocytes|pDCs|HLA-DRA|CD4,aSLE,7,7,0,0,0,0,0,0,7
Non-classical Monocytes|pDCs|HLA-DRA|CD4,cHD,10,10,0,1,0,0,0,0,11
Non-classical Monocytes|pDCs|HLA-DRA|CD4,cSLE,21,22,0,11,0,2,0,0,33
Non-classical Monocytes|pDCs|HLA-DRB1|CD4,aHD,5,5,0,0,0,0,0,0,5
Non-classical Monocytes|pDCs|HLA-DRB1|CD4,aSLE,7,7,0,0,0,0,0,0,7
Non-classical Monocytes|pDCs|HLA-DRB1|CD4,cHD,10,10,0,1,0,0,0,0,11
Non-classical Monocytes|pDCs|HLA-DRB1|CD4,cSLE,21,22,0,11,0,2,0,0,33
Non-classical Monocytes|pDCs|HLA-DRB5|CD4,aHD,5,5,0,0,0,0,0,0,5
Non-classical Monocytes|pDCs|HLA-DRB5|CD4,aSLE,7,7,0,0,0,0,0,0,7
Non-classical Monocytes|pDCs|HLA-DRB5|CD4,cHD,8,10,0,1,2,0,0,0,11
Non-classical Monocytes|pDCs|HLA-DRB5|CD4,cSLE,17,22,0,11,4,2,0,0,33
Non-classical Monocytes|pDCs|HLA-F|LILRB1,aHD,5,5,0,0,0,0,0,0,5
Non-classical Monocytes|pDCs|HLA-F|LILRB1,aSLE,7,7,0,0,0,0,0,0,7
Non-classical Monocytes|pDCs|HLA-F|LILRB1,cHD,10,10,0,1,0,0,0,0,11
Non-classical Monocytes|pDCs|HLA-F|LILRB1,cSLE,21,22,0,11,0,6,0,0,33
Non-classical Monocytes|pDCs|HMGB1|CXCR4,aHD,5,5,0,0,0,0,0,0,5
Non-classical Monocytes|pDCs|HMGB1|CXCR4,aSLE,7,7,0,0,0,0,0,0,7
Non-classical Monocytes|pDCs|HMGB1|CXCR4,cHD,10,10,0,1,0,0,0,0,11
Non-classical Monocytes|pDCs|HMGB1|CXCR4,cSLE,22,22,0,11,0,0,0,0,33
Non-classical Monocytes|pDCs|ICAM1|IL2RG,aHD,5,5,0,0,0,0,0,0,5
Non-classical Monocytes|pDCs|ICAM1|IL2RG,aSLE,7,7,0,0,0,0,0,0,7
Non-classical Monocytes|pDCs|ICAM1|IL2RG,cHD,8,10,0,1,2,0,0,0,11
Non-classical Monocytes|pDCs|ICAM1|IL2RG,cSLE,17,22,0,11,7,1,0,0,33
Non-classical Monocytes|pDCs|ICAM1|SPN,aHD,5,5,0,0,0,0,0,0,5
Non-classical Monocytes|pDCs|ICAM1|SPN,aSLE,7,7,0,0,0,0,0,0,7
Non-classical Monocytes|pDCs|ICAM1|SPN,cHD,8,10,0,1,2,0,0,0,11
Non-classical Monocytes|pDCs|ICAM1|SPN,cSLE,17,22,0,11,7,1,0,0,33
Non-classical Monocytes|pDCs|IL16|CD4,aHD,5,5,0,0,0,0,0,0,5
Non-classical Monocytes|pDCs|IL16|CD4,aSLE,7,7,0,0,0,0,0,0,7
Non-classical Monocytes|pDCs|IL16|CD4,cHD,10,10,0,1,0,0,0,0,11
Non-classical Monocytes|pDCs|IL16|CD4,cSLE,20,22,0,11,3,2,0,0,33
Non-classical Monocytes|pDCs|LGALS1|CD69,aHD,5,5,0,0,0,0,0,0,5
Non-classical Monocytes|pDCs|LGALS1|CD69,aSLE,7,7,0,0,0,0,0,0,7
Non-classical Monocytes|pDCs|LGALS1|CD69,cHD,10,10,0,1,0,0,0,0,11
Non-classical Monocytes|pDCs|LGALS1|CD69,cSLE,22,22,0,11,0,0,0,0,33
Non-classical Monocytes|pDCs|LGALS1|ITGB1,aHD,5,5,0,0,0,0,0,0,5
Non-classical Monocytes|pDCs|LGALS1|ITGB1,aSLE,7,7,0,0,0,0,0,0,7
Non-classical Monocytes|pDCs|LGALS1|ITGB1,cHD,10,10,0,1,0,0,0,0,11
Non-classical Monocytes|pDCs|LGALS1|ITGB1,cSLE,22,22,0,11,0,1,0,0,33
Non-classical Monocytes|pDCs|LGALS1|PTPRC,aHD,5,5,0,0,0,0,0,0,5
Non-classical Monocytes|pDCs|LGALS1|PTPRC,aSLE,7,7,0,0,0,0,0,0,7
Non-classical Monocytes|pDCs|LGALS1|PTPRC,cHD,10,10,0,1,0,0,0,0,11
Non-classical Monocytes|pDCs|LGALS1|PTPRC,cSLE,22,22,0,11,0,0,0,0,33
Non-classical Monocytes|pDCs|LGALS9|CD44,aHD,5,5,0,0,0,0,0,0,5
Non-classical Monocytes|pDCs|LGALS9|CD44,aSLE,7,7,0,0,0,0,0,0,7
Non-classical Monocytes|pDCs|LGALS9|CD44,cHD,10,10,0,1,0,0,0,0,11
Non-classical Monocytes|pDCs|LGALS9|CD44,cSLE,22,22,0,11,0,1,0,0,33
Non-classical Monocytes|pDCs|LGALS9|CD47,aHD,5,5,0,0,0,0,0,0,5
Non-classical Monocytes|pDCs|LGALS9|CD47,aSLE,7,7,0,0,0,0,0,0,7
Non-classical Monocytes|pDCs|LGALS9|CD47,cHD,10,10,0,1,0,0,0,0,11
Non-classical Monocytes|pDCs|LGALS9|CD47,cSLE,22,22,0,11,0,1,0,0,33
Non-classical Monocytes|pDCs|LGALS9|PTPRC,aHD,5,5,0,0,0,0,0,0,5
Non-classical Monocytes|pDCs|LGALS9|PTPRC,aSLE,7,7,0,0,0,0,0,0,7
Non-classical Monocytes|pDCs|LGALS9|PTPRC,cHD,10,10,0,1,0,0,0,0,11
Non-classical Monocytes|pDCs|LGALS9|PTPRC,cSLE,22,22,0,11,0,0,0,0,33
Non-classical Monocytes|pDCs|LGALS9|SLC1A5,aHD,5,5,0,0,0,0,0,0,5
Non-classical Monocytes|pDCs|LGALS9|SLC1A5,aSLE,6,7,0,0,0,1,0,0,7
Non-classical Monocytes|pDCs|LGALS9|SLC1A5,cHD,10,10,0,1,0,0,0,0,11
Non-classical Monocytes|pDCs|LGALS9|SLC1A5,cSLE,18,22,0,11,0,6,0,0,33
Non-classical Monocytes|pDCs|LILRB4|LAIR1,aHD,5,5,0,0,0,0,0,0,5
Non-classical Monocytes|pDCs|LILRB4|LAIR1,aSLE,7,7,0,0,0,0,0,0,7
Non-classical Monocytes|pDCs|LILRB4|LAIR1,cHD,10,10,0,1,0,0,0,0,11
Non-classical Monocytes|pDCs|LILRB4|LAIR1,cSLE,21,22,0,11,0,2,0,0,33
Non-classical Monocytes|pDCs|LRPAP1|SORL1,aHD,5,5,0,0,0,0,0,0,5
Non-classical Monocytes|pDCs|LRPAP1|SORL1,aSLE,6,7,0,0,0,1,0,0,7
Non-classical Monocytes|pDCs|LRPAP1|SORL1,cHD,9,10,0,1,0,1,0,0,11
Non-classical Monocytes|pDCs|LRPAP1|SORL1,cSLE,19,22,0,11,0,4,0,0,33
Non-classical Monocytes|pDCs|MIF|CD44_CD74,aHD,5,5,0,0,0,0,0,0,5
Non-classical Monocytes|pDCs|MIF|CD44_CD74,aSLE,7,7,0,0,0,0,0,0,7
Non-classical Monocytes|pDCs|MIF|CD44_CD74,cHD,10,10,0,1,0,0,0,0,11
Non-classical Monocytes|pDCs|MIF|CD44_CD74,cSLE,22,22,0,11,0,1,0,0,33
Non-classical Monocytes|pDCs|MIF|CD74_CXCR4,aHD,5,5,0,0,0,0,0,0,5
Non-classical Monocytes|pDCs|MIF|CD74_CXCR4,aSLE,7,7,0,0,0,0,0,0,7
Non-classical Monocytes|pDCs|MIF|CD74_CXCR4,cHD,10,10,0,1,0,0,0,0,11
Non-classical Monocytes|pDCs|MIF|CD74_CXCR4,cSLE,22,22,0,11,0,0,0,0,33
Non-classical Monocytes|pDCs|MIF|TNFRSF14,aHD,5,5,0,0,0,0,0,0,5
Non-classical Monocytes|pDCs|MIF|TNFRSF14,aSLE,7,7,0,0,0,0,0,0,7
Non-classical Monocytes|pDCs|MIF|TNFRSF14,cHD,10,10,0,1,0,0,0,0,11
Non-classical Monocytes|pDCs|MIF|TNFRSF14,cSLE,22,22,0,11,0,0,0,0,33
Non-classical Monocytes|pDCs|PKM|CD44,aHD,5,5,0,0,0,0,0,0,5
Non-classical Monocytes|pDCs|PKM|CD44,aSLE,7,7,0,0,0,0,0,0,7
Non-classical Monocytes|pDCs|PKM|CD44,cHD,10,10,0,1,0,0,0,0,11
Non-classical Monocytes|pDCs|PKM|CD44,cSLE,22,22,0,11,0,1,0,0,33
Non-classical Monocytes|pDCs|PSEN1|CD44,aHD,5,5,0,0,0,0,0,0,5
Non-classical Monocytes|pDCs|PSEN1|CD44,aSLE,7,7,0,0,0,0,0,0,7
Non-classical Monocytes|pDCs|PSEN1|CD44,cHD,10,10,0,1,0,0,0,0,11
Non-classical Monocytes|pDCs|PSEN1|CD44,cSLE,22,22,0,11,0,1,0,0,33
Non-classical Monocytes|pDCs|PSEN1|NOTCH4,aHD,5,5,0,0,0,0,0,0,5
Non-classical Monocytes|pDCs|PSEN1|NOTCH4,aSLE,6,7,0,0,0,1,0,0,7
Non-classical Monocytes|pDCs|PSEN1|NOTCH4,cHD,8,10,0,1,0,2,0,0,11
Non-classical Monocytes|pDCs|PSEN1|NOTCH4,cSLE,20,22,0,11,0,5,0,0,33
Non-classical Monocytes|pDCs|S100A12|CD36,aHD,5,5,0,0,0,0,0,0,5
Non-classical Monocytes|pDCs|S100A12|CD36,aSLE,7,7,0,0,0,0,0,0,7
Non-classical Monocytes|pDCs|S100A12|CD36,cHD,8,10,0,1,1,2,0,0,11
Non-classical Monocytes|pDCs|S100A12|CD36,cSLE,21,22,0,11,1,2,0,0,33
Non-classical Monocytes|pDCs|S100A8|CD36,aHD,5,5,0,0,0,0,0,0,5
Non-classical Monocytes|pDCs|S100A8|CD36,aSLE,7,7,0,0,0,0,0,0,7
Non-classical Monocytes|pDCs|S100A8|CD36,cHD,9,10,0,1,0,2,0,0,11
Non-classical Monocytes|pDCs|S100A8|CD36,cSLE,22,22,0,11,0,2,0,0,33
Non-classical Monocytes|pDCs|S100A8|CD68,aHD,5,5,0,0,0,0,0,0,5
Non-classical Monocytes|pDCs|S100A8|CD68,aSLE,7,7,0,0,0,0,0,0,7
Non-classical Monocytes|pDCs|S100A8|CD68,cHD,10,10,0,1,0,0,0,0,11
Non-classical Monocytes|pDCs|S100A8|CD68,cSLE,22,22,0,11,0,2,0,0,33
Non-classical Monocytes|pDCs|S100A8|CD69,aHD,5,5,0,0,0,0,0,0,5
Non-classical Monocytes|pDCs|S100A8|CD69,aSLE,7,7,0,0,0,0,0,0,7
Non-classical Monocytes|pDCs|S100A8|CD69,cHD,10,10,0,1,0,0,0,0,11
Non-classical Monocytes|pDCs|S100A8|CD69,cSLE,22,22,0,11,0,0,0,0,33
Non-classical Monocytes|pDCs|S100A8|ITGB2,aHD,5,5,0,0,0,0,0,0,5
Non-classical Monocytes|pDCs|S100A8|ITGB2,aSLE,7,7,0,0,0,0,0,0,7
Non-classical Monocytes|pDCs|S100A8|ITGB2,cHD,10,10,0,1,0,1,0,0,11
Non-classical Monocytes|pDCs|S100A8|ITGB2,cSLE,22,22,0,11,0,0,0,0,33
Non-classical Monocytes|pDCs|S100A9|CD36,aHD,5,5,0,0,0,0,0,0,5
Non-classical Monocytes|pDCs|S100A9|CD36,aSLE,7,7,0,0,0,0,0,0,7
Non-classical Monocytes|pDCs|S100A9|CD36,cHD,9,10,0,1,0,2,0,0,11
Non-classical Monocytes|pDCs|S100A9|CD36,cSLE,22,22,0,11,0,2,0,0,33
Non-classical Monocytes|pDCs|S100A9|CD68,aHD,5,5,0,0,0,0,0,0,5
Non-classical Monocytes|pDCs|S100A9|CD68,aSLE,7,7,0,0,0,0,0,0,7
Non-classical Monocytes|pDCs|S100A9|CD68,cHD,10,10,0,1,0,0,0,0,11
Non-classical Monocytes|pDCs|S100A9|CD68,cSLE,22,22,0,11,0,2,0,0,33
Non-classical Monocytes|pDCs|S100A9|ITGB2,aHD,5,5,0,0,0,0,0,0,5
Non-classical Monocytes|pDCs|S100A9|ITGB2,aSLE,7,7,0,0,0,0,0,0,7
Non-classical Monocytes|pDCs|S100A9|ITGB2,cHD,10,10,0,1,0,1,0,0,11
Non-classical Monocytes|pDCs|S100A9|ITGB2,cSLE,22,22,0,11,0,0,0,0,33
Non-classical Monocytes|pDCs|SECTM1|CD7,aHD,5,5,0,0,0,0,0,0,5
Non-classical Monocytes|pDCs|SECTM1|CD7,aSLE,7,7,0,0,0,0,0,0,7
Non-classical Monocytes|pDCs|SECTM1|CD7,cHD,10,10,0,1,0,0,0,0,11
Non-classical Monocytes|pDCs|SECTM1|CD7,cSLE,19,22,0,11,0,6,0,0,33
Non-classical Monocytes|pDCs|SELPLG|ITGB2,aHD,5,5,0,0,0,0,0,0,5
Non-classical Monocytes|pDCs|SELPLG|ITGB2,aSLE,7,7,0,0,0,0,0,0,7
Non-classical Monocytes|pDCs|SELPLG|ITGB2,cHD,10,10,0,1,0,1,0,0,11
Non-classical Monocytes|pDCs|SELPLG|ITGB2,cSLE,22,22,0,11,0,0,0,0,33
Non-classical Monocytes|pDCs|SELPLG|SELL,aHD,5,5,0,0,0,0,0,0,5
Non-classical Monocytes|pDCs|SELPLG|SELL,aSLE,7,7,0,0,0,0,0,0,7
Non-classical Monocytes|pDCs|SELPLG|SELL,cHD,10,10,0,1,0,0,0,0,11
Non-classical Monocytes|pDCs|SELPLG|SELL,cSLE,22,22,0,11,0,0,0,0,33
Non-classical Monocytes|pDCs|TGFB1|CXCR4,aHD,5,5,0,0,0,0,0,0,5
Non-classical Monocytes|pDCs|TGFB1|CXCR4,aSLE,7,7,0,0,0,0,0,0,7
Non-classical Monocytes|pDCs|TGFB1|CXCR4,cHD,10,10,0,1,0,0,0,0,11
Non-classical Monocytes|pDCs|TGFB1|CXCR4,cSLE,22,22,0,11,0,0,0,0,33
Non-classical Monocytes|pDCs|TGFB1|ITGB1,aHD,5,5,0,0,0,0,0,0,5
Non-classical Monocytes|pDCs|TGFB1|ITGB1,aSLE,7,7,0,0,0,0,0,0,7
Non-classical Monocytes|pDCs|TGFB1|ITGB1,cHD,10,10,0,1,0,0,0,0,11
Non-classical Monocytes|pDCs|TGFB1|ITGB1,cSLE,22,22,0,11,0,1,0,0,33
Non-classical Monocytes|pDCs|TIMP1|CD63,aHD,5,5,0,0,0,0,0,0,5
Non-classical Monocytes|pDCs|TIMP1|CD63,aSLE,7,7,0,0,0,0,0,0,7
Non-classical Monocytes|pDCs|TIMP1|CD63,cHD,10,10,0,1,0,0,0,0,11
Non-classical Monocytes|pDCs|TIMP1|CD63,cSLE,22,22,0,11,0,0,0,0,33
Non-classical Monocytes|pDCs|TIMP2|CD44,aHD,5,5,0,0,0,0,0,0,5
Non-classical Monocytes|pDCs|TIMP2|CD44,aSLE,7,7,0,0,0,0,0,0,7
Non-classical Monocytes|pDCs|TIMP2|CD44,cHD,10,10,0,1,0,0,0,0,11
Non-classical Monocytes|pDCs|TIMP2|CD44,cSLE,22,22,0,11,0,1,0,0,33
Non-classical Monocytes|pDCs|TIMP2|ITGB1,aHD,5,5,0,0,0,0,0,0,5
Non-classical Monocytes|pDCs|TIMP2|ITGB1,aSLE,7,7,0,0,0,0,0,0,7
Non-classical Monocytes|pDCs|TIMP2|ITGB1,cHD,10,10,0,1,0,0,0,0,11
Non-classical Monocytes|pDCs|TIMP2|ITGB1,cSLE,22,22,0,11,0,1,0,0,33
Non-classical Monocytes|pDCs|TNFSF13B|HLA-DPB1,aHD,5,5,0,0,0,0,0,0,5
Non-classical Monocytes|pDCs|TNFSF13B|HLA-DPB1,aSLE,7,7,0,0,0,0,0,0,7
Non-classical Monocytes|pDCs|TNFSF13B|HLA-DPB1,cHD,10,10,0,1,0,0,0,0,11
Non-classical Monocytes|pDCs|TNFSF13B|HLA-DPB1,cSLE,22,22,0,11,0,0,0,0,33
Non-classical Monocytes|pDCs|TNFSF13B|TFRC,aHD,5,5,0,0,0,0,0,0,5
Non-classical Monocytes|pDCs|TNFSF13B|TFRC,aSLE,7,7,0,0,0,0,0,0,7
Non-classical Monocytes|pDCs|TNFSF13B|TFRC,cHD,8,10,0,1,0,2,0,0,11
Non-classical Monocytes|pDCs|TNFSF13B|TFRC,cSLE,18,22,0,11,0,5,0,0,33
Non-classical Monocytes|pDCs|VCAN|CD44,aHD,5,5,0,0,0,0,0,0,5
Non-classical Monocytes|pDCs|VCAN|CD44,aSLE,7,7,0,0,0,0,0,0,7
Non-classical Monocytes|pDCs|VCAN|CD44,cHD,9,10,0,1,1,0,0,0,11
Non-classical Monocytes|pDCs|VCAN|CD44,cSLE,22,22,0,11,0,1,0,0,33
Non-classical Monocytes|pDCs|VCAN|ITGA4,aHD,5,5,0,0,0,0,0,0,5
Non-classical Monocytes|pDCs|VCAN|ITGA4,aSLE,7,7,0,0,0,0,0,0,7
Non-classical Monocytes|pDCs|VCAN|ITGA4,cHD,7,10,0,1,1,3,0,0,11
Non-classical Monocytes|pDCs|VCAN|ITGA4,cSLE,18,22,0,11,0,6,0,0,33
Non-classical Monocytes|pDCs|VCAN|ITGB1,aHD,5,5,0,0,0,0,0,0,5
Non-classical Monocytes|pDCs|VCAN|ITGB1,aSLE,7,7,0,0,0,0,0,0,7
Non-classical Monocytes|pDCs|VCAN|ITGB1,cHD,9,10,0,1,1,0,0,0,11
Non-classical Monocytes|pDCs|VCAN|ITGB1,cSLE,22,22,0,11,0,1,0,0,33
Non-classical Monocytes|pDCs|VCAN|SELL,aHD,5,5,0,0,0,0,0,0,5
Non-classical Monocytes|pDCs|VCAN|SELL,aSLE,7,7,0,0,0,0,0,0,7
Non-classical Monocytes|pDCs|VCAN|SELL,cHD,9,10,0,1,1,0,0,0,11
Non-classical Monocytes|pDCs|VCAN|SELL,cSLE,22,22,0,11,0,0,0,0,33
Non-classical Monocytes|pDCs|VIM|CD44,aHD,5,5,0,0,0,0,0,0,5
Non-classical Monocytes|pDCs|VIM|CD44,aSLE,7,7,0,0,0,0,0,0,7
Non-classical Monocytes|pDCs|VIM|CD44,cHD,10,10,0,1,0,0,0,0,11
Non-classical Monocytes|pDCs|VIM|CD44,cSLE,22,22,0,11,0,1,0,0,33
pDCs|B Cells|APP|CD74,aHD,5,5,0,0,0,0,0,0,5
pDCs|B Cells|APP|CD74,aSLE,7,7,0,0,0,0,0,0,7
pDCs|B Cells|APP|CD74,cHD,10,10,1,0,0,0,0,0,11
pDCs|B Cells|APP|CD74,cSLE,22,22,11,0,1,0,0,0,33
pDCs|B Cells|APP|LRP10,aHD,5,5,0,0,0,0,0,0,5
pDCs|B Cells|APP|LRP10,aSLE,7,7,0,0,0,0,0,0,7
pDCs|B Cells|APP|LRP10,cHD,10,10,1,0,0,0,0,0,11
pDCs|B Cells|APP|LRP10,cSLE,22,22,11,0,1,0,0,0,33
pDCs|B Cells|CD99|CD81,aHD,5,5,0,0,0,0,0,0,5
pDCs|B Cells|CD99|CD81,aSLE,6,7,0,0,0,1,0,0,7
pDCs|B Cells|CD99|CD81,cHD,10,10,1,0,0,0,0,0,11
pDCs|B Cells|CD99|CD81,cSLE,18,22,11,0,0,4,0,0,33
pDCs|B Cells|COPA|CD74,aHD,5,5,0,0,0,0,0,0,5
pDCs|B Cells|COPA|CD74,aSLE,7,7,0,0,0,0,0,0,7
pDCs|B Cells|COPA|CD74,cHD,10,10,1,0,0,0,0,0,11
pDCs|B Cells|COPA|CD74,cSLE,21,22,11,0,4,0,0,0,33
pDCs|B Cells|GNAI2|S1PR4,aHD,5,5,0,0,0,0,0,0,5
pDCs|B Cells|GNAI2|S1PR4,aSLE,7,7,0,0,0,0,0,0,7
pDCs|B Cells|GNAI2|S1PR4,cHD,10,10,1,0,0,0,0,0,11
pDCs|B Cells|GNAI2|S1PR4,cSLE,19,22,11,0,0,4,0,0,33
pDCs|B Cells|HLA-A|APLP2,aHD,5,5,0,0,0,0,0,0,5
pDCs|B Cells|HLA-A|APLP2,aSLE,5,7,0,0,0,2,0,0,7
pDCs|B Cells|HLA-A|APLP2,cHD,10,10,1,0,0,0,0,0,11
pDCs|B Cells|HLA-A|APLP2,cSLE,21,22,11,0,0,3,0,0,33
pDCs|B Cells|HMGB1|CXCR4,aHD,5,5,0,0,0,0,0,0,5
pDCs|B Cells|HMGB1|CXCR4,aSLE,7,7,0,0,0,0,0,0,7
pDCs|B Cells|HMGB1|CXCR4,cHD,10,10,1,0,0,0,0,0,11
pDCs|B Cells|HMGB1|CXCR4,cSLE,22,22,11,0,0,0,0,0,33
pDCs|B Cells|LGALS1|CD69,aHD,5,5,0,0,0,0,0,0,5
pDCs|B Cells|LGALS1|CD69,aSLE,7,7,0,0,0,0,0,0,7
pDCs|B Cells|LGALS1|CD69,cHD,10,10,1,0,0,0,0,0,11
pDCs|B Cells|LGALS1|CD69,cSLE,22,22,11,0,0,0,0,0,33
pDCs|B Cells|LGALS1|ITGB1,aHD,5,5,0,0,0,0,0,0,5
pDCs|B Cells|LGALS1|ITGB1,aSLE,7,7,0,0,0,0,0,0,7
pDCs|B Cells|LGALS1|ITGB1,cHD,8,10,1,0,0,3,0,0,11
pDCs|B Cells|LGALS1|ITGB1,cSLE,16,22,11,0,0,8,0,0,33
pDCs|B Cells|LGALS1|PTPRC,aHD,5,5,0,0,0,0,0,0,5
pDCs|B Cells|LGALS1|PTPRC,aSLE,7,7,0,0,0,0,0,0,7
pDCs|B Cells|LGALS1|PTPRC,cHD,10,10,1,0,0,0,0,0,11
pDCs|B Cells|LGALS1|PTPRC,cSLE,22,22,11,0,0,0,0,0,33
pDCs|B Cells|LGALS9|CD44,aHD,5,5,0,0,0,0,0,0,5
pDCs|B Cells|LGALS9|CD44,aSLE,7,7,0,0,0,0,0,0,7
pDCs|B Cells|LGALS9|CD44,cHD,10,10,1,0,0,0,0,0,11
pDCs|B Cells|LGALS9|CD44,cSLE,21,22,11,0,2,0,0,0,33
pDCs|B Cells|LGALS9|CD47,aHD,5,5,0,0,0,0,0,0,5
pDCs|B Cells|LGALS9|CD47,aSLE,7,7,0,0,0,0,0,0,7
pDCs|B Cells|LGALS9|CD47,cHD,10,10,1,0,0,0,0,0,11
pDCs|B Cells|LGALS9|CD47,cSLE,21,22,11,0,2,0,0,0,33
pDCs|B Cells|LGALS9|PTPRC,aHD,5,5,0,0,0,0,0,0,5
pDCs|B Cells|LGALS9|PTPRC,aSLE,7,7,0,0,0,0,0,0,7
pDCs|B Cells|LGALS9|PTPRC,cHD,10,10,1,0,0,0,0,0,11
pDCs|B Cells|LGALS9|PTPRC,cSLE,21,22,11,0,2,0,0,0,33
pDCs|B Cells|LTB|CD40,aHD,5,5,0,0,0,0,0,0,5
pDCs|B Cells|LTB|CD40,aSLE,7,7,0,0,0,0,0,0,7
pDCs|B Cells|LTB|CD40,cHD,10,10,1,0,0,0,0,0,11
pDCs|B Cells|LTB|CD40,cSLE,22,22,11,0,1,0,0,0,33
pDCs|B Cells|MIF|CD44_CD74,aHD,5,5,0,0,0,0,0,0,5
pDCs|B Cells|MIF|CD44_CD74,aSLE,7,7,0,0,0,0,0,0,7
pDCs|B Cells|MIF|CD44_CD74,cHD,10,10,1,0,0,0,0,0,11
pDCs|B Cells|MIF|CD44_CD74,cSLE,22,22,11,0,0,0,0,0,33
pDCs|B Cells|MIF|CD74_CXCR4,aHD,5,5,0,0,0,0,0,0,5
pDCs|B Cells|MIF|CD74_CXCR4,aSLE,7,7,0,0,0,0,0,0,7
pDCs|B Cells|MIF|CD74_CXCR4,cHD,10,10,1,0,0,0,0,0,11
pDCs|B Cells|MIF|CD74_CXCR4,cSLE,22,22,11,0,0,0,0,0,33
pDCs|B Cells|MIF|TNFRSF14,aHD,5,5,0,0,0,0,0,0,5
pDCs|B Cells|MIF|TNFRSF14,aSLE,7,7,0,0,0,0,0,0,7
pDCs|B Cells|MIF|TNFRSF14,cHD,10,10,1,0,0,0,0,0,11
pDCs|B Cells|MIF|TNFRSF14,cSLE,22,22,11,0,0,0,0,0,33
pDCs|B Cells|PKM|CD44,aHD,5,5,0,0,0,0,0,0,5
pDCs|B Cells|PKM|CD44,aSLE,7,7,0,0,0,0,0,0,7
pDCs|B Cells|PKM|CD44,cHD,10,10,1,0,0,0,0,0,11
pDCs|B Cells|PKM|CD44,cSLE,22,22,11,0,0,0,0,0,33
pDCs|B Cells|S100A8|CD69,aHD,5,5,0,0,0,0,0,0,5
pDCs|B Cells|S100A8|CD69,aSLE,6,7,0,0,1,0,0,0,7
pDCs|B Cells|S100A8|CD69,cHD,9,10,1,0,2,0,0,0,11
pDCs|B Cells|S100A8|CD69,cSLE,22,22,11,0,0,0,0,0,33
pDCs|B Cells|S100A8|ITGB2,aHD,5,5,0,0,0,0,0,0,5
pDCs|B Cells|S100A8|ITGB2,aSLE,6,7,0,0,1,0,0,0,7
pDCs|B Cells|S100A8|ITGB2,cHD,9,10,1,0,2,0,0,0,11
pDCs|B Cells|S100A8|ITGB2,cSLE,22,22,11,0,0,0,0,0,33
pDCs|B Cells|S100A9|ITGB2,aHD,5,5,0,0,0,0,0,0,5
pDCs|B Cells|S100A9|ITGB2,aSLE,7,7,0,0,0,0,0,0,7
pDCs|B Cells|S100A9|ITGB2,cHD,6,10,1,0,4,0,0,0,11
pDCs|B Cells|S100A9|ITGB2,cSLE,22,22,11,0,0,0,0,0,33
pDCs|B Cells|SELPLG|ITGB2,aHD,5,5,0,0,0,0,0,0,5
pDCs|B Cells|SELPLG|ITGB2,aSLE,7,7,0,0,0,0,0,0,7
pDCs|B Cells|SELPLG|ITGB2,cHD,10,10,1,0,0,0,0,0,11
pDCs|B Cells|SELPLG|ITGB2,cSLE,22,22,11,0,1,0,0,0,33
pDCs|B Cells|SELPLG|SELL,aHD,5,5,0,0,0,0,0,0,5
pDCs|B Cells|SELPLG|SELL,aSLE,7,7,0,0,0,0,0,0,7
pDCs|B Cells|SELPLG|SELL,cHD,10,10,1,0,0,0,0,0,11
pDCs|B Cells|SELPLG|SELL,cSLE,22,22,11,0,1,0,0,0,33
pDCs|B Cells|SEMA4D|CD72,aHD,5,5,0,0,0,0,0,0,5
pDCs|B Cells|SEMA4D|CD72,aSLE,6,7,0,0,0,1,0,0,7
pDCs|B Cells|SEMA4D|CD72,cHD,7,10,1,0,4,0,0,0,11
pDCs|B Cells|SEMA4D|CD72,cSLE,18,22,11,0,7,0,0,0,33
pDCs|B Cells|TGFB1|CXCR4,aHD,5,5,0,0,0,0,0,0,5
pDCs|B Cells|TGFB1|CXCR4,aSLE,5,7,0,0,2,0,0,0,7
pDCs|B Cells|TGFB1|CXCR4,cHD,10,10,1,0,0,0,0,0,11
pDCs|B Cells|TGFB1|CXCR4,cSLE,22,22,11,0,0,0,0,0,33
pDCs|B Cells|TGFB1|ITGB1,aHD,5,5,0,0,0,0,0,0,5
pDCs|B Cells|TGFB1|ITGB1,aSLE,5,7,0,0,2,0,0,0,7
pDCs|B Cells|TGFB1|ITGB1,cHD,8,10,1,0,0,3,0,0,11
pDCs|B Cells|TGFB1|ITGB1,cSLE,16,22,11,0,0,8,0,0,33
pDCs|B Cells|TNFSF13B|CD40,aHD,5,5,0,0,0,0,0,0,5
pDCs|B Cells|TNFSF13B|CD40,aSLE,7,7,0,0,0,0,0,0,7
pDCs|B Cells|TNFSF13B|CD40,cHD,10,10,1,0,0,0,0,0,11
pDCs|B Cells|TNFSF13B|CD40,cSLE,21,22,11,0,3,0,0,0,33
pDCs|B Cells|TNFSF13B|HLA-DPB1,aHD,5,5,0,0,0,0,0,0,5
pDCs|B Cells|TNFSF13B|HLA-DPB1,aSLE,7,7,0,0,0,0,0,0,7
pDCs|B Cells|TNFSF13B|HLA-DPB1,cHD,10,10,1,0,0,0,0,0,11
pDCs|B Cells|TNFSF13B|HLA-DPB1,cSLE,21,22,11,0,3,0,0,0,33
pDCs|B Cells|TNFSF13B|TNFRSF13C,aHD,5,5,0,0,0,0,0,0,5
pDCs|B Cells|TNFSF13B|TNFRSF13C,aSLE,6,7,0,0,0,1,0,0,7
pDCs|B Cells|TNFSF13B|TNFRSF13C,cHD,10,10,1,0,0,0,0,0,11
pDCs|B Cells|TNFSF13B|TNFRSF13C,cSLE,20,22,11,0,3,4,0,0,33
pDCs|B Cells|VIM|CD44,aHD,5,5,0,0,0,0,0,0,5
pDCs|B Cells|VIM|CD44,aSLE,7,7,0,0,0,0,0,0,7
pDCs|B Cells|VIM|CD44,cHD,10,10,1,0,0,0,0,0,11
pDCs|B Cells|VIM|CD44,cSLE,22,22,11,0,0,0,0,0,33
pDCs|CD4 T Cells|APP|CD74,aHD,5,5,0,0,0,0,0,0,5
pDCs|CD4 T Cells|APP|CD74,aSLE,7,7,0,0,0,0,0,0,7
pDCs|CD4 T Cells|APP|CD74,cHD,10,10,1,0,0,0,0,0,11
pDCs|CD4 T Cells|APP|CD74,cSLE,22,22,11,0,1,0,0,0,33
pDCs|CD4 T Cells|APP|LRP10,aHD,5,5,0,0,0,0,0,0,5
pDCs|CD4 T Cells|APP|LRP10,aSLE,7,7,0,0,0,0,0,0,7
pDCs|CD4 T Cells|APP|LRP10,cHD,10,10,1,0,0,0,0,0,11
pDCs|CD4 T Cells|APP|LRP10,cSLE,22,22,11,0,1,0,0,0,33
pDCs|CD4 T Cells|ARF6|SMAP1,aHD,5,5,0,0,0,0,0,0,5
pDCs|CD4 T Cells|ARF6|SMAP1,aSLE,7,7,0,0,0,0,0,0,7
pDCs|CD4 T Cells|ARF6|SMAP1,cHD,10,10,1,0,0,0,0,0,11
pDCs|CD4 T Cells|ARF6|SMAP1,cSLE,21,22,11,0,0,2,0,0,33
pDCs|CD4 T Cells|CALM1|PTPRA,aHD,5,5,0,0,0,0,0,0,5
pDCs|CD4 T Cells|CALM1|PTPRA,aSLE,7,7,0,0,0,0,0,0,7
pDCs|CD4 T Cells|CALM1|PTPRA,cHD,10,10,1,0,0,0,0,0,11
pDCs|CD4 T Cells|CALM1|PTPRA,cSLE,19,22,11,0,0,3,0,0,33
pDCs|CD4 T Cells|CD47|SIRPG,aHD,5,5,0,0,0,0,0,0,5
pDCs|CD4 T Cells|CD47|SIRPG,aSLE,7,7,0,0,0,0,0,0,7
pDCs|CD4 T Cells|CD47|SIRPG,cHD,10,10,1,0,0,0,0,0,11
pDCs|CD4 T Cells|CD47|SIRPG,cSLE,20,22,11,0,1,2,0,0,33
pDCs|CD4 T Cells|CD48|CD2,aHD,5,5,0,0,0,0,0,0,5
pDCs|CD4 T Cells|CD48|CD2,aSLE,6,7,0,0,1,0,0,0,7
pDCs|CD4 T Cells|CD48|CD2,cHD,10,10,1,0,0,0,0,0,11
pDCs|CD4 T Cells|CD48|CD2,cSLE,22,22,11,0,1,0,0,0,33
pDCs|CD4 T Cells|COPA|CD74,aHD,5,5,0,0,0,0,0,0,5
pDCs|CD4 T Cells|COPA|CD74,aSLE,7,7,0,0,0,0,0,0,7
pDCs|CD4 T Cells|COPA|CD74,cHD,10,10,1,0,0,0,0,0,11
pDCs|CD4 T Cells|COPA|CD74,cSLE,21,22,11,0,4,0,0,0,33
pDCs|CD4 T Cells|GNAI2|S1PR4,aHD,5,5,0,0,0,0,0,0,5
pDCs|CD4 T Cells|GNAI2|S1PR4,aSLE,7,7,0,0,0,0,0,0,7
pDCs|CD4 T Cells|GNAI2|S1PR4,cHD,10,10,1,0,0,0,0,0,11
pDCs|CD4 T Cells|GNAI2|S1PR4,cSLE,22,22,11,0,0,0,0,0,33
pDCs|CD4 T Cells|HLA-B|CD3D,aHD,5,5,0,0,0,0,0,0,5
pDCs|CD4 T Cells|HLA-B|CD3D,aSLE,7,7,0,0,0,0,0,0,7
pDCs|CD4 T Cells|HLA-B|CD3D,cHD,10,10,1,0,0,0,0,0,11
pDCs|CD4 T Cells|HLA-B|CD3D,cSLE,22,22,11,0,0,0,0,0,33
pDCs|CD4 T Cells|HLA-DMA|CD4,aHD,5,5,0,0,0,0,0,0,5
pDCs|CD4 T Cells|HLA-DMA|CD4,aSLE,7,7,0,0,0,0,0,0,7
pDCs|CD4 T Cells|HLA-DMA|CD4,cHD,10,10,1,0,0,0,0,0,11
pDCs|CD4 T Cells|HLA-DMA|CD4,cSLE,21,22,11,0,0,1,0,0,33
pDCs|CD4 T Cells|HLA-DMB|CD4,aHD,5,5,0,0,0,0,0,0,5
pDCs|CD4 T Cells|HLA-DMB|CD4,aSLE,7,7,0,0,0,0,0,0,7
pDCs|CD4 T Cells|HLA-DMB|CD4,cHD,10,10,1,0,0,0,0,0,11
pDCs|CD4 T Cells|HLA-DMB|CD4,cSLE,21,22,11,0,1,1,0,0,33
pDCs|CD4 T Cells|HLA-DPA1|CD4,aHD,5,5,0,0,0,0,0,0,5
pDCs|CD4 T Cells|HLA-DPA1|CD4,aSLE,7,7,0,0,0,0,0,0,7
pDCs|CD4 T Cells|HLA-DPA1|CD4,cHD,10,10,1,0,0,0,0,0,11
pDCs|CD4 T Cells|HLA-DPA1|CD4,cSLE,21,22,11,0,0,1,0,0,33
pDCs|CD4 T Cells|HLA-DPB1|CD4,aHD,5,5,0,0,0,0,0,0,5
pDCs|CD4 T Cells|HLA-DPB1|CD4,aSLE,7,7,0,0,0,0,0,0,7
pDCs|CD4 T Cells|HLA-DPB1|CD4,cHD,10,10,1,0,0,0,0,0,11
pDCs|CD4 T Cells|HLA-DPB1|CD4,cSLE,21,22,11,0,0,1,0,0,33
pDCs|CD4 T Cells|HLA-DQA1|CD4,aHD,5,5,0,0,0,0,0,0,5
pDCs|CD4 T Cells|HLA-DQA1|CD4,aSLE,6,7,0,0,1,0,0,0,7
pDCs|CD4 T Cells|HLA-DQA1|CD4,cHD,10,10,1,0,0,0,0,0,11
pDCs|CD4 T Cells|HLA-DQA1|CD4,cSLE,21,22,11,0,0,1,0,0,33
pDCs|CD4 T Cells|HLA-DQB1|CD4,aHD,5,5,0,0,0,0,0,0,5
pDCs|CD4 T Cells|HLA-DQB1|CD4,aSLE,7,7,0,0,0,0,0,0,7
pDCs|CD4 T Cells|HLA-DQB1|CD4,cHD,10,10,1,0,0,0,0,0,11
pDCs|CD4 T Cells|HLA-DQB1|CD4,cSLE,21,22,11,0,0,1,0,0,33
pDCs|CD4 T Cells|HLA-DRA|CD4,aHD,5,5,0,0,0,0,0,0,5
pDCs|CD4 T Cells|HLA-DRA|CD4,aSLE,7,7,0,0,0,0,0,0,7
pDCs|CD4 T Cells|HLA-DRA|CD4,cHD,10,10,1,0,0,0,0,0,11
pDCs|CD4 T Cells|HLA-DRA|CD4,cSLE,21,22,11,0,0,1,0,0,33
pDCs|CD4 T Cells|HLA-DRB1|CD4,aHD,5,5,0,0,0,0,0,0,5
pDCs|CD4 T Cells|HLA-DRB1|CD4,aSLE,7,7,0,0,0,0,0,0,7
pDCs|CD4 T Cells|HLA-DRB1|CD4,cHD,10,10,1,0,0,0,0,0,11
pDCs|CD4 T Cells|HLA-DRB1|CD4,cSLE,21,22,11,0,0,1,0,0,33
pDCs|CD4 T Cells|HLA-DRB5|CD4,aHD,5,5,0,0,0,0,0,0,5
pDCs|CD4 T Cells|HLA-DRB5|CD4,aSLE,6,7,0,0,1,0,0,0,7
pDCs|CD4 T Cells|HLA-DRB5|CD4,cHD,9,10,1,0,1,0,0,0,11
pDCs|CD4 T Cells|HLA-DRB5|CD4,cSLE,18,22,11,0,4,1,0,0,33
pDCs|CD4 T Cells|HMGB1|CXCR4,aHD,5,5,0,0,0,0,0,0,5
pDCs|CD4 T Cells|HMGB1|CXCR4,aSLE,7,7,0,0,0,0,0,0,7
pDCs|CD4 T Cells|HMGB1|CXCR4,cHD,10,10,1,0,0,0,0,0,11
pDCs|CD4 T Cells|HMGB1|CXCR4,cSLE,22,22,11,0,0,0,0,0,33
pDCs|CD4 T Cells|IL16|CD4,aHD,5,5,0,0,0,0,0,0,5
pDCs|CD4 T Cells|IL16|CD4,aSLE,7,7,0,0,0,0,0,0,7
pDCs|CD4 T Cells|IL16|CD4,cHD,10,10,1,0,0,0,0,0,11
pDCs|CD4 T Cells|IL16|CD4,cSLE,21,22,11,0,1,1,0,0,33
pDCs|CD4 T Cells|LGALS1|CD69,aHD,5,5,0,0,0,0,0,0,5
pDCs|CD4 T Cells|LGALS1|CD69,aSLE,7,7,0,0,0,0,0,0,7
pDCs|CD4 T Cells|LGALS1|CD69,cHD,10,10,1,0,0,0,0,0,11
pDCs|CD4 T Cells|LGALS1|CD69,cSLE,22,22,11,0,0,0,0,0,33
pDCs|CD4 T Cells|LGALS1|ITGB1,aHD,5,5,0,0,0,0,0,0,5
pDCs|CD4 T Cells|LGALS1|ITGB1,aSLE,7,7,0,0,0,0,0,0,7
pDCs|CD4 T Cells|LGALS1|ITGB1,cHD,10,10,1,0,0,0,0,0,11
pDCs|CD4 T Cells|LGALS1|ITGB1,cSLE,22,22,11,0,0,0,0,0,33
pDCs|CD4 T Cells|LGALS1|PTPRC,aHD,5,5,0,0,0,0,0,0,5
pDCs|CD4 T Cells|LGALS1|PTPRC,aSLE,7,7,0,0,0,0,0,0,7
pDCs|CD4 T Cells|LGALS1|PTPRC,cHD,10,10,1,0,0,0,0,0,11
pDCs|CD4 T Cells|LGALS1|PTPRC,cSLE,22,22,11,0,0,0,0,0,33
pDCs|CD4 T Cells|LGALS9|CD44,aHD,5,5,0,0,0,0,0,0,5
pDCs|CD4 T Cells|LGALS9|CD44,aSLE,7,7,0,0,0,0,0,0,7
pDCs|CD4 T Cells|LGALS9|CD44,cHD,10,10,1,0,0,0,0,0,11
pDCs|CD4 T Cells|LGALS9|CD44,cSLE,21,22,11,0,2,0,0,0,33
pDCs|CD4 T Cells|LGALS9|CD47,aHD,5,5,0,0,0,0,0,0,5
pDCs|CD4 T Cells|LGALS9|CD47,aSLE,7,7,0,0,0,0,0,0,7
pDCs|CD4 T Cells|LGALS9|CD47,cHD,10,10,1,0,0,0,0,0,11
pDCs|CD4 T Cells|LGALS9|CD47,cSLE,21,22,11,0,2,0,0,0,33
pDCs|CD4 T Cells|LGALS9|PTPRC,aHD,5,5,0,0,0,0,0,0,5
pDCs|CD4 T Cells|LGALS9|PTPRC,aSLE,7,7,0,0,0,0,0,0,7
pDCs|CD4 T Cells|LGALS9|PTPRC,cHD,10,10,1,0,0,0,0,0,11
pDCs|CD4 T Cells|LGALS9|PTPRC,cSLE,21,22,11,0,2,0,0,0,33
pDCs|CD4 T Cells|LRPAP1|SORL1,aHD,5,5,0,0,0,0,0,0,5
pDCs|CD4 T Cells|LRPAP1|SORL1,aSLE,7,7,0,0,0,0,0,0,7
pDCs|CD4 T Cells|LRPAP1|SORL1,cHD,9,10,1,0,1,0,0,0,11
pDCs|CD4 T Cells|LRPAP1|SORL1,cSLE,22,22,11,0,1,0,0,0,33
pDCs|CD4 T Cells|MIF|CD44_CD74,aHD,5,5,0,0,0,0,0,0,5
pDCs|CD4 T Cells|MIF|CD44_CD74,aSLE,7,7,0,0,0,0,0,0,7
pDCs|CD4 T Cells|MIF|CD44_CD74,cHD,10,10,1,0,0,0,0,0,11
pDCs|CD4 T Cells|MIF|CD44_CD74,cSLE,22,22,11,0,0,0,0,0,33
pDCs|CD4 T Cells|MIF|CD74_CXCR4,aHD,5,5,0,0,0,0,0,0,5
pDCs|CD4 T Cells|MIF|CD74_CXCR4,aSLE,7,7,0,0,0,0,0,0,7
pDCs|CD4 T Cells|MIF|CD74_CXCR4,cHD,10,10,1,0,0,0,0,0,11
pDCs|CD4 T Cells|MIF|CD74_CXCR4,cSLE,22,22,11,0,0,0,0,0,33
pDCs|CD4 T Cells|MIF|TNFRSF14,aHD,5,5,0,0,0,0,0,0,5
pDCs|CD4 T Cells|MIF|TNFRSF14,aSLE,7,7,0,0,0,0,0,0,7
pDCs|CD4 T Cells|MIF|TNFRSF14,cHD,10,10,1,0,0,0,0,0,11
pDCs|CD4 T Cells|MIF|TNFRSF14,cSLE,22,22,11,0,0,0,0,0,33
pDCs|CD4 T Cells|PKM|CD44,aHD,5,5,0,0,0,0,0,0,5
pDCs|CD4 T Cells|PKM|CD44,aSLE,7,7,0,0,0,0,0,0,7
pDCs|CD4 T Cells|PKM|CD44,cHD,10,10,1,0,0,0,0,0,11
pDCs|CD4 T Cells|PKM|CD44,cSLE,22,22,11,0,0,0,0,0,33
pDCs|CD4 T Cells|S100A8|CD69,aHD,5,5,0,0,0,0,0,0,5
pDCs|CD4 T Cells|S100A8|CD69,aSLE,6,7,0,0,1,0,0,0,7
pDCs|CD4 T Cells|S100A8|CD69,cHD,9,10,1,0,2,0,0,0,11
pDCs|CD4 T Cells|S100A8|CD69,cSLE,22,22,11,0,0,0,0,0,33
pDCs|CD4 T Cells|S100A8|ITGB2,aHD,5,5,0,0,0,0,0,0,5
pDCs|CD4 T Cells|S100A8|ITGB2,aSLE,6,7,0,0,1,0,0,0,7
pDCs|CD4 T Cells|S100A8|ITGB2,cHD,9,10,1,0,2,0,0,0,11
pDCs|CD4 T Cells|S100A8|ITGB2,cSLE,22,22,11,0,0,0,0,0,33
pDCs|CD4 T Cells|S100A9|ITGB2,aHD,5,5,0,0,0,0,0,0,5
pDCs|CD4 T Cells|S100A9|ITGB2,aSLE,7,7,0,0,0,0,0,0,7
pDCs|CD4 T Cells|S100A9|ITGB2,cHD,6,10,1,0,4,0,0,0,11
pDCs|CD4 T Cells|S100A9|ITGB2,cSLE,22,22,11,0,0,0,0,0,33
pDCs|CD4 T Cells|SELPLG|ITGB2,aHD,5,5,0,0,0,0,0,0,5
pDCs|CD4 T Cells|SELPLG|ITGB2,aSLE,7,7,0,0,0,0,0,0,7
pDCs|CD4 T Cells|SELPLG|ITGB2,cHD,10,10,1,0,0,0,0,0,11
pDCs|CD4 T Cells|SELPLG|ITGB2,cSLE,22,22,11,0,1,0,0,0,33
pDCs|CD4 T Cells|SELPLG|SELL,aHD,5,5,0,0,0,0,0,0,5
pDCs|CD4 T Cells|SELPLG|SELL,aSLE,7,7,0,0,0,0,0,0,7
pDCs|CD4 T Cells|SELPLG|SELL,cHD,10,10,1,0,0,0,0,0,11
pDCs|CD4 T Cells|SELPLG|SELL,cSLE,22,22,11,0,1,0,0,0,33
pDCs|CD4 T Cells|TGFB1|CXCR4,aHD,5,5,0,0,0,0,0,0,5
pDCs|CD4 T Cells|TGFB1|CXCR4,aSLE,5,7,0,0,2,0,0,0,7
pDCs|CD4 T Cells|TGFB1|CXCR4,cHD,10,10,1,0,0,0,0,0,11
pDCs|CD4 T Cells|TGFB1|CXCR4,cSLE,22,22,11,0,0,0,0,0,33
pDCs|CD4 T Cells|TGFB1|ITGB1,aHD,5,5,0,0,0,0,0,0,5
pDCs|CD4 T Cells|TGFB1|ITGB1,aSLE,5,7,0,0,2,0,0,0,7
pDCs|CD4 T Cells|TGFB1|ITGB1,cHD,10,10,1,0,0,0,0,0,11
pDCs|CD4 T Cells|TGFB1|ITGB1,cSLE,22,22,11,0,0,0,0,0,33
pDCs|CD4 T Cells|TNFSF13B|HLA-DPB1,aHD,5,5,0,0,0,0,0,0,5
pDCs|CD4 T Cells|TNFSF13B|HLA-DPB1,aSLE,7,7,0,0,0,0,0,0,7
pDCs|CD4 T Cells|TNFSF13B|HLA-DPB1,cHD,10,10,1,0,0,0,0,0,11
pDCs|CD4 T Cells|TNFSF13B|HLA-DPB1,cSLE,21,22,11,0,3,0,0,0,33
pDCs|CD4 T Cells|VIM|CD44,aHD,5,5,0,0,0,0,0,0,5
pDCs|CD4 T Cells|VIM|CD44,aSLE,7,7,0,0,0,0,0,0,7
pDCs|CD4 T Cells|VIM|CD44,cHD,10,10,1,0,0,0,0,0,11
pDCs|CD4 T Cells|VIM|CD44,cSLE,22,22,11,0,0,0,0,0,33
pDCs|CD8 T Cells|APP|CD74,aHD,5,5,0,0,0,0,0,0,5
pDCs|CD8 T Cells|APP|CD74,aSLE,7,7,0,0,0,0,0,0,7
pDCs|CD8 T Cells|APP|CD74,cHD,10,10,1,0,0,0,0,0,11
pDCs|CD8 T Cells|APP|CD74,cSLE,22,22,11,0,1,0,0,0,33
pDCs|CD8 T Cells|APP|LRP10,aHD,5,5,0,0,0,0,0,0,5
pDCs|CD8 T Cells|APP|LRP10,aSLE,7,7,0,0,0,0,0,0,7
pDCs|CD8 T Cells|APP|LRP10,cHD,10,10,1,0,0,0,0,0,11
pDCs|CD8 T Cells|APP|LRP10,cSLE,22,22,11,0,1,0,0,0,33
pDCs|CD8 T Cells|APP|PTGER2,aHD,5,5,0,0,0,0,0,0,5
pDCs|CD8 T Cells|APP|PTGER2,aSLE,6,7,0,0,0,1,0,0,7
pDCs|CD8 T Cells|APP|PTGER2,cHD,8,10,1,0,0,2,0,0,11
pDCs|CD8 T Cells|APP|PTGER2,cSLE,21,22,11,0,1,1,0,0,33
pDCs|CD8 T Cells|CALM1|PTPRA,aHD,5,5,0,0,0,0,0,0,5
pDCs|CD8 T Cells|CALM1|PTPRA,aSLE,7,7,0,0,0,0,0,0,7
pDCs|CD8 T Cells|CALM1|PTPRA,cHD,10,10,1,0,0,0,0,0,11
pDCs|CD8 T Cells|CALM1|PTPRA,cSLE,22,22,11,0,0,0,0,0,33
pDCs|CD8 T Cells|CD48|CD2,aHD,5,5,0,0,0,0,0,0,5
pDCs|CD8 T Cells|CD48|CD2,aSLE,6,7,0,0,1,0,0,0,7
pDCs|CD8 T Cells|CD48|CD2,cHD,10,10,1,0,0,0,0,0,11
pDCs|CD8 T Cells|CD48|CD2,cSLE,22,22,11,0,1,0,0,0,33
pDCs|CD8 T Cells|COPA|CD74,aHD,5,5,0,0,0,0,0,0,5
pDCs|CD8 T Cells|COPA|CD74,aSLE,7,7,0,0,0,0,0,0,7
pDCs|CD8 T Cells|COPA|CD74,cHD,10,10,1,0,0,0,0,0,11
pDCs|CD8 T Cells|COPA|CD74,cSLE,21,22,11,0,4,0,0,0,33
pDCs|CD8 T Cells|GNAI2|S1PR4,aHD,5,5,0,0,0,0,0,0,5
pDCs|CD8 T Cells|GNAI2|S1PR4,aSLE,7,7,0,0,0,0,0,0,7
pDCs|CD8 T Cells|GNAI2|S1PR4,cHD,10,10,1,0,0,0,0,0,11
pDCs|CD8 T Cells|GNAI2|S1PR4,cSLE,21,22,11,0,0,1,0,0,33
pDCs|CD8 T Cells|HLA-A|CD8A,aHD,5,5,0,0,0,0,0,0,5
pDCs|CD8 T Cells|HLA-A|CD8A,aSLE,7,7,0,0,0,0,0,0,7
pDCs|CD8 T Cells|HLA-A|CD8A,cHD,10,10,1,0,0,0,0,0,11
pDCs|CD8 T Cells|HLA-A|CD8A,cSLE,22,22,11,0,0,0,0,0,33
pDCs|CD8 T Cells|HLA-A|CD8B,aHD,5,5,0,0,0,0,0,0,5
pDCs|CD8 T Cells|HLA-A|CD8B,aSLE,7,7,0,0,0,0,0,0,7
pDCs|CD8 T Cells|HLA-A|CD8B,cHD,10,10,1,0,0,0,0,0,11
pDCs|CD8 T Cells|HLA-A|CD8B,cSLE,22,22,11,0,0,0,0,0,33
pDCs|CD8 T Cells|HLA-B|CD3D,aHD,5,5,0,0,0,0,0,0,5
pDCs|CD8 T Cells|HLA-B|CD3D,aSLE,7,7,0,0,0,0,0,0,7
pDCs|CD8 T Cells|HLA-B|CD3D,cHD,10,10,1,0,0,0,0,0,11
pDCs|CD8 T Cells|HLA-B|CD3D,cSLE,22,22,11,0,0,0,0,0,33
pDCs|CD8 T Cells|HLA-B|CD8A,aHD,5,5,0,0,0,0,0,0,5
pDCs|CD8 T Cells|HLA-B|CD8A,aSLE,7,7,0,0,0,0,0,0,7
pDCs|CD8 T Cells|HLA-B|CD8A,cHD,10,10,1,0,0,0,0,0,11
pDCs|CD8 T Cells|HLA-B|CD8A,cSLE,22,22,11,0,0,0,0,0,33
pDCs|CD8 T Cells|HLA-B|CD8B,aHD,5,5,0,0,0,0,0,0,5
pDCs|CD8 T Cells|HLA-B|CD8B,aSLE,7,7,0,0,0,0,0,0,7
pDCs|CD8 T Cells|HLA-B|CD8B,cHD,10,10,1,0,0,0,0,0,11
pDCs|CD8 T Cells|HLA-B|CD8B,cSLE,22,22,11,0,0,0,0,0,33
pDCs|CD8 T Cells|HLA-C|CD8A,aHD,5,5,0,0,0,0,0,0,5
pDCs|CD8 T Cells|HLA-C|CD8A,aSLE,7,7,0,0,0,0,0,0,7
pDCs|CD8 T Cells|HLA-C|CD8A,cHD,10,10,1,0,0,0,0,0,11
pDCs|CD8 T Cells|HLA-C|CD8A,cSLE,22,22,11,0,0,0,0,0,33
pDCs|CD8 T Cells|HLA-C|CD8B,aHD,5,5,0,0,0,0,0,0,5
pDCs|CD8 T Cells|HLA-C|CD8B,aSLE,7,7,0,0,0,0,0,0,7
pDCs|CD8 T Cells|HLA-C|CD8B,cHD,10,10,1,0,0,0,0,0,11
pDCs|CD8 T Cells|HLA-C|CD8B,cSLE,22,22,11,0,0,0,0,0,33
pDCs|CD8 T Cells|HLA-E|CD8A,aHD,5,5,0,0,0,0,0,0,5
pDCs|CD8 T Cells|HLA-E|CD8A,aSLE,7,7,0,0,0,0,0,0,7
pDCs|CD8 T Cells|HLA-E|CD8A,cHD,10,10,1,0,0,0,0,0,11
pDCs|CD8 T Cells|HLA-E|CD8A,cSLE,22,22,11,0,0,0,0,0,33
pDCs|CD8 T Cells|HLA-E|CD8B,aHD,5,5,0,0,0,0,0,0,5
pDCs|CD8 T Cells|HLA-E|CD8B,aSLE,7,7,0,0,0,0,0,0,7
pDCs|CD8 T Cells|HLA-E|CD8B,cHD,10,10,1,0,0,0,0,0,11
pDCs|CD8 T Cells|HLA-E|CD8B,cSLE,22,22,11,0,0,0,0,0,33
pDCs|CD8 T Cells|HLA-F|CD8A,aHD,5,5,0,0,0,0,0,0,5
pDCs|CD8 T Cells|HLA-F|CD8A,aSLE,7,7,0,0,0,0,0,0,7
pDCs|CD8 T Cells|HLA-F|CD8A,cHD,10,10,1,0,0,0,0,0,11
pDCs|CD8 T Cells|HLA-F|CD8A,cSLE,22,22,11,0,1,0,0,0,33
pDCs|CD8 T Cells|HLA-F|CD8B,aHD,5,5,0,0,0,0,0,0,5
pDCs|CD8 T Cells|HLA-F|CD8B,aSLE,7,7,0,0,0,0,0,0,7
pDCs|CD8 T Cells|HLA-F|CD8B,cHD,10,10,1,0,0,0,0,0,11
pDCs|CD8 T Cells|HLA-F|CD8B,cSLE,22,22,11,0,1,0,0,0,33
pDCs|CD8 T Cells|HMGB1|CXCR4,aHD,5,5,0,0,0,0,0,0,5
pDCs|CD8 T Cells|HMGB1|CXCR4,aSLE,7,7,0,0,0,0,0,0,7
pDCs|CD8 T Cells|HMGB1|CXCR4,cHD,10,10,1,0,0,0,0,0,11
pDCs|CD8 T Cells|HMGB1|CXCR4,cSLE,22,22,11,0,0,0,0,0,33
pDCs|CD8 T Cells|LGALS1|CD69,aHD,5,5,0,0,0,0,0,0,5
pDCs|CD8 T Cells|LGALS1|CD69,aSLE,7,7,0,0,0,0,0,0,7
pDCs|CD8 T Cells|LGALS1|CD69,cHD,10,10,1,0,0,0,0,0,11
pDCs|CD8 T Cells|LGALS1|CD69,cSLE,22,22,11,0,0,0,0,0,33
pDCs|CD8 T Cells|LGALS1|ITGB1,aHD,5,5,0,0,0,0,0,0,5
pDCs|CD8 T Cells|LGALS1|ITGB1,aSLE,7,7,0,0,0,0,0,0,7
pDCs|CD8 T Cells|LGALS1|ITGB1,cHD,9,10,1,0,0,2,0,0,11
pDCs|CD8 T Cells|LGALS1|ITGB1,cSLE,21,22,11,0,0,1,0,0,33
pDCs|CD8 T Cells|LGALS1|PTPRC,aHD,5,5,0,0,0,0,0,0,5
pDCs|CD8 T Cells|LGALS1|PTPRC,aSLE,7,7,0,0,0,0,0,0,7
pDCs|CD8 T Cells|LGALS1|PTPRC,cHD,10,10,1,0,0,0,0,0,11
pDCs|CD8 T Cells|LGALS1|PTPRC,cSLE,22,22,11,0,0,0,0,0,33
pDCs|CD8 T Cells|LGALS9|CD44,aHD,5,5,0,0,0,0,0,0,5
pDCs|CD8 T Cells|LGALS9|CD44,aSLE,7,7,0,0,0,0,0,0,7
pDCs|CD8 T Cells|LGALS9|CD44,cHD,10,10,1,0,0,0,0,0,11
pDCs|CD8 T Cells|LGALS9|CD44,cSLE,21,22,11,0,2,0,0,0,33
pDCs|CD8 T Cells|LGALS9|CD47,aHD,5,5,0,0,0,0,0,0,5
pDCs|CD8 T Cells|LGALS9|CD47,aSLE,7,7,0,0,0,0,0,0,7
pDCs|CD8 T Cells|LGALS9|CD47,cHD,10,10,1,0,0,0,0,0,11
pDCs|CD8 T Cells|LGALS9|CD47,cSLE,21,22,11,0,2,0,0,0,33
pDCs|CD8 T Cells|LGALS9|PTPRC,aHD,5,5,0,0,0,0,0,0,5
pDCs|CD8 T Cells|LGALS9|PTPRC,aSLE,7,7,0,0,0,0,0,0,7
pDCs|CD8 T Cells|LGALS9|PTPRC,cHD,10,10,1,0,0,0,0,0,11
pDCs|CD8 T Cells|LGALS9|PTPRC,cSLE,21,22,11,0,2,0,0,0,33
pDCs|CD8 T Cells|LRPAP1|SORL1,aHD,5,5,0,0,0,0,0,0,5
pDCs|CD8 T Cells|LRPAP1|SORL1,aSLE,7,7,0,0,0,0,0,0,7
pDCs|CD8 T Cells|LRPAP1|SORL1,cHD,9,10,1,0,1,0,0,0,11
pDCs|CD8 T Cells|LRPAP1|SORL1,cSLE,22,22,11,0,1,1,0,0,33
pDCs|CD8 T Cells|MIF|CD44_CD74,aHD,5,5,0,0,0,0,0,0,5
pDCs|CD8 T Cells|MIF|CD44_CD74,aSLE,7,7,0,0,0,0,0,0,7
pDCs|CD8 T Cells|MIF|CD44_CD74,cHD,10,10,1,0,0,0,0,0,11
pDCs|CD8 T Cells|MIF|CD44_CD74,cSLE,22,22,11,0,0,0,0,0,33
pDCs|CD8 T Cells|MIF|CD74_CXCR4,aHD,5,5,0,0,0,0,0,0,5
pDCs|CD8 T Cells|MIF|CD74_CXCR4,aSLE,7,7,0,0,0,0,0,0,7
pDCs|CD8 T Cells|MIF|CD74_CXCR4,cHD,10,10,1,0,0,0,0,0,11
pDCs|CD8 T Cells|MIF|CD74_CXCR4,cSLE,22,22,11,0,0,0,0,0,33
pDCs|CD8 T Cells|MIF|TNFRSF14,aHD,5,5,0,0,0,0,0,0,5
pDCs|CD8 T Cells|MIF|TNFRSF14,aSLE,7,7,0,0,0,0,0,0,7
pDCs|CD8 T Cells|MIF|TNFRSF14,cHD,10,10,1,0,0,0,0,0,11
pDCs|CD8 T Cells|MIF|TNFRSF14,cSLE,22,22,11,0,0,0,0,0,33
pDCs|CD8 T Cells|PKM|CD44,aHD,5,5,0,0,0,0,0,0,5
pDCs|CD8 T Cells|PKM|CD44,aSLE,7,7,0,0,0,0,0,0,7
pDCs|CD8 T Cells|PKM|CD44,cHD,10,10,1,0,0,0,0,0,11
pDCs|CD8 T Cells|PKM|CD44,cSLE,22,22,11,0,0,0,0,0,33
pDCs|CD8 T Cells|S100A8|CD69,aHD,5,5,0,0,0,0,0,0,5
pDCs|CD8 T Cells|S100A8|CD69,aSLE,6,7,0,0,1,0,0,0,7
pDCs|CD8 T Cells|S100A8|CD69,cHD,9,10,1,0,2,0,0,0,11
pDCs|CD8 T Cells|S100A8|CD69,cSLE,22,22,11,0,0,0,0,0,33
pDCs|CD8 T Cells|S100A8|ITGB2,aHD,5,5,0,0,0,0,0,0,5
pDCs|CD8 T Cells|S100A8|ITGB2,aSLE,6,7,0,0,1,0,0,0,7
pDCs|CD8 T Cells|S100A8|ITGB2,cHD,9,10,1,0,2,0,0,0,11
pDCs|CD8 T Cells|S100A8|ITGB2,cSLE,22,22,11,0,0,0,0,0,33
pDCs|CD8 T Cells|S100A9|ITGB2,aHD,5,5,0,0,0,0,0,0,5
pDCs|CD8 T Cells|S100A9|ITGB2,aSLE,7,7,0,0,0,0,0,0,7
pDCs|CD8 T Cells|S100A9|ITGB2,cHD,6,10,1,0,4,0,0,0,11
pDCs|CD8 T Cells|S100A9|ITGB2,cSLE,22,22,11,0,0,0,0,0,33
pDCs|CD8 T Cells|SELPLG|ITGB2,aHD,5,5,0,0,0,0,0,0,5
pDCs|CD8 T Cells|SELPLG|ITGB2,aSLE,7,7,0,0,0,0,0,0,7
pDCs|CD8 T Cells|SELPLG|ITGB2,cHD,10,10,1,0,0,0,0,0,11
pDCs|CD8 T Cells|SELPLG|ITGB2,cSLE,22,22,11,0,1,0,0,0,33
pDCs|CD8 T Cells|SELPLG|SELL,aHD,5,5,0,0,0,0,0,0,5
pDCs|CD8 T Cells|SELPLG|SELL,aSLE,7,7,0,0,0,0,0,0,7
pDCs|CD8 T Cells|SELPLG|SELL,cHD,10,10,1,0,0,0,0,0,11
pDCs|CD8 T Cells|SELPLG|SELL,cSLE,22,22,11,0,1,0,0,0,33
pDCs|CD8 T Cells|TGFB1|CXCR4,aHD,5,5,0,0,0,0,0,0,5
pDCs|CD8 T Cells|TGFB1|CXCR4,aSLE,5,7,0,0,2,0,0,0,7
pDCs|CD8 T Cells|TGFB1|CXCR4,cHD,10,10,1,0,0,0,0,0,11
pDCs|CD8 T Cells|TGFB1|CXCR4,cSLE,22,22,11,0,0,0,0,0,33
pDCs|CD8 T Cells|TGFB1|ITGB1,aHD,5,5,0,0,0,0,0,0,5
pDCs|CD8 T Cells|TGFB1|ITGB1,aSLE,5,7,0,0,2,0,0,0,7
pDCs|CD8 T Cells|TGFB1|ITGB1,cHD,9,10,1,0,0,2,0,0,11
pDCs|CD8 T Cells|TGFB1|ITGB1,cSLE,21,22,11,0,0,1,0,0,33
pDCs|CD8 T Cells|TNFSF13B|HLA-DPB1,aHD,5,5,0,0,0,0,0,0,5
pDCs|CD8 T Cells|TNFSF13B|HLA-DPB1,aSLE,7,7,0,0,0,0,0,0,7
pDCs|CD8 T Cells|TNFSF13B|HLA-DPB1,cHD,10,10,1,0,0,0,0,0,11
pDCs|CD8 T Cells|TNFSF13B|HLA-DPB1,cSLE,21,22,11,0,3,0,0,0,33
pDCs|CD8 T Cells|VIM|CD44,aHD,5,5,0,0,0,0,0,0,5
pDCs|CD8 T Cells|VIM|CD44,aSLE,7,7,0,0,0,0,0,0,7
pDCs|CD8 T Cells|VIM|CD44,cHD,10,10,1,0,0,0,0,0,11
pDCs|CD8 T Cells|VIM|CD44,cSLE,22,22,11,0,0,0,0,0,33
pDCs|Classical Monocytes|ANXA1|FPR1,aHD,5,5,0,0,0,0,0,0,5
pDCs|Classical Monocytes|ANXA1|FPR1,aSLE,7,7,0,0,0,0,0,0,7
pDCs|Classical Monocytes|ANXA1|FPR1,cHD,10,10,1,0,0,0,0,0,11
pDCs|Classical Monocytes|ANXA1|FPR1,cSLE,21,22,11,0,2,0,0,0,33
pDCs|Classical Monocytes|ANXA2|TLR2,aHD,5,5,0,0,0,0,0,0,5
pDCs|Classical Monocytes|ANXA2|TLR2,aSLE,7,7,0,0,0,0,0,0,7
pDCs|Classical Monocytes|ANXA2|TLR2,cHD,10,10,1,0,0,0,0,0,11
pDCs|Classical Monocytes|ANXA2|TLR2,cSLE,22,22,11,0,0,0,0,0,33
pDCs|Classical Monocytes|APP|CD74,aHD,5,5,0,0,0,0,0,0,5
pDCs|Classical Monocytes|APP|CD74,aSLE,7,7,0,0,0,0,0,0,7
pDCs|Classical Monocytes|APP|CD74,cHD,10,10,1,0,0,0,0,0,11
pDCs|Classical Monocytes|APP|CD74,cSLE,22,22,11,0,1,0,0,0,33
pDCs|Classical Monocytes|APP|LRP1,aHD,5,5,0,0,0,0,0,0,5
pDCs|Classical Monocytes|APP|LRP1,aSLE,7,7,0,0,0,0,0,0,7
pDCs|Classical Monocytes|APP|LRP1,cHD,10,10,1,0,0,0,0,0,11
pDCs|Classical Monocytes|APP|LRP1,cSLE,22,22,11,0,1,0,0,0,33
pDCs|Classical Monocytes|APP|NOTCH2,aHD,5,5,0,0,0,0,0,0,5
pDCs|Classical Monocytes|APP|NOTCH2,aSLE,7,7,0,0,0,0,0,0,7
pDCs|Classical Monocytes|APP|NOTCH2,cHD,10,10,1,0,0,0,0,0,11
pDCs|Classical Monocytes|APP|NOTCH2,cSLE,22,22,11,0,1,0,0,0,33
pDCs|Classical Monocytes|APP|PTGER2,aHD,5,5,0,0,0,0,0,0,5
pDCs|Classical Monocytes|APP|PTGER2,aSLE,7,7,0,0,0,0,0,0,7
pDCs|Classical Monocytes|APP|PTGER2,cHD,10,10,1,0,0,0,0,0,11
pDCs|Classical Monocytes|APP|PTGER2,cSLE,22,22,11,0,1,0,0,0,33
pDCs|Classical Monocytes|CALR|LRP1,aHD,5,5,0,0,0,0,0,0,5
pDCs|Classical Monocytes|CALR|LRP1,aSLE,7,7,0,0,0,0,0,0,7
pDCs|Classical Monocytes|CALR|LRP1,cHD,10,10,1,0,0,0,0,0,11
pDCs|Classical Monocytes|CALR|LRP1,cSLE,22,22,11,0,0,0,0,0,33
pDCs|Classical Monocytes|CD47|SIRPA,aHD,5,5,0,0,0,0,0,0,5
pDCs|Classical Monocytes|CD47|SIRPA,aSLE,7,7,0,0,0,0,0,0,7
pDCs|Classical Monocytes|CD47|SIRPA,cHD,9,10,1,0,0,1,0,0,11
pDCs|Classical Monocytes|CD47|SIRPA,cSLE,22,22,11,0,1,0,0,0,33
pDCs|Classical Monocytes|CD99|PILRA,aHD,5,5,0,0,0,0,0,0,5
pDCs|Classical Monocytes|CD99|PILRA,aSLE,7,7,0,0,0,0,0,0,7
pDCs|Classical Monocytes|CD99|PILRA,cHD,10,10,1,0,0,0,0,0,11
pDCs|Classical Monocytes|CD99|PILRA,cSLE,22,22,11,0,0,0,0,0,33
pDCs|Classical Monocytes|CIRBP|TREM1,aHD,5,5,0,0,0,0,0,0,5
pDCs|Classical Monocytes|CIRBP|TREM1,aSLE,7,7,0,0,0,0,0,0,7
pDCs|Classical Monocytes|CIRBP|TREM1,cHD,10,10,1,0,0,0,0,0,11
pDCs|Classical Monocytes|CIRBP|TREM1,cSLE,22,22,11,0,0,0,0,0,33
pDCs|Classical Monocytes|COPA|CD74,aHD,5,5,0,0,0,0,0,0,5
pDCs|Classical Monocytes|COPA|CD74,aSLE,7,7,0,0,0,0,0,0,7
pDCs|Classical Monocytes|COPA|CD74,cHD,10,10,1,0,0,0,0,0,11
pDCs|Classical Monocytes|COPA|CD74,cSLE,21,22,11,0,4,0,0,0,33
pDCs|Classical Monocytes|FABP5|RXRA,aHD,5,5,0,0,0,0,0,0,5
pDCs|Classical Monocytes|FABP5|RXRA,aSLE,7,7,0,0,0,0,0,0,7
pDCs|Classical Monocytes|FABP5|RXRA,cHD,10,10,1,0,0,0,0,0,11
pDCs|Classical Monocytes|FABP5|RXRA,cSLE,22,22,11,0,2,0,0,0,33
pDCs|Classical Monocytes|GNAI2|ADCY7,aHD,5,5,0,0,0,0,0,0,5
pDCs|Classical Monocytes|GNAI2|ADCY7,aSLE,7,7,0,0,0,0,0,0,7
pDCs|Classical Monocytes|GNAI2|ADCY7,cHD,10,10,1,0,0,0,0,0,11
pDCs|Classical Monocytes|GNAI2|ADCY7,cSLE,22,22,11,0,0,0,0,0,33
pDCs|Classical Monocytes|GNAI2|C5AR1,aHD,5,5,0,0,0,0,0,0,5
pDCs|Classical Monocytes|GNAI2|C5AR1,aSLE,7,7,0,0,0,0,0,0,7
pDCs|Classical Monocytes|GNAI2|C5AR1,cHD,10,10,1,0,0,0,0,0,11
pDCs|Classical Monocytes|GNAI2|C5AR1,cSLE,22,22,11,0,0,0,0,0,33
pDCs|Classical Monocytes|GNAI2|FPR1,aHD,5,5,0,0,0,0,0,0,5
pDCs|Classical Monocytes|GNAI2|FPR1,aSLE,7,7,0,0,0,0,0,0,7
pDCs|Classical Monocytes|GNAI2|FPR1,cHD,10,10,1,0,0,0,0,0,11
pDCs|Classical Monocytes|GNAI2|FPR1,cSLE,22,22,11,0,0,0,0,0,33
pDCs|Classical Monocytes|GNAS|ADCY7,aHD,5,5,0,0,0,0,0,0,5
pDCs|Classical Monocytes|GNAS|ADCY7,aSLE,7,7,0,0,0,0,0,0,7
pDCs|Classical Monocytes|GNAS|ADCY7,cHD,10,10,1,0,0,0,0,0,11
pDCs|Classical Monocytes|GNAS|ADCY7,cSLE,22,22,11,0,1,0,0,0,33
pDCs|Classical Monocytes|GRN|TNFRSF1A,aHD,5,5,0,0,0,0,0,0,5
pDCs|Classical Monocytes|GRN|TNFRSF1A,aSLE,7,7,0,0,0,0,0,0,7
pDCs|Classical Monocytes|GRN|TNFRSF1A,cHD,10,10,1,0,0,0,0,0,11
pDCs|Classical Monocytes|GRN|TNFRSF1A,cSLE,22,22,11,0,0,0,0,0,33
pDCs|Classical Monocytes|GRN|TNFRSF1B,aHD,5,5,0,0,0,0,0,0,5
pDCs|Classical Monocytes|GRN|TNFRSF1B,aSLE,7,7,0,0,0,0,0,0,7
pDCs|Classical Monocytes|GRN|TNFRSF1B,cHD,10,10,1,0,0,0,0,0,11
pDCs|Classical Monocytes|GRN|TNFRSF1B,cSLE,22,22,11,0,0,0,0,0,33
pDCs|Classical Monocytes|HLA-A|APLP2,aHD,5,5,0,0,0,0,0,0,5
pDCs|Classical Monocytes|HLA-A|APLP2,aSLE,7,7,0,0,0,0,0,0,7
pDCs|Classical Monocytes|HLA-A|APLP2,cHD,10,10,1,0,0,0,0,0,11
pDCs|Classical Monocytes|HLA-A|APLP2,cSLE,22,22,11,0,0,0,0,0,33
pDCs|Classical Monocytes|HLA-A|LILRB2,aHD,5,5,0,0,0,0,0,0,5
pDCs|Classical Monocytes|HLA-A|LILRB2,aSLE,7,7,0,0,0,0,0,0,7
pDCs|Classical Monocytes|HLA-A|LILRB2,cHD,10,10,1,0,0,0,0,0,11
pDCs|Classical Monocytes|HLA-A|LILRB2,cSLE,22,22,11,0,0,0,0,0,33
pDCs|Classical Monocytes|HLA-B|LILRB2,aHD,5,5,0,0,0,0,0,0,5
pDCs|Classical Monocytes|HLA-B|LILRB2,aSLE,7,7,0,0,0,0,0,0,7
pDCs|Classical Monocytes|HLA-B|LILRB2,cHD,10,10,1,0,0,0,0,0,11
pDCs|Classical Monocytes|HLA-B|LILRB2,cSLE,22,22,11,0,0,0,0,0,33
pDCs|Classical Monocytes|HLA-C|LILRB2,aHD,5,5,0,0,0,0,0,0,5
pDCs|Classical Monocytes|HLA-C|LILRB2,aSLE,7,7,0,0,0,0,0,0,7
pDCs|Classical Monocytes|HLA-C|LILRB2,cHD,10,10,1,0,0,0,0,0,11
pDCs|Classical Monocytes|HLA-C|LILRB2,cSLE,22,22,11,0,0,0,0,0,33
pDCs|Classical Monocytes|HLA-DMA|CD4,aHD,5,5,0,0,0,0,0,0,5
pDCs|Classical Monocytes|HLA-DMA|CD4,aSLE,7,7,0,0,0,0,0,0,7
pDCs|Classical Monocytes|HLA-DMA|CD4,cHD,10,10,1,0,0,0,0,0,11
pDCs|Classical Monocytes|HLA-DMA|CD4,cSLE,22,22,11,0,0,0,0,0,33
pDCs|Classical Monocytes|HLA-DMB|CD4,aHD,5,5,0,0,0,0,0,0,5
pDCs|Classical Monocytes|HLA-DMB|CD4,aSLE,7,7,0,0,0,0,0,0,7
pDCs|Classical Monocytes|HLA-DMB|CD4,cHD,10,10,1,0,0,0,0,0,11
pDCs|Classical Monocytes|HLA-DMB|CD4,cSLE,22,22,11,0,1,0,0,0,33
pDCs|Classical Monocytes|HLA-DPA1|CD4,aHD,5,5,0,0,0,0,0,0,5
pDCs|Classical Monocytes|HLA-DPA1|CD4,aSLE,7,7,0,0,0,0,0,0,7
pDCs|Classical Monocytes|HLA-DPA1|CD4,cHD,10,10,1,0,0,0,0,0,11
pDCs|Classical Monocytes|HLA-DPA1|CD4,cSLE,22,22,11,0,0,0,0,0,33
pDCs|Classical Monocytes|HLA-DPB1|CD4,aHD,5,5,0,0,0,0,0,0,5
pDCs|Classical Monocytes|HLA-DPB1|CD4,aSLE,7,7,0,0,0,0,0,0,7
pDCs|Classical Monocytes|HLA-DPB1|CD4,cHD,10,10,1,0,0,0,0,0,11
pDCs|Classical Monocytes|HLA-DPB1|CD4,cSLE,22,22,11,0,0,0,0,0,33
pDCs|Classical Monocytes|HLA-DQA1|CD4,aHD,5,5,0,0,0,0,0,0,5
pDCs|Classical Monocytes|HLA-DQA1|CD4,aSLE,6,7,0,0,1,0,0,0,7
pDCs|Classical Monocytes|HLA-DQA1|CD4,cHD,10,10,1,0,0,0,0,0,11
pDCs|Classical Monocytes|HLA-DQA1|CD4,cSLE,22,22,11,0,0,0,0,0,33
pDCs|Classical Monocytes|HLA-DQB1|CD4,aHD,5,5,0,0,0,0,0,0,5
pDCs|Classical Monocytes|HLA-DQB1|CD4,aSLE,7,7,0,0,0,0,0,0,7
pDCs|Classical Monocytes|HLA-DQB1|CD4,cHD,10,10,1,0,0,0,0,0,11
pDCs|Classical Monocytes|HLA-DQB1|CD4,cSLE,22,22,11,0,0,0,0,0,33
pDCs|Classical Monocytes|HLA-DRA|CD4,aHD,5,5,0,0,0,0,0,0,5
pDCs|Classical Monocytes|HLA-DRA|CD4,aSLE,7,7,0,0,0,0,0,0,7
pDCs|Classical Monocytes|HLA-DRA|CD4,cHD,10,10,1,0,0,0,0,0,11
pDCs|Classical Monocytes|HLA-DRA|CD4,cSLE,22,22,11,0,0,0,0,0,33
pDCs|Classical Monocytes|HLA-DRB1|CD4,aHD,5,5,0,0,0,0,0,0,5
pDCs|Classical Monocytes|HLA-DRB1|CD4,aSLE,7,7,0,0,0,0,0,0,7
pDCs|Classical Monocytes|HLA-DRB1|CD4,cHD,10,10,1,0,0,0,0,0,11
pDCs|Classical Monocytes|HLA-DRB1|CD4,cSLE,22,22,11,0,0,0,0,0,33
pDCs|Classical Monocytes|HLA-DRB5|CD4,aHD,5,5,0,0,0,0,0,0,5
pDCs|Classical Monocytes|HLA-DRB5|CD4,aSLE,6,7,0,0,1,0,0,0,7
pDCs|Classical Monocytes|HLA-DRB5|CD4,cHD,9,10,1,0,1,0,0,0,11
pDCs|Classical Monocytes|HLA-DRB5|CD4,cSLE,19,22,11,0,4,0,0,0,33
pDCs|Classical Monocytes|HLA-F|LILRB2,aHD,5,5,0,0,0,0,0,0,5
pDCs|Classical Monocytes|HLA-F|LILRB2,aSLE,7,7,0,0,0,0,0,0,7
pDCs|Classical Monocytes|HLA-F|LILRB2,cHD,10,10,1,0,0,0,0,0,11
pDCs|Classical Monocytes|HLA-F|LILRB2,cSLE,22,22,11,0,1,0,0,0,33
pDCs|Classical Monocytes|HMGB1|CXCR4,aHD,5,5,0,0,0,0,0,0,5
pDCs|Classical Monocytes|HMGB1|CXCR4,aSLE,7,7,0,0,0,0,0,0,7
pDCs|Classical Monocytes|HMGB1|CXCR4,cHD,10,10,1,0,0,0,0,0,11
pDCs|Classical Monocytes|HMGB1|CXCR4,cSLE,22,22,11,0,0,0,0,0,33
pDCs|Classical Monocytes|HMGB1|TLR2,aHD,5,5,0,0,0,0,0,0,5
pDCs|Classical Monocytes|HMGB1|TLR2,aSLE,7,7,0,0,0,0,0,0,7
pDCs|Classical Monocytes|HMGB1|TLR2,cHD,10,10,1,0,0,0,0,0,11
pDCs|Classical Monocytes|HMGB1|TLR2,cSLE,22,22,11,0,0,0,0,0,33
pDCs|Classical Monocytes|ICAM3|ITGAL,aHD,5,5,0,0,0,0,0,0,5
pDCs|Classical Monocytes|ICAM3|ITGAL,aSLE,7,7,0,0,0,0,0,0,7
pDCs|Classical Monocytes|ICAM3|ITGAL,cHD,10,10,1,0,0,1,0,0,11
pDCs|Classical Monocytes|ICAM3|ITGAL,cSLE,21,22,11,0,0,2,0,0,33
pDCs|Classical Monocytes|IL16|CD4,aHD,5,5,0,0,0,0,0,0,5
pDCs|Classical Monocytes|IL16|CD4,aSLE,7,7,0,0,0,0,0,0,7
pDCs|Classical Monocytes|IL16|CD4,cHD,10,10,1,0,0,0,0,0,11
pDCs|Classical Monocytes|IL16|CD4,cSLE,22,22,11,0,1,0,0,0,33
pDCs|Classical Monocytes|LGALS1|CD69,aHD,5,5,0,0,0,0,0,0,5
pDCs|Classical Monocytes|LGALS1|CD69,aSLE,6,7,0,0,0,1,0,0,7
pDCs|Classical Monocytes|LGALS1|CD69,cHD,10,10,1,0,0,0,0,0,11
pDCs|Classical Monocytes|LGALS1|CD69,cSLE,22,22,11,0,0,0,0,0,33
pDCs|Classical Monocytes|LGALS1|ITGB1,aHD,5,5,0,0,0,0,0,0,5
pDCs|Classical Monocytes|LGALS1|ITGB1,aSLE,7,7,0,0,0,0,0,0,7
pDCs|Classical Monocytes|LGALS1|ITGB1,cHD,10,10,1,0,0,0,0,0,11
pDCs|Classical Monocytes|LGALS1|ITGB1,cSLE,22,22,11,0,0,0,0,0,33
pDCs|Classical Monocytes|LGALS1|PTPRC,aHD,5,5,0,0,0,0,0,0,5
pDCs|Classical Monocytes|LGALS1|PTPRC,aSLE,7,7,0,0,0,0,0,0,7
pDCs|Classical Monocytes|LGALS1|PTPRC,cHD,10,10,1,0,0,0,0,0,11
pDCs|Classical Monocytes|LGALS1|PTPRC,cSLE,22,22,11,0,0,0,0,0,33
pDCs|Classical Monocytes|LGALS9|CD44,aHD,5,5,0,0,0,0,0,0,5
pDCs|Classical Monocytes|LGALS9|CD44,aSLE,7,7,0,0,0,0,0,0,7
pDCs|Classical Monocytes|LGALS9|CD44,cHD,10,10,1,0,0,0,0,0,11
pDCs|Classical Monocytes|LGALS9|CD44,cSLE,21,22,11,0,2,0,0,0,33
pDCs|Classical Monocytes|LGALS9|CD47,aHD,5,5,0,0,0,0,0,0,5
pDCs|Classical Monocytes|LGALS9|CD47,aSLE,7,7,0,0,0,0,0,0,7
pDCs|Classical Monocytes|LGALS9|CD47,cHD,10,10,1,0,0,0,0,0,11
pDCs|Classical Monocytes|LGALS9|CD47,cSLE,21,22,11,0,2,0,0,0,33
pDCs|Classical Monocytes|LGALS9|LRP1,aHD,5,5,0,0,0,0,0,0,5
pDCs|Classical Monocytes|LGALS9|LRP1,aSLE,7,7,0,0,0,0,0,0,7
pDCs|Classical Monocytes|LGALS9|LRP1,cHD,10,10,1,0,0,0,0,0,11
pDCs|Classical Monocytes|LGALS9|LRP1,cSLE,21,22,11,0,2,0,0,0,33
pDCs|Classical Monocytes|LGALS9|PTPRC,aHD,5,5,0,0,0,0,0,0,5
pDCs|Classical Monocytes|LGALS9|PTPRC,aSLE,7,7,0,0,0,0,0,0,7
pDCs|Classical Monocytes|LGALS9|PTPRC,cHD,10,10,1,0,0,0,0,0,11
pDCs|Classical Monocytes|LGALS9|PTPRC,cSLE,21,22,11,0,2,0,0,0,33
pDCs|Classical Monocytes|LRPAP1|LRP1,aHD,5,5,0,0,0,0,0,0,5
pDCs|Classical Monocytes|LRPAP1|LRP1,aSLE,7,7,0,0,0,0,0,0,7
pDCs|Classical Monocytes|LRPAP1|LRP1,cHD,9,10,1,0,1,0,0,0,11
pDCs|Classical Monocytes|LRPAP1|LRP1,cSLE,22,22,11,0,1,0,0,0,33
pDCs|Classical Monocytes|LRPAP1|SORL1,aHD,5,5,0,0,0,0,0,0,5
pDCs|Classical Monocytes|LRPAP1|SORL1,aSLE,7,7,0,0,0,0,0,0,7
pDCs|Classical Monocytes|LRPAP1|SORL1,cHD,9,10,1,0,1,0,0,0,11
pDCs|Classical Monocytes|LRPAP1|SORL1,cSLE,21,22,11,0,1,2,0,0,33
pDCs|Classical Monocytes|LTB|TNFRSF1A,aHD,5,5,0,0,0,0,0,0,5
pDCs|Classical Monocytes|LTB|TNFRSF1A,aSLE,7,7,0,0,0,0,0,0,7
pDCs|Classical Monocytes|LTB|TNFRSF1A,cHD,10,10,1,0,0,0,0,0,11
pDCs|Classical Monocytes|LTB|TNFRSF1A,cSLE,22,22,11,0,1,0,0,0,33
pDCs|Classical Monocytes|MIF|CD44_CD74,aHD,5,5,0,0,0,0,0,0,5
pDCs|Classical Monocytes|MIF|CD44_CD74,aSLE,7,7,0,0,0,0,0,0,7
pDCs|Classical Monocytes|MIF|CD44_CD74,cHD,10,10,1,0,0,0,0,0,11
pDCs|Classical Monocytes|MIF|CD44_CD74,cSLE,22,22,11,0,0,0,0,0,33
pDCs|Classical Monocytes|MIF|CD74_CXCR4,aHD,5,5,0,0,0,0,0,0,5
pDCs|Classical Monocytes|MIF|CD74_CXCR4,aSLE,7,7,0,0,0,0,0,0,7
pDCs|Classical Monocytes|MIF|CD74_CXCR4,cHD,10,10,1,0,0,0,0,0,11
pDCs|Classical Monocytes|MIF|CD74_CXCR4,cSLE,22,22,11,0,0,0,0,0,33
pDCs|Classical Monocytes|MIF|TNFRSF14,aHD,5,5,0,0,0,0,0,0,5
pDCs|Classical Monocytes|MIF|TNFRSF14,aSLE,7,7,0,0,0,0,0,0,7
pDCs|Classical Monocytes|MIF|TNFRSF14,cHD,10,10,1,0,0,0,0,0,11
pDCs|Classical Monocytes|MIF|TNFRSF14,cSLE,22,22,11,0,0,0,0,0,33
pDCs|Classical Monocytes|PKM|CD44,aHD,5,5,0,0,0,0,0,0,5
pDCs|Classical Monocytes|PKM|CD44,aSLE,7,7,0,0,0,0,0,0,7
pDCs|Classical Monocytes|PKM|CD44,cHD,10,10,1,0,0,0,0,0,11
pDCs|Classical Monocytes|PKM|CD44,cSLE,22,22,11,0,0,0,0,0,33
pDCs|Classical Monocytes|PSAP|LRP1,aHD,5,5,0,0,0,0,0,0,5
pDCs|Classical Monocytes|PSAP|LRP1,aSLE,7,7,0,0,0,0,0,0,7
pDCs|Classical Monocytes|PSAP|LRP1,cHD,10,10,1,0,0,0,0,0,11
pDCs|Classical Monocytes|PSAP|LRP1,cSLE,22,22,11,0,0,0,0,0,33
pDCs|Classical Monocytes|PTPN6|CD300LF,aHD,5,5,0,0,0,0,0,0,5
pDCs|Classical Monocytes|PTPN6|CD300LF,aSLE,7,7,0,0,0,0,0,0,7
pDCs|Classical Monocytes|PTPN6|CD300LF,cHD,10,10,1,0,0,0,0,0,11
pDCs|Classical Monocytes|PTPN6|CD300LF,cSLE,17,22,11,0,2,5,0,0,33
pDCs|Classical Monocytes|PTPN6|CLEC12A,aHD,5,5,0,0,0,0,0,0,5
pDCs|Classical Monocytes|PTPN6|CLEC12A,aSLE,7,7,0,0,0,0,0,0,7
pDCs|Classical Monocytes|PTPN6|CLEC12A,cHD,10,10,1,0,0,0,0,0,11
pDCs|Classical Monocytes|PTPN6|CLEC12A,cSLE,21,22,11,0,2,0,0,0,33
pDCs|Classical Monocytes|RPS19|C5AR1,aHD,5,5,0,0,0,0,0,0,5
pDCs|Classical Monocytes|RPS19|C5AR1,aSLE,7,7,0,0,0,0,0,0,7
pDCs|Classical Monocytes|RPS19|C5AR1,cHD,10,10,1,0,0,0,0,0,11
pDCs|Classical Monocytes|RPS19|C5AR1,cSLE,22,22,11,0,0,0,0,0,33
pDCs|Classical Monocytes|S100A8|CD36,aHD,5,5,0,0,0,0,0,0,5
pDCs|Classical Monocytes|S100A8|CD36,aSLE,6,7,0,0,1,0,0,0,7
pDCs|Classical Monocytes|S100A8|CD36,cHD,9,10,1,0,2,0,0,0,11
pDCs|Classical Monocytes|S100A8|CD36,cSLE,22,22,11,0,0,0,0,0,33
pDCs|Classical Monocytes|S100A8|CD68,aHD,5,5,0,0,0,0,0,0,5
pDCs|Classical Monocytes|S100A8|CD68,aSLE,6,7,0,0,1,0,0,0,7
pDCs|Classical Monocytes|S100A8|CD68,cHD,9,10,1,0,2,0,0,0,11
pDCs|Classical Monocytes|S100A8|CD68,cSLE,22,22,11,0,0,0,0,0,33
pDCs|Classical Monocytes|S100A8|CD69,aHD,5,5,0,0,0,0,0,0,5
pDCs|Classical Monocytes|S100A8|CD69,aSLE,5,7,0,0,1,1,0,0,7
pDCs|Classical Monocytes|S100A8|CD69,cHD,9,10,1,0,2,0,0,0,11
pDCs|Classical Monocytes|S100A8|CD69,cSLE,22,22,11,0,0,0,0,0,33
pDCs|Classical Monocytes|S100A8|ITGB2,aHD,5,5,0,0,0,0,0,0,5
pDCs|Classical Monocytes|S100A8|ITGB2,aSLE,6,7,0,0,1,0,0,0,7
pDCs|Classical Monocytes|S100A8|ITGB2,cHD,9,10,1,0,2,0,0,0,11
pDCs|Classical Monocytes|S100A8|ITGB2,cSLE,22,22,11,0,0,0,0,0,33
pDCs|Classical Monocytes|S100A9|CD36,aHD,5,5,0,0,0,0,0,0,5
pDCs|Classical Monocytes|S100A9|CD36,aSLE,7,7,0,0,0,0,0,0,7
pDCs|Classical Monocytes|S100A9|CD36,cHD,6,10,1,0,4,0,0,0,11
pDCs|Classical Monocytes|S100A9|CD36,cSLE,22,22,11,0,0,0,0,0,33
pDCs|Classical Monocytes|S100A9|CD68,aHD,5,5,0,0,0,0,0,0,5
pDCs|Classical Monocytes|S100A9|CD68,aSLE,7,7,0,0,0,0,0,0,7
pDCs|Classical Monocytes|S100A9|CD68,cHD,6,10,1,0,4,0,0,0,11
pDCs|Classical Monocytes|S100A9|CD68,cSLE,22,22,11,0,0,0,0,0,33
pDCs|Classical Monocytes|S100A9|ITGB2,aHD,5,5,0,0,0,0,0,0,5
pDCs|Classical Monocytes|S100A9|ITGB2,aSLE,7,7,0,0,0,0,0,0,7
pDCs|Classical Monocytes|S100A9|ITGB2,cHD,6,10,1,0,4,0,0,0,11
pDCs|Classical Monocytes|S100A9|ITGB2,cSLE,22,22,11,0,0,0,0,0,33
pDCs|Classical Monocytes|SELPLG|ITGAM,aHD,5,5,0,0,0,0,0,0,5
pDCs|Classical Monocytes|SELPLG|ITGAM,aSLE,7,7,0,0,0,0,0,0,7
pDCs|Classical Monocytes|SELPLG|ITGAM,cHD,10,10,1,0,0,0,0,0,11
pDCs|Classical Monocytes|SELPLG|ITGAM,cSLE,22,22,11,0,1,0,0,0,33
pDCs|Classical Monocytes|SELPLG|ITGB2,aHD,5,5,0,0,0,0,0,0,5
pDCs|Classical Monocytes|SELPLG|ITGB2,aSLE,7,7,0,0,0,0,0,0,7
pDCs|Classical Monocytes|SELPLG|ITGB2,cHD,10,10,1,0,0,0,0,0,11
pDCs|Classical Monocytes|SELPLG|ITGB2,cSLE,22,22,11,0,1,0,0,0,33
pDCs|Classical Monocytes|SELPLG|SELL,aHD,5,5,0,0,0,0,0,0,5
pDCs|Classical Monocytes|SELPLG|SELL,aSLE,7,7,0,0,0,0,0,0,7
pDCs|Classical Monocytes|SELPLG|SELL,cHD,10,10,1,0,0,0,0,0,11
pDCs|Classical Monocytes|SELPLG|SELL,cSLE,22,22,11,0,1,0,0,0,33
pDCs|Classical Monocytes|SERPINF1|PLXDC2,aHD,5,5,0,0,0,0,0,0,5
pDCs|Classical Monocytes|SERPINF1|PLXDC2,aSLE,7,7,0,0,0,0,0,0,7
pDCs|Classical Monocytes|SERPINF1|PLXDC2,cHD,10,10,1,0,0,0,0,0,11
pDCs|Classical Monocytes|SERPINF1|PLXDC2,cSLE,21,22,11,0,3,0,0,0,33
pDCs|Classical Monocytes|TGFB1|CXCR4,aHD,5,5,0,0,0,0,0,0,5
pDCs|Classical Monocytes|TGFB1|CXCR4,aSLE,5,7,0,0,2,0,0,0,7
pDCs|Classical Monocytes|TGFB1|CXCR4,cHD,10,10,1,0,0,0,0,0,11
pDCs|Classical Monocytes|TGFB1|CXCR4,cSLE,22,22,11,0,0,0,0,0,33
pDCs|Classical Monocytes|TGFB1|ITGB1,aHD,5,5,0,0,0,0,0,0,5
pDCs|Classical Monocytes|TGFB1|ITGB1,aSLE,5,7,0,0,2,0,0,0,7
pDCs|Classical Monocytes|TGFB1|ITGB1,cHD,10,10,1,0,0,0,0,0,11
pDCs|Classical Monocytes|TGFB1|ITGB1,cSLE,22,22,11,0,0,0,0,0,33
pDCs|Classical Monocytes|TNFSF13B|HLA-DPB1,aHD,5,5,0,0,0,0,0,0,5
pDCs|Classical Monocytes|TNFSF13B|HLA-DPB1,aSLE,7,7,0,0,0,0,0,0,7
pDCs|Classical Monocytes|TNFSF13B|HLA-DPB1,cHD,10,10,1,0,0,0,0,0,11
pDCs|Classical Monocytes|TNFSF13B|HLA-DPB1,cSLE,21,22,11,0,3,0,0,0,33
pDCs|Classical Monocytes|VIM|CD44,aHD,5,5,0,0,0,0,0,0,5
pDCs|Classical Monocytes|VIM|CD44,aSLE,7,7,0,0,0,0,0,0,7
pDCs|Classical Monocytes|VIM|CD44,cHD,10,10,1,0,0,0,0,0,11
pDCs|Classical Monocytes|VIM|CD44,cSLE,22,22,11,0,0,0,0,0,33
pDCs|NK Cells|APP|CD74,aHD,5,5,0,0,0,0,0,0,5
pDCs|NK Cells|APP|CD74,aSLE,7,7,0,0,0,0,0,0,7
pDCs|NK Cells|APP|CD74,cHD,10,10,1,0,0,0,0,0,11
pDCs|NK Cells|APP|CD74,cSLE,22,22,11,0,1,0,0,0,33
pDCs|NK Cells|APP|LRP10,aHD,5,5,0,0,0,0,0,0,5
pDCs|NK Cells|APP|LRP10,aSLE,7,7,0,0,0,0,0,0,7
pDCs|NK Cells|APP|LRP10,cHD,10,10,1,0,0,0,0,0,11
pDCs|NK Cells|APP|LRP10,cSLE,22,22,11,0,1,0,0,0,33
pDCs|NK Cells|APP|PTGER2,aHD,5,5,0,0,0,0,0,0,5
pDCs|NK Cells|APP|PTGER2,aSLE,7,7,0,0,0,0,0,0,7
pDCs|NK Cells|APP|PTGER2,cHD,10,10,1,0,0,0,0,0,11
pDCs|NK Cells|APP|PTGER2,cSLE,22,22,11,0,1,0,0,0,33
pDCs|NK Cells|B2M|KLRD1,aHD,5,5,0,0,0,0,0,0,5
pDCs|NK Cells|B2M|KLRD1,aSLE,7,7,0,0,0,0,0,0,7
pDCs|NK Cells|B2M|KLRD1,cHD,10,10,1,0,0,0,0,0,11
pDCs|NK Cells|B2M|KLRD1,cSLE,22,22,11,0,0,0,0,0,33
pDCs|NK Cells|CALM1|PTPRA,aHD,5,5,0,0,0,0,0,0,5
pDCs|NK Cells|CALM1|PTPRA,aSLE,7,7,0,0,0,0,0,0,7
pDCs|NK Cells|CALM1|PTPRA,cHD,10,10,1,0,0,0,0,0,11
pDCs|NK Cells|CALM1|PTPRA,cSLE,22,22,11,0,0,0,0,0,33
pDCs|NK Cells|CD48|CD2,aHD,5,5,0,0,0,0,0,0,5
pDCs|NK Cells|CD48|CD2,aSLE,6,7,0,0,1,0,0,0,7
pDCs|NK Cells|CD48|CD2,cHD,10,10,1,0,0,0,0,0,11
pDCs|NK Cells|CD48|CD2,cSLE,22,22,11,0,1,0,0,0,33
pDCs|NK Cells|CLEC2B|KLRF1,aHD,5,5,0,0,0,0,0,0,5
pDCs|NK Cells|CLEC2B|KLRF1,aSLE,6,7,0,0,0,1,0,0,7
pDCs|NK Cells|CLEC2B|KLRF1,cHD,10,10,1,0,0,0,0,0,11
pDCs|NK Cells|CLEC2B|KLRF1,cSLE,22,22,11,0,2,0,0,0,33
pDCs|NK Cells|COPA|CD74,aHD,5,5,0,0,0,0,0,0,5
pDCs|NK Cells|COPA|CD74,aSLE,7,7,0,0,0,0,0,0,7
pDCs|NK Cells|COPA|CD74,cHD,10,10,1,0,0,0,0,0,11
pDCs|NK Cells|COPA|CD74,cSLE,21,22,11,0,4,0,0,0,33
pDCs|NK Cells|GNAI2|S1PR4,aHD,5,5,0,0,0,0,0,0,5
pDCs|NK Cells|GNAI2|S1PR4,aSLE,7,7,0,0,0,0,0,0,7
pDCs|NK Cells|GNAI2|S1PR4,cHD,10,10,1,0,0,0,0,0,11
pDCs|NK Cells|GNAI2|S1PR4,cSLE,20,22,11,0,0,2,0,0,33
pDCs|NK Cells|GNAI2|S1PR5,aHD,5,5,0,0,0,0,0,0,5
pDCs|NK Cells|GNAI2|S1PR5,aSLE,7,7,0,0,0,0,0,0,7
pDCs|NK Cells|GNAI2|S1PR5,cHD,10,10,1,0,0,0,0,0,11
pDCs|NK Cells|GNAI2|S1PR5,cSLE,22,22,11,0,0,0,0,0,33
pDCs|NK Cells|GNAS|PTGDR,aHD,5,5,0,0,0,0,0,0,5
pDCs|NK Cells|GNAS|PTGDR,aSLE,7,7,0,0,0,0,0,0,7
pDCs|NK Cells|GNAS|PTGDR,cHD,10,10,1,0,0,0,0,0,11
pDCs|NK Cells|GNAS|PTGDR,cSLE,21,22,11,0,1,1,0,0,33
pDCs|NK Cells|GRN|TNFRSF1B,aHD,5,5,0,0,0,0,0,0,5
pDCs|NK Cells|GRN|TNFRSF1B,aSLE,7,7,0,0,0,0,0,0,7
pDCs|NK Cells|GRN|TNFRSF1B,cHD,10,10,1,0,0,0,0,0,11
pDCs|NK Cells|GRN|TNFRSF1B,cSLE,22,22,11,0,0,0,0,0,33
pDCs|NK Cells|HLA-A|CD8A,aHD,5,5,0,0,0,0,0,0,5
pDCs|NK Cells|HLA-A|CD8A,aSLE,7,7,0,0,0,0,0,0,7
pDCs|NK Cells|HLA-A|CD8A,cHD,7,10,1,0,0,3,0,0,11
pDCs|NK Cells|HLA-A|CD8A,cSLE,12,22,11,0,0,11,0,0,33
pDCs|NK Cells|HLA-B|CD3D,aHD,5,5,0,0,0,0,0,0,5
pDCs|NK Cells|HLA-B|CD3D,aSLE,7,7,0,0,0,0,0,0,7
pDCs|NK Cells|HLA-B|CD3D,cHD,7,10,1,0,0,3,0,0,11
pDCs|NK Cells|HLA-B|CD3D,cSLE,18,22,11,0,0,5,0,0,33
pDCs|NK Cells|HLA-B|CD8A,aHD,5,5,0,0,0,0,0,0,5
pDCs|NK Cells|HLA-B|CD8A,aSLE,7,7,0,0,0,0,0,0,7
pDCs|NK Cells|HLA-B|CD8A,cHD,7,10,1,0,0,3,0,0,11
pDCs|NK Cells|HLA-B|CD8A,cSLE,12,22,11,0,0,11,0,0,33
pDCs|NK Cells|HLA-B|KLRD1,aHD,5,5,0,0,0,0,0,0,5
pDCs|NK Cells|HLA-B|KLRD1,aSLE,7,7,0,0,0,0,0,0,7
pDCs|NK Cells|HLA-B|KLRD1,cHD,10,10,1,0,0,0,0,0,11
pDCs|NK Cells|HLA-B|KLRD1,cSLE,22,22,11,0,0,0,0,0,33
pDCs|NK Cells|HLA-C|CD8A,aHD,5,5,0,0,0,0,0,0,5
pDCs|NK Cells|HLA-C|CD8A,aSLE,7,7,0,0,0,0,0,0,7
pDCs|NK Cells|HLA-C|CD8A,cHD,7,10,1,0,0,3,0,0,11
pDCs|NK Cells|HLA-C|CD8A,cSLE,12,22,11,0,0,11,0,0,33
pDCs|NK Cells|HLA-E|CD8A,aHD,5,5,0,0,0,0,0,0,5
pDCs|NK Cells|HLA-E|CD8A,aSLE,7,7,0,0,0,0,0,0,7
pDCs|NK Cells|HLA-E|CD8A,cHD,7,10,1,0,0,3,0,0,11
pDCs|NK Cells|HLA-E|CD8A,cSLE,12,22,11,0,0,11,0,0,33
pDCs|NK Cells|HLA-F|CD8A,aHD,5,5,0,0,0,0,0,0,5
pDCs|NK Cells|HLA-F|CD8A,aSLE,7,7,0,0,0,0,0,0,7
pDCs|NK Cells|HLA-F|CD8A,cHD,7,10,1,0,0,3,0,0,11
pDCs|NK Cells|HLA-F|CD8A,cSLE,12,22,11,0,1,11,0,0,33
pDCs|NK Cells|HMGB1|CXCR4,aHD,5,5,0,0,0,0,0,0,5
pDCs|NK Cells|HMGB1|CXCR4,aSLE,7,7,0,0,0,0,0,0,7
pDCs|NK Cells|HMGB1|CXCR4,cHD,10,10,1,0,0,0,0,0,11
pDCs|NK Cells|HMGB1|CXCR4,cSLE,22,22,11,0,0,0,0,0,33
pDCs|NK Cells|ICAM3|ITGAL,aHD,5,5,0,0,0,0,0,0,5
pDCs|NK Cells|ICAM3|ITGAL,aSLE,7,7,0,0,0,0,0,0,7
pDCs|NK Cells|ICAM3|ITGAL,cHD,10,10,1,0,0,0,0,0,11
pDCs|NK Cells|ICAM3|ITGAL,cSLE,22,22,11,0,0,0,0,0,33
pDCs|NK Cells|LGALS1|CD69,aHD,5,5,0,0,0,0,0,0,5
pDCs|NK Cells|LGALS1|CD69,aSLE,7,7,0,0,0,0,0,0,7
pDCs|NK Cells|LGALS1|CD69,cHD,10,10,1,0,0,0,0,0,11
pDCs|NK Cells|LGALS1|CD69,cSLE,22,22,11,0,0,0,0,0,33
pDCs|NK Cells|LGALS1|ITGB1,aHD,5,5,0,0,0,0,0,0,5
pDCs|NK Cells|LGALS1|ITGB1,aSLE,7,7,0,0,0,0,0,0,7
pDCs|NK Cells|LGALS1|ITGB1,cHD,10,10,1,0,0,0,0,0,11
pDCs|NK Cells|LGALS1|ITGB1,cSLE,22,22,11,0,0,0,0,0,33
pDCs|NK Cells|LGALS1|PTPRC,aHD,5,5,0,0,0,0,0,0,5
pDCs|NK Cells|LGALS1|PTPRC,aSLE,7,7,0,0,0,0,0,0,7
pDCs|NK Cells|LGALS1|PTPRC,cHD,10,10,1,0,0,0,0,0,11
pDCs|NK Cells|LGALS1|PTPRC,cSLE,22,22,11,0,0,0,0,0,33
pDCs|NK Cells|LGALS9|CD44,aHD,5,5,0,0,0,0,0,0,5
pDCs|NK Cells|LGALS9|CD44,aSLE,7,7,0,0,0,0,0,0,7
pDCs|NK Cells|LGALS9|CD44,cHD,10,10,1,0,0,0,0,0,11
pDCs|NK Cells|LGALS9|CD44,cSLE,21,22,11,0,2,0,0,0,33
pDCs|NK Cells|LGALS9|CD47,aHD,5,5,0,0,0,0,0,0,5
pDCs|NK Cells|LGALS9|CD47,aSLE,7,7,0,0,0,0,0,0,7
pDCs|NK Cells|LGALS9|CD47,cHD,10,10,1,0,0,0,0,0,11
pDCs|NK Cells|LGALS9|CD47,cSLE,21,22,11,0,2,0,0,0,33
pDCs|NK Cells|LGALS9|PTPRC,aHD,5,5,0,0,0,0,0,0,5
pDCs|NK Cells|LGALS9|PTPRC,aSLE,7,7,0,0,0,0,0,0,7
pDCs|NK Cells|LGALS9|PTPRC,cHD,10,10,1,0,0,0,0,0,11
pDCs|NK Cells|LGALS9|PTPRC,cSLE,21,22,11,0,2,0,0,0,33
pDCs|NK Cells|LRPAP1|SORL1,aHD,5,5,0,0,0,0,0,0,5
pDCs|NK Cells|LRPAP1|SORL1,aSLE,7,7,0,0,0,0,0,0,7
pDCs|NK Cells|LRPAP1|SORL1,cHD,9,10,1,0,1,0,0,0,11
pDCs|NK Cells|LRPAP1|SORL1,cSLE,22,22,11,0,1,1,0,0,33
pDCs|NK Cells|MIF|CD44_CD74,aHD,5,5,0,0,0,0,0,0,5
pDCs|NK Cells|MIF|CD44_CD74,aSLE,7,7,0,0,0,0,0,0,7
pDCs|NK Cells|MIF|CD44_CD74,cHD,10,10,1,0,0,0,0,0,11
pDCs|NK Cells|MIF|CD44_CD74,cSLE,22,22,11,0,0,0,0,0,33
pDCs|NK Cells|MIF|CD74_CXCR4,aHD,5,5,0,0,0,0,0,0,5
pDCs|NK Cells|MIF|CD74_CXCR4,aSLE,7,7,0,0,0,0,0,0,7
pDCs|NK Cells|MIF|CD74_CXCR4,cHD,10,10,1,0,0,0,0,0,11
pDCs|NK Cells|MIF|CD74_CXCR4,cSLE,22,22,11,0,0,0,0,0,33
pDCs|NK Cells|MIF|TNFRSF14,aHD,5,5,0,0,0,0,0,0,5
pDCs|NK Cells|MIF|TNFRSF14,aSLE,7,7,0,0,0,0,0,0,7
pDCs|NK Cells|MIF|TNFRSF14,cHD,10,10,1,0,0,0,0,0,11
pDCs|NK Cells|MIF|TNFRSF14,cSLE,22,22,11,0,0,0,0,0,33
pDCs|NK Cells|PKM|CD44,aHD,5,5,0,0,0,0,0,0,5
pDCs|NK Cells|PKM|CD44,aSLE,7,7,0,0,0,0,0,0,7
pDCs|NK Cells|PKM|CD44,cHD,10,10,1,0,0,0,0,0,11
pDCs|NK Cells|PKM|CD44,cSLE,22,22,11,0,0,0,0,0,33
pDCs|NK Cells|PTDSS1|JMJD6,aHD,5,5,0,0,0,0,0,0,5
pDCs|NK Cells|PTDSS1|JMJD6,aSLE,6,7,0,0,1,0,0,0,7
pDCs|NK Cells|PTDSS1|JMJD6,cHD,7,10,1,0,1,2,0,0,11
pDCs|NK Cells|PTDSS1|JMJD6,cSLE,19,22,11,0,1,5,0,0,33
pDCs|NK Cells|S100A8|CD69,aHD,5,5,0,0,0,0,0,0,5
pDCs|NK Cells|S100A8|CD69,aSLE,6,7,0,0,1,0,0,0,7
pDCs|NK Cells|S100A8|CD69,cHD,9,10,1,0,2,0,0,0,11
pDCs|NK Cells|S100A8|CD69,cSLE,22,22,11,0,0,0,0,0,33
pDCs|NK Cells|S100A8|ITGB2,aHD,5,5,0,0,0,0,0,0,5
pDCs|NK Cells|S100A8|ITGB2,aSLE,6,7,0,0,1,0,0,0,7
pDCs|NK Cells|S100A8|ITGB2,cHD,9,10,1,0,2,0,0,0,11
pDCs|NK Cells|S100A8|ITGB2,cSLE,22,22,11,0,0,0,0,0,33
pDCs|NK Cells|S100A9|ITGB2,aHD,5,5,0,0,0,0,0,0,5
pDCs|NK Cells|S100A9|ITGB2,aSLE,7,7,0,0,0,0,0,0,7
pDCs|NK Cells|S100A9|ITGB2,cHD,6,10,1,0,4,0,0,0,11
pDCs|NK Cells|S100A9|ITGB2,cSLE,22,22,11,0,0,0,0,0,33
pDCs|NK Cells|SELPLG|ITGAM,aHD,5,5,0,0,0,0,0,0,5
pDCs|NK Cells|SELPLG|ITGAM,aSLE,6,7,0,0,0,1,0,0,7
pDCs|NK Cells|SELPLG|ITGAM,cHD,10,10,1,0,0,0,0,0,11
pDCs|NK Cells|SELPLG|ITGAM,cSLE,22,22,11,0,1,0,0,0,33
pDCs|NK Cells|SELPLG|ITGB2,aHD,5,5,0,0,0,0,0,0,5
pDCs|NK Cells|SELPLG|ITGB2,aSLE,7,7,0,0,0,0,0,0,7
pDCs|NK Cells|SELPLG|ITGB2,cHD,10,10,1,0,0,0,0,0,11
pDCs|NK Cells|SELPLG|ITGB2,cSLE,22,22,11,0,1,0,0,0,33
pDCs|NK Cells|SELPLG|SELL,aHD,5,5,0,0,0,0,0,0,5
pDCs|NK Cells|SELPLG|SELL,aSLE,7,7,0,0,0,0,0,0,7
pDCs|NK Cells|SELPLG|SELL,cHD,10,10,1,0,0,0,0,0,11
pDCs|NK Cells|SELPLG|SELL,cSLE,22,22,11,0,1,0,0,0,33
pDCs|NK Cells|TGFB1|CXCR4,aHD,5,5,0,0,0,0,0,0,5
pDCs|NK Cells|TGFB1|CXCR4,aSLE,5,7,0,0,2,0,0,0,7
pDCs|NK Cells|TGFB1|CXCR4,cHD,10,10,1,0,0,0,0,0,11
pDCs|NK Cells|TGFB1|CXCR4,cSLE,22,22,11,0,0,0,0,0,33
pDCs|NK Cells|TGFB1|ITGB1,aHD,5,5,0,0,0,0,0,0,5
pDCs|NK Cells|TGFB1|ITGB1,aSLE,5,7,0,0,2,0,0,0,7
pDCs|NK Cells|TGFB1|ITGB1,cHD,10,10,1,0,0,0,0,0,11
pDCs|NK Cells|TGFB1|ITGB1,cSLE,22,22,11,0,0,0,0,0,33
pDCs|NK Cells|TNFSF13B|HLA-DPB1,aHD,5,5,0,0,0,0,0,0,5
pDCs|NK Cells|TNFSF13B|HLA-DPB1,aSLE,7,7,0,0,0,0,0,0,7
pDCs|NK Cells|TNFSF13B|HLA-DPB1,cHD,10,10,1,0,0,0,0,0,11
pDCs|NK Cells|TNFSF13B|HLA-DPB1,cSLE,21,22,11,0,3,0,0,0,33
pDCs|NK Cells|VIM|CD44,aHD,5,5,0,0,0,0,0,0,5
pDCs|NK Cells|VIM|CD44,aSLE,7,7,0,0,0,0,0,0,7
pDCs|NK Cells|VIM|CD44,cHD,10,10,1,0,0,0,0,0,11
pDCs|NK Cells|VIM|CD44,cSLE,22,22,11,0,0,0,0,0,33
pDCs|Non-classical Monocytes|ANXA1|FPR1,aHD,5,5,0,0,0,0,0,0,5
pDCs|Non-classical Monocytes|ANXA1|FPR1,aSLE,7,7,0,0,0,0,0,0,7
pDCs|Non-classical Monocytes|ANXA1|FPR1,cHD,9,10,1,0,0,1,0,0,11
pDCs|Non-classical Monocytes|ANXA1|FPR1,cSLE,21,22,11,0,2,0,0,0,33
pDCs|Non-classical Monocytes|ANXA2|TLR2,aHD,5,5,0,0,0,0,0,0,5
pDCs|Non-classical Monocytes|ANXA2|TLR2,aSLE,7,7,0,0,0,0,0,0,7
pDCs|Non-classical Monocytes|ANXA2|TLR2,cHD,10,10,1,0,0,0,0,0,11
pDCs|Non-classical Monocytes|ANXA2|TLR2,cSLE,22,22,11,0,0,0,0,0,33
pDCs|Non-classical Monocytes|APP|CD74,aHD,5,5,0,0,0,0,0,0,5
pDCs|Non-classical Monocytes|APP|CD74,aSLE,7,7,0,0,0,0,0,0,7
pDCs|Non-classical Monocytes|APP|CD74,cHD,10,10,1,0,0,0,0,0,11
pDCs|Non-classical Monocytes|APP|CD74,cSLE,22,22,11,0,1,0,0,0,33
pDCs|Non-classical Monocytes|APP|LRP1,aHD,5,5,0,0,0,0,0,0,5
pDCs|Non-classical Monocytes|APP|LRP1,aSLE,7,7,0,0,0,0,0,0,7
pDCs|Non-classical Monocytes|APP|LRP1,cHD,10,10,1,0,0,0,0,0,11
pDCs|Non-classical Monocytes|APP|LRP1,cSLE,22,22,11,0,1,0,0,0,33
pDCs|Non-classical Monocytes|APP|LRP10,aHD,5,5,0,0,0,0,0,0,5
pDCs|Non-classical Monocytes|APP|LRP10,aSLE,7,7,0,0,0,0,0,0,7
pDCs|Non-classical Monocytes|APP|LRP10,cHD,10,10,1,0,0,0,0,0,11
pDCs|Non-classical Monocytes|APP|LRP10,cSLE,22,22,11,0,1,0,0,0,33
pDCs|Non-classical Monocytes|APP|NOTCH2,aHD,5,5,0,0,0,0,0,0,5
pDCs|Non-classical Monocytes|APP|NOTCH2,aSLE,7,7,0,0,0,0,0,0,7
pDCs|Non-classical Monocytes|APP|NOTCH2,cHD,10,10,1,0,0,0,0,0,11
pDCs|Non-classical Monocytes|APP|NOTCH2,cSLE,22,22,11,0,1,0,0,0,33
pDCs|Non-classical Monocytes|APP|PTGER2,aHD,5,5,0,0,0,0,0,0,5
pDCs|Non-classical Monocytes|APP|PTGER2,aSLE,7,7,0,0,0,0,0,0,7
pDCs|Non-classical Monocytes|APP|PTGER2,cHD,10,10,1,0,0,0,0,0,11
pDCs|Non-classical Monocytes|APP|PTGER2,cSLE,22,22,11,0,1,0,0,0,33
pDCs|Non-classical Monocytes|ARF6|SMAP1,aHD,5,5,0,0,0,0,0,0,5
pDCs|Non-classical Monocytes|ARF6|SMAP1,aSLE,7,7,0,0,0,0,0,0,7
pDCs|Non-classical Monocytes|ARF6|SMAP1,cHD,10,10,1,0,0,0,0,0,11
pDCs|Non-classical Monocytes|ARF6|SMAP1,cSLE,21,22,11,0,0,1,0,0,33
pDCs|Non-classical Monocytes|CALM1|PTPRA,aHD,5,5,0,0,0,0,0,0,5
pDCs|Non-classical Monocytes|CALM1|PTPRA,aSLE,7,7,0,0,0,0,0,0,7
pDCs|Non-classical Monocytes|CALM1|PTPRA,cHD,10,10,1,0,0,0,0,0,11
pDCs|Non-classical Monocytes|CALM1|PTPRA,cSLE,19,22,11,0,0,5,0,0,33
pDCs|Non-classical Monocytes|CALR|LRP1,aHD,5,5,0,0,0,0,0,0,5
pDCs|Non-classical Monocytes|CALR|LRP1,aSLE,7,7,0,0,0,0,0,0,7
pDCs|Non-classical Monocytes|CALR|LRP1,cHD,10,10,1,0,0,0,0,0,11
pDCs|Non-classical Monocytes|CALR|LRP1,cSLE,22,22,11,0,0,0,0,0,33
pDCs|Non-classical Monocytes|CD52|SIGLEC10,aHD,5,5,0,0,0,0,0,0,5
pDCs|Non-classical Monocytes|CD52|SIGLEC10,aSLE,7,7,0,0,0,0,0,0,7
pDCs|Non-classical Monocytes|CD52|SIGLEC10,cHD,10,10,1,0,0,0,0,0,11
pDCs|Non-classical Monocytes|CD52|SIGLEC10,cSLE,21,22,11,0,0,1,0,0,33
pDCs|Non-classical Monocytes|CD99|PILRA,aHD,5,5,0,0,0,0,0,0,5
pDCs|Non-classical Monocytes|CD99|PILRA,aSLE,7,7,0,0,0,0,0,0,7
pDCs|Non-classical Monocytes|CD99|PILRA,cHD,10,10,1,0,0,0,0,0,11
pDCs|Non-classical Monocytes|CD99|PILRA,cSLE,22,22,11,0,0,0,0,0,33
pDCs|Non-classical Monocytes|CIRBP|TREM1,aHD,5,5,0,0,0,0,0,0,5
pDCs|Non-classical Monocytes|CIRBP|TREM1,aSLE,7,7,0,0,0,0,0,0,7
pDCs|Non-classical Monocytes|CIRBP|TREM1,cHD,10,10,1,0,0,0,0,0,11
pDCs|Non-classical Monocytes|CIRBP|TREM1,cSLE,22,22,11,0,0,0,0,0,33
pDCs|Non-classical Monocytes|COPA|CD74,aHD,5,5,0,0,0,0,0,0,5
pDCs|Non-classical Monocytes|COPA|CD74,aSLE,7,7,0,0,0,0,0,0,7
pDCs|Non-classical Monocytes|COPA|CD74,cHD,10,10,1,0,0,0,0,0,11
pDCs|Non-classical Monocytes|COPA|CD74,cSLE,21,22,11,0,4,0,0,0,33
pDCs|Non-classical Monocytes|FABP5|RXRA,aHD,5,5,0,0,0,0,0,0,5
pDCs|Non-classical Monocytes|FABP5|RXRA,aSLE,7,7,0,0,0,0,0,0,7
pDCs|Non-classical Monocytes|FABP5|RXRA,cHD,10,10,1,0,0,0,0,0,11
pDCs|Non-classical Monocytes|FABP5|RXRA,cSLE,22,22,11,0,2,0,0,0,33
pDCs|Non-classical Monocytes|GNAI2|ADCY7,aHD,5,5,0,0,0,0,0,0,5
pDCs|Non-classical Monocytes|GNAI2|ADCY7,aSLE,7,7,0,0,0,0,0,0,7
pDCs|Non-classical Monocytes|GNAI2|ADCY7,cHD,10,10,1,0,0,0,0,0,11
pDCs|Non-classical Monocytes|GNAI2|ADCY7,cSLE,22,22,11,0,0,0,0,0,33
pDCs|Non-classical Monocytes|GNAI2|C5AR1,aHD,5,5,0,0,0,0,0,0,5
pDCs|Non-classical Monocytes|GNAI2|C5AR1,aSLE,7,7,0,0,0,0,0,0,7
pDCs|Non-classical Monocytes|GNAI2|C5AR1,cHD,10,10,1,0,0,0,0,0,11
pDCs|Non-classical Monocytes|GNAI2|C5AR1,cSLE,22,22,11,0,0,0,0,0,33
pDCs|Non-classical Monocytes|GNAI2|FPR1,aHD,5,5,0,0,0,0,0,0,5
pDCs|Non-classical Monocytes|GNAI2|FPR1,aSLE,7,7,0,0,0,0,0,0,7
pDCs|Non-classical Monocytes|GNAI2|FPR1,cHD,9,10,1,0,0,1,0,0,11
pDCs|Non-classical Monocytes|GNAI2|FPR1,cSLE,22,22,11,0,0,0,0,0,33
pDCs|Non-classical Monocytes|GNAI2|S1PR4,aHD,5,5,0,0,0,0,0,0,5
pDCs|Non-classical Monocytes|GNAI2|S1PR4,aSLE,7,7,0,0,0,0,0,0,7
pDCs|Non-classical Monocytes|GNAI2|S1PR4,cHD,10,10,1,0,0,0,0,0,11
pDCs|Non-classical Monocytes|GNAI2|S1PR4,cSLE,22,22,11,0,0,0,0,0,33
pDCs|Non-classical Monocytes|GNAS|ADCY7,aHD,5,5,0,0,0,0,0,0,5
pDCs|Non-classical Monocytes|GNAS|ADCY7,aSLE,7,7,0,0,0,0,0,0,7
pDCs|Non-classical Monocytes|GNAS|ADCY7,cHD,10,10,1,0,0,0,0,0,11
pDCs|Non-classical Monocytes|GNAS|ADCY7,cSLE,22,22,11,0,1,0,0,0,33
pDCs|Non-classical Monocytes|GRN|TNFRSF1A,aHD,5,5,0,0,0,0,0,0,5
pDCs|Non-classical Monocytes|GRN|TNFRSF1A,aSLE,7,7,0,0,0,0,0,0,7
pDCs|Non-classical Monocytes|GRN|TNFRSF1A,cHD,10,10,1,0,0,0,0,0,11
pDCs|Non-classical Monocytes|GRN|TNFRSF1A,cSLE,22,22,11,0,0,0,0,0,33
pDCs|Non-classical Monocytes|GRN|TNFRSF1B,aHD,5,5,0,0,0,0,0,0,5
pDCs|Non-classical Monocytes|GRN|TNFRSF1B,aSLE,7,7,0,0,0,0,0,0,7
pDCs|Non-classical Monocytes|GRN|TNFRSF1B,cHD,10,10,1,0,0,0,0,0,11
pDCs|Non-classical Monocytes|GRN|TNFRSF1B,cSLE,22,22,11,0,0,0,0,0,33
pDCs|Non-classical Monocytes|HLA-A|APLP2,aHD,5,5,0,0,0,0,0,0,5
pDCs|Non-classical Monocytes|HLA-A|APLP2,aSLE,7,7,0,0,0,0,0,0,7
pDCs|Non-classical Monocytes|HLA-A|APLP2,cHD,10,10,1,0,0,0,0,0,11
pDCs|Non-classical Monocytes|HLA-A|APLP2,cSLE,22,22,11,0,0,0,0,0,33
pDCs|Non-classical Monocytes|HLA-A|LILRA1,aHD,5,5,0,0,0,0,0,0,5
pDCs|Non-classical Monocytes|HLA-A|LILRA1,aSLE,7,7,0,0,0,0,0,0,7
pDCs|Non-classical Monocytes|HLA-A|LILRA1,cHD,10,10,1,0,0,0,0,0,11
pDCs|Non-classical Monocytes|HLA-A|LILRA1,cSLE,22,22,11,0,0,0,0,0,33
pDCs|Non-classical Monocytes|HLA-A|LILRB1,aHD,5,5,0,0,0,0,0,0,5
pDCs|Non-classical Monocytes|HLA-A|LILRB1,aSLE,7,7,0,0,0,0,0,0,7
pDCs|Non-classical Monocytes|HLA-A|LILRB1,cHD,10,10,1,0,0,0,0,0,11
pDCs|Non-classical Monocytes|HLA-A|LILRB1,cSLE,22,22,11,0,0,0,0,0,33
pDCs|Non-classical Monocytes|HLA-A|LILRB2,aHD,5,5,0,0,0,0,0,0,5
pDCs|Non-classical Monocytes|HLA-A|LILRB2,aSLE,7,7,0,0,0,0,0,0,7
pDCs|Non-classical Monocytes|HLA-A|LILRB2,cHD,10,10,1,0,0,0,0,0,11
pDCs|Non-classical Monocytes|HLA-A|LILRB2,cSLE,22,22,11,0,0,0,0,0,33
pDCs|Non-classical Monocytes|HLA-B|LILRA1,aHD,5,5,0,0,0,0,0,0,5
pDCs|Non-classical Monocytes|HLA-B|LILRA1,aSLE,7,7,0,0,0,0,0,0,7
pDCs|Non-classical Monocytes|HLA-B|LILRA1,cHD,10,10,1,0,0,0,0,0,11
pDCs|Non-classical Monocytes|HLA-B|LILRA1,cSLE,22,22,11,0,0,0,0,0,33
pDCs|Non-classical Monocytes|HLA-B|LILRB1,aHD,5,5,0,0,0,0,0,0,5
pDCs|Non-classical Monocytes|HLA-B|LILRB1,aSLE,7,7,0,0,0,0,0,0,7
pDCs|Non-classical Monocytes|HLA-B|LILRB1,cHD,10,10,1,0,0,0,0,0,11
pDCs|Non-classical Monocytes|HLA-B|LILRB1,cSLE,22,22,11,0,0,0,0,0,33
pDCs|Non-classical Monocytes|HLA-B|LILRB2,aHD,5,5,0,0,0,0,0,0,5
pDCs|Non-classical Monocytes|HLA-B|LILRB2,aSLE,7,7,0,0,0,0,0,0,7
pDCs|Non-classical Monocytes|HLA-B|LILRB2,cHD,10,10,1,0,0,0,0,0,11
pDCs|Non-classical Monocytes|HLA-B|LILRB2,cSLE,22,22,11,0,0,0,0,0,33
pDCs|Non-classical Monocytes|HLA-C|LILRA1,aHD,5,5,0,0,0,0,0,0,5
pDCs|Non-classical Monocytes|HLA-C|LILRA1,aSLE,7,7,0,0,0,0,0,0,7
pDCs|Non-classical Monocytes|HLA-C|LILRA1,cHD,10,10,1,0,0,0,0,0,11
pDCs|Non-classical Monocytes|HLA-C|LILRA1,cSLE,22,22,11,0,0,0,0,0,33
pDCs|Non-classical Monocytes|HLA-C|LILRB1,aHD,5,5,0,0,0,0,0,0,5
pDCs|Non-classical Monocytes|HLA-C|LILRB1,aSLE,7,7,0,0,0,0,0,0,7
pDCs|Non-classical Monocytes|HLA-C|LILRB1,cHD,10,10,1,0,0,0,0,0,11
pDCs|Non-classical Monocytes|HLA-C|LILRB1,cSLE,22,22,11,0,0,0,0,0,33
pDCs|Non-classical Monocytes|HLA-C|LILRB2,aHD,5,5,0,0,0,0,0,0,5
pDCs|Non-classical Monocytes|HLA-C|LILRB2,aSLE,7,7,0,0,0,0,0,0,7
pDCs|Non-classical Monocytes|HLA-C|LILRB2,cHD,10,10,1,0,0,0,0,0,11
pDCs|Non-classical Monocytes|HLA-C|LILRB2,cSLE,22,22,11,0,0,0,0,0,33
pDCs|Non-classical Monocytes|HLA-DMA|CD4,aHD,5,5,0,0,0,0,0,0,5
pDCs|Non-classical Monocytes|HLA-DMA|CD4,aSLE,7,7,0,0,0,0,0,0,7
pDCs|Non-classical Monocytes|HLA-DMA|CD4,cHD,10,10,1,0,0,0,0,0,11
pDCs|Non-classical Monocytes|HLA-DMA|CD4,cSLE,22,22,11,0,0,0,0,0,33
pDCs|Non-classical Monocytes|HLA-DMB|CD4,aHD,5,5,0,0,0,0,0,0,5
pDCs|Non-classical Monocytes|HLA-DMB|CD4,aSLE,7,7,0,0,0,0,0,0,7
pDCs|Non-classical Monocytes|HLA-DMB|CD4,cHD,10,10,1,0,0,0,0,0,11
pDCs|Non-classical Monocytes|HLA-DMB|CD4,cSLE,22,22,11,0,1,0,0,0,33
pDCs|Non-classical Monocytes|HLA-DPA1|CD4,aHD,5,5,0,0,0,0,0,0,5
pDCs|Non-classical Monocytes|HLA-DPA1|CD4,aSLE,7,7,0,0,0,0,0,0,7
pDCs|Non-classical Monocytes|HLA-DPA1|CD4,cHD,10,10,1,0,0,0,0,0,11
pDCs|Non-classical Monocytes|HLA-DPA1|CD4,cSLE,22,22,11,0,0,0,0,0,33
pDCs|Non-classical Monocytes|HLA-DPB1|CD4,aHD,5,5,0,0,0,0,0,0,5
pDCs|Non-classical Monocytes|HLA-DPB1|CD4,aSLE,7,7,0,0,0,0,0,0,7
pDCs|Non-classical Monocytes|HLA-DPB1|CD4,cHD,10,10,1,0,0,0,0,0,11
pDCs|Non-classical Monocytes|HLA-DPB1|CD4,cSLE,22,22,11,0,0,0,0,0,33
pDCs|Non-classical Monocytes|HLA-DQA1|CD4,aHD,5,5,0,0,0,0,0,0,5
pDCs|Non-classical Monocytes|HLA-DQA1|CD4,aSLE,6,7,0,0,1,0,0,0,7
pDCs|Non-classical Monocytes|HLA-DQA1|CD4,cHD,10,10,1,0,0,0,0,0,11
pDCs|Non-classical Monocytes|HLA-DQA1|CD4,cSLE,22,22,11,0,0,0,0,0,33
pDCs|Non-classical Monocytes|HLA-DQB1|CD4,aHD,5,5,0,0,0,0,0,0,5
pDCs|Non-classical Monocytes|HLA-DQB1|CD4,aSLE,7,7,0,0,0,0,0,0,7
pDCs|Non-classical Monocytes|HLA-DQB1|CD4,cHD,10,10,1,0,0,0,0,0,11
pDCs|Non-classical Monocytes|HLA-DQB1|CD4,cSLE,22,22,11,0,0,0,0,0,33
pDCs|Non-classical Monocytes|HLA-DRA|CD4,aHD,5,5,0,0,0,0,0,0,5
pDCs|Non-classical Monocytes|HLA-DRA|CD4,aSLE,7,7,0,0,0,0,0,0,7
pDCs|Non-classical Monocytes|HLA-DRA|CD4,cHD,10,10,1,0,0,0,0,0,11
pDCs|Non-classical Monocytes|HLA-DRA|CD4,cSLE,22,22,11,0,0,0,0,0,33
pDCs|Non-classical Monocytes|HLA-DRB1|CD4,aHD,5,5,0,0,0,0,0,0,5
pDCs|Non-classical Monocytes|HLA-DRB1|CD4,aSLE,7,7,0,0,0,0,0,0,7
pDCs|Non-classical Monocytes|HLA-DRB1|CD4,cHD,10,10,1,0,0,0,0,0,11
pDCs|Non-classical Monocytes|HLA-DRB1|CD4,cSLE,22,22,11,0,0,0,0,0,33
pDCs|Non-classical Monocytes|HLA-DRB5|CD4,aHD,5,5,0,0,0,0,0,0,5
pDCs|Non-classical Monocytes|HLA-DRB5|CD4,aSLE,6,7,0,0,1,0,0,0,7
pDCs|Non-classical Monocytes|HLA-DRB5|CD4,cHD,9,10,1,0,1,0,0,0,11
pDCs|Non-classical Monocytes|HLA-DRB5|CD4,cSLE,19,22,11,0,4,0,0,0,33
pDCs|Non-classical Monocytes|HLA-F|LILRB1,aHD,5,5,0,0,0,0,0,0,5
pDCs|Non-classical Monocytes|HLA-F|LILRB1,aSLE,7,7,0,0,0,0,0,0,7
pDCs|Non-classical Monocytes|HLA-F|LILRB1,cHD,10,10,1,0,0,0,0,0,11
pDCs|Non-classical Monocytes|HLA-F|LILRB1,cSLE,22,22,11,0,1,0,0,0,33
pDCs|Non-classical Monocytes|HLA-F|LILRB2,aHD,5,5,0,0,0,0,0,0,5
pDCs|Non-classical Monocytes|HLA-F|LILRB2,aSLE,7,7,0,0,0,0,0,0,7
pDCs|Non-classical Monocytes|HLA-F|LILRB2,cHD,10,10,1,0,0,0,0,0,11
pDCs|Non-classical Monocytes|HLA-F|LILRB2,cSLE,22,22,11,0,1,0,0,0,33
pDCs|Non-classical Monocytes|HMGB1|CXCR4,aHD,5,5,0,0,0,0,0,0,5
pDCs|Non-classical Monocytes|HMGB1|CXCR4,aSLE,7,7,0,0,0,0,0,0,7
pDCs|Non-classical Monocytes|HMGB1|CXCR4,cHD,10,10,1,0,0,0,0,0,11
pDCs|Non-classical Monocytes|HMGB1|CXCR4,cSLE,22,22,11,0,0,0,0,0,33
pDCs|Non-classical Monocytes|HMGB1|HAVCR2,aHD,5,5,0,0,0,0,0,0,5
pDCs|Non-classical Monocytes|HMGB1|HAVCR2,aSLE,7,7,0,0,0,0,0,0,7
pDCs|Non-classical Monocytes|HMGB1|HAVCR2,cHD,10,10,1,0,0,0,0,0,11
pDCs|Non-classical Monocytes|HMGB1|HAVCR2,cSLE,19,22,11,0,0,3,0,0,33
pDCs|Non-classical Monocytes|HMGB1|TLR2,aHD,5,5,0,0,0,0,0,0,5
pDCs|Non-classical Monocytes|HMGB1|TLR2,aSLE,7,7,0,0,0,0,0,0,7
pDCs|Non-classical Monocytes|HMGB1|TLR2,cHD,10,10,1,0,0,0,0,0,11
pDCs|Non-classical Monocytes|HMGB1|TLR2,cSLE,22,22,11,0,0,0,0,0,33
pDCs|Non-classical Monocytes|ICAM3|ITGAL,aHD,5,5,0,0,0,0,0,0,5
pDCs|Non-classical Monocytes|ICAM3|ITGAL,aSLE,7,7,0,0,0,0,0,0,7
pDCs|Non-classical Monocytes|ICAM3|ITGAL,cHD,10,10,1,0,0,0,0,0,11
pDCs|Non-classical Monocytes|ICAM3|ITGAL,cSLE,22,22,11,0,0,0,0,0,33
pDCs|Non-classical Monocytes|IL16|CD4,aHD,5,5,0,0,0,0,0,0,5
pDCs|Non-classical Monocytes|IL16|CD4,aSLE,7,7,0,0,0,0,0,0,7
pDCs|Non-classical Monocytes|IL16|CD4,cHD,10,10,1,0,0,0,0,0,11
pDCs|Non-classical Monocytes|IL16|CD4,cSLE,22,22,11,0,1,0,0,0,33
pDCs|Non-classical Monocytes|LGALS1|CD69,aHD,5,5,0,0,0,0,0,0,5
pDCs|Non-classical Monocytes|LGALS1|CD69,aSLE,7,7,0,0,0,0,0,0,7
pDCs|Non-classical Monocytes|LGALS1|CD69,cHD,10,10,1,0,0,0,0,0,11
pDCs|Non-classical Monocytes|LGALS1|CD69,cSLE,22,22,11,0,0,0,0,0,33
pDCs|Non-classical Monocytes|LGALS1|ITGB1,aHD,5,5,0,0,0,0,0,0,5
pDCs|Non-classical Monocytes|LGALS1|ITGB1,aSLE,7,7,0,0,0,0,0,0,7
pDCs|Non-classical Monocytes|LGALS1|ITGB1,cHD,10,10,1,0,0,0,0,0,11
pDCs|Non-classical Monocytes|LGALS1|ITGB1,cSLE,22,22,11,0,0,0,0,0,33
pDCs|Non-classical Monocytes|LGALS1|PTPRC,aHD,5,5,0,0,0,0,0,0,5
pDCs|Non-classical Monocytes|LGALS1|PTPRC,aSLE,7,7,0,0,0,0,0,0,7
pDCs|Non-classical Monocytes|LGALS1|PTPRC,cHD,10,10,1,0,0,0,0,0,11
pDCs|Non-classical Monocytes|LGALS1|PTPRC,cSLE,22,22,11,0,0,0,0,0,33
pDCs|Non-classical Monocytes|LGALS9|CD44,aHD,5,5,0,0,0,0,0,0,5
pDCs|Non-classical Monocytes|LGALS9|CD44,aSLE,7,7,0,0,0,0,0,0,7
pDCs|Non-classical Monocytes|LGALS9|CD44,cHD,10,10,1,0,0,0,0,0,11
pDCs|Non-classical Monocytes|LGALS9|CD44,cSLE,21,22,11,0,2,0,0,0,33
pDCs|Non-classical Monocytes|LGALS9|CD47,aHD,5,5,0,0,0,0,0,0,5
pDCs|Non-classical Monocytes|LGALS9|CD47,aSLE,7,7,0,0,0,0,0,0,7
pDCs|Non-classical Monocytes|LGALS9|CD47,cHD,10,10,1,0,0,0,0,0,11
pDCs|Non-classical Monocytes|LGALS9|CD47,cSLE,21,22,11,0,2,0,0,0,33
pDCs|Non-classical Monocytes|LGALS9|HAVCR2,aHD,5,5,0,0,0,0,0,0,5
pDCs|Non-classical Monocytes|LGALS9|HAVCR2,aSLE,7,7,0,0,0,0,0,0,7
pDCs|Non-classical Monocytes|LGALS9|HAVCR2,cHD,10,10,1,0,0,0,0,0,11
pDCs|Non-classical Monocytes|LGALS9|HAVCR2,cSLE,19,22,11,0,2,3,0,0,33
pDCs|Non-classical Monocytes|LGALS9|LRP1,aHD,5,5,0,0,0,0,0,0,5
pDCs|Non-classical Monocytes|LGALS9|LRP1,aSLE,7,7,0,0,0,0,0,0,7
pDCs|Non-classical Monocytes|LGALS9|LRP1,cHD,10,10,1,0,0,0,0,0,11
pDCs|Non-classical Monocytes|LGALS9|LRP1,cSLE,21,22,11,0,2,0,0,0,33
pDCs|Non-classical Monocytes|LGALS9|PTPRC,aHD,5,5,0,0,0,0,0,0,5
pDCs|Non-classical Monocytes|LGALS9|PTPRC,aSLE,7,7,0,0,0,0,0,0,7
pDCs|Non-classical Monocytes|LGALS9|PTPRC,cHD,10,10,1,0,0,0,0,0,11
pDCs|Non-classical Monocytes|LGALS9|PTPRC,cSLE,21,22,11,0,2,0,0,0,33
pDCs|Non-classical Monocytes|LRPAP1|LRP1,aHD,5,5,0,0,0,0,0,0,5
pDCs|Non-classical Monocytes|LRPAP1|LRP1,aSLE,7,7,0,0,0,0,0,0,7
pDCs|Non-classical Monocytes|LRPAP1|LRP1,cHD,9,10,1,0,1,0,0,0,11
pDCs|Non-classical Monocytes|LRPAP1|LRP1,cSLE,22,22,11,0,1,0,0,0,33
pDCs|Non-classical Monocytes|LRPAP1|SORL1,aHD,5,5,0,0,0,0,0,0,5
pDCs|Non-classical Monocytes|LRPAP1|SORL1,aSLE,6,7,0,0,0,1,0,0,7
pDCs|Non-classical Monocytes|LRPAP1|SORL1,cHD,9,10,1,0,1,0,0,0,11
pDCs|Non-classical Monocytes|LRPAP1|SORL1,cSLE,21,22,11,0,1,4,0,0,33
pDCs|Non-classical Monocytes|LTB|TNFRSF1A,aHD,5,5,0,0,0,0,0,0,5
pDCs|Non-classical Monocytes|LTB|TNFRSF1A,aSLE,7,7,0,0,0,0,0,0,7
pDCs|Non-classical Monocytes|LTB|TNFRSF1A,cHD,10,10,1,0,0,0,0,0,11
pDCs|Non-classical Monocytes|LTB|TNFRSF1A,cSLE,22,22,11,0,1,0,0,0,33
pDCs|Non-classical Monocytes|MIF|CD44_CD74,aHD,5,5,0,0,0,0,0,0,5
pDCs|Non-classical Monocytes|MIF|CD44_CD74,aSLE,7,7,0,0,0,0,0,0,7
pDCs|Non-classical Monocytes|MIF|CD44_CD74,cHD,10,10,1,0,0,0,0,0,11
pDCs|Non-classical Monocytes|MIF|CD44_CD74,cSLE,22,22,11,0,0,0,0,0,33
pDCs|Non-classical Monocytes|MIF|CD74_CXCR4,aHD,5,5,0,0,0,0,0,0,5
pDCs|Non-classical Monocytes|MIF|CD74_CXCR4,aSLE,7,7,0,0,0,0,0,0,7
pDCs|Non-classical Monocytes|MIF|CD74_CXCR4,cHD,10,10,1,0,0,0,0,0,11
pDCs|Non-classical Monocytes|MIF|CD74_CXCR4,cSLE,22,22,11,0,0,0,0,0,33
pDCs|Non-classical Monocytes|MIF|TNFRSF14,aHD,5,5,0,0,0,0,0,0,5
pDCs|Non-classical Monocytes|MIF|TNFRSF14,aSLE,7,7,0,0,0,0,0,0,7
pDCs|Non-classical Monocytes|MIF|TNFRSF14,cHD,10,10,1,0,0,0,0,0,11
pDCs|Non-classical Monocytes|MIF|TNFRSF14,cSLE,22,22,11,0,0,0,0,0,33
pDCs|Non-classical Monocytes|PKM|CD44,aHD,5,5,0,0,0,0,0,0,5
pDCs|Non-classical Monocytes|PKM|CD44,aSLE,7,7,0,0,0,0,0,0,7
pDCs|Non-classical Monocytes|PKM|CD44,cHD,10,10,1,0,0,0,0,0,11
pDCs|Non-classical Monocytes|PKM|CD44,cSLE,22,22,11,0,0,0,0,0,33
pDCs|Non-classical Monocytes|PSAP|LRP1,aHD,5,5,0,0,0,0,0,0,5
pDCs|Non-classical Monocytes|PSAP|LRP1,aSLE,7,7,0,0,0,0,0,0,7
pDCs|Non-classical Monocytes|PSAP|LRP1,cHD,10,10,1,0,0,0,0,0,11
pDCs|Non-classical Monocytes|PSAP|LRP1,cSLE,22,22,11,0,0,0,0,0,33
pDCs|Non-classical Monocytes|PTDSS1|JMJD6,aHD,5,5,0,0,0,0,0,0,5
pDCs|Non-classical Monocytes|PTDSS1|JMJD6,aSLE,6,7,0,0,1,0,0,0,7
pDCs|Non-classical Monocytes|PTDSS1|JMJD6,cHD,7,10,1,0,1,2,0,0,11
pDCs|Non-classical Monocytes|PTDSS1|JMJD6,cSLE,17,22,11,0,1,6,0,0,33
pDCs|Non-classical Monocytes|PTPN6|CD300LF,aHD,5,5,0,0,0,0,0,0,5
pDCs|Non-classical Monocytes|PTPN6|CD300LF,aSLE,7,7,0,0,0,0,0,0,7
pDCs|Non-classical Monocytes|PTPN6|CD300LF,cHD,10,10,1,0,0,0,0,0,11
pDCs|Non-classical Monocytes|PTPN6|CD300LF,cSLE,21,22,11,0,2,0,0,0,33
pDCs|Non-classical Monocytes|PTPN6|CLEC12A,aHD,5,5,0,0,0,0,0,0,5
pDCs|Non-classical Monocytes|PTPN6|CLEC12A,aSLE,7,7,0,0,0,0,0,0,7
pDCs|Non-classical Monocytes|PTPN6|CLEC12A,cHD,10,10,1,0,0,0,0,0,11
pDCs|Non-classical Monocytes|PTPN6|CLEC12A,cSLE,21,22,11,0,2,0,0,0,33
pDCs|Non-classical Monocytes|RPS19|C5AR1,aHD,5,5,0,0,0,0,0,0,5
pDCs|Non-classical Monocytes|RPS19|C5AR1,aSLE,7,7,0,0,0,0,0,0,7
pDCs|Non-classical Monocytes|RPS19|C5AR1,cHD,10,10,1,0,0,0,0,0,11
pDCs|Non-classical Monocytes|RPS19|C5AR1,cSLE,22,22,11,0,0,0,0,0,33
pDCs|Non-classical Monocytes|S100A8|CD36,aHD,5,5,0,0,0,0,0,0,5
pDCs|Non-classical Monocytes|S100A8|CD36,aSLE,6,7,0,0,1,0,0,0,7
pDCs|Non-classical Monocytes|S100A8|CD36,cHD,9,10,1,0,2,0,0,0,11
pDCs|Non-classical Monocytes|S100A8|CD36,cSLE,22,22,11,0,0,0,0,0,33
pDCs|Non-classical Monocytes|S100A8|CD68,aHD,5,5,0,0,0,0,0,0,5
pDCs|Non-classical Monocytes|S100A8|CD68,aSLE,6,7,0,0,1,0,0,0,7
pDCs|Non-classical Monocytes|S100A8|CD68,cHD,9,10,1,0,2,0,0,0,11
pDCs|Non-classical Monocytes|S100A8|CD68,cSLE,22,22,11,0,0,0,0,0,33
pDCs|Non-classical Monocytes|S100A8|CD69,aHD,5,5,0,0,0,0,0,0,5
pDCs|Non-classical Monocytes|S100A8|CD69,aSLE,6,7,0,0,1,0,0,0,7
pDCs|Non-classical Monocytes|S100A8|CD69,cHD,9,10,1,0,2,0,0,0,11
pDCs|Non-classical Monocytes|S100A8|CD69,cSLE,22,22,11,0,0,0,0,0,33
pDCs|Non-classical Monocytes|S100A8|ITGB2,aHD,5,5,0,0,0,0,0,0,5
pDCs|Non-classical Monocytes|S100A8|ITGB2,aSLE,6,7,0,0,1,0,0,0,7
pDCs|Non-classical Monocytes|S100A8|ITGB2,cHD,9,10,1,0,2,0,0,0,11
pDCs|Non-classical Monocytes|S100A8|ITGB2,cSLE,22,22,11,0,0,0,0,0,33
pDCs|Non-classical Monocytes|S100A9|CD36,aHD,5,5,0,0,0,0,0,0,5
pDCs|Non-classical Monocytes|S100A9|CD36,aSLE,7,7,0,0,0,0,0,0,7
pDCs|Non-classical Monocytes|S100A9|CD36,cHD,6,10,1,0,4,0,0,0,11
pDCs|Non-classical Monocytes|S100A9|CD36,cSLE,22,22,11,0,0,0,0,0,33
pDCs|Non-classical Monocytes|S100A9|CD68,aHD,5,5,0,0,0,0,0,0,5
pDCs|Non-classical Monocytes|S100A9|CD68,aSLE,7,7,0,0,0,0,0,0,7
pDCs|Non-classical Monocytes|S100A9|CD68,cHD,6,10,1,0,4,0,0,0,11
pDCs|Non-classical Monocytes|S100A9|CD68,cSLE,22,22,11,0,0,0,0,0,33
pDCs|Non-classical Monocytes|S100A9|ITGB2,aHD,5,5,0,0,0,0,0,0,5
pDCs|Non-classical Monocytes|S100A9|ITGB2,aSLE,7,7,0,0,0,0,0,0,7
pDCs|Non-classical Monocytes|S100A9|ITGB2,cHD,6,10,1,0,4,0,0,0,11
pDCs|Non-classical Monocytes|S100A9|ITGB2,cSLE,22,22,11,0,0,0,0,0,33
pDCs|Non-classical Monocytes|SELPLG|ITGB2,aHD,5,5,0,0,0,0,0,0,5
pDCs|Non-classical Monocytes|SELPLG|ITGB2,aSLE,7,7,0,0,0,0,0,0,7
pDCs|Non-classical Monocytes|SELPLG|ITGB2,cHD,10,10,1,0,0,0,0,0,11
pDCs|Non-classical Monocytes|SELPLG|ITGB2,cSLE,22,22,11,0,1,0,0,0,33
pDCs|Non-classical Monocytes|SELPLG|SELL,aHD,5,5,0,0,0,0,0,0,5
pDCs|Non-classical Monocytes|SELPLG|SELL,aSLE,7,7,0,0,0,0,0,0,7
pDCs|Non-classical Monocytes|SELPLG|SELL,cHD,10,10,1,0,0,0,0,0,11
pDCs|Non-classical Monocytes|SELPLG|SELL,cSLE,22,22,11,0,1,0,0,0,33
pDCs|Non-classical Monocytes|SEMA4D|PLXNB2,aHD,5,5,0,0,0,0,0,0,5
pDCs|Non-classical Monocytes|SEMA4D|PLXNB2,aSLE,7,7,0,0,0,0,0,0,7
pDCs|Non-classical Monocytes|SEMA4D|PLXNB2,cHD,7,10,1,0,4,0,0,0,11
pDCs|Non-classical Monocytes|SEMA4D|PLXNB2,cSLE,18,22,11,0,7,0,0,0,33
pDCs|Non-classical Monocytes|SERPINF1|PLXDC2,aHD,5,5,0,0,0,0,0,0,5
pDCs|Non-classical Monocytes|SERPINF1|PLXDC2,aSLE,7,7,0,0,0,0,0,0,7
pDCs|Non-classical Monocytes|SERPINF1|PLXDC2,cHD,10,10,1,0,0,0,0,0,11
pDCs|Non-classical Monocytes|SERPINF1|PLXDC2,cSLE,21,22,11,0,3,0,0,0,33
pDCs|Non-classical Monocytes|TGFB1|CXCR4,aHD,5,5,0,0,0,0,0,0,5
pDCs|Non-classical Monocytes|TGFB1|CXCR4,aSLE,5,7,0,0,2,0,0,0,7
pDCs|Non-classical Monocytes|TGFB1|CXCR4,cHD,10,10,1,0,0,0,0,0,11
pDCs|Non-classical Monocytes|TGFB1|CXCR4,cSLE,22,22,11,0,0,0,0,0,33
pDCs|Non-classical Monocytes|TGFB1|ITGB1,aHD,5,5,0,0,0,0,0,0,5
pDCs|Non-classical Monocytes|TGFB1|ITGB1,aSLE,5,7,0,0,2,0,0,0,7
pDCs|Non-classical Monocytes|TGFB1|ITGB1,cHD,10,10,1,0,0,0,0,0,11
pDCs|Non-classical Monocytes|TGFB1|ITGB1,cSLE,22,22,11,0,0,0,0,0,33
pDCs|Non-classical Monocytes|TGFB1|LPP,aHD,5,5,0,0,0,0,0,0,5
pDCs|Non-classical Monocytes|TGFB1|LPP,aSLE,5,7,0,0,2,0,0,0,7
pDCs|Non-classical Monocytes|TGFB1|LPP,cHD,10,10,1,0,0,0,0,0,11
pDCs|Non-classical Monocytes|TGFB1|LPP,cSLE,21,22,11,0,0,2,0,0,33
pDCs|Non-classical Monocytes|TNFSF13B|HLA-DPB1,aHD,5,5,0,0,0,0,0,0,5
pDCs|Non-classical Monocytes|TNFSF13B|HLA-DPB1,aSLE,7,7,0,0,0,0,0,0,7
pDCs|Non-classical Monocytes|TNFSF13B|HLA-DPB1,cHD,10,10,1,0,0,0,0,0,11
pDCs|Non-classical Monocytes|TNFSF13B|HLA-DPB1,cSLE,21,22,11,0,3,0,0,0,33
pDCs|Non-classical Monocytes|TNFSF13B|TFRC,aHD,5,5,0,0,0,0,0,0,5
pDCs|Non-classical Monocytes|TNFSF13B|TFRC,aSLE,7,7,0,0,0,0,0,0,7
pDCs|Non-classical Monocytes|TNFSF13B|TFRC,cHD,8,10,1,0,0,2,0,0,11
pDCs|Non-classical Monocytes|TNFSF13B|TFRC,cSLE,17,22,11,0,3,10,0,0,33
pDCs|Non-classical Monocytes|VIM|CD44,aHD,5,5,0,0,0,0,0,0,5
pDCs|Non-classical Monocytes|VIM|CD44,aSLE,7,7,0,0,0,0,0,0,7
pDCs|Non-classical Monocytes|VIM|CD44,cHD,10,10,1,0,0,0,0,0,11
pDCs|Non-classical Monocytes|VIM|CD44,cSLE,22,22,11,0,0,0,0,0,33
pDCs|pDCs|APP|CD74,aHD,5,5,0,0,0,0,0,0,5
pDCs|pDCs|APP|CD74,aSLE,7,7,0,0,0,0,0,0,7
pDCs|pDCs|APP|CD74,cHD,10,10,1,1,0,0,0,0,11
pDCs|pDCs|APP|CD74,cSLE,22,22,11,11,1,0,0,0,33
pDCs|pDCs|APP|LRP10,aHD,5,5,0,0,0,0,0,0,5
pDCs|pDCs|APP|LRP10,aSLE,7,7,0,0,0,0,0,0,7
pDCs|pDCs|APP|LRP10,cHD,10,10,1,1,0,0,0,0,11
pDCs|pDCs|APP|LRP10,cSLE,21,22,11,11,1,3,0,0,33
pDCs|pDCs|APP|TNFRSF21,aHD,5,5,0,0,0,0,0,0,5
pDCs|pDCs|APP|TNFRSF21,aSLE,7,7,0,0,0,0,0,0,7
pDCs|pDCs|APP|TNFRSF21,cHD,10,10,1,1,0,0,0,0,11
pDCs|pDCs|APP|TNFRSF21,cSLE,20,22,11,11,1,4,0,0,33
pDCs|pDCs|ARF6|SMAP1,aHD,5,5,0,0,0,0,0,0,5
pDCs|pDCs|ARF6|SMAP1,aSLE,6,7,0,0,0,1,0,0,7
pDCs|pDCs|ARF6|SMAP1,cHD,9,10,1,1,0,1,0,0,11
pDCs|pDCs|ARF6|SMAP1,cSLE,16,22,11,11,0,8,0,0,33
pDCs|pDCs|CALM1|PTPRA,aHD,5,5,0,0,0,0,0,0,5
pDCs|pDCs|CALM1|PTPRA,aSLE,7,7,0,0,0,0,0,0,7
pDCs|pDCs|CALM1|PTPRA,cHD,10,10,1,1,0,0,0,0,11
pDCs|pDCs|CALM1|PTPRA,cSLE,20,22,11,11,0,5,0,0,33
pDCs|pDCs|COPA|CD74,aHD,5,5,0,0,0,0,0,0,5
pDCs|pDCs|COPA|CD74,aSLE,7,7,0,0,0,0,0,0,7
pDCs|pDCs|COPA|CD74,cHD,10,10,1,1,0,0,0,0,11
pDCs|pDCs|COPA|CD74,cSLE,21,22,11,11,4,0,0,0,33
pDCs|pDCs|GNAI2|ADCY7,aHD,5,5,0,0,0,0,0,0,5
pDCs|pDCs|GNAI2|ADCY7,aSLE,6,7,0,0,0,1,0,0,7
pDCs|pDCs|GNAI2|ADCY7,cHD,6,10,1,1,0,4,0,0,11
pDCs|pDCs|GNAI2|ADCY7,cSLE,17,22,11,11,0,11,0,0,33
pDCs|pDCs|GNAI2|CXCR3,aHD,5,5,0,0,0,0,0,0,5
pDCs|pDCs|GNAI2|CXCR3,aSLE,7,7,0,0,0,0,0,0,7
pDCs|pDCs|GNAI2|CXCR3,cHD,10,10,1,1,0,0,0,0,11
pDCs|pDCs|GNAI2|CXCR3,cSLE,21,22,11,11,0,3,0,0,33
pDCs|pDCs|GNAS|ADCY7,aHD,5,5,0,0,0,0,0,0,5
pDCs|pDCs|GNAS|ADCY7,aSLE,6,7,0,0,0,1,0,0,7
pDCs|pDCs|GNAS|ADCY7,cHD,6,10,1,1,0,4,0,0,11
pDCs|pDCs|GNAS|ADCY7,cSLE,17,22,11,11,1,11,0,0,33
pDCs|pDCs|HLA-A|LILRB1,aHD,5,5,0,0,0,0,0,0,5
pDCs|pDCs|HLA-A|LILRB1,aSLE,7,7,0,0,0,0,0,0,7
pDCs|pDCs|HLA-A|LILRB1,cHD,10,10,1,1,0,0,0,0,11
pDCs|pDCs|HLA-A|LILRB1,cSLE,21,22,11,11,0,6,0,0,33
pDCs|pDCs|HLA-B|LILRB1,aHD,5,5,0,0,0,0,0,0,5
pDCs|pDCs|HLA-B|LILRB1,aSLE,7,7,0,0,0,0,0,0,7
pDCs|pDCs|HLA-B|LILRB1,cHD,10,10,1,1,0,0,0,0,11
pDCs|pDCs|HLA-B|LILRB1,cSLE,21,22,11,11,0,6,0,0,33
pDCs|pDCs|HLA-C|LILRB1,aHD,5,5,0,0,0,0,0,0,5
pDCs|pDCs|HLA-C|LILRB1,aSLE,7,7,0,0,0,0,0,0,7
pDCs|pDCs|HLA-C|LILRB1,cHD,10,10,1,1,0,0,0,0,11
pDCs|pDCs|HLA-C|LILRB1,cSLE,21,22,11,11,0,6,0,0,33
pDCs|pDCs|HLA-DMA|CD4,aHD,5,5,0,0,0,0,0,0,5
pDCs|pDCs|HLA-DMA|CD4,aSLE,7,7,0,0,0,0,0,0,7
pDCs|pDCs|HLA-DMA|CD4,cHD,10,10,1,1,0,0,0,0,11
pDCs|pDCs|HLA-DMA|CD4,cSLE,21,22,11,11,0,2,0,0,33
pDCs|pDCs|HLA-DMB|CD4,aHD,5,5,0,0,0,0,0,0,5
pDCs|pDCs|HLA-DMB|CD4,aSLE,7,7,0,0,0,0,0,0,7
pDCs|pDCs|HLA-DMB|CD4,cHD,10,10,1,1,0,0,0,0,11
pDCs|pDCs|HLA-DMB|CD4,cSLE,21,22,11,11,1,2,0,0,33
pDCs|pDCs|HLA-DPA1|CD4,aHD,5,5,0,0,0,0,0,0,5
pDCs|pDCs|HLA-DPA1|CD4,aSLE,7,7,0,0,0,0,0,0,7
pDCs|pDCs|HLA-DPA1|CD4,cHD,10,10,1,1,0,0,0,0,11
pDCs|pDCs|HLA-DPA1|CD4,cSLE,21,22,11,11,0,2,0,0,33
pDCs|pDCs|HLA-DPB1|CD4,aHD,5,5,0,0,0,0,0,0,5
pDCs|pDCs|HLA-DPB1|CD4,aSLE,7,7,0,0,0,0,0,0,7
pDCs|pDCs|HLA-DPB1|CD4,cHD,10,10,1,1,0,0,0,0,11
pDCs|pDCs|HLA-DPB1|CD4,cSLE,21,22,11,11,0,2,0,0,33
pDCs|pDCs|HLA-DQA1|CD4,aHD,5,5,0,0,0,0,0,0,5
pDCs|pDCs|HLA-DQA1|CD4,aSLE,6,7,0,0,1,0,0,0,7
pDCs|pDCs|HLA-DQA1|CD4,cHD,10,10,1,1,0,0,0,0,11
pDCs|pDCs|HLA-DQA1|CD4,cSLE,21,22,11,11,0,2,0,0,33
pDCs|pDCs|HLA-DQB1|CD4,aHD,5,5,0,0,0,0,0,0,5
pDCs|pDCs|HLA-DQB1|CD4,aSLE,7,7,0,0,0,0,0,0,7
pDCs|pDCs|HLA-DQB1|CD4,cHD,10,10,1,1,0,0,0,0,11
pDCs|pDCs|HLA-DQB1|CD4,cSLE,21,22,11,11,0,2,0,0,33
pDCs|pDCs|HLA-DRA|CD4,aHD,5,5,0,0,0,0,0,0,5
pDCs|pDCs|HLA-DRA|CD4,aSLE,7,7,0,0,0,0,0,0,7
pDCs|pDCs|HLA-DRA|CD4,cHD,10,10,1,1,0,0,0,0,11
pDCs|pDCs|HLA-DRA|CD4,cSLE,21,22,11,11,0,2,0,0,33
pDCs|pDCs|HLA-DRB1|CD4,aHD,5,5,0,0,0,0,0,0,5
pDCs|pDCs|HLA-DRB1|CD4,aSLE,7,7,0,0,0,0,0,0,7
pDCs|pDCs|HLA-DRB1|CD4,cHD,10,10,1,1,0,0,0,0,11
pDCs|pDCs|HLA-DRB1|CD4,cSLE,21,22,11,11,0,2,0,0,33
pDCs|pDCs|HLA-DRB5|CD4,aHD,5,5,0,0,0,0,0,0,5
pDCs|pDCs|HLA-DRB5|CD4,aSLE,6,7,0,0,1,0,0,0,7
pDCs|pDCs|HLA-DRB5|CD4,cHD,9,10,1,1,1,0,0,0,11
pDCs|pDCs|HLA-DRB5|CD4,cSLE,18,22,11,11,4,2,0,0,33
pDCs|pDCs|HLA-F|LILRB1,aHD,5,5,0,0,0,0,0,0,5
pDCs|pDCs|HLA-F|LILRB1,aSLE,7,7,0,0,0,0,0,0,7
pDCs|pDCs|HLA-F|LILRB1,cHD,10,10,1,1,0,0,0,0,11
pDCs|pDCs|HLA-F|LILRB1,cSLE,21,22,11,11,1,6,0,0,33
pDCs|pDCs|HMGB1|CXCR4,aHD,5,5,0,0,0,0,0,0,5
pDCs|pDCs|HMGB1|CXCR4,aSLE,7,7,0,0,0,0,0,0,7
pDCs|pDCs|HMGB1|CXCR4,cHD,10,10,1,1,0,0,0,0,11
pDCs|pDCs|HMGB1|CXCR4,cSLE,22,22,11,11,0,0,0,0,33
pDCs|pDCs|IL16|CD4,aHD,5,5,0,0,0,0,0,0,5
pDCs|pDCs|IL16|CD4,aSLE,7,7,0,0,0,0,0,0,7
pDCs|pDCs|IL16|CD4,cHD,10,10,1,1,0,0,0,0,11
pDCs|pDCs|IL16|CD4,cSLE,21,22,11,11,1,2,0,0,33
pDCs|pDCs|LGALS1|CD69,aHD,5,5,0,0,0,0,0,0,5
pDCs|pDCs|LGALS1|CD69,aSLE,7,7,0,0,0,0,0,0,7
pDCs|pDCs|LGALS1|CD69,cHD,10,10,1,1,0,0,0,0,11
pDCs|pDCs|LGALS1|CD69,cSLE,22,22,11,11,0,0,0,0,33
pDCs|pDCs|LGALS1|ITGB1,aHD,5,5,0,0,0,0,0,0,5
pDCs|pDCs|LGALS1|ITGB1,aSLE,7,7,0,0,0,0,0,0,7
pDCs|pDCs|LGALS1|ITGB1,cHD,10,10,1,1,0,0,0,0,11
pDCs|pDCs|LGALS1|ITGB1,cSLE,22,22,11,11,0,1,0,0,33
pDCs|pDCs|LGALS1|PTPRC,aHD,5,5,0,0,0,0,0,0,5
pDCs|pDCs|LGALS1|PTPRC,aSLE,7,7,0,0,0,0,0,0,7
pDCs|pDCs|LGALS1|PTPRC,cHD,10,10,1,1,0,0,0,0,11
pDCs|pDCs|LGALS1|PTPRC,cSLE,22,22,11,11,0,0,0,0,33
pDCs|pDCs|LGALS9|CD44,aHD,5,5,0,0,0,0,0,0,5
pDCs|pDCs|LGALS9|CD44,aSLE,7,7,0,0,0,0,0,0,7
pDCs|pDCs|LGALS9|CD44,cHD,10,10,1,1,0,0,0,0,11
pDCs|pDCs|LGALS9|CD44,cSLE,21,22,11,11,2,1,0,0,33
pDCs|pDCs|LGALS9|CD47,aHD,5,5,0,0,0,0,0,0,5
pDCs|pDCs|LGALS9|CD47,aSLE,7,7,0,0,0,0,0,0,7
pDCs|pDCs|LGALS9|CD47,cHD,10,10,1,1,0,0,0,0,11
pDCs|pDCs|LGALS9|CD47,cSLE,21,22,11,11,2,1,0,0,33
pDCs|pDCs|LGALS9|PTPRC,aHD,5,5,0,0,0,0,0,0,5
pDCs|pDCs|LGALS9|PTPRC,aSLE,7,7,0,0,0,0,0,0,7
pDCs|pDCs|LGALS9|PTPRC,cHD,10,10,1,1,0,0,0,0,11
pDCs|pDCs|LGALS9|PTPRC,cSLE,21,22,11,11,2,0,0,0,33
pDCs|pDCs|LGALS9|SLC1A5,aHD,5,5,0,0,0,0,0,0,5
pDCs|pDCs|LGALS9|SLC1A5,aSLE,6,7,0,0,0,1,0,0,7
pDCs|pDCs|LGALS9|SLC1A5,cHD,10,10,1,1,0,0,0,0,11
pDCs|pDCs|LGALS9|SLC1A5,cSLE,18,22,11,11,2,6,0,0,33
pDCs|pDCs|LILRB4|LAIR1,aHD,5,5,0,0,0,0,0,0,5
pDCs|pDCs|LILRB4|LAIR1,aSLE,7,7,0,0,0,0,0,0,7
pDCs|pDCs|LILRB4|LAIR1,cHD,10,10,1,1,0,0,0,0,11
pDCs|pDCs|LILRB4|LAIR1,cSLE,20,22,11,11,3,2,0,0,33
pDCs|pDCs|LRPAP1|SORL1,aHD,5,5,0,0,0,0,0,0,5
pDCs|pDCs|LRPAP1|SORL1,aSLE,6,7,0,0,0,1,0,0,7
pDCs|pDCs|LRPAP1|SORL1,cHD,8,10,1,1,1,1,0,0,11
pDCs|pDCs|LRPAP1|SORL1,cSLE,19,22,11,11,1,4,0,0,33
pDCs|pDCs|MIF|CD44_CD74,aHD,5,5,0,0,0,0,0,0,5
pDCs|pDCs|MIF|CD44_CD74,aSLE,7,7,0,0,0,0,0,0,7
pDCs|pDCs|MIF|CD44_CD74,cHD,10,10,1,1,0,0,0,0,11
pDCs|pDCs|MIF|CD44_CD74,cSLE,22,22,11,11,0,1,0,0,33
pDCs|pDCs|MIF|CD74_CXCR4,aHD,5,5,0,0,0,0,0,0,5
pDCs|pDCs|MIF|CD74_CXCR4,aSLE,7,7,0,0,0,0,0,0,7
pDCs|pDCs|MIF|CD74_CXCR4,cHD,10,10,1,1,0,0,0,0,11
pDCs|pDCs|MIF|CD74_CXCR4,cSLE,22,22,11,11,0,0,0,0,33
pDCs|pDCs|MIF|TNFRSF14,aHD,5,5,0,0,0,0,0,0,5
pDCs|pDCs|MIF|TNFRSF14,aSLE,7,7,0,0,0,0,0,0,7
pDCs|pDCs|MIF|TNFRSF14,cHD,10,10,1,1,0,0,0,0,11
pDCs|pDCs|MIF|TNFRSF14,cSLE,22,22,11,11,0,0,0,0,33
pDCs|pDCs|PKM|CD44,aHD,5,5,0,0,0,0,0,0,5
pDCs|pDCs|PKM|CD44,aSLE,7,7,0,0,0,0,0,0,7
pDCs|pDCs|PKM|CD44,cHD,10,10,1,1,0,0,0,0,11
pDCs|pDCs|PKM|CD44,cSLE,22,22,11,11,0,1,0,0,33
pDCs|pDCs|S100A8|CD36,aHD,5,5,0,0,0,0,0,0,5
pDCs|pDCs|S100A8|CD36,aSLE,6,7,0,0,1,0,0,0,7
pDCs|pDCs|S100A8|CD36,cHD,8,10,1,1,2,2,0,0,11
pDCs|pDCs|S100A8|CD36,cSLE,22,22,11,11,0,2,0,0,33
pDCs|pDCs|S100A8|CD68,aHD,5,5,0,0,0,0,0,0,5
pDCs|pDCs|S100A8|CD68,aSLE,6,7,0,0,1,0,0,0,7
pDCs|pDCs|S100A8|CD68,cHD,9,10,1,1,2,0,0,0,11
pDCs|pDCs|S100A8|CD68,cSLE,22,22,11,11,0,2,0,0,33
pDCs|pDCs|S100A8|CD69,aHD,5,5,0,0,0,0,0,0,5
pDCs|pDCs|S100A8|CD69,aSLE,6,7,0,0,1,0,0,0,7
pDCs|pDCs|S100A8|CD69,cHD,9,10,1,1,2,0,0,0,11
pDCs|pDCs|S100A8|CD69,cSLE,22,22,11,11,0,0,0,0,33
pDCs|pDCs|S100A8|ITGB2,aHD,5,5,0,0,0,0,0,0,5
pDCs|pDCs|S100A8|ITGB2,aSLE,6,7,0,0,1,0,0,0,7
pDCs|pDCs|S100A8|ITGB2,cHD,9,10,1,1,2,1,0,0,11
pDCs|pDCs|S100A8|ITGB2,cSLE,22,22,11,11,0,0,0,0,33
pDCs|pDCs|S100A9|CD36,aHD,5,5,0,0,0,0,0,0,5
pDCs|pDCs|S100A9|CD36,aSLE,7,7,0,0,0,0,0,0,7
pDCs|pDCs|S100A9|CD36,cHD,6,10,1,1,4,2,0,0,11
pDCs|pDCs|S100A9|CD36,cSLE,22,22,11,11,0,2,0,0,33
pDCs|pDCs|S100A9|CD68,aHD,5,5,0,0,0,0,0,0,5
pDCs|pDCs|S100A9|CD68,aSLE,7,7,0,0,0,0,0,0,7
pDCs|pDCs|S100A9|CD68,cHD,6,10,1,1,4,0,0,0,11
pDCs|pDCs|S100A9|CD68,cSLE,22,22,11,11,0,2,0,0,33
pDCs|pDCs|S100A9|ITGB2,aHD,5,5,0,0,0,0,0,0,5
pDCs|pDCs|S100A9|ITGB2,aSLE,7,7,0,0,0,0,0,0,7
pDCs|pDCs|S100A9|ITGB2,cHD,6,10,1,1,4,1,0,0,11
pDCs|pDCs|S100A9|ITGB2,cSLE,22,22,11,11,0,0,0,0,33
pDCs|pDCs|SELPLG|ITGB2,aHD,5,5,0,0,0,0,0,0,5
pDCs|pDCs|SELPLG|ITGB2,aSLE,7,7,0,0,0,0,0,0,7
pDCs|pDCs|SELPLG|ITGB2,cHD,10,10,1,1,0,1,0,0,11
pDCs|pDCs|SELPLG|ITGB2,cSLE,22,22,11,11,1,0,0,0,33
pDCs|pDCs|SELPLG|SELL,aHD,5,5,0,0,0,0,0,0,5
pDCs|pDCs|SELPLG|SELL,aSLE,7,7,0,0,0,0,0,0,7
pDCs|pDCs|SELPLG|SELL,cHD,10,10,1,1,0,0,0,0,11
pDCs|pDCs|SELPLG|SELL,cSLE,22,22,11,11,1,0,0,0,33
pDCs|pDCs|TGFB1|CXCR4,aHD,5,5,0,0,0,0,0,0,5
pDCs|pDCs|TGFB1|CXCR4,aSLE,5,7,0,0,2,0,0,0,7
pDCs|pDCs|TGFB1|CXCR4,cHD,10,10,1,1,0,0,0,0,11
pDCs|pDCs|TGFB1|CXCR4,cSLE,22,22,11,11,0,0,0,0,33
pDCs|pDCs|TGFB1|ITGB1,aHD,5,5,0,0,0,0,0,0,5
pDCs|pDCs|TGFB1|ITGB1,aSLE,5,7,0,0,2,0,0,0,7
pDCs|pDCs|TGFB1|ITGB1,cHD,10,10,1,1,0,0,0,0,11
pDCs|pDCs|TGFB1|ITGB1,cSLE,22,22,11,11,0,1,0,0,33
pDCs|pDCs|TNFSF13B|HLA-DPB1,aHD,5,5,0,0,0,0,0,0,5
pDCs|pDCs|TNFSF13B|HLA-DPB1,aSLE,7,7,0,0,0,0,0,0,7
pDCs|pDCs|TNFSF13B|HLA-DPB1,cHD,10,10,1,1,0,0,0,0,11
pDCs|pDCs|TNFSF13B|HLA-DPB1,cSLE,21,22,11,11,3,0,0,0,33
pDCs|pDCs|TNFSF13B|TFRC,aHD,5,5,0,0,0,0,0,0,5
pDCs|pDCs|TNFSF13B|TFRC,aSLE,7,7,0,0,0,0,0,0,7
pDCs|pDCs|TNFSF13B|TFRC,cHD,8,10,1,1,0,2,0,0,11
pDCs|pDCs|TNFSF13B|TFRC,cSLE,18,22,11,11,3,5,0,0,33
pDCs|pDCs|VIM|CD44,aHD,5,5,0,0,0,0,0,0,5
pDCs|pDCs|VIM|CD44,aSLE,7,7,0,0,0,0,0,0,7
pDCs|pDCs|VIM|CD44,cHD,10,10,1,1,0,0,0,0,11
pDCs|pDCs|VIM|CD44,cSLE,22,22,11,11,0,1,0,0,33
