interaction_id,source_primary,target_primary,ligand_complex_primary,receptor_complex_primary,interaction_coef_primary,interaction_ci95_low_primary,interaction_ci95_high_primary,n_observations_primary,interaction_p_value_primary,fdr_q_value_primary,n_cHD_primary,mean_cHD_primary,n_cSLE_primary,mean_cSLE_primary,n_aHD_primary,mean_aHD_primary,n_aSLE_primary,mean_aSLE_primary,source_sensitivity,target_sensitivity,ligand_complex_sensitivity,receptor_complex_sensitivity,interaction_coef_sensitivity,interaction_ci95_low_sensitivity,interaction_ci95_high_sensitivity,n_observations_sensitivity,interaction_p_value_sensitivity,fdr_q_value_sensitivity,n_cHD_sensitivity,mean_cHD_sensitivity,n_cSLE_sensitivity,mean_cSLE_sensitivity,n_aHD_sensitivity,mean_aHD_sensitivity,n_aSLE_sensitivity,mean_aSLE_sensitivity
CD4 T Cells|CD8 T Cells|LCK|CD8A_CD8B,CD4 T Cells,CD8 T Cells,LCK,CD8A_CD8B,-0.0716793781269286,-0.10153793506293808,-0.04182082119091911,56,2.536789331370885e-06,0.0005895966259561798,11,0.9477150981871908,33,0.9240117582943661,5,0.9000753165660864,7,0.9480513548001903,CD4 T Cells,CD8 T Cells,LCK,CD8A_CD8B,-0.0437690907881973,-0.0647268568956224,-0.0228113246807722,56,4.253279048473216e-05,0.0036294647880304,11,0.969712885853758,33,0.9546093298591358,5,0.9441044811240924,7,0.9727700159176678
NK Cells|CD8 T Cells|LCK|CD8A_CD8B,NK Cells,CD8 T Cells,LCK,CD8A_CD8B,-0.09794480764664704,-0.13987081129888412,-0.056018803994409935,56,4.677838617453416e-06,0.0007281835447835817,11,0.9283905451608384,33,0.8802079795658097,5,0.9072023438316567,7,0.9569645858832748,NK Cells,CD8 T Cells,LCK,CD8A_CD8B,-0.0711842263406736,-0.1042907822923768,-0.0380776703889705,56,2.5063584991071555e-05,0.0032081388788571,11,0.957793424185442,33,0.917146777801922,5,0.9478478897891078,7,0.9783854697462616
Classical Monocytes|Non-classical Monocytes|CD1D|LILRB2,Classical Monocytes,Non-classical Monocytes,CD1D,LILRB2,-0.4417547775115659,-0.6349140058056943,-0.24859554921743743,52,7.379653864316775e-06,0.0009069206196410352,10,0.6395112172043457,30,0.5071927300671237,5,0.3370369685624165,7,0.6464732589367604,Classical Monocytes,Non-classical Monocytes,CD1D,LILRB2,-0.5258859449901061,-0.7437316319962037,-0.3080402579840084,52,2.2296440684090504e-06,0.0011415777630254,10,0.6972473505676194,30,0.5219475728610803,5,0.3556071853384966,7,0.7061933526220636
NK Cells|Non-classical Monocytes|CD52|SIGLEC10,NK Cells,Non-classical Monocytes,CD52,SIGLEC10,-0.10492150336193662,-0.1512055020485767,-0.058637504675296555,55,8.86903397521929e-06,0.0009861521110541447,11,0.9657100845896402,32,0.873514908787433,5,0.9771263332769464,7,0.9898526608366758,NK Cells,Non-classical Monocytes,CD52,SIGLEC10,-0.0956513938697121,-0.1396681241631295,-0.0516346635762947,55,2.0521761890217534e-05,0.0032081388788571,11,0.9804580785377278,32,0.8939148291801298,5,0.9869848672362592,7,0.9960930117483734
CD8 T Cells|Non-classical Monocytes|CD52|SIGLEC10,CD8 T Cells,Non-classical Monocytes,CD52,SIGLEC10,-0.048830187325640706,-0.07182331244331691,-0.025837062207964494,55,3.149906031394979e-05,0.0017939098983676281,11,0.9912234475352159,32,0.9498230410331796,5,0.9794209485120806,7,0.9868507293356851,CD8 T Cells,Non-classical Monocytes,CD52,SIGLEC10,-0.0342444752266984,-0.0515775880017999,-0.016911362451597,55,0.0001078405670233,0.0069919228790372,11,0.9954460879059353,32,0.9658798606756276,5,0.9895795715445846,7,0.9942578195409756
CD4 T Cells|Non-classical Monocytes|CD52|SIGLEC10,CD4 T Cells,Non-classical Monocytes,CD52,SIGLEC10,-0.04984528966078772,-0.0734645133108662,-0.026226066010709235,55,3.530302614464387e-05,0.0019250352537855406,11,0.9919169740230204,32,0.9480027648803192,5,0.9843671322987504,7,0.9902982128168369,CD4 T Cells,Non-classical Monocytes,CD52,SIGLEC10,-0.0362726435639637,-0.055562446617407,-0.0169828405105204,55,0.0002282305790284,0.0116854056462566,11,0.995839656947046,32,0.9634843398216854,5,0.9922267395011956,7,0.9961440659397988
B Cells|Non-classical Monocytes|CD52|SIGLEC10,B Cells,Non-classical Monocytes,CD52,SIGLEC10,-0.03970263087101933,-0.058605658435049036,-0.02079960330698962,55,3.845445932394799e-05,0.0020407082391231493,11,0.996286069164471,32,0.9604142674970192,5,0.9899927087030636,7,0.9938235379066309,B Cells,Non-classical Monocytes,CD52,SIGLEC10,-0.0271790270125358,-0.0418427821705918,-0.0125152718544798,55,0.0002804049953538,0.0119639464684329,11,0.9982021421503784,32,0.9734778255613212,5,0.9953408642452216,7,0.9977955746687004
Classical Monocytes|Non-classical Monocytes|LGALS9|CD44,Classical Monocytes,Non-classical Monocytes,LGALS9,CD44,-0.06459013435561767,-0.09614706600530341,-0.03303320270593192,56,6.030416740946182e-05,0.0028736781816549664,11,0.9428124088836771,33,0.923238921609751,5,0.892744072453735,7,0.9377607195354265,Classical Monocytes,Non-classical Monocytes,LGALS9,CD44,-0.044270080751911,-0.0666960486722594,-0.0218441128315626,56,0.0001092487949849,0.0069919228790372,11,0.9666138009348711,33,0.9519904913808372,5,0.936517931652528,7,0.9661647028504052
Non-classical Monocytes|Non-classical Monocytes|LGALS9|CD44,Non-classical Monocytes,Non-classical Monocytes,LGALS9,CD44,-0.0356066252287206,-0.053446020223316786,-0.017767230234124416,56,9.153512778488128e-05,0.003958046729216625,11,0.9727259009005528,33,0.9553277922860969,5,0.9491653418511004,7,0.967373858465365,Non-classical Monocytes,Non-classical Monocytes,LGALS9,CD44,-0.0204571187998241,-0.0301321182879615,-0.0107821193116867,56,3.409892487625914e-05,0.0034917299073289,11,0.9851295019752396,33,0.9758899656851178,5,0.9738070318942036,7,0.985024614403906
Non-classical Monocytes|Non-classical Monocytes|CD52|SIGLEC10,Non-classical Monocytes,Non-classical Monocytes,CD52,SIGLEC10,-0.0770867082999025,-0.1160900408280306,-0.03808337577177439,55,0.00010719577813960903,0.0042424091856946965,11,0.9934085974821548,32,0.9175996221635382,5,0.9806553290158349,7,0.9819330619971208,Non-classical Monocytes,Non-classical Monocytes,CD52,SIGLEC10,-0.0628805361764278,-0.0988172272272649,-0.0269438451255907,55,0.0006047747803474,0.0182143933845826,11,0.9965582087024188,32,0.9351376994272416,5,0.9900098518098966,7,0.991469878711147
Non-classical Monocytes|NK Cells|BAG6|NCR3,Non-classical Monocytes,NK Cells,BAG6,NCR3,-0.2732883921865262,-0.4121219242567567,-0.13445486011629565,55,0.00011426598391503643,0.004446851207360168,11,0.4930352102500424,33,0.24981397386460663,5,0.00386464985907876,6,0.0339318056601692,Non-classical Monocytes,NK Cells,BAG6,NCR3,-0.3307022491004556,-0.5126096448307172,-0.1487948533701939,55,0.0003664222427797,0.0144313991002493,11,0.5479304511601758,33,0.2660950359031246,5,0.0316792431581021,6,0.0805460770015066
Non-classical Monocytes|NK Cells|CD48|CD244,Non-classical Monocytes,NK Cells,CD48,CD244,-0.24156806067110648,-0.3697315177644527,-0.11340460357776028,53,0.00022055809504611224,0.006776357262272,11,0.9049594150792928,32,0.7741213591085666,5,0.7179972049535756,5,0.8287272096539559,Non-classical Monocytes,NK Cells,CD48,CD244,-0.2365061263969156,-0.3595282164538217,-0.1134840363400094,53,0.000164580769065,0.0093628170845916,11,0.9386334930864838,32,0.801304435050229,5,0.7681264119206287,5,0.8673034802812895
pDCs|Classical Monocytes|GRN|TNFRSF1A,pDCs,Classical Monocytes,GRN,TNFRSF1A,-0.1966535452104009,-0.30640370501788095,-0.08690338540292088,44,0.0004448806008515398,0.010363713340900742,10,0.9196054107355757,22,0.827353980960952,5,0.8292070179583305,7,0.9336091333941079,pDCs,Classical Monocytes,GRN,TNFRSF1A,-0.1750784593555865,-0.2867193354322571,-0.0634375832789159,44,0.0021144150889959,0.036086017518864,10,0.9444482592291102,22,0.8575974206930952,5,0.8732940635572557,7,0.9615216843768272
Classical Monocytes|Classical Monocytes|GRN|TNFRSF1A,Classical Monocytes,Classical Monocytes,GRN,TNFRSF1A,-0.11624301677646698,-0.181154361787295,-0.051331671765638964,56,0.00044828053423168093,0.010363713340900742,11,0.8865759047926627,33,0.8795450912797206,5,0.8392509195308391,7,0.948463122794364,Classical Monocytes,Classical Monocytes,GRN,TNFRSF1A,-0.0952821761709641,-0.1682574003192977,-0.0223069520226305,56,0.0104948771533783,0.0790202515077899,11,0.9157745881999454,33,0.9087245547083316,5,0.8822675145928477,7,0.970499657272198
CD8 T Cells|CD8 T Cells|LCK|CD8A_CD8B,CD8 T Cells,CD8 T Cells,LCK,CD8A_CD8B,-0.05597019155459737,-0.08733981528114201,-0.02460056782805272,56,0.00047052264852089586,0.010564138310541267,11,0.9513928257592479,33,0.9376139282382118,5,0.9184642540977895,7,0.9606555481313508,CD8 T Cells,CD8 T Cells,LCK,CD8A_CD8B,-0.0333183675853204,-0.0549966917503819,-0.0116400434202589,56,0.0025922955001242,0.0392531741282867,11,0.9722227749477952,33,0.9648299410536434,5,0.954459601051808,7,0.9803851347429766
pDCs|Non-classical Monocytes|HLA-F|LILRB2,pDCs,Non-classical Monocytes,HLA-F,LILRB2,-0.3569089151899044,-0.5638725827454719,-0.1499452476343369,44,0.0007249675992659349,0.014345757154965746,10,0.7081434016700426,22,0.6794594324808745,5,0.4217483912212634,7,0.7499733372219997,pDCs,Non-classical Monocytes,HLA-F,LILRB2,-0.3782835323901501,-0.6011614572800826,-0.1554056075002176,44,0.000879175727797,0.0225068986316047,10,0.773270561418823,22,0.726130931282067,5,0.4724601914611469,7,0.803604093714541
Classical Monocytes|B Cells|TNFSF13B|CD40,Classical Monocytes,B Cells,TNFSF13B,CD40,-0.1621353026174578,-0.25930498724120976,-0.06496561799370582,56,0.001074126333581135,0.01900200665368249,11,0.7965320178978573,33,0.796085315148614,5,0.7114680447195856,7,0.8731566445878001,Classical Monocytes,B Cells,TNFSF13B,CD40,-0.1528349824194231,-0.2498018227203531,-0.0558681421184932,56,0.0020068863337057,0.0354319242364596,11,0.8628071932819205,33,0.8410376272128625,5,0.7789034576931992,7,0.9099688740435644
Non-classical Monocytes|CD4 T Cells|CD58|CD2,Non-classical Monocytes,CD4 T Cells,CD58,CD2,-0.22420372467546157,-0.35966880349096014,-0.088738645859963,56,0.0011791718293154279,0.02054750911530988,11,0.5961807630317592,33,0.4764495911808668,5,0.6278108193387503,7,0.7322833721633195,Non-classical Monocytes,CD4 T Cells,CD58,CD2,-0.26385967031238,-0.4140038040475975,-0.1137155365771624,56,0.0005723424520322,0.0182143933845826,11,0.658397589694121,33,0.506225788621236,5,0.6779048666002655,7,0.7895927358397605
Non-classical Monocytes|Classical Monocytes|LGALS9|CD44,Non-classical Monocytes,Classical Monocytes,LGALS9,CD44,-0.018589570074428408,-0.030613447176732762,-0.006565692972124051,56,0.002443827294173516,0.03414698334620319,11,0.9794060194876922,33,0.9653106682087841,5,0.9721943540970962,7,0.9766885728926165,Non-classical Monocytes,Classical Monocytes,LGALS9,CD44,-0.0114355055448706,-0.0196789623357297,-0.0031920487540114,56,0.0065498341683058,0.0611345241971195,11,0.9889801779493388,33,0.9818760626290224,5,0.9850418695750516,7,0.9893732597996056
B Cells|CD4 T Cells|FAM3C|CLEC2D,B Cells,CD4 T Cells,FAM3C,CLEC2D,0.11837489282490386,0.041344714472157554,0.19540507117765016,56,0.002595811112995034,0.0355911933559756,11,0.021612244083713702,33,0.14796505898138756,5,0.0,7,0.00797792207277,B Cells,CD4 T Cells,FAM3C,CLEC2D,0.076230607168112,-0.0397652293019459,0.1922264436381699,56,0.1977261358726711,0.4752853594685804,11,0.033908479563612,33,0.1631089941396628,5,0.0,7,0.0529699074079387
Classical Monocytes|Classical Monocytes|LGALS9|CD44,Classical Monocytes,Classical Monocytes,LGALS9,CD44,-0.03229450520283894,-0.053399521472789056,-0.011189488932888826,56,0.0027077787777565017,0.036129505406065326,11,0.9577326399434689,33,0.9413942222737268,5,0.9442745938220302,7,0.960230681355127,Classical Monocytes,Classical Monocytes,LGALS9,CD44,-0.0223547397719688,-0.038341926831906,-0.0063675527120317,56,0.0061327117093321,0.0611345241971195,11,0.976422754229853,33,0.9645100052939388,5,0.969819898648088,7,0.9802618894841426
Classical Monocytes|NK Cells|CD48|CD244,Classical Monocytes,NK Cells,CD48,CD244,-0.3233913422002359,-0.5356841939437018,-0.11109849045676995,53,0.0028296223606192133,0.03650369177925891,11,0.779377945606975,32,0.6213779882412058,5,0.5266148311199703,5,0.692006215954437,Classical Monocytes,NK Cells,CD48,CD244,-0.3680019480813513,-0.5895114966089862,-0.1464923995537165,53,0.00112930034401,0.0275334179111031,11,0.8388251220779016,32,0.6439766978367703,5,0.5626495251206215,5,0.7358030489608415
CD4 T Cells|B Cells|CD40LG|CD40,CD4 T Cells,B Cells,CD40LG,CD40,-0.20257651359219225,-0.3379711453403561,-0.06718188184402837,56,0.0033626161302500843,0.04089431595903097,11,0.11477911197333647,33,0.04858981486799849,5,0.0,7,0.13638721648685426,CD4 T Cells,B Cells,CD40LG,CD40,-0.2993038214465952,-0.471480655296133,-0.1271269875970573,56,0.000656556420264,0.0186753826208445,11,0.1413441136968683,33,0.0565268270334583,5,0.0,7,0.2144865347831852
B Cells|Non-classical Monocytes|CD99|PILRA,B Cells,Non-classical Monocytes,CD99,PILRA,-0.2050773779180065,-0.34252049608303314,-0.06763425975297985,56,0.0034507561058653323,0.041353307061159736,11,0.7966539910160837,33,0.6763329293224091,5,0.7394311925548523,7,0.8241875087791842,B Cells,Non-classical Monocytes,CD99,PILRA,-0.2187027455505853,-0.3623084437546138,-0.0750970473465568,56,0.0028366551616144,0.0392531741282867,11,0.8649769043818669,33,0.7173866253801446,5,0.8018867782663784,7,0.8729992448152416
Non-classical Monocytes|NK Cells|CD58|CD2,Non-classical Monocytes,NK Cells,CD58,CD2,-0.33303270432638854,-0.570185310164043,-0.09588009848873416,56,0.00591653358841083,0.058538584444658,11,0.32686683362129965,33,0.23159941077595295,5,0.586818372369995,7,0.8245836538510368,Non-classical Monocytes,NK Cells,CD58,CD2,-0.3482455390718616,-0.5877816380760613,-0.1087094400676619,56,0.0043793407700172,0.0521447087034612,11,0.3758036110514741,33,0.2574542128896735,5,0.6382215867464615,7,0.8681177276565225
Non-classical Monocytes|Non-classical Monocytes|HLA-F|LILRB2,Non-classical Monocytes,Non-classical Monocytes,HLA-F,LILRB2,-0.1885816737165662,-0.3240249891217333,-0.053138358311399125,56,0.006354308946210344,0.06131120408843451,11,0.8419903890130377,33,0.7753711096449417,5,0.7083934306105281,7,0.8303558249589983,Non-classical Monocytes,Non-classical Monocytes,HLA-F,LILRB2,-0.1796808215059883,-0.3154115663538304,-0.0439500766581461,56,0.0094699135638863,0.0756427869079807,11,0.9018832943036164,33,0.8186828701621773,5,0.7796247850304653,7,0.8761051823950146
pDCs|Non-classical Monocytes|GRN|TNFRSF1A,pDCs,Non-classical Monocytes,GRN,TNFRSF1A,-0.24558534475554228,-0.42304892553941303,-0.06812176397167152,44,0.0066813590414404635,0.06185065284450527,10,0.923409848226699,22,0.8435546487742193,5,0.7494280273276788,7,0.9151581726307413,pDCs,Non-classical Monocytes,GRN,TNFRSF1A,-0.2258607109508398,-0.4188013617913499,-0.0329200601103296,44,0.0217687735956736,0.1326858581069629,10,0.9475464318620213,22,0.8764816514145584,5,0.7843537405365192,7,0.9391496710398964
CD4 T Cells|NK Cells|CD48|CD244,CD4 T Cells,NK Cells,CD48,CD244,-0.24921705806030092,-0.4287500022122306,-0.06968411390837123,53,0.0065142559868324925,0.06185065284450527,11,0.856420219939747,32,0.7168972761708453,5,0.6866160604813032,5,0.7963101747727024,CD4 T Cells,NK Cells,CD48,CD244,-0.2638954166959107,-0.4332309824472187,-0.0945598509446027,53,0.0022548028225845,0.0372406143601064,11,0.9017404005488078,32,0.7398216894231558,5,0.731687720766305,5,0.8336644263365638
CD4 T Cells|Non-classical Monocytes|HLA-F|LILRB2,CD4 T Cells,Non-classical Monocytes,HLA-F,LILRB2,-0.13470947155506863,-0.23227330007993374,-0.037145643030203526,56,0.006806123734237871,0.062232145500490735,11,0.8200943360105429,33,0.7855624291482268,5,0.7352179402351686,7,0.8353955049279211,CD4 T Cells,Non-classical Monocytes,HLA-F,LILRB2,-0.1281129992448798,-0.2212940887459741,-0.0349319097437855,56,0.0070447986867774,0.0611345241971195,11,0.8868001137338858,33,0.8300014684374485,5,0.8098428198690092,7,0.8811571738174517
NK Cells|Classical Monocytes|RPS19|C5AR1,NK Cells,Classical Monocytes,RPS19,C5AR1,-0.00332413957628952,-0.0058170001299365295,-0.0008312790226425097,56,0.008960926985836419,0.07446179541611402,11,0.9990377937294604,33,0.996201813314686,5,0.9988828766070161,7,0.9993710357685311,NK Cells,Classical Monocytes,RPS19,C5AR1,-0.0015775359029359,-0.0025724798132186,-0.0005825919926533,56,0.0018859657800604,0.0347968306477728,11,0.9993457351094148,33,0.9981236634099744,5,0.999442115985462,7,0.9997975801889576
Non-classical Monocytes|Classical Monocytes|RPS19|C5AR1,Non-classical Monocytes,Classical Monocytes,RPS19,C5AR1,-0.002811462894406702,-0.004948111979015732,-0.0006748138097976723,56,0.009909376407945017,0.07870202011071978,11,0.9993484565951912,33,0.9968584957769387,5,0.9990302909359619,7,0.9993517930121161,Non-classical Monocytes,Classical Monocytes,RPS19,C5AR1,-0.0011981910869814,-0.0019405627700867,-0.0004558194038762,56,0.0015594311334245,0.0332678641797235,11,0.999593710365254,33,0.9985352647018853,5,0.9996527132674474,7,0.99979245869106
Classical Monocytes|Non-classical Monocytes|HLA-F|LILRB2,Classical Monocytes,Non-classical Monocytes,HLA-F,LILRB2,-0.22732342147999707,-0.4023224266523322,-0.052324416307661964,56,0.010896830676530182,0.08481366543232659,11,0.7169064718831206,33,0.6682446644340609,5,0.5789915152669979,7,0.7576531292979353,Classical Monocytes,Non-classical Monocytes,HLA-F,LILRB2,-0.2453075083221836,-0.4235489391698536,-0.0670660774745136,56,0.0069876858072964,0.0611345241971195,11,0.7938880896135476,33,0.7080400871707963,5,0.6533522095897586,7,0.8128117154691908
CD4 T Cells|Non-classical Monocytes|CD28|CD86,CD4 T Cells,Non-classical Monocytes,CD28,CD86,-0.24393357314421432,-0.4322981895952248,-0.05556895669320386,53,0.011143451718168669,0.08574620867709883,11,0.12841045249452526,30,0.07716274496911413,5,0.01186325149472384,7,0.20454911711352702,CD4 T Cells,Non-classical Monocytes,CD28,CD86,-0.2832173883316441,-0.516145794397191,-0.0502889822660972,53,0.017166689954337,0.1112575348939314,11,0.15431082160431,30,0.1051112138550669,5,0.0289271276025119,7,0.262944908184913
NK Cells|Non-classical Monocytes|CD99|PILRA,NK Cells,Non-classical Monocytes,CD99,PILRA,-0.021520794779502195,-0.03815073531146032,-0.004890854247544072,56,0.011200254238336248,0.08574620867709883,11,0.9767613064321925,33,0.9582321324301197,5,0.9718774973683267,7,0.9748691181457562,NK Cells,Non-classical Monocytes,CD99,PILRA,-0.0129800454926144,-0.0240412885408626,-0.0019188024443662,56,0.0214504600742488,0.1323209103375349,11,0.9876504253402624,33,0.9782998422104114,5,0.9843997759602616,7,0.9880292383230252
CD8 T Cells|NK Cells|CD48|CD244,CD8 T Cells,NK Cells,CD48,CD244,-0.2250930698667275,-0.40134979812931193,-0.0488363416041431,53,0.012313820214090446,0.09013407586175923,11,0.8467320158357801,32,0.7402254835244206,5,0.6747720664330858,5,0.7933586039884539,CD8 T Cells,NK Cells,CD48,CD244,-0.2426054779911926,-0.4104260057441585,-0.0747849502382266,53,0.0046059737380802,0.053596785315843,11,0.8930743307123475,32,0.7646069201533157,5,0.7164904465463404,5,0.8306285139785011
CD8 T Cells|Classical Monocytes|RPS19|C5AR1,CD8 T Cells,Classical Monocytes,RPS19,C5AR1,-0.0021712739411117177,-0.0038808529143151077,-0.0004616949679083274,56,0.0128002537418986,0.09211633386735588,11,0.9993920818934402,33,0.9973849822652747,5,0.9993141879655048,7,0.999478362278451,CD8 T Cells,Classical Monocytes,RPS19,C5AR1,-0.0008635181176382,-0.0014895940686433,-0.0002374421666331,56,0.006865696380257,0.0611345241971195,11,0.9996572845034228,33,0.9988520756248056,5,0.9998182768368414,7,0.9998765860758628
pDCs|Non-classical Monocytes|LGALS9|CD44,pDCs,Non-classical Monocytes,LGALS9,CD44,-0.11264056636912745,-0.20182423698450896,-0.02345689575374592,43,0.013306113985500695,0.09486999732535628,10,0.8655219236113944,21,0.8676685622533598,5,0.8007458756467614,7,0.9155330806578542,pDCs,Non-classical Monocytes,LGALS9,CD44,-0.0805505150097384,-0.1595368885267594,-0.0015641414927173,43,0.0456325399592103,0.2110604475539399,10,0.9031719863600978,21,0.90353951318789,5,0.8652650658474256,7,0.9461831076849564
Classical Monocytes|Classical Monocytes|RPS19|C5AR1,Classical Monocytes,Classical Monocytes,RPS19,C5AR1,-0.0037108383508566156,-0.006714629366705952,-0.0007070473350072794,56,0.015464678791493054,0.1043067981997555,11,0.998805692136656,33,0.9954212338550864,5,0.9983934264031351,7,0.998719806472422,Classical Monocytes,Classical Monocytes,RPS19,C5AR1,-0.0016209411595606,-0.0028476701218281,-0.0003942121972932,56,0.0096030881816772,0.0756427869079807,11,0.999129510389912,33,0.9977087936273552,5,0.9989853251587036,7,0.9991855495557076
CD4 T Cells|Classical Monocytes|RPS19|C5AR1,CD4 T Cells,Classical Monocytes,RPS19,C5AR1,-0.002025074650453207,-0.0036765870801503363,-0.0003735622207560775,56,0.016248025289877704,0.10668810803653715,11,0.9994039867954758,33,0.9975176557088203,5,0.9993352726304078,7,0.9994740161942054,CD4 T Cells,Classical Monocytes,RPS19,C5AR1,-0.0007789665863688,-0.0013829758578818,-0.0001749573148558,56,0.0114816622854002,0.0816473762517351,11,0.999680548529666,33,0.9989288598189936,5,0.9998430519619907,7,0.9998703298376872
Classical Monocytes|Non-classical Monocytes|GRN|TNFRSF1A,Classical Monocytes,Non-classical Monocytes,GRN,TNFRSF1A,-0.17431636247122584,-0.3165007078626274,-0.03213201707982427,56,0.016265938527197956,0.10668810803653715,11,0.8954524887973363,33,0.8876847932006489,5,0.76331777803054,7,0.9298664449050784,Classical Monocytes,Non-classical Monocytes,GRN,TNFRSF1A,-0.1673215755541219,-0.3257883021072187,-0.0088548490010252,56,0.0385007463697886,0.1912865555511515,11,0.9260169513841208,33,0.9162301694692154,5,0.795831387364793,7,0.9533661810040096
Classical Monocytes|Non-classical Monocytes|RPS19|C5AR1,Classical Monocytes,Non-classical Monocytes,RPS19,C5AR1,-0.00198410519913228,-0.003599795857656846,-0.00036841454060771383,56,0.016089422933998454,0.10668810803653715,11,0.9997280356066451,33,0.9981780909348464,5,0.9990554576433759,7,0.9994896181707095,Classical Monocytes,Non-classical Monocytes,RPS19,C5AR1,-0.0008647663872938,-0.0015172749616284,-0.0002122578129592,56,0.0093896759679035,0.0756427869079807,11,0.9995565852482676,33,0.9989807863504416,5,0.9992166130214296,7,0.9995055805108972
B Cells|Classical Monocytes|RPS19|C5AR1,B Cells,Classical Monocytes,RPS19,C5AR1,-0.002037716759762054,-0.0036998009948201816,-0.000375632524703926,56,0.016264851952916656,0.10668810803653715,11,0.999414622768477,33,0.9974687190563081,5,0.9993541822577157,7,0.9994459953053089,B Cells,Classical Monocytes,RPS19,C5AR1,-0.0008100712529269,-0.0014479928691598,-0.0001721496366941,56,0.0128146137867444,0.0874810967841752,11,0.9996920423706444,33,0.9988869825674404,5,0.9998566704205972,7,0.9998616818703202
CD8 T Cells|Non-classical Monocytes|HLA-F|LILRB2,CD8 T Cells,Non-classical Monocytes,HLA-F,LILRB2,-0.09165800555683978,-0.16649956016997347,-0.016816450943706096,56,0.016379124712096405,0.10712409296714903,11,0.8655329658072574,33,0.8463482196828052,5,0.805357965255641,7,0.8778312246880285,CD8 T Cells,Non-classical Monocytes,HLA-F,LILRB2,-0.0775588050655299,-0.1480187626451084,-0.0070988474859513,56,0.0309721334776455,0.1653737979830266,11,0.9162613306886758,33,0.8883800909611422,5,0.8685011484330178,7,0.9181787137710142
Classical Monocytes|Classical Monocytes|TNFSF13B|HLA-DPB1,Classical Monocytes,Classical Monocytes,TNFSF13B,HLA-DPB1,-0.04154543109509723,-0.07555735438229419,-0.007533507807900262,56,0.0166617356271502,0.10837089885625549,11,0.9593184583792688,33,0.9373907995056585,5,0.9506056656754576,7,0.9702234378969445,Classical Monocytes,Classical Monocytes,TNFSF13B,HLA-DPB1,-0.0287832900605805,-0.0539597508471508,-0.0036068292740102,56,0.0250421256739881,0.1456996402850221,11,0.9767174401721344,33,0.961849002738045,5,0.9717741581549136,7,0.9856890107814048
pDCs|Non-classical Monocytes|GRN|TNFRSF1B,pDCs,Non-classical Monocytes,GRN,TNFRSF1B,-0.03938353363528846,-0.07212456839722654,-0.006642498873350375,44,0.018393433990944865,0.11388681920284424,10,0.9902751480637766,22,0.9584907195705532,5,0.9745097564377397,7,0.9821088615798048,pDCs,Non-classical Monocytes,GRN,TNFRSF1B,-0.0261474098273875,-0.0520010902777325,-0.0002937293770424,44,0.0474533289924828,0.2131237231943088,10,0.9950917594775528,22,0.9751341249532494,5,0.9859468999758728,7,0.992136675278957
B Cells|Non-classical Monocytes|RPS19|C5AR1,B Cells,Non-classical Monocytes,RPS19,C5AR1,-0.000991507967191274,-0.0018160900803353979,-0.00016692585404715033,56,0.01843649578529984,0.11388681920284424,11,0.9999221592081381,33,0.9991407418796879,5,0.9996598464659453,7,0.9998699371046865,B Cells,Non-classical Monocytes,RPS19,C5AR1,-0.0003755709350887,-0.0006030576633524,-0.0001480842068251,56,0.0012129496317644,0.0282286459756094,11,0.9999498418065478,33,0.9996249851621848,5,0.9999290859490896,7,0.9999798002398156
B Cells|NK Cells|CD48|CD244,B Cells,NK Cells,CD48,CD244,-0.26521580110545495,-0.48666236866208334,-0.04376923354882653,53,0.018907297060172037,0.11612549971541856,11,0.7514519923201713,32,0.6473349706194411,5,0.5195738140647131,5,0.6806725934694379,B Cells,NK Cells,CD48,CD244,-0.2997090416027872,-0.5175899927286595,-0.081828090476915,53,0.0070166177126743,0.0611345241971195,11,0.8151558951001457,32,0.6753441723427922,5,0.5595957913547769,5,0.7194931102002106
pDCs|Classical Monocytes|GRN|TNFRSF1B,pDCs,Classical Monocytes,GRN,TNFRSF1B,-0.041540666927599945,-0.07640324703403464,-0.00667808682116524,44,0.019522322611776395,0.11870995650650491,10,0.9785869655893858,22,0.943279421088958,5,0.9607911129252449,7,0.967024235352417,pDCs,Classical Monocytes,GRN,TNFRSF1B,-0.027193850185738,-0.0538750070498068,-0.0005126933216692,44,0.0457572454657955,0.2110604475539399,10,0.9886251098351908,22,0.9660263039150964,5,0.9796651085430929,7,0.9842601528087364
Non-classical Monocytes|Non-classical Monocytes|RPS19|C5AR1,Non-classical Monocytes,Non-classical Monocytes,RPS19,C5AR1,-0.0015968470773404242,-0.0029417837712659213,-0.00025191038341492713,56,0.019961503188964988,0.12038145715314034,11,0.9998883431738854,33,0.9986227980781975,5,0.9994773802239276,7,0.9998086822055801,Non-classical Monocytes,Non-classical Monocytes,RPS19,C5AR1,-0.0006299410567687,-0.0010977650805646,-0.0001621170329728,56,0.0083112094406906,0.0697596595677639,11,0.9998615893297492,33,0.9993137125032604,5,0.999834528532194,7,0.9999165927624738
pDCs|Non-classical Monocytes|CD99|PILRA,pDCs,Non-classical Monocytes,CD99,PILRA,-0.06783806942602921,-0.1252077151504023,-0.010468423701656127,44,0.0204708028904056,0.12149204939180523,10,0.9655339689475444,22,0.9032426476119532,5,0.9402802344839092,7,0.9458269825743472,pDCs,Non-classical Monocytes,CD99,PILRA,-0.0508412094240402,-0.1023572387278264,0.0006748198797459,44,0.0530774842507093,0.2316332092993019,10,0.9803231616382548,22,0.9321653283337292,5,0.9682548644524582,7,0.970938240571973
pDCs|B Cells|TNFSF13B|CD40,pDCs,B Cells,TNFSF13B,CD40,-0.32170833759605005,-0.5938784386035101,-0.04953823658859008,43,0.020520023058155718,0.12149204939180523,10,0.2419355329447582,21,0.3039590243237418,5,0.01799439094854698,7,0.4017262199235806,pDCs,B Cells,TNFSF13B,CD40,-0.4273351109876332,-0.7178982801628908,-0.1367719418123756,43,0.0039447671589596,0.0504930196346839,10,0.2943065889036766,21,0.3272714038769959,5,0.0234049690523597,7,0.4837048950133122
NK Cells|Non-classical Monocytes|RPS19|C5AR1,NK Cells,Non-classical Monocytes,RPS19,C5AR1,-0.0016046398649243176,-0.0029674970667861508,-0.00024178266306248432,56,0.021017021489293172,0.12229974232845066,11,0.9998076681770077,33,0.9985878377583396,5,0.9994294155530066,7,0.9998142249992626,NK Cells,Non-classical Monocytes,RPS19,C5AR1,-0.0006500436349977,-0.0011075870312362,-0.0001925002387592,56,0.0053598570499381,0.0583882299908154,11,0.9996616869311844,33,0.999218381674716,5,0.999706876745209,7,0.9999136151237384
CD8 T Cells|Non-classical Monocytes|RPS19|C5AR1,CD8 T Cells,Non-classical Monocytes,RPS19,C5AR1,-0.0010868736462896766,-0.002011800774349502,-0.00016194651822985134,56,0.021271177973731046,0.12233546938094086,11,0.999912369435205,33,0.9990645582490064,5,0.9996281588351137,7,0.9998672212952047,CD8 T Cells,Non-classical Monocytes,RPS19,C5AR1,-0.0004183739193266,-0.0006911612388609,-0.0001455865997923,56,0.0026471176964428,0.0392531741282867,11,0.9999282357221032,33,0.999581844800624,5,0.999905618174249,7,0.9999776011720964
NK Cells|NK Cells|CD48|CD244,NK Cells,NK Cells,CD48,CD244,-0.26498695288218754,-0.4909953501646341,-0.038978555599741005,53,0.021562396778093365,0.12280047921182441,11,0.7182068066047587,32,0.6384043235676823,5,0.5394415389725417,5,0.7246260088176528,NK Cells,NK Cells,CD48,CD244,-0.3137938967088532,-0.5107919202806698,-0.1167958731370367,53,0.001796365199695,0.0347968306477728,11,0.7862621913794926,32,0.6614014301917663,5,0.5778480452087811,5,0.7667811807299081
CD4 T Cells|Non-classical Monocytes|RPS19|C5AR1,CD4 T Cells,Non-classical Monocytes,RPS19,C5AR1,-0.0010200391920406338,-0.001901796144307741,-0.00013828223977352654,56,0.023369652634330225,0.13117341082009873,11,0.999920123270817,33,0.9991115748964452,5,0.999650387493863,7,0.9998618783115318,CD4 T Cells,Non-classical Monocytes,RPS19,C5AR1,-0.000382291974313,-0.0006322445703013,-0.0001323393783247,56,0.0027204100067441,0.0392531741282867,11,0.9999445176166027,33,0.999613132863882,5,0.999925004659602,7,0.9999759118811944
Classical Monocytes|Non-classical Monocytes|GRN|TNFRSF1B,Classical Monocytes,Non-classical Monocytes,GRN,TNFRSF1B,-0.012648833201780119,-0.023971361008971293,-0.001326305394588943,56,0.02855678111998966,0.15051937678369268,11,0.984791303780591,33,0.981153236702551,5,0.9769249195470021,7,0.9859356856707422,Classical Monocytes,Non-classical Monocytes,GRN,TNFRSF1B,-0.0068846634372078,-0.015188797282142,0.0014194704077263,56,0.1041760335074959,0.3441169622957285,11,0.9920435943210576,33,0.9917200724265126,5,0.9871459014833646,7,0.9937070430260276
Classical Monocytes|Classical Monocytes|COPA|CD74,Classical Monocytes,Classical Monocytes,COPA,CD74,-0.02801678233280125,-0.053214213222601545,-0.0028193514430009496,56,0.0293119726494425,0.152435314335074,11,0.9594983173332019,33,0.9452269433165482,5,0.9512132609646962,7,0.9649586692808437,Classical Monocytes,Classical Monocytes,COPA,CD74,-0.0164953508609445,-0.0310583092786282,-0.0019323924432608,56,0.0264163163052197,0.1486280653656322,11,0.9755757709075704,33,0.9680139670022274,5,0.9742728138447958,7,0.9832063608003976
pDCs|Classical Monocytes|TNFSF13B|HLA-DPB1,pDCs,Classical Monocytes,TNFSF13B,HLA-DPB1,-0.1792390230319596,-0.34186633525284527,-0.01661171081107396,43,0.030759802524950943,0.15577907951185943,10,0.8536989564120127,21,0.7535897344123645,5,0.7975735429177513,7,0.8767033439500628,pDCs,Classical Monocytes,TNFSF13B,HLA-DPB1,-0.1699448065823526,-0.3239623059355762,-0.0159273072291291,43,0.0305682317783016,0.1653737979830266,10,0.8941336070665147,21,0.7911956878552383,5,0.8513370823608707,7,0.918343969731947
Non-classical Monocytes|B Cells|TNFSF13B|CD40,Non-classical Monocytes,B Cells,TNFSF13B,CD40,-0.18953572804152174,-0.36178457617543225,-0.01728687990761127,56,0.031031713168817657,0.15607072384594323,11,0.6820268373802413,33,0.752546934155912,5,0.5308463348410675,7,0.7909021596582599,Non-classical Monocytes,B Cells,TNFSF13B,CD40,-0.2048450940188934,-0.3941078014095016,-0.0155823866282852,56,0.0338938870050178,0.1748567067535745,11,0.7573361612464727,33,0.7984184300229401,5,0.5943979718933282,7,0.840325334688689
B Cells|Non-classical Monocytes|GRN|TNFRSF1B,B Cells,Non-classical Monocytes,GRN,TNFRSF1B,-0.225251745158344,-0.4327092096027011,-0.01779428071398692,54,0.03333076010641072,0.16384699968098743,10,0.7151969832471744,32,0.6461383694573406,5,0.5913574679974662,7,0.7475505993659765,B Cells,Non-classical Monocytes,GRN,TNFRSF1B,-0.2329449900810851,-0.4646558298740059,-0.0012341502881643,54,0.0487921738281342,0.217231243478302,10,0.749896999940826,32,0.6804582370491443,5,0.6366947156940334,7,0.8002009428834368
CD4 T Cells|Non-classical Monocytes|CD99|PILRA,CD4 T Cells,Non-classical Monocytes,CD99,PILRA,-0.11175221384179501,-0.21475970751515727,-0.008744720168432765,56,0.03347386102071585,0.16389285443250254,11,0.8777945201609434,33,0.8017854291528593,5,0.8650531194294823,7,0.9007962422631932,CD4 T Cells,Non-classical Monocytes,CD99,PILRA,-0.109241023063736,-0.2012901104719463,-0.0171919356555257,56,0.0200172214965884,0.1249855781250402,11,0.9259905568534866,33,0.8435597725748423,5,0.909733379666322,7,0.9365436184514137
CD4 T Cells|NK Cells|SIRPG|CD47,CD4 T Cells,NK Cells,SIRPG,CD47,-0.27606104335541526,-0.5331678680039778,-0.01895421870685282,54,0.035338789661225854,0.16909031528475896,11,0.26278169837535803,31,0.23716600760523554,5,0.040414396861366844,7,0.2908597494466596,CD4 T Cells,NK Cells,SIRPG,CD47,-0.3399529981408944,-0.6008491306261665,-0.0790568656556224,54,0.0106532053769537,0.0790498717826135,11,0.3005038369214185,31,0.2598305280497998,5,0.0289389801287981,7,0.3282186693980738
Non-classical Monocytes|Classical Monocytes|COPA|CD74,Non-classical Monocytes,Classical Monocytes,COPA,CD74,-0.029149444477378883,-0.05642165202523416,-0.0018772369295236083,56,0.03618212024268169,0.1712468181195559,11,0.945291973412533,33,0.9368591555445803,5,0.9397813853709046,7,0.9604980119803308,Non-classical Monocytes,Classical Monocytes,COPA,CD74,-0.0149245477721529,-0.0312716130868365,0.0014225175425307,56,0.0735490662363855,0.2831362549851833,11,0.9635309505748936,33,0.9629852013168458,5,0.966881508327307,7,0.9812603068414124
Classical Monocytes|CD4 T Cells|LGALS9|CD47,Classical Monocytes,CD4 T Cells,LGALS9,CD47,-0.22828468131635926,-0.44595705192342494,-0.01061231070929361,56,0.039828875804836,0.18199691781661853,11,0.5052810601785115,33,0.6050274161305478,5,0.31645854208700575,7,0.6444895793554013,Classical Monocytes,CD4 T Cells,LGALS9,CD47,-0.2479619666924791,-0.4832295307594777,-0.0126944026254806,56,0.0388550815963276,0.1912865555511515,11,0.5564645133517626,33,0.641959181845558,5,0.3748240937076228,7,0.7082807288938974
CD4 T Cells|Non-classical Monocytes|SIRPG|CD47,CD4 T Cells,Non-classical Monocytes,SIRPG,CD47,-0.30390466593921706,-0.5954568954790975,-0.012352436399336642,54,0.041052100275122815,0.1850514558733818,11,0.2736239231552995,31,0.18096648860558834,5,0.07372542656908121,7,0.2849726579585871,CD4 T Cells,Non-classical Monocytes,SIRPG,CD47,-0.3473140547577674,-0.6475486622255643,-0.0470794472899706,54,0.023371679142576,0.1391430200116157,11,0.3161039686309905,31,0.2087425472148281,5,0.0828593838735378,7,0.3228120172151428
B Cells|Classical Monocytes|CD99|PILRA,B Cells,Classical Monocytes,CD99,PILRA,-0.24612999349121223,-0.4874186129539878,-0.004841374028436624,56,0.04557698608107224,0.1964953578072941,11,0.2702237043298536,33,0.28265251536164826,5,0.2312251239700458,7,0.4897839284930527,B Cells,Classical Monocytes,CD99,PILRA,-0.289740222445713,-0.6051648454093584,0.0256844005179324,56,0.071802548515478,0.2806328613734715,11,0.3200473489951265,33,0.3076768188200868,5,0.2887767480942312,7,0.5661464403649045
pDCs|NK Cells|LGALS9|CD47,pDCs,NK Cells,LGALS9,CD47,-0.3013329079875825,-0.5964491986939584,-0.006216617281206649,43,0.04536539296322985,0.1964953578072941,10,0.4649990626475223,21,0.5787191133345241,5,0.2489838010952162,7,0.6640367597698006,pDCs,NK Cells,LGALS9,CD47,-0.3080768851143832,-0.6211938759239408,0.0050401056951743,43,0.053803488861476,0.2316332092993019,10,0.5260498951875282,21,0.6310366263081548,5,0.3132482996864015,7,0.7263119159214114
NK Cells|Non-classical Monocytes|HLA-F|LILRB2,NK Cells,Non-classical Monocytes,HLA-F,LILRB2,-0.06726660649991856,-0.13475010782001495,0.0002168948201778237,56,0.05074089804883506,0.21044404430555927,11,0.8909474483013522,33,0.8867697928452316,5,0.8332211563509503,7,0.8963101073947483,NK Cells,Non-classical Monocytes,HLA-F,LILRB2,-0.0464548031645961,-0.0991541554910589,0.0062445491618666,56,0.0840383812495445,0.3089534516080413,11,0.9333502691218688,33,0.9244119248709072,5,0.8949247216354863,7,0.932441180549121
Classical Monocytes|Non-classical Monocytes|CD52|SIGLEC10,Classical Monocytes,Non-classical Monocytes,CD52,SIGLEC10,-0.16601107964895978,-0.3331929585069978,0.0011707992090782826,55,0.051626148919504115,0.21335762429564975,11,0.9757521643627005,32,0.8157090523891057,5,0.9090693838551809,7,0.915037351530546,Classical Monocytes,Non-classical Monocytes,CD52,SIGLEC10,-0.1673606491759242,-0.3194351031941401,-0.0152861951577082,55,0.0310075871218174,0.1653737979830266,11,0.9865992699593628,32,0.8414738210747156,5,0.926546451826923,7,0.9487816521182
Non-classical Monocytes|Classical Monocytes|GRN|TNFRSF1A,Non-classical Monocytes,Classical Monocytes,GRN,TNFRSF1A,-0.09204098551177309,-0.18659225498228502,0.0025102839587388404,56,0.056400519690755636,0.2209651232850913,11,0.839027998104281,33,0.8723416873303457,5,0.8065341269694049,7,0.9318888017072426,Non-classical Monocytes,Classical Monocytes,GRN,TNFRSF1A,-0.0787440453931054,-0.1878693512179594,0.0303812604317486,56,0.1572749855390576,0.4283233648723272,11,0.8729357666297995,33,0.9020557692081264,5,0.8526716345656873,7,0.9605356825371196
Classical Monocytes|Non-classical Monocytes|CD99|PILRA,Classical Monocytes,Non-classical Monocytes,CD99,PILRA,-0.10893727739731907,-0.2208915950839922,0.003017040289354067,56,0.056501786691846814,0.22099107525203068,11,0.8769858756026142,33,0.8233865780479545,5,0.8409539652004752,7,0.8962919450431345,Classical Monocytes,Non-classical Monocytes,CD99,PILRA,-0.1087732202119685,-0.2115915992624155,-0.0059548411615215,56,0.0381278642717003,0.1912865555511515,11,0.9240556647705156,33,0.868220052397044,5,0.8850544370317192,7,0.9379920448702164
Non-classical Monocytes|CD8 T Cells|CD58|CD2,Non-classical Monocytes,CD8 T Cells,CD58,CD2,-0.19292454495328393,-0.39711583625965446,0.01126674635308661,56,0.06405192600894359,0.2378156188250826,11,0.5380173184139515,33,0.535509821583574,5,0.5344175759349155,7,0.7248346240578218,Non-classical Monocytes,CD8 T Cells,CD58,CD2,-0.2247333783155997,-0.4378389186021693,-0.0116278380290301,56,0.0387429203809767,0.1912865555511515,11,0.6012202869258588,33,0.5650044832604454,5,0.5944168454579614,7,0.7829344201081476
pDCs|pDCs|TNFSF13B|HLA-DPB1,pDCs,pDCs,TNFSF13B,HLA-DPB1,-0.04459335542866638,-0.09254743294956078,0.0033607220922280204,43,0.0683631457414374,0.24595985409284488,10,0.9819598221565672,21,0.9634425913306706,5,0.9562782461431638,7,0.9823543707459335,pDCs,pDCs,TNFSF13B,HLA-DPB1,-0.0249885566430723,-0.051133629137122,0.0011565158509773,43,0.0610316852595538,0.2490751508541757,10,0.9887569052549652,21,0.9769935748788392,5,0.9788648416671386,7,0.992090067934085
CD4 T Cells|CD4 T Cells|SIRPG|CD47,CD4 T Cells,CD4 T Cells,SIRPG,CD47,-0.13210939690495715,-0.2746155545365746,0.01039676072666032,54,0.06922144194921018,0.2479670095200463,11,0.06338097145342951,31,0.0268850300319968,5,0.0,7,0.09561345548352444,CD4 T Cells,CD4 T Cells,SIRPG,CD47,-0.2071667031731236,-0.4102071102290427,-0.0041262961172044,54,0.0455223588759607,0.2110604475539399,11,0.102781263622549,31,0.0424377367989241,5,0.0,7,0.1468231763494987
Non-classical Monocytes|Non-classical Monocytes|LGALS9|LRP1,Non-classical Monocytes,Non-classical Monocytes,LGALS9,LRP1,-0.22488776670725963,-0.4674896173983555,0.017714083983836254,56,0.06923961036705362,0.2479670095200463,11,0.5904882489358512,33,0.6586727682389242,5,0.3042206500598351,7,0.5972929360701678,Non-classical Monocytes,Non-classical Monocytes,LGALS9,LRP1,-0.2535405156474165,-0.516334599283291,0.0092535679884578,56,0.0586311171508643,0.2440579835873377,11,0.6409451288321634,33,0.690351494683083,5,0.3476092124189792,7,0.6505560939173154
Non-classical Monocytes|Classical Monocytes|HLA-F|LILRB2,Non-classical Monocytes,Classical Monocytes,HLA-F,LILRB2,-0.25184103893491977,-0.5259078608508363,0.02222578298099681,56,0.07169999307225207,0.25443690550715586,11,0.4701459682429742,33,0.4827064107449907,5,0.26444380734878475,7,0.528845288785721,Non-classical Monocytes,Classical Monocytes,HLA-F,LILRB2,-0.2904291045951246,-0.603234039812121,0.0223758306218716,56,0.0687952323209268,0.2751809292837075,11,0.5330195721152166,33,0.5154098524169148,5,0.3176846646234684,7,0.5905040495202913
B Cells|Non-classical Monocytes|HLA-F|LILRB2,B Cells,Non-classical Monocytes,HLA-F,LILRB2,-0.1417035011457739,-0.2969650955092191,0.013558093217671346,56,0.07364514377840323,0.25824707512661915,11,0.7648531785577919,33,0.7675783841454985,5,0.6625056389548467,7,0.8069343456883272,B Cells,Non-classical Monocytes,HLA-F,LILRB2,-0.1386119981252698,-0.2710007273331778,-0.0062232689173617,56,0.0401602290306204,0.1958289263207396,11,0.8401069278313474,33,0.8121486396718016,5,0.7452779005142152,7,0.8559316104799392
Classical Monocytes|B Cells|LGALS9|CD47,Classical Monocytes,B Cells,LGALS9,CD47,-0.2410767565955831,-0.5068933709922412,0.024739857801074933,56,0.07547813977203405,0.26109845387807334,11,0.4965210444202311,33,0.6293251517572571,5,0.24522204417763568,7,0.6191029081102448,Classical Monocytes,B Cells,LGALS9,CD47,-0.2654036997114124,-0.5235527281780863,-0.0072546712447385,56,0.0439000220155127,0.2081186228883567,11,0.5498979669341623,33,0.6731681231183967,5,0.3051635646527211,7,0.693837420548368
pDCs|Classical Monocytes|RPS19|C5AR1,pDCs,Classical Monocytes,RPS19,C5AR1,-0.002303261249693489,-0.004882159972866293,0.00027563747347931567,44,0.08003562527426088,0.27045323446512176,10,0.9993083800728002,22,0.99740301871784,5,0.998930549573592,7,0.9993284494683251,pDCs,Classical Monocytes,RPS19,C5AR1,-0.0009106446477217,-0.0019567069420114,0.0001354176465679,44,0.0879638696709197,0.3111443753444233,10,0.9995641541644558,22,0.99877598461074,5,0.9996012181520588,7,0.999723693246065
Classical Monocytes|pDCs|TNFSF13B|HLA-DPB1,Classical Monocytes,pDCs,TNFSF13B,HLA-DPB1,-0.005946317507219634,-0.012774345314680944,0.000881710300241677,44,0.08784588223848043,0.2893090762014835,10,0.9966862772274918,22,0.9922526723835269,5,0.9955164839903252,7,0.99702919665358,Classical Monocytes,pDCs,TNFSF13B,HLA-DPB1,-0.0035353711953569,-0.0070296843709255,-4.105801978841056e-05,44,0.0473681587681103,0.2131237231943088,10,0.998048627124932,22,0.9963021172477724,5,0.9964471052996376,7,0.998235966617835
pDCs|Non-classical Monocytes|RPS19|C5AR1,pDCs,Non-classical Monocytes,RPS19,C5AR1,-0.001336586981961485,-0.002876147101411864,0.0002029731374888937,44,0.08883685404879434,0.2900050706319763,10,0.9998920891060985,22,0.9988881692429828,5,0.9994480047357222,7,0.9997806718545679,pDCs,Non-classical Monocytes,RPS19,C5AR1,-0.0004319569456062,-0.0009087932634363,4.487937222380278e-05,44,0.075816343280093,0.2875405019215381,10,0.9998771015394748,22,0.999504224070165,5,0.9998179983194472,7,0.9998770777957436
NK Cells|Classical Monocytes|CD99|PILRA,NK Cells,Classical Monocytes,CD99,PILRA,-0.03064833324251981,-0.06617075389199302,0.004874087406953401,56,0.09083026474949622,0.292133151776961,11,0.9278888111226418,33,0.9106526784691815,5,0.9315107791943124,7,0.9449229797833719,NK Cells,Classical Monocytes,CD99,PILRA,-0.022141272494957,-0.0535404941683729,0.0092579491784589,56,0.166948503931017,0.4406063608901067,11,0.9550334916833008,33,0.943779631969778,5,0.9597149877593352,7,0.9706024005407696
Classical Monocytes|Classical Monocytes|CD1D|LILRB2,Classical Monocytes,Classical Monocytes,CD1D,LILRB2,-0.12576722090252632,-0.27307328504573186,0.02153884324067923,52,0.09425224301892013,0.299020363382036,10,0.02274620949812873,30,0.05656832149989301,5,0.0,7,0.1595893329042906,Classical Monocytes,Classical Monocytes,CD1D,LILRB2,-0.2266696931951142,-0.4103591819491133,-0.0429802044411151,52,0.0155819857542292,0.103610087093057,10,0.0295384673741739,30,0.0725422998863529,5,0.0,7,0.2696735257072932
pDCs|Classical Monocytes|LGALS9|CD44,pDCs,Classical Monocytes,LGALS9,CD44,-0.05881403048973011,-0.12843227923228895,0.010804218252828734,43,0.09776382557095878,0.30600339505119134,10,0.8899801100625391,21,0.9054268285930851,5,0.8705929503525572,7,0.9448536993728334,pDCs,Classical Monocytes,LGALS9,CD44,-0.0303433944472227,-0.0849236798660036,0.0242368909715581,43,0.275879037772614,0.5275812630516776,10,0.9229855888346976,21,0.936446355561586,5,0.923906300567479,7,0.9677104617415904
Non-classical Monocytes|Non-classical Monocytes|GRN|TNFRSF1A,Non-classical Monocytes,Non-classical Monocytes,GRN,TNFRSF1A,-0.16751667279957383,-0.3677691585080717,0.03273581290892405,56,0.10109597914335015,0.3107306046091008,11,0.8451108367294732,33,0.8787821995714905,5,0.7119702434068336,7,0.9131582790484247,Non-classical Monocytes,Non-classical Monocytes,GRN,TNFRSF1A,-0.1737714959418873,-0.3964578493238491,0.0489148574400744,56,0.1261548939348408,0.3801962075648766,11,0.8840756135132968,33,0.9058438752953512,5,0.7444920473129926,7,0.9400318050369344
CD4 T Cells|Classical Monocytes|SIRPG|CD47,CD4 T Cells,Classical Monocytes,SIRPG,CD47,0.024625363204350763,-0.005140437174220955,0.05439116358292248,54,0.10491347604402791,0.3189169482449725,11,0.0,31,0.025183817546356135,5,0.0,7,0.0005584543420053715,CD4 T Cells,Classical Monocytes,SIRPG,CD47,-0.019866258505849,-0.094239252423353,0.0545067354116549,54,0.6005993277738784,0.8049917691628946,11,0.0,31,0.0291689010380863,5,0.0,7,0.0490351595439354
Non-classical Monocytes|B Cells|TNFSF13B|TNFRSF13C,Non-classical Monocytes,B Cells,TNFSF13B,TNFRSF13C,-0.22645961552480876,-0.5007162833144029,0.04779705226478537,51,0.10557979938992862,0.3197520513300692,11,0.501942414318114,29,0.5474806761421944,5,0.2778838388530003,6,0.5498817162018894,Non-classical Monocytes,B Cells,TNFSF13B,TNFRSF13C,-0.3309795851365508,-0.6721885607774735,0.0102293905043718,51,0.0572752217177261,0.2423546571857501,11,0.5746130857631165,29,0.5607858071489827,5,0.2694086152824615,6,0.5865609218048785
Classical Monocytes|B Cells|TNFSF13B|TNFRSF13C,Classical Monocytes,B Cells,TNFSF13B,TNFRSF13C,-0.22826722164000673,-0.5071036823482196,0.050569239068206095,51,0.10860196343701639,0.3259454815236931,11,0.6679692570279652,29,0.6078064931867885,5,0.4766060090649707,6,0.6447104668638007,Classical Monocytes,B Cells,TNFSF13B,TNFRSF13C,-0.2871954971169584,-0.6172575891659106,0.0428665949319936,51,0.0881170594237136,0.3111443753444233,11,0.7328815747567655,29,0.6192744797441055,5,0.5018525960691058,6,0.6754409981734043
pDCs|Non-classical Monocytes|TNFSF13B|HLA-DPB1,pDCs,Non-classical Monocytes,TNFSF13B,HLA-DPB1,-0.03312195119238526,-0.0738274059031635,0.007583503518392994,43,0.11075272325264426,0.3308209440041305,10,0.9712609850407968,21,0.9514852481548383,5,0.9734391906044257,7,0.9867854049108524,pDCs,Non-classical Monocytes,TNFSF13B,HLA-DPB1,-0.015490981863478,-0.0436447740203448,0.0126628102933887,43,0.2808439256250736,0.530598117786117,10,0.9794905025856604,21,0.9703626441003004,5,0.9878630509628444,7,0.9942261743409628
CD4 T Cells|NK Cells|CLEC2B|KLRF1,CD4 T Cells,NK Cells,CLEC2B,KLRF1,0.22467112898537922,-0.05230480786771807,0.5016470658384765,55,0.11187095822268295,0.3323392970101332,11,0.9547307635460218,33,0.875897875252877,5,0.8175743559768278,6,0.5140703386983038,CD4 T Cells,NK Cells,CLEC2B,KLRF1,0.1977266445555263,-0.0375310881671397,0.4329843772781925,55,0.0994989836742964,0.335154471323946,11,0.9738969627647472,33,0.9051100846764436,5,0.8716270459305416,6,0.6051135232867116
pDCs|CD4 T Cells|APP|CD74,pDCs,CD4 T Cells,APP,CD74,-0.03431304775219901,-0.07660773714475173,0.007981641640353712,44,0.11181465221618019,0.3323392970101332,10,0.9821000079632805,22,0.9558897393801992,5,0.9608819896659302,7,0.9689847688350479,pDCs,CD4 T Cells,APP,CD74,-0.0200306097836896,-0.0465768020501967,0.0065155824828174,44,0.1391659355106581,0.4002975223677356,10,0.9902554883662388,22,0.9747483407945352,5,0.9802780190333896,7,0.984801481245376
Non-classical Monocytes|Classical Monocytes|ANXA1|FPR1,Non-classical Monocytes,Classical Monocytes,ANXA1,FPR1,-0.051161400041851546,-0.1144648748691261,0.012142074785423007,56,0.11318725806617405,0.33515574825422156,11,0.9291123425003099,33,0.9257524859506772,5,0.9220460051500048,7,0.9698475486422236,Non-classical Monocytes,Classical Monocytes,ANXA1,FPR1,-0.0373431202527515,-0.0831561200957573,0.0084698795902542,56,0.1101304601805134,0.3591515644103369,11,0.9571341655056296,33,0.9538283366114484,5,0.9516563986444396,7,0.98569369000301
Classical Monocytes|NK Cells|LGALS9|CD47,Classical Monocytes,NK Cells,LGALS9,CD47,-0.1793044450727524,-0.40156589647941787,0.04295700633391311,56,0.11384213943642678,0.3364827792203247,11,0.679136912897155,33,0.7431280558009359,5,0.4808007209163649,7,0.7240963088928981,Classical Monocytes,NK Cells,LGALS9,CD47,-0.1907296607813569,-0.4460238649536526,0.0645645433909388,56,0.1431163162368513,0.402612933589384,11,0.7463160457782368,33,0.7892840150236138,5,0.5500386480080564,7,0.7837362780347902
pDCs|CD4 T Cells|LGALS9|CD47,pDCs,CD4 T Cells,LGALS9,CD47,-0.20878786190677123,-0.4685954069070982,0.05101968309355576,43,0.11523884886393373,0.3398778919606451,10,0.20008501786599947,21,0.43268172054717635,5,0.09970001161188542,7,0.5410845761998335,pDCs,CD4 T Cells,LGALS9,CD47,-0.2750694732062736,-0.5631725556699927,0.0130336092574454,43,0.0613040094096268,0.2490751508541757,10,0.2528217530636318,21,0.4702893796970275,5,0.1176762751418573,7,0.6102133749815266
pDCs|NK Cells|GRN|TNFRSF1B,pDCs,NK Cells,GRN,TNFRSF1B,-0.06901420207340869,-0.15717818151590557,0.019149777369088197,44,0.12496881665217718,0.357163019440433,10,0.9388705309059541,22,0.876922491543546,5,0.9045990215802622,7,0.9116651842912628,pDCs,NK Cells,GRN,TNFRSF1B,-0.0613825313145459,-0.1376885869856999,0.014923524356608,44,0.1148772638954032,0.3653842980288806,10,0.9606519270931134,22,0.9090797056288143,5,0.93932239361881,7,0.949132703469057
Classical Monocytes|Non-classical Monocytes|HBEGF|CD44,Classical Monocytes,Non-classical Monocytes,HBEGF,CD44,-0.12766973369716317,-0.2917999718756287,0.03646050448130239,50,0.12736631984685387,0.3604852810210955,10,0.8711795006068954,28,0.7374092764739569,5,0.8244727464276211,7,0.8183722559918458,Classical Monocytes,Non-classical Monocytes,HBEGF,CD44,-0.1166679514984152,-0.2798031457262953,0.0464672427294648,50,0.1610078148551315,0.4293541729470173,10,0.8952524376284463,28,0.7697778068276724,5,0.8705490685058163,7,0.8617423892034576
Non-classical Monocytes|Classical Monocytes|TNFSF13B|HLA-DPB1,Non-classical Monocytes,Classical Monocytes,TNFSF13B,HLA-DPB1,-0.037259883893148604,-0.08591721887684778,0.011397451090550563,56,0.13339080446946852,0.37123662507295474,11,0.9369259233375431,33,0.9274796148025996,5,0.9268632259469548,7,0.9546768013051599,Non-classical Monocytes,Classical Monocytes,TNFSF13B,HLA-DPB1,-0.0260117626457772,-0.0607088998160622,0.0086853745245078,56,0.1417388233937355,0.402612933589384,11,0.96294129730504,33,0.9538005931027106,5,0.9604173172854746,7,0.9772883757289226
pDCs|Classical Monocytes|HLA-F|LILRB2,pDCs,Classical Monocytes,HLA-F,LILRB2,-0.18013264906155813,-0.41519668807144305,0.05493138994832683,44,0.13311104276780863,0.37123662507295474,10,0.13911963942087696,22,0.30777073204521177,5,0.0,7,0.34878374168589293,pDCs,Classical Monocytes,HLA-F,LILRB2,-0.2460670899387193,-0.5215566150553701,0.0294224351779314,44,0.0800081584345292,0.2990085921056859,10,0.1766450746113978,22,0.3408586332011891,5,0.0133907502315704,7,0.4236713987600811
Non-classical Monocytes|Non-classical Monocytes|LGALS9|CD47,Non-classical Monocytes,Non-classical Monocytes,LGALS9,CD47,-0.08525646040586954,-0.19754941405377835,0.02703649324203926,56,0.1367328654732467,0.3763242692403658,11,0.8630319331725924,33,0.8351099352977754,5,0.8096506779686432,7,0.8669851404996958,Non-classical Monocytes,Non-classical Monocytes,LGALS9,CD47,-0.0711003073098801,-0.1604503917902236,0.0182497771704633,56,0.1188447775897166,0.3687789462177872,11,0.9143642102820612,33,0.8746117140767465,5,0.879251773079505,7,0.9105995841840704
CD4 T Cells|Classical Monocytes|ANXA1|FPR1,CD4 T Cells,Classical Monocytes,ANXA1,FPR1,-0.09159207161994842,-0.2127911834868913,0.029607040246994468,56,0.13855979872133606,0.3784060000167482,11,0.7866090921848126,33,0.7319836751680899,5,0.9018761083677393,7,0.9388427629709651,CD4 T Cells,Classical Monocytes,ANXA1,FPR1,-0.091417871987935,-0.211704263950788,0.0288685199749179,56,0.1363357256609095,0.4002975223677356,11,0.8356502793333028,33,0.7744240590426381,5,0.9370093276544976,7,0.967200979351768
Classical Monocytes|Non-classical Monocytes|LGALS9|CD47,Classical Monocytes,Non-classical Monocytes,LGALS9,CD47,-0.18228243139201772,-0.42458191557608466,0.06001705279204922,56,0.1403510028248279,0.3810692925534572,11,0.6782369415272226,33,0.6894830089618291,5,0.5280938756786575,7,0.7216223745052818,Classical Monocytes,Non-classical Monocytes,LGALS9,CD47,-0.20630247238278,-0.4820039865401775,0.0693990417746175,56,0.1424833449768216,0.402612933589384,11,0.7545753902720785,33,0.7323075451623998,5,0.5982903719313356,7,0.7823249992044369
pDCs|Non-classical Monocytes|COPA|CD74,pDCs,Non-classical Monocytes,COPA,CD74,0.028249752318888377,-0.009784629505372039,0.06628413414314879,43,0.1454621365854807,0.38995877029517506,10,0.9862941342440719,21,0.9726554621977797,5,0.9832008158369396,7,0.941312391471759,pDCs,Non-classical Monocytes,COPA,CD74,0.0230687908735724,-0.0046489606679544,0.0507865424150994,43,0.1028420147812166,0.3419163088830059,10,0.991892758030806,21,0.9859251140520852,5,0.9919421364816224,7,0.9629057016293292
Non-classical Monocytes|pDCs|LGALS9|SLC1A5,Non-classical Monocytes,pDCs,LGALS9,SLC1A5,-0.22445629591290028,-0.5269762476107562,0.07806365578495561,39,0.14588926871427982,0.3906553239080773,10,0.6087984836607928,18,0.6134142678598667,5,0.43721872705200815,6,0.6662908071639824,Non-classical Monocytes,pDCs,LGALS9,SLC1A5,-0.2218606973734015,-0.5392935521417048,0.0955721573949017,39,0.1707302088146182,0.4482762405799206,10,0.6618994462349963,18,0.652326673183468,5,0.5136379044521673,6,0.7259258287740405
pDCs|Non-classical Monocytes|LGALS9|CD47,pDCs,Non-classical Monocytes,LGALS9,CD47,-0.24135107413134882,-0.568273139522725,0.08557099126002737,43,0.1479113301835607,0.393219705156132,10,0.4443910043988188,21,0.5424404947796573,5,0.311084583502638,7,0.6504851480148253,pDCs,Non-classical Monocytes,LGALS9,CD47,-0.244413373243369,-0.5879394933170452,0.099112746830307,43,0.1631717342140092,0.4328700928371643,10,0.5037934372572791,21,0.5935282433625103,5,0.375878454186436,7,0.7100266335350363
Classical Monocytes|pDCs|COPA|CD74,Classical Monocytes,pDCs,COPA,CD74,-0.008546613291098182,-0.02012669543784832,0.0030334688556519582,44,0.1480257476797602,0.393219705156132,10,0.9902335730155214,22,0.9859271838350371,5,0.9831044263260595,7,0.9873446504366734,Classical Monocytes,pDCs,COPA,CD74,-0.0044367871579714,-0.0106335237305896,0.0017599494146467,44,0.1605243868670369,0.4293541729470173,10,0.9950113244284736,22,0.993635599333394,5,0.992307028603366,7,0.995368090666258
Classical Monocytes|CD8 T Cells|LGALS9|CD47,Classical Monocytes,CD8 T Cells,LGALS9,CD47,-0.20374746821262388,-0.480338381793054,0.07284344536780621,56,0.14879957714349332,0.3934847255153532,11,0.42374913452099777,33,0.5857843212530183,5,0.1951163498985212,7,0.5608990048431656,Classical Monocytes,CD8 T Cells,LGALS9,CD47,-0.2220547010469586,-0.5096443536300668,0.0655349515361495,56,0.1301948251447672,0.3875566888030281,11,0.4669014845445557,33,0.6237669602766225,5,0.2497136814258067,7,0.6286338582048321
Non-classical Monocytes|Classical Monocytes|LGALS9|LRP1,Non-classical Monocytes,Classical Monocytes,LGALS9,LRP1,-0.14442747269687706,-0.3419305914887689,0.05307564609501483,56,0.15178452516706245,0.4000190364165811,11,0.6548165846357122,33,0.6624440483368427,5,0.5521203060913601,7,0.7041752424893676,Non-classical Monocytes,Classical Monocytes,LGALS9,LRP1,-0.1597753327726192,-0.3347562123805351,0.0152055468352966,56,0.0735107773349871,0.2831362549851833,11,0.7248940185675049,33,0.6901857526015361,5,0.6351999805214298,7,0.7602670473280803
Non-classical Monocytes|CD4 T Cells|LGALS9|CD47,Non-classical Monocytes,CD4 T Cells,LGALS9,CD47,-0.11443459720707039,-0.271195824672748,0.04232663025860722,56,0.1524990192561942,0.4000957415317005,11,0.7859315018584087,33,0.7909662154809436,5,0.7157899381155951,7,0.8352592489452004,Non-classical Monocytes,CD4 T Cells,LGALS9,CD47,-0.0992819400987653,-0.2247998394577622,0.0262359592602315,56,0.1210721506068881,0.3701749552799414,11,0.8506194388775946,33,0.839085004043377,5,0.7980390931727349,7,0.8857865984372827
Non-classical Monocytes|NK Cells|LGALS9|CD47,Non-classical Monocytes,NK Cells,LGALS9,CD47,-0.07561960854778349,-0.18032830111249737,0.02908908401693039,56,0.15693158841952368,0.4071502877328753,11,0.8599476436484824,33,0.8650902168475856,5,0.7890664619190134,7,0.8698286436659001,Non-classical Monocytes,NK Cells,LGALS9,CD47,-0.0614065784449144,-0.13623837197723,0.013425215087401,56,0.1077615672765874,0.3536789900359793,11,0.9130022451842148,33,0.905244838457474,5,0.8631360499637764,7,0.91678522168195
pDCs|B Cells|TNFSF13B|HLA-DPB1,pDCs,B Cells,TNFSF13B,HLA-DPB1,-0.019282987215301417,-0.04613763599744673,0.007571661566843895,43,0.15932285176605876,0.4119810175789006,10,0.989459983557696,21,0.9847811394214518,5,0.9780744899106283,7,0.9926786329896855,pDCs,B Cells,TNFSF13B,HLA-DPB1,-0.0081130707940352,-0.0181828296881388,0.0019566881000683,43,0.1143092434399468,0.3653842980288806,10,0.9936724270780072,21,0.9920273543099616,5,0.9905660344081688,7,0.9970340324341584
Non-classical Monocytes|B Cells|LGALS9|CD47,Non-classical Monocytes,B Cells,LGALS9,CD47,-0.13185082634538658,-0.3176910915555774,0.05398943886480426,56,0.1643575349769716,0.41942605920352855,11,0.784488068823537,33,0.8044565857944146,5,0.6745010422551754,7,0.8263203855714395,Non-classical Monocytes,B Cells,LGALS9,CD47,-0.1114392483130082,-0.2502514409636426,0.0273729443376261,56,0.1156098755482005,0.3653842980288806,11,0.8499965113299898,33,0.8487403827311101,5,0.7682366952993355,7,0.878419815013464
pDCs|B Cells|COPA|CD74,pDCs,B Cells,COPA,CD74,0.016626137092233595,-0.006861160530391316,0.04011343471485851,43,0.1653152423458668,0.4209048183442907,10,0.9948596885630365,21,0.9882000740850362,5,0.9914481875628829,7,0.968162435992649,pDCs,B Cells,COPA,CD74,0.0093429085347398,-0.0033690687099296,0.0220548857794093,43,0.1497224089911705,0.4121391043197812,10,0.9972142478687552,21,0.9948411699329924,5,0.9957649236569032,7,0.9840489371864004
NK Cells|Non-classical Monocytes|SEMA4D|PLXNB2,NK Cells,Non-classical Monocytes,SEMA4D,PLXNB2,0.003425535674198162,-0.0014338112454300982,0.008284882593826422,54,0.16707856922484676,0.42221694712123076,10,0.0,32,0.003425535674198162,5,0.0,7,0.0,NK Cells,Non-classical Monocytes,SEMA4D,PLXNB2,0.0093654540225154,-0.0060549527478134,0.0247858607928443,54,0.2339019421633295,0.503276581301233,10,0.0,32,0.0093654540225154,5,0.0,7,0.0
pDCs|Classical Monocytes|CD99|PILRA,pDCs,Classical Monocytes,CD99,PILRA,-0.07168342249505066,-0.17392857701288655,0.030561732022785226,44,0.16940499406307963,0.42662785940878417,10,0.8816095275520356,22,0.8139285438021532,5,0.8521364458240406,7,0.8561388845692088,pDCs,Classical Monocytes,CD99,PILRA,-0.0627267862907295,-0.163322946942201,0.0378693743607418,44,0.2216560035584709,0.4927007205886303,10,0.9180459711033624,22,0.8551941328775148,5,0.9047976363238446,7,0.9046725843887266
Non-classical Monocytes|Non-classical Monocytes|GRN|TNFRSF1B,Non-classical Monocytes,Non-classical Monocytes,GRN,TNFRSF1B,-0.0071170837394042286,-0.01729198382706006,0.0030578163482516026,56,0.17039212021165673,0.42779370108700576,11,0.9775509148922428,33,0.9807921989403268,5,0.9708182909765997,7,0.9811766587640879,Non-classical Monocytes,Non-classical Monocytes,GRN,TNFRSF1B,-0.003814906764145,-0.0118729550331451,0.0042431415048549,56,0.3534583581334526,0.5955284369527083,11,0.9879530111931748,33,0.9917174433806044,5,0.9839903240311356,7,0.9915696629827104
B Cells|Non-classical Monocytes|FCER2|ITGAX_ITGB2,B Cells,Non-classical Monocytes,FCER2,ITGAX_ITGB2,-0.20153442895431167,-0.4954283837541305,0.09235952584550716,55,0.17894096317865593,0.43843352468222624,11,0.5774238561193722,33,0.257693801184893,5,0.36027991486958716,6,0.24208428888941966,B Cells,Non-classical Monocytes,FCER2,ITGAX_ITGB2,-0.2623981786588063,-0.5519054603283275,0.0271091030107148,55,0.0756611829225614,0.2875405019215381,11,0.6427243789529521,33,0.2706792248984564,5,0.4340971778047016,6,0.3244502024090123
Non-classical Monocytes|Non-classical Monocytes|CD1D|LILRB2,Non-classical Monocytes,Non-classical Monocytes,CD1D,LILRB2,-0.16905161598009105,-0.41589297180152796,0.07778973984134585,51,0.17949883938003353,0.43855238542077596,9,0.4071960131475262,30,0.41382714234486245,5,0.3522559672637657,7,0.5279387124411931,Non-classical Monocytes,Non-classical Monocytes,CD1D,LILRB2,-0.2223484780696941,-0.5037499626200064,0.0590530064806182,51,0.1214636572012307,0.3701749552799414,9,0.4580677568600525,30,0.4309571322080847,5,0.3807988756353583,7,0.5760367290530847
Non-classical Monocytes|B Cells|COPA|CD74,Non-classical Monocytes,B Cells,COPA,CD74,-0.006395186289920751,-0.015774166008834113,0.0029837934289926125,56,0.18140929076634138,0.43986572579377686,11,0.9868275465495882,33,0.9848591836743931,5,0.9855618430704978,7,0.9899886664852234,Non-classical Monocytes,B Cells,COPA,CD74,-0.0025456382320502,-0.0071253240019518,0.0020340475378514,56,0.2759535108352401,0.5275812630516776,11,0.992716929681836,33,0.9932040879388088,5,0.9935922258666968,7,0.9966250223557196
pDCs|Non-classical Monocytes|CD52|SIGLEC10,pDCs,Non-classical Monocytes,CD52,SIGLEC10,-0.32239037644667634,-0.8008559680030765,0.15607521510972372,43,0.18662649902389516,0.4469465386879951,10,0.8867708023138144,21,0.6624431057498554,5,0.6334506535503357,7,0.731513333433053,pDCs,Non-classical Monocytes,CD52,SIGLEC10,-0.3139328935540975,-0.8071398710595097,0.1792740839513147,43,0.2121982760692521,0.4850246310154334,10,0.9310248602287772,21,0.6984911330111352,5,0.6880267090516126,7,0.769425875388068
B Cells|NK Cells|FCER2|ITGAM_ITGB2,B Cells,NK Cells,FCER2,ITGAM_ITGB2,-0.20502760238832107,-0.5109551611397829,0.1008999563631407,54,0.18900255833975554,0.44975933398662343,11,0.6530423573806378,33,0.37888109132205444,5,0.3097495564638676,5,0.24061589279360537,B Cells,NK Cells,FCER2,ITGAM_ITGB2,-0.253209013527844,-0.5517646259921192,0.0453465989364312,54,0.0964583083492128,0.3324926190734591,11,0.7266057050669352,33,0.411920185684612,5,0.3635937364731747,5,0.3021172306186954
B Cells|Classical Monocytes|FCER2|ITGAM_ITGB2,B Cells,Classical Monocytes,FCER2,ITGAM_ITGB2,-0.15134228153858553,-0.37705398643743604,0.07436942336026495,55,0.18878621442899468,0.44975933398662343,11,0.7231843353383737,33,0.5268499722829726,5,0.5830257296180273,6,0.5380336481012118,B Cells,Classical Monocytes,FCER2,ITGAM_ITGB2,-0.1679867730966285,-0.378459353352238,0.0424858071589808,55,0.11774069959244,0.3687789462177872,11,0.7966190738071486,33,0.5714037532720264,5,0.6771142361995439,6,0.6198856887610503
Classical Monocytes|B Cells|COPA|CD74,Classical Monocytes,B Cells,COPA,CD74,-0.006047189944880849,-0.015092043712866297,0.0029976638231045995,56,0.19006436207865707,0.450101709385055,11,0.9912730544453008,33,0.9874744894958994,5,0.9886373022774826,7,0.9908859272729621,Classical Monocytes,B Cells,COPA,CD74,-0.0036442661526276,-0.0087274787691243,0.0014389464638689,56,0.1599793572539322,0.4293541729470173,11,0.9955747320018988,33,0.9940531414583968,5,0.994695812682713,7,0.9968184882918384
Classical Monocytes|Non-classical Monocytes|TNFSF13B|HLA-DPB1,Classical Monocytes,Non-classical Monocytes,TNFSF13B,HLA-DPB1,-0.003432199124243862,-0.008613444124140997,0.0017490458756532741,56,0.19417257951223266,0.4583326085943844,11,0.9935622071389788,33,0.9900043481937983,5,0.9986490751140138,7,0.9985234152930772,Classical Monocytes,Non-classical Monocytes,TNFSF13B,HLA-DPB1,-0.0012963920437923,-0.0037439993270331,0.0011512152394483,56,0.2992195845090096,0.5550740118428005,11,0.996402339078116,33,0.9957595309560652,5,0.9983347102587604,7,0.998988294180502
Non-classical Monocytes|Classical Monocytes|GRN|TNFRSF1B,Non-classical Monocytes,Classical Monocytes,GRN,TNFRSF1B,0.012787647557374382,-0.006536962881219514,0.03211225799596828,56,0.19464349176082663,0.4583326085943844,11,0.9421917377150781,33,0.9649415066031505,5,0.9558720022549754,7,0.9658341235856733,Non-classical Monocytes,Classical Monocytes,GRN,TNFRSF1B,0.0093943721833626,-0.0064080928290095,0.0251968371957349,56,0.2439483175439637,0.5077298316362172,11,0.9651220781292732,33,0.9828338626385428,5,0.9748496074418612,7,0.983167019767768
Non-classical Monocytes|pDCs|COPA|CD74,Non-classical Monocytes,pDCs,COPA,CD74,-0.009095827426332415,-0.022908733308352486,0.004717078455687657,44,0.19682840538697166,0.46097725835363973,10,0.9842166628004808,22,0.9824630841518388,5,0.9780022154961252,7,0.9853444642738156,Non-classical Monocytes,pDCs,COPA,CD74,-0.0046567204795474,-0.0114307595950385,0.0021173186359436,44,0.1778674016322939,0.4486113775159335,10,0.9908974168826548,22,0.9915253860051778,5,0.9894041641146034,7,0.994688853716674
B Cells|NK Cells|CLEC2B|KLRF1,B Cells,NK Cells,CLEC2B,KLRF1,0.2407261948994776,-0.1294786572322278,0.6109310470311831,55,0.20249719061460092,0.46907831357648133,11,0.9478359111347973,33,0.8757685629480553,5,0.6901999283957709,6,0.37740638530955134,B Cells,NK Cells,CLEC2B,KLRF1,0.2425009502462446,-0.1341906015869603,0.6191925020794495,55,0.207036309761405,0.4818299572629064,11,0.9689612888797788,33,0.9038275041932704,5,0.7435277314164342,6,0.435892996483681
B Cells|B Cells|FAM3C|LAMP1,B Cells,B Cells,FAM3C,LAMP1,0.05185309900631178,-0.02815171680192618,0.13185791481454973,56,0.2039773920166198,0.47203886061328765,11,0.0,33,0.08926190092655636,5,0.0,7,0.03740880192024459,B Cells,B Cells,FAM3C,LAMP1,-0.0029301642807006,-0.1228356114663953,0.116975282904994,56,0.961798960038154,0.9880583064286018,11,0.0044477529718071,33,0.0997134923425362,5,0.0,7,0.0981959036514297
Non-classical Monocytes|CD8 T Cells|APP|CD74,Non-classical Monocytes,CD8 T Cells,APP,CD74,0.13642104237501873,-0.07651348299552546,0.3493555677455629,49,0.2092274057415029,0.4780293467773085,6,0.48469703992305924,31,0.6561177037951929,5,0.624409397454347,7,0.6594090189514619,Non-classical Monocytes,CD8 T Cells,APP,CD74,0.1179195633259102,-0.0996860570759,0.3355251837277205,49,0.2881920261692718,0.5424791080833353,6,0.5086263520176376,31,0.67060989813074,5,0.6629922931719885,7,0.7070562759591806
Classical Monocytes|Classical Monocytes|HLA-F|LILRB2,Classical Monocytes,Classical Monocytes,HLA-F,LILRB2,-0.17066859069068108,-0.44692695730507237,0.10558977592371022,56,0.22595727219711448,0.49985284837849536,11,0.12639475248229692,33,0.26006871095695283,5,0.038054868104024184,7,0.3423974172693612,Classical Monocytes,Classical Monocytes,HLA-F,LILRB2,-0.206680168206902,-0.5166119331769841,0.10325159676318,56,0.1912073758688943,0.4661817925946376,11,0.1390587594631561,33,0.2830569723922537,5,0.0788287067279271,7,0.4295070878639267
pDCs|pDCs|COPA|CD74,pDCs,pDCs,COPA,CD74,0.02356556120220832,-0.014654907706190753,0.06178603011060739,43,0.2268729540831219,0.49985284837849536,10,0.9940640787872986,21,0.983427469813149,5,0.9868832792060726,7,0.9526811090297146,pDCs,pDCs,COPA,CD74,0.0190889680879785,-0.0085504277605128,0.0467283639364699,43,0.1758524350162056,0.4486113775159335,10,0.996699367420477,21,0.9919410783125732,5,0.9939908856981744,7,0.970143628502292
pDCs|Classical Monocytes|APP|CD74,pDCs,Classical Monocytes,APP,CD74,-0.004798623681772307,-0.012610425720393444,0.00301317835684883,44,0.22860343568572905,0.5030999267918731,10,0.9997754408857421,22,0.9946809837881265,5,0.9994914647610591,7,0.9991956313452158,pDCs,Classical Monocytes,APP,CD74,-0.0030619637816255,-0.0084799364510701,0.0023560088878189,44,0.2680033276849937,0.5275812630516776,10,0.9995656817328415,22,0.9965201788869288,5,0.999259955197334,7,0.9992764161330469
pDCs|CD8 T Cells|APP|CD74,pDCs,CD8 T Cells,APP,CD74,-0.015955168346330706,-0.04194423450055042,0.010033897807889009,44,0.2288764435176618,0.5032264553801697,10,0.9863564062127568,22,0.9730767601232557,5,0.9819885827183008,7,0.9846641049751305,pDCs,CD8 T Cells,APP,CD74,-0.0102228804247971,-0.0273629682014265,0.0069172073518322,44,0.2424103344601326,0.5065881275248485,10,0.9927990035604104,22,0.9852501830590992,5,0.9900725519140708,7,0.9927466118375567
Classical Monocytes|Classical Monocytes|APP|CD74,Classical Monocytes,Classical Monocytes,APP,CD74,-0.021835008754703122,-0.05820700558818287,0.014536988078776625,55,0.2393492770905712,0.5139235246057846,11,0.9354022786211703,32,0.9283565314370059,5,0.9375420065422109,7,0.9523312681127496,Classical Monocytes,Classical Monocytes,APP,CD74,-0.0144485627265262,-0.0358448518067548,0.0069477263537023,55,0.1856586881482869,0.4614429530675868,11,0.9572032394310508,32,0.952752393347058,5,0.9652629692818012,7,0.9752606859243348
Non-classical Monocytes|B Cells|LGALS9|CD44,Non-classical Monocytes,B Cells,LGALS9,CD44,-0.07667328452966404,-0.2043882411437702,0.0510416720844421,56,0.23933187892633445,0.5139235246057846,11,0.85378963270108,33,0.8506090061086737,5,0.7961694442256808,7,0.8696621021629386,Non-classical Monocytes,B Cells,LGALS9,CD44,-0.0551094111092154,-0.15201973641152,0.0418009141930892,56,0.2650386265028163,0.5275812630516776,11,0.9076002326595904,33,0.8927502132379229,5,0.8681882912935309,7,0.9084476829810788
pDCs|NK Cells|CLEC2B|KLRF1,pDCs,NK Cells,CLEC2B,KLRF1,0.24658331374149872,-0.16601912577028805,0.6591857532532854,43,0.24146537945422408,0.5146224169415391,10,0.9114468340639224,22,0.8919692003359304,5,0.6687023792788624,6,0.4026414318093718,pDCs,NK Cells,CLEC2B,KLRF1,0.2190630238503761,-0.222119214136346,0.6602452618370984,43,0.3304571961999715,0.5811116104256261,10,0.9382017500873238,22,0.919203938867962,5,0.7013999998251579,6,0.4633391647554201
Classical Monocytes|NK Cells|COPA|CD74,Classical Monocytes,NK Cells,COPA,CD74,-0.05187269648849513,-0.13867133906334284,0.03492594608635259,56,0.2414718839622273,0.5146224169415391,11,0.8668994023969994,33,0.8791055262013975,5,0.8223714164972694,7,0.8864502367901627,Classical Monocytes,NK Cells,COPA,CD74,-0.0277706015795757,-0.1083875284573762,0.0528463252982247,56,0.4995736868867021,0.73080493624569,11,0.8978354316399574,33,0.9117516518075062,5,0.8781538442990602,7,0.9198406660461848
B Cells|Non-classical Monocytes|FAM3C|LAMP1,B Cells,Non-classical Monocytes,FAM3C,LAMP1,-0.09451459951327167,-0.25437824968730316,0.06534905066075981,56,0.24654992569276957,0.5205190565032702,11,0.21355110285123607,33,0.22666875581154536,5,0.0,7,0.10763225247358095,B Cells,Non-classical Monocytes,FAM3C,LAMP1,-0.161133225405479,-0.374379202704516,0.0521127518935579,56,0.138609040091414,0.4002975223677356,11,0.2446573105331329,33,0.2536920136199715,5,0.0,7,0.1701679284923176
Non-classical Monocytes|pDCs|TNFSF13B|HLA-DPB1,Non-classical Monocytes,pDCs,TNFSF13B,HLA-DPB1,-0.005130222630420955,-0.01382012347440894,0.003559678213567029,44,0.2472330428976347,0.5214897517307832,10,0.9946782586220962,22,0.9914419950063693,5,0.9925183694575826,7,0.9944123284722767,Non-classical Monocytes,pDCs,TNFSF13B,HLA-DPB1,-0.0038165658382679,-0.0086038139552269,0.000970682278691,44,0.118157638695257,0.3687789462177872,10,0.997003553449382,22,0.9956361950966208,5,0.994863008466058,7,0.9973122159515648
Non-classical Monocytes|NK Cells|GRN|TNFRSF1B,Non-classical Monocytes,NK Cells,GRN,TNFRSF1B,0.04592606412942135,-0.03197125698673502,0.12382338524557772,56,0.24786956604191102,0.5218671174696177,11,0.8593571869764319,33,0.9207721737314826,5,0.8866475113976902,7,0.9021364340233194,Non-classical Monocytes,NK Cells,GRN,TNFRSF1B,0.0348749858311855,-0.0309349993210125,0.1006849709833836,56,0.2989663049253486,0.5550740118428005,11,0.9011084408324982,33,0.9489681231456556,5,0.926828515450109,7,0.939813211932081
Classical Monocytes|Non-classical Monocytes|LGALS9|HAVCR2,Classical Monocytes,Non-classical Monocytes,LGALS9,HAVCR2,-0.14253412467101462,-0.38819197266762917,0.10312372332559991,53,0.25545528894009195,0.5316293223485871,11,0.04198369848547217,30,0.23105827430405929,5,0.0,7,0.3316087004896017,Classical Monocytes,Non-classical Monocytes,LGALS9,HAVCR2,-0.1900120247430404,-0.4550901225597288,0.0750660730736479,53,0.1600414740695079,0.4293541729470173,11,0.0579356978890183,30,0.2528085556557671,5,0.0020267203238724,7,0.3869116028336616
Classical Monocytes|Classical Monocytes|ANXA1|FPR1,Classical Monocytes,Classical Monocytes,ANXA1,FPR1,-0.010917931042672024,-0.02998695191026095,0.008151089824916902,56,0.2617886388591625,0.5385695786221536,11,0.9691485053134751,33,0.9703361746813884,5,0.9745586228961336,7,0.986664223306719,Classical Monocytes,Classical Monocytes,ANXA1,FPR1,-0.0068615463081318,-0.0192048074095885,0.0054817147933248,56,0.2759191482774181,0.5275812630516776,11,0.9830522076499992,33,0.9852700151153934,5,0.985017702590717,7,0.9940970563642432
pDCs|B Cells|LGALS9|CD44,pDCs,B Cells,LGALS9,CD44,-0.18466998510925864,-0.5096860679064009,0.14034609768788364,43,0.26543945674683445,0.5422582077899024,10,0.4149042748876043,21,0.5528639199616764,5,0.3026134194647169,7,0.6252430496480477,pDCs,B Cells,LGALS9,CD44,-0.1951373219622045,-0.5003226693684966,0.1100480254440874,43,0.2101283451937133,0.4850246310154334,10,0.4687368298740575,21,0.608715151883062,5,0.3515998488318573,7,0.6867154928030662
Non-classical Monocytes|CD8 T Cells|LGALS9|CD47,Non-classical Monocytes,CD8 T Cells,LGALS9,CD47,-0.11759999399333965,-0.32506741583425697,0.08986742784757767,56,0.26657779534811477,0.5436324472819634,11,0.7530821173111041,33,0.7825243214676257,5,0.6494926700949902,7,0.7965348682448515,Non-classical Monocytes,CD8 T Cells,LGALS9,CD47,-0.1037420149332986,-0.2639398115151675,0.0564557816485703,56,0.2043528932501714,0.4818299572629064,11,0.8231622135491972,33,0.8303689083597341,5,0.7412543444779273,7,0.8522030542217628
Classical Monocytes|Non-classical Monocytes|COPA|CD74,Classical Monocytes,Non-classical Monocytes,COPA,CD74,-0.00948839753111308,-0.026279047539171953,0.007302252476945794,56,0.2680450642620108,0.5442480217841698,11,0.976592674764195,33,0.9704417529583266,5,0.9786155483057624,7,0.981953024031007,Classical Monocytes,Non-classical Monocytes,COPA,CD74,-0.0046436004066793,-0.013939920950765,0.0046527201374064,56,0.3275697883998529,0.5811116104256261,11,0.9868248038004832,33,0.9845599393953424,5,0.9902288933439894,7,0.992607629345528
pDCs|NK Cells|APP|CD74,pDCs,NK Cells,APP,CD74,-0.00818013043524679,-0.022835000563633925,0.006474739693140344,44,0.27394500888772744,0.5519081930568107,10,0.9931373641583526,22,0.9882807825569819,5,0.9852081917254416,7,0.9885317405593177,pDCs,NK Cells,APP,CD74,-0.0052766886266312,-0.0135651969304151,0.0030118196771527,44,0.212116727314588,0.4850246310154334,10,0.9961959265227976,22,0.9941927461251006,5,0.9916090766130378,7,0.994882584841972
pDCs|pDCs|LILRB4|LAIR1,pDCs,pDCs,LILRB4,LAIR1,-0.12447670283878687,-0.34980969163671105,0.10085628595913734,42,0.2789380030287083,0.5590731648686986,10,0.799296176528183,20,0.7198791561622457,5,0.7248414333064845,7,0.7699011157793342,pDCs,pDCs,LILRB4,LAIR1,-0.1293320701560159,-0.3359544116665068,0.077290271354475,42,0.2198942938539835,0.4927007205886303,10,0.855668595832179,20,0.7644243811043607,5,0.7953956133857296,7,0.8334834688139272
Classical Monocytes|B Cells|LGALS9|CD44,Classical Monocytes,B Cells,LGALS9,CD44,-0.1168297059791561,-0.3309431260160772,0.09728371405776501,56,0.2848702731461218,0.5651419607444302,11,0.6520732580634843,33,0.7196470237317711,5,0.5266455111098682,7,0.7110489827573112,Classical Monocytes,B Cells,LGALS9,CD44,-0.1069113954397534,-0.2912294466290822,0.0774066557495753,56,0.2555998445584169,0.5234684816556378,11,0.7229621651500812,33,0.7696637301796627,5,0.6183186626099525,7,0.7719316230792875
CD8 T Cells|Non-classical Monocytes|CD99|PILRA,CD8 T Cells,Non-classical Monocytes,CD99,PILRA,-0.04567575582068395,-0.12977591234371805,0.03842440070235015,56,0.2871118388025212,0.5686226832942214,11,0.9107408266637528,33,0.8871784435170823,5,0.8862564721973794,7,0.9083698448713928,CD8 T Cells,Non-classical Monocytes,CD99,PILRA,-0.0409155374648048,-0.1094881010125263,0.0276570260829167,56,0.2422177040864027,0.5065881275248485,11,0.9461837037636084,33,0.9220162311235875,5,0.925035139517916,7,0.9417832043427
pDCs|Classical Monocytes|COPA|CD74,pDCs,Classical Monocytes,COPA,CD74,0.031490644059010586,-0.02670355499169092,0.08968484310971209,43,0.28887359219539477,0.5701773776637757,10,0.9759089711293727,21,0.9491042601245981,5,0.9575440060976057,7,0.8992486510338206,pDCs,Classical Monocytes,COPA,CD74,0.0324539298117353,-0.0143221219479856,0.0792299815714563,43,0.1738765868751249,0.4486113775159335,10,0.9854730074250242,21,0.9695453097943874,5,0.97811018357686,7,0.9297285561344876
Non-classical Monocytes|Non-classical Monocytes|CD99|PILRA,Non-classical Monocytes,Non-classical Monocytes,CD99,PILRA,-0.05976731803699331,-0.17028646898987854,0.0507518329158919,56,0.28917962791248675,0.5702993506551153,11,0.7753681491837152,33,0.7659273553420288,5,0.7747001613007887,7,0.8250266854960956,Non-classical Monocytes,Non-classical Monocytes,CD99,PILRA,-0.0703769408845721,-0.1950389440570462,0.0542850622879019,56,0.2685179268555812,0.5275812630516776,11,0.8371167903654034,33,0.8163459679731971,5,0.8274445960212098,7,0.8770507145135756
B Cells|CD8 T Cells|FAM3C|CLEC2D,B Cells,CD8 T Cells,FAM3C,CLEC2D,0.06847587746957606,-0.05864564431051611,0.19559739924966824,56,0.29107631053830096,0.5719600653690383,11,0.04106929705625466,33,0.1724019705700093,5,0.0,7,0.0628567960441786,B Cells,CD8 T Cells,FAM3C,CLEC2D,-0.0148783627312515,-0.1825540035737369,0.1527972781112338,56,0.8619334543823799,0.9417193577114308,11,0.0623422079438734,33,0.1885896468887906,5,0.0,7,0.1411258016761687
CD8 T Cells|CD4 T Cells|CLEC2D|KLRB1,CD8 T Cells,CD4 T Cells,CLEC2D,KLRB1,-0.1817169082865694,-0.519536123986313,0.15610230741317416,56,0.2917512838170244,0.572421586425685,11,0.2590048008407715,33,0.2547520628705976,5,0.36810285550082167,7,0.5455670258172172,CD8 T Cells,CD4 T Cells,CLEC2D,KLRB1,-0.24218160325164,-0.6024803389039224,0.1181171324006422,56,0.1876955934898558,0.4642519027381942,11,0.3075800429246355,33,0.2763513172829901,5,0.4205548934715025,7,0.6315077710814974
pDCs|NK Cells|COPA|CD74,pDCs,NK Cells,COPA,CD74,0.11054664015322269,-0.09725496103964609,0.31834824134609147,43,0.2971035250396411,0.5785659555775939,10,0.9008892769893139,21,0.8886401296298743,5,0.8371637347864178,7,0.7143679472737555,pDCs,NK Cells,COPA,CD74,0.122839244038248,-0.065729470438846,0.3114079585153422,43,0.2016804322755244,0.4802808433724117,10,0.928601850335022,21,0.9188092338271132,5,0.8951410775299106,7,0.7625092169837538
B Cells|NK Cells|FAM3C|LAMP1,B Cells,NK Cells,FAM3C,LAMP1,-0.11373504946354085,-0.32778670416108907,0.10031660523400737,56,0.29768299087604333,0.5785659555775939,11,0.32346042472367514,33,0.41494557098839147,5,0.02653829493788476,7,0.23175849066614193,B Cells,NK Cells,FAM3C,LAMP1,-0.1960854446420553,-0.4402196055763541,0.0480487162922433,56,0.1154370415397462,0.3653842980288806,11,0.3759817299109039,33,0.453012633993577,5,0.0567359932552023,7,0.3298523419799308
Non-classical Monocytes|CD4 T Cells|LGALS9|CD44,Non-classical Monocytes,CD4 T Cells,LGALS9,CD44,-0.02808797482139669,-0.08111523669296988,0.024939287050176506,56,0.2991899811263319,0.5802397059219144,11,0.9390243869846766,33,0.9385877317020634,5,0.9200979543434737,7,0.9477492738822573,Non-classical Monocytes,CD4 T Cells,LGALS9,CD44,-0.0176630927119113,-0.0486763184818328,0.01335013305801,56,0.2643080686106661,0.5275812630516776,11,0.9642914670459032,33,0.9645766676929682,5,0.9549886252188364,7,0.9729369185778128
CD4 T Cells|Classical Monocytes|CD99|PILRA,CD4 T Cells,Classical Monocytes,CD99,PILRA,-0.10841302065412062,-0.3135228641054922,0.09669682279725095,56,0.3002207527698827,0.5812731821871278,11,0.5698880475485347,33,0.5630893350800581,5,0.6295047261363658,7,0.7311190343220098,CD4 T Cells,Classical Monocytes,CD99,PILRA,-0.1438381933758811,-0.3806924390245723,0.09301605227281,56,0.233944973339245,0.503276581301233,11,0.6345665526082546,33,0.604820986860116,5,0.67936186856907,7,0.7934544961968125
Non-classical Monocytes|Classical Monocytes|LGALS9|CD47,Non-classical Monocytes,Classical Monocytes,LGALS9,CD47,-0.12070332651678028,-0.34984824769839484,0.10844159466483425,56,0.30187464394809316,0.5830250567566563,11,0.6861618521167778,33,0.7449595748460246,5,0.5590540410109368,7,0.7385550902569639,Non-classical Monocytes,Classical Monocytes,LGALS9,CD47,-0.1379526977091459,-0.3514495291438548,0.0755441337255629,56,0.2053532650164294,0.4818299572629064,11,0.7597294414819223,33,0.7907335622122046,5,0.6306176140639679,7,0.7995744325033961
Non-classical Monocytes|Non-classical Monocytes|LGALS9|HAVCR2,Non-classical Monocytes,Non-classical Monocytes,LGALS9,HAVCR2,-0.15511222016061843,-0.4517933232522247,0.14156888293098785,53,0.3054964288114973,0.5852120244452941,11,0.3987836681746035,30,0.4637112129279622,5,0.4199768229684029,7,0.64001658788238,Non-classical Monocytes,Non-classical Monocytes,LGALS9,HAVCR2,-0.1776486319676261,-0.4697249948112759,0.1144277308760237,53,0.2332211129499271,0.503276581301233,11,0.4578662543579003,30,0.477730466151733,5,0.4852516625675369,7,0.6827645063289957
pDCs|Non-classical Monocytes|APP|CD74,pDCs,Non-classical Monocytes,APP,CD74,-0.0013002180847794254,-0.0038127293675178408,0.00121229319795899,44,0.3104509351726322,0.5895516218619744,10,0.9999717455281936,22,0.9985902756194579,5,0.9999870206122761,7,0.9999057687883199,pDCs,Non-classical Monocytes,APP,CD74,-0.0006954521839129,-0.0019515252133088,0.0005606208454828,44,0.2778433846822254,0.5275812630516776,10,0.999922117304658,22,0.999205997575526,5,0.9999667274209812,7,0.9999460598757623
NK Cells|NK Cells|CLEC2B|KLRF1,NK Cells,NK Cells,CLEC2B,KLRF1,0.04043450478812827,-0.03933204316174853,0.12020105273800506,55,0.32045347998858187,0.5990115531706384,11,0.9738886219868601,33,0.9407274978618193,5,0.9008962932045723,6,0.8273006642914033,NK Cells,NK Cells,CLEC2B,KLRF1,0.0383705475208074,-0.0232498604646976,0.0999909555063126,55,0.2222927079218234,0.4927007205886303,11,0.9861955342792168,33,0.9630787534436626,5,0.9425794738875628,6,0.8810921455312011
Non-classical Monocytes|Non-classical Monocytes|COPA|CD74,Non-classical Monocytes,Non-classical Monocytes,COPA,CD74,-0.008839505649666068,-0.0262643546974021,0.008585343398069965,56,0.320088418807825,0.5990115531706384,11,0.9668584926371441,33,0.9640903884801652,5,0.9738797559911531,7,0.9799511574838402,Non-classical Monocytes,Non-classical Monocytes,COPA,CD74,-0.002749856600516,-0.012502207525229,0.0070024943241969,56,0.5805042797631053,0.7963421401390485,11,0.9797330241918536,33,0.981424687271203,5,0.9871990637036486,7,0.991640583383514
CD4 T Cells|CD8 T Cells|CLEC2D|KLRB1,CD4 T Cells,CD8 T Cells,CLEC2D,KLRB1,0.2051867351645158,-0.2020774689170881,0.6124509392461197,53,0.32341537808111653,0.5990115531706384,11,0.22182106098065618,30,0.1465704512149029,5,0.6079263217878446,7,0.32748897685757544,CD4 T Cells,CD8 T Cells,CLEC2D,KLRB1,0.1575987494796745,-0.2305702782024544,0.5457677771618036,53,0.4261738104253947,0.6693281930607426,11,0.256716371789303,30,0.1611083335571172,5,0.6628280754774557,7,0.4096212877655954
CD8 T Cells|NK Cells|CLEC2B|KLRF1,CD8 T Cells,NK Cells,CLEC2B,KLRF1,0.10410500917114218,-0.10270879145484643,0.3109188097971308,55,0.3238397830683579,0.5990115531706384,11,0.9607664197641254,33,0.9183606657968704,5,0.8560986955571211,6,0.709587932418724,CD8 T Cells,NK Cells,CLEC2B,KLRF1,0.1021306033505252,-0.0685540773710269,0.2728152840720774,55,0.2408917382930465,0.5065881275248485,11,0.9782155733390364,33,0.9451580975622236,5,0.9079021907245725,6,0.7727141115972342
Classical Monocytes|Classical Monocytes|CD99|PILRA,Classical Monocytes,Classical Monocytes,CD99,PILRA,-0.16087466455627386,-0.4826372387431031,0.16088790963055538,56,0.32711492107500706,0.5990310861627648,11,0.5636337869475407,33,0.5953122060826839,5,0.515464932381604,7,0.708018016073021,Classical Monocytes,Classical Monocytes,CD99,PILRA,-0.2039843331949762,-0.5726916703822588,0.1647230039923063,56,0.2782166816874081,0.5275812630516776,11,0.6370137885991224,33,0.6386292505825983,5,0.5675918532383635,7,0.7731916484168156
CD4 T Cells|Classical Monocytes|HLA-F|LILRB2,CD4 T Cells,Classical Monocytes,HLA-F,LILRB2,-0.12207426459335596,-0.36645499839442663,0.12230646920771471,56,0.3275548612951009,0.5990310861627648,11,0.39612790037608253,33,0.4787522984058743,5,0.3230250034911061,7,0.5277236661142538,CD4 T Cells,Classical Monocytes,HLA-F,LILRB2,-0.1435997981986522,-0.4267142126582952,0.1395146162609908,56,0.3201631927268155,0.5768704306149129,11,0.4450118810722946,33,0.5186362027417418,5,0.3797689115165746,7,0.5969930313846741
Classical Monocytes|pDCs|APP|CD74,Classical Monocytes,pDCs,APP,CD74,-0.009684914783410603,-0.02910469094175772,0.009734861374936513,44,0.3283407128196799,0.5998430307509961,10,0.9822810670086388,22,0.9787623968266982,5,0.9760531029765918,7,0.9822193475780617,Classical Monocytes,pDCs,APP,CD74,-0.0054777139361977,-0.0148861708401434,0.0039307429677478,44,0.253822479802112,0.521916103046913,10,0.989774328710568,22,0.9887980277328,5,0.9885005643370464,7,0.9930019772954762
pDCs|CD8 T Cells|COPA|CD74,pDCs,CD8 T Cells,COPA,CD74,0.10652376714787115,-0.10962797627167725,0.32267551056741955,43,0.3340901056051855,0.6050505961426093,10,0.8247356641899799,21,0.8174487385643536,5,0.8053990194595422,7,0.6915883266860448,pDCs,CD8 T Cells,COPA,CD74,0.1094015760268988,-0.0822512445944646,0.3010543966482623,43,0.2632210785461063,0.5275812630516776,10,0.867626602918542,21,0.8554348939335128,5,0.8644150261679725,7,0.7428217411560445
pDCs|CD4 T Cells|LGALS9|CD44,pDCs,CD4 T Cells,LGALS9,CD44,-0.07995750169693705,-0.2434440956711306,0.0835290922772565,43,0.33777393440305103,0.6076287648930079,10,0.7408722972777495,21,0.8016784450398954,5,0.7292267674863943,7,0.8699904169454772,pDCs,CD4 T Cells,LGALS9,CD44,-0.0677504182735825,-0.2168112538863695,0.0813104173392044,43,0.3730185223872748,0.6180759982598211,10,0.795686568751962,21,0.8475585469397346,5,0.7922702037058043,7,0.9118926001671596
pDCs|pDCs|APP|CD74,pDCs,pDCs,APP,CD74,-0.0023836774631150748,-0.007291790409599109,0.0025244354833689597,44,0.3411591429826122,0.6090264517311922,10,0.9999996632208253,22,0.9975432893408596,5,0.9999945443918697,7,0.999921847975019,pDCs,pDCs,APP,CD74,-0.0014213349209749,-0.0042988745649598,0.0014562047230099,44,0.3329911107850974,0.5811116104256261,10,0.9999997385372648,22,0.9985601232879576,5,0.9999969042681804,7,0.999978623939848
Classical Monocytes|Classical Monocytes|HBEGF|CD44,Classical Monocytes,Classical Monocytes,HBEGF,CD44,-0.0619284067319289,-0.19024114862282385,0.06638433515896605,50,0.34417405498023035,0.6116030581269695,10,0.8945158316157299,28,0.8018250818340713,5,0.8952713321740016,7,0.8645089891242719,Classical Monocytes,Classical Monocytes,HBEGF,CD44,-0.0556887121011218,-0.1682548933611646,0.0568774691589209,50,0.332229519668066,0.5811116104256261,10,0.9164089031566596,28,0.8330719966785226,5,0.9299448677674268,7,0.9022966733904114
B Cells|pDCs|MIF|TNFRSF14,B Cells,pDCs,MIF,TNFRSF14,-0.17287837515324,-0.5334258278479065,0.18766907754142642,44,0.3473302718502558,0.613889869272288,10,0.4093422223062899,22,0.5621173844056464,5,0.18439802422301654,7,0.510051561475613,B Cells,pDCs,MIF,TNFRSF14,-0.2020725615526788,-0.5952903793654688,0.1911452562601112,44,0.3138313947564517,0.5697931706216428,10,0.4594389490809011,22,0.6053094143392949,5,0.2245447135329485,7,0.5724877403440211
pDCs|B Cells|APP|CD74,pDCs,B Cells,APP,CD74,-0.0003065809450008006,-0.0009487774080301378,0.00033561551802853667,44,0.3494401973000175,0.6158907671411861,10,0.9999998202501988,22,0.9996743476232447,5,0.9999987477738829,7,0.9999798560919294,pDCs,B Cells,APP,CD74,-0.0001144413851572,-0.0003533543040458,0.0001244715337313,44,0.3478129232267881,0.5903506529259338,10,0.9999999577019444,22,0.999880219514196,5,0.999999916625004,7,0.9999946198224128
Classical Monocytes|NK Cells|CLEC2B|KLRF1,Classical Monocytes,NK Cells,CLEC2B,KLRF1,0.12495153884321497,-0.1455705379687668,0.39547361565519673,55,0.3653125851938358,0.6292611991629771,11,0.9483427159082336,33,0.8650888034004022,5,0.7376958239928936,6,0.5294903726418472,Classical Monocytes,NK Cells,CLEC2B,KLRF1,0.0889588132282591,-0.1632374357294818,0.3411550621860001,55,0.4893451358173418,0.7233481234385553,11,0.970016879787979,33,0.8951143284651277,5,0.7809185947013259,6,0.6170572301502154
CD4 T Cells|Non-classical Monocytes|ANXA1|FPR1,CD4 T Cells,Non-classical Monocytes,ANXA1,FPR1,-0.0713797192459873,-0.22693775219171147,0.08417831369973688,55,0.36846433888079877,0.633552453082964,10,0.6957543885416678,33,0.7052611882427202,5,0.8336710458033642,7,0.9145575647504038,CD4 T Cells,Non-classical Monocytes,ANXA1,FPR1,-0.0825087417952064,-0.2535438378629585,0.0885263542725457,55,0.3444022417146525,0.5903506529259338,10,0.7509758308649511,33,0.7448180167997139,5,0.8724473623522391,7,0.9487982900822084
CD8 T Cells|Non-classical Monocytes|ANXA1|FPR1,CD8 T Cells,Non-classical Monocytes,ANXA1,FPR1,0.11746544837100303,-0.141804888614671,0.37673578535667707,55,0.3745490730414258,0.6397747516837815,10,0.5176989092874313,33,0.7492950332994234,5,0.6875775392221299,7,0.8017082148631189,CD8 T Cells,Non-classical Monocytes,ANXA1,FPR1,0.1010086730031643,-0.1712942150284397,0.3733115610347683,55,0.4672053453725723,0.7043874147729231,10,0.5729164390721115,33,0.7910630907406937,5,0.7480750644940212,7,0.865213043159439
Non-classical Monocytes|NK Cells|TNFSF13B|HLA-DPB1,Non-classical Monocytes,NK Cells,TNFSF13B,HLA-DPB1,0.07742444868949461,-0.09514069534160027,0.2499895927205895,56,0.37919905865884895,0.6434809607328578,11,0.7091410399410863,33,0.8961853519089416,5,0.8122911165134757,7,0.9219109797918363,Non-classical Monocytes,NK Cells,TNFSF13B,HLA-DPB1,0.0780619182730515,-0.0609699227451108,0.2170937592912138,56,0.2711330998160492,0.5275812630516776,11,0.777176319210136,33,0.9318244302589928,5,0.8757751843859902,7,0.9523613771617956
pDCs|B Cells|LGALS9|CD47,pDCs,B Cells,LGALS9,CD47,-0.11297554787394695,-0.3741835650956712,0.1482324693477773,43,0.3966008677551597,0.6605299758975021,10,0.17790985943505133,21,0.47844342144564334,5,0.09237603922856183,7,0.5058851491131008,pDCs,B Cells,LGALS9,CD47,-0.2235702719365662,-0.4775540393908298,0.0304134955176973,43,0.0844794594240738,0.3089534516080413,10,0.2426621982386333,21,0.523548022230462,5,0.0841594859165675,7,0.5886155818449624
Classical Monocytes|CD4 T Cells|COPA|CD74,Classical Monocytes,CD4 T Cells,COPA,CD74,-0.08306956094515339,-0.28042402350937645,0.1142849016190697,56,0.40938333917079994,0.6694048298065952,11,0.7222066385643955,33,0.7212026869157396,5,0.645353837505981,7,0.7274194468024785,Classical Monocytes,CD4 T Cells,COPA,CD74,-0.0981572878435438,-0.2843382534460043,0.0880236777589166,56,0.3014535837112226,0.5567893932199518,11,0.7623652280316798,33,0.7473020121662037,5,0.7004305524690075,7,0.7835246244470753
pDCs|CD4 T Cells|COPA|CD74,pDCs,CD4 T Cells,COPA,CD74,0.13121160053719105,-0.18373195214516563,0.44615515321954774,43,0.4141804591519982,0.6699606556763168,10,0.7656548209442935,21,0.7166664419100662,5,0.6583428805494862,7,0.47814290097806783,pDCs,CD4 T Cells,COPA,CD74,0.118892165251967,-0.188204525165249,0.425988855669183,43,0.4479733877427997,0.6862402383382515,10,0.8176904215796534,21,0.7533548273070539,5,0.7208069100274952,7,0.5375791505029287
Classical Monocytes|Non-classical Monocytes|TNFSF13B|TFRC,Classical Monocytes,Non-classical Monocytes,TNFSF13B,TFRC,-0.13996447145970603,-0.47484455088522237,0.1949156079658103,44,0.41268668846487555,0.6699606556763168,9,0.45169492930786287,23,0.5789419114018222,5,0.4067068317404342,7,0.6739182852940996,Classical Monocytes,Non-classical Monocytes,TNFSF13B,TFRC,-0.1875777955478267,-0.5476427866084954,0.1724871955128419,44,0.3072289550349685,0.5633993072830953,9,0.5058825622793681,23,0.6114454452452044,5,0.4239242254840347,7,0.7170649039976977
Non-classical Monocytes|CD8 T Cells|HBEGF|CD44,Non-classical Monocytes,CD8 T Cells,HBEGF,CD44,0.12293489138823177,-0.17755916914003245,0.423428951916496,45,0.4226458981591533,0.6769865616628911,8,0.39776423836037034,25,0.505738776178327,5,0.709025529912403,7,0.6940651763421278,Non-classical Monocytes,CD8 T Cells,HBEGF,CD44,0.0916654262864684,-0.2301881260660992,0.4135189786390361,45,0.5767029815047393,0.7961429290696157,8,0.4559735721625103,25,0.5402655947352514,5,0.7640948888255098,7,0.7567214851117824
Classical Monocytes|Non-classical Monocytes|MIF|TNFRSF14,Classical Monocytes,Non-classical Monocytes,MIF,TNFRSF14,-0.13842649328621745,-0.4776872955017435,0.20083430892930862,56,0.42387766730241827,0.6769865616628911,11,0.5639496440825632,33,0.5390364735947054,5,0.23570440729903389,7,0.34921773009739354,Classical Monocytes,Non-classical Monocytes,MIF,TNFRSF14,-0.1849846910092986,-0.5286352692405659,0.1586658872219686,56,0.2914093919240577,0.5445314184858304,11,0.6246345901169854,33,0.5829432875636504,5,0.2872327769823394,7,0.4305261654383031
pDCs|pDCs|LGALS9|SLC1A5,pDCs,pDCs,LGALS9,SLC1A5,-0.11536599869498754,-0.4014742112802892,0.17074221389031413,39,0.42934874602512096,0.6806015765066008,10,0.030247366524932078,18,0.1714345225183954,5,0.0,6,0.25655315468845086,pDCs,pDCs,LGALS9,SLC1A5,-0.159241090402208,-0.4828521369347885,0.1643699561303725,39,0.3348201661632025,0.5811116104256261,10,0.0331953035601742,18,0.1848569359474072,5,0.0,6,0.310902722789441
B Cells|NK Cells|GRN|TNFRSF1B,B Cells,NK Cells,GRN,TNFRSF1B,-0.048206306408575955,-0.1682532503849372,0.07184063756778528,54,0.43125417155923573,0.681703278478698,10,0.0,32,0.052083582932264325,5,0.0,7,0.10028988934084028,B Cells,NK Cells,GRN,TNFRSF1B,-0.073996957797758,-0.2517052751962968,0.1037113596007806,54,0.4144313122437287,0.6610243983451375,10,0.0,32,0.065521787473543,5,0.0,7,0.1395187452713011
Non-classical Monocytes|CD4 T Cells|APP|CD74,Non-classical Monocytes,CD4 T Cells,APP,CD74,0.12266497484058425,-0.18568125179007539,0.4310112014712439,49,0.4355648440181945,0.686728940753397,6,0.3558027134182091,31,0.5237159025566576,5,0.3896611850941463,7,0.4349093993920105,Non-classical Monocytes,CD4 T Cells,APP,CD74,0.0758340932100163,-0.2671674770757693,0.418835663495802,49,0.6647766961484243,0.836279283606863,6,0.3816043131657167,31,0.5315618651935928,5,0.4020011810783997,7,0.4761246398962595
B Cells|Classical Monocytes|GRN|TNFRSF1A,B Cells,Classical Monocytes,GRN,TNFRSF1A,-0.05561074923240669,-0.2038598499238674,0.09263835145905402,54,0.4622081417152144,0.7099350201988812,10,0.0,32,0.05016753396588815,5,0.0,7,0.10577828319829484,B Cells,Classical Monocytes,GRN,TNFRSF1A,-0.0927488177406682,-0.2950978030256734,0.109600167544337,54,0.3689881023220608,0.6133828194444647,10,0.0,32,0.0509762186527121,5,0.0,7,0.1437250363933803
CD8 T Cells|Classical Monocytes|ANXA1|FPR1,CD8 T Cells,Classical Monocytes,ANXA1,FPR1,0.06759872336447004,-0.11305055216150542,0.2482479988904455,56,0.4633047632788546,0.7107862169882558,11,0.6617155234759245,33,0.7804799994663546,5,0.8129987496248609,7,0.8641645022508209,CD8 T Cells,Classical Monocytes,ANXA1,FPR1,0.0627112287228103,-0.1193357918392372,0.2447582492848578,56,0.4995710345313874,0.73080493624569,11,0.7158498138594092,33,0.8217052730118304,5,0.8688433228671546,7,0.9119875532967656
Classical Monocytes|Classical Monocytes|LGALS9|LRP1,Classical Monocytes,Classical Monocytes,LGALS9,LRP1,-0.0903707689365053,-0.33750737513200635,0.1567658372589958,56,0.47355761089519166,0.7208324781227331,11,0.15698691438901585,33,0.40911837366551235,5,0.0447154533405459,7,0.3872176815535477,Classical Monocytes,Classical Monocytes,LGALS9,LRP1,-0.17934424512607,-0.4545751893196954,0.0958866990675552,56,0.201553064739412,0.4802808433724117,11,0.2136705906474561,33,0.4348157478558287,5,0.0469827141736704,7,0.4474721165081132
CD8 T Cells|NK Cells|BAG6|NCR3,CD8 T Cells,NK Cells,BAG6,NCR3,-0.04919794674099748,-0.1844322342710288,0.08603634078903385,46,0.47582673724669233,0.7219333537823435,9,0.24661009533393574,26,0.19741214859293826,5,0.0,6,0.0,CD8 T Cells,NK Cells,BAG6,NCR3,-0.1028333852901284,-0.2347424955910668,0.0290757250108099,46,0.1265264463010705,0.3801962075648766,9,0.2868504923103305,26,0.2102509201954256,5,0.0,6,0.0262338131752236
Classical Monocytes|pDCs|LGALS9|SLC1A5,Classical Monocytes,pDCs,LGALS9,SLC1A5,-0.10531266429518611,-0.39406025139049816,0.18343492280012597,39,0.4747064087187679,0.7219333537823435,10,0.13180217642868158,18,0.3740041776944032,5,0.01625377029677848,6,0.3637684358576862,Classical Monocytes,pDCs,LGALS9,SLC1A5,-0.1569797500988904,-0.4721751030794859,0.1582156028817051,39,0.3289953043310415,0.5811116104256261,10,0.1841787716505408,18,0.4103407333202516,5,0.0322161388656805,6,0.4153578506342817
Classical Monocytes|B Cells|HBEGF|CD44,Classical Monocytes,B Cells,HBEGF,CD44,-0.11128768068547079,-0.41873665262369747,0.1961612912527559,50,0.47804492015449707,0.7230096242009241,10,0.3930997920560149,28,0.3156753753113494,5,0.36724138439631526,7,0.40110464833712056,Classical Monocytes,B Cells,HBEGF,CD44,-0.1241534105237306,-0.4917376358149257,0.2434308147674643,50,0.5079791440734853,0.7360256884215849,10,0.4340287063759797,28,0.3449153939759307,5,0.4198786826607955,7,0.4549187807844771
Non-classical Monocytes|NK Cells|COPA|CD74,Non-classical Monocytes,NK Cells,COPA,CD74,-0.04101203656455166,-0.1543709610433296,0.07234688791422629,56,0.4782662478679619,0.7230096242009241,11,0.8268163354158606,33,0.8660614751035062,5,0.793550194709466,7,0.8738073709616632,Non-classical Monocytes,NK Cells,COPA,CD74,-0.0128141418590009,-0.1222976371032767,0.0966693533852747,56,0.8185598624019866,0.9354969856022703,11,0.8568603485186256,33,0.8998152678180026,5,0.85109431377806,7,0.906863374936438
pDCs|CD8 T Cells|TNFSF13B|HLA-DPB1,pDCs,CD8 T Cells,TNFSF13B,HLA-DPB1,-0.13237380439188934,-0.5023606199814274,0.23761301119764883,43,0.483156059601794,0.7278512252710896,10,0.44809789090591695,21,0.6294953189077346,5,0.30800190993697163,7,0.6217731423306786,pDCs,CD8 T Cells,TNFSF13B,HLA-DPB1,-0.173115905870417,-0.5550768061582476,0.2088449944174134,43,0.3743722575043253,0.618318051103918,10,0.5001409487441121,21,0.6749030010939633,5,0.3346207297959334,7,0.6824986880162017
Classical Monocytes|Classical Monocytes|GRN|TNFRSF1B,Classical Monocytes,Classical Monocytes,GRN,TNFRSF1B,-0.005013602966797759,-0.019039419181642717,0.009012213248047197,56,0.48355292732655164,0.7279794231511916,11,0.9647034020666596,33,0.9682310528434197,5,0.9646743394284529,7,0.9732155931720108,Classical Monocytes,Classical Monocytes,GRN,TNFRSF1B,-0.0025338554451362,-0.013328310596179,0.0082605997059064,56,0.6454619582822864,0.83125652485069,11,0.9801299800166748,33,0.9849340524561148,5,0.9801659937590608,7,0.987503921643637
Classical Monocytes|CD4 T Cells|LGALS9|CD44,Classical Monocytes,CD4 T Cells,LGALS9,CD44,-0.025005985345559756,-0.09546767854302006,0.04545570785190055,56,0.4867000196814697,0.7303628187379381,11,0.8604742492107772,33,0.8920098602268093,5,0.8418714566080506,7,0.8984130529696425,Classical Monocytes,CD4 T Cells,LGALS9,CD44,-0.0244923416498845,-0.0738385886400711,0.024853905340302,56,0.3306519223319919,0.5811116104256261,11,0.9131935877519683,33,0.9289585583850378,5,0.8993499528547796,7,0.9396072651377336
pDCs|pDCs|MIF|TNFRSF14,pDCs,pDCs,MIF,TNFRSF14,-0.14533234117157723,-0.5608876507175613,0.2702229683744068,44,0.4930542824792473,0.7370561777138556,10,0.6187540085340065,22,0.7031951415344097,5,0.31229454484094854,7,0.5420680190129289,pDCs,pDCs,MIF,TNFRSF14,-0.187703885499507,-0.6157731381533971,0.240365367154383,44,0.3901068060737208,0.6333861486586457,10,0.6795695013704268,22,0.7458442881714885,5,0.3494264037802052,7,0.6034050760807739
Non-classical Monocytes|NK Cells|APP|CD74,Non-classical Monocytes,NK Cells,APP,CD74,0.08561375675170546,-0.16312685540346958,0.33435436890688053,49,0.4999313053461292,0.7401462269527138,6,0.6262079433499231,31,0.7520525866458053,5,0.6557219846554988,7,0.6959528711996755,Non-classical Monocytes,NK Cells,APP,CD74,0.0840728292692806,-0.1779321257988069,0.3460777843373682,49,0.5294025285002224,0.7550253331256653,6,0.6526671838351934,31,0.7748604288500355,5,0.699262973793414,7,0.7373833895389754
CD8 T Cells|NK Cells|CLEC2D|KLRB1,CD8 T Cells,NK Cells,CLEC2D,KLRB1,-0.07132297679492883,-0.2845828320323658,0.14193687844250816,56,0.5121500190927151,0.7457932754578527,11,0.9743374025892337,33,0.9241237569914411,5,0.8067009312746819,7,0.8278102624718181,CD8 T Cells,NK Cells,CLEC2D,KLRB1,-0.0872725899253631,-0.2990530236125673,0.1245078437618411,56,0.4192739704432472,0.6666716548662813,11,0.986039681464375,33,0.9417171031394354,5,0.832625658273795,7,0.8755756698742184
CD8 T Cells|CD8 T Cells|CLEC2D|KLRB1,CD8 T Cells,CD8 T Cells,CLEC2D,KLRB1,0.12760666700105122,-0.25174610429923056,0.5069594383013329,53,0.5097078991554924,0.7457932754578527,11,0.24957397615456214,30,0.1795550996491536,5,0.6193924371420906,7,0.4217668936356308,CD8 T Cells,CD8 T Cells,CLEC2D,KLRB1,0.0771328104929556,-0.2813265057842763,0.4355921267701876,53,0.6732129747309239,0.844816282015277,11,0.2873057041026359,30,0.1986632609964062,5,0.6751228192562138,7,0.5093475656570285
B Cells|Classical Monocytes|GRN|TNFRSF1B,B Cells,Classical Monocytes,GRN,TNFRSF1B,-0.08611348311656708,-0.3466159008686269,0.17438893463549276,54,0.5170501049226635,0.7481972432332004,10,0.3113886158500171,32,0.3468442615441119,5,0.3352056688350106,7,0.45677479764567247,B Cells,Classical Monocytes,GRN,TNFRSF1B,-0.1385936490090628,-0.4237047086805668,0.1465174106624412,54,0.3407185335235785,0.587631650377106,10,0.3563563329971585,32,0.3706531736037827,5,0.378986689871939,7,0.531877179487626
pDCs|Non-classical Monocytes|TNFSF13B|TFRC,pDCs,Non-classical Monocytes,TNFSF13B,TFRC,0.04769960221508904,-0.09744049338645497,0.19283969781663304,37,0.5194892946612183,0.7490707753623772,8,0.0,17,0.12615308770196362,5,0.0,7,0.07845348548687459,pDCs,Non-classical Monocytes,TNFSF13B,TFRC,0.0038408563349463,-0.1927916854016427,0.2004733980715354,37,0.969461004872404,0.9880583064286018,8,0.0213384857591677,17,0.1455104316420693,5,0.0,7,0.1203310895479552
Non-classical Monocytes|Non-classical Monocytes|TNFSF13B|TFRC,Non-classical Monocytes,Non-classical Monocytes,TNFSF13B,TFRC,-0.10294427073415291,-0.41803833647651323,0.2121497950082074,44,0.5219521401308436,0.7504669009886205,9,0.2782718144252932,23,0.4937366763935673,5,0.2253320489992583,7,0.5437411817016853,Non-classical Monocytes,Non-classical Monocytes,TNFSF13B,TFRC,-0.1472138237107242,-0.498493593017105,0.2040659455956566,44,0.4114304751565526,0.6582887602504842,9,0.3219432708090078,23,0.5223120727240217,5,0.2450658981742785,7,0.5926485238000166
Non-classical Monocytes|B Cells|MIF|TNFRSF14,Non-classical Monocytes,B Cells,MIF,TNFRSF14,0.11050268006374847,-0.23193818028186758,0.4529435404093645,56,0.5270841890510141,0.7564484212871038,11,0.5298745565473677,33,0.6022149262291465,5,0.4296658634134185,7,0.39150355303144885,Non-classical Monocytes,B Cells,MIF,TNFRSF14,0.0817402842834518,-0.2463236823241791,0.4098042508910828,56,0.6253063222430177,0.8251464870835699,11,0.5838070409849988,33,0.6532435573680103,5,0.4890322413358005,7,0.4767284734353601
pDCs|CD8 T Cells|LGALS9|CD47,pDCs,CD8 T Cells,LGALS9,CD47,-0.08598729111015026,-0.3541758505611843,0.1822012683408838,43,0.529736313238758,0.7583886656469228,10,0.06268443962040178,21,0.39000867983832405,5,0.034552737642223816,7,0.44786426897029635,pDCs,CD8 T Cells,LGALS9,CD47,-0.1703484973343502,-0.4476131733472999,0.1069161786785994,43,0.2285195377147691,0.500008561153683,10,0.1137448354986523,21,0.4227710879090541,5,0.0488341870628147,7,0.5282089368075668
Classical Monocytes|CD8 T Cells|APP|CD74,Classical Monocytes,CD8 T Cells,APP,CD74,0.04284619414634849,-0.09129397294358421,0.1769863612362812,55,0.5312892567616508,0.7583886656469228,11,0.6938218177806609,32,0.7868771151647366,5,0.7682205777580489,7,0.8184296809957761,Classical Monocytes,CD8 T Cells,APP,CD74,0.0415879957472117,-0.0879399084660443,0.1711158999604678,55,0.5291574026944281,0.7550253331256653,11,0.7259834817505258,32,0.8137371861966195,5,0.8159849649518025,7,0.8621506736506844
B Cells|Non-classical Monocytes|GRN|TNFRSF1A,B Cells,Non-classical Monocytes,GRN,TNFRSF1A,-0.050448342293414,-0.20808543091331205,0.10718874632648406,54,0.5304992388557112,0.7583886656469228,10,0.0,32,0.05600166995035764,5,0.0,7,0.10645001224377164,B Cells,Non-classical Monocytes,GRN,TNFRSF1A,-0.0824954656615334,-0.2853833226857772,0.1203923913627103,54,0.4254896205810764,0.6693281930607426,10,0.0,32,0.0598476171593087,5,0.0,7,0.1423430828208421
Non-classical Monocytes|Non-classical Monocytes|HBEGF|CD44,Non-classical Monocytes,Non-classical Monocytes,HBEGF,CD44,-0.07367137247925715,-0.3061297307102102,0.15878698575169595,45,0.5344960446248259,0.7591534453765015,8,0.7161623387876553,25,0.6615621372064372,5,0.8110851624241169,7,0.8301563333221559,Non-classical Monocytes,Non-classical Monocytes,HBEGF,CD44,-0.083008749739965,-0.3121256346025543,0.1461081351226241,45,0.4776468355645196,0.7129763281074423,8,0.7516567860997112,25,0.6920177665852588,5,0.852335619780853,7,0.8757053500063657
Non-classical Monocytes|Non-classical Monocytes|ANXA1|FPR1,Non-classical Monocytes,Non-classical Monocytes,ANXA1,FPR1,-0.03636409080278313,-0.1513540591299012,0.07862587752433492,55,0.5353807309929784,0.759486030904377,10,0.8657591504660852,33,0.9162413888743588,5,0.8712655428594692,7,0.958111872070526,Non-classical Monocytes,Non-classical Monocytes,ANXA1,FPR1,-0.0255823948419338,-0.1401467176333416,0.0889819279494739,55,0.6616305484201672,0.8343715290421814,10,0.8936634778784963,33,0.9459800128534854,5,0.9012759362048944,7,0.9791748660218172
CD4 T Cells|CD8 T Cells|SIRPG|CD47,CD4 T Cells,CD8 T Cells,SIRPG,CD47,-0.03508957070520794,-0.1477733835390381,0.0775942421286222,54,0.5416433258692501,0.7646536674151747,11,0.0,31,0.03967193100121869,5,0.0,7,0.07476150170642663,CD4 T Cells,CD8 T Cells,SIRPG,CD47,-0.1007133551106243,-0.2780231831963282,0.0765964729750795,54,0.2655904613360601,0.5275812630516776,11,0.0256332454472263,31,0.047258624140856,5,0.0,7,0.1223387338042539
Classical Monocytes|B Cells|APP|CD74,Classical Monocytes,B Cells,APP,CD74,-0.004403252116051526,-0.018606056252105548,0.009799552020002496,55,0.5434251602615273,0.7653183047108963,11,0.9836153050722245,32,0.984025099909197,5,0.983216104413694,7,0.988029151366718,Classical Monocytes,B Cells,APP,CD74,-0.0017745705345381,-0.0080392336293989,0.0044900925603227,55,0.5787629578935816,0.7963421401390485,11,0.9908740000211146,32,0.9920051753597154,5,0.9926199231778362,7,0.9955256690509752
CD4 T Cells|pDCs|MIF|TNFRSF14,CD4 T Cells,pDCs,MIF,TNFRSF14,-0.10857974350135668,-0.4620200406104636,0.24486055360775022,44,0.5470963056926622,0.768634099754733,10,0.546939054069868,22,0.6999221046094433,5,0.3285788877765582,7,0.5901416818174902,CD4 T Cells,pDCs,MIF,TNFRSF14,-0.1506286658546725,-0.5390055345052257,0.2377482027958807,44,0.4471617220927966,0.6862402383382515,10,0.613741536673759,22,0.7447672060909906,5,0.3708609126359307,7,0.6525152479078348
Classical Monocytes|CD4 T Cells|MIF|TNFRSF14,Classical Monocytes,CD4 T Cells,MIF,TNFRSF14,-0.09932698645584365,-0.4246349690834899,0.22598099617180262,56,0.5495463681516819,0.7700567189606201,11,0.39856193957517316,33,0.4456614276181967,5,0.11815988254684573,7,0.2645863570457129,Classical Monocytes,CD4 T Cells,MIF,TNFRSF14,-0.1510650830021766,-0.495002248664859,0.1928720826605057,56,0.3893145561502266,0.6333861486586457,11,0.4356436075793477,33,0.4781437610931029,5,0.1324621766751259,7,0.3260274131910578
Classical Monocytes|pDCs|LGALS9|CD44,Classical Monocytes,pDCs,LGALS9,CD44,-0.09007011875699344,-0.38939418512466123,0.20925394761067434,44,0.5553407491901579,0.7727775025977465,10,0.5987072984735394,22,0.7490806939202295,5,0.47615213743826335,7,0.7165956516419468,Classical Monocytes,pDCs,LGALS9,CD44,-0.096844581752483,-0.4188818705142652,0.2251927070092991,44,0.5555864907394858,0.7746372233559341,10,0.6662995622929014,22,0.7936439418295422,5,0.5557471199837196,7,0.7799360812728434
pDCs|Non-classical Monocytes|LGALS9|LRP1,pDCs,Non-classical Monocytes,LGALS9,LRP1,0.07426871731452844,-0.173994012633133,0.32253144726218985,43,0.557653437225252,0.7746108125645231,10,0.0,21,0.25041267696209973,5,0.0,7,0.1761439596475713,pDCs,Non-classical Monocytes,LGALS9,LRP1,0.0441043698948076,-0.237089355856063,0.3252980956456782,43,0.7585280336702985,0.9006931980846047,10,0.0056528208722032,21,0.2739019408528025,5,0.0,7,0.2241447500857916
Non-classical Monocytes|CD8 T Cells|LGALS9|CD44,Non-classical Monocytes,CD8 T Cells,LGALS9,CD44,-0.020088623505736924,-0.0874302139472703,0.04725296693579645,56,0.5587659257669755,0.7748074937954689,11,0.9136977478245111,33,0.9215066092827031,5,0.9037275968071361,7,0.9316250817710651,Non-classical Monocytes,CD8 T Cells,LGALS9,CD44,-0.012620106909475,-0.0497497440386448,0.0245095302196948,56,0.5052972019616464,0.7349777483078493,11,0.94748887669192,33,0.9519647305287812,5,0.9455102801998388,7,0.962606240946175
Classical Monocytes|NK Cells|TNFSF13B|HLA-DPB1,Classical Monocytes,NK Cells,TNFSF13B,HLA-DPB1,0.033954227981907614,-0.0805220178194317,0.14843047378324692,56,0.5610146041532109,0.7755885735333022,11,0.8116528186146251,33,0.9121949284599636,5,0.8793295419129927,7,0.9459174237764236,Classical Monocytes,NK Cells,TNFSF13B,HLA-DPB1,0.0344995408130454,-0.0528734597464529,0.1218725413725437,56,0.4389906583010626,0.6811006577277093,11,0.8694234990776831,33,0.9435997170205132,5,0.9286934011160864,7,0.968370078245871
pDCs|Classical Monocytes|ANXA1|FPR1,pDCs,Classical Monocytes,ANXA1,FPR1,0.11006253477754041,-0.26205474824519936,0.4821798178002802,43,0.5621129281543045,0.7757291295746459,10,0.1708656458257213,21,0.522049596524977,5,0.49578704309796356,7,0.7369084590196788,pDCs,Classical Monocytes,ANXA1,FPR1,0.1010562577563003,-0.3092873618701987,0.5113998773827994,43,0.6293195615190665,0.8283074948528588,10,0.2123264181078624,21,0.5601016867806066,5,0.5508594158545618,7,0.7975784267710055
Classical Monocytes|Classical Monocytes|LGALS9|CD47,Classical Monocytes,Classical Monocytes,LGALS9,CD47,-0.08257180933082296,-0.36167489456969887,0.19653127590805292,56,0.5620161423800459,0.7757291295746459,11,0.2574839495142403,33,0.5190537984104816,5,0.10938419298310904,7,0.4535258512101733,Classical Monocytes,Classical Monocytes,LGALS9,CD47,-0.1359071843060585,-0.4186859079211835,0.1468715393090665,56,0.3462005540752033,0.5903506529259338,11,0.3006661579784808,33,0.5576689182235629,5,0.1313999286652847,7,0.5243098732164253
NK Cells|Classical Monocytes|ANXA1|FPR1,NK Cells,Classical Monocytes,ANXA1,FPR1,-0.018521172002929354,-0.08161151975912827,0.04456917575326956,56,0.5650353370415567,0.7783820129746518,11,0.8905004126134581,33,0.9120177728056216,5,0.9232700190311821,7,0.9633085512262749,NK Cells,Classical Monocytes,ANXA1,FPR1,-0.015246910217608,-0.0609619205015439,0.0304681000663278,56,0.5133122543651754,0.7403264062956896,11,0.9299883891047396,33,0.9422229954960736,5,0.9549523305455114,7,0.9824338471544534
NK Cells|pDCs|MIF|TNFRSF14,NK Cells,pDCs,MIF,TNFRSF14,-0.11284846295712586,-0.4975853782682154,0.2718884523539637,44,0.5653700569463231,0.7783838932604153,10,0.5397615969538582,22,0.6988367944599312,5,0.2833281838488692,7,0.5552518443120681,NK Cells,pDCs,MIF,TNFRSF14,-0.1504745659429846,-0.5566325945656102,0.2556834626796409,44,0.4677572676226442,0.7043874147729231,10,0.6040179887220962,22,0.7498121369216502,5,0.321865436232424,7,0.6181341503749626
CD4 T Cells|CD4 T Cells|CLEC2D|KLRB1,CD4 T Cells,CD4 T Cells,CLEC2D,KLRB1,-0.0903823598761157,-0.4015182064770733,0.2207534867248419,56,0.5691165131155449,0.7803212320169098,11,0.210636892597916,33,0.2246081114616811,5,0.3813796238005404,7,0.48573320254042124,CD4 T Cells,CD4 T Cells,CLEC2D,KLRB1,-0.1469609454514975,-0.4826878619754796,0.1887659710724845,56,0.3909180136252579,0.6333861486586457,11,0.2549633862075388,33,0.2450088903656826,5,0.4412332658736799,7,0.5782397154833213
CD8 T Cells|Classical Monocytes|HLA-F|LILRB2,CD8 T Cells,Classical Monocytes,HLA-F,LILRB2,-0.06257052719924905,-0.2826748344833921,0.157533780084894,56,0.5774098478584657,0.7829955837174655,11,0.5363073554387054,33,0.6263986612638812,5,0.518476022050727,7,0.6711378550751518,CD8 T Cells,Classical Monocytes,HLA-F,LILRB2,-0.0478417747201994,-0.296358293553993,0.2006747441135941,56,0.7059420823456986,0.8637996977238542,11,0.5953666576563217,33,0.6734570395274045,5,0.5941919182547305,7,0.7201240748460128
B Cells|Classical Monocytes|HLA-F|LILRB2,B Cells,Classical Monocytes,HLA-F,LILRB2,-0.08315209073418744,-0.3814087064501487,0.2151045249817738,56,0.5847732949722354,0.7883635356582965,11,0.21242937819445284,33,0.4406147888313723,5,0.16611402895081323,7,0.4774515303219201,B Cells,Classical Monocytes,HLA-F,LILRB2,-0.1175594851813666,-0.4336212708326779,0.1985023004699446,56,0.465995246212221,0.7043874147729231,11,0.2562161406778622,33,0.4773158502369292,5,0.2084542094488432,7,0.5471134041892768
Classical Monocytes|CD8 T Cells|TNFSF13B|HLA-DPB1,Classical Monocytes,CD8 T Cells,TNFSF13B,HLA-DPB1,-0.029211480079889496,-0.1347206547496788,0.0762976945898998,56,0.5873780167009437,0.7909617468262419,11,0.847910399293766,33,0.9068900658983766,5,0.8239864124270675,7,0.9121775591115676,Classical Monocytes,CD8 T Cells,TNFSF13B,HLA-DPB1,-0.0179072570824282,-0.096522739114207,0.0607082249493505,56,0.6552750059134138,0.8325081960984314,11,0.9003413659812242,33,0.9389003344653146,5,0.8866359209214757,7,0.9431021464879944
Non-classical Monocytes|NK Cells|CLEC2B|KLRF1,Non-classical Monocytes,NK Cells,CLEC2B,KLRF1,0.042213831016560066,-0.11217363828395643,0.19660130031707657,55,0.5920216492869306,0.7926436646129489,11,0.9740945919513337,33,0.9076799940521022,5,0.8774247769890383,6,0.7687963480732467,Non-classical Monocytes,NK Cells,CLEC2B,KLRF1,0.0363196109928792,-0.0934307532139811,0.1660699751997396,55,0.5832584034221546,0.7963421401390485,11,0.9862193391981098,33,0.934135357388297,5,0.9233166747884628,6,0.8349130819857709
CD8 T Cells|pDCs|MIF|TNFRSF14,CD8 T Cells,pDCs,MIF,TNFRSF14,-0.101481786703285,-0.4775861353242939,0.2746225619177239,44,0.5969134526722218,0.794425306127047,10,0.5354477544247366,22,0.6652710569640653,5,0.318843553177634,7,0.5501486424202477,CD8 T Cells,pDCs,MIF,TNFRSF14,-0.1427506428475187,-0.5358329288955358,0.2503316432004984,44,0.476604156063704,0.7129763281074423,10,0.6015743202800506,22,0.7147051598807328,5,0.3585019035577038,7,0.6143833860059047
Non-classical Monocytes|NK Cells|HBEGF|CD44,Non-classical Monocytes,NK Cells,HBEGF,CD44,0.08929071842974212,-0.24154986537689704,0.4201313022363813,45,0.5968223848241339,0.794425306127047,8,0.10252695250429245,25,0.298267389470372,5,0.4817040207431118,7,0.5881537392794493,Non-classical Monocytes,NK Cells,HBEGF,CD44,0.0869426190266919,-0.2430341032198347,0.4169193412732186,45,0.605565706752248,0.8074209423363307,8,0.1188131140457118,25,0.32233612088059,5,0.5412328896216223,7,0.6578132774298086
B Cells|CD8 T Cells|FAM3C|LAMP1,B Cells,CD8 T Cells,FAM3C,LAMP1,0.038957940114810755,-0.10665334713901918,0.18456922736864068,56,0.6000118156950542,0.7960329011775572,11,0.10817420757890252,33,0.23239158540345822,5,0.0,7,0.08525943770974495,B Cells,CD8 T Cells,FAM3C,LAMP1,-0.0734857588765204,-0.2641993148567282,0.1172277971036872,56,0.4501209254108103,0.6862402383382515,11,0.1493748980301805,33,0.2567950337991326,5,0.0,7,0.1809058946454726
Non-classical Monocytes|pDCs|HBEGF|CD44,Non-classical Monocytes,pDCs,HBEGF,CD44,0.08385268788399691,-0.23103536392936164,0.39874073969735546,36,0.6017218836598609,0.7969487228280063,7,0.24492819404969324,17,0.3885706580179523,5,0.30223124919552014,7,0.3620210252797823,Non-classical Monocytes,pDCs,HBEGF,CD44,0.0632593541430331,-0.3100260672233898,0.4365447755094562,36,0.7397774062894231,0.8870398876350928,7,0.2632238615974023,17,0.4154699601752531,5,0.3429690977670052,7,0.4319558422018228
CD4 T Cells|Classical Monocytes|CD28|CD86,CD4 T Cells,Classical Monocytes,CD28,CD86,-0.009150919509147612,-0.044573225831496525,0.0262713868132013,53,0.6126230978677627,0.8036376031018123,11,0.008278634216502191,30,0.010333702003024907,5,0.0,7,0.011205987295670327,CD4 T Cells,Classical Monocytes,CD28,CD86,-0.0532581870136511,-0.1477702271452051,0.0412538531179029,53,0.2693965791628352,0.5275812630516776,11,0.0130717473268658,30,0.0163276703588908,5,0.0,7,0.056514110045676
Non-classical Monocytes|B Cells|TNFSF13B|HLA-DPB1,Non-classical Monocytes,B Cells,TNFSF13B,HLA-DPB1,0.000376708901519085,-0.0010890344455954076,0.0018424522486335776,56,0.6144525702427988,0.8042302418816901,11,0.9978551278219022,33,0.9985664668473678,5,0.9987464506119027,7,0.9990810807358492,Non-classical Monocytes,B Cells,TNFSF13B,HLA-DPB1,-8.219683331245342e-05,-0.0009439816291318,0.0007795879625069,56,0.8517069639500826,0.9417193577114308,11,0.9985622305146624,33,0.9991194723565552,5,0.9984754380081998,7,0.9991148766834052
Non-classical Monocytes|pDCs|LILRB4|LAIR1,Non-classical Monocytes,pDCs,LILRB4,LAIR1,-0.11436679023118851,-0.5707952257912503,0.34206164532887323,43,0.623351405845324,0.8086970172770789,10,0.19455537308764054,21,0.19365860158509077,5,0.17297863613783887,7,0.28644865486647764,Non-classical Monocytes,pDCs,LILRB4,LAIR1,-0.2115249589304095,-0.6876505430849765,0.2646006252241574,43,0.383896465062597,0.6279712144154942,10,0.2390313739195273,21,0.2097721478205099,5,0.188205905345037,7,0.3704716381764292
CD8 T Cells|B Cells|MIF|TNFRSF14,CD8 T Cells,B Cells,MIF,TNFRSF14,0.0913096414142367,-0.27456859445683235,0.45718787728530574,56,0.6247465926934755,0.8092527261267399,11,0.6742323886547557,33,0.7595965171845098,5,0.5537527182967272,7,0.5478072054122447,CD8 T Cells,B Cells,MIF,TNFRSF14,0.0867921940263944,-0.269379803992325,0.442964192045114,56,0.6329312769016844,0.8309251635222112,11,0.7438390300614771,33,0.8146132388569274,5,0.6263539136101026,7,0.6103359283791584
Non-classical Monocytes|Classical Monocytes|CD1D|LILRB2,Non-classical Monocytes,Classical Monocytes,CD1D,LILRB2,-0.03856044003222339,-0.19654757543524085,0.11942669537079406,51,0.6323834240236719,0.8149091032534624,9,0.0021261240525363334,30,0.04301448824580648,5,0.0,7,0.07944880422549354,Non-classical Monocytes,Classical Monocytes,CD1D,LILRB2,-0.0969470687385695,-0.2833806871988998,0.0894865497217606,51,0.3081089961704427,0.5633993072830953,9,0.0098970594210284,30,0.0537173099842959,5,0.0,7,0.1407673193018371
Non-classical Monocytes|CD4 T Cells|COPA|CD74,Non-classical Monocytes,CD4 T Cells,COPA,CD74,-0.05811402834295687,-0.2972257296246456,0.18099767293873187,56,0.6338234301105934,0.8163142356912496,11,0.6511887068496003,33,0.6977063656879617,5,0.603725977778355,7,0.7083576649596733,Non-classical Monocytes,CD4 T Cells,COPA,CD74,-0.103849039332924,-0.3726113493306113,0.1649132706647633,56,0.4488552648117997,0.6862402383382515,11,0.6939817846195857,33,0.7224828844911789,5,0.6297304085526529,7,0.7620805477571702
B Cells|Non-classical Monocytes|MIF|TNFRSF14,B Cells,Non-classical Monocytes,MIF,TNFRSF14,-0.08437357948555674,-0.43288266543643544,0.26413550646532197,56,0.6351400926734646,0.8170526061384353,11,0.7028074987056998,33,0.7250483690297269,5,0.48937146775710766,7,0.5959859175666915,B Cells,Non-classical Monocytes,MIF,TNFRSF14,-0.1002440403573314,-0.4865746686102465,0.2860865878955835,56,0.611056309078821,0.812625533112614,11,0.772582034468143,33,0.7788919304414327,5,0.5486800307200717,7,0.6552339670506928
pDCs|B Cells|TNFSF13B|TNFRSF13C,pDCs,B Cells,TNFSF13B,TNFRSF13C,-0.04960790403693843,-0.2562660756050036,0.15705026753112672,41,0.6380080804736616,0.819443821730473,10,0.06529135088863322,20,0.15545852211615474,5,0.0,6,0.13977507526445995,pDCs,B Cells,TNFSF13B,TNFRSF13C,-0.0973597919723781,-0.3420644669553985,0.1473448830106423,41,0.4355062481027609,0.6798146311847976,10,0.0890847120865963,20,0.1690613819271146,5,0.0,6,0.1773364618128964
Classical Monocytes|pDCs|MIF|TNFRSF14,Classical Monocytes,pDCs,MIF,TNFRSF14,-0.06735992011368863,-0.3529060453407314,0.21818620511335413,44,0.6438284245777943,0.8234048237012053,10,0.22758333644168452,22,0.3318372317062283,5,0.04980387959497832,7,0.22141769497321073,Classical Monocytes,pDCs,MIF,TNFRSF14,-0.1186108479792053,-0.426587472912043,0.1893657769536323,44,0.4503451564094776,0.6862402383382515,10,0.2819993824445145,22,0.3631353722491297,5,0.079527815999738,7,0.2792746537835585
pDCs|Non-classical Monocytes|ANXA1|FPR1,pDCs,Non-classical Monocytes,ANXA1,FPR1,0.0891031490848404,-0.29195690905874566,0.47016320722842647,42,0.6467385482204766,0.8255398398495657,9,0.052272120161769194,21,0.4895118215968103,5,0.26304211875870287,7,0.6111786711089036,pDCs,Non-classical Monocytes,ANXA1,FPR1,0.1152860460991995,-0.3092387567499023,0.5398108489483016,42,0.5945476828861105,0.8010133740680528,9,0.0594063091631398,21,0.5223015992184934,5,0.3308453752103659,7,0.67845461916652
Non-classical Monocytes|Non-classical Monocytes|TNFSF13B|HLA-DPB1,Non-classical Monocytes,Non-classical Monocytes,TNFSF13B,HLA-DPB1,-0.0015119740842423068,-0.008053319502738951,0.005029371334254338,56,0.6505283462709581,0.8291095492671517,11,0.9901643376392368,33,0.9881843206869987,5,0.9974771266335825,7,0.9970090837655866,Non-classical Monocytes,Non-classical Monocytes,TNFSF13B,HLA-DPB1,-0.0007105326150826,-0.0042502654896852,0.0028292002595198,56,0.6940058313580979,0.8562192425430027,11,0.9946167166656924,33,0.9946651085836468,5,0.9974791577467887,7,0.998238082279826
Non-classical Monocytes|NK Cells|LGALS9|CD44,Non-classical Monocytes,NK Cells,LGALS9,CD44,-0.040365276550981544,-0.21592308797158,0.1351925348696169,56,0.6522444496923415,0.830079831412239,11,0.8151426440551571,33,0.8627559430529884,5,0.8185815450289402,7,0.906560120577753,Non-classical Monocytes,NK Cells,LGALS9,CD44,-0.034257635662633,-0.1593773966429801,0.0908621253177139,56,0.5915192705504672,0.8010133740680528,11,0.8807342370119327,33,0.903765226019894,5,0.8824784829634627,7,0.9397671076340572
B Cells|pDCs|FAM3C|LAMP1,B Cells,pDCs,FAM3C,LAMP1,-0.050834827387803594,-0.2728789328252297,0.17120927804962247,44,0.6536375547614848,0.8305222181845859,10,0.2945595178307695,22,0.3124700953046549,5,0.04848555371562262,7,0.11723095857731163,B Cells,pDCs,FAM3C,LAMP1,-0.1115935455084894,-0.3703318717336064,0.1471447807166274,44,0.3979264844498531,0.6427077603732644,10,0.3415117369877568,22,0.3445982530919784,5,0.0801423134207064,7,0.1948223750334175
Non-classical Monocytes|Classical Monocytes|MIF|TNFRSF14,Non-classical Monocytes,Classical Monocytes,MIF,TNFRSF14,0.08565291082999346,-0.29531666187716454,0.4666224835371515,56,0.6594618794022213,0.8320307146536449,11,0.35466916819020167,33,0.4849496939660646,5,0.23913486366781508,7,0.28376247861368453,Non-classical Monocytes,Classical Monocytes,MIF,TNFRSF14,0.0441645495352789,-0.3459815304188961,0.434310629489454,56,0.8244166499512345,0.9380029439445158,11,0.4090510424994741,33,0.5190144064885707,5,0.27093476188279,7,0.3367335763366076
CD4 T Cells|NK Cells|CLEC2D|KLRB1,CD4 T Cells,NK Cells,CLEC2D,KLRB1,-0.05079708192094734,-0.28961555993366955,0.18802139609177487,56,0.6767606576890881,0.8409984756274724,11,0.9646793292666459,33,0.9076127095669928,5,0.7979941627312808,7,0.791724624952575,CD4 T Cells,NK Cells,CLEC2D,KLRB1,-0.0735444809978718,-0.3122414982712465,0.1651525362755029,56,0.5459229273837217,0.7657877775903165,11,0.9792428427364942,33,0.926676691337948,5,0.8247550644882236,7,0.8457333940875491
Non-classical Monocytes|pDCs|LGALS9|CD47,Non-classical Monocytes,pDCs,LGALS9,CD47,-0.03445710948530445,-0.1967991464355184,0.1278849274649095,44,0.6774081721515732,0.841355362752087,10,0.7837656696012816,22,0.8137400459430894,5,0.7710225390902534,7,0.8354540249173656,Non-classical Monocytes,pDCs,LGALS9,CD47,-0.0300156686581465,-0.1642828247952676,0.1042514874789745,44,0.6612749863284229,0.8343715290421814,10,0.850214338263628,22,0.859534640288148,5,0.847305921985863,7,0.8866418926685294
Non-classical Monocytes|CD4 T Cells|HBEGF|CD44,Non-classical Monocytes,CD4 T Cells,HBEGF,CD44,0.05882780301181745,-0.221417638852755,0.3390732448763899,45,0.6807598940307162,0.8441711909515255,8,0.5299700689453348,25,0.5989457805175961,5,0.7517673282491137,7,0.7619152368095575,Non-classical Monocytes,CD4 T Cells,HBEGF,CD44,0.0413941685109675,-0.2493270232501064,0.3321153602720415,45,0.7801923817710472,0.9171190715056688,8,0.5814585603709514,25,0.6357227655147705,5,0.8027842617635106,7,0.815654298396362
Non-classical Monocytes|pDCs|LGALS9|CD44,Non-classical Monocytes,pDCs,LGALS9,CD44,-0.03133403740090468,-0.18331330363336337,0.12064522883155401,44,0.6861451685020672,0.847697866905993,10,0.8215666775491123,22,0.8645052790572596,5,0.7859290553450669,7,0.8602016942541189,Non-classical Monocytes,pDCs,LGALS9,CD44,-0.0254622701488907,-0.1520961089310267,0.1011715686332451,44,0.6935145766136831,0.8562192425430027,10,0.8770344824666072,22,0.9010588964117212,5,0.857510576370579,7,0.9069972604645836
NK Cells|B Cells|MIF|TNFRSF14,NK Cells,B Cells,MIF,TNFRSF14,0.07003596270441714,-0.2722015432103852,0.4122734686192195,56,0.6883540280720452,0.8490790573419046,11,0.6788018226689054,33,0.7931212302602023,5,0.5202887138954166,7,0.5645721587822964,NK Cells,B Cells,MIF,TNFRSF14,0.0539567256690932,-0.2635403273769799,0.3714537787151665,56,0.7390707562763977,0.8870398876350928,11,0.7448019777297122,33,0.8465532593734064,5,0.5942539502760065,7,0.6420485062506074
pDCs|CD8 T Cells|LGALS9|CD44,pDCs,CD8 T Cells,LGALS9,CD44,-0.040053580309167836,-0.2361798855932466,0.15607272497491093,43,0.6889572912412409,0.8493744852419733,10,0.6398022494661916,21,0.7494642285192965,5,0.6765290982382325,7,0.8262446576005053,pDCs,CD8 T Cells,LGALS9,CD44,-0.0433454147620655,-0.2303957491587881,0.143704919634657,43,0.649695694913057,0.83125652485069,10,0.7102524486618249,21,0.8018871227249466,5,0.7371524588018621,7,0.8721325476270493
B Cells|CD4 T Cells|MIF|TNFRSF14,B Cells,CD4 T Cells,MIF,TNFRSF14,-0.07091925766912288,-0.4230783079705829,0.2812397926323371,56,0.6930600822708606,0.8526318714976077,11,0.591209036871033,33,0.6634629487694973,5,0.389619342675682,7,0.5327925122432692,B Cells,CD4 T Cells,MIF,TNFRSF14,-0.1023583497223924,-0.477858794601148,0.2731420951563631,56,0.5931546412117839,0.8010133740680528,11,0.6509428472231635,33,0.715111155337506,5,0.4286716253826661,7,0.595198283219401
Classical Monocytes|CD4 T Cells|HBEGF|CD44,Classical Monocytes,CD4 T Cells,HBEGF,CD44,-0.03832140142955054,-0.23005138568700087,0.1534085828278998,50,0.6952493195807611,0.8534245169136081,10,0.7409993512531885,28,0.6837792857265204,5,0.7631840188784451,7,0.7442853547813275,Classical Monocytes,CD4 T Cells,HBEGF,CD44,-0.0483327028728777,-0.2558384590377101,0.1591730532919547,50,0.6480166843410033,0.83125652485069,10,0.7893507681898064,28,0.7182235986830295,5,0.8172526192690472,7,0.7944581526351481
Non-classical Monocytes|Classical Monocytes|HBEGF|CD44,Non-classical Monocytes,Classical Monocytes,HBEGF,CD44,-0.03874451710804916,-0.2324215399707137,0.15493250575461537,45,0.6949954002756611,0.8534245169136081,8,0.7641710465435225,25,0.7205355639417168,5,0.8810775087371132,7,0.8761865432433567,Non-classical Monocytes,Classical Monocytes,HBEGF,CD44,-0.0338013513879751,-0.2164677767464811,0.1488650739705309,45,0.7168440553128925,0.8717913451786247,8,0.7940421214761173,25,0.7546292848519712,5,0.9191507070438256,7,0.9135392218076548
Classical Monocytes|CD4 T Cells|TNFSF13B|HLA-DPB1,Classical Monocytes,CD4 T Cells,TNFSF13B,HLA-DPB1,-0.041691360425697765,-0.2550996827879414,0.17171696193654584,56,0.7017955851412632,0.8578499255028674,11,0.6410415199479313,33,0.7629143430219596,5,0.6338759910786853,7,0.7974401745784113,Classical Monocytes,CD4 T Cells,TNFSF13B,HLA-DPB1,-0.0375803577211312,-0.2560514230489222,0.1808907076066598,56,0.7360085609801753,0.8866738428749406,11,0.6858943150005701,33,0.8009301320052904,5,0.684779245654939,7,0.8373954203807905
Non-classical Monocytes|pDCs|MIF|TNFRSF14,Non-classical Monocytes,pDCs,MIF,TNFRSF14,-0.0776588387177033,-0.48174004077678795,0.32642236334138136,44,0.7064128627088035,0.8595487412324421,10,0.3794919712519815,22,0.4888392360593927,5,0.18876602753420085,7,0.3757721310593154,Non-classical Monocytes,pDCs,MIF,TNFRSF14,-0.1184907594404229,-0.5451453678606253,0.3081638489797795,44,0.5862196987387118,0.7982566110484587,10,0.4366857142355941,22,0.5315088527639854,5,0.2369531589528434,7,0.4502670569216577
pDCs|NK Cells|LGALS9|CD44,pDCs,NK Cells,LGALS9,CD44,0.06903674210887162,-0.3026019087285404,0.44067539294628366,43,0.7157915840294553,0.8671983570799192,10,0.24131711757777471,21,0.5796458234531465,5,0.46775206702120836,7,0.7370440307877085,pDCs,NK Cells,LGALS9,CD44,0.0913618407640169,-0.2966916811511053,0.4794153626791393,43,0.6444783373442979,0.83125652485069,10,0.2809623482958835,21,0.6370444553622455,5,0.5196798220362842,7,0.7844000883386292
CD4 T Cells|pDCs|SIRPG|CD47,CD4 T Cells,pDCs,SIRPG,CD47,-0.03589851456932159,-0.22985593464890702,0.15805890551026386,42,0.7167849375435735,0.8671983570799192,10,0.05045630212235817,20,0.15610403661371808,5,0.03714064309905204,7,0.17868689215973355,CD4 T Cells,pDCs,SIRPG,CD47,-0.0782174332034377,-0.3031451549906937,0.1467102885838181,42,0.4955126765393042,0.7290301447934591,10,0.0684395101833152,20,0.1854240100998161,5,0.0271573857696506,7,0.2223593188895893
Classical Monocytes|NK Cells|APP|CD74,Classical Monocytes,NK Cells,APP,CD74,-0.016583155036374864,-0.10955750833501963,0.07639119826226991,55,0.7266505950102088,0.8764096794157218,11,0.8056221780901722,32,0.8563729580297778,5,0.7945223624413712,7,0.8618562974173516,Classical Monocytes,NK Cells,APP,CD74,-0.0056608637399857,-0.1007526431745955,0.089430915694624,55,0.9071154712245092,0.9615799612152148,11,0.8393293477864798,32,0.8880727383009587,5,0.8455780269622017,7,0.8999822812166663
CD8 T Cells|Classical Monocytes|CD99|PILRA,CD8 T Cells,Classical Monocytes,CD99,PILRA,0.03500867833890631,-0.16416792340468875,0.23418528008250136,56,0.7304725256567782,0.8789963853683839,11,0.6611181610056608,33,0.7474938805985353,5,0.7120170050680288,7,0.763384046321997,CD8 T Cells,Classical Monocytes,CD99,PILRA,0.0255542410573783,-0.1712953972851153,0.222403879399872,56,0.7991596933046774,0.922882259802449,11,0.7256021944134351,33,0.7933654836411623,5,0.7821267489683978,7,0.8243357971387467
Non-classical Monocytes|NK Cells|MIF|TNFRSF14,Non-classical Monocytes,NK Cells,MIF,TNFRSF14,0.0644179206173911,-0.30387535857594355,0.43271119981072576,56,0.7317369382178852,0.8793193911129942,11,0.579905382003258,33,0.6280836982254566,5,0.4139113582045991,7,0.3976717538094066,Non-classical Monocytes,NK Cells,MIF,TNFRSF14,0.0369032578101685,-0.3446966744370097,0.4185031900573467,56,0.8496683651662986,0.9417193577114308,11,0.6410122634159967,33,0.6776451455618453,5,0.4601163890210267,7,0.4598460133567068
Classical Monocytes|Non-classical Monocytes|LGALS9|LRP1,Classical Monocytes,Non-classical Monocytes,LGALS9,LRP1,0.03713648236268541,-0.17849990550054795,0.25277287022591877,56,0.7357089495520794,0.8806867707659162,11,0.08722375580614022,33,0.4008120348347566,5,0.0,7,0.27645179666593095,Classical Monocytes,Non-classical Monocytes,LGALS9,LRP1,-0.0312860388376332,-0.2737098852722719,0.2111378075970054,56,0.8003119596724362,0.922882259802449,11,0.1285852490444685,33,0.4270777725871286,5,0.0029908742086531,7,0.3327694365889465
pDCs|pDCs|LGALS9|CD44,pDCs,pDCs,LGALS9,CD44,-0.06824582062008461,-0.4697539537039919,0.3332623124638227,43,0.7390268562431492,0.881831762548683,10,0.3928975579293249,21,0.6152724189034975,5,0.28506734702910913,7,0.5756880286233663,pDCs,pDCs,LGALS9,CD44,-0.0947579871739662,-0.4964923381721178,0.3069763638241853,43,0.6438653935368225,0.83125652485069,10,0.4423794660536239,21,0.6660094824791034,5,0.3435854297090479,7,0.6619734333084937
CD4 T Cells|Non-classical Monocytes|MIF|TNFRSF14,CD4 T Cells,Non-classical Monocytes,MIF,TNFRSF14,-0.05932984058497803,-0.4155255296363481,0.296865848466392,56,0.7440748486797664,0.8855325033981929,11,0.7841011527861466,33,0.8198779590058128,5,0.5862287263905593,7,0.6813353731952037,CD4 T Cells,Non-classical Monocytes,MIF,TNFRSF14,-0.1024440824012273,-0.481240198639252,0.2763520338367972,56,0.5960665928123596,0.8010133740680528,11,0.8545248256740795,33,0.8721048944574302,5,0.6415696151413296,7,0.7615937663259077
Classical Monocytes|Non-classical Monocytes|APP|CD74,Classical Monocytes,Non-classical Monocytes,APP,CD74,-0.003731948382028949,-0.026739794960037838,0.01927589819597994,55,0.7505512315207941,0.8891614031461461,11,0.9604916984231018,32,0.9603920672382604,5,0.9717106605192383,7,0.9753429777164259,Classical Monocytes,Non-classical Monocytes,APP,CD74,-0.0011550110926173,-0.0136158275077836,0.0113058053225488,55,0.8558402226923328,0.9417193577114308,11,0.975384391426291,32,0.9775807325954088,5,0.986212521375294,7,0.9895638736370296
Non-classical Monocytes|pDCs|TNFSF13B|TFRC,Non-classical Monocytes,pDCs,TNFSF13B,TFRC,0.05528644945822225,-0.29262562796782565,0.40319852688427016,38,0.7554536689358904,0.8930491107573686,8,0.4202217946303719,18,0.7134757078753915,5,0.2937859514649107,7,0.531753415251708,Non-classical Monocytes,pDCs,TNFSF13B,TFRC,0.0193562672092921,-0.3721712716520932,0.4108838060706774,38,0.9228087131968866,0.9653716425320484,8,0.4687314682234485,18,0.7515296213088203,5,0.3085822335326905,7,0.5720241194087702
pDCs|Non-classical Monocytes|MIF|TNFRSF14,pDCs,Non-classical Monocytes,MIF,TNFRSF14,-0.05862607356424898,-0.46158981423688056,0.3443376671083826,44,0.7755294491014457,0.9084192144521424,10,0.8163620801167433,22,0.7982427372515949,5,0.5809509515507786,7,0.6214576822498792,pDCs,Non-classical Monocytes,MIF,TNFRSF14,-0.0565307766610133,-0.464470462261994,0.3514089089399673,44,0.7859260787901512,0.9171190715056688,10,0.8750190345974064,22,0.8518058541536712,5,0.6512671758066962,7,0.6845847720239744
CD4 T Cells|CD4 T Cells|MIF|TNFRSF14,CD4 T Cells,CD4 T Cells,MIF,TNFRSF14,-0.05066810925988241,-0.4013167766798376,0.2999805581600728,56,0.7770148571190809,0.9094384417910044,11,0.6983151924646218,33,0.7762315461589356,5,0.5128507366606628,7,0.6414351996148591,CD4 T Cells,CD4 T Cells,MIF,TNFRSF14,-0.1018241811594049,-0.4746294347289001,0.2709810724100902,56,0.5924255954615427,0.8010133740680528,11,0.7703701114479465,33,0.8272901340223842,5,0.5635431360524966,7,0.7222873397863392
Classical Monocytes|NK Cells|MIF|TNFRSF14,Classical Monocytes,NK Cells,MIF,TNFRSF14,-0.047412175073865026,-0.38551216071296784,0.2906878105652378,56,0.7834329037186145,0.9103259784709969,11,0.4438203924485004,33,0.49990876754121816,5,0.14111260838691747,7,0.24461315855350024,Classical Monocytes,NK Cells,MIF,TNFRSF14,-0.0862544743617524,-0.4425429218091361,0.2700339730856312,56,0.6351498113123593,0.83125652485069,11,0.4907212392055023,33,0.5397157731114255,5,0.1623470704558942,7,0.2975960787235698
Classical Monocytes|CD8 T Cells|MIF|TNFRSF14,Classical Monocytes,CD8 T Cells,MIF,TNFRSF14,-0.04692476387041697,-0.37683782449076464,0.28298829674993076,56,0.7804190512927746,0.9103259784709969,11,0.3635980463370608,33,0.4678632226620348,5,0.10442849838651949,7,0.25561843858191047,Classical Monocytes,CD8 T Cells,MIF,TNFRSF14,-0.0828398116356838,-0.4327741723300913,0.2670945490587237,56,0.6426610457379002,0.83125652485069,11,0.4007849351538661,33,0.503454282684606,5,0.119389749874461,7,0.3048989090408847
Classical Monocytes|Non-classical Monocytes|ANXA1|FPR1,Classical Monocytes,Non-classical Monocytes,ANXA1,FPR1,0.007259948282375639,-0.04480769467002605,0.05932759123477733,55,0.7846351581981132,0.9105328957721431,10,0.9290257445390452,33,0.96591115869085,5,0.9523881883119835,7,0.9820136541814126,Classical Monocytes,Non-classical Monocytes,ANXA1,FPR1,0.0158485690537509,-0.0324027588966232,0.0640998970041252,55,0.5197263757435274,0.747471641518781,10,0.9454523586677708,33,0.9826592983475516,5,0.9704957047956247,7,0.9918540754216548
Classical Monocytes|CD8 T Cells|COPA|CD74,Classical Monocytes,CD8 T Cells,COPA,CD74,-0.017484142518765955,-0.1457761481110366,0.11080786307350468,56,0.7893831959319618,0.9120285811485062,11,0.7801079913363121,33,0.8119681392652768,5,0.7968350737093777,7,0.8461793641571083,Classical Monocytes,CD8 T Cells,COPA,CD74,-0.0006538828378622,-0.1084660439047114,0.1071582782289869,56,0.9905155945396036,0.9935037357253852,11,0.8124334276708818,33,0.8469299167385893,5,0.8549223875200006,7,0.8900727594255704
NK Cells|Non-classical Monocytes|ANXA1|FPR1,NK Cells,Non-classical Monocytes,ANXA1,FPR1,0.018004139434482536,-0.11748795602610904,0.1534962348950741,55,0.7945249408466132,0.914351809369779,10,0.8069056449113201,33,0.9025034077517136,5,0.8724428679895819,7,0.9500364913954928,NK Cells,Non-classical Monocytes,ANXA1,FPR1,0.0194344954845894,-0.1185281612472944,0.1573971522164733,55,0.7824744801901246,0.9171190715056688,10,0.8444330468683384,33,0.9340403683708536,5,0.9052840360024466,7,0.9754568620203724
Classical Monocytes|B Cells|TNFSF13B|HLA-DPB1,Classical Monocytes,B Cells,TNFSF13B,HLA-DPB1,-0.000133502954900111,-0.0011468656252192437,0.0008798597154190217,56,0.7962443773969197,0.9158771533112352,11,0.9987376192311416,33,0.9987763023554819,5,0.999387329218502,7,0.9995595152977425,Classical Monocytes,B Cells,TNFSF13B,HLA-DPB1,-0.0003971302738113,-0.0010304032422961,0.0002361426946733,56,0.2190312201464708,0.4927007205886303,11,0.9990049065587115,33,0.999217942792027,5,0.9989518465605752,7,0.9995620130677022
B Cells|CD8 T Cells|MIF|TNFRSF14,B Cells,CD8 T Cells,MIF,TNFRSF14,-0.04826336674820986,-0.4177076926670615,0.32118095917064177,56,0.7979159058935762,0.9163060105251204,11,0.570961069483181,33,0.6782159443934195,5,0.36297618250269503,7,0.5184944241611433,B Cells,CD8 T Cells,MIF,TNFRSF14,-0.0651889477677419,-0.4370857347883993,0.3067078392529154,56,0.731178971091597,0.8850204094536588,11,0.6260404022253467,33,0.7308231441011623,5,0.4099673302003017,7,0.5799390198438593
Non-classical Monocytes|Classical Monocytes|CD99|PILRA,Non-classical Monocytes,Classical Monocytes,CD99,PILRA,0.04599073027706807,-0.30936454421719967,0.4013460047713358,56,0.7997565950536168,0.9163060105251204,11,0.26174273580723545,33,0.4143252678130829,5,0.3390681701857312,7,0.44565997191451057,Non-classical Monocytes,Classical Monocytes,CD99,PILRA,0.0149056907453283,-0.3958085478203441,0.4256199293110009,56,0.9432932975541156,0.9776643083961682,11,0.3062953905395447,33,0.4506911369741259,5,0.4118371721596466,7,0.5413272278488994
pDCs|Classical Monocytes|MIF|TNFRSF14,pDCs,Classical Monocytes,MIF,TNFRSF14,-0.06082137277760674,-0.5366272343467762,0.41498448879156274,44,0.8021709135324434,0.918621423785314,10,0.6339595814512121,22,0.6895681852892609,5,0.3604459177957526,7,0.4768758944114081,pDCs,Classical Monocytes,MIF,TNFRSF14,-0.0617034437747092,-0.5458749453042604,0.4224680577548418,44,0.802757215947973,0.9236217855401396,10,0.6929609822726472,22,0.7357043375467757,5,0.4024703266805692,7,0.506917125729407
CD4 T Cells|B Cells|MIF|TNFRSF14,CD4 T Cells,B Cells,MIF,TNFRSF14,0.04013830833109211,-0.2777778445664851,0.3580544612286693,56,0.8045568507123041,0.9195498024538571,11,0.6843889384213259,33,0.7870273306619022,5,0.5515660276237221,7,0.6140661115332063,CD4 T Cells,B Cells,MIF,TNFRSF14,0.0150406716325547,-0.2879059005727567,0.3179872438378662,56,0.9224816729107876,0.9653716425320484,11,0.7546033694608287,33,0.8401105653911054,5,0.619813491131026,7,0.690280015428748
pDCs|NK Cells|TNFSF13B|HLA-DPB1,pDCs,NK Cells,TNFSF13B,HLA-DPB1,0.04627731125695955,-0.3315039424885811,0.4240585650025002,43,0.8102597432200086,0.9222082918500875,10,0.367921282812128,21,0.6651165102365626,5,0.5448618802595067,7,0.7957797964269817,pDCs,NK Cells,TNFSF13B,HLA-DPB1,0.0299022435000154,-0.3776958617377506,0.4375003487377816,43,0.8856686462988714,0.9546575724316256,10,0.4153175223505657,21,0.7071726906299546,5,0.5869895707135598,7,0.8489424954929332
Non-classical Monocytes|Non-classical Monocytes|MIF|TNFRSF14,Non-classical Monocytes,Non-classical Monocytes,MIF,TNFRSF14,-0.04448345766800044,-0.41106313173680464,0.32209621640080377,56,0.812008017324778,0.9226818090850578,11,0.672818171183353,33,0.6601532531638742,5,0.47234676408691856,7,0.5041653037354402,Non-classical Monocytes,Non-classical Monocytes,MIF,TNFRSF14,-0.0636251378688689,-0.4632105937322253,0.3359603179944874,56,0.7549790606789488,0.9001275646818739,11,0.7417228261129605,33,0.7132031662707977,5,0.5351681031188398,7,0.5702735811455459
B Cells|CD4 T Cells|FAM3C|LAMP1,B Cells,CD4 T Cells,FAM3C,LAMP1,0.01489354422824074,-0.10808037322127415,0.13786746167775563,56,0.8123666608378748,0.9226818090850578,11,0.09398129057437711,33,0.176162212887668,5,0.0,7,0.06728737808505016,B Cells,CD4 T Cells,FAM3C,LAMP1,-0.0970359831902373,-0.2670751082362913,0.0730031418558166,56,0.2633578471740884,0.5275812630516776,11,0.1351568689406358,33,0.1962912403339521,5,0.0,7,0.1581703545835536
CD4 T Cells|B Cells|SIRPG|CD47,CD4 T Cells,B Cells,SIRPG,CD47,-0.010399294924170382,-0.10319408174526802,0.08239549189692726,54,0.8261448507998342,0.9268138404977809,11,0.03551067804175153,31,0.061120210567697286,5,0.0,7,0.03600882745011614,CD4 T Cells,B Cells,SIRPG,CD47,-0.0693780399161664,-0.1463517442062808,0.0075956643739478,54,0.0773023966776383,0.2910207874922856,11,0.0709527441443863,31,0.0738202710587813,5,0.0,7,0.0722455668305615
Non-classical Monocytes|Classical Monocytes|APP|CD74,Non-classical Monocytes,Classical Monocytes,APP,CD74,-0.010397438510742374,-0.10233799039647695,0.0815431133749922,49,0.8245865111558208,0.9268138404977809,6,0.8670898989420937,31,0.8688700862885947,5,0.8750015681469584,7,0.8871791940042019,Non-classical Monocytes,Classical Monocytes,APP,CD74,-0.0012750147694029,-0.0854396563862609,0.082889626847455,49,0.976313009732278,0.9880583064286018,6,0.8918533313890652,31,0.8996293247427473,5,0.91228578625126,7,0.9213367943743452
CD8 T Cells|NK Cells|MIF|TNFRSF14,CD8 T Cells,NK Cells,MIF,TNFRSF14,0.04331673941290948,-0.3367450124832667,0.42337849130908567,56,0.8232376084526252,0.9268138404977809,11,0.7171395456877289,33,0.7731312271864854,5,0.5433696389435196,7,0.5560445810293667,CD8 T Cells,NK Cells,MIF,TNFRSF14,0.0337869985509575,-0.3438933608503128,0.411467357952228,56,0.860814925297628,0.9417193577114308,11,0.7906671477677473,33,0.8281187897848198,5,0.6142416201786612,7,0.6179062636447762
Non-classical Monocytes|CD8 T Cells|MIF|TNFRSF14,Non-classical Monocytes,CD8 T Cells,MIF,TNFRSF14,0.04417781303617385,-0.35478550730262587,0.4431411333749736,56,0.8281851353061171,0.9274879093236372,11,0.5209054577084663,33,0.6043977506808331,5,0.3530236956882858,7,0.39233817562447876,Non-classical Monocytes,CD8 T Cells,MIF,TNFRSF14,0.0338246547910638,-0.3655944225307301,0.4332437321128579,56,0.8681736220166186,0.9437471220223116,11,0.5770621432533387,33,0.6552173445078191,5,0.4051092457121813,7,0.4494397921755978
Classical Monocytes|pDCs|LGALS9|CD47,Classical Monocytes,pDCs,LGALS9,CD47,-0.02816119653235416,-0.2967248932400798,0.24040250017537146,44,0.8371666882807107,0.9335642782235275,10,0.4742153542953652,22,0.6584998055619493,5,0.4572127379777621,7,0.6696583857767003,Classical Monocytes,pDCs,LGALS9,CD47,-0.047209105937645,-0.3319082143517735,0.2374900024764834,44,0.7451785804017261,0.8914285821628126,10,0.5409613492244129,22,0.7082716824441245,5,0.5268994628185353,7,0.741418901975892
Non-classical Monocytes|Non-classical Monocytes|APP|CD74,Non-classical Monocytes,Non-classical Monocytes,APP,CD74,0.007024430782911373,-0.060150238681094065,0.07419910024691681,49,0.8376090633311735,0.9335642782235275,6,0.912079903603089,31,0.9197017922863346,5,0.9355836429741146,7,0.9361811008744488,Non-classical Monocytes,Non-classical Monocytes,APP,CD74,0.0051157224261059,-0.0464070762196969,0.0566385210719087,49,0.8457016189399095,0.9417193577114308,6,0.9366652544474726,31,0.9481033878212888,5,0.9589440480574576,7,0.965266459005168
Classical Monocytes|NK Cells|HBEGF|CD44,Classical Monocytes,NK Cells,HBEGF,CD44,0.03677566635489887,-0.3241885051066943,0.397739837816492,50,0.8417272686605252,0.9359205582487268,10,0.2461056071595164,28,0.3560649438120275,5,0.49427774487794957,7,0.5674614151755618,Classical Monocytes,NK Cells,HBEGF,CD44,0.0231210609796467,-0.3438317855360289,0.3900739074953223,50,0.9017159857002234,0.9615799612152148,10,0.2839117710979708,28,0.3801299854579345,5,0.5555064037878336,7,0.6286035571681506
Non-classical Monocytes|pDCs|APP|CD74,Non-classical Monocytes,pDCs,APP,CD74,-0.004730499328841176,-0.051894383051743494,0.04243338439406114,40,0.84415403170254,0.937442622788502,6,0.951396386162703,22,0.9528087319468308,5,0.9470205679965092,7,0.9531634131094783,Non-classical Monocytes,pDCs,APP,CD74,-0.0042799902574588,-0.0364769335046016,0.0279169529896839,40,0.7944464224567974,0.9202637291807246,6,0.9695106696414322,22,0.9717710173529658,5,0.9694817730353392,7,0.9760221110043316
Classical Monocytes|Classical Monocytes|MIF|TNFRSF14,Classical Monocytes,Classical Monocytes,MIF,TNFRSF14,-0.022487537206406456,-0.2671816906665695,0.22220661625375657,56,0.8570569111854187,0.9425846233141237,11,0.21769184722224114,33,0.29940847941986704,5,0.053713055783077744,7,0.1579172251871101,Classical Monocytes,Classical Monocytes,MIF,TNFRSF14,-0.0648373338422335,-0.3457899608137894,0.2161152931293224,56,0.6510427079397005,0.83125652485069,11,0.2553633355842115,33,0.3223145177586577,5,0.0625175227695651,7,0.1943060387862448
B Cells|Classical Monocytes|MIF|TNFRSF14,B Cells,Classical Monocytes,MIF,TNFRSF14,-0.03216568455453697,-0.38156855232499587,0.317237183215922,56,0.856813153294524,0.9425846233141237,11,0.42410078855717176,33,0.5788874885027561,5,0.23649312103895884,7,0.4234455055390801,B Cells,Classical Monocytes,MIF,TNFRSF14,-0.0616390774937709,-0.4165091980284482,0.2932310430409064,56,0.7335286201582994,0.8857704092477579,11,0.4715486458249882,33,0.6166786348830536,5,0.2750860515271796,7,0.4818551180790159
NK Cells|Classical Monocytes|HLA-F|LILRB2,NK Cells,Classical Monocytes,HLA-F,LILRB2,-0.017795560040422376,-0.20800236153631452,0.17241124145546977,56,0.8545059165808577,0.9425846233141237,11,0.6162524201676407,33,0.7264442729748977,5,0.5926832475905665,7,0.7206706604382458,NK Cells,Classical Monocytes,HLA-F,LILRB2,-0.0088468134224841,-0.2168094374642648,0.1991158106192965,56,0.933551256259128,0.9734791103964838,11,0.6856387553587545,33,0.7757678978031866,5,0.6727469255617002,7,0.7717228814286164
B Cells|B Cells|MIF|TNFRSF14,B Cells,B Cells,MIF,TNFRSF14,0.027738622791347423,-0.27988880459418286,0.3353660501768777,56,0.85972122485987,0.9440482312312622,11,0.5737361664297557,33,0.6767413806281548,5,0.43940032791027983,7,0.5146669193173316,B Cells,B Cells,MIF,TNFRSF14,0.0284939008182645,-0.2859572154950976,0.3429450171316267,56,0.8590358728891975,0.9417193577114308,11,0.6307689535259149,33,0.7318484905251728,5,0.5037238000016194,7,0.5763094361826128
pDCs|CD4 T Cells|TNFSF13B|HLA-DPB1,pDCs,CD4 T Cells,TNFSF13B,HLA-DPB1,-0.027177898339240357,-0.33390224061770324,0.27954644393922257,43,0.8621276717600134,0.9440482312312622,10,0.06812754710649442,21,0.26370144968565795,5,0.033783714980220904,7,0.2565355158986248,pDCs,CD4 T Cells,TNFSF13B,HLA-DPB1,-0.1038823342907011,-0.4364680159206612,0.2287033473392589,43,0.5404120462560891,0.7613191877955158,10,0.1223105837234144,21,0.2811038747532972,5,0.0396087791837409,7,0.3022844045043248
pDCs|Classical Monocytes|LGALS9|CD47,pDCs,Classical Monocytes,LGALS9,CD47,-0.024601349450744436,-0.3072357790550993,0.25803308015361043,43,0.8645373931282719,0.9446395942697777,10,0.020273073509715363,21,0.3283026114615784,5,0.0,7,0.3326308874026075,pDCs,Classical Monocytes,LGALS9,CD47,-0.0860144595375387,-0.3760451230094763,0.2040162039343987,43,0.5610605430503648,0.7784905095983381,10,0.0267565504521039,21,0.3601386349042961,5,0.0,7,0.4193965439897309
pDCs|B Cells|MIF|TNFRSF14,pDCs,B Cells,MIF,TNFRSF14,0.03540821580558695,-0.3704590080954617,0.4412754397066356,44,0.8642324207817662,0.9446395942697777,10,0.7280747605125575,22,0.7628149911474753,5,0.5466169622000796,7,0.5459489770294105,pDCs,B Cells,MIF,TNFRSF14,0.0200311509136953,-0.3645270176782638,0.4045893195056545,44,0.9186836058911289,0.9653716425320484,10,0.7916476368162848,22,0.81508001952009,5,0.6109926376264563,7,0.6143938694165662
Non-classical Monocytes|B Cells|HBEGF|CD44,Non-classical Monocytes,B Cells,HBEGF,CD44,-0.02945076156412607,-0.3743916792132259,0.31549015608497377,45,0.867102489460071,0.9456722619753692,8,0.20623570368686472,25,0.24567454035060568,5,0.3341412088868626,7,0.4030308071147296,Non-classical Monocytes,B Cells,HBEGF,CD44,-0.0735610896618281,-0.4582217485488402,0.3110995692251838,45,0.7077970880572608,0.8637996977238542,8,0.2310590112900238,25,0.265412398817446,5,0.3799811911831203,7,0.4878956683723706
pDCs|Non-classical Monocytes|LGALS9|HAVCR2,pDCs,Non-classical Monocytes,LGALS9,HAVCR2,-0.02330189213646436,-0.29786122418428596,0.2512574399113572,41,0.8678874685569109,0.9460864794959789,10,0.0,19,0.1800842967732288,5,0.0,7,0.20338618890969315,pDCs,Non-classical Monocytes,LGALS9,HAVCR2,-0.0595820823184187,-0.3530842365126588,0.2339200718758214,41,0.6907183962172814,0.8562192425430027,10,0.0,19,0.1922153066703974,5,0.0,7,0.2517973889888161
pDCs|CD4 T Cells|MIF|TNFRSF14,pDCs,CD4 T Cells,MIF,TNFRSF14,-0.03668411011235251,-0.4816627427954344,0.4082945225707294,44,0.8716368077339515,0.9461980223425276,10,0.7435978308524382,22,0.7523078841318004,5,0.5075904676697421,7,0.5529846310614568,pDCs,CD4 T Cells,MIF,TNFRSF14,-0.0814758905312214,-0.5036614016735041,0.3407096206110614,44,0.7052481550420548,0.8637996977238542,10,0.8101766360211069,22,0.8035540566305701,5,0.562998898015472,7,0.6378522091561566
Classical Monocytes|CD4 T Cells|APP|CD74,Classical Monocytes,CD4 T Cells,APP,CD74,-0.01566941990291837,-0.21344742969341204,0.1821085898875753,55,0.8765984722836906,0.9472458546114582,11,0.6240196888099129,32,0.6934557765503702,5,0.601921651949069,7,0.6870271595924446,Classical Monocytes,CD4 T Cells,APP,CD74,-0.0529678394079582,-0.2847179823275776,0.1787823035116611,55,0.654181244169705,0.8325081960984314,11,0.6605355644762241,32,0.7120308387301081,5,0.6375345650699458,7,0.741997678731788
NK Cells|Non-classical Monocytes|MIF|TNFRSF14,NK Cells,Non-classical Monocytes,MIF,TNFRSF14,-0.030027317250688745,-0.4092162802440493,0.34916164574267183,56,0.8766587973513323,0.9472458546114582,11,0.7808571716565457,33,0.8263446304544001,5,0.5556829210573919,7,0.6311976971059351,NK Cells,Non-classical Monocytes,MIF,TNFRSF14,-0.0433561245608483,-0.4462461827161362,0.3595339335944395,56,0.832951883002769,0.9393642381000392,11,0.8499234515745667,33,0.8786000364281257,5,0.6246588655964801,7,0.6966915750108874
Classical Monocytes|NK Cells|GRN|TNFRSF1B,Classical Monocytes,NK Cells,GRN,TNFRSF1B,0.004804783347272856,-0.05671177336436698,0.06632134005891269,56,0.8783320109135745,0.9479189077603962,11,0.9084457784612688,33,0.9273421245226049,5,0.9104590347223347,7,0.9245505974363979,Classical Monocytes,NK Cells,GRN,TNFRSF1B,0.0046409919847177,-0.047301574262085,0.0565835582315206,56,0.8609854198942215,0.9417193577114308,11,0.9363903538418892,33,0.9525975431842224,5,0.9445227007386976,7,0.9560888980963128
CD8 T Cells|CD8 T Cells|MIF|TNFRSF14,CD8 T Cells,CD8 T Cells,MIF,TNFRSF14,0.03274857927038294,-0.3885390972514068,0.45403625579217266,56,0.8789055397435793,0.9479189077603962,11,0.6730791380864806,33,0.7596790563454711,5,0.4916362417668327,7,0.5454875807554402,CD8 T Cells,CD8 T Cells,MIF,TNFRSF14,0.0074684510589796,-0.4375614240313174,0.4524983261492767,56,0.9737607617978667,0.9880583064286018,11,0.7398606087249785,33,0.8149557617234664,5,0.5423482927821502,7,0.6099749947216585
B Cells|NK Cells|MIF|TNFRSF14,B Cells,NK Cells,MIF,TNFRSF14,-0.025601316482574576,-0.35912548718807435,0.3079228542229252,56,0.8804120871026182,0.9484820551838716,11,0.6253900473343617,33,0.6971252706483108,5,0.42640009855543537,7,0.523736638351959,B Cells,NK Cells,MIF,TNFRSF14,-0.0331833548890185,-0.3712020776725366,0.3048353678944995,56,0.8474210644768305,0.9417193577114308,11,0.688384621282863,33,0.7494400255983165,5,0.4864259457605044,7,0.5806647049649764
NK Cells|NK Cells|MIF|TNFRSF14,NK Cells,NK Cells,MIF,TNFRSF14,0.024412263515474653,-0.34524644606724103,0.39407097309819034,56,0.8970126365442969,0.9568407977756661,11,0.7194289924329288,33,0.8033496822133868,5,0.5093503329410412,7,0.5688587592060245,NK Cells,NK Cells,MIF,TNFRSF14,0.0190025416835455,-0.3543213666299417,0.3923264499970328,56,0.9205316660229768,0.9653716425320484,11,0.7886917751675007,33,0.8569874243314292,5,0.5819789890546814,7,0.6312720965350643
Non-classical Monocytes|CD8 T Cells|TNFSF13B|HLA-DPB1,Non-classical Monocytes,CD8 T Cells,TNFSF13B,HLA-DPB1,-0.010193667116094596,-0.1659677096005846,0.1455803753683954,56,0.8979450390255508,0.9569610525443456,11,0.7602694528276466,33,0.8887512429094353,5,0.7244296755246921,7,0.8631051327225754,Non-classical Monocytes,CD8 T Cells,TNFSF13B,HLA-DPB1,-0.0133599292306244,-0.1350881804319458,0.1083683219706969,56,0.8296814549782023,0.9384279464849128,11,0.8291829426189801,33,0.9227362910722188,5,0.7994384548741502,7,0.9063517325580134
Non-classical Monocytes|CD4 T Cells|TNFSF13B|HLA-DPB1,Non-classical Monocytes,CD4 T Cells,TNFSF13B,HLA-DPB1,-0.013608613004947367,-0.25874252964900674,0.231525303639112,56,0.9133552308688488,0.9698428667934343,11,0.48991753128963644,33,0.7157407730720137,5,0.44922113331503316,7,0.6886529881023578,Non-classical Monocytes,CD4 T Cells,TNFSF13B,HLA-DPB1,-0.0096681942954101,-0.2625447082082328,0.2432083196174125,56,0.9402663941081212,0.9765038413455538,11,0.5336912863402611,33,0.7536153732703313,5,0.5091986320594521,7,0.7387909132849325
CD8 T Cells|Non-classical Monocytes|MIF|TNFRSF14,CD8 T Cells,Non-classical Monocytes,MIF,TNFRSF14,-0.02034448388269483,-0.4037521474573766,0.3630631796919869,56,0.9171692271098959,0.9705591320429074,11,0.777289724767355,33,0.7964940651513976,5,0.5855742659668942,7,0.6251230902336317,CD8 T Cells,Non-classical Monocytes,MIF,TNFRSF14,-0.0251716096212589,-0.4211620664421259,0.3708188471996079,56,0.9008501503303448,0.9615799612152148,11,0.8485849387936113,33,0.8519754734488001,5,0.6613903159879572,7,0.6899524602644049
pDCs|pDCs|LGALS9|CD47,pDCs,pDCs,LGALS9,CD47,0.013658381338489678,-0.30038156041468994,0.3276983230916693,43,0.9320676268147157,0.978842508772491,10,0.19626014421163326,21,0.550453596316704,5,0.23669558771392935,7,0.5772306584805104,pDCs,pDCs,LGALS9,CD47,-0.0052677028541351,-0.3563029911229888,0.3457675854147186,43,0.9765363250014574,0.9880583064286018,10,0.2395553648164286,21,0.6009342839891575,5,0.2885657152348849,7,0.6552123372617489
Classical Monocytes|B Cells|MIF|TNFRSF14,Classical Monocytes,B Cells,MIF,TNFRSF14,-0.01325883953860818,-0.3212195299552814,0.29470185087806505,56,0.9327514041116505,0.978842508772491,11,0.37135254959096853,33,0.4646443521377008,5,0.1363385562430969,7,0.24288919832843733,Classical Monocytes,B Cells,MIF,TNFRSF14,-0.0385976097979353,-0.3729390881534877,0.2957438685576171,56,0.8209949684014375,0.93619025350008,11,0.4078039547369176,33,0.502506556742542,5,0.1623372349885204,7,0.29563744679208
CD8 T Cells|Classical Monocytes|MIF|TNFRSF14,CD8 T Cells,Classical Monocytes,MIF,TNFRSF14,0.017473549778086794,-0.4060533038241999,0.4410004033803735,56,0.9355511375985865,0.9800412320738895,11,0.5597557226020261,33,0.6829683013741171,5,0.36881624184380446,7,0.4745552708378087,CD8 T Cells,Classical Monocytes,MIF,TNFRSF14,-0.001746702000142,-0.4222200642122951,0.418726660212011,56,0.9935037357253852,0.9935037357253852,11,0.6202265456731377,33,0.726290072724334,5,0.4218542960711969,7,0.5296645251225353
Classical Monocytes|pDCs|TNFSF13B|TFRC,Classical Monocytes,pDCs,TNFSF13B,TFRC,-0.01474252466136694,-0.38602035545953906,0.3565353061368052,38,0.9379670021109624,0.9812513216528214,8,0.5562490925674091,18,0.7549859924781961,5,0.4482519211281192,7,0.6617313457002731,Classical Monocytes,pDCs,TNFSF13B,TFRC,-0.0279666680330052,-0.4294118302143676,0.3734784941483571,38,0.8913937363645162,0.956799985364009,8,0.6013040810284703,18,0.7937038237227831,5,0.4758479120168514,7,0.6962143227441695
pDCs|pDCs|TNFSF13B|TFRC,pDCs,pDCs,TNFSF13B,TFRC,0.007848896228868113,-0.19480539944843045,0.21050319190616668,38,0.9394904405190333,0.9824049165302028,8,0.06272226531462619,18,0.23228881603642051,5,0.0,7,0.16171765449292622,pDCs,pDCs,TNFSF13B,TFRC,-0.0721229195817056,-0.3126734061702714,0.1684275670068601,38,0.5567705042870776,0.7746372233559341,8,0.1045190447639606,18,0.2551424690985253,5,0.0,7,0.2227463439162703
Non-classical Monocytes|CD8 T Cells|COPA|CD74,Non-classical Monocytes,CD8 T Cells,COPA,CD74,-0.005558864965125143,-0.15776889459026164,0.14665116466001135,56,0.9429362551939992,0.983069777974315,11,0.7215783529184718,33,0.7952528760769038,5,0.7616510126378897,7,0.8408844007614468,Non-classical Monocytes,CD8 T Cells,COPA,CD74,0.0024894889574268,-0.1403559368044552,0.1453349147193089,56,0.9727511880288512,0.9880583064286018,11,0.7592670286115273,33,0.8278769363794143,5,0.8160798715366268,7,0.8822002903470869
pDCs|CD8 T Cells|MIF|TNFRSF14,pDCs,CD8 T Cells,MIF,TNFRSF14,-0.01606122103143981,-0.48045766261873585,0.44833522055585623,44,0.9459562669237243,0.9851953092180624,10,0.7304731084293213,22,0.7585193951459087,5,0.48818890284356975,7,0.5322964105915969,pDCs,CD8 T Cells,MIF,TNFRSF14,-0.0364273411394139,-0.5127578929906458,0.4399032107118179,44,0.8808529082645618,0.9534813721595256,10,0.7935701149798059,22,0.8109225984261411,5,0.533690223787264,7,0.5874700483730132
Classical Monocytes|NK Cells|LGALS9|CD44,Classical Monocytes,NK Cells,LGALS9,CD44,0.009610591971776272,-0.2855970774420496,0.30481826138560214,56,0.9491236390858659,0.9853012896804865,11,0.5569154548144529,33,0.7450997804857674,5,0.6178366881624042,7,0.7964104218619424,Classical Monocytes,NK Cells,LGALS9,CD44,0.0367736606301519,-0.2291437331413653,0.3026910544016692,56,0.7863579538886496,0.9171190715056688,11,0.6208059156089697,33,0.7961893493261859,5,0.6989256276853361,7,0.8375354007724003
NK Cells|Classical Monocytes|MIF|TNFRSF14,NK Cells,Classical Monocytes,MIF,TNFRSF14,0.011515774837276449,-0.3888727247255027,0.4119042744000556,56,0.9550458533205208,0.987971434791169,11,0.5615439099336326,33,0.7230422222169269,5,0.331117369530616,7,0.4810999069766339,NK Cells,Classical Monocytes,MIF,TNFRSF14,-0.0206470147723017,-0.4201284666149439,0.3788344370703403,56,0.919312446805323,0.9653716425320484,11,0.6226081648628834,33,0.7692311116199109,5,0.3726782221120618,7,0.5399481836413911
NK Cells|CD8 T Cells|MIF|TNFRSF14,NK Cells,CD8 T Cells,MIF,TNFRSF14,0.011217900637097655,-0.4009556689999921,0.4233914702741874,56,0.9574584140256696,0.9882487558930023,11,0.6764920454858381,33,0.7932059883377042,5,0.4539978276352163,7,0.5594938698499847,NK Cells,CD8 T Cells,MIF,TNFRSF14,-0.0053824825612129,-0.4334610183982112,0.4226960532757852,56,0.9803391009096284,0.9880583064286018,11,0.7406832085089143,33,0.8469506346523571,5,0.512444323517833,7,0.6240942322224887
CD8 T Cells|CD4 T Cells|MIF|TNFRSF14,CD8 T Cells,CD4 T Cells,MIF,TNFRSF14,0.008440079959154412,-0.39490146211119675,0.4117816220295056,56,0.9672855200608922,0.9901225976020793,11,0.6899292188550354,33,0.748849600950492,5,0.5123830358789292,7,0.5628633380152314,CD8 T Cells,CD4 T Cells,MIF,TNFRSF14,-0.0096624680390194,-0.4245275015358332,0.4052025654577942,56,0.9635901759522468,0.9880583064286018,11,0.7594435154780612,33,0.8026213834588656,5,0.5718464526891065,7,0.6246867887089304
B Cells|Classical Monocytes|FAM3C|LAMP1,B Cells,Classical Monocytes,FAM3C,LAMP1,-0.0028236615914337265,-0.12673107771958497,0.12108375453671752,56,0.9643746516263115,0.9901225976020793,11,0.10986049319445947,33,0.1865061634077734,5,0.0,7,0.07946933180474766,B Cells,Classical Monocytes,FAM3C,LAMP1,-0.1035631020393474,-0.2706482675642072,0.0635220634855124,56,0.2244312136810355,0.4931707356424473,11,0.1347537235792291,33,0.2083322521751227,5,0.0,7,0.1771416306352409
pDCs|Classical Monocytes|LGALS9|LRP1,pDCs,Classical Monocytes,LGALS9,LRP1,-0.005634931397527521,-0.2800057965853831,0.26873593379032806,43,0.9678913886227285,0.9901225976020793,10,0.017802858786698537,21,0.25464971261496994,5,0.0,7,0.2424817852257989,pDCs,Classical Monocytes,LGALS9,LRP1,-0.0624476164248749,-0.3608156331322572,0.2359204002825074,43,0.6816481323293251,0.8491577706876264,10,0.022356850981195,21,0.2751058565210126,5,0.0,7,0.3151966219646925
Non-classical Monocytes|CD4 T Cells|MIF|TNFRSF14,Non-classical Monocytes,CD4 T Cells,MIF,TNFRSF14,0.0068757514853554635,-0.37628173992411806,0.390033242894829,56,0.9719429846056166,0.9913896653709027,11,0.5457128226175583,33,0.5877002665409804,5,0.37424020655956197,7,0.40935189899762864,Non-classical Monocytes,CD4 T Cells,MIF,TNFRSF14,-0.044808176580358,-0.4200986808074691,0.330482327646753,56,0.8149758057152854,0.9334845917812664,11,0.6033573214804782,33,0.6365025403083383,5,0.4193863775919064,7,0.4973397730001246
Classical Monocytes|pDCs|HBEGF|CD44,Classical Monocytes,pDCs,HBEGF,CD44,-0.005581655738530811,-0.3126549789790487,0.3014916675019871,41,0.9715804466200321,0.9913896653709027,9,0.4332150675832488,20,0.4397897594855083,5,0.33572603813300506,7,0.3478823857737954,Classical Monocytes,pDCs,HBEGF,CD44,-0.0393732002021327,-0.3974480536362921,0.3187016532320267,41,0.8293667931771944,0.9384279464849128,9,0.4722086824196869,20,0.4736746903431078,5,0.37810361332972,7,0.4189428214552735
Classical Monocytes|CD8 T Cells|HBEGF|CD44,Classical Monocytes,CD8 T Cells,HBEGF,CD44,-0.0030034570902957025,-0.21098425965147788,0.20497734547088647,50,0.9774197705249011,0.9941537919565812,10,0.6393529119933767,28,0.5941567332192406,5,0.7184846466057049,7,0.6762919249218644,Classical Monocytes,CD8 T Cells,HBEGF,CD44,-0.0262855969010757,-0.2464180939573194,0.1938469001551679,50,0.8149574039409897,0.9334845917812664,10,0.7017566122320316,28,0.6298869082896728,5,0.7814654156258211,7,0.735881308584538
Non-classical Monocytes|B Cells|APP|CD74,Non-classical Monocytes,B Cells,APP,CD74,-0.0005096450890013093,-0.038686219295026816,0.0376669291170242,49,0.97912581677879,0.9943271553452732,6,0.9569108147728853,31,0.9622137010922832,5,0.9608065017410781,7,0.9666190331494773,Non-classical Monocytes,B Cells,APP,CD74,-0.0023565038368738,-0.0266205558617472,0.0219075481879996,49,0.849034864277059,0.9417193577114308,6,0.9742264358564589,31,0.9787592424075792,5,0.977855877617794,7,0.9847451880057884
CD4 T Cells|Classical Monocytes|MIF|TNFRSF14,CD4 T Cells,Classical Monocytes,MIF,TNFRSF14,-0.003984457598645297,-0.3841260243910781,0.37615710919378753,56,0.9836099055987912,0.9943271553452732,11,0.5745958081790331,33,0.7159976364478395,5,0.3827557439121806,7,0.5281420297796323,CD4 T Cells,Classical Monocytes,MIF,TNFRSF14,-0.0311738013736113,-0.4197589209790705,0.3574113182318478,56,0.8750589422657131,0.9492164797458584,11,0.6347695480062868,33,0.7590091089742708,5,0.427516616792801,7,0.5829299791343964
NK Cells|CD4 T Cells|MIF|TNFRSF14,NK Cells,CD4 T Cells,MIF,TNFRSF14,-0.0033422240447153473,-0.3968641591023288,0.3901797110128981,56,0.9867188797095283,0.9950447083950247,11,0.6930078231213864,33,0.7827852691536108,5,0.4778476102584966,7,0.5709672803354363,NK Cells,CD4 T Cells,MIF,TNFRSF14,-0.0523752883785245,-0.4358875228193182,0.331136946062269,56,0.788955433276586,0.9180572314491184,11,0.7605384139975441,33,0.8359051820653121,5,0.5359061321103041,7,0.6636481885565967
pDCs|NK Cells|MIF|TNFRSF14,pDCs,NK Cells,MIF,TNFRSF14,-0.003695080428067321,-0.42867619413124314,0.4212860332751085,44,0.9864036793525272,0.9950447083950247,10,0.7714584578365533,22,0.7779478149155394,5,0.5348072014359108,7,0.5449916389429642,pDCs,NK Cells,MIF,TNFRSF14,-0.017025566072775,-0.433564873315528,0.3995137411699779,44,0.9361487528822116,0.9742035802351472,10,0.8369949689399336,22,0.8294032087243276,5,0.5963613350268097,7,0.6057951408839787
CD4 T Cells|CD8 T Cells|MIF|TNFRSF14,CD4 T Cells,CD8 T Cells,MIF,TNFRSF14,0.0032981316784828074,-0.4013461593165159,0.4079424226734815,56,0.9872542835063008,0.9950447083950247,11,0.6827348617405792,33,0.7863641351117217,5,0.49125745215716554,7,0.5915885938498252,CD4 T Cells,CD8 T Cells,MIF,TNFRSF14,-0.0344121039005994,-0.435308520756886,0.366484312955687,56,0.8663951193373447,0.9437471220223116,11,0.7525943903023493,33,0.8398906512074977,5,0.552892063108198,7,0.6746004279139459
CD4 T Cells|NK Cells|MIF|TNFRSF14,CD4 T Cells,NK Cells,MIF,TNFRSF14,0.002573597868305799,-0.34656183968825094,0.35170903542486254,56,0.9884729069211483,0.9950986316086845,11,0.7267333455266631,33,0.7983871226654077,5,0.5423618465248117,7,0.6114420257952504,CD4 T Cells,NK Cells,MIF,TNFRSF14,-0.0317767936161775,-0.3695302471702443,0.3059766599378891,56,0.853700519398835,0.9417193577114308,11,0.8002040331550653,33,0.8528363634367055,5,0.6105063661219999,7,0.6949154900198178
Classical Monocytes|CD8 T Cells|LGALS9|CD44,Classical Monocytes,CD8 T Cells,LGALS9,CD44,-0.00018992118344540732,-0.0922916995265898,0.09191185715969899,56,0.9967752773937083,0.9967752773937083,11,0.7991182288354892,33,0.8564188727843334,5,0.8074271285646535,7,0.864917693696943,Classical Monocytes,CD8 T Cells,LGALS9,CD44,-0.0063602229966387,-0.0784053766126958,0.0656849306194184,56,0.8626296460286349,0.9417193577114308,11,0.8685729620070709,33,0.8990770817369629,5,0.8737065309834012,7,0.910570873709932
