interaction_id,n,rank,parameters,max_leverage,condition_number,status,interaction_coef,p_value,ci_low,ci_high,fdr_q_value
Classical Monocytes|B Cells|S100A8|CD69,56,9,9,0.2652052564251656,9.623039513836233,ok,-1.5524365953867303e-07,0.5099075794200356,-6.169742723637528e-07,3.064869532864068e-07,0.7673533393347064
Classical Monocytes|NK Cells|S100A9|ITGB2,56,9,9,0.2652052564251656,9.623039513836233,ok,3.0029573960810296e-07,0.5128567110346871,-5.99112011488812e-07,1.199703490705018e-06,0.7704423834370219
Classical Monocytes|Non-classical Monocytes|S100A9|ITGB2,56,9,9,0.2652052564251656,9.623039513836233,ok,-1.5416849052929393e-07,0.4703756990083906,-5.727557269680832e-07,2.644187459094953e-07,0.7475957562684516
Classical Monocytes|NK Cells|S100A8|ITGB2,56,9,9,0.2652052564251656,9.623039513836233,ok,1.309610308114495e-07,0.8866718232196209,-1.6700823068865257e-06,1.9320043685094247e-06,0.9500315390154928
Classical Monocytes|Non-classical Monocytes|S100A8|ITGB2,56,9,9,0.2652052564251656,9.623039513836233,ok,-5.031159993756917e-07,0.3554061013131963,-1.5701342196124857e-06,5.639022208611022e-07,0.6855454865025729
Classical Monocytes|Classical Monocytes|S100A9|ITGB2,56,9,9,0.2652052564251656,9.623039513836233,ok,-4.79629181188157e-06,0.4603754820449313,-1.753023068670146e-05,7.937647062938323e-06,0.7397757745963378
Classical Monocytes|Non-classical Monocytes|S100A9|CD68,56,9,9,0.2652052564251656,9.623039513836233,ok,-5.474510304803726e-07,0.3638950967101058,-1.7291933733999468e-06,6.342913124392017e-07,0.6880688797886233
Classical Monocytes|Classical Monocytes|S100A8|ITGB2,56,9,9,0.2652052564251656,9.623039513836233,ok,-1.3187219025087571e-05,0.29744719925173835,-3.799372074399626e-05,1.1619282693821116e-05,0.6328939021992526
Classical Monocytes|Non-classical Monocytes|S100A8|CD68,56,9,9,0.2652052564251656,9.623039513836233,ok,-1.453555053293476e-06,0.09352975308887018,-3.152305781313381e-06,2.451956747264292e-07,0.37934127597067635
Classical Monocytes|CD8 T Cells|S100A8|CD69,56,9,9,0.2652052564251656,9.623039513836233,ok,-1.0127214228328185e-07,0.9375816360203045,-2.635945909410971e-06,2.4334016248444074e-06,0.9700556003229616
NK Cells|CD8 T Cells|HLA-B|CD3D,56,9,9,0.2652052564251656,9.623039513836233,ok,-1.0702197176248873e-06,0.024687029150564945,-2.0040329402301857e-06,-1.3640649501958915e-07,0.2138318881814733
NK Cells|NK Cells|B2M|KLRD1,56,9,9,0.2652052564251656,9.623039513836233,ok,0.0002705747454319618,0.3623075889550892,-0.00031156603621235906,0.0008527155270762827,0.6880688797886233
NK Cells|CD4 T Cells|HLA-B|CD3D,56,9,9,0.2652052564251656,9.623039513836233,ok,-1.5485772518059049e-06,0.004862652452536883,-2.626404577693314e-06,-4.707499259184956e-07,0.0960167814780588
Classical Monocytes|CD4 T Cells|S100A8|CD69,56,9,9,0.2652052564251656,9.623039513836233,ok,-1.2616345540505947e-07,0.7766918982186412,-9.979806167697577e-07,7.456537059596388e-07,0.9034908251869366
Non-classical Monocytes|NK Cells|B2M|KLRD1,56,9,9,0.2652052564251656,9.623039513836233,ok,0.0003349799468810033,0.36070309994694383,-0.0003833240362731761,0.0010532839300351827,0.6880688797886233
CD8 T Cells|CD8 T Cells|HLA-B|CD3D,56,9,9,0.2652052564251656,9.623039513836233,ok,-7.203961377655332e-06,0.20192637387047863,-1.826868906665029e-05,3.860766311339624e-06,0.53464596717979
Non-classical Monocytes|CD8 T Cells|HLA-B|CD3D,56,9,9,0.2652052564251656,9.623039513836233,ok,-1.0472418649626336e-05,0.18041075645667992,-2.5795819442584025e-05,4.850982143331353e-06,0.5115230327004978
CD8 T Cells|CD4 T Cells|HLA-B|CD3D,56,9,9,0.2652052564251656,9.623039513836233,ok,-1.1656829982678585e-05,0.035535911921218036,-2.2524961377720918e-05,-7.88698587636252e-07,0.2501470537052508
Non-classical Monocytes|CD4 T Cells|HLA-B|CD3D,56,9,9,0.2652052564251656,9.623039513836233,ok,-1.832326256911987e-05,0.09377707079790111,-3.9753565431621714e-05,3.1070402933819793e-06,0.37934127597067635
CD8 T Cells|NK Cells|B2M|KLRD1,56,9,9,0.2652052564251656,9.623039513836233,ok,0.0003395107281114612,0.35729508090302764,-0.00038336382967545676,0.001062385285898379,0.686879157181563
Classical Monocytes|NK Cells|S100A8|CD69,56,9,9,0.2652052564251656,9.623039513836233,ok,1.7611546326845584e-06,0.3038720726491593,-1.5960872549577943e-06,5.118396520326911e-06,0.6353031407490031
Classical Monocytes|NK Cells|B2M|KLRD1,56,9,9,0.2652052564251656,9.623039513836233,ok,0.00034723233357554506,0.36150460398209494,-0.00039858848775916375,0.001093053154910254,0.6880688797886233
CD4 T Cells|NK Cells|B2M|KLRD1,56,9,9,0.2652052564251656,9.623039513836233,ok,0.0003236809282613773,0.35849457255717254,-0.0003672111391208211,0.0010145729956435757,0.6870822083517897
Non-classical Monocytes|B Cells|S100A8|CD69,56,9,9,0.2652052564251656,9.623039513836233,ok,0.0008971677531271205,0.6158906356716725,-0.002607868370523063,0.004402203876777304,0.8232939899658646
B Cells|NK Cells|B2M|KLRD1,56,9,9,0.2652052564251656,9.623039513836233,ok,0.00041601661774053056,0.3572372913500659,-0.00046964519213145753,0.0013016784276125187,0.686879157181563
CD4 T Cells|CD8 T Cells|HLA-B|CD3D,56,9,9,0.2652052564251656,9.623039513836233,ok,-1.815763324511388e-05,0.022816425513138023,-3.379057511413232e-05,-2.5246913760954375e-06,0.2084794958651435
NK Cells|NK Cells|HLA-B|KLRD1,56,9,9,0.2652052564251656,9.623039513836233,ok,0.0005107106893565416,0.3699600999435946,-0.0006057654389965245,0.0016271868177096078,0.6907107635164866
Classical Monocytes|Classical Monocytes|S100A9|CD68,56,9,9,0.2652052564251656,9.623039513836233,ok,-1.1116351814444148e-05,0.5078995474071528,-4.4022649257422774e-05,2.178994562853448e-05,0.7669513580419093
CD4 T Cells|CD4 T Cells|HLA-B|CD3D,56,9,9,0.2652052564251656,9.623039513836233,ok,-2.8797451971318555e-05,0.0021771121121102327,-4.721279012925911e-05,-1.0382113813378006e-05,0.06255876461604092
B Cells|CD8 T Cells|HLA-B|CD3D,56,9,9,0.2652052564251656,9.623039513836233,ok,-1.2944423000441074e-05,0.16439533175949894,-3.119088049868094e-05,5.302034497798794e-06,0.49557202300022724
Classical Monocytes|Classical Monocytes|S100A8|CD68,56,9,9,0.2652052564251656,9.623039513836233,ok,-3.129004531078616e-05,0.37671064909439345,-0.00010066698783349393,3.808689721192161e-05,0.6971371033160949
Non-classical Monocytes|NK Cells|S100A9|ITGB2,56,9,9,0.2652052564251656,9.623039513836233,ok,-0.001600657236333819,0.32655949835132614,-0.004798429876129812,0.001597115403462174,0.6565001131653062
Classical Monocytes|CD8 T Cells|HLA-B|CD3D,56,9,9,0.2652052564251656,9.623039513836233,ok,-2.075224848381574e-05,0.18853477376692984,-5.168452880701103e-05,1.0180031839379556e-05,0.5212889547552362
Classical Monocytes|CD8 T Cells|S100A9|ITGB2,56,9,9,0.2652052564251656,9.623039513836233,ok,4.392950244014315e-06,0.8798128390747479,-5.2549214444984076e-05,6.133511493301271e-05,0.9464284002973973
Classical Monocytes|B Cells|LGALS1|CD69,56,9,9,0.2652052564251656,9.623039513836233,ok,-1.2800277156138629e-06,0.9741019681162362,-7.855955999594141e-05,7.599950456471369e-05,0.9866872719048484
B Cells|CD4 T Cells|HLA-B|CD3D,56,9,9,0.2652052564251656,9.623039513836233,ok,-2.405876536779039e-05,0.024334687632309608,-4.4999452265502386e-05,-3.118078470078396e-06,0.21250436870894354
Non-classical Monocytes|B Cells|LGALS1|CD69,56,9,9,0.2652052564251656,9.623039513836233,ok,-1.8736708787825407e-06,0.9813443250375771,-0.00015892113074744444,0.00015517378898987936,0.9915577958965978
Classical Monocytes|CD4 T Cells|HLA-B|CD3D,56,9,9,0.2652052564251656,9.623039513836233,ok,-3.2090347921009954e-05,0.15348962519248513,-7.615630646108701e-05,1.1975610619067103e-05,0.4786869896913897
Classical Monocytes|CD8 T Cells|S100A8|ITGB2,56,9,9,0.2652052564251656,9.623039513836233,ok,7.93015575210887e-06,0.8492720662450047,-7.385379859469639e-05,8.971411009891413e-05,0.9347207909073505
Non-classical Monocytes|Non-classical Monocytes|S100A9|ITGB2,56,9,9,0.2652052564251656,9.623039513836233,ok,-0.0012083503219947889,0.44583180901876474,-0.004314826966910581,0.0018981263229210033,0.728974115799103
CD8 T Cells|NK Cells|HLA-B|KLRD1,56,9,9,0.2652052564251656,9.623039513836233,ok,0.0006380401170831135,0.3990169318665888,-0.0008447295054682664,0.0021208097396344934,0.7083711386143706
Non-classical Monocytes|NK Cells|HLA-B|KLRD1,56,9,9,0.2652052564251656,9.623039513836233,ok,0.0006802030396467762,0.41500087103795635,-0.0009553421457765235,0.0023157482250700757,0.7083711386143706
Non-classical Monocytes|NK Cells|S100A8|ITGB2,56,9,9,0.2652052564251656,9.623039513836233,ok,-0.008057131807620244,0.18231568874386495,-0.019898007185297648,0.003783743570057162,0.5126408939410381
Classical Monocytes|Classical Monocytes|S100A9|CD36,56,9,9,0.2652052564251656,9.623039513836233,ok,0.00015935312219764186,0.4369242413800344,-0.00024240575826834005,0.0005611120026636238,0.7209868855633712
NK Cells|CD8 T Cells|HLA-B|CD8B,56,9,9,0.2652052564251656,9.623039513836233,ok,-4.2315744898061e-05,0.01910561448290294,-7.770666273588928e-05,-6.924827060232715e-06,0.19046780593013035
Classical Monocytes|Classical Monocytes|S100A8|CD36,56,9,9,0.2652052564251656,9.623039513836233,ok,0.0001287156898365227,0.5463224708457639,-0.00028946183717005217,0.0005468932168430976,0.7823794450341917
NK Cells|Non-classical Monocytes|HLA-B|LILRB2,56,9,9,0.2652052564251656,9.623039513836233,ok,-0.0002838492830069539,0.0009568718090906197,-0.00045228693801315303,-0.00011541162800075475,0.04127569590773898
Non-classical Monocytes|Classical Monocytes|S100A9|ITGB2,56,9,9,0.2652052564251656,9.623039513836233,ok,-0.004654646778999974,0.4076152132813943,-0.015671391362757754,0.006362097804757806,0.7083711386143706
Non-classical Monocytes|Non-classical Monocytes|S100A8|ITGB2,56,9,9,0.2652052564251656,9.623039513836233,ok,-0.007565217459271842,0.26063960181424106,-0.02074666334792584,0.005616228429382154,0.6069377997982784
CD4 T Cells|NK Cells|HLA-B|KLRD1,56,9,9,0.2652052564251656,9.623039513836233,ok,0.0005345368521312704,0.4912075970643198,-0.0009873822511199126,0.0020564559553824533,0.7579560934833545
Non-classical Monocytes|Non-classical Monocytes|S100A9|CD68,56,9,9,0.2652052564251656,9.623039513836233,ok,-0.004562052377963366,0.22011247883913898,-0.011853885903446756,0.0027297811475200254,0.5556941642823945
Classical Monocytes|CD4 T Cells|S100A9|ITGB2,56,9,9,0.2652052564251656,9.623039513836233,ok,-4.596127235437231e-05,0.1546798542015148,-0.00010925722719329254,1.7334682484547928e-05,0.4794446678374297
B Cells|NK Cells|HLA-B|KLRD1,56,9,9,0.2652052564251656,9.623039513836233,ok,0.0006062296068708867,0.4763694091021118,-0.0010622131327849712,0.0022746723465267445,0.7523647164545175
Classical Monocytes|CD4 T Cells|S100A8|ITGB2,56,9,9,0.2652052564251656,9.623039513836233,ok,-5.9275299513966706e-05,0.32033390212219015,-0.0001761808446111434,5.763024558320999e-05,0.649024340821481
Classical Monocytes|NK Cells|HLA-B|KLRD1,56,9,9,0.2652052564251656,9.623039513836233,ok,0.0007474221628931965,0.46793032406310364,-0.001270789837399323,0.002765634163185716,0.7457439501142487
NK Cells|CD8 T Cells|HLA-A|CD8B,56,9,9,0.2652052564251656,9.623039513836233,ok,-0.00016392524353481264,0.20566114505094724,-0.00041778980481494766,8.993931774532238e-05,0.5414581558968441
CD8 T Cells|CD8 T Cells|HLA-B|CD8B,56,9,9,0.2652052564251656,9.623039513836233,ok,-0.0001433613510720827,0.010349852757826893,-0.00025295271917031453,-3.37699829738509e-05,0.1410243095072319
NK Cells|Non-classical Monocytes|HLA-A|LILRB2,56,9,9,0.2652052564251656,9.623039513836233,ok,-0.00033087035048280644,0.019168961905988862,-0.0006077408180370833,-5.3999882928529547e-05,0.19046780593013035
Non-classical Monocytes|CD8 T Cells|HLA-B|CD8B,56,9,9,0.2652052564251656,9.623039513836233,ok,-0.000189122680795073,0.003800856410265286,-0.00031719585405548545,-6.104950753466052e-05,0.08199995773998257
CD8 T Cells|Non-classical Monocytes|HLA-B|LILRB2,56,9,9,0.2652052564251656,9.623039513836233,ok,-0.0006671189486454066,0.007743666938420158,-0.0011581088809825173,-0.00017612901630829577,0.11864517046122955
Non-classical Monocytes|Non-classical Monocytes|HLA-B|LILRB2,56,9,9,0.2652052564251656,9.623039513836233,ok,-0.0008544320835571217,0.006230902573195943,-0.0014666535876238069,-0.00024221057949043673,0.10998487117838293
Non-classical Monocytes|Classical Monocytes|S100A8|ITGB2,56,9,9,0.2652052564251656,9.623039513836233,ok,-0.019715674413029058,0.2912460293988208,-0.05632956547323041,0.016898216647172296,0.6283363412030116
NK Cells|Classical Monocytes|HLA-A|APLP2,56,9,9,0.2652052564251656,9.623039513836233,ok,-3.0707993933773436e-05,0.6071554448921967,-0.00014777102180346687,8.635503393592e-05,0.8200998183181556
Non-classical Monocytes|Non-classical Monocytes|S100A8|CD68,56,9,9,0.2652052564251656,9.623039513836233,ok,-0.01485815064219935,0.09959002153474837,-0.03254132653156937,0.002825025247170671,0.38887777001400087
NK Cells|CD8 T Cells|HLA-C|CD8B,56,9,9,0.2652052564251656,9.623039513836233,ok,-5.366375074294938e-05,0.163531210666789,-0.00012915327072071366,2.1825769234814886e-05,0.49484119591379006
NK Cells|Non-classical Monocytes|HLA-C|LILRB2,56,9,9,0.2652052564251656,9.623039513836233,ok,-0.00025084654666311657,0.03957824462761037,-0.0004897292521100329,-1.1963841216200302e-05,0.26198099426798915
CD4 T Cells|CD8 T Cells|HLA-B|CD8B,56,9,9,0.2652052564251656,9.623039513836233,ok,-0.000290797114281649,0.024313438685389984,-0.0005438683801462613,-3.772584841703661e-05,0.21250436870894354
Non-classical Monocytes|CD8 T Cells|S100A8|CD69,56,9,9,0.2652052564251656,9.623039513836233,ok,0.0014543310051258057,0.685275658198864,-0.005579014367187753,0.008487676377439364,0.8607505571985732
CD4 T Cells|Non-classical Monocytes|HLA-B|LILRB2,56,9,9,0.2652052564251656,9.623039513836233,ok,-0.0011526181420331155,0.007864005275614289,-0.0020025859773485934,-0.00030265030671763774,0.11864517046122955
Non-classical Monocytes|CD4 T Cells|S100A8|CD69,56,9,9,0.2652052564251656,9.623039513836233,ok,8.426363149155458e-05,0.9800163373206984,-0.006509112044335171,0.00667763930731828,0.9907783991822768
B Cells|CD8 T Cells|HLA-B|CD8B,56,9,9,0.2652052564251656,9.623039513836233,ok,-0.0002973753884873698,0.018309417909502298,-0.0005444168431587829,-5.033393381595664e-05,0.18796862102947656
Classical Monocytes|CD8 T Cells|HLA-B|CD8B,56,9,9,0.2652052564251656,9.623039513836233,ok,-0.00045208698109842904,0.003093019266606046,-0.0007516044632219067,-0.00015256949897495144,0.07353811113461313
B Cells|Non-classical Monocytes|HLA-B|LILRB2,56,9,9,0.2652052564251656,9.623039513836233,ok,-0.0010898979510169104,0.024187480049805365,-0.002037559813316838,-0.00014223608871698277,0.21250436870894354
Classical Monocytes|Non-classical Monocytes|HLA-B|LILRB2,56,9,9,0.2652052564251656,9.623039513836233,ok,-0.0015413793877404741,0.009786677499443237,-0.0027108429587628085,-0.00037191581671813996,0.13573189627204013
Classical Monocytes|CD8 T Cells|LGALS1|CD69,56,9,9,0.2652052564251656,9.623039513836233,ok,0.00013304649251008605,0.26201816603097283,-9.944144525761341e-05,0.0003655344302777855,0.6069377997982784
Non-classical Monocytes|NK Cells|S100A8|CD69,56,9,9,0.2652052564251656,9.623039513836233,ok,-0.00022441684811069784,0.9712699138078343,-0.012437148126478798,0.011988314430257403,0.9865121618013313
Non-classical Monocytes|Classical Monocytes|S100A9|CD68,56,9,9,0.2652052564251656,9.623039513836233,ok,-0.005469723879537092,0.4136852214696489,-0.018584631381547173,0.00764518362247299,0.7083711386143706
Classical Monocytes|CD4 T Cells|LGALS1|CD69,56,9,9,0.2652052564251656,9.623039513836233,ok,5.075893196238024e-05,0.3667050424493017,-5.945466179667385e-05,0.00016097252572143433,0.6890506039571556
Non-classical Monocytes|CD8 T Cells|LGALS1|CD69,56,9,9,0.2652052564251656,9.623039513836233,ok,0.00027816595423769963,0.27261224255127436,-0.00021879130438304533,0.0007751232128584446,0.6138754001696373
Non-classical Monocytes|CD4 T Cells|LGALS1|CD69,56,9,9,0.2652052564251656,9.623039513836233,ok,9.887783272988226e-05,0.4140452662436237,-0.00013838715615040973,0.00033614282161017426,0.7083711386143706
Non-classical Monocytes|CD8 T Cells|S100A9|ITGB2,56,9,9,0.2652052564251656,9.623039513836233,ok,-0.006689143627210181,0.3683222593174501,-0.021262489853945105,0.007884202599524744,0.6894439803438388
CD8 T Cells|CD8 T Cells|HLA-A|CD8B,56,9,9,0.2652052564251656,9.623039513836233,ok,-0.00024492343486667845,0.23664753737733346,-0.0006505664266140045,0.00016071955688064764,0.5779756416029214
NK Cells|Non-classical Monocytes|HLA-A|APLP2,56,9,9,0.2652052564251656,9.623039513836233,ok,-0.0001085408709508573,0.7588101009969875,-0.0008013940049484246,0.00058431226304671,0.8965949945083682
Classical Monocytes|Non-classical Monocytes|S100A9|CD36,56,9,9,0.2652052564251656,9.623039513836233,ok,-0.0014578860179212394,0.8676939220113629,-0.018610365406871054,0.015694593371028576,0.9406758903134119
CD8 T Cells|Non-classical Monocytes|HLA-A|LILRB2,56,9,9,0.2652052564251656,9.623039513836233,ok,-0.00036615234582584866,0.2960655850350222,-0.0010529549628146586,0.00032065027116296124,0.6327904477697144
Classical Monocytes|NK Cells|LGALS1|CD69,56,9,9,0.2652052564251656,9.623039513836233,ok,6.566732268273312e-05,0.7603216749650825,-0.0003562374273092695,0.0004875720726747357,0.8973253591773691
Classical Monocytes|Non-classical Monocytes|S100A8|CD36,56,9,9,0.2652052564251656,9.623039513836233,ok,-0.0033587343136852743,0.7565354598818015,-0.024591916178852317,0.017874447551481768,0.89645611172128
CD8 T Cells|Classical Monocytes|HLA-A|APLP2,56,9,9,0.2652052564251656,9.623039513836233,ok,0.00010462595142909925,0.48615923239892,-0.00018982278392539338,0.0003990746867835919,0.7564891328802478
CD4 T Cells|Non-classical Monocytes|RPS19|C5AR1,56,9,9,0.2652052564251656,9.623039513836233,ok,-0.0010027709300113319,0.06059119453019801,-0.0020501621196161186,4.4620259593454795e-05,0.326799729757781
Non-classical Monocytes|CD8 T Cells|HLA-A|CD8B,56,9,9,0.2652052564251656,9.623039513836233,ok,-0.0007377106627586144,0.3649979193499109,-0.002333818262114668,0.0008583969365974393,0.6880688797886233
CD8 T Cells|CD8 T Cells|HLA-C|CD8B,56,9,9,0.2652052564251656,9.623039513836233,ok,-0.00013027641655855016,0.23242972613731971,-0.0003441044834093341,8.355165029223381e-05,0.5706651864066965
CD8 T Cells|Non-classical Monocytes|RPS19|C5AR1,56,9,9,0.2652052564251656,9.623039513836233,ok,-0.001067279551317496,0.05716729207475809,-0.002167067662723788,3.250856008879641e-05,0.3134112718451444
Non-classical Monocytes|NK Cells|LGALS1|CD69,56,9,9,0.2652052564251656,9.623039513836233,ok,8.440943304442727e-05,0.8330232194480982,-0.0007003117099211282,0.0008691305760099827,0.9258804280420531
B Cells|Non-classical Monocytes|RPS19|C5AR1,56,9,9,0.2652052564251656,9.623039513836233,ok,-0.0009769824372954788,0.04993870993143421,-0.0019537034430748817,-2.614315160760078e-07,0.2945751750385866
Non-classical Monocytes|CD8 T Cells|HLA-C|CD8B,56,9,9,0.2652052564251656,9.623039513836233,ok,-0.00032766880429641043,0.2161373047333761,-0.0008469002432113447,0.0001915626346185238,0.5509872417326456
Classical Monocytes|NK Cells|CD14|ITGB2,56,9,9,0.2652052564251656,9.623039513836233,ok,-0.0027920868796710574,0.4714120273440261,-0.010390691675032213,0.004806517915690098,0.7479557668762497
Non-classical Monocytes|Non-classical Monocytes|HLA-A|LILRB2,56,9,9,0.2652052564251656,9.623039513836233,ok,0.00014763956268668,0.9196231217296496,-0.002719991213778138,0.003015270339151498,0.9613308633848848
CD8 T Cells|Non-classical Monocytes|HLA-C|LILRB2,56,9,9,0.2652052564251656,9.623039513836233,ok,-0.0003050756565761287,0.5731300593467403,-0.0013662873578499913,0.0007561360446977339,0.798636221385052
NK Cells|B Cells|HMGB1|CXCR4,56,9,9,0.2652052564251656,9.623039513836233,ok,-0.00042801705484628305,0.435715665039204,-0.001504288544205155,0.0006482544345125889,0.719502125826609
Non-classical Monocytes|Classical Monocytes|S100A9|CD36,56,9,9,0.2652052564251656,9.623039513836233,ok,-0.005559363568520007,0.5054595538539848,-0.021921815079589204,0.010803087942549191,0.7653906656911506
Non-classical Monocytes|Non-classical Monocytes|HLA-C|LILRB2,56,9,9,0.2652052564251656,9.623039513836233,ok,-0.00019881475716507224,0.8770396116775014,-0.0027173122732910616,0.002319682758960917,0.9443171419632987
Classical Monocytes|Non-classical Monocytes|LGALS1|PTPRC,56,9,9,0.2652052564251656,9.623039513836233,ok,-0.00013469064054885682,0.5176990142256366,-0.0005427757930942857,0.000273394511996572,0.7717458113536362
Non-classical Monocytes|Non-classical Monocytes|RPS19|C5AR1,56,9,9,0.2652052564251656,9.623039513836233,ok,-0.0015637994628930896,0.05754614770854402,-0.0031776834141572993,5.008448837112017e-05,0.3140105952246079
CD4 T Cells|CD8 T Cells|HLA-A|CD8B,56,9,9,0.2652052564251656,9.623039513836233,ok,-0.000650125073338767,0.1944525999736889,-0.00163216967032936,0.0003319195236518261,0.5255726588916808
Non-classical Monocytes|Classical Monocytes|S100A8|CD68,56,9,9,0.2652052564251656,9.623039513836233,ok,-0.023478371041773277,0.27313570794803665,-0.06546945151194919,0.018512709428402635,0.6138754001696373
NK Cells|CD8 T Cells|HLA-B|CD8A,56,9,9,0.2652052564251656,9.623039513836233,ok,-0.00018717017207896258,0.04681040695901056,-0.00037169967687665636,-2.6406672812687756e-06,0.28305759165599875
Non-classical Monocytes|Classical Monocytes|HLA-A|APLP2,56,9,9,0.2652052564251656,9.623039513836233,ok,0.0008365536754180031,0.20529664955224725,-0.00045794254518668944,0.0021310498960226956,0.541109947349249
NK Cells|Non-classical Monocytes|RPS19|C5AR1,56,9,9,0.2652052564251656,9.623039513836233,ok,-0.00156836233388713,0.05707986130756615,-0.0031839274050996175,4.7202737325357765e-05,0.3134112718451444
Non-classical Monocytes|Non-classical Monocytes|LGALS1|PTPRC,56,9,9,0.2652052564251656,9.623039513836233,ok,-0.0002844684892977928,0.45386969113999664,-0.0010288789223986071,0.0004599419438030216,0.7343863752473556
CD4 T Cells|Non-classical Monocytes|HLA-A|LILRB2,56,9,9,0.2652052564251656,9.623039513836233,ok,-0.0006196109813996348,0.4199045387067598,-0.0021252333111220585,0.0008860113483227889,0.7094287819545465
CD8 T Cells|Non-classical Monocytes|HLA-A|APLP2,56,9,9,0.2652052564251656,9.623039513836233,ok,8.522762617374502e-05,0.8584475090849293,-0.0008513709522533182,0.0010218262046008083,0.9354499745011354
Classical Monocytes|B Cells|S100A9|ITGB2,56,9,9,0.2652052564251656,9.623039513836233,ok,-0.001676430120228889,0.023170008681627424,-0.003123498790636292,-0.00022936144982148602,0.20924852801624766
Classical Monocytes|CD8 T Cells|LGALS1|PTPRC,56,9,9,0.2652052564251656,9.623039513836233,ok,4.367847155344051e-05,0.8920609983341509,-0.0005872004270559869,0.0006745573701628679,0.9516951126916536
Non-classical Monocytes|CD8 T Cells|S100A8|ITGB2,56,9,9,0.2652052564251656,9.623039513836233,ok,-0.02637031438815811,0.21979972144053084,-0.0684911810928534,0.01575055231653718,0.5556941642823945
CD4 T Cells|Classical Monocytes|RPS19|C5AR1,56,9,9,0.2652052564251656,9.623039513836233,ok,-0.0019902677286676024,0.07118515847482819,-0.004152250245010742,0.00017171478767553754,0.3441108283119288
Non-classical Monocytes|CD4 T Cells|S100A9|ITGB2,56,9,9,0.2652052564251656,9.623039513836233,ok,-0.008541495080532022,0.32265560228923873,-0.025468453515381784,0.008385463354317741,0.6520273662913497
B Cells|B Cells|HMGB1|CXCR4,56,9,9,0.2652052564251656,9.623039513836233,ok,-0.0015878451434023222,0.10198692691994773,-0.003490937014274,0.0003152467274693553,0.3940176138972986
CD8 T Cells|Classical Monocytes|RPS19|C5AR1,56,9,9,0.2652052564251656,9.623039513836233,ok,-0.0021205459174981067,0.06253009672077017,-0.004352037589007079,0.00011094575401086534,0.3304710344288203
B Cells|Classical Monocytes|RPS19|C5AR1,56,9,9,0.2652052564251656,9.623039513836233,ok,-0.002015381550026535,0.07310979252774003,-0.004219486656813428,0.00018872355676035875,0.34978607102594306
Classical Monocytes|Classical Monocytes|S100A8|CD69,55,9,9,0.2700378898280395,9.643175285193806,ok,0.0021431312548234605,0.5316043156176674,-0.004571600473999317,0.008857862983646238,0.7728420643778361
Classical Monocytes|B Cells|S100A8|ITGB2,56,9,9,0.2652052564251656,9.623039513836233,ok,-0.002405810384756471,0.02178651294449679,-0.004461241539729372,-0.00035037922978357026,0.20460516591411324
NK Cells|CD8 T Cells|HLA-A|CD8A,56,9,9,0.2652052564251656,9.623039513836233,ok,-0.00021540917443110819,0.214313881942215,-0.0005553974703548641,0.00012457912149264774,0.5494346834700824
Classical Monocytes|NK Cells|LGALS1|PTPRC,56,9,9,0.2652052564251656,9.623039513836233,ok,-0.0001705836106020847,0.33821018104606937,-0.0005196856787650367,0.00017851845756086725,0.6661282517644477
CD8 T Cells|CD8 T Cells|HLA-B|CD8A,56,9,9,0.2652052564251656,9.623039513836233,ok,-0.0004789172587057605,0.09305738442857758,-0.0010378148226924495,7.998030528092847e-05,0.37934127597067635
B Cells|CD8 T Cells|HLA-A|CD8B,56,9,9,0.2652052564251656,9.623039513836233,ok,-0.0014708842602195321,0.20769201590061515,-0.003758998432642788,0.0008172299122037236,0.5421930917078804
Non-classical Monocytes|CD8 T Cells|HLA-B|CD8A,56,9,9,0.2652052564251656,9.623039513836233,ok,-0.0006052031205232566,0.06658965707428742,-0.0012518203243283448,4.141408328183166e-05,0.3378908891390919
CD4 T Cells|Classical Monocytes|HLA-A|APLP2,56,9,9,0.2652052564251656,9.623039513836233,ok,-0.00019277943039293366,0.5677085466747469,-0.0008539996685135109,0.00046844080772764354,0.7973598034122729
Classical Monocytes|Non-classical Monocytes|CD14|ITGB2,56,9,9,0.2652052564251656,9.623039513836233,ok,-0.004540115134368264,0.2692423443431783,-0.012594413985807002,0.0035141837170704748,0.6138754001696373
Non-classical Monocytes|CD8 T Cells|LGALS1|PTPRC,56,9,9,0.2652052564251656,9.623039513836233,ok,7.839655935204526e-06,0.9889994130174056,-0.001106597379705662,0.0011222766915760711,0.9936903924411716
NK Cells|CD8 T Cells|HLA-C|CD8A,56,9,9,0.2652052564251656,9.623039513836233,ok,-0.00011768745679274772,0.2509118718911091,-0.00031858953432056,8.321462073506453e-05,0.5975855479228679
Classical Monocytes|CD8 T Cells|HLA-A|CD8B,56,9,9,0.2652052564251656,9.623039513836233,ok,-0.0016882924998607857,0.1989665972067256,-0.004264383631997494,0.000887798632275923,0.5316423984996224
NK Cells|B Cells|MIF|CD74_CXCR4,56,9,9,0.2652052564251656,9.623039513836233,ok,0.003804596158846485,0.33657341152641373,-0.0039552366151015894,0.011564428932794558,0.6656064968651764
B Cells|Non-classical Monocytes|HLA-A|LILRB2,56,9,9,0.2652052564251656,9.623039513836233,ok,-0.0009862636785258616,0.5853588800145969,-0.004529397512627484,0.0025568701555757608,0.806079308767146
Non-classical Monocytes|NK Cells|LGALS1|PTPRC,56,9,9,0.2652052564251656,9.623039513836233,ok,-0.0002373879914776833,0.4685342569840797,-0.0008792610139821933,0.0004044850310268267,0.7459570331258395
Non-classical Monocytes|Classical Monocytes|RPS19|C5AR1,56,9,9,0.2652052564251656,9.623039513836233,ok,-0.0028227945541434707,0.04424051995470423,-0.005572850483438361,-7.273862484858014e-05,0.27709788036145394
CD4 T Cells|CD8 T Cells|HLA-B|CD8A,56,9,9,0.2652052564251656,9.623039513836233,ok,-0.0009288999956995059,0.07896759009182856,-0.0019652762845691913,0.00010747629317017933,0.361400638593389
Classical Monocytes|CD4 T Cells|LGALS1|PTPRC,56,9,9,0.2652052564251656,9.623039513836233,ok,-8.991021439969105e-05,0.7779386271872388,-0.0007147924931539926,0.0005349720643546105,0.9041382352495377
Non-classical Monocytes|Non-classical Monocytes|HLA-A|APLP2,56,9,9,0.2652052564251656,9.623039513836233,ok,0.0013682360875336974,0.4591322537065806,-0.002254320554959792,0.004990792730027187,0.7382871988518516
CD4 T Cells|CD8 T Cells|HLA-C|CD8B,56,9,9,0.2652052564251656,9.623039513836233,ok,-0.00046910402959164654,0.12918602111985397,-0.0010750587835531265,0.00013685072436983342,0.4366286656912247
Classical Monocytes|Non-classical Monocytes|HLA-A|LILRB2,56,9,9,0.2652052564251656,9.623039513836233,ok,-0.0007918539185127887,0.7172004481859757,-0.005076759879718345,0.0034930520426927677,0.8774276571127502
B Cells|CD8 T Cells|HLA-B|CD8A,56,9,9,0.2652052564251656,9.623039513836233,ok,-0.000895782822011304,0.11150534934533034,-0.0019989826718342344,0.00020741702781162637,0.40540320105144656
Classical Monocytes|CD8 T Cells|HLA-B|CD8A,56,9,9,0.2652052564251656,9.623039513836233,ok,-0.001109197923609459,0.09083430580608502,-0.0023948106822231606,0.00017641483500424257,0.37525519951804626
Classical Monocytes|Classical Monocytes|LGALS1|PTPRC,56,9,9,0.2652052564251656,9.623039513836233,ok,-9.157641071205758e-06,0.974719490294806,-0.0005755446191104276,0.0005572293369680161,0.9866872719048484
NK Cells|Classical Monocytes|RPS19|C5AR1,56,9,9,0.2652052564251656,9.623039513836233,ok,-0.0032516383719901343,0.049608962979474445,-0.0064977179628936685,-5.558781086600038e-06,0.2934849495565924
B Cells|Classical Monocytes|HLA-A|APLP2,56,9,9,0.2652052564251656,9.623039513836233,ok,-4.915544148585693e-05,0.9563871470670534,-0.0018108427321788395,0.0017125318492071256,0.9782186359377676
NK Cells|Classical Monocytes|HLA-B|LILRB2,56,9,9,0.2652052564251656,9.623039513836233,ok,-0.0035073838924146727,0.06269021339808523,-0.007200524329914108,0.00018575654508476295,0.3304710344288203
Non-classical Monocytes|CD4 T Cells|LGALS1|PTPRC,56,9,9,0.2652052564251656,9.623039513836233,ok,-0.00022099013137863444,0.7071233713123135,-0.0013737902705688446,0.0009318100078115758,0.8719806182622135
CD4 T Cells|Non-classical Monocytes|HLA-C|LILRB2,56,9,9,0.2652052564251656,9.623039513836233,ok,-0.0006910667475984456,0.45184148771647703,-0.0024913838533251096,0.0011092503581282185,0.7326309438965842
Classical Monocytes|Non-classical Monocytes|RPS19|C5AR1,56,9,9,0.2652052564251656,9.623039513836233,ok,-0.001930587840482112,0.04590732158084804,-0.0038260884848140657,-3.508719615015802e-05,0.282419145000872
CD4 T Cells|B Cells|HMGB1|CXCR4,56,9,9,0.2652052564251656,9.623039513836233,ok,-0.0008398065407120014,0.425090230914146,-0.002903430438185374,0.0012238173567613712,0.7125820163319281
Classical Monocytes|Classical Monocytes|HLA-A|APLP2,56,9,9,0.2652052564251656,9.623039513836233,ok,0.0010258919229828162,0.3072119766147331,-0.0009432899839123304,0.002995073829877963,0.6368711397260647
CD8 T Cells|B Cells|HMGB1|CXCR4,56,9,9,0.2652052564251656,9.623039513836233,ok,-0.0006456435653404424,0.5058948447864569,-0.002547861898705082,0.0012565747680241973,0.7654123300989899
Non-classical Monocytes|Classical Monocytes|LGALS1|PTPRC,56,9,9,0.2652052564251656,9.623039513836233,ok,-0.0001239294772189814,0.7894741108210748,-0.0010336791418458224,0.0007858201874078595,0.9072315159762925
CD8 T Cells|CD8 T Cells|HLA-A|CD8A,56,9,9,0.2652052564251656,9.623039513836233,ok,-0.0002050595548305778,0.5141999191520727,-0.0008211900890114856,0.00041107097935033003,0.7710748070222911
CD4 T Cells|Non-classical Monocytes|HLA-A|APLP2,56,9,9,0.2652052564251656,9.623039513836233,ok,-0.000534158822445438,0.6130410231777572,-0.0026042689123464526,0.0015359512674555766,0.8224662547240512
CD8 T Cells|B Cells|MIF|CD74_CXCR4,56,9,9,0.2652052564251656,9.623039513836233,ok,0.006571151535623904,0.2980468079346621,-0.005805204295112724,0.01894750736636053,0.6328939021992526
Non-classical Monocytes|Classical Monocytes|S100A8|CD36,56,9,9,0.2652052564251656,9.623039513836233,ok,-0.02805505785252979,0.32996302451812776,-0.08449886830525767,0.02838875260019809,0.6602263914123825
CD4 T Cells|B Cells|MIF|CD74_CXCR4,56,9,9,0.2652052564251656,9.623039513836233,ok,0.0024998747973866142,0.38093477391452,-0.003092230910478366,0.008091980505251594,0.6971371033160949
NK Cells|B Cells|TGFB1|CXCR4,56,9,9,0.2652052564251656,9.623039513836233,ok,0.014489674520372836,0.3610018652824082,-0.016600150298107783,0.045579499338853455,0.6880688797886233
NK Cells|B Cells|LGALS1|CD69,56,9,9,0.2652052564251656,9.623039513836233,ok,0.006019091998682974,0.10866865687954182,-0.0013348286817330855,0.013373012679099034,0.4031071181583722
Classical Monocytes|Non-classical Monocytes|S100A8|CD69,56,9,9,0.2652052564251656,9.623039513836233,ok,0.002124957961157567,0.2286742473007961,-0.0013348417702300705,0.005584757692545204,0.564418428189465
NK Cells|Classical Monocytes|HLA-A|LILRB2,56,9,9,0.2652052564251656,9.623039513836233,ok,-0.0032899517526156635,0.1077602786875336,-0.007299165348400806,0.0007192618431694792,0.4031071181583722
Non-classical Monocytes|Non-classical Monocytes|S100A9|CD36,56,9,9,0.2652052564251656,9.623039513836233,ok,-0.02287849396332052,0.6917749438094818,-0.13598559192696924,0.09022860400032819,0.8624053606613657
CD8 T Cells|Classical Monocytes|HLA-B|LILRB2,56,9,9,0.2652052564251656,9.623039513836233,ok,-0.005188513997426258,0.11140060934595036,-0.011576549624574817,0.0011995216297223006,0.40540320105144656
Non-classical Monocytes|Classical Monocytes|HLA-B|LILRB2,56,9,9,0.2652052564251656,9.623039513836233,ok,-0.005688585577755104,0.07080570393950993,-0.011859665331671881,0.00048249417616167377,0.3439830031651595
Non-classical Monocytes|B Cells|HMGB1|CXCR4,56,9,9,0.2652052564251656,9.623039513836233,ok,-0.0013316619696434606,0.41302227806616254,-0.004520095905598822,0.0018567719663119008,0.7083711386143706
Classical Monocytes|B Cells|HMGB1|CXCR4,56,9,9,0.2652052564251656,9.623039513836233,ok,-0.001415649735056923,0.4025285911584524,-0.0047301601623797734,0.001898860692265927,0.7083711386143706
Classical Monocytes|Classical Monocytes|RPS19|C5AR1,56,9,9,0.2652052564251656,9.623039513836233,ok,-0.0037099986176666044,0.06257310650122894,-0.007614742387111129,0.00019474515177791973,0.3304710344288203
B Cells|Non-classical Monocytes|HLA-A|APLP2,56,9,9,0.2652052564251656,9.623039513836233,ok,-0.0002682069702501372,0.9060191559035211,-0.004720778548932192,0.004184364608431918,0.958685119552772
NK Cells|Classical Monocytes|HLA-C|LILRB2,56,9,9,0.2652052564251656,9.623039513836233,ok,-0.0024596662387613155,0.10768541600326859,-0.005456436699797219,0.0005371042222745881,0.4031071181583722
Non-classical Monocytes|CD4 T Cells|S100A8|ITGB2,56,9,9,0.2652052564251656,9.623039513836233,ok,-0.03650712310029845,0.17798419295033707,-0.08962761281216791,0.016613366611571007,0.5085521070224066
Non-classical Monocytes|CD8 T Cells|HLA-A|CD8A,56,9,9,0.2652052564251656,9.623039513836233,ok,0.000409547428539353,0.7592197099420646,-0.0022093221341549715,0.0030284169912336775,0.8965949945083682
B Cells|CD8 T Cells|HLA-C|CD8B,56,9,9,0.2652052564251656,9.623039513836233,ok,-0.0010663917799111355,0.10510560907309133,-0.0023561008036607073,0.00022331724383843642,0.40015697571944897
CD8 T Cells|CD8 T Cells|HLA-C|CD8A,56,9,9,0.2652052564251656,9.623039513836233,ok,-6.598608830488129e-05,0.8524933208874876,-0.0007615421460628634,0.0006295699694531009,0.9354499745011354
CD4 T Cells|Classical Monocytes|HLA-B|LILRB2,56,9,9,0.2652052564251656,9.623039513836233,ok,-0.007408149151235471,0.08100073132595922,-0.015729331817023642,0.0009130335145527014,0.36434691889861964
Classical Monocytes|CD8 T Cells|HLA-C|CD8B,56,9,9,0.2652052564251656,9.623039513836233,ok,-0.002569393566975803,0.1450753952068124,-0.006025402945114821,0.000886615811163215,0.462515356447034
Classical Monocytes|Non-classical Monocytes|HLA-A|APLP2,56,9,9,0.2652052564251656,9.623039513836233,ok,0.0015460586748495542,0.5356350137790555,-0.003345911952053442,0.0064380293017525505,0.7742118995689822
B Cells|Classical Monocytes|HLA-B|LILRB2,56,9,9,0.2652052564251656,9.623039513836233,ok,-0.007217682863870367,0.09267319401952916,-0.015630836242581953,0.0011954705148412188,0.37934127597067635
B Cells|Non-classical Monocytes|HLA-DRA|CD4,56,9,9,0.2652052564251656,9.623039513836233,ok,-0.00145548836748223,0.04397640254307132,-0.0028717037267031223,-3.927300826133762e-05,0.2761860321438172
Classical Monocytes|Classical Monocytes|CD14|ITGB2,56,9,9,0.2652052564251656,9.623039513836233,ok,-0.011491642963394555,0.24541999545687576,-0.030882359787900385,0.007899073861111276,0.5907320138579757
Non-classical Monocytes|CD8 T Cells|HLA-C|CD8A,56,9,9,0.2652052564251656,9.623039513836233,ok,9.833004209874874e-05,0.9106236326010779,-0.0016185517284635232,0.0018152118126610207,0.9597046428841838
Classical Monocytes|Classical Monocytes|VIM|CD44,56,9,9,0.2652052564251656,9.623039513836233,ok,-0.0008051299445129834,0.026160183815099193,-0.0015147295332344104,-9.55303557915563e-05,0.22053114528858406
Classical Monocytes|Classical Monocytes|HLA-B|LILRB2,56,9,9,0.2652052564251656,9.623039513836233,ok,-0.007517762890473262,0.0931352299058657,-0.01629309784079787,0.0012575720598513428,0.37934127597067635
B Cells|Non-classical Monocytes|HLA-C|LILRB2,56,9,9,0.2652052564251656,9.623039513836233,ok,-0.0008878041465119335,0.7206889544662506,-0.005754596801548724,0.003978988508524857,0.8774921428055984
Classical Monocytes|Non-classical Monocytes|HLA-C|LILRB2,56,9,9,0.2652052564251656,9.623039513836233,ok,-0.003717357933012727,0.37599402067041543,-0.011947195285745569,0.004512479419720114,0.6971371033160949
B Cells|B Cells|MIF|CD74_CXCR4,56,9,9,0.2652052564251656,9.623039513836233,ok,0.005449453040157898,0.45534546131306297,-0.008857658189284693,0.01975656426960049,0.734500880411466
Non-classical Monocytes|B Cells|S100A9|ITGB2,56,9,9,0.2652052564251656,9.623039513836233,ok,-0.020355332050429414,0.19189861792485763,-0.050927160219016304,0.010216496118157475,0.5241993115154844
CD4 T Cells|CD8 T Cells|HLA-A|CD8A,56,9,9,0.2652052564251656,9.623039513836233,ok,-0.0006530644329329066,0.39497122477497804,-0.0021577994694322923,0.000851670603566479,0.7083711386143706
Classical Monocytes|B Cells|TNFSF13B|HLA-DPB1,56,9,9,0.2652052564251656,9.623039513836233,ok,-0.00012347031006255949,0.8599462395892482,-0.001495006213429752,0.001248065593304633,0.9354499745011354
CD8 T Cells|Classical Monocytes|HLA-A|LILRB2,56,9,9,0.2652052564251656,9.623039513836233,ok,-0.0032766754770359174,0.25831606410795904,-0.008958096706603528,0.002404745752531693,0.6057189101952472
NK Cells|CD8 T Cells|HLA-E|CD8B,56,9,9,0.2652052564251656,9.623039513836233,ok,-0.0019083625481577243,0.05312110878834276,-0.00384240980666636,2.5684710350911332e-05,0.3056103295724411
Non-classical Monocytes|B Cells|TNFSF13B|HLA-DPB1,56,9,9,0.2652052564251656,9.623039513836233,ok,0.0003896085824913881,0.6785757730684405,-0.0014530679634529246,0.002232285128435701,0.8569346496419809
Non-classical Monocytes|Classical Monocytes|HLA-A|LILRB2,56,9,9,0.2652052564251656,9.623039513836233,ok,-0.0027642076402986937,0.5674531576500206,-0.01223900130104339,0.006710586020446002,0.7973598034122729
CD8 T Cells|Classical Monocytes|HLA-C|LILRB2,56,9,9,0.2652052564251656,9.623039513836233,ok,-0.003018986086571515,0.22549542087956786,-0.007900906629696024,0.0018629344565529934,0.5619297654004205
B Cells|CD8 T Cells|HLA-A|CD8A,56,9,9,0.2652052564251656,9.623039513836233,ok,-0.0010213298779262886,0.5270411943735158,-0.004186037639442001,0.002143377883589424,0.7728168551858351
Non-classical Monocytes|Classical Monocytes|HLA-C|LILRB2,56,9,9,0.2652052564251656,9.623039513836233,ok,-0.004588032998317129,0.20996908330060005,-0.011760988901213172,0.0025849229045789134,0.543586626767109
Non-classical Monocytes|NK Cells|CD14|ITGB2,56,9,9,0.2652052564251656,9.623039513836233,ok,-0.0037390735281592202,0.8484464393413695,-0.042087633893839536,0.034609486837521096,0.9342534043787292
Classical Monocytes|Non-classical Monocytes|VIM|CD44,56,9,9,0.2652052564251656,9.623039513836233,ok,-0.0010597360608044781,0.10624574356146237,-0.00234559287483068,0.00022612075322172394,0.40131179405393297
Non-classical Monocytes|Non-classical Monocytes|S100A8|CD36,56,9,9,0.2652052564251656,9.623039513836233,ok,-0.09251989447804196,0.4766052881917888,-0.34728599780558933,0.16224620884950539,0.7523647164545175
Classical Monocytes|B Cells|LGALS1|PTPRC,56,9,9,0.2652052564251656,9.623039513836233,ok,-0.0006932170303967367,0.5254348983023389,-0.0028329047200082243,0.001446470659214751,0.7728168551858351
Classical Monocytes|CD8 T Cells|HLA-A|CD8A,56,9,9,0.2652052564251656,9.623039513836233,ok,-0.00021145842298445072,0.9142769811718527,-0.004061607971705129,0.0036386911257362273,0.9597046428841838
Non-classical Monocytes|B Cells|MIF|CD74_CXCR4,56,9,9,0.2652052564251656,9.623039513836233,ok,0.0036849055003199405,0.4658027011167568,-0.006217784134533669,0.01358759513517355,0.7444222865901652
CD4 T Cells|Classical Monocytes|HLA-A|LILRB2,56,9,9,0.2652052564251656,9.623039513836233,ok,-0.005455796689468662,0.14703370426746717,-0.012829940672040005,0.0019183472931026827,0.4656555679664452
NK Cells|B Cells|HLA-A|APLP2,51,9,9,0.2736238029095698,9.300096560544338,ok,-0.025599829208567855,0.055567076879813736,-0.05180873801748176,0.0006090796003460457,0.3121946615270568
CD4 T Cells|CD8 T Cells|HLA-C|CD8A,56,9,9,0.2652052564251656,9.623039513836233,ok,-0.0005118271043685202,0.39075977791151706,-0.001680687004311106,0.0006570327955740657,0.7063384658912604
Non-classical Monocytes|B Cells|LGALS1|PTPRC,56,9,9,0.2652052564251656,9.623039513836233,ok,-0.0009241132424340909,0.5798577475908855,-0.0041958855542163585,0.0023476590693481763,0.801605404976999
Non-classical Monocytes|Non-classical Monocytes|HLA-DRA|CD4,56,9,9,0.2652052564251656,9.623039513836233,ok,-0.0032874817021866093,0.18077379382454484,-0.00810178216085623,0.0015268187564830117,0.5116412569038061
NK Cells|NK Cells|SPON2|ITGB2,56,9,9,0.2652052564251656,9.623039513836233,ok,0.05624035570059101,0.36500134567327824,-0.06544190409206978,0.17792261549325178,0.6880688797886233
Classical Monocytes|CD4 T Cells|VIM|CD44,56,9,9,0.2652052564251656,9.623039513836233,ok,-0.0007564671201416295,0.2490394541534987,-0.002042722722942073,0.0005297884826588135,0.5947092636000022
B Cells|Classical Monocytes|HLA-A|LILRB2,56,9,9,0.2652052564251656,9.623039513836233,ok,-0.006565276264251407,0.18323660831199529,-0.016234024214503547,0.0031034716860007337,0.5126408939410381
CD8 T Cells|CD8 T Cells|HLA-E|CD8B,56,9,9,0.2652052564251656,9.623039513836233,ok,-0.003350897777626663,0.04962792709240232,-0.006696345319259623,-5.450235993703038e-06,0.2934849495565924
Non-classical Monocytes|B Cells|TGFB1|CXCR4,56,9,9,0.2652052564251656,9.623039513836233,ok,0.036705038981354354,0.14222030468388686,-0.012315054014064727,0.08572513197677344,0.4588212265772975
NK Cells|Non-classical Monocytes|HLA-B|LILRB1,56,9,9,0.2652052564251656,9.623039513836233,ok,-0.01562933931616821,0.09653743298996431,-0.03406207627105175,0.0028033976387153298,0.38452090072030215
Non-classical Monocytes|Classical Monocytes|S100A8|CD69,55,9,9,0.2700378898280395,9.643175285193806,ok,-0.040761212541527356,0.3517909066271455,-0.1265615509459036,0.04503912586284889,0.6818850553376108
Non-classical Monocytes|B Cells|S100A8|ITGB2,56,9,9,0.2652052564251656,9.623039513836233,ok,-0.08000663699234405,0.17490185638363687,-0.19559543915067315,0.03558216516598506,0.5069333090514706
Classical Monocytes|Classical Monocytes|HLA-A|LILRB2,56,9,9,0.2652052564251656,9.623039513836233,ok,-0.004649152949248753,0.4558318768562145,-0.01686832009809678,0.007570014199599276,0.734500880411466
Classical Monocytes|B Cells|TGFB1|CXCR4,55,9,9,0.2700378898280395,9.643175285193806,ok,0.014460431430269677,0.42205299797865325,-0.020840570443123693,0.04976143330366305,0.7100241771048823
Non-classical Monocytes|Non-classical Monocytes|CD14|ITGB2,56,9,9,0.2652052564251656,9.623039513836233,ok,-0.001857463466482509,0.9323220989626098,-0.04472611071764054,0.04101118378467552,0.9689163651127926
CD4 T Cells|Classical Monocytes|HLA-C|LILRB2,56,9,9,0.2652052564251656,9.623039513836233,ok,-0.005452939672359575,0.07560354384441535,-0.011468052675040773,0.0005621733303216225,0.3551537442691286
Classical Monocytes|B Cells|MIF|CD74_CXCR4,56,9,9,0.2652052564251656,9.623039513836233,ok,0.014339339241622714,0.2752123974301304,-0.01141780800269845,0.04009648648594388,0.6138754001696373
Classical Monocytes|CD8 T Cells|VIM|CD44,56,9,9,0.2652052564251656,9.623039513836233,ok,-0.0010925570665061834,0.22543568933992153,-0.002859074015196964,0.0006739598821845969,0.5619297654004205
B Cells|CD8 T Cells|HLA-C|CD8A,56,9,9,0.2652052564251656,9.623039513836233,ok,-0.000994895609141927,0.5734383547399488,-0.004458443062294357,0.0024686518440105026,0.798636221385052
CD8 T Cells|B Cells|HLA-A|APLP2,51,9,9,0.2736238029095698,9.300096560544338,ok,-0.030981750104224617,0.04364930113630714,-0.061080798073692585,-0.0008827021347566529,0.27487262607458285
NK Cells|Non-classical Monocytes|SPON2|ITGB2,56,9,9,0.2652052564251656,9.623039513836233,ok,0.040246500620774464,0.3969243535666125,-0.052870227409601275,0.1333632286511502,0.7083711386143706
Classical Monocytes|CD8 T Cells|HLA-C|CD8A,56,9,9,0.2652052564251656,9.623039513836233,ok,-0.0023001643903899915,0.5643712361265414,-0.010122067307164043,0.00552173852638406,0.795033240734487
NK Cells|Non-classical Monocytes|HLA-A|LILRB1,56,9,9,0.2652052564251656,9.623039513836233,ok,-0.015236323406785532,0.07544170206278636,-0.032034138494880446,0.0015614916813093786,0.3551094258712974
CD8 T Cells|Non-classical Monocytes|HLA-B|LILRB1,56,9,9,0.2652052564251656,9.623039513836233,ok,-0.023171010778008094,0.11599989802760446,-0.05206445449006544,0.005722432934049258,0.4134424293623564
Classical Monocytes|Classical Monocytes|LGALS1|CD69,55,9,9,0.2700378898280395,9.643175285193806,ok,0.0009556737964789563,0.9516685297848579,-0.029947420955593974,0.03185876854855189,0.9763926351381413
Non-classical Monocytes|Non-classical Monocytes|HLA-B|LILRB1,56,9,9,0.2652052564251656,9.623039513836233,ok,-0.023818007244604797,0.08366954696648453,-0.050805502779748365,0.003169488290538768,0.3670021738499643
B Cells|CD8 T Cells|HLA-E|CD8B,56,9,9,0.2652052564251656,9.623039513836233,ok,-0.006420583898469445,0.03181712670220489,-0.012282655827521607,-0.0005585119694172845,0.2430856556800983
Non-classical Monocytes|B Cells|HLA-A|APLP2,51,9,9,0.2736238029095698,9.300096560544338,ok,-0.03754962990147566,0.06944025307245966,-0.07808618340322462,0.0029869236002733127,0.34145663857385705
Non-classical Monocytes|Classical Monocytes|LGALS1|CD69,55,9,9,0.2700378898280395,9.643175285193806,ok,-0.00033213882045984855,0.9857002392736625,-0.03665296925210659,0.035988691611186896,0.9929449016461883
Non-classical Monocytes|Classical Monocytes|VIM|CD44,56,9,9,0.2652052564251656,9.623039513836233,ok,-0.002510092962215424,0.0376034735627731,-0.004876295223881001,-0.00014389070054984712,0.2535980110813724
Classical Monocytes|NK Cells|LGALS1|ITGB1,56,9,9,0.2652052564251656,9.623039513836233,ok,0.002198715732767309,0.11162923556711665,-0.0005100462172161094,0.004907477682750728,0.40540320105144656
B Cells|Classical Monocytes|HLA-C|LILRB2,56,9,9,0.2652052564251656,9.623039513836233,ok,-0.0063304876469808535,0.2001269360751089,-0.016014865255089494,0.0033538899611277873,0.5333536633626731
NK Cells|Non-classical Monocytes|HLA-C|LILRB1,56,9,9,0.2652052564251656,9.623039513836233,ok,-0.013204836822380023,0.07694548203551965,-0.02783769635505086,0.001428022710290815,0.35713739669872663
NK Cells|CD8 T Cells|HMGB1|CXCR4,56,9,9,0.2652052564251656,9.623039513836233,ok,-0.0014008176394227356,0.33711048515151054,-0.004261094947655211,0.00145945966880974,0.6656064968651764
NK Cells|CD8 T Cells|HLA-E|CD8A,56,9,9,0.2652052564251656,9.623039513836233,ok,-0.0015298036737912135,0.30277514988893905,-0.004439419247897553,0.0013798119003151266,0.6338419579885247
Classical Monocytes|NK Cells|VCAN|SELL,56,9,9,0.2652052564251656,9.623039513836233,ok,-0.002883330670509207,0.8292118790955338,-0.029081279383818746,0.02331461804280033,0.9245429687378013
Non-classical Monocytes|Non-classical Monocytes|HLA-DRB1|CD4,56,9,9,0.2652052564251656,9.623039513836233,ok,-0.004623293256795696,0.25452588567181655,-0.01257597760105583,0.0033293910874644377,0.6008564474319479
Classical Monocytes|Classical Monocytes|HLA-C|LILRB2,56,9,9,0.2652052564251656,9.623039513836233,ok,-0.008826938754349395,0.2236371535815388,-0.023043629574169687,0.005389752065470897,0.5602952342419197
Non-classical Monocytes|Non-classical Monocytes|S100A8|CD69,56,9,9,0.2652052564251656,9.623039513836233,ok,-0.030564745154462142,0.4981565903517957,-0.11900054680735599,0.0578710564984317,0.7641288733220002
CD4 T Cells|B Cells|HLA-A|APLP2,51,9,9,0.2736238029095698,9.300096560544338,ok,-0.03858185813610145,0.0406371426746911,-0.07551941178690633,-0.001644304485296573,0.26596781582030976
CD4 T Cells|CD8 T Cells|HLA-E|CD8B,56,9,9,0.2652052564251656,9.623039513836233,ok,-0.005117639480994293,0.02303522475080755,-0.00953077249054975,-0.0007045064714388356,0.20924852801624766
CD4 T Cells|Non-classical Monocytes|HLA-B|LILRB1,56,9,9,0.2652052564251656,9.623039513836233,ok,-0.028515249037431176,0.09677641012126904,-0.06216931826947888,0.0051388201946165266,0.38452090072030215
Non-classical Monocytes|CD8 T Cells|HLA-E|CD8B,56,9,9,0.2652052564251656,9.623039513836233,ok,-0.009379561668336561,0.005853241939116656,-0.016050217397734726,-0.0027089059389383986,0.10410728029115884
Classical Monocytes|Non-classical Monocytes|HLA-DRA|CD4,56,9,9,0.2652052564251656,9.623039513836233,ok,-0.015684814440712236,0.015592058952190435,-0.02839677264015944,-0.0029728562412650334,0.17607273387292094
B Cells|Non-classical Monocytes|HLA-DQB1|CD4,56,9,9,0.2652052564251656,9.623039513836233,ok,0.000152211737245736,0.9845294524565663,-0.015232997092431661,0.015537420566923133,0.9924837729587609
Non-classical Monocytes|NK Cells|LGALS1|ITGB1,56,9,9,0.2652052564251656,9.623039513836233,ok,0.0029560184714989,0.11709577204207187,-0.0007411037176106782,0.006653140660608479,0.415904190332359
B Cells|B Cells|HLA-A|APLP2,51,9,9,0.2736238029095698,9.300096560544338,ok,-0.044382429697249155,0.04150060699908833,-0.0870551019292625,-0.0017097574652358075,0.2686011508552105
B Cells|Non-classical Monocytes|HLA-B|LILRB1,56,9,9,0.2652052564251656,9.623039513836233,ok,-0.027968751549421397,0.10620554384122027,-0.06190142210003021,0.005963919001187416,0.40131179405393297
Classical Monocytes|Non-classical Monocytes|TNFSF13B|HLA-DPB1,56,9,9,0.2652052564251656,9.623039513836233,ok,-0.003538327200641289,0.3008327063340105,-0.010241075331694332,0.003164420930411754,0.6338419579885247
Non-classical Monocytes|Classical Monocytes|CD14|ITGB2,56,9,9,0.2652052564251656,9.623039513836233,ok,-0.03692861609428327,0.6359043074735393,-0.18980930054566741,0.11595206835710087,0.8343617206968282
CD4 T Cells|B Cells|LTB|CD40,56,9,9,0.2652052564251656,9.623039513836233,ok,-0.03417785617819577,0.0005022397667989248,-0.053429539271849416,-0.01492617308454212,0.030643794496231138
Classical Monocytes|B Cells|HLA-A|APLP2,51,9,9,0.2736238029095698,9.300096560544338,ok,-0.04505698346928811,0.0594360033770394,-0.09190695921064376,0.0017929922720675492,0.32206020434535304
Classical Monocytes|Non-classical Monocytes|HLA-B|LILRB1,56,9,9,0.2652052564251656,9.623039513836233,ok,-0.029949388191445145,0.08725736825768272,-0.06427578784461231,0.004377011461722022,0.36943482215568985
B Cells|Non-classical Monocytes|HLA-DPB1|CD4,56,9,9,0.2652052564251656,9.623039513836233,ok,-0.0020327253930408212,0.41727673319474257,-0.006944325705336131,0.0028788749192544885,0.7083711386143706
Classical Monocytes|CD4 T Cells|LGALS1|ITGB1,56,9,9,0.2652052564251656,9.623039513836233,ok,0.001693239635579602,0.6511698915404642,-0.005646758287900502,0.009033237559059706,0.8405683364483555
Classical Monocytes|Non-classical Monocytes|LGALS1|CD69,56,9,9,0.2652052564251656,9.623039513836233,ok,0.004473689942897888,0.5311727429587656,-0.009528283542132313,0.01847566342792809,0.7728420643778361
Non-classical Monocytes|Non-classical Monocytes|TNFSF13B|HLA-DPB1,56,9,9,0.2652052564251656,9.623039513836233,ok,-0.0019721251939955886,0.6444762794521739,-0.01034854759099085,0.006404297202999672,0.8351667025158872
B Cells|CD8 T Cells|HMGB1|CXCR4,56,9,9,0.2652052564251656,9.623039513836233,ok,-0.0030656858769673445,0.15706506524846475,-0.007312035148267333,0.001180663394332644,0.48216284852295505
Classical Monocytes|NK Cells|VIM|CD44,56,9,9,0.2652052564251656,9.623039513836233,ok,-0.0025150587950109465,0.17781041633405636,-0.006173184370906597,0.001143066780884704,0.5085521070224066
Classical Monocytes|CD8 T Cells|CD14|ITGB2,56,9,9,0.2652052564251656,9.623039513836233,ok,-0.01301848365902089,0.14971368996749002,-0.03073107544258465,0.004694108124542868,0.4713958076003402
Non-classical Monocytes|NK Cells|TIMP1|CD63,56,9,9,0.2652052564251656,9.623039513836233,ok,0.0034245761725305995,0.5603526805370143,-0.008101856110205388,0.014951008455266587,0.7927272286892795
Non-classical Monocytes|CD4 T Cells|LGALS1|ITGB1,56,9,9,0.2652052564251656,9.623039513836233,ok,0.001565818843304409,0.7045064317504921,-0.006526453755685653,0.00965809144229447,0.8712844936192392
Non-classical Monocytes|Non-classical Monocytes|LGALS1|CD69,56,9,9,0.2652052564251656,9.623039513836233,ok,0.004823442347389267,0.6110735069862381,-0.013766524601113238,0.023413409295891772,0.8224662547240512
B Cells|Classical Monocytes|HLA-DRA|CD4,56,9,9,0.2652052564251656,9.623039513836233,ok,-0.005862932383571204,0.07505628219827197,-0.012318190827581605,0.0005923260604391977,0.3541966012044522
NK Cells|Non-classical Monocytes|HLA-B|LILRA1,56,9,9,0.2652052564251656,9.623039513836233,ok,-0.01771267252564014,0.0007716498594229292,-0.02803636803317476,-0.007388977018105522,0.03875993701718113
Classical Monocytes|Non-classical Monocytes|GRN|TNFRSF1B,56,9,9,0.2652052564251656,9.623039513836233,ok,-0.011078045870293415,0.0562553749524875,-0.02245152869510854,0.0002954369545217078,0.3128282187095367
NK Cells|Classical Monocytes|SPON2|ITGB2,56,9,9,0.2652052564251656,9.623039513836233,ok,0.02672835463236846,0.6877276069056495,-0.1036058004221999,0.1570625096869368,0.8612458254862083
Non-classical Monocytes|Non-classical Monocytes|VIM|CD44,56,9,9,0.2652052564251656,9.623039513836233,ok,-0.0034613286325377163,0.04109723551480402,-0.006782709839820754,-0.0001399474252546779,0.2674764210879703
CD8 T Cells|CD8 T Cells|HLA-E|CD8A,56,9,9,0.2652052564251656,9.623039513836233,ok,-0.004567536534122146,0.022812737577537524,-0.008499882628828847,-0.0006351904394154449,0.2084794958651435
Classical Monocytes|CD4 T Cells|VCAN|SELL,56,9,9,0.2652052564251656,9.623039513836233,ok,-0.003020690955307964,0.34070702320970137,-0.009234625541037003,0.003193243630421074,0.669213982567725
B Cells|Non-classical Monocytes|HLA-DRB1|CD4,56,9,9,0.2652052564251656,9.623039513836233,ok,-0.004059876763449627,0.13105882890217815,-0.009329764428391632,0.0012100109014923782,0.43874579215815385
CD8 T Cells|Non-classical Monocytes|HLA-A|LILRB1,56,9,9,0.2652052564251656,9.623039513836233,ok,-0.021052220275097566,0.09371403164390767,-0.045669497544360144,0.003565056994165011,0.37934127597067635
Classical Monocytes|B Cells|VCAN|SELL,56,9,9,0.2652052564251656,9.623039513836233,ok,-0.004261769799027065,0.17009123378857238,-0.010350296708402446,0.0018267571103483165,0.5038577624137804
Classical Monocytes|Non-classical Monocytes|LGALS1|ITGB1,56,9,9,0.2652052564251656,9.623039513836233,ok,-0.0046519354422437514,0.17000173730679313,-0.011296475383772724,0.001992604499285221,0.5038577624137804
B Cells|Non-classical Monocytes|HLA-DPA1|CD4,56,9,9,0.2652052564251656,9.623039513836233,ok,-0.0015797286377862707,0.6193370774690389,-0.007812162088445253,0.0046527048128727115,0.8250745514596115
Classical Monocytes|Classical Monocytes|VCAN|CD44,56,9,9,0.2652052564251656,9.623039513836233,ok,-0.0027991892750071634,0.12624002588107833,-0.006387126969199705,0.000788748419185378,0.43247417363717927
B Cells|B Cells|LTB|CD40,56,9,9,0.2652052564251656,9.623039513836233,ok,-0.0513397879719002,0.0001837776146961327,-0.07824225149873099,-0.024437324445069405,0.017848967202565662
NK Cells|CD8 T Cells|MIF|CD74_CXCR4,56,9,9,0.2652052564251656,9.623039513836233,ok,0.012063664336540617,0.6880196106761826,-0.04681990624200697,0.0709472349150882,0.8612458254862083
Non-classical Monocytes|Non-classical Monocytes|LGALS1|ITGB1,56,9,9,0.2652052564251656,9.623039513836233,ok,-0.005353968481796922,0.19507791995992296,-0.013452728439451868,0.002744791475858023,0.5256181612298404
CD4 T Cells|CD8 T Cells|HMGB1|CXCR4,56,9,9,0.2652052564251656,9.623039513836233,ok,-0.0014601759335564624,0.4483012046694991,-0.005234513457116366,0.0023141615900034414,0.729938369587654
Non-classical Monocytes|Non-classical Monocytes|HLA-A|LILRB1,56,9,9,0.2652052564251656,9.623039513836233,ok,-0.028616239605510824,0.08156561225572052,-0.060819062185830934,0.0035865829748092867,0.36517087969574596
CD8 T Cells|Non-classical Monocytes|HLA-C|LILRB1,56,9,9,0.2652052564251656,9.623039513836233,ok,-0.0193482181650787,0.09371582340138199,-0.04197305511616166,0.00327661878600426,0.37934127597067635
Non-classical Monocytes|Non-classical Monocytes|GRN|TNFRSF1B,56,9,9,0.2652052564251656,9.623039513836233,ok,-0.0064306920010917396,0.25583045200229737,-0.01752275340445001,0.004661369402266531,0.6014984391174095
Non-classical Monocytes|Non-classical Monocytes|HLA-DRB5|CD4,50,9,9,0.2805397727272731,9.949059683173463,ok,0.14381096929427786,0.7464088577921765,-0.7278134754885051,1.0154354140770607,0.8900473063621445
CD8 T Cells|CD8 T Cells|HMGB1|CXCR4,56,9,9,0.2652052564251656,9.623039513836233,ok,-0.0016012301717644034,0.4061582708809013,-0.005379314588711525,0.002176854245182718,0.7083711386143706
Non-classical Monocytes|Non-classical Monocytes|HLA-C|LILRB1,56,9,9,0.2652052564251656,9.623039513836233,ok,-0.02491573147513848,0.06777521487643927,-0.051652100401467595,0.0018206374511906334,0.33991748672016187
Non-classical Monocytes|Non-classical Monocytes|TIMP1|CD63,56,9,9,0.2652052564251656,9.623039513836233,ok,0.0005901316874775131,0.9337112861538015,-0.013315699775927997,0.014495963150883024,0.9694952302755604
Non-classical Monocytes|CD4 T Cells|VIM|CD44,56,9,9,0.2652052564251656,9.623039513836233,ok,-0.002761319770078652,0.10002638732753565,-0.006051891109500501,0.0005292515693431968,0.38887777001400087
Classical Monocytes|B Cells|VIM|CD44,56,9,9,0.2652052564251656,9.623039513836233,ok,-0.0030153765636175,0.1145487047570149,-0.006760467732681375,0.0007297146054463747,0.41188037358618007
NK Cells|CD8 T Cells|TGFB1|CXCR4,56,9,9,0.2652052564251656,9.623039513836233,ok,0.005278664582013953,0.7422514072705634,-0.026180229855109184,0.03673755901913709,0.8867455855914776
CD4 T Cells|Non-classical Monocytes|HLA-A|LILRB1,56,9,9,0.2652052564251656,9.623039513836233,ok,-0.027433154057538642,0.07871504203884573,-0.058014586110710586,0.003148277995633303,0.361400638593389
NK Cells|CD8 T Cells|LGALS1|CD69,56,9,9,0.2652052564251656,9.623039513836233,ok,0.016875978370570907,0.07631013914187192,-0.0017847527822972102,0.03553670952343903,0.35631788416946203
CD4 T Cells|NK Cells|S100A9|ITGB2,54,9,9,0.27165418430478677,9.584309997177423,ok,0.01796039799178198,0.816252409911394,-0.13353108944376627,0.16945188542733022,0.9214942652039222
NK Cells|Non-classical Monocytes|HLA-A|LILRA1,56,9,9,0.2652052564251656,9.623039513836233,ok,-0.01796723843808988,0.004220507099555399,-0.03027509269913658,-0.005659384177043182,0.08702461541561132
CD8 T Cells|CD8 T Cells|MIF|CD74_CXCR4,56,9,9,0.2652052564251656,9.623039513836233,ok,0.017057715620761832,0.545687384335546,-0.03827258761388414,0.0723880188554078,0.7819754076562321
NK Cells|CD4 T Cells|HMGB1|CXCR4,56,9,9,0.2652052564251656,9.623039513836233,ok,-0.0014060612307844056,0.30780153657157483,-0.00410826289941346,0.0012961404378446484,0.637132342269748
Non-classical Monocytes|CD8 T Cells|HMGB1|CXCR4,56,9,9,0.2652052564251656,9.623039513836233,ok,-0.004173182207937512,0.1812773835960092,-0.010291591251373893,0.0019452268354988702,0.5119712773075169
CD8 T Cells|Non-classical Monocytes|HLA-B|LILRA1,56,9,9,0.2652052564251656,9.623039513836233,ok,-0.025814586917209753,0.0023602086830394574,-0.04245400897377909,-0.009175164860640423,0.0654885739336441
CD4 T Cells|CD8 T Cells|MIF|CD74_CXCR4,56,9,9,0.2652052564251656,9.623039513836233,ok,0.006646855227491283,0.8102132250877873,-0.047600675352558124,0.06089438580754069,0.9186359194426007
B Cells|Non-classical Monocytes|HLA-A|LILRB1,56,9,9,0.2652052564251656,9.623039513836233,ok,-0.03350019195150494,0.0702584796713043,-0.06977115431622821,0.0027707704132183264,0.34319131579484075
Non-classical Monocytes|Non-classical Monocytes|HLA-B|LILRA1,56,9,9,0.2652052564251656,9.623039513836233,ok,-0.02772013794440316,0.0008175212756772846,-0.04395372819954945,-0.011486547689256867,0.039683845256834854
Non-classical Monocytes|NK Cells|SECTM1|CD7,56,9,9,0.2652052564251656,9.623039513836233,ok,-0.023772977060432868,0.7207257568103389,-0.15411035346586338,0.10656439934499763,0.8774921428055984
Classical Monocytes|CD8 T Cells|HMGB1|CXCR4,56,9,9,0.2652052564251656,9.623039513836233,ok,-0.005031562965974651,0.12766818250024983,-0.011505193455896168,0.0014420675239468668,0.4344704037408125
Classical Monocytes|Non-classical Monocytes|HLA-A|LILRB1,56,9,9,0.2652052564251656,9.623039513836233,ok,-0.034859779250495854,0.08316187290563072,-0.07429347532249302,0.004573916821501309,0.36628953472612397
NK Cells|CD4 T Cells|LGALS1|CD69,56,9,9,0.2652052564251656,9.623039513836233,ok,0.012014366991957487,0.03509787483095236,0.0008396229443861508,0.023189111039528823,0.25008577478935473
B Cells|CD8 T Cells|HLA-E|CD8A,56,9,9,0.2652052564251656,9.623039513836233,ok,-0.008008738539117294,0.03440091800251297,-0.015429216444412027,-0.0005882606338225597,0.24892589734737647
Classical Monocytes|Classical Monocytes|S100A12|CD36,56,9,9,0.2652052564251656,9.623039513836233,ok,0.00011669893731593162,0.9878863798094046,-0.01494813733501456,0.015181535209646423,0.9936903924411716
Classical Monocytes|Non-classical Monocytes|VCAN|CD44,56,9,9,0.2652052564251656,9.623039513836233,ok,-0.004584901411887721,0.12269036170563169,-0.010406593586756382,0.0012367907629809412,0.4271087513443359
Classical Monocytes|CD4 T Cells|CD14|ITGB2,56,9,9,0.2652052564251656,9.623039513836233,ok,-0.024009229880114114,0.06553111253069087,-0.04956134624527518,0.0015428864850469508,0.3363160621068496
Non-classical Monocytes|CD8 T Cells|VIM|CD44,56,9,9,0.2652052564251656,9.623039513836233,ok,-0.0034585773822394805,0.1682152411104909,-0.008377936999194993,0.001460782234716033,0.4999253976880661
NK Cells|Non-classical Monocytes|HLA-C|LILRA1,56,9,9,0.2652052564251656,9.623039513836233,ok,-0.015681455633039715,0.008694855051843036,-0.027395305837501542,-0.0039676054285778875,0.12515928566326176
CD4 T Cells|Non-classical Monocytes|HLA-C|LILRB1,56,9,9,0.2652052564251656,9.623039513836233,ok,-0.025432091568919207,0.0644722812191026,-0.052391899379992224,0.0015277162421538058,0.3358282360514009
Classical Monocytes|CD8 T Cells|HLA-E|CD8B,56,9,9,0.2652052564251656,9.623039513836233,ok,-0.019557236714138906,0.0003189298756676422,-0.03020659084505052,-0.00890788258322729,0.022518382130472917
Classical Monocytes|CD8 T Cells|VCAN|SELL,56,9,9,0.2652052564251656,9.623039513836233,ok,-0.008990550937236899,0.10916763586177376,-0.019990397530712925,0.0020092956562391285,0.4031071181583722
CD8 T Cells|B Cells|LGALS1|CD69,56,9,9,0.2652052564251656,9.623039513836233,ok,0.014736457507995876,0.34689743260852846,-0.01596966655880595,0.045442581574797705,0.674342600971764
Non-classical Monocytes|Classical Monocytes|HLA-DRA|CD4,56,9,9,0.2652052564251656,9.623039513836233,ok,-0.014881587527006315,0.10869842674030089,-0.03306493322433121,0.0033017581703185805,0.4031071181583722
B Cells|CD4 T Cells|HMGB1|CXCR4,56,9,9,0.2652052564251656,9.623039513836233,ok,-0.0034483407524399518,0.09726388659663865,-0.007524059403515781,0.0006273778986358777,0.384762064125922
CD4 T Cells|Non-classical Monocytes|HLA-B|LILRA1,56,9,9,0.2652052564251656,9.623039513836233,ok,-0.031511211962880856,0.0012479064618116783,-0.050645852388325655,-0.01237657153743606,0.046897129935825975
CD4 T Cells|CD8 T Cells|HLA-E|CD8A,56,9,9,0.2652052564251656,9.623039513836233,ok,-0.00740322157879722,0.0027205026827759066,-0.012243660264662313,-0.002562782892932128,0.06889968750943329
Non-classical Monocytes|CD8 T Cells|HLA-E|CD8A,56,9,9,0.2652052564251656,9.623039513836233,ok,-0.012508539344295216,0.029824749317072456,-0.02379383369518487,-0.0012232449934055662,0.2378016567627424
CD4 T Cells|Non-classical Monocytes|S100A9|ITGB2,54,9,9,0.27165418430478677,9.584309997177423,ok,0.01327950531596818,0.8769044076628949,-0.15475315349629543,0.1813121641282318,0.9443171419632987
Classical Monocytes|CD4 T Cells|VCAN|CD44,56,9,9,0.2652052564251656,9.623039513836233,ok,-0.002018122051796273,0.571014236062539,-0.008999655545758602,0.004963411442166056,0.798636221385052
NK Cells|NK Cells|SELPLG|ITGB2,56,9,9,0.2652052564251656,9.623039513836233,ok,0.012497235457457893,0.8533973313012914,-0.12005721198867977,0.14505168290359557,0.9354499745011354
NK Cells|NK Cells|LGALS1|CD69,56,9,9,0.2652052564251656,9.623039513836233,ok,0.014245272105503581,0.06877155932840884,-0.00109620312879599,0.029586747339803154,0.34145663857385705
B Cells|Non-classical Monocytes|HLA-B|LILRA1,56,9,9,0.2652052564251656,9.623039513836233,ok,-0.031146483304168415,0.0013243819572549582,-0.05016011357591452,-0.012132853032422314,0.0476127167617407
B Cells|CD8 T Cells|MIF|CD74_CXCR4,56,9,9,0.2652052564251656,9.623039513836233,ok,0.015469492563765827,0.6020543348347961,-0.04267554978993455,0.0736145349174662,0.8165230501542927
NK Cells|CD4 T Cells|MIF|CD74_CXCR4,56,9,9,0.2652052564251656,9.623039513836233,ok,0.02217425564828268,0.689263224610128,-0.08651696652444008,0.13086547782100544,0.8612458254862083
Classical Monocytes|Non-classical Monocytes|HLA-B|LILRA1,56,9,9,0.2652052564251656,9.623039513836233,ok,-0.034573117257319694,0.0007272887197086089,-0.05462652439895342,-0.014519710115685962,0.037657393709356855
Non-classical Monocytes|NK Cells|SELPLG|ITGB2,56,9,9,0.2652052564251656,9.623039513836233,ok,-0.01154349623693321,0.5245247292348529,-0.04709555041260763,0.02400855793874121,0.7728168551858351
B Cells|Non-classical Monocytes|HLA-C|LILRB1,56,9,9,0.2652052564251656,9.623039513836233,ok,-0.02948809960343196,0.07847334637364274,-0.06233372755800667,0.0033575283511427453,0.3613495989142047
Classical Monocytes|Non-classical Monocytes|HLA-C|LILRB1,56,9,9,0.2652052564251656,9.623039513836233,ok,-0.039890279719175054,0.05780378350524129,-0.08110059503378092,0.001320035595430806,0.3146794756243276
Non-classical Monocytes|Classical Monocytes|TIMP1|CD63,56,9,9,0.2652052564251656,9.623039513836233,ok,-0.005598868456984679,0.5170503639795634,-0.022536049703538338,0.01133831278956898,0.7713389243047601
CD4 T Cells|B Cells|LGALS1|CD69,56,9,9,0.2652052564251656,9.623039513836233,ok,0.018643682465572506,0.061457409931774565,-0.0008949431483767679,0.038182308079521776,0.32767909643257376
Non-classical Monocytes|Non-classical Monocytes|HLA-DPB1|CD4,56,9,9,0.2652052564251656,9.623039513836233,ok,-0.01948525093720166,0.09021887477292981,-0.0420265046594529,0.0030560027850495795,0.3739773587890432
Non-classical Monocytes|Non-classical Monocytes|HLA-DPA1|CD4,56,9,9,0.2652052564251656,9.623039513836233,ok,-0.020129103736242326,0.11016265813103501,-0.044825970943524446,0.0045677634710397964,0.40540320105144656
Classical Monocytes|Non-classical Monocytes|HLA-DRB1|CD4,56,9,9,0.2652052564251656,9.623039513836233,ok,-0.05134129397261454,0.015193971802161196,-0.09279046907645361,-0.009892118868775474,0.17607273387292094
CD4 T Cells|CD4 T Cells|HMGB1|CXCR4,56,9,9,0.2652052564251656,9.623039513836233,ok,-0.0018246066521435123,0.36921859648794664,-0.0058072460610446635,0.002158032756757639,0.6898791738708225
CD8 T Cells|CD4 T Cells|HMGB1|CXCR4,56,9,9,0.2652052564251656,9.623039513836233,ok,-0.001567835395905784,0.4482290098576037,-0.005619812014696451,0.002484141222884883,0.729938369587654
CD8 T Cells|Non-classical Monocytes|HLA-A|LILRA1,56,9,9,0.2652052564251656,9.623039513836233,ok,-0.023038138166544153,0.00545712828978244,-0.03928795907139332,-0.006788317261694984,0.10192947152440647
NK Cells|Non-classical Monocytes|LGALS1|PTPRC,56,9,9,0.2652052564251656,9.623039513836233,ok,0.0026533427680280747,0.7178164808573614,-0.011737263056500297,0.017043948592556445,0.8774921428055984
Classical Monocytes|Classical Monocytes|GRN|TNFRSF1B,56,9,9,0.2652052564251656,9.623039513836233,ok,-0.003853013724283705,0.590609832546443,-0.01789099651688439,0.010184969068316977,0.8088043412255425
Classical Monocytes|CD8 T Cells|VCAN|CD44,56,9,9,0.2652052564251656,9.623039513836233,ok,-0.00131931658730558,0.7580405771775425,-0.009713317807733289,0.007074684633122129,0.8965949945083682
Non-classical Monocytes|NK Cells|VIM|CD44,56,9,9,0.2652052564251656,9.623039513836233,ok,-0.006673060076792067,0.12296887873693661,-0.015152503831787043,0.0018063836782029087,0.4271087513443359
CD4 T Cells|Classical Monocytes|VIM|CD44,56,9,9,0.2652052564251656,9.623039513836233,ok,-0.008185673126745271,0.046511700013876486,-0.016244880891072372,-0.00012646536241817281,0.282419145000872
NK Cells|CD4 T Cells|TGFB1|CXCR4,56,9,9,0.2652052564251656,9.623039513836233,ok,0.007165504560280728,0.7137081168851749,-0.03111434074435864,0.0454453498649201,0.8747711269555274
CD8 T Cells|CD4 T Cells|MIF|CD74_CXCR4,56,9,9,0.2652052564251656,9.623039513836233,ok,0.03157561698926685,0.5637473216564681,-0.07562815910169707,0.13877939308023077,0.794634760713594
CD4 T Cells|CD4 T Cells|MIF|CD74_CXCR4,56,9,9,0.2652052564251656,9.623039513836233,ok,0.0038081918869156406,0.9420471451611172,-0.09886326964573433,0.10647965341956561,0.9725507136552419
NK Cells|Non-classical Monocytes|SELPLG|ITGB2,56,9,9,0.2652052564251656,9.623039513836233,ok,-0.006980437342836737,0.890439314276586,-0.10630218494080046,0.09234131025512698,0.9512717112629278
Classical Monocytes|Classical Monocytes|VCAN|SELL,56,9,9,0.2652052564251656,9.623039513836233,ok,-0.003376311340548707,0.6325725800359568,-0.017217188046327592,0.010464565365230178,0.8327085375614572
Classical Monocytes|Non-classical Monocytes|RETN|CAP1,55,9,9,0.2652336254732146,9.527883845410594,ok,0.015138910596446398,0.8681117190930625,-0.16354452082966955,0.19382234202256235,0.9406758903134119
Non-classical Monocytes|Non-classical Monocytes|HLA-A|LILRA1,56,9,9,0.2652052564251656,9.623039513836233,ok,-0.028181579734983808,0.015309040828935855,-0.05095899606855324,-0.0054041634014143775,0.17607273387292094
NK Cells|Classical Monocytes|MIF|CD44_CD74,56,9,9,0.2652052564251656,9.623039513836233,ok,0.001013905985123159,0.9429688011248565,-0.02676422515302402,0.028792037123270338,0.972621320138487
CD8 T Cells|Non-classical Monocytes|HLA-C|LILRA1,56,9,9,0.2652052564251656,9.623039513836233,ok,-0.022854954465742372,0.012863338280797151,-0.04086272788224014,-0.004847181049244607,0.16200853077976954
Non-classical Monocytes|CD8 T Cells|MIF|CD74_CXCR4,56,9,9,0.2652052564251656,9.623039513836233,ok,0.02191088973942823,0.5295509525328865,-0.04639692931297493,0.09021870879183139,0.7728420643778361
NK Cells|CD8 T Cells|LGALS1|PTPRC,56,9,9,0.2652052564251656,9.623039513836233,ok,0.008800538611519956,0.41052311879863035,-0.012158508997408564,0.029759586220448477,0.7083711386143706
Non-classical Monocytes|Non-classical Monocytes|HLA-C|LILRA1,56,9,9,0.2652052564251656,9.623039513836233,ok,-0.029387087231144138,0.012804805815452312,-0.052526543149023094,-0.006247631313265178,0.16200853077976954
Non-classical Monocytes|Non-classical Monocytes|LGALS9|PTPRC,56,9,9,0.2652052564251656,9.623039513836233,ok,-0.020173780004548086,0.04252559284067429,-0.03966749835261631,-0.0006800616564798696,0.27146474333909887
Classical Monocytes|Non-classical Monocytes|S100A12|CD36,56,9,9,0.2652052564251656,9.623039513836233,ok,-0.005756808537152984,0.9135532822732899,-0.10969354802596262,0.09817993095165667,0.9597046428841838
Non-classical Monocytes|Classical Monocytes|HLA-DRB1|CD4,56,9,9,0.2652052564251656,9.623039513836233,ok,-0.02055782546229823,0.10832266989888825,-0.045650082620921906,0.004534431696325447,0.4031071181583722
Non-classical Monocytes|CD4 T Cells|HMGB1|CXCR4,56,9,9,0.2652052564251656,9.623039513836233,ok,-0.003996654837280983,0.18342374226694225,-0.009885083260146872,0.0018917735855849063,0.5126408939410381
CD4 T Cells|Non-classical Monocytes|HLA-A|LILRA1,56,9,9,0.2652052564251656,9.623039513836233,ok,-0.030586589968633074,0.003398313287743808,-0.051052428168151795,-0.010120751769114353,0.07762813686708894
Non-classical Monocytes|CD8 T Cells|TGFB1|CXCR4,56,9,9,0.2652052564251656,9.623039513836233,ok,0.025454121195775156,0.33096380114661794,-0.025862969177063412,0.07677121156861372,0.6606981145087292
Non-classical Monocytes|Non-classical Monocytes|SELPLG|ITGB2,56,9,9,0.2652052564251656,9.623039513836233,ok,-0.030687361110280476,0.04612998516244328,-0.060847857872706995,-0.0005268643478539524,0.282419145000872
Classical Monocytes|Classical Monocytes|HLA-DRA|CD4,56,9,9,0.2652052564251656,9.623039513836233,ok,-0.036622195848142275,0.05361132064813838,-0.07381366239860396,0.0005692707023194077,0.3069149314746006
Classical Monocytes|CD4 T Cells|HMGB1|CXCR4,56,9,9,0.2652052564251656,9.623039513836233,ok,-0.005051040243162705,0.10600378694699916,-0.011175601955689504,0.0010735214693640928,0.40131179405393297
B Cells|Non-classical Monocytes|CD52|SIGLEC10,55,9,9,0.28347170864438703,9.686956194052899,ok,-0.03514532573105271,0.0010054954513640721,-0.05608904612187409,-0.014201605340231328,0.04183579288711228
NK Cells|NK Cells|LGALS1|PTPRC,56,9,9,0.2652052564251656,9.623039513836233,ok,0.003958371453838441,0.6581600949502278,-0.013576221007298342,0.021492963914975224,0.8430527879241511
B Cells|Classical Monocytes|HLA-DQB1|CD4,56,9,9,0.2652052564251656,9.623039513836233,ok,-0.010187986141011546,0.4251025762666867,-0.03522319512639921,0.014847222844376114,0.7125820163319281
Classical Monocytes|CD8 T Cells|TGFB1|CXCR4,55,9,9,0.2700378898280395,9.643175285193806,ok,0.008289232152009371,0.7425067113686579,-0.04116231935216515,0.05774078365618389,0.8867455855914776
Non-classical Monocytes|Classical Monocytes|GRN|TNFRSF1B,56,9,9,0.2652052564251656,9.623039513836233,ok,0.011502828686140554,0.30817517156137597,-0.010620659681516431,0.03362631705379754,0.637132342269748
Non-classical Monocytes|CD8 T Cells|CD14|ITGB2,56,9,9,0.2652052564251656,9.623039513836233,ok,-0.052026971599227534,0.5047872962434801,-0.20491245847329562,0.10085851527484055,0.765227326120565
Classical Monocytes|B Cells|COPA|CD74,56,9,9,0.2652052564251656,9.623039513836233,ok,-0.006189506309920323,0.150691027407704,-0.014630987361424895,0.002251974741584249,0.47383278523610023
Classical Monocytes|B Cells|CD14|ITGB2,56,9,9,0.2652052564251656,9.623039513836233,ok,-0.04870857665718602,0.046375088875015645,-0.09663468944505567,-0.000782463869316366,0.282419145000872
Non-classical Monocytes|Classical Monocytes|PSAP|LRP1,56,9,9,0.2652052564251656,9.623039513836233,ok,-0.023644277080054524,0.028809908216574656,-0.044842941592340826,-0.0024456125677682176,0.2328708708983493
CD8 T Cells|B Cells|LTB|CD40,56,9,9,0.2652052564251656,9.623039513836233,ok,-0.14847937309742504,0.06368617753310657,-0.30541361548167745,0.008454869286827399,0.3334579632632321
B Cells|Classical Monocytes|HLA-DPB1|CD4,56,9,9,0.2652052564251656,9.623039513836233,ok,-0.009702482320133335,0.10494925130447627,-0.021431522936324117,0.002026558296057447,0.40015697571944897
CD8 T Cells|Classical Monocytes|VIM|CD44,56,9,9,0.2652052564251656,9.623039513836233,ok,-0.011705413042309695,0.05167175112372529,-0.02349567896294539,8.485287832600032e-05,0.3018268838825667
CD4 T Cells|Classical Monocytes|S100A9|ITGB2,54,9,9,0.27165418430478677,9.584309997177423,ok,-0.01729748764137426,0.9155999471940074,-0.3371988746551614,0.30260389937241283,0.9602700860194028
B Cells|Non-classical Monocytes|HLA-A|LILRA1,56,9,9,0.2652052564251656,9.623039513836233,ok,-0.0355791564241605,0.007862195679925018,-0.06181530088245793,-0.009343011965863072,0.11864517046122955
Classical Monocytes|NK Cells|TIMP1|CD63,56,9,9,0.2652052564251656,9.623039513836233,ok,0.021795820410158012,0.14174913341634424,-0.007278416300475432,0.050870057120791456,0.4588212265772975
B Cells|CD4 T Cells|HLA-DRA|CD4,55,9,9,0.2652121395138156,9.515356799423158,ok,-0.020350935522036956,0.002445935904039564,-0.03351520896445967,-0.0071866620796142405,0.06587137493258541
Non-classical Monocytes|Classical Monocytes|LGALS9|CD44,56,9,9,0.2652052564251656,9.623039513836233,ok,-0.018410355602767006,0.03145465620104909,-0.03518350969590829,-0.0016372015096257214,0.2430856556800983
Non-classical Monocytes|CD8 T Cells|LGALS9|PTPRC,56,9,9,0.2652052564251656,9.623039513836233,ok,-0.014362915230863735,0.28270558855336847,-0.04056770989113613,0.011841879429408661,0.6207750169465256
Classical Monocytes|Non-classical Monocytes|HLA-A|LILRA1,56,9,9,0.2652052564251656,9.623039513836233,ok,-0.03623427426701152,0.008702061921651677,-0.06330373318891133,-0.009164815345111706,0.12515928566326176
CD4 T Cells|Non-classical Monocytes|S100A9|CD68,54,9,9,0.27165418430478677,9.584309997177423,ok,-0.023920215363513075,0.808464026984048,-0.2173245515990133,0.16948412087198714,0.9180294638709374
Non-classical Monocytes|Non-classical Monocytes|HLA-DQB1|CD4,56,9,9,0.2652052564251656,9.623039513836233,ok,0.03102806695392879,0.719032886474404,-0.13801604719033456,0.20007218109819214,0.8774921428055984
B Cells|Classical Monocytes|CIRBP|TREM1,56,9,9,0.2652052564251656,9.623039513836233,ok,-0.026333230201758123,0.002200408267663818,-0.043190268738177884,-0.00947619166533836,0.06255876461604092
NK Cells|CD4 T Cells|LGALS1|PTPRC,56,9,9,0.2652052564251656,9.623039513836233,ok,0.007612205771266811,0.5045752520026325,-0.014745750920764349,0.02997016246329797,0.765227326120565
CD4 T Cells|Non-classical Monocytes|HLA-C|LILRA1,56,9,9,0.2652052564251656,9.623039513836233,ok,-0.031353355255742024,0.005052773026751402,-0.05327172886532171,-0.009434981646162337,0.09738847573824623
CD8 T Cells|Classical Monocytes|MIF|CD44_CD74,56,9,9,0.2652052564251656,9.623039513836233,ok,0.0034251980551406186,0.8200969962583109,-0.02609400972855301,0.03294440583883425,0.9225329633238832
Classical Monocytes|NK Cells|CD14|ITGB1,56,9,9,0.2652052564251656,9.623039513836233,ok,-0.008822082341444076,0.6125383887618211,-0.04296335444069414,0.02531918975780599,0.8224662547240512
CD4 T Cells|Classical Monocytes|MIF|CD44_CD74,56,9,9,0.2652052564251656,9.623039513836233,ok,-0.004247152978483118,0.7118515102072007,-0.026783507840357487,0.01828920188339125,0.8743352761111111
Non-classical Monocytes|NK Cells|LGALS9|PTPRC,56,9,9,0.2652052564251656,9.623039513836233,ok,-0.017531041113452453,0.09214768549918946,-0.03793283515566177,0.0028707529287568673,0.37934127597067635
Non-classical Monocytes|B Cells|VIM|CD44,56,9,9,0.2652052564251656,9.623039513836233,ok,-0.008648511571495265,0.046198495271307,-0.017151211143852357,-0.00014581199913817414,0.282419145000872
B Cells|Classical Monocytes|HLA-DRB1|CD4,56,9,9,0.2652052564251656,9.623039513836233,ok,-0.010447256239381558,0.05561299393835944,-0.02114508608051098,0.00025057360174786207,0.3121946615270568
NK Cells|NK Cells|HLA-B|CD3D,48,9,9,0.3509227848495224,9.757133141121924,ok,0.003863620181064606,0.5055520319736827,-0.007510349858003678,0.01523759022013289,0.7653906656911506
B Cells|Classical Monocytes|HLA-DPA1|CD4,56,9,9,0.2652052564251656,9.623039513836233,ok,-0.010774709707194657,0.16635956697417875,-0.026033451322478272,0.004484031908088959,0.4969458859613288
NK Cells|Classical Monocytes|LGALS1|PTPRC,56,9,9,0.2652052564251656,9.623039513836233,ok,0.010555899774385577,0.3848151308002812,-0.013250533550097497,0.03436233309886865,0.7004837927848868
CD4 T Cells|Non-classical Monocytes|VIM|CD44,56,9,9,0.2652052564251656,9.623039513836233,ok,-0.012576184016623373,0.03820340484079943,-0.024468535058189418,-0.0006838329750573306,0.25520984888350967
B Cells|CD4 T Cells|MIF|CD74_CXCR4,56,9,9,0.2652052564251656,9.623039513836233,ok,0.01991855506252828,0.7342527580663434,-0.09508189386931178,0.13491900399436835,0.8832813968607557
NK Cells|CD8 T Cells|SPON2|ITGB2,56,9,9,0.2652052564251656,9.623039513836233,ok,0.1162854845661564,0.3812471201978028,-0.1440105041549768,0.3765814732872896,0.6971371033160949
Classical Monocytes|Classical Monocytes|PKM|CD44,56,9,9,0.2652052564251656,9.623039513836233,ok,-0.01594728972239781,0.0636212418483507,-0.032798537678808415,0.0009039582340127916,0.3334579632632321
Non-classical Monocytes|Non-classical Monocytes|PSAP|LRP1,56,9,9,0.2652052564251656,9.623039513836233,ok,-0.0420864405761585,0.19269403943410401,-0.10540956135656637,0.021236680204249375,0.5241993115154844
Classical Monocytes|CD4 T Cells|CD14|ITGB1,56,9,9,0.2652052564251656,9.623039513836233,ok,-0.025774109727679254,0.27380090489295594,-0.07193508538985297,0.02038686593449445,0.6138754001696373
Non-classical Monocytes|Classical Monocytes|HLA-DRB5|CD4,50,9,9,0.2805397727272731,9.949059683173463,ok,0.14318736028286397,0.7481318289166382,-0.7308047334928307,1.0171794540585586,0.8911795303557091
Non-classical Monocytes|B Cells|COPA|CD74,56,9,9,0.2652052564251656,9.623039513836233,ok,-0.006008461053015307,0.16503791592380312,-0.014490885597996814,0.0024739634919661996,0.49657703878247317
NK Cells|Non-classical Monocytes|MIF|CD44_CD74,56,9,9,0.2652052564251656,9.623039513836233,ok,-0.00271262849094836,0.9209369787560363,-0.05627903038036235,0.05085377339846563,0.9613723837372602
Classical Monocytes|Non-classical Monocytes|CD14|ITGB1,56,9,9,0.2652052564251656,9.623039513836233,ok,-0.03890446886767206,0.11187736406698717,-0.08686699225900012,0.009058054523656003,0.40540320105144656
Classical Monocytes|CD8 T Cells|HLA-E|CD8A,56,9,9,0.2652052564251656,9.623039513836233,ok,-0.024860649113616795,0.02043904621284479,-0.04587963195406822,-0.003841666273165373,0.1964697452541417
Classical Monocytes|CD8 T Cells|MIF|CD74_CXCR4,56,9,9,0.2652052564251656,9.623039513836233,ok,0.03868584922430528,0.35777014782905303,-0.043764160765125654,0.12113585921373621,0.6870822083517897
CD4 T Cells|Non-classical Monocytes|CD52|SIGLEC10,55,9,9,0.28347170864438703,9.686956194052899,ok,-0.04409781825227055,0.0010538316600319636,-0.07048268651477785,-0.01771294998976325,0.042172019071961844
NK Cells|Classical Monocytes|CIRBP|TREM1,56,9,9,0.2652052564251656,9.623039513836233,ok,-0.025138499642581122,0.04527520140707353,-0.04974807659762341,-0.0005289226875388291,0.282062083632303
Non-classical Monocytes|CD4 T Cells|LGALS9|PTPRC,56,9,9,0.2652052564251656,9.623039513836233,ok,-0.017697524770502793,0.21709965032106415,-0.045800217409942695,0.010405167868937106,0.551666284989636
CD8 T Cells|Non-classical Monocytes|CD52|SIGLEC10,55,9,9,0.28347170864438703,9.686956194052899,ok,-0.04298577427226462,0.0008418080164698084,-0.0682205516686535,-0.01775099687587574,0.03994966972421035
Classical Monocytes|NK Cells|VCAN|CD44,56,9,9,0.2652052564251656,9.623039513836233,ok,-0.005112403608721755,0.37628667249175773,-0.016437666087890872,0.006212858870447363,0.6971371033160949
Non-classical Monocytes|Classical Monocytes|PKM|CD44,56,9,9,0.2652052564251656,9.623039513836233,ok,-0.009373325758199116,0.20826730346719013,-0.023972972607456688,0.005226321091058455,0.5421930917078804
B Cells|Non-classical Monocytes|HLA-C|LILRA1,56,9,9,0.2652052564251656,9.623039513836233,ok,-0.0362602609487265,0.023797227647303052,-0.0677012477958801,-0.004819274101572894,0.21250436870894354
Classical Monocytes|Non-classical Monocytes|TIMP1|CD63,56,9,9,0.2652052564251656,9.623039513836233,ok,0.010365474329589064,0.6833124160941471,-0.039434977307647154,0.06016592596682528,0.8606042862158717
CD4 T Cells|Non-classical Monocytes|LTB|TNFRSF1A,56,9,9,0.2652052564251656,9.623039513836233,ok,-0.0962847327122878,0.0037904669125837557,-0.16146904081158417,-0.031100424612991423,0.08199995773998257
Classical Monocytes|Non-classical Monocytes|HLA-C|LILRA1,56,9,9,0.2652052564251656,9.623039513836233,ok,-0.04667357397815511,0.01594953613469478,-0.08463039269607067,-0.008716755260239538,0.17698401972608463
Non-classical Monocytes|Classical Monocytes|LGALS9|PTPRC,56,9,9,0.2652052564251656,9.623039513836233,ok,-0.01628501208966908,0.1936142599382651,-0.04083808077115948,0.008268056591821324,0.5241993115154844
NK Cells|NK Cells|HMGB1|CXCR4,56,9,9,0.2652052564251656,9.623039513836233,ok,0.0010315626477154921,0.7898993124441229,-0.006556694702762704,0.008619819998193688,0.9072315159762925
CD4 T Cells|CD4 T Cells|VIM|CD44,56,9,9,0.2652052564251656,9.623039513836233,ok,-0.00930106949102863,0.15611328255683912,-0.022154630398626897,0.003552491416569638,0.48109621955845905
NK Cells|Classical Monocytes|SELPLG|ITGB2,56,9,9,0.2652052564251656,9.623039513836233,ok,-0.07040829524902958,0.46324134846751097,-0.25853912649295674,0.11772253599489757,0.7417437934285868
CD8 T Cells|Non-classical Monocytes|VIM|CD44,56,9,9,0.2652052564251656,9.623039513836233,ok,-0.01821822029473337,0.016483885678527387,-0.03310843361101596,-0.003328006978450782,0.17957816968196022
Classical Monocytes|Non-classical Monocytes|LGALS9|PTPRC,56,9,9,0.2652052564251656,9.623039513836233,ok,-0.034698452037245905,0.02246112798099241,-0.064494013185377,-0.004902890889114813,0.20767630236393778
Classical Monocytes|Classical Monocytes|TNFSF13B|HLA-DPB1,56,9,9,0.2652052564251656,9.623039513836233,ok,-0.04570817580996353,0.04615668172823827,-0.09063710291955793,-0.000779248700369127,0.282419145000872
Non-classical Monocytes|Non-classical Monocytes|LGALS9|CD44,56,9,9,0.2652052564251656,9.623039513836233,ok,-0.03397844022037835,0.0008919814767169466,-0.05402222751560665,-0.013934652925150063,0.03994966972421035
NK Cells|CD4 T Cells|MIF|CD44_CD74,56,9,9,0.2652052564251656,9.623039513836233,ok,0.010303269376428684,0.8548235042227428,-0.10006624855912939,0.12067278731198676,0.9354499745011354
NK Cells|Classical Monocytes|HMGB1|CXCR4,56,9,9,0.2652052564251656,9.623039513836233,ok,0.0006663734829357448,0.9553104457821733,-0.02263988580867762,0.02397263277454911,0.9782186359377676
CD8 T Cells|Non-classical Monocytes|MIF|CD44_CD74,56,9,9,0.2652052564251656,9.623039513836233,ok,-0.0017651877421454854,0.9454305747396099,-0.05231164015375661,0.04878126466946564,0.9727254999500408
B Cells|Classical Monocytes|MIF|CD44_CD74,56,9,9,0.2652052564251656,9.623039513836233,ok,-0.006649602753898143,0.705912692759977,-0.04118768012473996,0.027888474616943673,0.8719806182622135
CD8 T Cells|NK Cells|HLA-B|CD3D,48,9,9,0.3509227848495224,9.757133141121924,ok,0.004452564620995754,0.5761631858427703,-0.011159062969428639,0.020064192211420147,0.7992682473451412
CD4 T Cells|Non-classical Monocytes|MIF|CD44_CD74,56,9,9,0.2652052564251656,9.623039513836233,ok,-0.012719058519298346,0.5760391864275871,-0.057300260560887065,0.03186214352229037,0.7992682473451412
Non-classical Monocytes|NK Cells|HLA-B|CD3D,48,9,9,0.3509227848495224,9.757133141121924,ok,0.004667548252656799,0.5269939736197005,-0.009793732568481782,0.01912882907379538,0.7728168551858351
Non-classical Monocytes|Classical Monocytes|TNFSF13B|HLA-DPB1,56,9,9,0.2652052564251656,9.623039513836233,ok,-0.04293385401034722,0.19032842856350196,-0.1071888048655877,0.021321096844893264,0.5241993115154844
Non-classical Monocytes|Classical Monocytes|SELPLG|ITGB2,56,9,9,0.2652052564251656,9.623039513836233,ok,-0.08487426491010015,0.06160587639786156,-0.17387355114247954,0.0041250213222792514,0.3277207580068891
Non-classical Monocytes|CD4 T Cells|MIF|CD74_CXCR4,56,9,9,0.2652052564251656,9.623039513836233,ok,0.03353190351030756,0.5516149181290595,-0.0768606580917378,0.1439244651123529,0.7860934307282622
Classical Monocytes|Classical Monocytes|RETN|CAP1,55,9,9,0.2652336254732146,9.527883845410594,ok,-0.05272329208916239,0.7240484525008947,-0.3454149110283443,0.23996832685001956,0.8782055670625115
Non-classical Monocytes|CD4 T Cells|HLA-DRA|CD4,55,9,9,0.2652121395138156,9.515356799423158,ok,-0.029421540153754304,0.004118947702548356,-0.04952159502459297,-0.009321485282915643,0.08604854207928331
Classical Monocytes|NK Cells|RETN|CAP1,55,9,9,0.2652336254732146,9.527883845410594,ok,-0.07333894982871875,0.7111875736695504,-0.46155553966442664,0.31487764000698915,0.8739805098365255
B Cells|Non-classical Monocytes|LTB|TNFRSF1A,56,9,9,0.2652052564251656,9.623039513836233,ok,-0.12357565337501705,0.0019913661506187263,-0.20192030881731893,-0.045230997932715164,0.060380319385221606
Classical Monocytes|Non-classical Monocytes|PKM|CD44,56,9,9,0.2652052564251656,9.623039513836233,ok,-0.02718839256407872,0.015029159940784449,-0.0491026107083502,-0.005274174419807237,0.17607273387292094
B Cells|Non-classical Monocytes|CD22|PTPRC,56,9,9,0.2652052564251656,9.623039513836233,ok,-0.031111644507404404,0.0034829008608860718,-0.05198331292110053,-0.010239976093708272,0.07878795151324802
Classical Monocytes|Classical Monocytes|PSAP|LRP1,56,9,9,0.2652052564251656,9.623039513836233,ok,-0.029790128387305437,0.02827319306741154,-0.05640888895289489,-0.0031713678217159813,0.23195964734883412
Non-classical Monocytes|NK Cells|VCAN|SELL,55,9,9,0.2676305103880259,9.574016174140935,ok,0.08021275872508543,0.6221126334899616,-0.2387715864168174,0.39919710386698826,0.8262170272396567
NK Cells|Non-classical Monocytes|HMGB1|CXCR4,56,9,9,0.2652052564251656,9.623039513836233,ok,0.0027649889882153666,0.764875362022575,-0.015354551929490382,0.020884529905921115,0.8994122161414387
Classical Monocytes|Classical Monocytes|LGALS9|CD44,56,9,9,0.2652052564251656,9.623039513836233,ok,-0.03266445259822025,0.015597535657537834,-0.05913917426931184,-0.0061897309271286595,0.17607273387292094
Classical Monocytes|CD8 T Cells|LGALS9|PTPRC,56,9,9,0.2652052564251656,9.623039513836233,ok,-0.016726991620495596,0.40459636517417163,-0.056063096353531724,0.022609113112540533,0.7083711386143706
Non-classical Monocytes|CD4 T Cells|CD14|ITGB2,56,9,9,0.2652052564251656,9.623039513836233,ok,-0.09820180191663666,0.3405078812243625,-0.30013174562923195,0.1037281417959586,0.669213982567725
CD4 T Cells|Classical Monocytes|CIRBP|TREM1,56,9,9,0.2652052564251656,9.623039513836233,ok,-0.030320918057490348,0.00819683127404189,-0.052798685766575426,-0.00784315034840527,0.12164724120074906
Non-classical Monocytes|NK Cells|CLEC2B|KLRF1,55,9,9,0.2700378898280395,9.643175285193806,ok,0.0479707771937624,0.6013917923442096,-0.13200812623289548,0.22794968062042031,0.8165230501542927
B Cells|NK Cells|HMGB1|CXCR4,56,9,9,0.2652052564251656,9.623039513836233,ok,-0.0034465588999815777,0.5499570402519751,-0.014746081247083048,0.007852963447119892,0.7856529146456788
CD4 T Cells|NK Cells|HLA-B|CD3D,48,9,9,0.3509227848495224,9.757133141121924,ok,0.005547365296293932,0.5021034530857327,-0.010651828324950124,0.02174655891753799,0.7641417672695997
CD8 T Cells|Classical Monocytes|CIRBP|TREM1,56,9,9,0.2652052564251656,9.623039513836233,ok,-0.029475558004900954,0.015042353201970999,-0.053236368935221434,-0.005714747074580473,0.17607273387292094
NK Cells|NK Cells|HLA-B|CD8A,42,9,9,0.3589269195189643,8.832879529839039,ok,-0.011647316818423445,0.12948687398684589,-0.026704300531389162,0.003409666894542274,0.4366286656912247
Classical Monocytes|B Cells|VCAN|CD44,56,9,9,0.2652052564251656,9.623039513836233,ok,-0.008339973440034149,0.17615016328213018,-0.020423951701416927,0.0037440048213486284,0.5069333090514706
Non-classical Monocytes|Classical Monocytes|HLA-DPB1|CD4,56,9,9,0.2652052564251656,9.623039513836233,ok,-0.044934190794513745,0.08726923847188012,-0.09643730947824794,0.0065689278892204495,0.36943482215568985
Non-classical Monocytes|Classical Monocytes|HLA-DPA1|CD4,56,9,9,0.2652052564251656,9.623039513836233,ok,-0.04467478674843227,0.0873642004325258,-0.09589595442203527,0.006546380925170743,0.36943482215568985
Classical Monocytes|CD8 T Cells|RETN|CAP1,55,9,9,0.2652336254732146,9.527883845410594,ok,-0.06693957096286246,0.7646497269084546,-0.505174998043642,0.37129585611791704,0.8994122161414387
Classical Monocytes|Non-classical Monocytes|VCAN|SELL,56,9,9,0.2652052564251656,9.623039513836233,ok,-0.0066338022670460045,0.7230198673381815,-0.0433185377221958,0.03005093318810379,0.8774921428055984
Classical Monocytes|Classical Monocytes|HLA-DRB1|CD4,56,9,9,0.2652052564251656,9.623039513836233,ok,-0.08071757246097071,0.022170373031773154,-0.1498795154984402,-0.011555629423501218,0.20580465802402967
Classical Monocytes|NK Cells|LGALS9|PTPRC,56,9,9,0.2652052564251656,9.623039513836233,ok,-0.027532129335955377,0.1036021346271309,-0.06068572678540521,0.005621468113494454,0.39702791723884046
CD8 T Cells|CD4 T Cells|VIM|CD44,56,9,9,0.2652052564251656,9.623039513836233,ok,-0.01222217267807929,0.12502350157859052,-0.02783796655316648,0.003393621197007899,0.4309241992279821
Non-classical Monocytes|Non-classical Monocytes|PKM|CD44,56,9,9,0.2652052564251656,9.623039513836233,ok,-0.016717507110317983,0.11369715928310074,-0.03743181131684314,0.0039967970962071706,0.4094503572328049
Classical Monocytes|Non-classical Monocytes|COPA|CD74,56,9,9,0.2652052564251656,9.623039513836233,ok,-0.009895570416456431,0.20784329190490514,-0.025294287689665164,0.0055031468567523,0.5421930917078804
Non-classical Monocytes|CD4 T Cells|LGALS9|CD44,56,9,9,0.2652052564251656,9.623039513836233,ok,-0.01915270223528505,0.4542758845048599,-0.06931751413399061,0.03101210966342051,0.734500880411466
B Cells|NK Cells|HLA-B|CD3D,48,9,9,0.3509227848495224,9.757133141121924,ok,0.006581296276037492,0.42790135677987085,-0.009689262670686247,0.02285185522276123,0.7131689279664515
Classical Monocytes|NK Cells|GRN|TNFRSF1B,56,9,9,0.2652052564251656,9.623039513836233,ok,0.0109304109726992,0.7325777173987531,-0.05176581061767935,0.07362663256307775,0.8830312503400716
CD4 T Cells|CD8 T Cells|VIM|CD44,56,9,9,0.2652052564251656,9.623039513836233,ok,-0.010810737435602208,0.15980730168408241,-0.02588390764975488,0.004262432778550464,0.4880091912502123
Classical Monocytes|NK Cells|HLA-B|CD3D,48,9,9,0.3509227848495224,9.757133141121924,ok,0.009011143668468578,0.4016229221526637,-0.012046401884102508,0.030068689221039665,0.7083711386143706
Non-classical Monocytes|CD4 T Cells|TGFB1|CXCR4,56,9,9,0.2652052564251656,9.623039513836233,ok,0.03041505603790297,0.34264904772673643,-0.032404676894415466,0.0932347889702214,0.669213982567725
Classical Monocytes|NK Cells|VCAN|ITGB1,56,9,9,0.2652052564251656,9.623039513836233,ok,0.0015597697335435756,0.8067718823968809,-0.010938941626442116,0.014058481093529267,0.9169651151145036
B Cells|Classical Monocytes|HMGB1|CXCR4,56,9,9,0.2652052564251656,9.623039513836233,ok,-0.022509384615748473,0.22759835329210842,-0.05907389143828807,0.014055122206791122,0.5642240092317569
NK Cells|NK Cells|MIF|CD74_CXCR4,56,9,9,0.2652052564251656,9.623039513836233,ok,0.025084881868506492,0.4171258779137538,-0.035507177242123,0.08567694097913599,0.7083711386143706
B Cells|CD8 T Cells|CD22|PTPRC,56,9,9,0.2652052564251656,9.623039513836233,ok,-0.03069326636792427,0.042854661606097,-0.06039895594818801,-0.000987576787660531,0.27206115780485174
CD8 T Cells|CD4 T Cells|MIF|CD44_CD74,56,9,9,0.2652052564251656,9.623039513836233,ok,0.02089544417618537,0.7033145922251895,-0.08663855436652124,0.12842944271889198,0.8706868430576387
Classical Monocytes|Classical Monocytes|LGALS1|ITGB1,56,9,9,0.2652052564251656,9.623039513836233,ok,-0.009058326309003745,0.10284306060516102,-0.019942173778737513,0.0018255211607300231,0.39607327472731435
CD4 T Cells|CD4 T Cells|MIF|CD44_CD74,56,9,9,0.2652052564251656,9.623039513836233,ok,-0.0054341607708666,0.9172551407001251,-0.10795187494681945,0.09708355340508625,0.9613308633848848
Classical Monocytes|CD4 T Cells|TGFB1|CXCR4,55,9,9,0.2700378898280395,9.643175285193806,ok,0.004783746609664921,0.8530042515552522,-0.04581878651665372,0.05538627973598356,0.9354499745011354
Classical Monocytes|Non-classical Monocytes|PSAP|LRP1,56,9,9,0.2652052564251656,9.623039513836233,ok,-0.04104544095936201,0.2660659135553336,-0.1133794626917013,0.031288580772977276,0.6103723582175626
Classical Monocytes|CD4 T Cells|RETN|CAP1,55,9,9,0.2652336254732146,9.527883845410594,ok,-0.05996148392861747,0.7978788350795101,-0.5188660026044472,0.39894303474721216,0.9113027871251267
NK Cells|CD8 T Cells|MIF|CD44_CD74,56,9,9,0.2652052564251656,9.623039513836233,ok,0.06796601678312175,0.2652847746484268,-0.051614326710362715,0.1875463602766062,0.6095794131467795
Classical Monocytes|CD4 T Cells|LGALS9|PTPRC,56,9,9,0.2652052564251656,9.623039513836233,ok,-0.026089777415479576,0.2261809983620845,-0.06834121813384297,0.01616166330288383,0.5624351400039027
B Cells|NK Cells|CD22|PTPRC,56,9,9,0.2652052564251656,9.623039513836233,ok,-0.03436570199098077,0.001646314710054902,-0.055764893813895156,-0.01296651016806638,0.055592946006201766
Classical Monocytes|CD4 T Cells|PKM|CD44,56,9,9,0.2652052564251656,9.623039513836233,ok,-0.012007836885407644,0.2171150143070799,-0.03107625635254798,0.0070605825817326925,0.551666284989636
Non-classical Monocytes|Classical Monocytes|LGALS1|ITGB1,56,9,9,0.2652052564251656,9.623039513836233,ok,-0.010896146236781756,0.1124240321222317,-0.024349699384746324,0.0025574069111828114,0.4061124878017132
NK Cells|CD4 T Cells|SPON2|ITGB2,56,9,9,0.2652052564251656,9.623039513836233,ok,0.09874944503344928,0.449245551827965,-0.15703509090358908,0.35453398097048766,0.7309651786027642
Classical Monocytes|CD4 T Cells|VCAN|ITGB1,56,9,9,0.2652052564251656,9.623039513836233,ok,-0.0044065332206780355,0.6688917767807266,-0.024601209056531573,0.015788142615175502,0.8511839649913124
B Cells|Non-classical Monocytes|CIRBP|TREM1,56,9,9,0.2652052564251656,9.623039513836233,ok,-0.0887416610192189,0.13019143547869744,-0.20367261353969046,0.02618929150125264,0.4377287801809019
B Cells|Non-classical Monocytes|HMGB1|CXCR4,56,9,9,0.2652052564251656,9.623039513836233,ok,-0.011291478901205992,0.38950789492794524,-0.03700981838469336,0.014426860582281372,0.7051696932261946
Classical Monocytes|Non-classical Monocytes|ANXA1|FPR1,55,9,9,0.2676305103880259,9.574016174140938,ok,0.0031512386787455535,0.9098758474968294,-0.05141218373965014,0.05771466109714125,0.9597046428841838
NK Cells|Classical Monocytes|MIF|CD74_CXCR4,56,9,9,0.2652052564251656,9.623039513836233,ok,0.13508850641517473,0.33011319570619124,-0.13677969442046728,0.40695670725081673,0.6602263914123825
Classical Monocytes|Non-classical Monocytes|VCAN|ITGB1,56,9,9,0.2652052564251656,9.623039513836233,ok,-0.016145038370468198,0.0779398257872388,-0.034096189588052585,0.0018061128471161883,0.36031705175449685
Non-classical Monocytes|Classical Monocytes|MIF|CD44_CD74,56,9,9,0.2652052564251656,9.623039513836233,ok,-0.006139952996434106,0.7028049136719379,-0.037681037216823816,0.025401131223955604,0.8706868430576387
Classical Monocytes|Classical Monocytes|LGALS9|PTPRC,56,9,9,0.2652052564251656,9.623039513836233,ok,-0.02344846105590119,0.3311997415219724,-0.07074508759550319,0.023848165483700806,0.6606981145087292
Non-classical Monocytes|NK Cells|GRN|TNFRSF1B,56,9,9,0.2652052564251656,9.623039513836233,ok,0.047595819839045136,0.26615378366911746,-0.03629729435966149,0.13148893403775175,0.6103723582175626
B Cells|Non-classical Monocytes|MIF|CD44_CD74,56,9,9,0.2652052564251656,9.623039513836233,ok,-0.015621048510792782,0.5848511887084541,-0.07166350776849507,0.04042141074690951,0.8058564575344163
Non-classical Monocytes|CD4 T Cells|PKM|CD44,56,9,9,0.2652052564251656,9.623039513836233,ok,0.000971509288941505,0.9292994505994029,-0.020489137187179506,0.022432155765062516,0.9670691022316252
Classical Monocytes|Classical Monocytes|ANXA1|FPR1,56,9,9,0.2652052564251656,9.623039513836233,ok,-0.00960018332046747,0.38568822638209443,-0.03129103079341741,0.012090664152482476,0.700977821739688
CD4 T Cells|NK Cells|HMGB1|CXCR4,56,9,9,0.2652052564251656,9.623039513836233,ok,0.001213764265870887,0.8516455022161606,-0.011506496537743377,0.013934025069485151,0.9354499745011354
Classical Monocytes|CD4 T Cells|MIF|CD74_CXCR4,56,9,9,0.2652052564251656,9.623039513836233,ok,0.04557402915452065,0.5941380478048632,-0.12205965390155797,0.21320771221059925,0.8105044797338006
CD4 T Cells|Classical Monocytes|LTB|TNFRSF1A,56,9,9,0.2652052564251656,9.623039513836233,ok,-0.06309422957789083,0.00020379032408745772,-0.09638808938214283,-0.02980036977363884,0.018262748273991405
Non-classical Monocytes|Classical Monocytes|HLA-DQB1|CD4,56,9,9,0.2652052564251656,9.623039513836233,ok,-5.323452873093326e-05,0.9995815599645097,-0.19900523762383843,0.19889876856637656,0.9996684807878772
CD8 T Cells|CD8 T Cells|LGALS1|CD69,56,9,9,0.2652052564251656,9.623039513836233,ok,0.03823494675338868,0.22430013397093895,-0.023434561624574593,0.09990445513135195,0.561352644631888
NK Cells|Non-classical Monocytes|MIF|CD74_CXCR4,56,9,9,0.2652052564251656,9.623039513836233,ok,0.07214489087789516,0.23493633152041882,-0.04690602126327892,0.19119580301906924,0.5762122657290272
B Cells|CD4 T Cells|CD22|PTPRC,56,9,9,0.2652052564251656,9.623039513836233,ok,-0.0386944651962839,0.018396494212472237,-0.07086349384461386,-0.006525436547953942,0.18799926103096629
Non-classical Monocytes|Non-classical Monocytes|COPA|CD74,56,9,9,0.2652052564251656,9.623039513836233,ok,-0.008272357500790278,0.3051437291004111,-0.02408325238717813,0.007538537385597573,0.6368711397260647
CD8 T Cells|NK Cells|HMGB1|CXCR4,56,9,9,0.2652052564251656,9.623039513836233,ok,0.0022511054382728657,0.7141138273120335,-0.009792692682930869,0.0142949035594766,0.8748082111656352
Non-classical Monocytes|Non-classical Monocytes|CD52|SIGLEC10,55,9,9,0.28347170864438703,9.686956194052899,ok,-0.07096387146828763,0.0016099836482813767,-0.11506107460117698,-0.026866668335398275,0.05516561618375893
CD8 T Cells|CD8 T Cells|VIM|CD44,56,9,9,0.2652052564251656,9.623039513836233,ok,-0.015145742646641258,0.1612543688508845,-0.036336296045084815,0.006044810751802302,0.4905030267720685
Non-classical Monocytes|CD4 T Cells|HLA-DRB1|CD4,55,9,9,0.2652121395138156,9.515356799423158,ok,-0.045123274279152824,0.0009743190021140104,-0.07194083148675608,-0.018305717071549574,0.04127569590773898
NK Cells|NK Cells|HLA-A|CD8A,42,9,9,0.3589269195189643,8.832879529839039,ok,-0.010403533816221264,0.22224986767921795,-0.02710933156021762,0.006302263927775092,0.5583563982829806
Classical Monocytes|Non-classical Monocytes|LGALS9|CD44,56,9,9,0.2652052564251656,9.623039513836233,ok,-0.06226046299668789,0.00022517764304261098,-0.0953398276773085,-0.02918109831606728,0.01920725824268467
CD8 T Cells|NK Cells|MIF|CD74_CXCR4,56,9,9,0.2652052564251656,9.623039513836233,ok,0.024046423626172334,0.4500167465622723,-0.038345592059036995,0.08643843931138166,0.7317090156944135
Non-classical Monocytes|CD8 T Cells|LGALS9|CD44,56,9,9,0.2652052564251656,9.623039513836233,ok,-0.013376488488402422,0.6797013279997061,-0.0768768382544798,0.05012386127767496,0.8572856549972689
CD4 T Cells|NK Cells|MIF|CD74_CXCR4,56,9,9,0.2652052564251656,9.623039513836233,ok,0.014506083532064146,0.5620414625435466,-0.034529475423834784,0.06354164248796307,0.794633863911689
NK Cells|Non-classical Monocytes|CIRBP|TREM1,56,9,9,0.2652052564251656,9.623039513836233,ok,-0.08966316412907169,0.14559115325866992,-0.2104208926431385,0.031094564384995138,0.4627731567169786
NK Cells|Non-classical Monocytes|CD52|SIGLEC10,55,9,9,0.28347170864438703,9.686956194052899,ok,-0.08920618441945713,0.0010832863509549217,-0.14270785596680913,-0.03570451287210513,0.042172019071961844
Non-classical Monocytes|CD4 T Cells|VCAN|SELL,55,9,9,0.2676305103880259,9.574016174140935,ok,-0.03373967905696065,0.4351426098317358,-0.11847405143741684,0.05099469332349553,0.7190654474524428
CD8 T Cells|NK Cells|HLA-B|CD8A,42,9,9,0.3589269195189643,8.832879529839039,ok,-0.015356120804820322,0.1320603895708577,-0.0353407924993695,0.004628550889728855,0.44146442998579405
NK Cells|B Cells|LGALS1|PTPRC,56,9,9,0.2652052564251656,9.623039513836233,ok,0.011035241854832317,0.6631915674084758,-0.03862751603998087,0.06069799974964551,0.8474074044704814
Classical Monocytes|CD4 T Cells|HLA-DRA|CD4,55,9,9,0.2652121395138156,9.515356799423158,ok,-0.07473860501122292,0.00026975280840183614,-0.11495147582354447,-0.034525734198901384,0.020149548031927204
Non-classical Monocytes|NK Cells|HLA-B|CD8A,42,9,9,0.3589269195189643,8.832879529839039,ok,-0.018428095350307483,0.0970308322760182,-0.04019375120752376,0.0033375605069087995,0.38452090072030215
B Cells|CD4 T Cells|HLA-DQB1|CD4,55,9,9,0.2652121395138156,9.515356799423158,ok,-0.0482162855960734,0.03822671127053428,-0.09381630369227613,-0.002616267499870664,0.25520984888350967
Classical Monocytes|Classical Monocytes|TIMP1|CD63,56,9,9,0.2652052564251656,9.623039513836233,ok,-0.010416724452732826,0.790420591172478,-0.08723814102981689,0.06640469212435124,0.9072315159762925
B Cells|Classical Monocytes|CD22|PTPRC,56,9,9,0.2652052564251656,9.623039513836233,ok,-0.032370875802988947,0.051188353321377465,-0.06490887081440155,0.0001671192084236675,0.3004253482085882
NK Cells|NK Cells|TGFB1|CXCR4,56,9,9,0.2652052564251656,9.623039513836233,ok,0.0026024036583409543,0.9405914349323222,-0.065837891335176,0.0710426986518579,0.9723061417002267
Classical Monocytes|NK Cells|CLEC2B|KLRF1,55,9,9,0.2700378898280395,9.643175285193806,ok,0.11761155191813322,0.4303267966364668,-0.17468478289507422,0.40990788673134065,0.715708283491002
NK Cells|NK Cells|CLEC2B|KLRF1,55,9,9,0.2700378898280395,9.643175285193806,ok,0.039903437440375264,0.37808631096599354,-0.048826801559076816,0.12863367643982734,0.6971371033160949
Non-classical Monocytes|B Cells|VCAN|SELL,55,9,9,0.2676305103880259,9.574016174140935,ok,-0.050540226852241646,0.2777070657212932,-0.1417962624520182,0.040715808747534915,0.6150736341545753
CD8 T Cells|CD8 T Cells|MIF|CD44_CD74,56,9,9,0.2652052564251656,9.623039513836233,ok,0.07954274178629557,0.2227012168920406,-0.048310199991502725,0.20739568356409388,0.5585509530230943
NK Cells|NK Cells|SELPLG|SELL,56,9,9,0.2652052564251656,9.623039513836233,ok,0.09552593751749083,0.5315273113741625,-0.20371411807547268,0.39476599311045435,0.7728420643778361
CD4 T Cells|Classical Monocytes|HMGB1|CXCR4,56,9,9,0.2652052564251656,9.623039513836233,ok,-0.0060779085390155335,0.7694051772295745,-0.04671361837649455,0.03455780129846348,0.9017676372962317
CD8 T Cells|CD4 T Cells|LGALS1|CD69,56,9,9,0.2652052564251656,9.623039513836233,ok,0.02556037670563209,0.36270676235443344,-0.029478454895515496,0.08059920830677968,0.6880688797886233
Non-classical Monocytes|Classical Monocytes|VCAN|CD44,55,9,9,0.2676305103880259,9.574016174140935,ok,-0.02588677775917224,0.31810611375546993,-0.0767074110442026,0.024933855525858126,0.6484577821961898
CD4 T Cells|CD8 T Cells|MIF|CD44_CD74,56,9,9,0.2652052564251656,9.623039513836233,ok,0.04340261776762229,0.2999030224422502,-0.038658131093268544,0.12546336662851312,0.6338419579885247
B Cells|CD4 T Cells|HLA-DPB1|CD4,55,9,9,0.2652121395138156,9.515356799423158,ok,-0.03473711923221471,0.007297999825361703,-0.060113655967509574,-0.009360582496919841,0.114779229493163
NK Cells|Non-classical Monocytes|CD99|PILRA,56,9,9,0.2652052564251656,9.623039513836233,ok,-0.017438618523723373,0.03854610832117851,-0.03395822608916732,-0.0009190109582794259,0.25660694968098835
CD4 T Cells|Classical Monocytes|PKM|CD44,56,9,9,0.2652052564251656,9.623039513836233,ok,-0.03809482907219615,0.02690859444231423,-0.07183628885548105,-0.004353369288911252,0.22472051989459557
CD8 T Cells|Classical Monocytes|HMGB1|CXCR4,56,9,9,0.2652052564251656,9.623039513836233,ok,-0.0045994317919857974,0.8160448847189267,-0.04334993173888233,0.03415106815491074,0.9214942652039222
NK Cells|NK Cells|HLA-C|CD8A,42,9,9,0.3589269195189643,8.832879529839039,ok,-0.011355446375711044,0.1595983683478177,-0.027180170514789378,0.00446927776336729,0.4880091912502123
NK Cells|Classical Monocytes|VIM|CD44,56,9,9,0.2652052564251656,9.623039513836233,ok,-0.014924656826280774,0.19795732061609994,-0.037646380810476304,0.007797067157914752,0.5301615598109344
CD8 T Cells|Classical Monocytes|MIF|CD74_CXCR4,56,9,9,0.2652052564251656,9.623039513836233,ok,0.15086523955534498,0.2890052946232958,-0.12800743022070554,0.4297379093313955,0.6258477924916861
Classical Monocytes|B Cells|RETN|CAP1,55,9,9,0.2652336254732146,9.527883845410594,ok,-0.05567472534733203,0.8336897588121148,-0.5753659752265803,0.46401652453191616,0.9258804280420531
B Cells|NK Cells|CLEC2B|KLRF1,55,9,9,0.2700378898280395,9.643175285193806,ok,0.23360808581219072,0.22042929820797796,-0.1400398240794254,0.6072559957038068,0.5558444424508535
CD4 T Cells|CD8 T Cells|LGALS1|CD69,56,9,9,0.2652052564251656,9.623039513836233,ok,0.05547809242357411,0.002633288635970715,0.019324529830975025,0.09163165501617321,0.06742376397595347
Classical Monocytes|CD8 T Cells|PKM|CD44,56,9,9,0.2652052564251656,9.623039513836233,ok,-0.005832143047214078,0.6700556477312584,-0.0326604727607127,0.02099618666628454,0.8512702612943468
Non-classical Monocytes|CD8 T Cells|TIMP1|CD63,56,9,9,0.2652052564251656,9.623039513836233,ok,0.008429622110230961,0.7845694321410218,-0.05200789683658315,0.06886714105704507,0.9058705534631223
CD4 T Cells|Classical Monocytes|MIF|CD74_CXCR4,56,9,9,0.2652052564251656,9.623039513836233,ok,0.09889803665581647,0.3347425646821688,-0.10205109597983904,0.299847169291472,0.664434399443319
B Cells|CD4 T Cells|MIF|CD44_CD74,56,9,9,0.2652052564251656,9.623039513836233,ok,0.0025967797891080086,0.9651347343334069,-0.11384049059942991,0.11903405017764593,0.9825749406142884
CD4 T Cells|Non-classical Monocytes|HMGB1|CXCR4,56,9,9,0.2652052564251656,9.623039513836233,ok,-0.001022943151389677,0.9436387726306683,-0.029382376974392655,0.0273364906716133,0.972621320138487
NK Cells|Classical Monocytes|TGFB1|CXCR4,56,9,9,0.2652052564251656,9.623039513836233,ok,0.09807300506859484,0.5246673636241448,-0.20407950781482526,0.40022551795201494,0.7728168551858351
B Cells|Classical Monocytes|LTB|TNFRSF1A,56,9,9,0.2652052564251656,9.623039513836233,ok,-0.09078646612909744,0.00023081683725114627,-0.13910437040875426,-0.042468561849440624,0.01920725824268467
Non-classical Monocytes|NK Cells|HMGB1|CXCR4,56,9,9,0.2652052564251656,9.623039513836233,ok,-0.00430623302510294,0.6391998589887719,-0.02230909302605985,0.01369662697585397,0.8343617206968282
Non-classical Monocytes|NK Cells|SELPLG|SELL,56,9,9,0.2652052564251656,9.623039513836233,ok,0.010267473640292402,0.9562666102427471,-0.3566944249552477,0.3772293722358325,0.9782186359377676
CD8 T Cells|Non-classical Monocytes|HMGB1|CXCR4,56,9,9,0.2652052564251656,9.623039513836233,ok,0.000708563352672123,0.9615403306119579,-0.028091471427411596,0.02950859813275584,0.9812955613957303
CD4 T Cells|NK Cells|HLA-B|CD8A,42,9,9,0.3589269195189643,8.832879529839039,ok,-0.017670594370261965,0.14857374688162156,-0.04164541432352249,0.006304225582998563,0.46843955376749424
Non-classical Monocytes|B Cells|LGALS9|PTPRC,56,9,9,0.2652052564251656,9.623039513836233,ok,-0.058984407917901174,0.12917073214008745,-0.13517316985527483,0.017204354019472484,0.4366286656912247
Classical Monocytes|NK Cells|HMGB1|CXCR4,56,9,9,0.2652052564251656,9.623039513836233,ok,-0.004718697600507221,0.6414062584042237,-0.02457657130306722,0.015139176102052777,0.8344925753872848
CD8 T Cells|Non-classical Monocytes|MIF|CD74_CXCR4,56,9,9,0.2652052564251656,9.623039513836233,ok,0.08383793534478545,0.21435026921643985,-0.048497096591127,0.2161729672806979,0.5494346834700824
Non-classical Monocytes|CD8 T Cells|SECTM1|CD7,56,9,9,0.2652052564251656,9.623039513836233,ok,-0.18283638953370437,0.025113784419276183,-0.34284043472456127,-0.022832344342847477,0.21592294353104616
NK Cells|Non-classical Monocytes|ANXA1|FPR1,55,9,9,0.2676305103880259,9.574016174140938,ok,0.009132276098469054,0.8902071362811571,-0.12053056453508496,0.13879511673202308,0.9512717112629278
Classical Monocytes|CD4 T Cells|LGALS9|CD44,56,9,9,0.2652052564251656,9.623039513836233,ok,-0.011366865115710889,0.7084374722619615,-0.07094253685191701,0.048208806620495225,0.8719806182622135
CD4 T Cells|CD4 T Cells|LGALS1|CD69,56,9,9,0.2652052564251656,9.623039513836233,ok,0.03482517885213604,0.011006262598213306,0.007979122444571513,0.06167123525970057,0.1459639451973832
Classical Monocytes|Non-classical Monocytes|HLA-DQB1|CD4,55,9,9,0.26521213951381556,9.515356799423158,ok,0.05083339530561524,0.8593163961704806,-0.5112808708357067,0.6129476614469372,0.9354499745011354
B Cells|CD4 T Cells|HLA-DRB1|CD4,55,9,9,0.2652121395138156,9.515356799423158,ok,-0.0450654328068853,0.0004875787047006856,-0.07039214249060183,-0.01973872312316876,0.030643794496231138
CD4 T Cells|Non-classical Monocytes|MIF|CD74_CXCR4,56,9,9,0.2652052564251656,9.623039513836233,ok,0.05853390700507627,0.18404826531024387,-0.02782934371991891,0.14489715773007145,0.5129894211474645
Non-classical Monocytes|CD8 T Cells|PKM|CD44,56,9,9,0.2652052564251656,9.623039513836233,ok,0.008775963109051835,0.5883365858422517,-0.023003495379879002,0.04055542159798267,0.8085140495902845
Classical Monocytes|NK Cells|SELPLG|ITGB2,56,9,9,0.2652052564251656,9.623039513836233,ok,-0.016615039169408666,0.5630061461829927,-0.07291843421838834,0.039688355879571,0.794634760713594
CD4 T Cells|NK Cells|VIM|CD44,56,9,9,0.2652052564251656,9.623039513836233,ok,-0.019251105130184937,0.14513983792724647,-0.045149302390489116,0.006647092130119239,0.462515356447034
NK Cells|Non-classical Monocytes|TGFB1|CXCR4,56,9,9,0.2652052564251656,9.623039513836233,ok,0.0684863640564959,0.5167724897120107,-0.13855497727542898,0.27552770538842075,0.7713389243047601
B Cells|CD4 T Cells|HLA-DPA1|CD4,55,9,9,0.2652121395138156,9.515356799423158,ok,-0.04184845218841359,0.0028816269927507956,-0.06937159063602824,-0.01432531374079895,0.07048015314258364
B Cells|NK Cells|HLA-B|CD8A,42,9,9,0.3589269195189643,8.832879529839039,ok,-0.016619567051452407,0.12845256674032168,-0.038046390990945624,0.00480725688804081,0.4362893301821422
Non-classical Monocytes|Non-classical Monocytes|MIF|CD44_CD74,56,9,9,0.2652052564251656,9.623039513836233,ok,-0.01251250377750085,0.6707837979240489,-0.07020631995722074,0.04518131240221904,0.8517309259744054
CD8 T Cells|NK Cells|CLEC2B|KLRF1,55,9,9,0.2700378898280395,9.643175285193806,ok,0.10816512424361564,0.3901546026286201,-0.13853639297650844,0.35486664146373975,0.705792099475687
Classical Monocytes|Classical Monocytes|COPA|CD74,56,9,9,0.2652052564251656,9.623039513836233,ok,-0.028241953064216452,0.030066264889472966,-0.05375956069752133,-0.0027243454309115733,0.2382802625594286
Classical Monocytes|Classical Monocytes|MIF|CD44_CD74,56,9,9,0.2652052564251656,9.623039513836233,ok,0.000849461820477862,0.9737472659898189,-0.049742217352997255,0.05144114099395298,0.9866872719048484
CD8 T Cells|Non-classical Monocytes|LTB|TNFRSF1A,56,9,9,0.2652052564251656,9.623039513836233,ok,-0.2614840269740892,0.018662637368995594,-0.479364666945657,-0.043603387002521365,0.1895263231308322
B Cells|B Cells|LGALS1|CD69,53,9,9,0.27634961439588684,9.952595415192851,ok,0.015250240990546286,0.56989865051071,-0.037354269275514676,0.06785475125660725,0.798636221385052
B Cells|Non-classical Monocytes|HLA-DMA|CD4,56,9,9,0.2652052564251656,9.623039513836233,ok,-0.006867779344752342,0.7737705502894754,-0.053695991339119335,0.03996043264961465,0.9028746418443675
Classical Monocytes|NK Cells|HLA-B|CD8A,42,9,9,0.3589269195189643,8.832879529839039,ok,-0.022284332249841117,0.12451929422076799,-0.0507181055409288,0.006149441041246567,0.4298221563472435
Non-classical Monocytes|Classical Monocytes|HMGB1|CXCR4,56,9,9,0.2652052564251656,9.623039513836233,ok,-0.0038105828162307426,0.8671056798359869,-0.04844296972371518,0.040821804091253695,0.9406758903134119
Non-classical Monocytes|Classical Monocytes|SERPINA1|LRP1,56,9,9,0.2652052564251656,9.623039513836233,ok,-0.05169129372475567,0.020987214315211666,-0.09558369546881554,-0.0077988919806958115,0.20010282764107593
NK Cells|Classical Monocytes|ANXA1|FPR1,56,9,9,0.2652052564251656,9.623039513836233,ok,-0.014161315465041277,0.6780762333639596,-0.0810279896896979,0.05270535875961535,0.8567882992071724
Classical Monocytes|Classical Monocytes|HMGB1|CXCR4,56,9,9,0.2652052564251656,9.623039513836233,ok,-0.01086127511622785,0.6698797227764834,-0.06079572162663332,0.03907317139417762,0.8512702612943468
Non-classical Monocytes|CD4 T Cells|HLA-DRB5|CD4,49,9,9,0.2805397727272728,9.831956835628903,ok,0.1016066975052321,0.8098878600173562,-0.7261976290624672,0.9294110240729314,0.9186359194426007
CD8 T Cells|NK Cells|CLEC2D|KLRB1,56,9,9,0.2652052564251656,9.623039513836233,ok,-0.05306790011737393,0.640395966064113,-0.27572064961842235,0.16958484938367452,0.8344925753872848
CD4 T Cells|Non-classical Monocytes|CIRBP|TREM1,56,9,9,0.2652052564251656,9.623039513836233,ok,-0.09435431369469155,0.1212524189686518,-0.21370023756047624,0.024991610171093123,0.42357137218891616
B Cells|Classical Monocytes|VIM|CD44,56,9,9,0.2652052564251656,9.623039513836233,ok,-0.029335930209172162,0.017908602907984066,-0.05362201590621897,-0.00504984451212535,0.18711679271570794
NK Cells|NK Cells|MIF|CD44_CD74,56,9,9,0.2652052564251656,9.623039513836233,ok,0.10878451885540892,0.39585321464202916,-0.1423357019135783,0.3599047396243961,0.7083711386143706
CD8 T Cells|Classical Monocytes|PKM|CD44,56,9,9,0.2652052564251656,9.623039513836233,ok,-0.045616787912084344,0.02575377517981155,-0.0857114450237022,-0.005522130800466478,0.21900108090861647
Non-classical Monocytes|B Cells|CD14|ITGB2,56,9,9,0.2652052564251656,9.623039513836233,ok,-0.21130494098249109,0.3115458928827265,-0.6205507749657182,0.19794089300073608,0.6395611721733504
CD8 T Cells|Non-classical Monocytes|CIRBP|TREM1,56,9,9,0.2652052564251656,9.623039513836233,ok,-0.09013673793931637,0.12125412242489575,-0.2041484993353837,0.02387502345675095,0.42357137218891616
CD8 T Cells|NK Cells|LGALS1|CD69,56,9,9,0.2652052564251656,9.623039513836233,ok,0.036329798649800016,0.42017670347522496,-0.052001421399048134,0.12466101869864817,0.7094287819545465
Non-classical Monocytes|Non-classical Monocytes|PTPN6|CLEC12A,56,9,9,0.2652052564251656,9.623039513836233,ok,-0.18683698548314648,0.03128509962578502,-0.3568885752391932,-0.01678539572709975,0.2430856556800983
Non-classical Monocytes|Non-classical Monocytes|HMGB1|CXCR4,56,9,9,0.2652052564251656,9.623039513836233,ok,-0.007756318514747992,0.6851958159484223,-0.045256892774156086,0.0297442557446601,0.8607505571985732
B Cells|NK Cells|MIF|CD74_CXCR4,56,9,9,0.2652052564251656,9.623039513836233,ok,0.022514361220973486,0.522159023446652,-0.04643235341811365,0.09146107586006062,0.7728168551858351
CD4 T Cells|Classical Monocytes|S100A9|CD68,54,9,9,0.27165418430478677,9.584309997177423,ok,-0.0028318607219272596,0.9885192770477443,-0.3885551117014231,0.3828913902575686,0.9936903924411716
Non-classical Monocytes|CD4 T Cells|CD48|CD2,56,9,9,0.2652052564251656,9.623039513836233,ok,-0.04982378930477946,0.014212458091957479,-0.0896520422130396,-0.00999553639651931,0.17337710656681113
Classical Monocytes|Non-classical Monocytes|HMGB1|CXCR4,56,9,9,0.2652052564251656,9.623039513836233,ok,-0.012906588707934596,0.5167038089484419,-0.05191814620031477,0.026104968784445577,0.7713389243047601
B Cells|CD8 T Cells|MIF|CD44_CD74,56,9,9,0.2652052564251656,9.623039513836233,ok,0.0665963920372594,0.34348166727670026,-0.07119034573542246,0.20438312980994125,0.6702600503166763
Non-classical Monocytes|Non-classical Monocytes|VCAN|CD44,55,9,9,0.2676305103880259,9.574016174140935,ok,-0.048123864299786004,0.21189598179390734,-0.12367928590908768,0.027431557309515672,0.5461478291811992
Non-classical Monocytes|CD8 T Cells|CD48|CD2,56,9,9,0.2652052564251656,9.623039513836233,ok,-0.044918821258626104,0.042325298154118354,-0.08828135347442537,-0.0015562890428268347,0.27146474333909887
NK Cells|CD8 T Cells|HLA-F|CD8B,56,9,9,0.2652052564251656,9.623039513836233,ok,-0.05769838217609149,0.047014286682777476,-0.11463543533225407,-0.0007613290199289108,0.28305759165599875
Classical Monocytes|Non-classical Monocytes|GRN|TNFRSF1A,56,9,9,0.2652052564251656,9.623039513836233,ok,-0.16639813916949137,0.014486838564897365,-0.2997886317974478,-0.03300764654153493,0.17580382216776488
CD4 T Cells|Non-classical Monocytes|PKM|CD44,56,9,9,0.2652052564251656,9.623039513836233,ok,-0.05632925770309227,0.014631542988667225,-0.10155107623751017,-0.011107439168674377,0.17607273387292094
CD8 T Cells|NK Cells|HLA-A|CD8A,42,9,9,0.3589269195189643,8.832879529839039,ok,-0.010196756959962618,0.38887804473196685,-0.03339084712260804,0.012997333202682808,0.7049553548901839
NK Cells|CD4 T Cells|SELPLG|SELL,56,9,9,0.2652052564251656,9.623039513836233,ok,-0.04328679896389588,0.6871306254762972,-0.2539388940291934,0.16736529610140166,0.8612458254862083
Non-classical Monocytes|CD4 T Cells|MIF|CD44_CD74,56,9,9,0.2652052564251656,9.623039513836233,ok,0.01646558997636964,0.7729233800267682,-0.09537504476032131,0.12830622471306058,0.9028746418443675
Classical Monocytes|Non-classical Monocytes|SELPLG|ITGB2,56,9,9,0.2652052564251656,9.623039513836233,ok,-0.028819803120750248,0.35509549954879915,-0.08990195676329449,0.03226235052179399,0.6855454865025729
Non-classical Monocytes|NK Cells|CD14|ITGB1,56,9,9,0.2652052564251656,9.623039513836233,ok,0.13367080387350216,0.3356694636269134,-0.1384538860561007,0.40579549380310503,0.664494350255487
CD8 T Cells|NK Cells|SELPLG|ITGB2,56,9,9,0.2652052564251656,9.623039513836233,ok,-0.12208639416209979,0.0057276515242151195,-0.2086903701810391,-0.035482418143160485,0.10265713885708637
Non-classical Monocytes|Non-classical Monocytes|SERPINA1|LRP1,56,9,9,0.2652052564251656,9.623039513836233,ok,-0.09280335538600143,0.2586653715211463,-0.25383300106844175,0.06822629029643892,0.6057189101952472
CD4 T Cells|NK Cells|LGALS1|CD69,56,9,9,0.2652052564251656,9.623039513836233,ok,0.04382496048178007,0.08852865967907664,-0.006606467720106306,0.09425638868366645,0.37032635018357013
NK Cells|Non-classical Monocytes|VIM|CD44,56,9,9,0.2652052564251656,9.623039513836233,ok,-0.026082089252393498,0.10838024041611459,-0.05792228747210601,0.0057581089673190144,0.4031071181583722
CD8 T Cells|NK Cells|VIM|CD44,56,9,9,0.2652052564251656,9.623039513836233,ok,-0.02442067817878814,0.26523274606567526,-0.06738207742885241,0.01854072107127614,0.6095794131467795
B Cells|Classical Monocytes|MIF|CD74_CXCR4,56,9,9,0.2652052564251656,9.623039513836233,ok,0.12314530229011177,0.4094848376418244,-0.16948345388083136,0.4157740584610549,0.7083711386143706
NK Cells|B Cells|SELPLG|SELL,56,9,9,0.2652052564251656,9.623039513836233,ok,-0.09918625772255027,0.14530525361340296,-0.23267478492847324,0.0343022694833727,0.462515356447034
Classical Monocytes|CD8 T Cells|LGALS9|CD44,56,9,9,0.2652052564251656,9.623039513836233,ok,0.009234237084254596,0.8140120144270289,-0.06769883779366417,0.08616731196217337,0.9211500697498676
Non-classical Monocytes|NK Cells|LGALS9|CD44,56,9,9,0.2652052564251656,9.623039513836233,ok,-0.031203362064570556,0.7130622986480113,-0.19750670817359273,0.13509998404445162,0.8746155688560316
CD4 T Cells|CD8 T Cells|S100A9|ITGB2,54,9,9,0.27165418430478677,9.584309997177423,ok,0.05980015168217109,0.7373314664781845,-0.2896628651139844,0.40926316847832656,0.8832813968607557
Non-classical Monocytes|CD8 T Cells|VCAN|SELL,55,9,9,0.2676305103880259,9.574016174140935,ok,-0.11284649638147953,0.4021769166446477,-0.37686057031227005,0.15116757754931098,0.7083711386143706
Non-classical Monocytes|Classical Monocytes|COPA|CD74,56,9,9,0.2652052564251656,9.623039513836233,ok,-0.02691556622547768,0.05730706652312767,-0.05466654526124278,0.0008354128102874211,0.3134400586828344
Classical Monocytes|Classical Monocytes|VCAN|TLR2,56,9,9,0.2652052564251656,9.623039513836233,ok,-0.008102939198093823,0.7217090330768967,-0.052691808209374656,0.03648592981318701,0.8774921428055984
Non-classical Monocytes|NK Cells|LGALS9|CD47,56,9,9,0.2652052564251656,9.623039513836233,ok,-0.06720463104409556,0.21613834289426526,-0.1736988584479912,0.039289596359800075,0.5509872417326456
NK Cells|Non-classical Monocytes|HLA-F|LILRB2,56,9,9,0.2652052564251656,9.623039513836233,ok,-0.061740561901743776,0.0783119726738241,-0.13047374899369096,0.006992625190203411,0.36132058679209933
NK Cells|B Cells|SPON2|ITGB2,56,9,9,0.2652052564251656,9.623039513836233,ok,0.10235123075940628,0.5885149476846019,-0.2684596532868292,0.47316211480564174,0.8085140495902845
Non-classical Monocytes|Non-classical Monocytes|LGALS9|CD47,56,9,9,0.2652052564251656,9.623039513836233,ok,-0.06958244784907774,0.2105005670166351,-0.1784948894312526,0.03932999373309712,0.5437542363068291
Non-classical Monocytes|NK Cells|HLA-A|CD8A,42,9,9,0.3589269195189643,8.832879529839039,ok,-0.012379416750603799,0.3958297371654772,-0.04095487413890215,0.016196040637694552,0.7083711386143706
CD8 T Cells|NK Cells|MIF|CD44_CD74,56,9,9,0.2652052564251656,9.623039513836233,ok,0.11390828994005939,0.42567954583845713,-0.16635068248085275,0.39416726236097155,0.7129096204723137
CD8 T Cells|NK Cells|HLA-C|CD8A,42,9,9,0.3589269195189643,8.832879529839039,ok,-0.013954571996186889,0.20065575853044004,-0.03532736872310207,0.007418224730728291,0.5333536633626731
Non-classical Monocytes|CD4 T Cells|CD14|ITGB1,56,9,9,0.2652052564251656,9.623039513836233,ok,0.020305905583158146,0.8970033186326378,-0.2871449773849576,0.3277567885512739,0.9544109157180316
Non-classical Monocytes|CD4 T Cells|SELPLG|SELL,56,9,9,0.2652052564251656,9.623039513836233,ok,-0.08881235475074688,0.22583857322686995,-0.23253465267846324,0.05490994317696947,0.5621836277976571
CD4 T Cells|NK Cells|MIF|CD44_CD74,56,9,9,0.2652052564251656,9.623039513836233,ok,0.07617180237529468,0.4424600967470317,-0.11820987248360178,0.27055347723419115,0.7265201024810316
B Cells|Non-classical Monocytes|HLA-DQA1|CD4,56,9,9,0.2652052564251656,9.623039513836233,ok,-0.0258350340264355,0.1549449935114097,-0.061436840686162744,0.009766772633291745,0.4794446678374297
B Cells|Non-classical Monocytes|MIF|CD74_CXCR4,56,9,9,0.2652052564251656,9.623039513836233,ok,0.07252885250035343,0.32114759952296057,-0.0707567051966479,0.21581441019735476,0.650107651510424
Non-classical Monocytes|NK Cells|HLA-C|CD8A,42,9,9,0.3589269195189643,8.832879529839039,ok,-0.02114194933235366,0.13045549075809362,-0.04854209227108079,0.0062581936063734744,0.4379845727180953
Non-classical Monocytes|Non-classical Monocytes|ANXA1|FPR1,55,9,9,0.2676305103880259,9.574016174140938,ok,-0.04980809583514427,0.40414450723975737,-0.16682695712230816,0.06721076545201962,0.7083711386143706
CD4 T Cells|B Cells|VIM|CD44,56,9,9,0.2652052564251656,9.623039513836233,ok,-0.02860204945650692,0.032517696441835615,-0.0548224866700258,-0.0023816122429880376,0.24335020817555308
Non-classical Monocytes|Non-classical Monocytes|GRN|TNFRSF1A,56,9,9,0.2652052564251656,9.623039513836233,ok,-0.1647864529766663,0.09335734091341555,-0.3572689385918451,0.027696032638512502,0.37934127597067635
CD8 T Cells|Non-classical Monocytes|LGALS1|PTPRC,56,9,9,0.2652052564251656,9.623039513836233,ok,0.0022644348058522973,0.955953518359363,-0.07809113528285691,0.0826200048945615,0.9782186359377676
Non-classical Monocytes|Classical Monocytes|CIRBP|TREM1,56,9,9,0.2652052564251656,9.623039513836233,ok,-0.10459974090818183,0.0005349964063590155,-0.16380730806921867,-0.04539217374714498,0.031163540670412652
CD4 T Cells|NK Cells|HLA-A|CD8A,42,9,9,0.3589269195189643,8.832879529839039,ok,-0.011029106580448138,0.44798341900149174,-0.03951775394328924,0.017459540782392965,0.729938369587654
Non-classical Monocytes|B Cells|SELPLG|SELL,56,9,9,0.2652052564251656,9.623039513836233,ok,-0.13187741331136046,0.024298871858127066,-0.24663428250790187,-0.017120544114819045,0.21250436870894354
Classical Monocytes|Non-classical Monocytes|HLA-DPB1|CD4,56,9,9,0.2652052564251656,9.623039513836233,ok,-0.16495973479257703,0.02435937093623684,-0.30856514721028394,-0.021354322374870144,0.21250436870894354
NK Cells|NK Cells|CALM1|PTPRA,56,9,9,0.2652052564251656,9.623039513836233,ok,-0.011013968113816969,0.5737849881257746,-0.04939178296814765,0.02736384674051371,0.798636221385052
Non-classical Monocytes|Non-classical Monocytes|CD14|ITGB1,56,9,9,0.2652052564251656,9.623039513836233,ok,-0.020039749361166814,0.8875323623160198,-0.297759664249774,0.2576801655274404,0.9502907590138321
NK Cells|Classical Monocytes|LGALS1|CD69,55,9,9,0.2700378898280395,9.643175285193806,ok,0.13285494352544405,0.24780348464187896,-0.09245498316314704,0.35816487021403515,0.5934400135689708
Classical Monocytes|Classical Monocytes|HBEGF|CD44,50,9,9,0.40242939530417954,9.06308987969776,ok,-0.05888852542495744,0.4530858932774031,-0.21272354678665029,0.09494649593673542,0.7336463469734661
Classical Monocytes|NK Cells|PKM|CD44,56,9,9,0.2652052564251656,9.623039513836233,ok,-0.008773718821893234,0.7567936359466771,-0.06430004711084919,0.04675260946706273,0.89645611172128
NK Cells|NK Cells|TIMP1|CD63,54,9,9,0.27165418430478677,9.584309997177423,ok,0.07796060330963568,0.3340097126808781,-0.08020614546888209,0.23612735208815344,0.664434399443319
Classical Monocytes|Non-classical Monocytes|MIF|CD44_CD74,56,9,9,0.2652052564251656,9.623039513836233,ok,-0.015815253330256657,0.6840884168042729,-0.09199625843805675,0.06036575177754344,0.8606511939276219
NK Cells|Classical Monocytes|PKM|CD44,56,9,9,0.2652052564251656,9.623039513836233,ok,-0.03800905849470389,0.05595088525164034,-0.07698346687017146,0.0009653498807636884,0.3125667731567227
Non-classical Monocytes|CD4 T Cells|VCAN|CD44,55,9,9,0.2676305103880259,9.574016174140935,ok,-0.005684626642255733,0.9009141321220724,-0.095171116821034,0.08380186353652254,0.9546018393114759
B Cells|Classical Monocytes|PKM|CD44,56,9,9,0.2652052564251656,9.623039513836233,ok,-0.054691762242470826,0.033419511474989866,-0.10508834779523601,-0.0042951766897056445,0.2479855469322496
CD8 T Cells|Non-classical Monocytes|SELPLG|ITGB2,56,9,9,0.2652052564251656,9.623039513836233,ok,-0.15058353453528578,0.0017167654007304153,-0.24471742848928618,-0.05644964058128536,0.05593910460847853
Non-classical Monocytes|Classical Monocytes|ANXA1|FPR1,56,9,9,0.2652052564251656,9.623039513836233,ok,-0.05089280401083736,0.13810746510932032,-0.11815944652996081,0.016373838508286095,0.4532399804351706
NK Cells|B Cells|MIF|CD44_CD74,56,9,9,0.2652052564251656,9.623039513836233,ok,0.10129637714903719,0.4635102846489366,-0.1695301878829744,0.3721229421810488,0.7417437934285868
CD4 T Cells|CD4 T Cells|PKM|CD44,56,9,9,0.2652052564251656,9.623039513836233,ok,-0.030760386020426578,0.3065912834856416,-0.08972870247296097,0.02820793043210782,0.6368711397260647
NK Cells|NK Cells|SPON2|ITGB1,56,9,9,0.2652052564251656,9.623039513836233,ok,0.19946167391814235,0.2733495170233613,-0.15743469697189316,0.5563580448081779,0.6138754001696373
CD4 T Cells|Non-classical Monocytes|LGALS1|PTPRC,56,9,9,0.2652052564251656,9.623039513836233,ok,-0.005606606240451242,0.7344600754474351,-0.0380028019349818,0.02678958945407932,0.8832813968607557
Classical Monocytes|B Cells|LGALS9|PTPRC,56,9,9,0.2652052564251656,9.623039513836233,ok,-0.10682268714195464,0.079533743985409,-0.2262300552059287,0.01258468092201942,0.361400638593389
B Cells|NK Cells|HLA-A|CD8A,42,9,9,0.3589269195189643,8.832879529839039,ok,-0.010947935368028523,0.4779530905921686,-0.041186945352927426,0.019291074616870376,0.7528784409298113
Classical Monocytes|Non-classical Monocytes|CD14|ITGA4,56,9,9,0.2652052564251656,9.623039513836233,ok,-0.1130505535529325,0.007774381225252124,-0.19629577834438716,-0.029805328761477845,0.11864517046122955
B Cells|Non-classical Monocytes|VIM|CD44,56,9,9,0.2652052564251656,9.623039513836233,ok,-0.048802196456456226,0.006410949991397788,-0.08389060413993443,-0.013713788772978026,0.11064824799968034
CD8 T Cells|Non-classical Monocytes|PKM|CD44,56,9,9,0.2652052564251656,9.623039513836233,ok,-0.07159935810070224,0.012072050157656193,-0.12750789193765577,-0.015690824263748702,0.15454877399636774
NK Cells|CD4 T Cells|VIM|CD44,56,9,9,0.2652052564251656,9.623039513836233,ok,-0.0004970931357065056,0.9823685257590425,-0.04458321956732414,0.04358903329591113,0.9917325238382015
Non-classical Monocytes|CD4 T Cells|HLA-DPB1|CD4,55,9,9,0.2652121395138156,9.515356799423158,ok,-0.07825209716113707,0.0023890681477938837,-0.12875220591964792,-0.027751988402626215,0.0654885739336441
Non-classical Monocytes|CD4 T Cells|HLA-DPA1|CD4,55,9,9,0.2652121395138156,9.515356799423158,ok,-0.08111836619456131,0.0013282517551558564,-0.13065068668881819,-0.031586045700304446,0.0476127167617407
Non-classical Monocytes|NK Cells|MIF|CD74_CXCR4,56,9,9,0.2652052564251656,9.623039513836233,ok,0.017202033898903082,0.616464321568359,-0.050111899697187295,0.08451596749499346,0.8232939899658646
Classical Monocytes|CD4 T Cells|HLA-DRB1|CD4,55,9,9,0.2652121395138156,9.515356799423158,ok,-0.1511183113991565,0.0001353247729353501,-0.22872390131607256,-0.07351272148224042,0.015765336046968285
Classical Monocytes|CD8 T Cells|LGALS1|ITGB1,53,9,9,0.26914101703681353,9.40561884787259,ok,-0.010735520857550994,0.6415289414509808,-0.055930849282699535,0.03445980756759755,0.8344925753872848
CD8 T Cells|CD8 T Cells|HLA-F|CD8B,56,9,9,0.2652052564251656,9.623039513836233,ok,-0.07331916398189306,0.029872212294704947,-0.13948741220903277,-0.007150915754753337,0.2378016567627424
Non-classical Monocytes|NK Cells|PKM|CD44,56,9,9,0.2652052564251656,9.623039513836233,ok,0.010789807185118835,0.7650794044602282,-0.05998129354940859,0.08156090791964626,0.8994122161414387
Classical Monocytes|Classical Monocytes|TIMP2|CD44,56,9,9,0.2652052564251656,9.623039513836233,ok,-0.05204536585089544,0.07101108348602649,-0.10854623618297501,0.00445550448118414,0.3439830031651595
CD8 T Cells|CD8 T Cells|LGALS1|PTPRC,56,9,9,0.2652052564251656,9.623039513836233,ok,0.038594682048154194,0.5317367781941558,-0.08236692383836265,0.15955628793467103,0.7728420643778361
Classical Monocytes|NK Cells|HLA-A|CD8A,42,9,9,0.3589269195189643,8.832879529839039,ok,-0.017246839478282955,0.3229634824469384,-0.051447215773232365,0.016953536816666455,0.6520839810237145
CD4 T Cells|CD8 T Cells|LCK|CD8A_CD8B,56,9,9,0.2652052564251656,9.623039513836233,ok,-0.06471966063366462,0.0017107127472108733,-0.10516433185622862,-0.024274989411100623,0.05593910460847853
NK Cells|NK Cells|LGALS1|ITGB1,56,9,9,0.2652052564251656,9.623039513836233,ok,0.10244680182154797,0.08264905021445149,-0.013248922406048497,0.21814252604914444,0.36541230929729024
Non-classical Monocytes|NK Cells|CD48|CD2,56,9,9,0.2652052564251656,9.623039513836233,ok,-0.07781648584793105,0.027536286144289164,-0.1470221388014613,-0.008610832894400802,0.2267121792091652
Non-classical Monocytes|CD8 T Cells|LGALS1|ITGB1,53,9,9,0.26914101703681353,9.40561884787259,ok,-0.015404187625062356,0.5480670253836544,-0.06566838892340453,0.034860013673279816,0.7839141615370869
NK Cells|CD4 T Cells|SPON2|ITGB1,56,9,9,0.2652052564251656,9.623039513836233,ok,0.11823641093270942,0.3981796301223721,-0.15605104453757285,0.3925238664029917,0.7083711386143706
CD4 T Cells|NK Cells|HLA-C|CD8A,42,9,9,0.3589269195189643,8.832879529839039,ok,-0.015298266998925697,0.284446825273291,-0.04331071179217311,0.012714177794321716,0.6217271134022214
Non-classical Monocytes|Classical Monocytes|PTPN6|CLEC12A,56,9,9,0.2652052564251656,9.623039513836233,ok,-0.1817120681444786,0.027065965474089286,-0.34282431214733533,-0.020599824141621897,0.22522749840938586
Non-classical Monocytes|CD8 T Cells|MIF|CD44_CD74,56,9,9,0.2652052564251656,9.623039513836233,ok,0.07869527871723082,0.180034020769562,-0.036353301099328716,0.19374385853379036,0.5115230327004978
NK Cells|Non-classical Monocytes|MIF|TNFRSF14,56,9,9,0.2652052564251656,9.623039513836233,ok,-0.007666393520249226,0.9595018091389023,-0.3035746158745997,0.28824182883410127,0.9801136410756871
CD8 T Cells|CD8 T Cells|LCK|CD8A_CD8B,56,9,9,0.2652052564251656,9.623039513836233,ok,-0.049149626804066274,0.01689904155598796,-0.08947430397882708,-0.008824949629305474,0.17979345582398149
CD4 T Cells|NK Cells|SELPLG|ITGB2,56,9,9,0.2652052564251656,9.623039513836233,ok,-0.10649319038160909,0.019882543224797256,-0.196129309478088,-0.0168570712851302,0.19289099260817555
Non-classical Monocytes|Non-classical Monocytes|GNAI2|C5AR1,56,9,9,0.2652052564251656,9.623039513836233,ok,-0.14424012133850528,0.012033814375077105,-0.25682013782517765,-0.031660104851832904,0.15454877399636774
Classical Monocytes|Classical Monocytes|CD14|ITGB1,56,9,9,0.2652052564251656,9.623039513836233,ok,-0.05164131848977031,0.06428765041034389,-0.10634688199509817,0.0030642450155575485,0.3358282360514009
NK Cells|NK Cells|SPON2|ITGAM,55,9,9,0.2700378898280395,9.643175285193806,ok,0.08670265745341979,0.6125562776890161,-0.24885168074352224,0.4222569956503618,0.8224662547240512
CD8 T Cells|NK Cells|LGALS1|PTPRC,56,9,9,0.2652052564251656,9.623039513836233,ok,0.006163991160198806,0.8726649200908032,-0.06921423705443233,0.08154221937482994,0.9413667652800785
NK Cells|Classical Monocytes|SPON2|ITGAM,56,9,9,0.2652052564251656,9.623039513836233,ok,0.22553968059289922,0.20103126690332007,-0.12018462184687398,0.5712639830326725,0.5333536633626731
CD8 T Cells|Classical Monocytes|LTB|TNFRSF1A,56,9,9,0.2652052564251656,9.623039513836233,ok,-0.21226708681485132,0.018723103637576358,-0.38922841845097017,-0.03530575517873247,0.1895263231308322
NK Cells|Non-classical Monocytes|SPON2|ITGB1,56,9,9,0.2652052564251656,9.623039513836233,ok,0.18793252405467414,0.24911426664103098,-0.13166824536802468,0.507533293477373,0.5947092636000022
Classical Monocytes|Classical Monocytes|HLA-DQB1|CD4,55,9,9,0.26521213951381556,9.515356799423158,ok,0.03669432283743326,0.8974739555099602,-0.5214575480389655,0.594846193713832,0.9544109157180316
CD8 T Cells|Non-classical Monocytes|HLA-F|LILRB2,56,9,9,0.2652052564251656,9.623039513836233,ok,-0.08199723843779197,0.03606714156406443,-0.1586664297284735,-0.005328047147110451,0.25160610731817407
CD4 T Cells|CD8 T Cells|LGALS1|PTPRC,56,9,9,0.2652052564251656,9.623039513836233,ok,0.026133162594597248,0.37723337659496003,-0.03187334554525759,0.08413967073445208,0.6971371033160949
B Cells|B Cells|CD22|PTPRC,56,9,9,0.2652052564251656,9.623039513836233,ok,-0.10770607748398475,0.012021079224280858,-0.19175861052156468,-0.023653544446404842,0.15454877399636774
CD8 T Cells|B Cells|VIM|CD44,56,9,9,0.2652052564251656,9.623039513836233,ok,-0.04140200042727535,0.03755572309284911,-0.08042087943820442,-0.002383121416346272,0.2535980110813724
Non-classical Monocytes|Classical Monocytes|MIF|CD74_CXCR4,56,9,9,0.2652052564251656,9.623039513836233,ok,0.15561330936300605,0.2761121971578454,-0.12443260997555627,0.43565922870156837,0.6138754001696373
Classical Monocytes|Classical Monocytes|SELPLG|ITGB2,56,9,9,0.2652052564251656,9.623039513836233,ok,-0.07790176173110692,0.33429394359313847,-0.23604209501540746,0.08023857155319362,0.664434399443319
Classical Monocytes|Classical Monocytes|CIRBP|TREM1,56,9,9,0.2652052564251656,9.623039513836233,ok,-0.14859980247846075,0.00033292554662294084,-0.22976793942755214,-0.06743166552936937,0.022815191871513298
Non-classical Monocytes|B Cells|LGALS9|CD47,56,9,9,0.2652052564251656,9.623039513836233,ok,-0.12023134484817434,0.22755490990820715,-0.3155182934454472,0.07505560374909852,0.5642240092317569
NK Cells|CD4 T Cells|LGALS1|ITGB1,56,9,9,0.2652052564251656,9.623039513836233,ok,0.10167218292863854,0.10214018832359158,-0.02024023379028632,0.2235845996475634,0.3940176138972986
NK Cells|Non-classical Monocytes|LGALS1|CD69,56,9,9,0.2652052564251656,9.623039513836233,ok,0.1478396284239165,0.08414607848313953,-0.0199311770920802,0.3156104339399132,0.3678430822996531
Classical Monocytes|CD4 T Cells|CD14|ITGA4,55,9,9,0.28347170864438703,9.686956194052899,ok,-0.12160459580145704,0.06948701839558137,-0.25290437646414987,0.009695184861235814,0.34145663857385705
CD4 T Cells|NK Cells|TIMP1|CD63,56,9,9,0.2652052564251656,9.623039513836233,ok,0.02267945011896705,0.7835120679952909,-0.13911016165379175,0.18446906189172585,0.9051879425109698
Non-classical Monocytes|Non-classical Monocytes|HLA-DMA|CD4,56,9,9,0.2652052564251656,9.623039513836233,ok,-0.03031957261625505,0.6527602288319656,-0.16239599482739675,0.10175684959488664,0.8411593233683057
Non-classical Monocytes|B Cells|LGALS9|CD44,56,9,9,0.2652052564251656,9.623039513836233,ok,-0.0648081919188084,0.3373641607772845,-0.1972071208381207,0.06759073700050389,0.6656064968651764
Classical Monocytes|CD4 T Cells|MIF|CD44_CD74,56,9,9,0.2652052564251656,9.623039513836233,ok,0.021640497301425712,0.8023100759377143,-0.14777490365153395,0.1910558982543854,0.9149885771254402
B Cells|Classical Monocytes|HLA-DMA|CD4,56,9,9,0.2652052564251656,9.623039513836233,ok,-0.01610700119186642,0.5974824973623949,-0.07589429616599233,0.043680293782259495,0.8136377667179311
CD4 T Cells|NK Cells|CLEC2D|KLRB1,56,9,9,0.2652052564251656,9.623039513836233,ok,-0.027775633633566332,0.8284553503922327,-0.2790146622997022,0.2234633950325695,0.9245429687378013
CD4 T Cells|NK Cells|LGALS1|PTPRC,56,9,9,0.2652052564251656,9.623039513836233,ok,0.001971334154639348,0.9136658743688724,-0.03366686813524618,0.037609536444524874,0.9597046428841838
Non-classical Monocytes|Classical Monocytes|ANXA2|TLR2,56,9,9,0.2652052564251656,9.623039513836233,ok,-0.02331270876734559,0.381288884142427,-0.07550096646121163,0.02887554892652045,0.6971371033160949
NK Cells|CD8 T Cells|SELPLG|ITGB2,56,9,9,0.2652052564251656,9.623039513836233,ok,-0.06635558716802589,0.6124324527484639,-0.3230737933984238,0.19036261906237203,0.8224662547240512
Classical Monocytes|NK Cells|TNFSF13B|HLA-DPB1,56,9,9,0.2652052564251656,9.623039513836233,ok,0.0344716153036905,0.562859271949918,-0.08229843898947359,0.1512416695968546,0.794634760713594
NK Cells|Non-classical Monocytes|TIMP1|CD63,54,9,9,0.27165418430478677,9.584309997177423,ok,-0.05258799060354026,0.5702548266646583,-0.2341537493819576,0.1289777681748771,0.798636221385052
Classical Monocytes|Classical Monocytes|SERPINA1|LRP1,56,9,9,0.2652052564251656,9.623039513836233,ok,-0.04524805453655738,0.12541136564397917,-0.1031191386495347,0.012623029576419947,0.43162257304353246
NK Cells|Non-classical Monocytes|LGALS1|ITGB1,56,9,9,0.2652052564251656,9.623039513836233,ok,0.08527574584743304,0.17209780275597641,-0.03712492162431996,0.20767641331918604,0.5069333090514706
B Cells|NK Cells|HLA-C|CD8A,42,9,9,0.3589269195189643,8.832879529839039,ok,-0.015939390410524265,0.27907746327562666,-0.044801920315729334,0.012923139494680803,0.6163511748172608
Non-classical Monocytes|CD4 T Cells|HLA-DQB1|CD4,55,9,9,0.2652121395138156,9.515356799423158,ok,-0.01880172579918385,0.8617003227756699,-0.23033193302698612,0.19272848142861843,0.9364560410761711
CD4 T Cells|Classical Monocytes|S100A9|CD36,54,9,9,0.27165418430478677,9.584309997177423,ok,0.09786114017830069,0.6755303163246618,-0.36037582442229465,0.5560981047788961,0.8547328315571137
Non-classical Monocytes|CD8 T Cells|HLA-F|CD8B,56,9,9,0.2652052564251656,9.623039513836233,ok,-0.10673655591309011,0.0006109271241836594,-0.16778619963123664,-0.04568691219494359,0.03414466210395468
Classical Monocytes|CD8 T Cells|CD14|ITGA4,56,9,9,0.2652052564251656,9.623039513836233,ok,-0.07455872579706264,0.1482541672906545,-0.17563766659510321,0.026520215000977912,0.46806532491493896
Classical Monocytes|NK Cells|HLA-C|CD8A,42,9,9,0.3589269195189643,8.832879529839039,ok,-0.029982837589071068,0.13786872495127714,-0.0695880993444902,0.009622424166348065,0.4532399804351706
Non-classical Monocytes|Classical Monocytes|S100A12|CD36,54,9,9,0.27229671897289587,9.47913130505771,ok,-0.07418701911698466,0.7491323398372063,-0.5288815722931277,0.3805075340591584,0.8914598323905468
Classical Monocytes|Classical Monocytes|GRN|TNFRSF1A,56,9,9,0.2652052564251656,9.623039513836233,ok,-0.10957901227840286,0.001285580392601814,-0.17629505774640086,-0.04286296681040487,0.047546068488289316
Classical Monocytes|Non-classical Monocytes|PTPN6|CLEC12A,56,9,9,0.2652052564251656,9.623039513836233,ok,-0.4468829902932634,9.963355834525211e-05,-0.6719577674097998,-0.22180821317672691,0.014843306248759956
CD8 T Cells|B Cells|MIF|CD44_CD74,56,9,9,0.2652052564251656,9.623039513836233,ok,0.11573225581051814,0.4080624462344672,-0.1584473993092319,0.3899119109302682,0.7083711386143706
B Cells|CD4 T Cells|VIM|CD44,56,9,9,0.2652052564251656,9.623039513836233,ok,-0.02539064108978009,0.2743023858246272,-0.07091238238689562,0.02013110020733544,0.6138754001696373
CD4 T Cells|B Cells|MIF|CD44_CD74,56,9,9,0.2652052564251656,9.623039513836233,ok,0.06111565188212592,0.5442017236338446,-0.13639483792936738,0.2586261416936192,0.7813896822717639
CD8 T Cells|NK Cells|CALM1|PTPRA,56,9,9,0.2652052564251656,9.623039513836233,ok,-0.008459518676306232,0.7225606438204242,-0.055159652289266815,0.03824061493665435,0.8774921428055984
CD8 T Cells|CD4 T Cells|PKM|CD44,56,9,9,0.2652052564251656,9.623039513836233,ok,-0.027916201865218843,0.4173400333811321,-0.09537827148431637,0.03954586775387868,0.7083711386143706
Non-classical Monocytes|Non-classical Monocytes|MIF|CD74_CXCR4,56,9,9,0.2652052564251656,9.623039513836233,ok,0.07741036546619623,0.3014073896813061,-0.0694046061436363,0.22422533707602876,0.6338419579885247
CD4 T Cells|Non-classical Monocytes|SELPLG|ITGB2,56,9,9,0.2652052564251656,9.623039513836233,ok,-0.12982641988793783,0.00012187380043274639,-0.1960506564119091,-0.06360218336396656,0.01494557657938416
Non-classical Monocytes|NK Cells|TGFB1|CXCR4,56,9,9,0.2652052564251656,9.623039513836233,ok,0.04389637450493766,0.419357668714617,-0.06264413818174394,0.15043688719161927,0.7090735617598386
CD4 T Cells|NK Cells|CALM1|PTPRA,56,9,9,0.2652052564251656,9.623039513836233,ok,-0.02943949002956439,0.19148994473697778,-0.07361422648924826,0.014735246430119475,0.5241993115154844
B Cells|NK Cells|MIF|CD44_CD74,56,9,9,0.2652052564251656,9.623039513836233,ok,0.10108840603526786,0.4894031559726566,-0.18553325229696072,0.38771006436749644,0.7579560934833545
CD8 T Cells|CD4 T Cells|LGALS1|PTPRC,56,9,9,0.2652052564251656,9.623039513836233,ok,0.02738681619241716,0.6113910820098856,-0.07825844755988322,0.13303207994471755,0.8224662547240512
Non-classical Monocytes|CD8 T Cells|VCAN|CD44,55,9,9,0.2676305103880259,9.574016174140935,ok,0.016419310862136792,0.7822295298174058,-0.10000449814922849,0.13284311987350206,0.9051879425109698
Classical Monocytes|Non-classical Monocytes|VCAN|TLR2,56,9,9,0.2652052564251656,9.623039513836233,ok,-0.13275532588965472,0.06144310713688441,-0.2718755725420588,0.00636492076274936,0.32767909643257376
Classical Monocytes|NK Cells|TGFB1|CXCR4,55,9,9,0.2700378898280395,9.643175285193806,ok,0.015994235886413133,0.6986178969060586,-0.06496958725088314,0.09695805902370941,0.8672982173060402
NK Cells|CD8 T Cells|SELPLG|SELL,56,9,9,0.2652052564251656,9.623039513836233,ok,-0.21387296059359331,0.2539167685748457,-0.5812915918273287,0.1535456706401421,0.6000264409527286
NK Cells|Classical Monocytes|HMGB1|TLR2,56,9,9,0.2652052564251656,9.623039513836233,ok,-0.009978785626515677,0.7340332533394796,-0.06754222216154007,0.04758465090850872,0.8832813968607557
CD8 T Cells|Classical Monocytes|SELPLG|ITGB2,56,9,9,0.2652052564251656,9.623039513836233,ok,-0.27276373296926393,0.005624186380676499,-0.46583772744809804,-0.07968973849042985,0.10192947152440647
Classical Monocytes|B Cells|PKM|CD44,56,9,9,0.2652052564251656,9.623039513836233,ok,-0.04875553079642067,0.10321940398325627,-0.10740079850095208,0.009889736908110736,0.39621286866719463
B Cells|Non-classical Monocytes|PTPN6|CLEC12A,56,9,9,0.2652052564251656,9.623039513836233,ok,-0.42241829225686467,0.0010859747400505195,-0.6758193075895959,-0.16901727692413349,0.042172019071961844
Non-classical Monocytes|NK Cells|TNFSF13B|HLA-DPB1,56,9,9,0.2652052564251656,9.623039513836233,ok,0.06956418287927267,0.43334616360290446,-0.10445883099631424,0.24358719675485957,0.7171140349394656
NK Cells|NK Cells|HLA-E|CD8A,42,9,9,0.3589269195189643,8.832879529839039,ok,-0.026835108741290206,0.12758512142319983,-0.06135374574088837,0.00768352825830796,0.4344704037408125
CD4 T Cells|CD8 T Cells|PKM|CD44,56,9,9,0.2652052564251656,9.623039513836233,ok,-0.029634650559818843,0.3884638565335996,-0.0969843826929966,0.03771508157335891,0.7049227303140865
Non-classical Monocytes|Non-classical Monocytes|GNAI2|FPR1,55,9,9,0.2676305103880259,9.574016174140938,ok,-0.06844722588171279,0.34375998288773746,-0.21014500583283455,0.07325055406940897,0.6702600503166763
NK Cells|CD8 T Cells|MIF|TNFRSF14,56,9,9,0.2652052564251656,9.623039513836233,ok,0.03156149479975384,0.8474685398277895,-0.2900376322328155,0.35316062183232316,0.9340594596966648
Classical Monocytes|Non-classical Monocytes|VCAN|ITGA4,56,9,9,0.2652052564251656,9.623039513836233,ok,-0.06832013341644072,0.0024772275478450708,-0.11257002282597736,-0.024070244006904086,0.06587137493258541
Non-classical Monocytes|CD8 T Cells|SELPLG|ITGB2,56,9,9,0.2652052564251656,9.623039513836233,ok,-0.10875482007300859,0.0825588352428096,-0.2315382640987923,0.014028623952775113,0.36541230929729024
Non-classical Monocytes|Classical Monocytes|GRN|TNFRSF1A,56,9,9,0.2652052564251656,9.623039513836233,ok,-0.09083537572367392,0.062134293362888976,-0.18627879470560726,0.004608043258259434,0.3297788235433515
Classical Monocytes|Non-classical Monocytes|SERPINA1|LRP1,56,9,9,0.2652052564251656,9.623039513836233,ok,-0.05937264148860544,0.3527226992064907,-0.1845911886157178,0.06584590563850692,0.6825945923182087
Classical Monocytes|Non-classical Monocytes|HBEGF|CD44,50,9,9,0.40242939530417954,9.06308987969776,ok,-0.11689662979687775,0.24318719519305798,-0.3132136120595865,0.079420352465831,0.5859629418819288
NK Cells|Classical Monocytes|CD99|PILRA,56,9,9,0.2652052564251656,9.623039513836233,ok,-0.026344295756799932,0.19466489468820625,-0.06615753477445577,0.013468943260855896,0.5255726588916808
Non-classical Monocytes|Non-classical Monocytes|HLA-F|LILRB2,56,9,9,0.2652052564251656,9.623039513836233,ok,-0.16517966360857717,0.015054937347534747,-0.2983507429475807,-0.032008584269573676,0.17607273387292094
CD4 T Cells|CD8 T Cells|HLA-F|CD8B,56,9,9,0.2652052564251656,9.623039513836233,ok,-0.09964901062038095,0.034067650767457706,-0.19180737967321462,-0.007490641567547279,0.24892589734737647
NK Cells|CD8 T Cells|VIM|CD44,56,9,9,0.2652052564251656,9.623039513836233,ok,0.008231538352999015,0.8063473999662625,-0.05758173152921242,0.07404480823521045,0.9169299374921385
B Cells|Classical Monocytes|HLA-DQA1|CD4,56,9,9,0.2652052564251656,9.623039513836233,ok,-0.04472003026045604,0.027262709028496448,-0.08442118303606569,-0.00501887748484639,0.22525571644112313
Classical Monocytes|NK Cells|LGALS9|CD44,56,9,9,0.2652052564251656,9.623039513836233,ok,0.016060598413577862,0.9077888235348224,-0.25570600615772127,0.287827202984877,0.9597046428841838
NK Cells|B Cells|MIF|TNFRSF14,56,9,9,0.2652052564251656,9.623039513836233,ok,0.0826337044805458,0.5156188594577933,-0.16649058743870063,0.3317579963997922,0.7711116447603712
CD4 T Cells|CD4 T Cells|LGALS1|PTPRC,56,9,9,0.2652052564251656,9.623039513836233,ok,0.012403894035854096,0.6048377961745635,-0.034578226523677105,0.0593860145953853,0.8187113106340441
NK Cells|Non-classical Monocytes|PKM|CD44,56,9,9,0.2652052564251656,9.623039513836233,ok,-0.06510697503152917,0.018191610211842076,-0.11913907289978118,-0.011074877163277153,0.18796862102947656
CD8 T Cells|Non-classical Monocytes|MIF|TNFRSF14,56,9,9,0.2652052564251656,9.623039513836233,ok,0.005001405951041885,0.9718573640852823,-0.2728581947084884,0.2828610066105721,0.9866787182216592
Classical Monocytes|CD4 T Cells|CD48|CD2,56,9,9,0.2652052564251656,9.623039513836233,ok,-0.08294518960492611,0.01930834801589487,-0.15243351596607607,-0.013456863243776152,0.19062902913997903
NK Cells|NK Cells|TGFB1|ITGB1,56,9,9,0.2652052564251656,9.623039513836233,ok,0.05336235111589298,0.7387038877267377,-0.26017967909350426,0.36690438132529024,0.8835626583179153
Classical Monocytes|Classical Monocytes|HLA-DPB1|CD4,56,9,9,0.2652052564251656,9.623039513836233,ok,-0.20156976612097308,0.02410637991912286,-0.37673350938107353,-0.026406022860872597,0.21250436870894354
CD4 T Cells|Non-classical Monocytes|TIMP1|CD63,56,9,9,0.2652052564251656,9.623039513836233,ok,-0.026131489615012923,0.7522353629271823,-0.18836739785534307,0.13610441862531725,0.8942389773573136
Classical Monocytes|Classical Monocytes|VCAN|ITGB1,56,9,9,0.2652052564251656,9.623039513836233,ok,-0.025223774218003966,0.12773056934011012,-0.05768210540903954,0.00723455697303161,0.4344704037408125
CD8 T Cells|Classical Monocytes|LGALS1|PTPRC,56,9,9,0.2652052564251656,9.623039513836233,ok,0.03593415588394393,0.5387558877753001,-0.07864234742094141,0.15051065918882928,0.7769160837241526
Non-classical Monocytes|Classical Monocytes|VCAN|SELL,55,9,9,0.2676305103880259,9.574016174140935,ok,-0.13438182335036808,0.31365026448048616,-0.395780758564031,0.12701711186329484,0.6433143628869127
CD4 T Cells|Non-classical Monocytes|MIF|TNFRSF14,56,9,9,0.2652052564251656,9.623039513836233,ok,-0.031821602375310995,0.8152448170888098,-0.29873838727973917,0.23509518252911715,0.9214942652039222
B Cells|Non-classical Monocytes|PKM|CD44,56,9,9,0.2652052564251656,9.623039513836233,ok,-0.08647148259164422,0.014135713442371894,-0.15554038203834142,-0.017402583144947012,0.17337710656681113
Classical Monocytes|Non-classical Monocytes|HLA-DPA1|CD4,56,9,9,0.2652052564251656,9.623039513836233,ok,-0.17336519830001268,0.036698370975099384,-0.33601366404703475,-0.010716732552990604,0.2535980110813724
Classical Monocytes|CD8 T Cells|TNFSF13B|HLA-DPB1,56,9,9,0.2652052564251656,9.623039513836233,ok,-0.02933192074885488,0.6127117561582216,-0.14290122216405032,0.08423738066634058,0.8224662547240512
Classical Monocytes|NK Cells|LGALS9|CD47,56,9,9,0.2652052564251656,9.623039513836233,ok,-0.174190625044012,0.12367022341865287,-0.39594859380618685,0.047567343718162874,0.4287970544128887
Non-classical Monocytes|Classical Monocytes|TGFB1|CXCR4,56,9,9,0.2652052564251656,9.623039513836233,ok,0.15918457529353897,0.36659587535736626,-0.18637643920636504,0.504745589793443,0.6890506039571556
Non-classical Monocytes|Classical Monocytes|GNAI2|C5AR1,56,9,9,0.2652052564251656,9.623039513836233,ok,-0.1346768048982504,0.08157944958417669,-0.2862400470391987,0.016886437242697894,0.36517087969574596
NK Cells|NK Cells|MIF|TNFRSF14,56,9,9,0.2652052564251656,9.623039513836233,ok,0.04571209628868675,0.7583657518056989,-0.24552989888612783,0.3369540914635013,0.8965949945083682
Classical Monocytes|NK Cells|CD14|ITGA4,56,9,9,0.2652052564251656,9.623039513836233,ok,-0.10145152715793787,0.0375027512673729,-0.1970369079918809,-0.005866146323994861,0.2535980110813724
Classical Monocytes|CD4 T Cells|VCAN|ITGA4,55,9,9,0.28347170864438703,9.686956194052899,ok,-0.0805602603342421,0.008929958768157619,-0.14094721123168413,-0.020173309436800083,0.1271565104491936
B Cells|Non-classical Monocytes|HLA-DMB|CD4,56,9,9,0.2652052564251656,9.623039513836233,ok,-0.11387997839371641,0.0007818528067843405,-0.1803257404527289,-0.04743421633470393,0.03875993701718113
B Cells|Classical Monocytes|HMGB1|TLR2,56,9,9,0.2652052564251656,9.623039513836233,ok,-0.0525858570887975,0.17716759942770777,-0.1289580595148626,0.023786345337267603,0.5083750082100482
Classical Monocytes|Non-classical Monocytes|LGALS9|CD47,56,9,9,0.2652052564251656,9.623039513836233,ok,-0.16063796120952795,0.14203570360494178,-0.3750729185549314,0.05379699613587555,0.4588212265772975
Non-classical Monocytes|Classical Monocytes|GNAI2|FPR1,56,9,9,0.2652052564251656,9.623039513836233,ok,-0.06955211174483106,0.12692704547785533,-0.15886398983020839,0.019759766340546284,0.43363638704311275
CD8 T Cells|NK Cells|HLA-E|CD8A,42,9,9,0.3589269195189643,8.832879529839039,ok,-0.03488052937487873,0.12449443414165878,-0.07938352812105845,0.009622469371300985,0.4298221563472435
CD8 T Cells|CD4 T Cells|CD48|CD2,56,9,9,0.2652052564251656,9.623039513836233,ok,-0.04393998642723512,0.17479902211435483,-0.10740671338794469,0.019526740533474446,0.5069333090514706
Non-classical Monocytes|B Cells|PKM|CD44,56,9,9,0.2652052564251656,9.623039513836233,ok,-0.016002904813817276,0.6495425652110351,-0.08502859096323104,0.053022781335596486,0.8393977686864735
Classical Monocytes|NK Cells|COPA|CD74,56,9,9,0.2652052564251656,9.623039513836233,ok,-0.04369081530170237,0.3625349371035902,-0.1377360129398273,0.05035438233642255,0.6880688797886233
Classical Monocytes|NK Cells|SELPLG|SELL,56,9,9,0.2652052564251656,9.623039513836233,ok,0.10882679204912288,0.5332865288561186,-0.23354501955112877,0.45119860364937453,0.7728420643778361
Non-classical Monocytes|CD8 T Cells|SELPLG|SELL,56,9,9,0.2652052564251656,9.623039513836233,ok,-0.21168181551816204,0.1748701165671288,-0.517484530149413,0.09412089911308893,0.5069333090514706
Classical Monocytes|Classical Monocytes|TGFB1|CXCR4,55,9,9,0.2700378898280395,9.643175285193806,ok,0.09047738304273378,0.6160308701002367,-0.2631382464321166,0.44409301251758415,0.8232939899658646
CD4 T Cells|Classical Monocytes|LGALS1|PTPRC,56,9,9,0.2652052564251656,9.623039513836233,ok,0.023569511281400835,0.48660266860887236,-0.04282965954612768,0.08996868210892935,0.7564891328802478
Classical Monocytes|CD8 T Cells|CD48|CD2,56,9,9,0.2652052564251656,9.623039513836233,ok,-0.07467216863873281,0.05607421080665669,-0.1512793101859342,0.0019349729084685852,0.3125667731567227
Non-classical Monocytes|Classical Monocytes|HBEGF|CD44,45,9,9,0.4208377236052077,8.758852350737076,ok,-0.09954667415374843,0.3813865484818284,-0.3224393991090756,0.1233460508015787,0.6971371033160949
Classical Monocytes|NK Cells|MIF|CD74_CXCR4,56,9,9,0.2652052564251656,9.623039513836233,ok,0.038204571453761174,0.49498456133534163,-0.07152480235894841,0.14793394526647075,0.7612633847599644
Classical Monocytes|CD8 T Cells|VCAN|ITGA4,56,9,9,0.2652052564251656,9.623039513836233,ok,-0.04336062521731511,0.08584299643879044,-0.09283550393285181,0.006114253498221589,0.36943482215568985
CD4 T Cells|Non-classical Monocytes|HLA-F|LILRB2,56,9,9,0.2652052564251656,9.623039513836233,ok,-0.11933778709059856,0.023093484950009385,-0.22229097887606006,-0.016384595305137056,0.20924852801624766
CD4 T Cells|Classical Monocytes|SELPLG|ITGB2,56,9,9,0.2652052564251656,9.623039513836233,ok,-0.2266768538795691,0.024442562581114536,-0.4241251269553865,-0.029228580803751653,0.21250436870894354
Classical Monocytes|Non-classical Monocytes|TIMP2|CD44,56,9,9,0.2652052564251656,9.623039513836233,ok,-0.08143630216363423,0.0324787883246386,-0.15607488839118056,-0.0067977159360878975,0.24335020817555308
NK Cells|CD4 T Cells|TGFB1|ITGB1,56,9,9,0.2652052564251656,9.623039513836233,ok,0.025194344459902984,0.8525675564941778,-0.24051325396592665,0.2909019428857326,0.9354499745011354
CD4 T Cells|CD4 T Cells|S100A9|ITGB2,54,9,9,0.27165418430478677,9.584309997177423,ok,-0.00021758360848667113,0.9992162515822607,-0.43436535956935957,0.4339301923523862,0.9996684807878772
NK Cells|Classical Monocytes|MIF|TNFRSF14,56,9,9,0.2652052564251656,9.623039513836233,ok,0.028731274189370604,0.850298668971578,-0.26963182005266256,0.32709436843140377,0.9354088284720381
NK Cells|CD4 T Cells|CD48|CD2,56,9,9,0.2652052564251656,9.623039513836233,ok,-0.05878610645374928,0.2076407370611263,-0.1502237218765443,0.03265150896904577,0.5421930917078804
B Cells|CD8 T Cells|HLA-F|CD8B,56,9,9,0.2652052564251656,9.623039513836233,ok,-0.09886653824607015,0.018312822735489776,-0.18100126984232676,-0.016731806649813552,0.18796862102947656
Non-classical Monocytes|Non-classical Monocytes|ANXA2|TLR2,56,9,9,0.2652052564251656,9.623039513836233,ok,-0.20429174284746132,0.007027875209009831,-0.35283613625069143,-0.05574734944423118,0.11227337382300148
CD8 T Cells|Non-classical Monocytes|CD99|PILRA,56,9,9,0.2652052564251656,9.623039513836233,ok,-0.03676618751629093,0.39562227707807773,-0.12159646831906872,0.04806409328648685,0.7083711386143706
Non-classical Monocytes|Classical Monocytes|LGALS9|CD47,56,9,9,0.2652052564251656,9.623039513836233,ok,-0.10839160124912045,0.32939938351659326,-0.32621004220513217,0.1094268397068913,0.6602263914123825
Non-classical Monocytes|CD8 T Cells|TNFSF13B|HLA-DPB1,56,9,9,0.2652052564251656,9.623039513836233,ok,-0.01852400356771025,0.8283161098618573,-0.18594119304403098,0.14889318590861048,0.9245429687378013
CD8 T Cells|CD8 T Cells|CD48|CD2,56,9,9,0.2652052564251656,9.623039513836233,ok,-0.03650707928807147,0.29879111262625657,-0.10537189476239561,0.03235773618625268,0.6328939021992526
Non-classical Monocytes|Non-classical Monocytes|TGFB1|CXCR4,56,9,9,0.2652052564251656,9.623039513836233,ok,0.1605563868436029,0.2935286790985113,-0.1390257789850018,0.4601385526722076,0.6315067611260677
B Cells|NK Cells|HLA-E|CD8A,42,9,9,0.3589269195189643,8.832879529839039,ok,-0.03293446526221491,0.1728097975380889,-0.08028548456073141,0.014416554036301585,0.5069333090514706
Classical Monocytes|CD8 T Cells|MIF|CD44_CD74,56,9,9,0.2652052564251656,9.623039513836233,ok,0.09645551411241002,0.240921201341735,-0.06475483053651432,0.25766585876133435,0.5835201654118946
NK Cells|Non-classical Monocytes|HLA-DRB1|CD4,56,9,9,0.2652052564251656,9.623039513836233,ok,0.06084326521586038,0.7824340388644674,-0.37099186819236557,0.4926783986240863,0.9051879425109698
NK Cells|Non-classical Monocytes|TGFB1|ITGB1,56,9,9,0.2652052564251656,9.623039513836233,ok,0.05291258360100684,0.7383463121223672,-0.25754573894922705,0.3633709061512407,0.8835626583179153
Non-classical Monocytes|NK Cells|COPA|CD74,56,9,9,0.2652052564251656,9.623039513836233,ok,-0.02984904220679594,0.6029031136558078,-0.14230511194242873,0.08260702752883683,0.8171985193822178
CD8 T Cells|NK Cells|SELPLG|SELL,56,9,9,0.2652052564251656,9.623039513836233,ok,-0.041540668402315795,0.792008972507817,-0.35029062429438257,0.267209287489751,0.9081598946570932
Non-classical Monocytes|Classical Monocytes|TIMP2|CD44,56,9,9,0.2652052564251656,9.623039513836233,ok,-0.13126607745063973,0.09567154064365727,-0.2856744306043124,0.023142275703032983,0.38433567189607143
Classical Monocytes|Non-classical Monocytes|TGFB1|CXCR4,55,9,9,0.2700378898280395,9.643175285193806,ok,0.07540504011910809,0.48113642777408383,-0.13438376070377153,0.28519384094198774,0.753899042847085
B Cells|CD8 T Cells|LGALS1|CD69,53,9,9,0.27634961439588684,9.952595415192851,ok,0.04416082618900777,0.261990067827059,-0.033002085604647166,0.1213237379826627,0.6069377997982784
Non-classical Monocytes|CD4 T Cells|SECTM1|CD7,56,9,9,0.2652052564251656,9.623039513836233,ok,-0.28198054704350123,0.006495633402990239,-0.48504528114303125,-0.07891581294397118,0.11128548403652394
NK Cells|CD8 T Cells|CD48|CD2,56,9,9,0.2652052564251656,9.623039513836233,ok,-0.05235106921001054,0.3348510070352224,-0.1587461291755368,0.05404399075551572,0.664434399443319
Non-classical Monocytes|Classical Monocytes|HLA-DMA|CD4,56,9,9,0.2652052564251656,9.623039513836233,ok,-0.053554055549799445,0.5006992846196907,-0.20942812358334637,0.10232001248374747,0.7641288733220002
NK Cells|Non-classical Monocytes|HMGB1|TLR2,56,9,9,0.2652052564251656,9.623039513836233,ok,-0.17261257568281593,0.03108236915691876,-0.3295290075838194,-0.015696143781812444,0.2430856556800983
CD4 T Cells|Non-classical Monocytes|CD99|PILRA,56,9,9,0.2652052564251656,9.623039513836233,ok,-0.09346770035023105,0.06518814539838208,-0.19281517233001,0.005879771629547892,0.3363160621068496
B Cells|CD4 T Cells|LGALS1|CD69,53,9,9,0.27634961439588684,9.952595415192851,ok,0.030364796304078977,0.3686897851967481,-0.03584045550482793,0.09657004811298589,0.6894439803438388
CD8 T Cells|NK Cells|TIMP1|CD63,55,9,9,0.2652121395138156,9.51535679942316,ok,0.01064320214490816,0.9353187697011346,-0.24639973875092386,0.2676861430407402,0.969569269697615
CD4 T Cells|NK Cells|HLA-E|CD8A,42,9,9,0.3589269195189643,8.832879529839039,ok,-0.03912694083354258,0.12101667585165121,-0.0885860759220198,0.010332194254934632,0.42357137218891616
Non-classical Monocytes|NK Cells|HLA-E|CD8A,42,9,9,0.3589269195189643,8.832879529839039,ok,-0.05893949657091317,0.05683400857271322,-0.11959275008699172,0.0017137569451653664,0.3134112718451444
Classical Monocytes|Non-classical Monocytes|CD99|PILRA,56,9,9,0.2652052564251656,9.623039513836233,ok,-0.08876829062121996,0.11178313796773742,-0.19817556746835885,0.02063898622591892,0.40540320105144656
B Cells|CD8 T Cells|VIM|CD44,56,9,9,0.2652052564251656,9.623039513836233,ok,-0.02705352141480133,0.4319671152238975,-0.09452858689322603,0.040421544063623374,0.715708283491002
Classical Monocytes|Classical Monocytes|MIF|CD74_CXCR4,56,9,9,0.2652052564251656,9.623039513836233,ok,0.12125235172268994,0.4530974649333982,-0.19550436371822788,0.43800906716360777,0.7336463469734661
Non-classical Monocytes|NK Cells|GNAI2|S1PR5,56,9,9,0.2652052564251656,9.623039513836233,ok,0.024419815203756794,0.7860232364041012,-0.15188145660372462,0.20072108701123823,0.9070996239829401
Classical Monocytes|CD4 T Cells|HBEGF|CD44,50,9,9,0.40242939530417954,9.06308987969776,ok,-0.0050569044582901845,0.9619223443037974,-0.21266187460409994,0.20254806568751957,0.9812955613957303
CD8 T Cells|CD8 T Cells|PKM|CD44,56,9,9,0.2652052564251656,9.623039513836233,ok,-0.026369859381007665,0.5000912252797112,-0.1030129443524852,0.05027322559046987,0.7641288733220002
Non-classical Monocytes|CD4 T Cells|LGALS9|CD47,56,9,9,0.2652052564251656,9.623039513836233,ok,-0.10047723190809787,0.19703291844290372,-0.2531314613763843,0.05217699756018859,0.5282930954798224
Classical Monocytes|CD8 T Cells|CD14|ITGB1,53,9,9,0.26914101703681353,9.40561884787259,ok,-0.04096483263381079,0.5457047265446495,-0.1738486564247499,0.09191899115712832,0.7819754076562321
Classical Monocytes|CD4 T Cells|SELPLG|SELL,56,9,9,0.2652052564251656,9.623039513836233,ok,-0.08048629111524408,0.3643696475240519,-0.2543981036860854,0.09342552145559721,0.6880688797886233
B Cells|Non-classical Monocytes|HLA-F|LILRB2,56,9,9,0.2652052564251656,9.623039513836233,ok,-0.11207807837744285,0.16242235871075894,-0.269324744169687,0.04516858741480126,0.4921249620234959
CD8 T Cells|CD8 T Cells|MIF|TNFRSF14,56,9,9,0.2652052564251656,9.623039513836233,ok,0.05853104071710924,0.6959224754463444,-0.23499444056902374,0.3520565220032422,0.865723100795506
Classical Monocytes|NK Cells|VCAN|ITGA4,56,9,9,0.2652052564251656,9.623039513836233,ok,-0.061792148564194876,0.006934691102358322,-0.10664843960262296,-0.01693585752576679,0.11227337382300148
Classical Monocytes|Non-classical Monocytes|GNAI2|C5AR1,56,9,9,0.2652052564251656,9.623039513836233,ok,-0.1331825534306271,0.029903813489907092,-0.25339880447348584,-0.012966302387768344,0.2378016567627424
CD4 T Cells|CD8 T Cells|MIF|TNFRSF14,56,9,9,0.2652052564251656,9.623039513836233,ok,0.032690062927748176,0.830895963208365,-0.2673359952653686,0.33271612112086496,0.9249821281774918
CD4 T Cells|CD4 T Cells|CD48|CD2,56,9,9,0.2652052564251656,9.623039513836233,ok,-0.051397316258105466,0.14770671158564191,-0.12098239376606677,0.01818776124985584,0.46696965806586926
NK Cells|CD4 T Cells|PKM|CD44,56,9,9,0.2652052564251656,9.623039513836233,ok,-0.0024165020458380426,0.9464243383634088,-0.07289895825469686,0.06806595416302078,0.9727254999500408
Classical Monocytes|B Cells|SELPLG|SELL,56,9,9,0.2652052564251656,9.623039513836233,ok,-0.11808951360819225,0.09608013875802984,-0.2571692718599369,0.020990244643552397,0.38452090072030215
Non-classical Monocytes|Non-classical Monocytes|CD14|ITGA4,56,9,9,0.2652052564251656,9.623039513836233,ok,-0.12080778250008795,0.5493473437056468,-0.5162708118500678,0.2746552468498919,0.7852633808798508
CD8 T Cells|B Cells|MIF|TNFRSF14,56,9,9,0.2652052564251656,9.623039513836233,ok,0.11013996682125848,0.3771379688218528,-0.13428346896375445,0.3545634026062714,0.6971371033160949
B Cells|CD4 T Cells|PKM|CD44,56,9,9,0.2652052564251656,9.623039513836233,ok,-0.033123538081520215,0.4382571401655838,-0.11687740239224198,0.05063032622920155,0.7216531000606434
CD4 T Cells|B Cells|MIF|TNFRSF14,56,9,9,0.2652052564251656,9.623039513836233,ok,0.06237855457432548,0.5769824858517285,-0.15680432319203308,0.28156143234068404,0.7992682473451412
Classical Monocytes|CD4 T Cells|HLA-DQB1|CD4,54,9,9,0.2652191592822895,9.40632603074732,ok,-0.10475172362223134,0.6915232953761363,-0.6221797990938411,0.4126763518493785,0.8624053606613657
CD4 T Cells|NK Cells|CLEC2B|KLRF1,55,9,9,0.2700378898280395,9.643175285193806,ok,0.22752408719231332,0.15241325823679105,-0.08409057300942846,0.5391387473940551,0.4778940464264188
Classical Monocytes|CD8 T Cells|HLA-F|CD8B,56,9,9,0.2652052564251656,9.623039513836233,ok,-0.1509757813355405,0.00859452034122387,-0.2635832276399056,-0.03836833503117537,0.1251577024690726
Classical Monocytes|CD8 T Cells|TIMP1|CD63,56,9,9,0.2652052564251656,9.623039513836233,ok,0.04195300080013044,0.5720495761951823,-0.10357123905592892,0.18747724065618981,0.798636221385052
Classical Monocytes|B Cells|TNFSF13B|CD40,56,9,9,0.2652052564251656,9.623039513836233,ok,-0.16414374731778336,0.002968571314589984,-0.2724300728344595,-0.05585742180110717,0.07130691920613055
Non-classical Monocytes|NK Cells|MIF|CD44_CD74,56,9,9,0.2652052564251656,9.623039513836233,ok,0.08830120612126185,0.48728216767620913,-0.1608460824272305,0.33744849466975424,0.7569116337903782
B Cells|B Cells|MIF|CD44_CD74,56,9,9,0.2652052564251656,9.623039513836233,ok,0.0653036687716666,0.6556682862759486,-0.2217390843531048,0.352346421896438,0.8411593233683057
CD4 T Cells|Classical Monocytes|HMGB1|TLR2,56,9,9,0.2652052564251656,9.623039513836233,ok,-0.0075845884164004035,0.8557236323213133,-0.08934392753138573,0.07417475069858492,0.9354499745011354
Classical Monocytes|Classical Monocytes|ANXA2|TLR2,56,9,9,0.2652052564251656,9.623039513836233,ok,-0.06109072833463938,0.16601500385999268,-0.14753479716696247,0.025353340497683702,0.4969458859613288
CD8 T Cells|NK Cells|MIF|TNFRSF14,56,9,9,0.2652052564251656,9.623039513836233,ok,0.06937016207962973,0.6171760374911941,-0.2026338749379286,0.341374199097188,0.8232939899658646
B Cells|Non-classical Monocytes|HMGB1|TLR2,56,9,9,0.2652052564251656,9.623039513836233,ok,-0.2725836339922934,0.005620561534603492,-0.46551551058857005,-0.07965175739601676,0.10192947152440647
Non-classical Monocytes|Non-classical Monocytes|CIRBP|TREM1,56,9,9,0.2652052564251656,9.623039513836233,ok,-0.2063855716292533,0.003985528403277664,-0.3468737466302632,-0.0658973966282434,0.08442073799669961
Classical Monocytes|Non-classical Monocytes|MIF|CD74_CXCR4,56,9,9,0.2652052564251656,9.623039513836233,ok,0.11085279972268575,0.306790036203337,-0.10174171945759014,0.32344731890296163,0.6368711397260647
CD4 T Cells|CD8 T Cells|CD48|CD2,56,9,9,0.2652052564251656,9.623039513836233,ok,-0.04288870591023572,0.26205929447650866,-0.1178396963202532,0.03206228449978177,0.6069377997982784
CD4 T Cells|NK Cells|MIF|TNFRSF14,56,9,9,0.2652052564251656,9.623039513836233,ok,0.030298175923424167,0.8188687067331204,-0.22901738628548157,0.2896137381323299,0.9225329633238832
Non-classical Monocytes|CD8 T Cells|LGALS9|CD47,56,9,9,0.2652052564251656,9.623039513836233,ok,-0.1056527727015579,0.2960270932896947,-0.3038129616284297,0.09250741622531389,0.6327904477697144
Non-classical Monocytes|Non-classical Monocytes|HBEGF|CD44,45,9,9,0.4208377236052077,8.758852350737076,ok,-0.13279829097879792,0.3019268030110758,-0.38493166723305977,0.11933508527546394,0.6338419579885247
B Cells|CD4 T Cells|HLA-DMA|CD4,55,9,9,0.2652121395138156,9.515356799423158,ok,-0.09554461137382649,0.060836430504015264,-0.19543566378725058,0.004346441039597623,0.32736462603777267
Non-classical Monocytes|Classical Monocytes|CD14|ITGB1,56,9,9,0.2652052564251656,9.623039513836233,ok,-0.06738081961975495,0.7511985428932053,-0.4839084051091442,0.3491467658696343,0.8934622791940625
CD8 T Cells|Classical Monocytes|HMGB1|TLR2,56,9,9,0.2652052564251656,9.623039513836233,ok,-0.0058433800518818,0.8806968620022682,-0.082151788614201,0.0704650285104374,0.9469210341787724
CD4 T Cells|NK Cells|SELPLG|SELL,56,9,9,0.2652052564251656,9.623039513836233,ok,-0.017038168920804064,0.9136342996460959,-0.32494479420661104,0.2908684563650029,0.9597046428841838
B Cells|NK Cells|LGALS1|CD69,53,9,9,0.27634961439588684,9.952595415192851,ok,0.05022201132231039,0.3420298821904999,-0.0533743447268959,0.1538183673715167,0.669213982567725
Classical Monocytes|Classical Monocytes|PTPN6|CLEC12A,56,9,9,0.2652052564251656,9.623039513836233,ok,-0.3904996994725015,0.006935293330605901,-0.6739751249824144,-0.10702427396258862,0.11227337382300148
Classical Monocytes|CD4 T Cells|TIMP2|CD44,56,9,9,0.2652052564251656,9.623039513836233,ok,-0.021185374026131146,0.5807338727902036,-0.09636478192869156,0.05399403387642927,0.801605404976999
NK Cells|CD4 T Cells|MIF|TNFRSF14,56,9,9,0.2652052564251656,9.623039513836233,ok,0.020822113579576973,0.894637020637171,-0.28732408150152744,0.3289683086606814,0.9530550088110494
Classical Monocytes|CD8 T Cells|COPA|CD74,56,9,9,0.2652052564251656,9.623039513836233,ok,-0.00207216611447672,0.9743857247949381,-0.12856211931847497,0.12441778708952153,0.9866872719048484
CD8 T Cells|Non-classical Monocytes|TIMP1|CD63,55,9,9,0.2652121395138156,9.51535679942316,ok,-0.1472807584386756,0.40516787232123586,-0.4940558196511658,0.19949430277381458,0.7083711386143706
CD8 T Cells|CD4 T Cells|SELPLG|SELL,56,9,9,0.2652052564251656,9.623039513836233,ok,-0.2428705065575425,0.12911983640191005,-0.5565388828600626,0.07079786974497765,0.4366286656912247
CD8 T Cells|Classical Monocytes|MIF|TNFRSF14,56,9,9,0.2652052564251656,9.623039513836233,ok,0.039989917212941484,0.7700014674584028,-0.2280882012215138,0.30806803564739677,0.9020127798783703
Classical Monocytes|NK Cells|IL1B|SIGIRR,56,9,9,0.2652052564251656,9.623039513836233,ok,-0.29085401826229246,0.03383253408110231,-0.5594905649151416,-0.022217471609443318,0.24867446185794445
Non-classical Monocytes|CD4 T Cells|CD14|ITGA4,55,9,9,0.28347170864438703,9.686956194052899,ok,-0.0306190701745227,0.8702280242162875,-0.39796127323024716,0.33672313288120176,0.9413330066963556
Classical Monocytes|B Cells|LGALS9|CD47,56,9,9,0.2652052564251656,9.623039513836233,ok,-0.23359664283386367,0.08086309893067367,-0.49586450823815287,0.028671222570425536,0.36434691889861964
CD4 T Cells|Classical Monocytes|MIF|TNFRSF14,56,9,9,0.2652052564251656,9.623039513836233,ok,0.02283100229189894,0.8582738684075949,-0.22775682700184108,0.27341883158563896,0.9354499745011354
B Cells|Non-classical Monocytes|GRN|TNFRSF1B,54,9,9,0.2722967189728961,9.47913130505771,ok,-0.19139121552928107,0.07075068890375406,-0.3989753093643867,0.016192878305824554,0.3439830031651595
NK Cells|Non-classical Monocytes|HLA-DRA|CD4,55,9,9,0.2700378898280395,9.643175285193806,ok,-0.0931970198364552,0.6215959829642101,-0.4632671524940486,0.27687311282113825,0.8262170272396567
NK Cells|Non-classical Monocytes|SPON2|ITGA4,56,9,9,0.2652052564251656,9.623039513836233,ok,0.09105515351212595,0.6421653165963097,-0.2930098655200169,0.4751201725442688,0.8344925753872848
Non-classical Monocytes|Non-classical Monocytes|TIMP2|CD44,56,9,9,0.2652052564251656,9.623039513836233,ok,-0.1942443729737441,0.0788893918938052,-0.4109067793685328,0.022418033421044592,0.361400638593389
CD8 T Cells|B Cells|SELPLG|SELL,56,9,9,0.2652052564251656,9.623039513836233,ok,-0.29587584811335965,0.03437726449230373,-0.5699829225625991,-0.021768773664120222,0.24892589734737647
Classical Monocytes|B Cells|LGALS9|CD44,56,9,9,0.2652052564251656,9.623039513836233,ok,-0.10257238893230902,0.3470114929464142,-0.3163514198533155,0.11120664198869742,0.674342600971764
Non-classical Monocytes|B Cells|TNFSF13B|CD40,56,9,9,0.2652052564251656,9.623039513836233,ok,-0.20156308725629363,0.043165273763520716,-0.3969317516538251,-0.006194422858762122,0.2725612137371362
Classical Monocytes|NK Cells|ICAM1|IL2RG,46,9,9,0.31098774265316464,8.784289597552377,ok,-0.09269279728868446,0.29873682988869243,-0.26752341825640924,0.08213782367904035,0.6328939021992526
B Cells|CD4 T Cells|CD48|CD2,56,9,9,0.2652052564251656,9.623039513836233,ok,-0.06440636094469535,0.17629299125050224,-0.1577570418498472,0.028944319960456516,0.5069333090514706
Classical Monocytes|Non-classical Monocytes|HLA-F|LILRB2,56,9,9,0.2652052564251656,9.623039513836233,ok,-0.20218866207219416,0.034729798141481465,-0.3898673066294711,-0.014510017514917206,0.25008577478935473
Non-classical Monocytes|NK Cells|CALM1|PTPRA,56,9,9,0.2652052564251656,9.623039513836233,ok,-0.018604539906923068,0.7665467278994085,-0.1414231690669703,0.10421408925312417,0.8997752523957792
Classical Monocytes|Classical Monocytes|HLA-DPA1|CD4,56,9,9,0.2652052564251656,9.623039513836233,ok,-0.2034626858807197,0.03430434089448271,-0.3918794357001757,-0.015045936061263726,0.24892589734737647
B Cells|Classical Monocytes|PTPN6|CLEC12A,56,9,9,0.2652052564251656,9.623039513836233,ok,-0.39407224428996557,0.005643305504999328,-0.6731251150079978,-0.11501937357193337,0.10192947152440647
Non-classical Monocytes|NK Cells|CD48|CD244,53,9,9,0.3389444053483459,9.627896055568687,ok,-0.24610037835877666,0.0017525985564029753,-0.400242621916697,-0.0919581348008563,0.05593910460847853
B Cells|Non-classical Monocytes|MIF|TNFRSF14,56,9,9,0.2652052564251656,9.623039513836233,ok,-0.07516654161326122,0.5893634821054873,-0.34811022208397935,0.19777713885745693,0.8088043412255425
NK Cells|CD8 T Cells|HLA-F|CD8A,56,9,9,0.2652052564251656,9.623039513836233,ok,-0.04912255886060267,0.2700840938795336,-0.13642073603317226,0.03817561831196692,0.6138754001696373
Classical Monocytes|NK Cells|CD48|CD2,56,9,9,0.2652052564251656,9.623039513836233,ok,-0.12642555362411792,0.028706929899978424,-0.2397013978182744,-0.013149709429961437,0.2328708708983493
B Cells|Classical Monocytes|HLA-DMB|CD4,56,9,9,0.2652052564251656,9.623039513836233,ok,-0.13057203881695179,0.0035330327871719025,-0.21830182359642764,-0.04284225403747592,0.07915352302029359
Classical Monocytes|Non-classical Monocytes|GNAI2|FPR1,55,9,9,0.2676305103880259,9.574016174140938,ok,-0.01669954650863524,0.8692168205342385,-0.21548387463898394,0.1820847816217135,0.9406758903134119
Non-classical Monocytes|CD8 T Cells|CD14|ITGA4,56,9,9,0.2652052564251656,9.623039513836233,ok,-0.04431572750309709,0.8057364089762437,-0.39749437475913196,0.3088629197529378,0.9166825356028554
Non-classical Monocytes|Classical Monocytes|ADAM10|CD44,56,9,9,0.2652052564251656,9.623039513836233,ok,-0.101499575333485,0.02107668611329398,-0.18774548996749696,-0.015253660699473023,0.20010282764107593
B Cells|CD8 T Cells|CD48|CD2,56,9,9,0.2652052564251656,9.623039513836233,ok,-0.061425994236849885,0.2511091274259327,-0.16632882388273112,0.04347683540903137,0.5975855479228679
Non-classical Monocytes|CD4 T Cells|TIMP1|CD63,55,9,9,0.2652121395138156,9.51535679942316,ok,0.019659288636330638,0.6653063746857808,-0.06941056448855537,0.10872914176121665,0.8482633604432159
NK Cells|Classical Monocytes|SPON2|ITGB1,56,9,9,0.2652052564251656,9.623039513836233,ok,0.19181655960767488,0.2772584480610367,-0.1542064717600399,0.5378395909753897,0.6150736341545753
CD8 T Cells|NK Cells|CD48|CD2,56,9,9,0.2652052564251656,9.623039513836233,ok,-0.06699208558308226,0.2048597468900304,-0.17055674985323988,0.03657257868707538,0.5405698870371131
Non-classical Monocytes|Non-classical Monocytes|CD99|PILRA,56,9,9,0.2652052564251656,9.623039513836233,ok,-0.03837766835719794,0.5217377514087875,-0.155784389116297,0.0790290524019011,0.7728168551858351
Non-classical Monocytes|NK Cells|VCAN|CD44,55,9,9,0.2676305103880259,9.574016174140935,ok,0.022593641701366206,0.839256716658425,-0.19571527770779945,0.24090256111053188,0.927691932945988
Classical Monocytes|CD8 T Cells|VCAN|ITGB1,53,9,9,0.26914101703681353,9.40561884787259,ok,-0.01069245855344838,0.8217681758729648,-0.10372174269660583,0.08233682558970906,0.9225921676209943
B Cells|Non-classical Monocytes|LGALS1|PTPRC,53,9,9,0.27634961439588684,9.952595415192851,ok,-0.023854626592287008,0.5983567611649503,-0.1126118621331588,0.06490260894858477,0.8143523677069708
Classical Monocytes|Non-classical Monocytes|CD52|SIGLEC10,55,9,9,0.28347170864438703,9.686956194052899,ok,-0.1451436293101515,0.09377014173372604,-0.31489540164937235,0.02460814302906933,0.37934127597067635
NK Cells|Classical Monocytes|SELPLG|SELL,56,9,9,0.2652052564251656,9.623039513836233,ok,-0.0788852679859827,0.5938551428734534,-0.368824369233397,0.21105383326143165,0.8105044797338006
NK Cells|CD4 T Cells|SELPLG|ITGB2,56,9,9,0.2652052564251656,9.623039513836233,ok,-0.17882013261981314,0.17353701534618315,-0.4363513798519689,0.07871111461234268,0.5069333090514706
Classical Monocytes|Classical Monocytes|GNAI2|C5AR1,56,9,9,0.2652052564251656,9.623039513836233,ok,-0.10644831130410376,0.2125808539638221,-0.2738248378120509,0.060928215203843394,0.5473076129676303
CD4 T Cells|NK Cells|PKM|CD44,56,9,9,0.2652052564251656,9.623039513836233,ok,-0.05786025376628298,0.3949017878096185,-0.19115730358314076,0.0754367960505748,0.7083711386143706
Classical Monocytes|Classical Monocytes|GNAI2|FPR1,56,9,9,0.2652052564251656,9.623039513836233,ok,-0.029161004222229284,0.6547805872104675,-0.15698604311819894,0.09866403467374038,0.8411593233683057
Classical Monocytes|CD8 T Cells|SELPLG|ITGB2,56,9,9,0.2652052564251656,9.623039513836233,ok,-0.11028957746616563,0.2710329352820675,-0.3066792984933289,0.08610014356099766,0.6138754001696373
NK Cells|CD4 T Cells|SPON2|ITGA4,55,9,9,0.28347170864438703,9.686956194052899,ok,0.013037625166717748,0.9431009874200618,-0.3449873442848173,0.3710625946182528,0.972621320138487
NK Cells|Classical Monocytes|HLA-DRB1|CD4,56,9,9,0.2652052564251656,9.623039513836233,ok,0.02400775706593955,0.9143966983703382,-0.413729473182932,0.4617449873148111,0.9597046428841838
NK Cells|NK Cells|CD48|CD2,56,9,9,0.2652052564251656,9.623039513836233,ok,-0.09296915050615462,0.238810988210585,-0.24765655878057205,0.06171825776826281,0.5808242197606086
NK Cells|NK Cells|VIM|CD44,56,9,9,0.2652052564251656,9.623039513836233,ok,0.05007820700710132,0.5388396529176955,-0.10962972682157028,0.2097861408357729,0.7769160837241526
B Cells|CD4 T Cells|HLA-DQA1|CD4,55,9,9,0.2652121395138156,9.515356799423158,ok,-0.11937305806478764,0.0032516616788019082,-0.1988755415804378,-0.039870574549137464,0.07576371711608446
Non-classical Monocytes|Classical Monocytes|HMGB1|TLR2,56,9,9,0.2652052564251656,9.623039513836233,ok,-0.007485252895496897,0.8283382757565689,-0.0751447290473416,0.0601742232563478,0.9245429687378013
NK Cells|Classical Monocytes|LGALS1|ITGB1,56,9,9,0.2652052564251656,9.623039513836233,ok,0.11267073675446657,0.1653835974657507,-0.0465219208252792,0.27186339433421236,0.49657703878247317
Classical Monocytes|CD8 T Cells|HBEGF|CD44,50,9,9,0.40242939530417954,9.06308987969776,ok,0.013985279391794642,0.9088732897263541,-0.22549301109503533,0.2534635698786246,0.9597046428841838
Non-classical Monocytes|CD8 T Cells|COPA|CD74,56,9,9,0.2652052564251656,9.623039513836233,ok,0.012691972877836535,0.8580150423093418,-0.12635554357167544,0.1517394893273485,0.9354499745011354
Non-classical Monocytes|NK Cells|ICAM3|ITGAL,56,9,9,0.2652052564251656,9.623039513836233,ok,-0.0833504882695982,0.2718252852474974,-0.23201605324605218,0.06531507670685577,0.6138754001696373
Non-classical Monocytes|B Cells|TIMP1|CD63,54,9,9,0.27007062085698214,9.54182834399465,ok,0.015540071705057223,0.761203294345144,-0.08468328399947417,0.11576342740958862,0.8973253591773691
Classical Monocytes|Non-classical Monocytes|HLA-DMA|CD4,56,9,9,0.2652052564251656,9.623039513836233,ok,-0.17569549082027977,0.02522096746493735,-0.32956351021953983,-0.021827471421019706,0.21604725806361774
NK Cells|NK Cells|ICAM3|ITGAL,56,9,9,0.2652052564251656,9.623039513836233,ok,-0.07561863231931225,0.4164448828312993,-0.2580072434110471,0.1067699787724226,0.7083711386143706
CD4 T Cells|Non-classical Monocytes|HMGB1|TLR2,56,9,9,0.2652052564251656,9.623039513836233,ok,-0.2230301931447568,0.024993215049604566,-0.4180467747614913,-0.028013611528022286,0.21568218913177276
Classical Monocytes|Classical Monocytes|HMGB1|TLR2,56,9,9,0.2652052564251656,9.623039513836233,ok,-0.05441840587515429,0.1611819062118628,-0.13054255035723028,0.021705738606921703,0.4905030267720685
Classical Monocytes|Non-classical Monocytes|ANXA2|TLR2,56,9,9,0.2652052564251656,9.623039513836233,ok,-0.3410162922045966,0.026217651178084885,-0.6416856152042814,-0.04034696920491193,0.22053114528858406
Non-classical Monocytes|CD4 T Cells|HBEGF|CD44,45,9,9,0.4208377236052077,8.758852350737076,ok,-0.00446573807427994,0.9752535567368523,-0.2866280251085278,0.27769654895996787,0.9866872719048484
CD8 T Cells|Non-classical Monocytes|ANXA1|FPR1,55,9,9,0.2676305103880259,9.574016174140938,ok,0.10296768145932658,0.49210682101055636,-0.19080841579274457,0.39674377871139777,0.7588410939474496
Classical Monocytes|CD4 T Cells|HLA-DPB1|CD4,55,9,9,0.2652121395138156,9.515356799423158,ok,-0.3046799289625326,0.0019818091646136614,-0.49775213156459186,-0.11160772636047334,0.060380319385221606
NK Cells|CD8 T Cells|PKM|CD44,56,9,9,0.2652052564251656,9.623039513836233,ok,0.01842271027519729,0.6741438908500366,-0.06745274912727663,0.10429816967767121,0.8546140130142307
CD8 T Cells|CD4 T Cells|MIF|TNFRSF14,56,9,9,0.2652052564251656,9.623039513836233,ok,0.037519107409327124,0.7965781858895319,-0.2477499135129131,0.32278812833156734,0.9109020321609413
Classical Monocytes|Non-classical Monocytes|CIRBP|TREM1,56,9,9,0.2652052564251656,9.623039513836233,ok,-0.273930114700261,0.015422187455173783,-0.4955752201774438,-0.05228500922307819,0.17607273387292094
CD4 T Cells|CD4 T Cells|MIF|TNFRSF14,56,9,9,0.2652052564251656,9.623039513836233,ok,-0.020033140316564446,0.8769838899349126,-0.27368824134877384,0.23362196071564495,0.9443171419632987
B Cells|NK Cells|CALM1|PTPRA,56,9,9,0.2652052564251656,9.623039513836233,ok,-0.039550454729074674,0.6390836564350209,-0.20483981283269587,0.12573890337454652,0.8343617206968282
B Cells|CD8 T Cells|PKM|CD44,56,9,9,0.2652052564251656,9.623039513836233,ok,-0.026760391338150363,0.6226768668810461,-0.13335185165903524,0.07983106898273452,0.8262170272396567
Non-classical Monocytes|Classical Monocytes|LGALS9|LRP1,56,9,9,0.2652052564251656,9.623039513836233,ok,-0.12983743918684362,0.22013120756766102,-0.33737372996020326,0.07769885158651602,0.5556941642823945
NK Cells|Classical Monocytes|TIMP1|CD63,54,9,9,0.27165418430478677,9.584309997177423,ok,-0.16870026757768153,0.2790651996929049,-0.4741694346342219,0.13676889947885884,0.6163511748172608
CD8 T Cells|Non-classical Monocytes|HMGB1|TLR2,56,9,9,0.2652052564251656,9.623039513836233,ok,-0.21341636584506954,0.034973615222762724,-0.4117829328961158,-0.015049798794023295,0.25008577478935473
CD4 T Cells|Non-classical Monocytes|S100A9|CD36,54,9,9,0.27165418430478677,9.584309997177423,ok,0.2642905379978594,0.34748873576180894,-0.28708324484647263,0.8156643208421914,0.6743761955143776
Non-classical Monocytes|Non-classical Monocytes|S100A12|CD36,54,9,9,0.27229671897289587,9.47913130505771,ok,0.1505332419436447,0.5970810106557272,-0.40761689869410667,0.7086833825813961,0.8135665232911371
Non-classical Monocytes|CD4 T Cells|TIMP2|CD44,56,9,9,0.2652052564251656,9.623039513836233,ok,-0.1307003653686074,0.27538189416742187,-0.3655547963688283,0.1041540656316135,0.6138754001696373
Classical Monocytes|NK Cells|HLA-E|CD8A,42,9,9,0.3589269195189643,8.832879529839039,ok,-0.0691614420232538,0.08224966645967981,-0.14716554557396394,0.008842661527456344,0.36541230929729024
NK Cells|CD8 T Cells|SPON2|ITGA4,56,9,9,0.2652052564251656,9.623039513836233,ok,0.07758904985793746,0.6673207696335088,-0.2762076930217098,0.4313857927375847,0.8496488487683473
Non-classical Monocytes|Classical Monocytes|SELPLG|SELL,56,9,9,0.2652052564251656,9.623039513836233,ok,-0.07541090131002015,0.42755380623962325,-0.26170473520924287,0.11088293258920254,0.71309976273323
Classical Monocytes|CD8 T Cells|SELPLG|SELL,56,9,9,0.2652052564251656,9.623039513836233,ok,-0.21360874948348585,0.2513449944053264,-0.5785896641908472,0.15137216522387548,0.5975855479228679
Non-classical Monocytes|CD4 T Cells|SELPLG|ITGB2,56,9,9,0.2652052564251656,9.623039513836233,ok,-0.2079852403180354,4.629300760009853e-05,-0.30805498375222273,-0.10791549688384804,0.009805700700748144
CD4 T Cells|CD4 T Cells|SELPLG|SELL,56,9,9,0.2652052564251656,9.623039513836233,ok,-0.20818110473751872,0.014967212197297568,-0.3758747824157487,-0.04048742705928873,0.17607273387292094
B Cells|CD8 T Cells|LGALS1|PTPRC,53,9,9,0.27634961439588684,9.952595415192851,ok,0.01773001739149989,0.7369624585491837,-0.08573058257799968,0.12119061736099945,0.8832813968607557
B Cells|CD8 T Cells|MIF|TNFRSF14,56,9,9,0.2652052564251656,9.623039513836233,ok,-0.040801234693895794,0.7785008324909721,-0.3251117867682743,0.2435093173804827,0.9042407476091551
CD4 T Cells|B Cells|SELPLG|SELL,56,9,9,0.2652052564251656,9.623039513836233,ok,-0.269378548336855,0.00018385202268737162,-0.4105389230018649,-0.12821817367184507,0.017848967202565662
CD4 T Cells|Non-classical Monocytes|ANXA1|FPR1,55,9,9,0.2676305103880259,9.574016174140938,ok,-0.06518642899235384,0.47188625635540216,-0.24277980851524078,0.11240695053053311,0.7479557668762497
B Cells|NK Cells|LGALS1|PTPRC,53,9,9,0.27634961439588684,9.952595415192851,ok,-0.014757727128472106,0.7709510536748199,-0.11411026439888812,0.08459481014194391,0.9023717330716501
CD8 T Cells|NK Cells|ICAM3|ITGAL,56,9,9,0.2652052564251656,9.623039513836233,ok,-0.036566637807514846,0.6437284617929262,-0.19152991646877462,0.11839664085374493,0.8351667025158872
CD4 T Cells|NK Cells|CD48|CD2,56,9,9,0.2652052564251656,9.623039513836233,ok,-0.08092285965979443,0.17107109799103082,-0.196797593613111,0.034951874293522145,0.5045514662267111
Classical Monocytes|NK Cells|CALM1|PTPRA,56,9,9,0.2652052564251656,9.623039513836233,ok,-0.013703224604106029,0.9120284701938515,-0.2568038133599192,0.22939736415170714,0.9597046428841838
Non-classical Monocytes|NK Cells|CD14|ITGA4,56,9,9,0.2652052564251656,9.623039513836233,ok,-0.08789225894848468,0.6866116917896392,-0.514865758725678,0.3390812408287086,0.8612458254862083
CD8 T Cells|Classical Monocytes|ANXA1|FPR1,56,9,9,0.2652052564251656,9.623039513836233,ok,0.07356522213961567,0.5103061090008197,-0.14544100463094795,0.2925714489101793,0.7673533393347064
Classical Monocytes|CD8 T Cells|TIMP2|CD44,56,9,9,0.2652052564251656,9.623039513836233,ok,0.0006157245901149272,0.9902125422704352,-0.09776133989509958,0.09899278907532943,0.994052228991863
Non-classical Monocytes|B Cells|MIF|CD44_CD74,56,9,9,0.2652052564251656,9.623039513836233,ok,0.09129967458265356,0.504007767603779,-0.17650164647879826,0.35910099564410536,0.765227326120565
B Cells|B Cells|MIF|TNFRSF14,56,9,9,0.2652052564251656,9.623039513836233,ok,0.025638013487756323,0.8213355440502761,-0.196875057818552,0.24815108479406464,0.9225921676209943
Non-classical Monocytes|NK Cells|GNAI2|S1PR4,54,9,9,0.2652215302843992,9.411986138867212,ok,-0.22598129083174964,0.037355801377997565,-0.4387316454702209,-0.013230936193278336,0.2535980110813724
CD8 T Cells|CD8 T Cells|SELPLG|ITGB2,56,9,9,0.2652052564251656,9.623039513836233,ok,-0.316823660101876,0.004529099161201874,-0.5355690682697971,-0.09807825193395495,0.09097242280689971
Classical Monocytes|Classical Monocytes|LGALS9|CD47,56,9,9,0.2652052564251656,9.623039513836233,ok,-0.07739204222803059,0.5820276612790944,-0.35297094463970874,0.19818686018364756,0.8029156014092896
Classical Monocytes|NK Cells|GNAI2|S1PR5,56,9,9,0.2652052564251656,9.623039513836233,ok,0.06205083447456293,0.5375309532154462,-0.13520358540538246,0.2593052543545083,0.776470626777427
Non-classical Monocytes|Classical Monocytes|PSEN1|CD44,56,9,9,0.2652052564251656,9.623039513836233,ok,-0.19818681228909024,0.0005129218821257573,-0.31000270878965686,-0.08637091578852366,0.030643794496231138
Non-classical Monocytes|Non-classical Monocytes|LGALS9|LRP1,56,9,9,0.2652052564251656,9.623039513836233,ok,-0.2103276264578126,0.09027371573187767,-0.45368380819313886,0.03302855527751364,0.3739773587890432
NK Cells|Non-classical Monocytes|PTPN6|CLEC12A,56,9,9,0.2652052564251656,9.623039513836233,ok,-0.5410761181135191,3.40570832679613e-05,-0.7969555404542935,-0.28519669577274465,0.009805700700748144
NK Cells|Classical Monocytes|HLA-F|LILRB2,56,9,9,0.2652052564251656,9.623039513836233,ok,-0.032436778925066495,0.7218791003855196,-0.211043826197836,0.146170268347703,0.8774921428055984
Non-classical Monocytes|Non-classical Monocytes|PTPN6|CD300LF,56,9,9,0.2652052564251656,9.623039513836233,ok,-0.3090797321789295,0.016647589979100173,-0.5620805616070694,-0.05607890275078947,0.17957816968196022
Non-classical Monocytes|Non-classical Monocytes|ADAM10|CD44,56,9,9,0.2652052564251656,9.623039513836233,ok,-0.15270170481907241,0.007892704472742738,-0.2653595976749548,-0.04004381196319,0.11864517046122955
Classical Monocytes|NK Cells|MIF|CD44_CD74,56,9,9,0.2652052564251656,9.623039513836233,ok,0.04899928938593469,0.7566029723975582,-0.2608522010404078,0.35885077981227714,0.89645611172128
CD8 T Cells|CD8 T Cells|HLA-F|CD8A,56,9,9,0.2652052564251656,9.623039513836233,ok,-0.06548372720056948,0.24000412887992428,-0.1747163373362845,0.04374888293514552,0.5819038712697436
Non-classical Monocytes|CD4 T Cells|HLA-DMA|CD4,55,9,9,0.2652121395138156,9.515356799423158,ok,-0.11461137838837544,0.1830940699276019,-0.2833457722177965,0.0541230154410456,0.5126408939410381
B Cells|NK Cells|MIF|TNFRSF14,56,9,9,0.2652052564251656,9.623039513836233,ok,-0.016688178715378227,0.902440754108766,-0.28352279202006436,0.25014643458930785,0.9557667986697386
Non-classical Monocytes|Non-classical Monocytes|HMGB1|TLR2,56,9,9,0.2652052564251656,9.623039513836233,ok,-0.21958696695359997,0.03071127675810997,-0.4187649546786983,-0.020408979228501656,0.241747550156744
Classical Monocytes|CD4 T Cells|COPA|CD74,56,9,9,0.2652052564251656,9.623039513836233,ok,-0.05726601917852141,0.5347996748104552,-0.23809421642097,0.12356217806392718,0.7734843217308259
NK Cells|Classical Monocytes|TGFB1|ITGB1,56,9,9,0.2652052564251656,9.623039513836233,ok,-0.007733290386479977,0.9637714203344555,-0.34142994362363643,0.3259633628506765,0.9825749406142884
CD8 T Cells|CD8 T Cells|SELPLG|SELL,56,9,9,0.2652052564251656,9.623039513836233,ok,-0.4547672587732861,0.020490192316204477,-0.8394162948249358,-0.07011822272163637,0.1964697452541417
Classical Monocytes|Non-classical Monocytes|HMGB1|TLR2,56,9,9,0.2652052564251656,9.623039513836233,ok,-0.32143720758892735,0.01416891964268823,-0.5782727751373469,-0.06460164004050778,0.17337710656681113
Classical Monocytes|CD4 T Cells|TNFSF13B|HLA-DPB1,56,9,9,0.2652052564251656,9.623039513836233,ok,-0.03626653912905484,0.7318481179332874,-0.2437007820394992,0.1711677037813895,0.8830312503400716
B Cells|CD4 T Cells|LGALS1|PTPRC,53,9,9,0.27634961439588684,9.952595415192851,ok,-0.004138526534461062,0.938734899741154,-0.10967275024857719,0.10139569717965506,0.9708177169981753
CD4 T Cells|Classical Monocytes|TIMP1|CD63,56,9,9,0.2652052564251656,9.623039513836233,ok,-0.13769551740837485,0.3019245526668851,-0.39912564454842514,0.12373460973167541,0.6338419579885247
CD4 T Cells|Classical Monocytes|ANXA1|FPR1,56,9,9,0.2652052564251656,9.623039513836233,ok,-0.07083600664774072,0.31084681570395867,-0.20782990488912084,0.06615789159363943,0.6392524983144074
NK Cells|Classical Monocytes|HLA-DRA|CD4,55,9,9,0.2700378898280395,9.643175285193806,ok,-0.06223353389683766,0.7329538361191839,-0.4197243635744435,0.29525729578076815,0.8830312503400716
NK Cells|CD8 T Cells|CALM1|PTPRA,56,9,9,0.2652052564251656,9.623039513836233,ok,-0.06409244130400528,0.06670807253389796,-0.13260052551997764,0.004415642911967083,0.3378908891390919
CD4 T Cells|Non-classical Monocytes|PTPN6|CLEC12A,56,9,9,0.2652052564251656,9.623039513836233,ok,-0.42770919088292414,0.010501677176692379,-0.7553142263256389,-0.10010415544020929,0.14226109198658862
Non-classical Monocytes|NK Cells|ICAM1|IL2RG,47,9,9,0.34689420544337135,8.908423246748182,ok,-0.09246120125630862,0.466192899888048,-0.3411558041605259,0.1562334016479086,0.7445027119528115
B Cells|Classical Monocytes|LGALS1|PTPRC,53,9,9,0.27634961439588684,9.952595415192851,ok,0.010522084745193144,0.8589211700440027,-0.10550143717425065,0.12654560666463693,0.9354499745011354
NK Cells|NK Cells|SPON2|ITGA4,56,9,9,0.2652052564251656,9.623039513836233,ok,0.08326398287951947,0.6658685348715201,-0.29465385329397376,0.4611818190530127,0.8482633604432159
B Cells|NK Cells|FAM3C|LAMP1,56,9,9,0.2652052564251656,9.623039513836233,ok,-0.11619804571727044,0.3660396356178103,-0.3681504815280693,0.1357543900935284,0.6889857707684792
B Cells|Classical Monocytes|MIF|TNFRSF14,56,9,9,0.2652052564251656,9.623039513836233,ok,-0.03789275620974594,0.778024532907864,-0.3013547276960342,0.22556921527654236,0.9041382352495377
B Cells|NK Cells|VIM|CD44,56,9,9,0.2652052564251656,9.623039513836233,ok,-0.0338868548274201,0.6214133871336891,-0.1683755793236551,0.1006018696688149,0.8262170272396567
CD8 T Cells|NK Cells|PKM|CD44,56,9,9,0.2652052564251656,9.623039513836233,ok,-0.04879467037363461,0.5959652287837809,-0.22916755631536917,0.13157821556809995,0.8125213476104209
Classical Monocytes|CD4 T Cells|LGALS9|CD47,56,9,9,0.2652052564251656,9.623039513836233,ok,-0.21733925588471675,0.02888398355777809,-0.4122885387324175,-0.02238997303701601,0.2328708708983493
Non-classical Monocytes|Non-classical Monocytes|GNAI2|S1PR4,56,9,9,0.2652052564251656,9.623039513836233,ok,-0.2372815829853121,0.0031944290671662413,-0.39501673578285923,-0.07954643018776494,0.0751820174393671
Non-classical Monocytes|Non-classical Monocytes|MIF|TNFRSF14,56,9,9,0.2652052564251656,9.623039513836233,ok,-0.016961141485172693,0.9005651642429737,-0.2830188339007257,0.2490965509303803,0.9546018393114759
Non-classical Monocytes|CD8 T Cells|GNAI2|S1PR4,55,9,9,0.2652121395138156,9.515356799423158,ok,-0.238523806072521,0.0010667832000377565,-0.38138932198947906,-0.09565829015556293,0.042172019071961844
NK Cells|Classical Monocytes|PSAP|LRP1,56,9,9,0.2652052564251656,9.623039513836233,ok,-0.059370996511750956,0.6897359271919591,-0.3508566975720432,0.2321147045485413,0.8612458254862083
B Cells|NK Cells|CD48|CD2,56,9,9,0.2652052564251656,9.623039513836233,ok,-0.10355643008525246,0.22200043993512686,-0.26975569491193385,0.06264283474142891,0.5583563982829806
Classical Monocytes|CD4 T Cells|HLA-DPA1|CD4,55,9,9,0.2652121395138156,9.515356799423158,ok,-0.29448778969478107,0.00546001140010615,-0.5022159197027923,-0.08675965968676977,0.10192947152440647
Non-classical Monocytes|CD4 T Cells|COPA|CD74,56,9,9,0.2652052564251656,9.623039513836233,ok,-0.02763613438640833,0.7901554848612722,-0.23118387793035713,0.17591160915754048,0.9072315159762925
CD4 T Cells|CD8 T Cells|SELPLG|ITGB2,56,9,9,0.2652052564251656,9.623039513836233,ok,-0.2695959488597202,0.03920620275827563,-0.5258492094403223,-0.013342688279118109,0.26025769922160175
B Cells|CD4 T Cells|HLA-DMB|CD4,55,9,9,0.2652121395138156,9.515356799423158,ok,-0.2508166343207638,3.773502146647272e-05,-0.37010812229653256,-0.131525146344995,0.009805700700748144
Non-classical Monocytes|CD4 T Cells|ADAM10|CD44,56,9,9,0.2652052564251656,9.623039513836233,ok,-0.06300032452545618,0.4033183109385132,-0.21075305073901116,0.0847524016880988,0.7083711386143706
Non-classical Monocytes|B Cells|GNAI2|S1PR4,52,9,9,0.29039744025503694,9.441917334442868,ok,-0.23669021523280095,0.007032838410740846,-0.4088071694844855,-0.06457326098111646,0.11227337382300148
Non-classical Monocytes|CD4 T Cells|TNFSF13B|HLA-DPB1,56,9,9,0.2652052564251656,9.623039513836233,ok,-0.019929451114546415,0.8726833532210169,-0.26367835422335634,0.2238194519942635,0.9413667652800785
Classical Monocytes|Classical Monocytes|ADAM10|CD44,56,9,9,0.2652052564251656,9.623039513836233,ok,-0.10604599646776376,0.011760726262480052,-0.18854946473601636,-0.02354252819951118,0.15394658534594674
NK Cells|Non-classical Monocytes|GNAI2|C5AR1,56,9,9,0.2652052564251656,9.623039513836233,ok,-0.3335664728280069,0.04874916448517209,-0.6653024447248308,-0.0018305009311829212,0.2905345030245509
Non-classical Monocytes|CD4 T Cells|GNAI2|S1PR4,56,9,9,0.2652052564251656,9.623039513836233,ok,-0.22653590307664292,0.0002454045723936175,-0.3476161249055809,-0.10545568124770494,0.019716988057832025
NK Cells|CD8 T Cells|LCK|CD8A_CD8B,56,9,9,0.2652052564251656,9.623039513836233,ok,-0.08202725646613587,0.008087988384573865,-0.14273259522107873,-0.021321917711193003,0.12080136497472503
Non-classical Monocytes|CD8 T Cells|CD14|ITGB1,53,9,9,0.26914101703681353,9.40561884787259,ok,-0.04950727952366829,0.8170846145542073,-0.4690232051689391,0.3700086461216025,0.9214942652039222
NK Cells|CD4 T Cells|CALM1|PTPRA,53,9,9,0.285242301944718,9.461692259945345,ok,-0.09245593984856598,0.03765876044384329,-0.17963707113752064,-0.005274808559611308,0.2535980110813724
Non-classical Monocytes|Non-classical Monocytes|PSEN1|CD44,56,9,9,0.2652052564251656,9.623039513836233,ok,-0.2642775853289341,0.00045910480544645855,-0.41212046527613305,-0.11643470538173512,0.02971428324139579
Non-classical Monocytes|B Cells|VCAN|CD44,55,9,9,0.2676305103880259,9.574016174140935,ok,-0.054334352697424704,0.6557797274862206,-0.293244050251106,0.1845753448562566,0.8411593233683057
CD4 T Cells|CD8 T Cells|SELPLG|SELL,56,9,9,0.2652052564251656,9.623039513836233,ok,-0.36016584563602433,0.08233061276252963,-0.7664881567082256,0.04615646543617685,0.36541230929729024
Classical Monocytes|CD8 T Cells|LGALS9|CD47,56,9,9,0.2652052564251656,9.623039513836233,ok,-0.19760149755524326,0.12948944549040184,-0.4530511034842459,0.057848108373759366,0.4366286656912247
Non-classical Monocytes|Non-classical Monocytes|VCAN|SELL,55,9,9,0.2676305103880259,9.574016174140935,ok,0.06300377162320286,0.7282517515086628,-0.29239816291988024,0.418405706166286,0.8821444455613194
CD8 T Cells|B Cells|LGALS1|PTPRC,56,9,9,0.2652052564251656,9.623039513836233,ok,0.0016453770491990302,0.9885111727792891,-0.22231071536753233,0.2256014694659304,0.9936903924411716
NK Cells|CD4 T Cells|HLA-DRB1|CD4,55,9,9,0.2652121395138156,9.515356799423158,ok,0.005912287314193215,0.974378168192698,-0.35488133055670923,0.3667059051850957,0.9866872719048484
B Cells|CD4 T Cells|MIF|TNFRSF14,56,9,9,0.2652052564251656,9.623039513836233,ok,-0.05882818258815367,0.67480575374456,-0.3336415169248743,0.21598515174856694,0.8547328315571137
NK Cells|Non-classical Monocytes|PSAP|LRP1,56,9,9,0.2652052564251656,9.623039513836233,ok,-0.06771561012139093,0.6345679471289754,-0.34694581191664303,0.21151459167386116,0.8339217804909829
Classical Monocytes|CD8 T Cells|IL1B|SIGIRR,56,9,9,0.2652052564251656,9.623039513836233,ok,-0.3282977782831923,0.05181577405709299,-0.6591789814370118,0.002583424870627238,0.3018268838825667
CD4 T Cells|B Cells|PKM|CD44,56,9,9,0.2652052564251656,9.623039513836233,ok,-0.1231715475965372,0.047548035060826395,-0.24501142763101733,-0.0013316675620570761,0.28553330332918947
Non-classical Monocytes|Non-classical Monocytes|GNAI2|ADCY7,56,9,9,0.2652052564251656,9.623039513836233,ok,-0.18496800409571323,0.0325282233336448,-0.35454452835351513,-0.015391479837911365,0.24335020817555308
Non-classical Monocytes|CD8 T Cells|HBEGF|CD44,45,9,9,0.4208377236052077,8.758852350737076,ok,0.038800208694435484,0.8026766745254935,-0.26552844439471546,0.34312886178358637,0.9149885771254402
CD4 T Cells|B Cells|S100A9|ITGB2,54,9,9,0.27165418430478677,9.584309997177423,ok,0.15572643560083527,0.5905775903272024,-0.4115944759052365,0.723047347106907,0.8088043412255425
CD8 T Cells|Non-classical Monocytes|PTPN6|CLEC12A,56,9,9,0.2652052564251656,9.623039513836233,ok,-0.4411088608531127,0.0073399593109361744,-0.7635830061335835,-0.11863471557264182,0.114779229493163
Non-classical Monocytes|Non-classical Monocytes|HLA-DMB|CD4,56,9,9,0.2652052564251656,9.623039513836233,ok,-0.06414382417291749,0.5705341313377885,-0.2857678946156606,0.1574802462698256,0.798636221385052
Non-classical Monocytes|Non-classical Monocytes|HLA-DQA1|CD4,55,9,9,0.28347170864438703,9.686956194052899,ok,0.04526584283192753,0.794592060453002,-0.29550100873161633,0.3860326943954714,0.9104218505928502
Non-classical Monocytes|CD8 T Cells|HLA-F|CD8A,56,9,9,0.2652052564251656,9.623039513836233,ok,-0.11261846296709965,0.08249413911430167,-0.23973713133628985,0.014500205402090544,0.36541230929729024
NK Cells|B Cells|VIM|CD44,56,9,9,0.2652052564251656,9.623039513836233,ok,-0.011697595471557826,0.8603730881355937,-0.1420384852772692,0.11864329433415355,0.9354499745011354
CD8 T Cells|Classical Monocytes|TIMP1|CD63,55,9,9,0.2652121395138156,9.51535679942316,ok,-0.2243636426228315,0.1828482788608926,-0.5544932925665527,0.10576600732088967,0.5126408939410381
CD8 T Cells|CD8 T Cells|CALM1|PTPRA,56,9,9,0.2652052564251656,9.623039513836233,ok,-0.07478839242567226,0.15493875239099122,-0.17784850923307616,0.028271724381731644,0.4794446678374297
Classical Monocytes|Classical Monocytes|HLA-DMA|CD4,56,9,9,0.2652052564251656,9.623039513836233,ok,-0.17481315130622233,0.06581305858247806,-0.36105463117476844,0.011428328562323814,0.33702071757620633
Non-classical Monocytes|CD8 T Cells|TIMP2|CD44,56,9,9,0.2652052564251656,9.623039513836233,ok,-0.1078408982378517,0.39643615136564503,-0.3570902642057343,0.14140846773003093,0.7083711386143706
CD4 T Cells|CD8 T Cells|CALM1|PTPRA,56,9,9,0.2652052564251656,9.623039513836233,ok,-0.10009097379674228,0.03260491772074469,-0.19189374430240896,-0.008288203291075602,0.24335020817555308
CD4 T Cells|B Cells|LGALS1|PTPRC,56,9,9,0.2652052564251656,9.623039513836233,ok,-0.013300939280711827,0.8378913004250939,-0.14072247203034557,0.11412059346892192,0.927691932945988
Non-classical Monocytes|NK Cells|VCAN|ITGB1,55,9,9,0.2676305103880259,9.574016174140935,ok,0.1510645382430617,0.3675417111821989,-0.1775173145981604,0.4796463910842838,0.6894439803438388
CD4 T Cells|NK Cells|CD40LG|CD53,56,9,9,0.2652052564251656,9.623039513836233,ok,-0.1293714811849092,0.11582006306609004,-0.290613644014987,0.03187068164516857,0.4134424293623564
Non-classical Monocytes|Non-classical Monocytes|ICAM3|ITGAL,56,9,9,0.2652052564251656,9.623039513836233,ok,-0.19779409308338597,0.09828277045798686,-0.4322852460819172,0.03669705991514524,0.38813365282560913
B Cells|NK Cells|FCER2|ITGAM_ITGB2,54,9,9,0.27190305206463206,9.613042575546901,ok,-0.1789911126960165,0.26069266555281967,-0.49089546996924016,0.13291324457720713,0.6069377997982784
Non-classical Monocytes|Non-classical Monocytes|CD1D|LILRB2,51,9,9,0.28810385991393367,9.217638070458891,ok,-0.15662295777154678,0.22964049364415995,-0.41216201981548634,0.09891610427239278,0.5662035451755478
B Cells|Classical Monocytes|FCER2|ITGAM_ITGB2,55,9,9,0.2678382384077918,9.586954275566628,ok,-0.12014418102554641,0.29868766995903195,-0.3467286140327896,0.10644025198169677,0.6328939021992526
NK Cells|Non-classical Monocytes|ICAM3|ITGAL,56,9,9,0.2652052564251656,9.623039513836233,ok,-0.1539815810763709,0.3087174673000683,-0.4504678308958863,0.14250466874314455,0.6376876762492546
NK Cells|B Cells|CD99|CD81,51,9,9,0.27373698205185,9.349343086885044,ok,-0.20298305557370544,0.0001045304217856323,-0.3055235532765728,-0.10044255787083804,0.014843306248759956
Classical Monocytes|Classical Monocytes|LGALS9|LRP1,56,9,9,0.2652052564251656,9.623039513836233,ok,-0.08278197248107683,0.52268694077047,-0.3366107985694744,0.17104685360732075,0.7728168551858351
Non-classical Monocytes|NK Cells|TGFB1|ITGB1,56,9,9,0.2652052564251656,9.623039513836233,ok,0.16892914177022034,0.3104732434038119,-0.1575206663697738,0.49537894991021447,0.6390482836845245
B Cells|Non-classical Monocytes|CD99|PILRA,56,9,9,0.2652052564251656,9.623039513836233,ok,-0.17249693328691512,0.006281250470729046,-0.296215059249483,-0.048778807324347265,0.11003995185562916
NK Cells|CD8 T Cells|SPON2|ITGB1,53,9,9,0.26914101703681353,9.40561884787259,ok,0.14251598448971448,0.4052768100410826,-0.19311817316743518,0.47815014214686413,0.7083711386143706
CD8 T Cells|Classical Monocytes|HLA-F|LILRB2,56,9,9,0.2652052564251656,9.623039513836233,ok,-0.07787737793550903,0.4911514023175657,-0.29957902849436735,0.14382427262334926,0.7579560934833545
CD4 T Cells|NK Cells|ICAM3|ITGAL,56,9,9,0.2652052564251656,9.623039513836233,ok,-0.10329595929065835,0.18021994551908627,-0.2543739863687817,0.047782067787464994,0.5115230327004978
CD4 T Cells|CD8 T Cells|HLA-F|CD8A,56,9,9,0.2652052564251656,9.623039513836233,ok,-0.08881469859001172,0.20810925472407205,-0.22710208753108269,0.04947269035105924,0.5421930917078804
Non-classical Monocytes|CD8 T Cells|MIF|TNFRSF14,56,9,9,0.2652052564251656,9.623039513836233,ok,0.07206779054350855,0.627495938242244,-0.21901723743006374,0.3631528185170808,0.8278304065267715
Non-classical Monocytes|NK Cells|IL1B|SIGIRR,56,9,9,0.2652052564251656,9.623039513836233,ok,-0.4385262664568819,0.014730341153438464,-0.7909314344789271,-0.08612109843483673,0.17607273387292094
Classical Monocytes|NK Cells|ICAM3|ITGAL,56,9,9,0.2652052564251656,9.623039513836233,ok,-0.15147971412581987,0.0460874157995603,-0.30032960921570495,-0.0026298190359347884,0.282419145000872
CD8 T Cells|CD8 T Cells|CLEC2D|KLRB1,53,9,9,0.2683739527798938,9.474745243017141,ok,0.12861795512968793,0.4687043332601841,-0.219284966585861,0.47652087684523686,0.7459570331258395
Classical Monocytes|NK Cells|TGFB1|ITGB1,55,9,9,0.2700378898280395,9.643175285193806,ok,0.1656141480550533,0.30267175241955135,-0.14930891858008039,0.480537214690187,0.6338419579885247
NK Cells|Non-classical Monocytes|GNAI2|FPR1,55,9,9,0.2676305103880259,9.574016174140938,ok,-0.1302419277996113,0.40182305128895424,-0.4347250939084121,0.17424123830918947,0.7083711386143706
Non-classical Monocytes|CD4 T Cells|VCAN|ITGB1,55,9,9,0.2676305103880259,9.574016174140935,ok,0.05579640505074014,0.7742803306213271,-0.32553674833199375,0.437129558433474,0.9028746418443675
Non-classical Monocytes|B Cells|MIF|TNFRSF14,56,9,9,0.2652052564251656,9.623039513836233,ok,0.13156961773388026,0.2645599628188233,-0.09956490051933398,0.3627041359870945,0.6095794131467795
Classical Monocytes|Non-classical Monocytes|CD1D|LILRB2,52,9,9,0.29747773103471326,9.247417263422692,ok,-0.3967789936118677,0.0001464561056947911,-0.6015912015131253,-0.19196678571061015,0.016249653631850634
Classical Monocytes|Classical Monocytes|SELPLG|SELL,56,9,9,0.2652052564251656,9.623039513836233,ok,-0.04884392984508723,0.7818589382928336,-0.39457619573808855,0.2968883360479141,0.9051879425109698
Classical Monocytes|Non-classical Monocytes|LGALS9|LRP1,56,9,9,0.2652052564251656,9.623039513836233,ok,0.02483364925585707,0.8326131301779963,-0.20546089227451916,0.2551281907862333,0.9258804280420531
Classical Monocytes|CD4 T Cells|SELPLG|ITGB2,56,9,9,0.2652052564251656,9.623039513836233,ok,-0.20422242398140647,0.01639776478619731,-0.3710051835269971,-0.03743966443581587,0.17957816968196022
NK Cells|CD8 T Cells|LGALS1|ITGB1,53,9,9,0.26914101703681353,9.40561884787259,ok,0.07240010225880203,0.5901217884306161,-0.19103455241407016,0.3358347569316742,0.8088043412255425
Non-classical Monocytes|CD4 T Cells|PSEN1|CD44,56,9,9,0.2652052564251656,9.623039513836233,ok,-0.19331714153789464,0.01656995498123472,-0.3514459709247898,-0.03518831215099949,0.17957816968196022
Classical Monocytes|NK Cells|CD48|CD244,53,9,9,0.3389444053483459,9.627896055568687,ok,-0.35406837562230514,0.00703515561294344,-0.6115511453610467,-0.09658560588356357,0.11227337382300148
Non-classical Monocytes|NK Cells|ICAM2|ITGAL_ITGB2,56,9,9,0.2652052564251656,9.623039513836233,ok,-0.2504859335833908,0.11980682678457855,-0.5660864527073275,0.06511458554054589,0.42167659578258004
CD8 T Cells|Non-classical Monocytes|ICAM3|ITGAL,56,9,9,0.2652052564251656,9.623039513836233,ok,-0.13463105587396312,0.26220400559239465,-0.36997954031978164,0.1007174285718554,0.6069377997982784
NK Cells|CD4 T Cells|HLA-DRA|CD4,54,9,9,0.2700458310557962,9.53149731403037,ok,-0.05846248348333301,0.6131432980496467,-0.2850966596215276,0.16817169265486154,0.8224662547240512
NK Cells|Non-classical Monocytes|HLA-F|LILRB1,56,9,9,0.2652052564251656,9.623039513836233,ok,-0.11709892001218819,0.2153929965365482,-0.302355921455119,0.06815808143074267,0.5508953698464955
Classical Monocytes|CD4 T Cells|IL1B|SIGIRR,56,9,9,0.2652052564251656,9.623039513836233,ok,-0.3424553889141908,0.06104110066026238,-0.700773283877389,0.015862506049007408,0.32767909643257376
Non-classical Monocytes|CD4 T Cells|TGFB1|ITGB1,56,9,9,0.2652052564251656,9.623039513836233,ok,0.1093242859634879,0.4616570460658894,-0.18175782504646418,0.40040639697343994,0.7403029174376543
Classical Monocytes|B Cells|MIF|CD44_CD74,56,9,9,0.2652052564251656,9.623039513836233,ok,0.002000466135971886,0.989425626808377,-0.2938362063695645,0.29783713864150824,0.9936903924411716
Non-classical Monocytes|NK Cells|MIF|TNFRSF14,56,9,9,0.2652052564251656,9.623039513836233,ok,0.09134419566340352,0.5241312388520856,-0.18971403535446685,0.3724024266812739,0.7728168551858351
Non-classical Monocytes|CD8 T Cells|ADAM10|CD44,56,9,9,0.2652052564251656,9.623039513836233,ok,-0.03279901612764878,0.7221867406890015,-0.21360930536782047,0.14801127311252288,0.8774921428055984
Non-classical Monocytes|Non-classical Monocytes|VCAN|ITGB1,55,9,9,0.2676305103880259,9.574016174140935,ok,0.029231912228485396,0.8242005823757265,-0.22867780513374383,0.28714162959071465,0.9237072423931902
Classical Monocytes|Non-classical Monocytes|ADAM10|CD44,56,9,9,0.2652052564251656,9.623039513836233,ok,-0.16165734132411097,0.004297938147971844,-0.27261898664061857,-0.05069569600760335,0.08784382355065261
Classical Monocytes|NK Cells|HBEGF|CD44,50,9,9,0.40242939530417954,9.06308987969776,ok,0.0642330516387305,0.7413462034761742,-0.31718310278358997,0.44564920606105096,0.8862681652639742
Non-classical Monocytes|Non-classical Monocytes|SEMA4A|LILRB2,55,9,9,0.2652121395138156,9.51535679942316,ok,-0.28394382653893024,0.017230326735999935,-0.5176032600356527,-0.0502843930422078,0.18248482406763566
Classical Monocytes|Classical Monocytes|PSEN1|CD44,56,9,9,0.2652052564251656,9.623039513836233,ok,-0.2034955045764939,0.002617398190558292,-0.33602694095505226,-0.07096406819793552,0.06742376397595347
NK Cells|Non-classical Monocytes|HLA-DPB1|CD4,56,9,9,0.2652052564251656,9.623039513836233,ok,0.05786874204681272,0.7684538246866839,-0.32739428695196326,0.44313177104558865,0.9011058940714513
CD8 T Cells|Classical Monocytes|SELPLG|SELL,56,9,9,0.2652052564251656,9.623039513836233,ok,-0.2428993170662409,0.17910908988496022,-0.5972519621394801,0.11145332800699825,0.5101762584742754
CD8 T Cells|CD4 T Cells|SELPLG|ITGB2,56,9,9,0.2652052564251656,9.623039513836233,ok,-0.39938115739683233,0.0004327050883339012,-0.6218046885386066,-0.17695762625505804,0.028805795880513994
CD8 T Cells|NK Cells|CD48|CD244,53,9,9,0.3389444053483459,9.627896055568687,ok,-0.237193224762915,0.05673707069137717,-0.48118768100173887,0.0068012314759088865,0.3134112718451444
CD8 T Cells|CD4 T Cells|CALM1|PTPRA,53,9,9,0.285242301944718,9.461692259945345,ok,-0.10743459876277708,0.06669018899688124,-0.22226335400857955,0.007394156483025369,0.3378908891390919
NK Cells|Classical Monocytes|GNAI2|C5AR1,56,9,9,0.2652052564251656,9.623039513836233,ok,-0.21033467807105136,0.26296082577507107,-0.578604175691069,0.1579348195489663,0.6078360357697575
Classical Monocytes|CD4 T Cells|TGFB1|ITGB1,55,9,9,0.2700378898280395,9.643175285193806,ok,0.13618073422063806,0.37188487406703674,-0.16272721203668658,0.4350886804779627,0.6926392938258957
Non-classical Monocytes|Classical Monocytes|GNAI2|ADCY7,56,9,9,0.2652052564251656,9.623039513836233,ok,-0.302787644037452,0.008269576799642782,-0.5275071561682418,-0.0780681319066622,0.12195008824789673
NK Cells|NK Cells|PKM|CD44,56,9,9,0.2652052564251656,9.623039513836233,ok,0.04890771658583809,0.6981008238521704,-0.19822031832060572,0.2960357514922819,0.8672982173060402
NK Cells|Non-classical Monocytes|HLA-DPA1|CD4,56,9,9,0.2652052564251656,9.623039513836233,ok,0.03415276381537103,0.8428357348512708,-0.303462671716845,0.37176819934758704,0.9302734543834491
CD4 T Cells|CD4 T Cells|CALM1|PTPRA,53,9,9,0.285242301944718,9.461692259945345,ok,-0.14081732338702563,0.011025602727355983,-0.24939687713220973,-0.032237769641841524,0.1459639451973832
CD8 T Cells|Classical Monocytes|CD99|PILRA,56,9,9,0.2652052564251656,9.623039513836233,ok,0.03330166521597906,0.7829336330977883,-0.2036149566288611,0.27021828706081924,0.9051879425109698
B Cells|NK Cells|ICAM3|ITGAL,56,9,9,0.2652052564251656,9.623039513836233,ok,-0.14425924016770036,0.08700273896022347,-0.30946832799541296,0.020949847660012233,0.36943482215568985
NK Cells|Classical Monocytes|GNAI2|FPR1,56,9,9,0.2652052564251656,9.623039513836233,ok,-0.1333138892805593,0.31003612909911493,-0.39070579485644763,0.12407801629532902,0.6390482836845245
CD4 T Cells|Non-classical Monocytes|CD40LG|CD53,56,9,9,0.2652052564251656,9.623039513836233,ok,-0.17612311521868457,0.14078296015055275,-0.4104901947293991,0.05824396429202999,0.4578576594693711
Non-classical Monocytes|Non-classical Monocytes|TGFB1|ITGB1,56,9,9,0.2652052564251656,9.623039513836233,ok,0.05835200541044461,0.7202695813756386,-0.2610233073019254,0.3777273181228146,0.8774921428055984
Classical Monocytes|NK Cells|GNAI2|S1PR4,54,9,9,0.2652215302843992,9.411986138867212,ok,-0.18003385492875673,0.1160477891858288,-0.40455928763046123,0.044491577772947793,0.4134424293623564
Non-classical Monocytes|Classical Monocytes|MIF|TNFRSF14,56,9,9,0.2652052564251656,9.623039513836233,ok,0.1005684765464311,0.4831920128450533,-0.18054505798738285,0.381682011080245,0.7555955637107209
NK Cells|Non-classical Monocytes|HMGB1|HAVCR2,53,9,9,0.26661721348654394,9.367254140995804,ok,-0.0457230467673789,0.430782184196546,-0.1594694252161844,0.06802333168142659,0.715708283491002
B Cells|NK Cells|PKM|CD44,56,9,9,0.2652052564251656,9.623039513836233,ok,-0.0328305651830377,0.8053397719484758,-0.293933038040041,0.22827190767396557,0.9166788806252802
B Cells|B Cells|VIM|CD44,56,9,9,0.2652052564251656,9.623039513836233,ok,-0.09543632407768925,0.16523732708060113,-0.23023181368540702,0.039359165530028536,0.49657703878247317
NK Cells|Classical Monocytes|PTPN6|CLEC12A,56,9,9,0.2652052564251656,9.623039513836233,ok,-0.45939351239139326,0.0036123712545916386,-0.7687898891876489,-0.1499971355951376,0.08016023831617636
CD8 T Cells|B Cells|PKM|CD44,56,9,9,0.2652052564251656,9.623039513836233,ok,-0.1321095880676823,0.09949601419176243,-0.28929391456663056,0.02507473843126598,0.38887777001400087
B Cells|Classical Monocytes|PSAP|LRP1,56,9,9,0.2652052564251656,9.623039513836233,ok,0.03478324279316357,0.8107996285454193,-0.24999305303036007,0.31955953861668723,0.9188536646453439
B Cells|CD8 T Cells|HLA-F|CD8A,56,9,9,0.2652052564251656,9.623039513836233,ok,-0.0831732307214313,0.27610318651528365,-0.23285121722814472,0.0665047557852821,0.6138754001696373
Classical Monocytes|CD8 T Cells|ICAM1|IL2RG,46,9,9,0.31098774265316464,8.784289597552377,ok,-0.07164366434512215,0.5291436483497138,-0.2947740091383601,0.1514866804481158,0.7728420643778361
Classical Monocytes|Non-classical Monocytes|TGFB1|ITGB1,55,9,9,0.2700378898280395,9.643175285193806,ok,0.037788399034879044,0.8101504918348462,-0.270513303824214,0.34609010189397216,0.9186359194426007
NK Cells|NK Cells|CD48|CD244,53,9,9,0.3389444053483459,9.627896055568687,ok,-0.2848928034890111,0.08099450496513512,-0.6048912835561728,0.03510567657815067,0.36434691889861964
Classical Monocytes|CD4 T Cells|HLA-DMA|CD4,55,9,9,0.2652121395138156,9.515356799423158,ok,-0.2481344190341675,0.00690565299751821,-0.4281676283461211,-0.0681012097222139,0.11227337382300148
Classical Monocytes|CD4 T Cells|TIMP1|CD63,55,9,9,0.2652121395138156,9.51535679942316,ok,0.08101222698729144,0.34253775361977934,-0.08627311746255567,0.24829757143713854,0.669213982567725
B Cells|Non-classical Monocytes|PSAP|LRP1,56,9,9,0.2652052564251656,9.623039513836233,ok,0.10531447789185966,0.41901405935353364,-0.15010461789917828,0.3607335736828976,0.7090262873524671
Non-classical Monocytes|Classical Monocytes|HLA-F|LILRB2,56,9,9,0.2652052564251656,9.623039513836233,ok,-0.23595442676632297,0.10806876715935625,-0.5237460060844694,0.051837152551823446,0.4031071181583722
CD4 T Cells|CD8 T Cells|CLEC2D|KLRB1,53,9,9,0.2683739527798938,9.474745243017141,ok,0.20335573545917063,0.28615308264955774,-0.17032736887687672,0.577038839795218,0.6237012933334608
NK Cells|CD8 T Cells|TGFB1|ITGB1,53,9,9,0.26914101703681353,9.40561884787259,ok,0.026052090576935305,0.8858409996970633,-0.3296043501804092,0.3817085313342798,0.9500315390154928
CD4 T Cells|Classical Monocytes|PTPN6|CLEC12A,56,9,9,0.2652052564251656,9.623039513836233,ok,-0.3592092987829151,0.03816267771489963,-0.6988148204904587,-0.01960377707537142,0.25520984888350967
CD4 T Cells|B Cells|CD40LG|CD53,56,9,9,0.2652052564251656,9.623039513836233,ok,-0.1714801345346073,0.08907852438919045,-0.3691506091726036,0.026190340103388998,0.37195871295127914
Classical Monocytes|Non-classical Monocytes|MIF|TNFRSF14,56,9,9,0.2652052564251656,9.623039513836233,ok,-0.11427779458149437,0.272190762613738,-0.3182613548788883,0.08970576571589953,0.6138754001696373
CD4 T Cells|Classical Monocytes|CD99|PILRA,56,9,9,0.2652052564251656,9.623039513836233,ok,-0.09123371804030879,0.4138933861617099,-0.31008485830637156,0.127617422225754,0.7083711386143706
Classical Monocytes|CD4 T Cells|ADAM10|CD44,56,9,9,0.2652052564251656,9.623039513836233,ok,-0.07406503173025986,0.21481905517359945,-0.19109351238558658,0.04296344892506686,0.5500312072027327
Classical Monocytes|Classical Monocytes|CD99|PILRA,56,9,9,0.2652052564251656,9.623039513836233,ok,-0.1367410435687806,0.43218950852868665,-0.47795609925430305,0.2044740121167418,0.715708283491002
Classical Monocytes|NK Cells|TIMP2|CD44,56,9,9,0.2652052564251656,9.623039513836233,ok,-0.02835766396174047,0.8270290979552971,-0.28271274341720054,0.22599741549371957,0.9245429687378013
Classical Monocytes|CD4 T Cells|ICAM1|IL2RG,46,9,9,0.31098774265316464,8.784289597552377,ok,-0.08804075271948913,0.5312650421310691,-0.3636569447253357,0.18757543928635745,0.7728420643778361
Classical Monocytes|B Cells|TIMP1|CD63,54,9,9,0.27007062085698214,9.54182834399465,ok,0.058821704001525726,0.6189200785102771,-0.17296904629105264,0.2906124542941041,0.8249907224993968
CD8 T Cells|Non-classical Monocytes|HLA-DRA|CD4,55,9,9,0.2700378898280395,9.643175285193806,ok,0.05147856516054465,0.7835897339247322,-0.3158920014406959,0.41884913176178523,0.9051879425109698
NK Cells|Classical Monocytes|CALR|LRP1,56,9,9,0.2652052564251656,9.623039513836233,ok,-0.09266676877007085,0.22483071606813865,-0.2423010732131845,0.0569675356730428,0.5619297654004205
B Cells|Non-classical Monocytes|HMGB1|HAVCR2,53,9,9,0.26661721348654394,9.367254140995804,ok,-0.10985785082602738,0.09424020409280552,-0.23852520718660514,0.018809505534550366,0.3805540303920916
NK Cells|B Cells|LTB|CD40,56,9,9,0.2652052564251656,9.623039513836233,ok,-0.4364151881196217,0.07439460870954352,-0.915827918199828,0.042997541960584584,0.3530334792122941
Non-classical Monocytes|CD8 T Cells|PSEN1|CD44,56,9,9,0.2652052564251656,9.623039513836233,ok,-0.18218432684414923,0.04450981792745222,-0.3598990769962658,-0.004469576692032712,0.2780372004583476
Classical Monocytes|Non-classical Monocytes|GNAI2|S1PR4,56,9,9,0.2652052564251656,9.623039513836233,ok,-0.20548423692320072,0.013782973900957153,-0.3690095727389938,-0.041958901107407603,0.17082089994271366
Non-classical Monocytes|CD4 T Cells|MIF|TNFRSF14,56,9,9,0.2652052564251656,9.623039513836233,ok,0.039746953307032554,0.7818885910757833,-0.2416333735580949,0.32112728017215997,0.9051879425109698
CD4 T Cells|Classical Monocytes|SELPLG|SELL,56,9,9,0.2652052564251656,9.623039513836233,ok,-0.20307960065703662,0.26164200969403506,-0.5576650020273989,0.15150580071332564,0.6069377997982784
Classical Monocytes|CD8 T Cells|GNAI2|S1PR4,55,9,9,0.2652121395138156,9.515356799423158,ok,-0.20161253762296488,0.00507555490962663,-0.34262797136221346,-0.060597103883716336,0.09738847573824623
CD4 T Cells|CD4 T Cells|SELPLG|ITGB2,56,9,9,0.2652052564251656,9.623039513836233,ok,-0.3817500968708762,0.0019954011127304994,-0.6238195850976882,-0.13968060864406415,0.060380319385221606
Non-classical Monocytes|NK Cells|GNAS|PTGDR,55,9,9,0.26521213951381556,9.515356799423158,ok,-0.08599858364969445,0.47965749627872567,-0.3244555146027265,0.15245834730333757,0.7534389322336524
NK Cells|Non-classical Monocytes|CALR|LRP1,56,9,9,0.2652052564251656,9.623039513836233,ok,-0.16637237470877583,0.2916749498607365,-0.47561654654972374,0.14287179713217205,0.6286795866563516
CD8 T Cells|Classical Monocytes|PTPN6|CLEC12A,56,9,9,0.2652052564251656,9.623039513836233,ok,-0.3759685642547689,0.03228726212450947,-0.7201728049873034,-0.03176432352223435,0.24335020817555308
Non-classical Monocytes|CD8 T Cells|CALM1|PTPRA,56,9,9,0.2652052564251656,9.623039513836233,ok,-0.09124568641622853,0.384115697119097,-0.29672706401601934,0.11423569118356226,0.6997572902951493
CD8 T Cells|Non-classical Monocytes|HLA-DPB1|CD4,56,9,9,0.2652052564251656,9.623039513836233,ok,-0.029915000543154685,0.883455461476581,-0.4298892793264336,0.3700592782401243,0.948158095458514
Non-classical Monocytes|Classical Monocytes|HLA-DMB|CD4,56,9,9,0.2652052564251656,9.623039513836233,ok,-0.0592243749930805,0.5863546928252561,-0.27255293879763637,0.15410418881147536,0.8064973047714561
NK Cells|Non-classical Monocytes|CALM1|PTPRA,51,9,9,0.2912095771009507,9.263569003533423,ok,-0.07549060371817994,0.35495636413093834,-0.23544296031321704,0.08446175287685716,0.6855454865025729
Non-classical Monocytes|Classical Monocytes|HLA-DQA1|CD4,55,9,9,0.28347170864438703,9.686956194052899,ok,0.07792953137997627,0.6799415838776622,-0.2923085584367345,0.448167621196687,0.8572856549972689
NK Cells|NK Cells|GNAI2|S1PR5,56,9,9,0.2652052564251656,9.623039513836233,ok,-0.15423583510236755,0.23228365612924862,-0.4073103170839994,0.0988386468792643,0.5706651864066965
CD4 T Cells|NK Cells|CD48|CD244,53,9,9,0.3389444053483459,9.627896055568687,ok,-0.26879014876427354,0.03356433025034486,-0.516673817673893,-0.02090647985465413,0.24826949042318577
Non-classical Monocytes|Classical Monocytes|PTPN6|CD300LF,51,9,9,0.28883562735619894,9.320387099221566,ok,-0.41674135473468493,0.002123096903504601,-0.6825872286948229,-0.150895480774547,0.06255876461604092
Classical Monocytes|B Cells|GNAI2|S1PR4,52,9,9,0.29039744025503694,9.441917334442868,ok,-0.20126242940336958,0.03161594323996776,-0.3848009908838802,-0.017723867922858932,0.2430856556800983
CD4 T Cells|Classical Monocytes|HLA-F|LILRB2,56,9,9,0.2652052564251656,9.623039513836233,ok,-0.13782338732288713,0.2746074581593152,-0.3850778829189566,0.10943110827318239,0.6138754001696373
NK Cells|B Cells|SELPLG|ITGB2,56,9,9,0.2652052564251656,9.623039513836233,ok,-0.2576240779368778,0.0285047138440933,-0.48815916344988514,-0.027088992423870473,0.2328708708983493
Classical Monocytes|Non-classical Monocytes|PTPN6|CD300LF,56,9,9,0.2652052564251656,9.623039513836233,ok,-0.39621909260659743,0.0006301375409742708,-0.6234008183654915,-0.16903736684770326,0.03414466210395468
Classical Monocytes|CD4 T Cells|GNAI2|S1PR4,56,9,9,0.2652052564251656,9.623039513836233,ok,-0.19737412538943933,0.0009087263928683041,-0.3139868074629377,-0.08076144331594094,0.03994966972421035
Classical Monocytes|Non-classical Monocytes|PSEN1|CD44,56,9,9,0.2652052564251656,9.623039513836233,ok,-0.2716978245150305,0.0014552321146491546,-0.43897398001468324,-0.10442166901537778,0.05097178810687351
Classical Monocytes|CD8 T Cells|HLA-F|CD8A,56,9,9,0.2652052564251656,9.623039513836233,ok,-0.12434538175400167,0.17626564521925314,-0.30456037685173876,0.055869613343735414,0.5069333090514706
B Cells|Non-classical Monocytes|FCER2|ITGAX_ITGB2,55,9,9,0.2678382384077918,9.586954275566628,ok,-0.17973133309543146,0.2395526918659162,-0.4792511622188538,0.11978849602799083,0.5814143458829009
NK Cells|Non-classical Monocytes|TGFB1|LPP,54,9,9,0.26524108062797963,9.419311445751198,ok,-0.13935144647159292,0.39811246818017143,-0.46257601381393965,0.1838731208707538,0.7083711386143706
Non-classical Monocytes|B Cells|LTB|CD40,56,9,9,0.2652052564251656,9.623039513836233,ok,-0.36524307098514786,0.02112673630888613,-0.6757169285008674,-0.05476921346942831,0.20010282764107593
Classical Monocytes|Non-classical Monocytes|HLA-DMB|CD4,56,9,9,0.2652052564251656,9.623039513836233,ok,-0.35370373620235596,7.87632893028998e-06,-0.508843884119234,-0.1985635882854779,0.006117282135858551
Non-classical Monocytes|Classical Monocytes|VCAN|TLR2,55,9,9,0.2676305103880259,9.574016174140935,ok,0.07689255223279018,0.7093855087870975,-0.3274919799702979,0.48127708443587824,0.8726865023621633
B Cells|B Cells|LGALS1|PTPRC,53,9,9,0.27634961439588684,9.952595415192851,ok,-0.11935922811088917,0.2683534985879309,-0.33071325418715825,0.0919947979653799,0.6136051537879087
CD4 T Cells|CD8 T Cells|CD40LG|CD53,56,9,9,0.2652052564251656,9.623039513836233,ok,-0.20563507586335728,0.08379620450136524,-0.43872966987574125,0.027459518149026668,0.3670021738499643
B Cells|Non-classical Monocytes|HLA-DOB|CD4,56,9,9,0.2652052564251656,9.623039513836233,ok,-0.18041073682532566,0.08226510391836209,-0.3838982088018371,0.02307673515118583,0.36541230929729024
Classical Monocytes|Non-classical Monocytes|GNAI2|ADCY7,56,9,9,0.2652052564251656,9.623039513836233,ok,-0.12847329341280125,0.12619111551332649,-0.2931262128793036,0.03617962605370112,0.43247417363717927
CD8 T Cells|Non-classical Monocytes|HLA-F|LILRB1,56,9,9,0.2652052564251656,9.623039513836233,ok,-0.1742432335803391,0.14072091569888137,-0.40607253710729446,0.05758606994661625,0.4578576594693711
CD4 T Cells|Classical Monocytes|PSAP|LRP1,56,9,9,0.2652052564251656,9.623039513836233,ok,-0.07482248464150743,0.5094878647006138,-0.2971413393801119,0.14749637009709704,0.7673533393347064
NK Cells|Non-classical Monocytes|SELPLG|SELL,56,9,9,0.2652052564251656,9.623039513836233,ok,0.1121454731688109,0.478378049038923,-0.1979079177010558,0.4221988640386776,0.7528784409298113
B Cells|Non-classical Monocytes|PTPN6|CD300LF,56,9,9,0.2652052564251656,9.623039513836233,ok,-0.42420010044808965,0.0025011666537478722,-0.6992122884787335,-0.14918791241744572,0.06587137493258541
CD4 T Cells|NK Cells|GNAS|PTGDR,55,9,9,0.26521213951381556,9.515356799423158,ok,-0.08926387106688746,0.2801548983739952,-0.25126257394326823,0.0727348318094933,0.6181448041774704
B Cells|CD8 T Cells|CALM1|PTPRA,56,9,9,0.2652052564251656,9.623039513836233,ok,-0.12650136334660617,0.238599460181954,-0.33688680223379736,0.08388407554058502,0.5808242197606086
CD4 T Cells|Non-classical Monocytes|PSAP|LRP1,56,9,9,0.2652052564251656,9.623039513836233,ok,0.017522878416423388,0.8563010127898454,-0.17213528184364055,0.20718103867648732,0.9354499745011354
CD4 T Cells|NK Cells|ICAM2|ITGAL_ITGB2,56,9,9,0.2652052564251656,9.623039513836233,ok,-0.12972802885715692,0.27594955420048983,-0.3631110386401069,0.10365498092579306,0.6138754001696373
B Cells|NK Cells|GNAS|PTGDR,55,9,9,0.26521213951381556,9.515356799423158,ok,-0.05008256401874628,0.6154285451401855,-0.24548820266994748,0.14532307463245492,0.8232939899658646
CD4 T Cells|Non-classical Monocytes|ICAM3|ITGAL,56,9,9,0.2652052564251656,9.623039513836233,ok,-0.21577316403210228,0.09310743754338406,-0.4676194876796074,0.03607315961540286,0.37934127597067635
Non-classical Monocytes|NK Cells|ICAM2|ITGAM_ITGB2,55,9,9,0.2700378898280395,9.643175285193806,ok,-0.152529652972768,0.24781851210412387,-0.41121432166806277,0.10615501572252678,0.5934400135689708
Non-classical Monocytes|CD4 T Cells|CALM1|PTPRA,53,9,9,0.285242301944718,9.461692259945345,ok,-0.13250370259616465,0.28542358884172303,-0.37562190559873676,0.11061450040640744,0.6226937846453321
CD8 T Cells|Non-classical Monocytes|GNAI2|C5AR1,56,9,9,0.2652052564251656,9.623039513836233,ok,-0.4721334548040872,0.0023625401369822617,-0.7764883557173548,-0.16777855389081964,0.0654885739336441
Non-classical Monocytes|B Cells|SELPLG|ITGB2,56,9,9,0.2652052564251656,9.623039513836233,ok,-0.4214911468257312,6.802534282185712e-05,-0.628894878800081,-0.21408741485138133,0.012192234521148239
Non-classical Monocytes|Classical Monocytes|ICAM2|ITGAM_ITGB2,56,9,9,0.2652052564251656,9.623039513836233,ok,-0.2556721251333395,0.0734312173685764,-0.535598737275151,0.024254487008472048,0.3504193951468897
Classical Monocytes|CD8 T Cells|MIF|TNFRSF14,56,9,9,0.2652052564251656,9.623039513836233,ok,-0.028802829474845082,0.8203812446382344,-0.2774324330725177,0.21982677412282753,0.9225329633238832
Classical Monocytes|Non-classical Monocytes|ICAM3|ITGAL,56,9,9,0.2652052564251656,9.623039513836233,ok,-0.2639472472218189,0.015074931664773859,-0.476788790248,-0.051105704195637786,0.17607273387292094
CD8 T Cells|Classical Monocytes|PSAP|LRP1,56,9,9,0.2652052564251656,9.623039513836233,ok,-0.028214059630791787,0.7718570231810294,-0.21893374373175709,0.1625056244701735,0.9023717330716501
Non-classical Monocytes|Non-classical Monocytes|LGALS9|HAVCR2,53,9,9,0.26661721348654394,9.367254140995804,ok,-0.09955105655829702,0.5002376505151562,-0.3889916321023821,0.18988951898578807,0.7641288733220002
CD4 T Cells|Non-classical Monocytes|HMGB1|HAVCR2,53,9,9,0.26661721348654394,9.367254140995804,ok,-0.05019554101449647,0.4818980320419475,-0.19009034188914858,0.08969925986015564,0.7540781831146659
Classical Monocytes|B Cells|ICAM1|IL2RG,46,9,9,0.31098774265316464,8.784289597552377,ok,-0.3343919102284162,0.01673389941893676,-0.6083293513075126,-0.060454469149319734,0.17967735320793848
B Cells|Non-classical Monocytes|GNAI2|C5AR1,54,9,9,0.2652410806279798,9.419311445751198,ok,-0.457749084753672,0.010658841834603687,-0.8090728856739549,-0.10642528383338912,0.1435554998533329
CD8 T Cells|NK Cells|GNAS|PTGDR,55,9,9,0.26521213951381556,9.515356799423158,ok,-0.1910513079719455,0.04886106204507202,-0.38114842135342303,-0.0009541945904679716,0.2905345030245509
Classical Monocytes|CD8 T Cells|CALM1|PTPRA,56,9,9,0.2652052564251656,9.623039513836233,ok,-0.10235792424222741,0.5043716526918439,-0.40285178401012217,0.19813593552566738,0.765227326120565
B Cells|Classical Monocytes|HLA-F|LILRB2,56,9,9,0.2652052564251656,9.623039513836233,ok,-0.08158254657179345,0.616341262250699,-0.40071490667301235,0.23754981352942547,0.8232939899658646
Classical Monocytes|CD8 T Cells|ADAM10|CD44,56,9,9,0.2652052564251656,9.623039513836233,ok,-0.04667145222827937,0.5241518951493502,-0.190282644680868,0.09693974022430926,0.7728168551858351
B Cells|NK Cells|CD48|CD244,53,9,9,0.3389444053483459,9.627896055568687,ok,-0.30323617127115665,0.09901028685555573,-0.6635092492349693,0.05703690669265604,0.38887777001400087
Non-classical Monocytes|NK Cells|HBEGF|CD44,45,9,9,0.4208377236052077,8.758852350737076,ok,0.03179157523811699,0.8560297169886826,-0.31164769439996215,0.3752308448761961,0.9354499745011354
Non-classical Monocytes|CD4 T Cells|CD58|CD2,56,9,9,0.2652052564251656,9.623039513836233,ok,-0.19333953876461452,0.008950071980114913,-0.3383070210798109,-0.04837205644941808,0.1271565104491936
Classical Monocytes|B Cells|MIF|TNFRSF14,56,9,9,0.2652052564251656,9.623039513836233,ok,-0.002423306645825185,0.9801477296631537,-0.19329500071901123,0.18844838742736086,0.9907783991822768
Classical Monocytes|CD4 T Cells|PSEN1|CD44,56,9,9,0.2652052564251656,9.623039513836233,ok,-0.18844895550800675,0.05554972734309834,-0.381367855156047,0.0044699441400334605,0.3121946615270568
CD8 T Cells|Non-classical Monocytes|HMGB1|HAVCR2,53,9,9,0.26661721348654394,9.367254140995804,ok,-0.04451456915734464,0.5446740907988429,-0.18854346303800434,0.09951432472331506,0.7814597484983399
CD4 T Cells|Non-classical Monocytes|GNAI2|C5AR1,56,9,9,0.2652052564251656,9.623039513836233,ok,-0.41828336377682235,0.01193301464099152,-0.7443698831209878,-0.09219684443265685,0.15454877399636774
Classical Monocytes|Classical Monocytes|GNAI2|ADCY7,56,9,9,0.2652052564251656,9.623039513836233,ok,-0.22787107108090188,0.039964574263772396,-0.44529761178438787,-0.010444530377415912,0.2630436667643776
CD8 T Cells|Non-classical Monocytes|PSAP|LRP1,56,9,9,0.2652052564251656,9.623039513836233,ok,0.051720761487264386,0.5828712599527901,-0.13285981332317776,0.2363013362977065,0.8036035714142017
B Cells|Classical Monocytes|GRN|TNFRSF1B,54,9,9,0.2722967189728961,9.47913130505771,ok,-0.09385096122995369,0.4432378825344315,-0.3337565570023581,0.1460546345424507,0.7272846945811448
Non-classical Monocytes|Non-classical Monocytes|VCAN|TLR2,55,9,9,0.2676305103880259,9.574016174140935,ok,0.06726112181395949,0.7288805173576772,-0.3130725248507944,0.4475947684787134,0.8821444455613194
Non-classical Monocytes|Classical Monocytes|CD99|PILRA,56,9,9,0.2652052564251656,9.623039513836233,ok,0.03368455161253901,0.8580785559070456,-0.3355150908723247,0.4028841940974027,0.9354499745011354
Classical Monocytes|B Cells|HBEGF|CD44,50,9,9,0.40242939530417954,9.06308987969776,ok,-0.07408101340727498,0.6738387328555204,-0.4190587725285644,0.27089674571401445,0.8546140130142307
CD8 T Cells|Non-classical Monocytes|IL16|CD4,56,9,9,0.2652052564251656,9.623039513836233,ok,-0.4013921257133643,3.3489505075742512e-06,-0.5706446139391237,-0.23213963748760497,0.003901527341324003
Non-classical Monocytes|Non-classical Monocytes|ICAM2|ITGAL_ITGB2,56,9,9,0.2652052564251656,9.623039513836233,ok,-0.303331210431389,0.05958251365639642,-0.6189146290838003,0.012252208221022354,0.3221050042213542
CD4 T Cells|Non-classical Monocytes|MFNG|NOTCH2,56,9,9,0.2652052564251656,9.623039513836233,ok,-0.22046504784852147,0.00026905363627719955,-0.3390638313383138,-0.10186626435872914,0.020149548031927204
NK Cells|NK Cells|ICAM2|ITGAL_ITGB2,55,9,9,0.2666039693864313,9.583508814534738,ok,0.012225305260462532,0.8816206012947442,-0.14867948528227734,0.1731300958032024,0.9469210341787724
NK Cells|Classical Monocytes|HLA-DPB1|CD4,56,9,9,0.2652052564251656,9.623039513836233,ok,0.040335529525443586,0.8356678248447554,-0.3407720461011695,0.42144310515205674,0.9275315034937451
Non-classical Monocytes|Non-classical Monocytes|VCAN|ITGA4,55,9,9,0.2676305103880259,9.574016174140935,ok,0.0017134643926704496,0.992533559265377,-0.3571615935087926,0.3605885222941335,0.9959531408649133
Non-classical Monocytes|CD8 T Cells|ICAM1|IL2RG,47,9,9,0.34689420544337135,8.908423246748182,ok,-0.07792751042536586,0.6254497350418518,-0.39081868172607404,0.2349636608753423,0.8278304065267715
Non-classical Monocytes|Non-classical Monocytes|SELPLG|SELL,56,9,9,0.2652052564251656,9.623039513836233,ok,0.016957206941264596,0.9232440364133898,-0.32799492721162926,0.3619093410941584,0.9633491289042536
Non-classical Monocytes|NK Cells|TIMP2|CD44,56,9,9,0.2652052564251656,9.623039513836233,ok,-0.15673968248646764,0.38552036901637465,-0.5107553842303983,0.19727601925746308,0.700977821739688
CD8 T Cells|Non-classical Monocytes|CALM1|PTPRA,51,9,9,0.2912095771009507,9.263569003533423,ok,-0.0760224195240186,0.46726479451573466,-0.28099380785110506,0.1289489688030679,0.7454135614878092
NK Cells|B Cells|PKM|CD44,56,9,9,0.2652052564251656,9.623039513836233,ok,-0.07300435636715857,0.4809935101409586,-0.276047902087458,0.13003918935314085,0.753899042847085
NK Cells|Classical Monocytes|HLA-DPA1|CD4,56,9,9,0.2652052564251656,9.623039513836233,ok,0.029612352237817413,0.862956233514966,-0.30662768094167525,0.36585238541731,0.937383694214392
Non-classical Monocytes|CD4 T Cells|HLA-DMB|CD4,55,9,9,0.2652121395138156,9.515356799423158,ok,-0.12133748694543293,0.29777880409803015,-0.34974237465794844,0.10706740076708259,0.6328939021992526
Non-classical Monocytes|CD4 T Cells|HLA-DQA1|CD4,54,9,9,0.2843482637141419,9.575061303108816,ok,0.07248050721005722,0.7457114987489635,-0.3655691961302129,0.5105302105503273,0.8900473063621445
Non-classical Monocytes|Classical Monocytes|ICAM3|ITGAL,53,9,9,0.2666380964439811,9.417131340974182,ok,-0.12857965889640718,0.33511767327995,-0.39004118889537187,0.13288187110255748,0.664434399443319
CD4 T Cells|Non-classical Monocytes|CALM1|PTPRA,51,9,9,0.2912095771009507,9.263569003533423,ok,-0.1054720214400394,0.25695939497879794,-0.28782917503275224,0.07688513215267344,0.6035437402223782
Classical Monocytes|NK Cells|MIF|TNFRSF14,56,9,9,0.2652052564251656,9.623039513836233,ok,-0.021958736186147326,0.859705499570494,-0.2654583675423505,0.2215408951700559,0.9354499745011354
Non-classical Monocytes|Classical Monocytes|VCAN|ITGB1,55,9,9,0.2676305103880259,9.574016174140935,ok,0.08657282244011746,0.6911756265084359,-0.34055185088894524,0.5136974957691802,0.8624053606613657
CD4 T Cells|Non-classical Monocytes|IL16|CD4,56,9,9,0.2652052564251656,9.623039513836233,ok,-0.41334337172243163,1.9953484493412312e-05,-0.6032754054312286,-0.22341133801363464,0.009805700700748144
NK Cells|Classical Monocytes|ICAM3|ITGAL,53,9,9,0.2666380964439811,9.417131340974182,ok,-0.16986874048826894,0.16568126657169902,-0.4100454927416953,0.07030801176515747,0.49683056771178724
CD8 T Cells|Non-classical Monocytes|HLA-DRB1|CD4,56,9,9,0.2652052564251656,9.623039513836233,ok,0.09138226306807841,0.6928381772808989,-0.3620431805263298,0.5448077066624866,0.8628075644385326
Non-classical Monocytes|CD8 T Cells|CD58|CD2,56,9,9,0.2652052564251656,9.623039513836233,ok,-0.16041962155522071,0.15275317871093216,-0.3803107976154538,0.05947155450501235,0.4778940464264188
B Cells|B Cells|PKM|CD44,56,9,9,0.2652052564251656,9.623039513836233,ok,-0.15738239569401266,0.2082138439079354,-0.4024882873685216,0.08772349598049628,0.5421930917078804
Non-classical Monocytes|CD4 T Cells|VCAN|ITGA4,54,9,9,0.2920373325173221,9.63288442596703,ok,0.05497113284746763,0.7371459636372626,-0.26603642264525496,0.3759786883401902,0.8832813968607557
NK Cells|NK Cells|GNAS|PTGDR,55,9,9,0.26521213951381556,9.515356799423158,ok,-0.054768425477408095,0.5739341477110202,-0.245681549675413,0.1361446987205968,0.798636221385052
Classical Monocytes|NK Cells|ADAM17|ITGB1,56,9,9,0.2652052564251656,9.623039513836233,ok,0.22054932032372826,0.12640124989138157,-0.062266069083492026,0.5033647097309486,0.43247417363717927
B Cells|CD4 T Cells|CALM1|PTPRA,53,9,9,0.285242301944718,9.461692259945345,ok,-0.19241632536436198,0.17559906371421186,-0.4708573824016695,0.08602473167294555,0.5069333090514706
B Cells|Non-classical Monocytes|ICAM3|ITGAL,56,9,9,0.2652052564251656,9.623039513836233,ok,-0.29063786117028945,0.010047732915982356,-0.5119274528488122,-0.06934826949176659,0.13771304526022876
Non-classical Monocytes|CD8 T Cells|VCAN|ITGA4,55,9,9,0.2676305103880259,9.574016174140935,ok,0.040474745410655544,0.8158287390147181,-0.3001200038324361,0.3810694946537472,0.9214942652039222
Non-classical Monocytes|CD4 T Cells|ICAM1|IL2RG,47,9,9,0.34689420544337135,8.908423246748182,ok,-0.11266786557528766,0.5251456511459671,-0.46018640101307295,0.23485066986249767,0.7728168551858351
Classical Monocytes|NK Cells|GNAS|PTGDR,55,9,9,0.26521213951381556,9.515356799423158,ok,-0.08958671267240463,0.5000272393724806,-0.3499285313448955,0.1707551060000862,0.7641288733220002
Non-classical Monocytes|Classical Monocytes|TGFB1|ITGB1,56,9,9,0.2652052564251656,9.623039513836233,ok,0.0024801881501415046,0.987529248255236,-0.3085212973601515,0.3134816736604345,0.9936903924411716
CD8 T Cells|Classical Monocytes|LGALS1|CD69,55,9,9,0.2700378898280395,9.643175285193806,ok,0.1420598608097164,0.5209919741469121,-0.2917587925678488,0.5758785141872815,0.7728168551858351
B Cells|Classical Monocytes|CALR|LRP1,56,9,9,0.2652052564251656,9.623039513836233,ok,-0.11563471809780207,0.21782756037602014,-0.29954708842706734,0.06827765223146323,0.5528738732855414
Non-classical Monocytes|CD8 T Cells|IL1B|SIGIRR,56,9,9,0.2652052564251656,9.623039513836233,ok,-0.4273907256058231,0.05272439700233993,-0.8598100956279091,0.0050286444162629396,0.30523153499290845
Classical Monocytes|Classical Monocytes|MIF|TNFRSF14,56,9,9,0.2652052564251656,9.623039513836233,ok,-0.03690477152638927,0.7351265378793279,-0.25070618862392374,0.1768966455711452,0.8832813968607557
Classical Monocytes|Non-classical Monocytes|IL1B|SIGIRR,56,9,9,0.2652052564251656,9.623039513836233,ok,-0.3984490039592721,0.08333427365879181,-0.8494301984455768,0.05253219052703256,0.366356335141481
Non-classical Monocytes|Non-classical Monocytes|HLA-F|LILRB1,56,9,9,0.2652052564251656,9.623039513836233,ok,-0.30605179836293994,0.06625493239689258,-0.6326441280971128,0.020540531371232906,0.3377986706449884
CD4 T Cells|Classical Monocytes|CD40LG|CD53,56,9,9,0.2652052564251656,9.623039513836233,ok,-0.23349108207710056,0.09036448626533533,-0.5037243328643637,0.03674216871016256,0.3739773587890432
Non-classical Monocytes|Non-classical Monocytes|HMGB1|HAVCR2,53,9,9,0.26661721348654394,9.367254140995804,ok,-0.043717984212610556,0.6115261222334181,-0.21242503559302836,0.12498906716780725,0.8224662547240512
Classical Monocytes|CD4 T Cells|CALM1|PTPRA,53,9,9,0.285242301944718,9.461692259945345,ok,-0.13774924671766978,0.38148060374593173,-0.4462414288920976,0.17074293545675803,0.6971371033160949
Classical Monocytes|Classical Monocytes|TGFB1|ITGB1,55,9,9,0.2700378898280395,9.643175285193806,ok,0.04992386500835556,0.7036494959131046,-0.2073035731573974,0.3071513031741085,0.8706868430576387
B Cells|Non-classical Monocytes|CALR|LRP1,56,9,9,0.2652052564251656,9.623039513836233,ok,-0.05055860450891683,0.47983202882708686,-0.1908032489580649,0.08968603994023125,0.7534389322336524
CD8 T Cells|Classical Monocytes|ICAM3|ITGAL,53,9,9,0.2666380964439811,9.417131340974182,ok,-0.1407325437071057,0.19208600062872838,-0.3521889572442448,0.07072386983003343,0.5241993115154844
NK Cells|NK Cells|SELPLG|ITGAM,55,9,9,0.2700378898280395,9.643175285193806,ok,-0.00900709210547758,0.8916646421353741,-0.1386239545325924,0.12060977032163724,0.9516951126916536
Classical Monocytes|Non-classical Monocytes|HMGB1|HAVCR2,53,9,9,0.26661721348654394,9.367254140995804,ok,-0.1168141628102869,0.2746980476335711,-0.32641776936234906,0.09278944374177527,0.6138754001696373
NK Cells|Classical Monocytes|SELPLG|ITGAM,56,9,9,0.2652052564251656,9.623039513836233,ok,-0.10147693448716538,0.4062319889121311,-0.34094821670247877,0.13799434772814803,0.7083711386143706
Non-classical Monocytes|NK Cells|ADAM10|CD44,56,9,9,0.2652052564251656,9.623039513836233,ok,-0.08173347944461193,0.6534133177233039,-0.4384942954700355,0.2750273365808116,0.8411593233683057
Classical Monocytes|B Cells|TIMP2|CD44,56,9,9,0.2652052564251656,9.623039513836233,ok,-0.13209783339683778,0.2613872962761077,-0.3626229867355662,0.09842731994189063,0.6069377997982784
Classical Monocytes|Classical Monocytes|HLA-F|LILRB2,56,9,9,0.2652052564251656,9.623039513836233,ok,-0.19097905075156124,0.1741283273470029,-0.4663993513876829,0.08444124988456042,0.5069333090514706
B Cells|CD8 T Cells|FAM3C|LAMP1,56,9,9,0.2652052564251656,9.623039513836233,ok,0.060007201972581144,0.5005872638627114,-0.11460367738902147,0.23461808133418374,0.7641288733220002
CD4 T Cells|Classical Monocytes|LGALS1|CD69,55,9,9,0.2700378898280395,9.643175285193806,ok,0.1121857660960681,0.5331439389248425,-0.24063057059814502,0.46500210279028126,0.7728420643778361
CD8 T Cells|Non-classical Monocytes|GNAI2|FPR1,55,9,9,0.2676305103880259,9.574016174140938,ok,-0.16211155134028044,0.31994070692135024,-0.4815759345818133,0.15735283190125243,0.6487918599884648
CD8 T Cells|Classical Monocytes|HLA-DRA|CD4,55,9,9,0.2700378898280395,9.643175285193806,ok,0.08069887560940919,0.6223295921237431,-0.24041865329272266,0.40181640451154105,0.8262170272396567
Non-classical Monocytes|Classical Monocytes|CALR|LRP1,56,9,9,0.2652052564251656,9.623039513836233,ok,-0.20602105216637923,0.036907031374669406,-0.39952094890471596,-0.012521155428042496,0.2535980110813724
NK Cells|NK Cells|LRPAP1|SORL1,55,9,9,0.2666039693864313,9.583508814534738,ok,-0.06730405713886806,0.2956434122879865,-0.1934379307981291,0.058829816520392986,0.6327904477697144
B Cells|Non-classical Monocytes|GNAI2|FPR1,53,9,9,0.27352901575333244,9.369196080084778,ok,-0.14973175794153137,0.324529350829868,-0.4476113580376343,0.14814784215457155,0.6541119268456682
Classical Monocytes|CD4 T Cells|ADAM17|ITGB1,56,9,9,0.2652052564251656,9.623039513836233,ok,-0.013015684667316924,0.9417561240473667,-0.3621709936779687,0.3361396243433349,0.9725507136552419
B Cells|CD4 T Cells|CD72|CD5,55,9,9,0.2678382384077918,9.586954275566628,ok,0.04667411194445014,0.4618626187650784,-0.07765540888671782,0.17100363277561811,0.7403029174376543
NK Cells|Non-classical Monocytes|LTB|TNFRSF1A,56,9,9,0.2652052564251656,9.623039513836233,ok,-0.31141785679685136,0.18918994839605696,-0.7762902412161086,0.1534545276224058,0.5222897864488302
CD8 T Cells|Classical Monocytes|HLA-DPB1|CD4,56,9,9,0.2652052564251656,9.623039513836233,ok,-0.046959559499998846,0.8250353513104829,-0.46328772307885857,0.36936860407886085,0.9241982541122236
Non-classical Monocytes|Non-classical Monocytes|CALR|LRP1,56,9,9,0.2652052564251656,9.623039513836233,ok,-0.22649819170700491,0.0759351643781165,-0.47663044950439476,0.02363406609038493,0.35599382897587817
CD8 T Cells|Non-classical Monocytes|HLA-DPA1|CD4,56,9,9,0.2652052564251656,9.623039513836233,ok,0.048183414015626105,0.8317861097090228,-0.39641497274647713,0.4927818007777293,0.9255308670592278
CD8 T Cells|Non-classical Monocytes|MFNG|NOTCH2,56,9,9,0.2652052564251656,9.623039513836233,ok,-0.1636686588922312,0.035474852932469866,-0.3162128939588157,-0.011124423825646712,0.2501470537052508
CD4 T Cells|Non-classical Monocytes|GNAI2|FPR1,55,9,9,0.2676305103880259,9.574016174140938,ok,-0.11870725873917126,0.3952906782956034,-0.39240727355638644,0.15499275607804391,0.7083711386143706
Classical Monocytes|CD8 T Cells|PSEN1|CD44,56,9,9,0.2652052564251656,9.623039513836233,ok,-0.17315109071338303,0.1369625022090738,-0.4013452401963372,0.05504305876957116,0.45137571449383584
Non-classical Monocytes|NK Cells|VCAN|ITGA4,55,9,9,0.2676305103880259,9.574016174140935,ok,-0.0002069074968419904,0.99921233645524,-0.41100040741943256,0.4105865924257486,0.9996684807878772
CD4 T Cells|Non-classical Monocytes|HLA-F|LILRB1,56,9,9,0.2652052564251656,9.623039513836233,ok,-0.23576557664216524,0.07988039865905379,-0.49961004267239323,0.028078889388062744,0.361400638593389
Classical Monocytes|CD4 T Cells|MIF|TNFRSF14,56,9,9,0.2652052564251656,9.623039513836233,ok,-0.0729925217306246,0.5331304594901731,-0.30254130769392074,0.15655626423267158,0.7728420643778361
Classical Monocytes|NK Cells|TIMP2|ITGB1,56,9,9,0.2652052564251656,9.623039513836233,ok,0.17447789327407273,0.16749317995448687,-0.0732722257831804,0.4222280123313259,0.49916123236791676
CD4 T Cells|CD4 T Cells|CD40LG|CD53,56,9,9,0.2652052564251656,9.623039513836233,ok,-0.2907783852956035,0.017740323649383972,-0.5311481144400907,-0.05040865615111628,0.1861934869507417
Classical Monocytes|Non-classical Monocytes|ADAM17|ITGB1,56,9,9,0.2652052564251656,9.623039513836233,ok,-0.03565844288939146,0.7875070289506866,-0.29494040104892566,0.22362351527014274,0.9072315159762925
CD8 T Cells|NK Cells|LGALS1|ITGB1,56,9,9,0.2652052564251656,9.623039513836233,ok,0.31137445611618236,0.11259599447206299,-0.07326589148448431,0.696014803716849,0.4061124878017132
CD8 T Cells|Classical Monocytes|GNAI2|C5AR1,56,9,9,0.2652052564251656,9.623039513836233,ok,-0.26349141470174964,0.19173503940010317,-0.6590855081109663,0.132102678707467,0.5241993115154844
NK Cells|Non-classical Monocytes|ARF6|SMAP1,55,9,9,0.2652121395138156,9.515356799423158,ok,-0.38309607720557687,9.174745382815605e-05,-0.5750597825341794,-0.19113237187697432,0.014843306248759956
Non-classical Monocytes|NK Cells|PSEN1|CD44,56,9,9,0.2652052564251656,9.623039513836233,ok,-0.23275766202819329,0.20120938630720586,-0.5896873174575707,0.12417199340118415,0.5333536633626731
Non-classical Monocytes|NK Cells|SELPLG|ITGAM,55,9,9,0.2700378898280395,9.643175285193806,ok,-0.1892502146604897,0.029390315430866103,-0.3595383860183534,-0.018962043302625936,0.2361359825997173
NK Cells|CD4 T Cells|HLA-DPB1|CD4,55,9,9,0.2652121395138156,9.515356799423158,ok,0.074222612205007,0.6741547450301099,-0.2717702472466861,0.42021547165670003,0.8546140130142307
CD8 T Cells|NK Cells|ICAM2|ITGAL_ITGB2,49,9,9,0.2715084570245081,9.085393195092884,ok,0.045988035009649375,0.5025690189998239,-0.08845074604597206,0.1804268160652708,0.7643510537007765
Non-classical Monocytes|Non-classical Monocytes|GNAS|ADCY7,56,9,9,0.2652052564251656,9.623039513836233,ok,-0.12944132834154076,0.2076654271904811,-0.3307890627086052,0.0719064060255237,0.5421930917078804
Non-classical Monocytes|Classical Monocytes|SELPLG|ITGAM,56,9,9,0.2652052564251656,9.623039513836233,ok,-0.2023376234455833,0.09856484402281046,-0.44241639237476293,0.03774114548359636,0.38858897897317835
CD8 T Cells|Classical Monocytes|GNAI2|FPR1,56,9,9,0.2652052564251656,9.623039513836233,ok,-0.24754463271468508,0.17312462326014866,-0.603709001698808,0.10861973626943794,0.5069333090514706
Classical Monocytes|Classical Monocytes|IL1B|SIGIRR,56,9,9,0.2652052564251656,9.623039513836233,ok,-0.41423301769248266,0.06925106267684464,-0.8611129610778954,0.03264692569293004,0.34145663857385705
B Cells|Classical Monocytes|GNAI2|C5AR1,54,9,9,0.2652410806279798,9.419311445751198,ok,-0.1795114911973171,0.36607913485466836,-0.5687786628106232,0.209755680415989,0.6889857707684792
Non-classical Monocytes|B Cells|ICAM1|IL2RG,47,9,9,0.34689420544337135,8.908423246748182,ok,-0.34436334806886765,0.03548853166789908,-0.6653444790798526,-0.023382217057882626,0.2501470537052508
NK Cells|Non-classical Monocytes|IL16|CD4,56,9,9,0.2652052564251656,9.623039513836233,ok,-0.30882559631108497,0.0017507596857247393,-0.5022360214696714,-0.11541517115249852,0.05593910460847853
NK Cells|CD4 T Cells|HLA-DPA1|CD4,55,9,9,0.2652121395138156,9.515356799423158,ok,-0.006944943457485531,0.9687690629600578,-0.3546098930684283,0.3407200061534572,0.9844011847784278
Classical Monocytes|Classical Monocytes|HLA-DMB|CD4,56,9,9,0.2652052564251656,9.623039513836233,ok,-0.31559242855692154,0.00019590841350135204,-0.48168017597671875,-0.14950468113712434,0.01825866413832601
Classical Monocytes|B Cells|LTB|CD40,55,9,9,0.2700378898280395,9.643175285193806,ok,-0.23645795974539777,0.07509576008369072,-0.4968403098363594,0.023924390345563845,0.3541966012044522
B Cells|Non-classical Monocytes|FAM3C|LAMP1,56,9,9,0.2652052564251656,9.623039513836233,ok,-0.06469838571579306,0.484726098787973,-0.2461820054174814,0.11678523398589527,0.7563136926000013
Non-classical Monocytes|Non-classical Monocytes|LTB|TNFRSF1A,56,9,9,0.2652052564251656,9.623039513836233,ok,-0.37570975921687166,0.025644598678238276,-0.7056942966812507,-0.04572522175249266,0.21887148322452446
B Cells|Classical Monocytes|GNAI2|FPR1,54,9,9,0.2652410806279798,9.419311445751198,ok,-0.20478302338802692,0.28092933425816446,-0.5770281424704263,0.1674620956943725,0.6186818041791334
CD8 T Cells|Classical Monocytes|CALR|LRP1,56,9,9,0.2652052564251656,9.623039513836233,ok,-0.21082473002936175,0.1824889176034642,-0.5207784946444467,0.09912903458572314,0.5126408939410381
B Cells|Classical Monocytes|HLA-DOB|CD4,56,9,9,0.2652052564251656,9.623039513836233,ok,-0.17806694898339467,0.09523659273461366,-0.3872524348463453,0.031118536879555986,0.38324915556416206
Non-classical Monocytes|CD4 T Cells|IL1B|SIGIRR,56,9,9,0.2652052564251656,9.623039513836233,ok,-0.39612605037965837,0.09237749000753516,-0.8574442368895466,0.0651921361302299,0.37934127597067635
Non-classical Monocytes|Non-classical Monocytes|ARF6|SMAP1,55,9,9,0.2652121395138156,9.515356799423158,ok,-0.5091821214348003,1.9607212309047096e-07,-0.7009895638295729,-0.3173746790400278,0.0004568480468007974
NK Cells|NK Cells|GNAI2|S1PR4,54,9,9,0.2652215302843992,9.411986138867212,ok,-0.17367109790444768,0.18799990177004777,-0.4322234576735065,0.08488126186461115,0.5212889547552362
Classical Monocytes|Non-classical Monocytes|LGALS9|HAVCR2,53,9,9,0.26661721348654394,9.367254140995804,ok,-0.13829979449315108,0.3013540644305247,-0.4005675228786415,0.12396793389233937,0.6338419579885247
CD4 T Cells|Classical Monocytes|GNAI2|C5AR1,56,9,9,0.2652052564251656,9.623039513836233,ok,-0.13892952998697572,0.4551438468061666,-0.5035150248252619,0.22565596485131045,0.734500880411466
Non-classical Monocytes|Non-classical Monocytes|CALM1|PTPRA,51,9,9,0.2912095771009507,9.263569003533423,ok,-0.0460719336706899,0.8084963347052204,-0.4186457026948789,0.3265018353534991,0.9180294638709374
CD4 T Cells|Classical Monocytes|MFNG|NOTCH2,56,9,9,0.2652052564251656,9.623039513836233,ok,-0.18128300740039285,0.0037680620318650236,-0.30393193048068845,-0.05863408432009723,0.08199995773998257
CD4 T Cells|Classical Monocytes|GNAI2|FPR1,56,9,9,0.2652052564251656,9.623039513836233,ok,-0.1835257478123336,0.28387406184595876,-0.5191777442894472,0.15212624866478003,0.6216415076138007
Classical Monocytes|Classical Monocytes|PTPN6|CD300LF,51,9,9,0.28883562735619894,9.320387099221566,ok,-0.185015165354101,0.04602336303438451,-0.3667648052586202,-0.0032655254495818353,0.282419145000872
CD4 T Cells|NK Cells|LGALS1|ITGB1,56,9,9,0.2652052564251656,9.623039513836233,ok,0.3539956119647339,0.002516116896566567,0.1243605200161472,0.5836307039133206,0.06587137493258541
CD4 T Cells|NK Cells|ICAM2|ITGAM_ITGB2,55,9,9,0.2700378898280395,9.643175285193806,ok,0.004900265301438802,0.9191779664767339,-0.08975248421490181,0.09955301481777942,0.9613308633848848
B Cells|Non-classical Monocytes|IL16|CD4,56,9,9,0.2652052564251656,9.623039513836233,ok,-0.3770991041661761,0.00146571236187147,-0.6094193011414909,-0.1447789071908613,0.05097178810687351
CD8 T Cells|Non-classical Monocytes|CALR|LRP1,56,9,9,0.2652052564251656,9.623039513836233,ok,-0.17795154959565743,0.2947522466020811,-0.5108339193766722,0.1549308201853574,0.6323874167429548
Non-classical Monocytes|NK Cells|BAG6|NCR3,55,9,9,0.2700378898280395,9.643175285193806,ok,-0.2120170968439589,0.034154738523086335,-0.40819215439296264,-0.015842039294955118,0.24892589734737647
NK Cells|Classical Monocytes|LTB|TNFRSF1A,56,9,9,0.2652052564251656,9.623039513836233,ok,-0.3134961336271076,0.1781023688112806,-0.7697798170870161,0.14278754983280095,0.5085521070224066
CD4 T Cells|Classical Monocytes|ICAM2|ITGAM_ITGB2,56,9,9,0.2652052564251656,9.623039513836233,ok,-0.2247006469451543,0.06954164134710694,-0.46736355153730813,0.01796225764699952,0.34145663857385705
Classical Monocytes|CD4 T Cells|TIMP2|ITGB1,56,9,9,0.2652052564251656,9.623039513836233,ok,-0.04433182246785705,0.7898294274467967,-0.3703292152051384,0.2816655702694243,0.9072315159762925
NK Cells|Classical Monocytes|IFNG|IFNGR1_IFNGR2,49,9,9,0.29109861677778825,9.149243570012093,ok,-0.1090236690434139,0.5019037876412871,-0.42724158167744264,0.2091942435906148,0.7641417672695997
NK Cells|Classical Monocytes|ANXA2|TLR2,56,9,9,0.2652052564251656,9.623039513836233,ok,-0.14074669693515954,0.4101310471875731,-0.4756633369033353,0.19416994303301624,0.7083711386143706
NK Cells|NK Cells|HLA-F|CD8A,42,9,9,0.3589269195189643,8.832879529839039,ok,-0.1080427247066614,0.330914026624616,-0.3258411531721582,0.10975570375883545,0.6606981145087292
CD8 T Cells|CD4 T Cells|LGALS1|ITGB1,56,9,9,0.2652052564251656,9.623039513836233,ok,0.11628381699718741,0.6050733377303965,-0.32445080899044715,0.557018442984822,0.8187113106340441
Non-classical Monocytes|Classical Monocytes|GNAS|ADCY7,56,9,9,0.2652052564251656,9.623039513836233,ok,-0.23137017625589104,0.061240517109579604,-0.4736439947144212,0.010903642202639147,0.32767909643257376
CD8 T Cells|Non-classical Monocytes|LGALS1|CD69,56,9,9,0.2652052564251656,9.623039513836233,ok,0.18315775284306818,0.3721943097400727,-0.21912195953342722,0.5854374652195635,0.6926619342606785
NK Cells|CD4 T Cells|CD47|SIRPG,54,9,9,0.2666105263157893,9.476047857837969,ok,-0.2442110148029215,0.06961025893673052,-0.5080087798018111,0.019586750195968117,0.34145663857385705
CD4 T Cells|NK Cells|SIRPG|CD47,54,9,9,0.2666105263157893,9.476047857837969,ok,-0.2442110148029215,0.06961025893673052,-0.5080087798018111,0.019586750195968117,0.34145663857385705
Non-classical Monocytes|NK Cells|LRPAP1|SORL1,55,9,9,0.2666039693864313,9.583508814534738,ok,-0.09165863144288827,0.23820728799012925,-0.243969556575001,0.06065229368922445,0.5805679717751058
B Cells|Classical Monocytes|FAM3C|LAMP1,56,9,9,0.2652052564251656,9.623039513836233,ok,0.027578904583728844,0.6946434929574179,-0.11011590450869392,0.16527371367615162,0.8645936637771281
CD8 T Cells|B Cells|CD99|CD81,51,9,9,0.27373698205185,9.349343086885044,ok,-0.22954706664049673,0.29449865004520304,-0.6587203412494507,0.19962620796845726,0.6323874167429548
B Cells|Non-classical Monocytes|HLA-F|LILRB1,56,9,9,0.2652052564251656,9.623039513836233,ok,-0.18778119373864327,0.27144638987780567,-0.522446769704725,0.1468843822274385,0.6138754001696373
B Cells|CD4 T Cells|FAM3C|LAMP1,56,9,9,0.2652052564251656,9.623039513836233,ok,0.03663892342762184,0.6278009992844659,-0.11147859782633646,0.18475644468158015,0.8278304065267715
NK Cells|CD4 T Cells|LRPAP1|SORL1,56,9,9,0.2652052564251656,9.623039513836233,ok,0.027888065414335073,0.38139775747298554,-0.03455694626660383,0.09033307709527397,0.6971371033160949
NK Cells|Non-classical Monocytes|MFNG|NOTCH2,56,9,9,0.2652052564251656,9.623039513836233,ok,-0.1024659449530676,0.015395887358021079,-0.1853530076010876,-0.01957888230504759,0.17607273387292094
Non-classical Monocytes|CD4 T Cells|CD47|SIRPG,54,9,9,0.2666105263157893,9.476047857837969,ok,-0.25924471005416616,0.05573947604946594,-0.5248445534301489,0.006355133321816586,0.3121946615270568
CD4 T Cells|Non-classical Monocytes|SIRPG|CD47,54,9,9,0.2666105263157893,9.476047857837969,ok,-0.25924471005416616,0.05573947604946594,-0.5248445534301489,0.006355133321816586,0.3121946615270568
CD4 T Cells|Non-classical Monocytes|GNAS|ADCY7,56,9,9,0.2652052564251656,9.623039513836233,ok,-0.11975473374487931,0.07086739304541557,-0.24969524942905158,0.01018578193929294,0.3439830031651595
Non-classical Monocytes|B Cells|HBEGF|CD44,45,9,9,0.4208377236052077,8.758852350737076,ok,-0.06362261421747109,0.7183714132062511,-0.4093949670062058,0.2821497385712636,0.8774921428055984
Non-classical Monocytes|CD8 T Cells|VCAN|ITGB1,52,9,9,0.28060044613925794,9.35924307583081,ok,0.07350974990049336,0.7381919191210007,-0.3575359789206658,0.5045554787216525,0.8835626583179153
B Cells|Classical Monocytes|PTPN6|CD300LF,51,9,9,0.28883562735619894,9.320387099221566,ok,-0.29334356562781244,0.0044880948723065445,-0.49567078161007616,-0.09101634964554875,0.09093270480412391
CD4 T Cells|Non-classical Monocytes|ICAM2|ITGAL_ITGB2,56,9,9,0.2652052564251656,9.623039513836233,ok,-0.18834898949731285,0.06457126598756549,-0.3880861754400766,0.011388196445450943,0.3358282360514009
Classical Monocytes|Non-classical Monocytes|TIMP2|ITGB1,56,9,9,0.2652052564251656,9.623039513836233,ok,-0.09067308360831633,0.4165520676130612,-0.30942263399603753,0.12807646677940485,0.7083711386143706
Classical Monocytes|NK Cells|ADAM10|CD44,56,9,9,0.2652052564251656,9.623039513836233,ok,-0.07535216511798681,0.6560008895054203,-0.40690547644047553,0.2562011462045019,0.8411593233683057
Non-classical Monocytes|NK Cells|ADAM17|ITGB1,56,9,9,0.2652052564251656,9.623039513836233,ok,0.17112615732698616,0.24154767378079844,-0.11526555197011179,0.4575178666240841,0.5838237343457058
NK Cells|NK Cells|ICAM2|ITGAM_ITGB2,54,9,9,0.27165418430478677,9.584309997177423,ok,-0.022244688814306277,0.6417692406325128,-0.11595987044881412,0.07147049282020157,0.8344925753872848
CD8 T Cells|CD4 T Cells|HLA-DRA|CD4,54,9,9,0.2700458310557962,9.53149731403037,ok,0.028444959423877782,0.7866588906513147,-0.1775433491448641,0.23443326799261968,0.9071986731314535
NK Cells|Classical Monocytes|ICAM2|ITGAM_ITGB2,55,9,9,0.2666039693864313,9.583508814534738,ok,-0.05860793475416212,0.5763836952474366,-0.26421850769559185,0.14700263818726764,0.7992682473451412
CD8 T Cells|Non-classical Monocytes|LGALS1|ITGB1,56,9,9,0.2652052564251656,9.623039513836233,ok,0.11072382655104775,0.5602956947200199,-0.26189608113980584,0.4833437342419013,0.7927272286892795
Non-classical Monocytes|CD8 T Cells|TGFB1|ITGB1,53,9,9,0.26914101703681353,9.40561884787259,ok,0.03370464482094074,0.8391735244749982,-0.291792496623107,0.35920178626498844,0.927691932945988
B Cells|Non-classical Monocytes|CALM1|PTPRA,51,9,9,0.2912095771009507,9.263569003533423,ok,-0.11240880413311204,0.5104711055660064,-0.447184315823178,0.22236670755695392,0.7673533393347064
Non-classical Monocytes|Classical Monocytes|LTB|TNFRSF1A,56,9,9,0.2652052564251656,9.623039513836233,ok,-0.3153710906940079,0.05453518857906618,-0.6368776308301863,0.006135449442170482,0.31067723567047484
B Cells|Non-classical Monocytes|GNAS|ADCY7,56,9,9,0.2652052564251656,9.623039513836233,ok,-0.12384935388599695,0.15874366037874,-0.29608992060638406,0.04839121283439017,0.48667464300324237
Classical Monocytes|B Cells|SELPLG|ITGB2,56,9,9,0.2652052564251656,9.623039513836233,ok,-0.09708665170511895,0.34257258890392106,-0.2975791795667556,0.10340587615651771,0.669213982567725
CD8 T Cells|Classical Monocytes|IL16|CD4,56,9,9,0.2652052564251656,9.623039513836233,ok,-0.3040777803132023,5.6619136584228175e-05,-0.4520934576434159,-0.1560621029829887,0.010993549020104304
CD4 T Cells|CD4 T Cells|LGALS1|ITGB1,56,9,9,0.2652052564251656,9.623039513836233,ok,0.1470439613802721,0.3643585636956913,-0.17067587087553854,0.4647637936360827,0.6880688797886233
NK Cells|Non-classical Monocytes|IFNG|IFNGR1_IFNGR2,49,9,9,0.29109861677778825,9.149243570012093,ok,-0.23421082111508984,0.19171443078324002,-0.5858280437754116,0.11740640154523196,0.5241993115154844
CD4 T Cells|Non-classical Monocytes|LGALS1|CD69,56,9,9,0.2652052564251656,9.623039513836233,ok,0.16214512973509446,0.27726379032927695,-0.13035606678873332,0.4546463262589222,0.6150736341545753
Classical Monocytes|NK Cells|ICAM1|SPN,46,9,9,0.31098774265316464,8.784289597552377,ok,-0.1456205766445839,0.30401845576615383,-0.4232972246433358,0.13205607135416803,0.6353031407490031
CD4 T Cells|Classical Monocytes|ICAM3|ITGAL,53,9,9,0.2666380964439811,9.417131340974182,ok,-0.21894379825378596,0.054978794609435395,-0.44255618568703076,0.0046685891794588374,0.31168027114351454
NK Cells|Non-classical Monocytes|GNAI2|S1PR4,56,9,9,0.2652052564251656,9.623039513836233,ok,-0.3584845280125053,0.000618722803523623,-0.5637317001966335,-0.15323735582837708,0.03414466210395468
Non-classical Monocytes|NK Cells|CD58|CD2,56,9,9,0.2652052564251656,9.623039513836233,ok,-0.3024110995305198,0.01921027227192302,-0.5555538651356371,-0.049268333925402474,0.19046780593013035
B Cells|CD4 T Cells|ADAM28|ITGA4,55,9,9,0.28347170864438703,9.686956194052899,ok,-0.11971918548366386,0.33535401448297986,-0.3632823802533861,0.12384400928605835,0.664434399443319
B Cells|B Cells|FAM3C|LAMP1,56,9,9,0.2652052564251656,9.623039513836233,ok,0.06295627267519047,0.21034423290286508,-0.03555092120700867,0.1614634665573896,0.5437542363068291
B Cells|B Cells|GNAI2|S1PR4,52,9,9,0.29039744025503694,9.441917334442868,ok,-0.0999887111845977,0.1470912008683707,-0.23515430595691172,0.03517688358771631,0.4656555679664452
Non-classical Monocytes|B Cells|PSEN1|CD44,56,9,9,0.2652052564251656,9.623039513836233,ok,-0.3782596550315856,0.009209980551481117,-0.6629485217564381,-0.09357078830673304,0.12927261858404218
CD4 T Cells|CD8 T Cells|GNAI2|S1PR4,55,9,9,0.2652121395138156,9.515356799423158,ok,-0.02726655130351195,0.573450960862654,-0.12219319378839358,0.06766009118136967,0.798636221385052
Non-classical Monocytes|B Cells|ADAM10|CD44,56,9,9,0.2652052564251656,9.623039513836233,ok,-0.2500297077877664,0.06552875116766703,-0.5161245494682332,0.016065133892700367,0.3363160621068496
Non-classical Monocytes|B Cells|ADAM17|RHBDF2,56,9,9,0.2652052564251656,9.623039513836233,ok,-2.0052752199111595e-05,0.9996684807878772,-0.09461183874470741,0.09457173324030918,0.9996684807878772
Non-classical Monocytes|B Cells|SEMA4D|CD72,54,9,9,0.26786894533094124,9.53179856889497,ok,0.05271120359782938,0.13811175369483739,-0.016959633897826926,0.12238204109348569,0.4532399804351706
Non-classical Monocytes|B Cells|TIMP2|CD44,56,9,9,0.2652052564251656,9.623039513836233,ok,-0.24475417764473684,0.10303382451986796,-0.5389965915105047,0.049488236221031046,0.3961531536820006
Non-classical Monocytes|B Cells|CD99|CD81,51,9,9,0.27373698205185,9.349343086885044,ok,0.06590907174553504,0.45900481173142915,-0.10854298910358859,0.24036113259465866,0.7382871988518516
Non-classical Monocytes|B Cells|HBEGF|CD82,43,9,9,0.42697307010915464,8.729371898484652,ok,-0.07094706262427442,0.4928024669755401,-0.27369110923523243,0.1317969839866836,0.7591345749645386
Non-classical Monocytes|CD4 T Cells|ADAM15|ITGB1,52,9,9,0.30570662296059004,9.404684304593783,ok,-0.11520454103575686,0.4902118224248856,-0.44245950963897274,0.21205042756745898,0.7579560934833545
Non-classical Monocytes|CD4 T Cells|ADAM17|ITGB1,56,9,9,0.2652052564251656,9.623039513836233,ok,-0.11950823935617297,0.4742772974953079,-0.4468593768109783,0.2078428980986324,0.7502145982105006
Non-classical Monocytes|CD4 T Cells|CD86|CD28,53,9,9,0.3217673552575297,9.725514375314571,ok,-0.22234166978475262,0.03152420889597628,-0.4249938536638943,-0.0196894859056109,0.2430856556800983
CD4 T Cells|CD8 T Cells|LGALS1|ITGB1,53,9,9,0.26914101703681353,9.40561884787259,ok,0.02287572337039112,0.908437133439365,-0.3669648405836659,0.41271628732444815,0.9597046428841838
CD4 T Cells|CD8 T Cells|LRPAP1|SORL1,55,9,9,0.2666039693864313,9.583508814534738,ok,0.005883941304031265,0.3614736388068305,-0.0067533695266390895,0.01852125213470162,0.6880688797886233
CD4 T Cells|CD4 T Cells|SIRPG|CD47,54,9,9,0.2666105263157893,9.476047857837969,ok,-0.11957623130307868,0.0861810919033647,-0.2561609173273608,0.01700845472120341,0.36943482215568985
CD4 T Cells|CD4 T Cells|TIMP1|CD63,55,9,9,0.2652121395138156,9.51535679942316,ok,-0.1677833486624197,0.10014019828686717,-0.36779214037157637,0.03222544304673694,0.38887777001400087
CD4 T Cells|CD8 T Cells|SIRPG|CD47,54,9,9,0.2666105263157893,9.476047857837969,ok,-0.0263978167541663,0.6552109228283058,-0.14226507014584933,0.08946943663751673,0.8411593233683057
CD4 T Cells|CD8 T Cells|TIMP1|CD63,56,9,9,0.2652052564251656,9.623039513836233,ok,-0.18720336105133054,0.2895553306034496,-0.5336415398525263,0.15923481774986523,0.6258477924916861
CD4 T Cells|Classical Monocytes|ANXA2|TLR2,54,9,9,0.270775593740673,9.464683631900108,ok,-0.12359544859418747,0.2853025251343144,-0.3503117768754426,0.10312087968706768,0.6226937846453321
Non-classical Monocytes|CD4 T Cells|LRPAP1|SORL1,56,9,9,0.2652052564251656,9.623039513836233,ok,-0.11673523777571956,0.08488178979426456,-0.24952218844201987,0.016051712890580744,0.36943482215568985
CD4 T Cells|CD4 T Cells|IL16|CD4,55,9,9,0.2652121395138156,9.515356799423158,ok,-0.16206043605241943,0.00220163892640144,-0.2658079956265348,-0.05831287647830405,0.06255876461604092
CD4 T Cells|CD4 T Cells|LRPAP1|SORL1,56,9,9,0.2652052564251656,9.623039513836233,ok,0.003927778608031851,0.2695271889478894,-0.003044363192749619,0.01089992040881332,0.6138754001696373
Non-classical Monocytes|CD4 T Cells|IL16|CD4,52,9,9,0.2666263391090058,9.26379033832355,ok,-0.0032293542606345858,0.3680633045090611,-0.01026120486934365,0.0038024963480744784,0.6894439803438388
Non-classical Monocytes|CD4 T Cells|TIMP2|ITGB1,56,9,9,0.2652052564251656,9.623039513836233,ok,-0.17459752633022668,0.2891724470586564,-0.4974509463786712,0.14825589371821785,0.6258477924916861
NK Cells|Non-classical Monocytes|SEMA4D|PLXNB2,54,9,9,0.2706422018348622,9.865878137439179,ok,0.003961628593223057,0.32496536662648046,-0.003926826783510235,0.011850083969956349,0.6544246363350903
NK Cells|Non-classical Monocytes|LRPAP1|LRP1,56,9,9,0.2652052564251656,9.623039513836233,ok,0.060494777202478284,0.07354295460378929,-0.005764589657383232,0.1267541440623398,0.3504193951468897
NK Cells|Non-classical Monocytes|LRPAP1|SORL1,51,9,9,0.2693777594220266,9.226288918579796,ok,0.036639148416809784,0.1614660178258268,-0.014648929566135463,0.08792722639975503,0.4905030267720685
Non-classical Monocytes|CD8 T Cells|ADAM15|ITGB1,49,9,9,0.3250469492834943,9.194932791968247,ok,0.029843574083077515,0.5774665163028099,-0.07515278020477069,0.13483992837092573,0.7994634480009192
Non-classical Monocytes|CD8 T Cells|ADAM17|ITGB1,53,9,9,0.26914101703681353,9.40561884787259,ok,0.07949770279467275,0.26004566354329717,-0.05884461942568123,0.21784002501502672,0.6069377997982784
CD4 T Cells|B Cells|SIRPG|CD47,54,9,9,0.2666105263157893,9.476047857837969,ok,0.004548438788362969,0.9264742016517364,-0.09205547135996399,0.10115234893668994,0.9654225804331601
CD4 T Cells|B Cells|TIMP1|CD63,54,9,9,0.27007062085698214,9.54182834399465,ok,-0.10182829891341665,0.32986443619145234,-0.30665431200982834,0.10299771418299504,0.6602263914123825
CD4 T Cells|CD4 T Cells|CD47|SIRPG,54,9,9,0.2666105263157893,9.476047857837969,ok,-0.11957623130307868,0.0861810919033647,-0.2561609173273608,0.01700845472120341,0.36943482215568985
CD4 T Cells|CD4 T Cells|CLEC2D|KLRB1,56,9,9,0.2652052564251656,9.623039513836233,ok,-0.02973050002891703,0.868698172985582,-0.3822191354530055,0.32275813539517145,0.9406758903134119
CD4 T Cells|CD4 T Cells|GNAI2|S1PR4,56,9,9,0.2652052564251656,9.623039513836233,ok,-0.05157092053661537,0.3373739368230787,-0.15692909522079695,0.0537872541475662,0.6656064968651764
CD4 T Cells|CD4 T Cells|HLA-DPA1|CD4,51,9,9,0.2797468354430378,9.940981327523824,ok,0.0241172947559096,0.23141450442811318,-0.015381424330724754,0.06361601384254395,0.569372539934006
CD4 T Cells|CD4 T Cells|HLA-DPB1|CD4,55,9,9,0.2652121395138156,9.515356799423158,ok,0.004799384085460729,0.86521632172044,-0.05061913962779363,0.060217907798715095,0.9394007593702821
NK Cells|Non-classical Monocytes|PTPN6|CD300LF,56,9,9,0.2652052564251656,9.623039513836233,ok,-0.2519105806495125,0.04887962454318625,-0.5025836087374413,-0.0012375525615836436,0.2905345030245509
CD4 T Cells|Classical Monocytes|CALR|LRP1,56,9,9,0.2652052564251656,9.623039513836233,ok,-0.3433535226900685,0.002778506940607802,-0.5683309381989998,-0.11837610718113717,0.06961205560877612
CD4 T Cells|Classical Monocytes|CD28|CD86,53,9,9,0.3217673552575297,9.725514375314571,ok,-0.008036016856679963,0.7077069042930282,-0.050043821059299234,0.03397178734593931,0.8719806182622135
CD4 T Cells|Classical Monocytes|CD40LG|ITGAM_ITGB2,56,9,9,0.2652052564251656,9.623039513836233,ok,-0.1242670674196739,0.2276268535098075,-0.3261403155082556,0.0776061806689078,0.5642240092317569
CD4 T Cells|Classical Monocytes|CD47|SIRPA,55,9,9,0.2676305103880259,9.574016174140935,ok,-0.1645918993000489,0.01995138593071687,-0.30320729958100956,-0.02597649901908819,0.19289099260817555
CD4 T Cells|Classical Monocytes|GNAI2|ADCY7,56,9,9,0.2652052564251656,9.623039513836233,ok,0.003980796052928952,0.30128359298855667,-0.0035671699501721842,0.011528762056030088,0.6338419579885247
CD4 T Cells|Classical Monocytes|GNAS|ADCY7,56,9,9,0.2652052564251656,9.623039513836233,ok,-0.03973013475858467,0.3648168227568833,-0.12565762657780744,0.046197357060638114,0.6880688797886233
NK Cells|Non-classical Monocytes|ICAM2|ITGAL_ITGB2,55,9,9,0.2666039693864313,9.583508814534738,ok,-0.11910719126068489,0.10036713186415619,-0.26118567798791925,0.022971295466549496,0.3891105112204391
CD4 T Cells|B Cells|SELPLG|ITGB2,56,9,9,0.2652052564251656,9.623039513836233,ok,-0.08568844477644418,0.34000079584470533,-0.2617025491239463,0.09032565957105794,0.6690894039849353
CD4 T Cells|B Cells|SEMA4D|CD72,54,9,9,0.26784568862824165,9.478389004775561,ok,0.05699294918119626,0.17540235087076794,-0.025442617763841678,0.1394285161262342,0.5069333090514706
Non-classical Monocytes|CD8 T Cells|ICAM1|SPN,47,9,9,0.34689420544337135,8.908423246748182,ok,0.027957005762379535,0.2506950918966755,-0.019746053105339147,0.07566006463009822,0.5975855479228679
NK Cells|Non-classical Monocytes|GNAS|ADCY7,56,9,9,0.2652052564251656,9.623039513836233,ok,-0.1431566139599505,0.10702744559700518,-0.3172473093480106,0.030934081428109633,0.4031071181583722
Non-classical Monocytes|CD8 T Cells|LRPAP1|SORL1,55,9,9,0.2666039693864313,9.583508814534738,ok,-0.09584775403453503,0.034933008755489346,-0.18491660294460566,-0.006778905124464399,0.25008577478935473
CD4 T Cells|B Cells|GNAI2|S1PR4,52,9,9,0.29039744025503694,9.441917334442868,ok,-0.041746210080011725,0.4116329264062294,-0.14140362050519178,0.05791120034516835,0.7083711386143706
NK Cells|Non-classical Monocytes|GNAI2|ADCY7,56,9,9,0.2652052564251656,9.623039513836233,ok,-0.027892676449450527,0.7125208087967655,-0.17625819577105767,0.12047284287215661,0.8746155688560316
CD4 T Cells|Classical Monocytes|HLA-DPA1|CD4,52,9,9,0.27974683544303774,10.057807146874207,ok,0.04951812402472673,0.20459543260465052,-0.02698845116807061,0.12602469921752407,0.5404845328444849
CD4 T Cells|Classical Monocytes|HLA-DPB1|CD4,56,9,9,0.2652052564251656,9.623039513836233,ok,0.011510125849831077,0.8944740658716328,-0.1585634973890385,0.18158374908870065,0.9530550088110494
Non-classical Monocytes|CD8 T Cells|TIMP2|ITGB1,53,9,9,0.26914101703681353,9.40561884787259,ok,0.06940571588489325,0.34658937909915444,-0.07512152279443549,0.21393295456422198,0.674342600971764
NK Cells|Non-classical Monocytes|ANXA2|TLR2,56,9,9,0.2652052564251656,9.623039513836233,ok,-0.10365805885613669,0.5006936296107714,-0.40536051286944896,0.19804439515717556,0.7641288733220002
CD4 T Cells|Classical Monocytes|ICAM2|ITGAL_ITGB2,53,9,9,0.2666380964439811,9.417131340974182,ok,0.0030728737346313244,0.9079602007190776,-0.049021473046146256,0.055167220515408906,0.9597046428841838
CD4 T Cells|Classical Monocytes|IL16|CD4,56,9,9,0.2652052564251656,9.623039513836233,ok,-0.3476057616475249,4.140068558490845e-05,-0.5137946513727316,-0.18141687192231815,0.009805700700748144
Non-classical Monocytes|Classical Monocytes|FABP5|RXRA,48,9,9,0.31460745641939186,9.634939859222973,ok,0.005890423238010397,0.40782428210849353,-0.00805740817680433,0.019838254652825123,0.7083711386143706
Non-classical Monocytes|Classical Monocytes|ADAM10|NOTCH2,56,9,9,0.2652052564251656,9.623039513836233,ok,0.0018249704548731283,0.7286563978696128,-0.008485604514004638,0.012135545423750893,0.8821444455613194
Non-classical Monocytes|Classical Monocytes|ADAM15|ITGB1,52,9,9,0.30570662296059004,9.404684304593783,ok,0.009628204817321568,0.4129665882460577,-0.013422116246565639,0.03267852588120877,0.7083711386143706
Non-classical Monocytes|Classical Monocytes|ADAM17|ITGB1,56,9,9,0.2652052564251656,9.623039513836233,ok,0.015981931667434612,0.7062890906182043,-0.06713989121506947,0.0991037545499387,0.8719806182622135
CD4 T Cells|Classical Monocytes|LGALS1|ITGB1,56,9,9,0.2652052564251656,9.623039513836233,ok,0.09750268762666026,0.5380219347863743,-0.2128246864850017,0.4078300617383222,0.7766983321265503
CD4 T Cells|Classical Monocytes|LRPAP1|LRP1,56,9,9,0.2652052564251656,9.623039513836233,ok,0.0077619170780475226,0.25199433443150276,-0.0055185970753953645,0.02104243123149041,0.5978688454156168
CD4 T Cells|Classical Monocytes|LRPAP1|SORL1,54,9,9,0.28434826371414185,9.57506130310882,ok,-0.0055895305862804015,0.8165726008894953,-0.05281962467360474,0.041640563501043934,0.9214942652039222
CD4 T Cells|B Cells|CD40LG|CD40,56,9,9,0.2652052564251656,9.623039513836233,ok,-0.19328440628146376,0.02208331676000959,-0.3587897653066182,-0.02777904725630931,0.20580465802402967
CD4 T Cells|B Cells|CD99|CD81,51,9,9,0.27373698205185,9.349343086885044,ok,-0.2373282811964371,0.04276029575955764,-0.46691605329129693,-0.007740509101577225,0.27206115780485174
Non-classical Monocytes|Classical Monocytes|CD1D|LILRB2,51,9,9,0.28810385991393367,9.217638070458891,ok,-0.04006921312776977,0.6488862783271505,-0.21255438913150582,0.1324159628759663,0.8391107736722567
Non-classical Monocytes|Classical Monocytes|CD47|SIRPA,55,9,9,0.2676305103880259,9.574016174140935,ok,-0.1951051566766541,0.07966598925811778,-0.41329134151065994,0.023081028157351774,0.361400638593389
Non-classical Monocytes|Classical Monocytes|IL16|CD4,53,9,9,0.2666194721589279,9.37372579220546,ok,-0.027379125901935357,0.616204856547593,-0.1344386200828088,0.0796803682789381,0.8232939899658646
Non-classical Monocytes|Classical Monocytes|IL1B|SIGIRR,56,9,9,0.2652052564251656,9.623039513836233,ok,-0.3471982664301747,0.13858856269223474,-0.8066614950213511,0.11226496216100162,0.45416505073545277
CD4 T Cells|Classical Monocytes|SELPLG|ITGAM,56,9,9,0.2652052564251656,9.623039513836233,ok,0.0031693857862625865,0.9685367402087949,-0.15431842341669239,0.16065719498921754,0.9844011847784278
Non-classical Monocytes|Classical Monocytes|LRPAP1|LRP1,56,9,9,0.2652052564251656,9.623039513836233,ok,-0.05789400401873873,0.49829690769561474,-0.225458792719639,0.10967078468216154,0.7641288733220002
Non-classical Monocytes|Classical Monocytes|LRPAP1|SORL1,54,9,9,0.28434826371414185,9.57506130310882,ok,-0.14821528752232693,0.12209397802240346,-0.3361120444639655,0.03968146941931164,0.4258667197488025
Non-classical Monocytes|Classical Monocytes|MFNG|NOTCH2,56,9,9,0.2652052564251656,9.623039513836233,ok,-0.03829895030438542,0.026583610217689915,-0.07214874442016103,-0.004449156188609811,0.22280507844322844
Non-classical Monocytes|Classical Monocytes|ICAM1|ITGAL_ITGB2,44,9,9,0.4151344562260365,8.717272618917406,ok,0.007445030264892728,0.4903876854841225,-0.013712216796775756,0.02860227732656121,0.7579560934833545
Non-classical Monocytes|Classical Monocytes|ICAM1|ITGAM_ITGB2,47,9,9,0.34689420544337135,8.908423246748182,ok,0.08587330443775006,0.16626370725861628,-0.03570975504550028,0.2074563639210004,0.4969458859613288
Non-classical Monocytes|Classical Monocytes|ICAM1|SPN,45,9,9,0.35324590711660553,8.674736257897653,ok,0.006663595904471086,0.4848369710413264,-0.012033015312167605,0.025360207121109778,0.7563136926000013
Non-classical Monocytes|Classical Monocytes|ICAM2|ITGAL_ITGB2,53,9,9,0.2666380964439811,9.417131340974182,ok,-0.12188101402956075,0.26472935311620616,-0.3360710361612517,0.09230900810213022,0.6095794131467795
CD4 T Cells|Classical Monocytes|SIRPG|CD47,54,9,9,0.2666105263157893,9.476047857837969,ok,0.028478699311924753,0.18427989077271578,-0.013562095291536715,0.07051949391538623,0.5129894211474645
NK Cells|Classical Monocytes|PTPN6|CD300LF,51,9,9,0.28883562735619894,9.320387099221566,ok,-0.04806821188907644,0.5558174064139727,-0.20800285579507244,0.11186643201691958,0.7891862016724901
Non-classical Monocytes|Classical Monocytes|TIMP2|ITGB1,56,9,9,0.2652052564251656,9.623039513836233,ok,0.03223627777905157,0.2997393354885527,-0.02869178218155314,0.09316433773965627,0.6338419579885247
Non-classical Monocytes|Classical Monocytes|PSEN1|NOTCH2,56,9,9,0.2652052564251656,9.623039513836233,ok,-0.005659450852842745,0.19348071200211747,-0.014189701720240883,0.002870800014555394,0.5241993115154844
NK Cells|Classical Monocytes|LRPAP1|LRP1,56,9,9,0.2652052564251656,9.623039513836233,ok,0.030200285622395465,0.3877500824602448,-0.03833177872580411,0.09873234997059503,0.7041759096900783
NK Cells|Classical Monocytes|LRPAP1|SORL1,54,9,9,0.28434826371414185,9.57506130310882,ok,-0.06810509388501848,0.2922590758911032,-0.19484856569774683,0.05863837792770987,0.6293564203569968
NK Cells|Classical Monocytes|MFNG|NOTCH2,56,9,9,0.2652052564251656,9.623039513836233,ok,-0.07378910450899337,0.026113205488291415,-0.13880255606384695,-0.00877565295413979,0.22053114528858406
Non-classical Monocytes|Classical Monocytes|SEMA4A|LILRB2,55,9,9,0.2652121395138156,9.51535679942316,ok,-0.09905655233155844,0.17022785594229084,-0.24061778751762053,0.04250468285450365,0.5038577624137804
NK Cells|Classical Monocytes|ICAM2|ITGAL_ITGB2,52,9,9,0.26839984143763196,9.413237857771149,ok,0.02373370745376841,0.14083540957488513,-0.007852913926633377,0.0553203288341702,0.4578576594693711
NK Cells|Classical Monocytes|IL16|CD4,56,9,9,0.2652052564251656,9.623039513836233,ok,-0.19518593461090095,0.036188338555127396,-0.37780790597877717,-0.012563963243024723,0.25169799651775177
NK Cells|Classical Monocytes|GNAI2|ADCY7,56,9,9,0.2652052564251656,9.623039513836233,ok,0.0011778247708136395,0.9820344957823228,-0.1013384280840872,0.10369407762571449,0.9917325238382015
NK Cells|Classical Monocytes|GNAS|ADCY7,56,9,9,0.2652052564251656,9.623039513836233,ok,-0.07675153810360563,0.27559998396835295,-0.2147284194832479,0.061225343276036626,0.6138754001696373
NK Cells|Classical Monocytes|CD47|SIRPA,55,9,9,0.2676305103880259,9.574016174140935,ok,-0.2040911633581095,0.14256934250728043,-0.47689625219666554,0.06871392548044652,0.4588212265772975
NK Cells|CD8 T Cells|TIMP1|CD63,54,9,9,0.27165418430478677,9.584309997177423,ok,-0.13021152195346536,0.17391498435970532,-0.3179029447004055,0.057479900793474786,0.5069333090514706
NK Cells|CD8 T Cells|LRPAP1|SORL1,55,9,9,0.2666039693864313,9.583508814534738,ok,0.037042701764995,0.2097603526132824,-0.020843546723607727,0.09492895025359774,0.543586626767109
CD4 T Cells|NK Cells|CD40LG|ITGAM_ITGB2,55,9,9,0.2700378898280395,9.643175285193806,ok,-0.046827325292003466,0.26740715526609693,-0.12958246837697937,0.03592781779297244,0.6126437283874198
CD4 T Cells|NK Cells|GNAI2|S1PR4,54,9,9,0.2652215302843992,9.411986138867212,ok,-0.04682751196297127,0.41685411070383127,-0.15987251855822376,0.06621749463228124,0.7083711386143706
CD4 T Cells|NK Cells|GNAI2|S1PR5,56,9,9,0.2652052564251656,9.623039513836233,ok,-0.040519648066654756,0.6839278533661164,-0.2355952410579243,0.15455594492461477,0.8606511939276219
NK Cells|CD8 T Cells|GNAI2|S1PR4,55,9,9,0.2652121395138156,9.515356799423158,ok,-0.2225150774841265,0.053258561016041636,-0.4481552701844621,0.00312511521620909,0.30564642159452465
NK Cells|CD4 T Cells|TIMP1|CD63,53,9,9,0.27166177334116315,9.472733376191872,ok,-0.01756125837116389,0.45553848158828614,-0.06368671176092625,0.02856419501859846,0.734500880411466
NK Cells|CD4 T Cells|IL16|CD4,55,9,9,0.2652121395138156,9.515356799423158,ok,-0.05077281060760409,0.26231174437633753,-0.13954877925714607,0.0380031580419379,0.6069377997982784
CD4 T Cells|NK Cells|HLA-F|CD8A,42,9,9,0.3589269195189643,8.832879529839039,ok,-0.16780912878392656,0.3142257524919334,-0.49461913259287854,0.1590008750250254,0.6439278832948151
NK Cells|B Cells|TIMP1|CD63,52,9,9,0.34258326563769304,9.548352446204413,ok,0.007903108978475317,0.6380309650190119,-0.02502215378377112,0.04082837174072175,0.8343617206968282
NK Cells|CD4 T Cells|GNAI2|S1PR4,56,9,9,0.2652052564251656,9.623039513836233,ok,-0.28109824000655875,0.019905923340870043,-0.5177455248881933,-0.044450955124924196,0.19289099260817555
Non-classical Monocytes|NK Cells|ADAM15|ITGB1,52,9,9,0.30570662296059004,9.404684304593783,ok,0.09688191388290815,0.6017583269792957,-0.2669706642574914,0.46073449202330774,0.8165230501542927
NK Cells|B Cells|SEMA4D|CD72,53,9,9,0.2737430167597767,9.823290101377845,ok,0.09438515255785007,0.07015522288671583,-0.007768896525378738,0.19653920164107888,0.34319131579484075
NK Cells|B Cells|GNAI2|S1PR4,52,9,9,0.29039744025503694,9.441917334442868,ok,-0.22854119513564902,0.054733618514304326,-0.4617197719194561,0.004637381648158051,0.3110471491178758
CD4 T Cells|NK Cells|LRPAP1|SORL1,55,9,9,0.2666039693864313,9.583508814534738,ok,0.00914500999073371,0.8398173307790269,-0.07953130623926334,0.09782132622073077,0.927691932945988
Non-classical Monocytes|NK Cells|HLA-F|CD8A,42,9,9,0.3589269195189643,8.832879529839039,ok,-0.25221759971681,0.0828563401281341,-0.5372453951296436,0.032810195696023614,0.365634985792713
Non-classical Monocytes|NK Cells|ICAM1|ITGAL_ITGB2,47,9,9,0.34689420544337135,8.908423246748182,ok,0.021291206482342923,0.7064728373352549,-0.08951678220526728,0.1320991951699531,0.8719806182622135
Non-classical Monocytes|NK Cells|ICAM1|ITGAM_ITGB2,46,9,9,0.34703436807095345,8.912444419108013,ok,0.03245820715817328,0.3787444864320273,-0.03981633431520673,0.1047327486315533,0.6971371033160949
Non-classical Monocytes|NK Cells|ICAM1|SPN,47,9,9,0.34689420544337135,8.908423246748182,ok,-0.14056795028311028,0.28250282446789554,-0.3969227921163191,0.1157868915500985,0.6207750169465256
Non-classical Monocytes|NK Cells|PTDSS1|JMJD6,46,9,9,0.49999999999999983,8.716257222364915,ok,0.004422156748211255,0.40801316487548567,-0.006053211194564355,0.014897524690986865,0.7083711386143706
CD4 T Cells|NK Cells|SELPLG|ITGAM,55,9,9,0.2700378898280395,9.643175285193806,ok,0.013493960401010745,0.19351544790546504,-0.006846501238478284,0.03383442204049977,0.5241993115154844
CD4 T Cells|Non-classical Monocytes|ANXA2|TLR2,54,9,9,0.270775593740673,9.464683631900108,ok,-0.0577476439938712,0.5509780891931038,-0.24755852494943076,0.13206323696168837,0.7857038486270427
CD4 T Cells|Non-classical Monocytes|ARF6|SMAP1,55,9,9,0.2652121395138156,9.515356799423158,ok,-0.32247024262559715,0.000276731990138056,-0.4962882213860005,-0.1486522638651938,0.020149548031927204
Non-classical Monocytes|NK Cells|TIMP2|ITGB1,56,9,9,0.2652052564251656,9.623039513836233,ok,0.02160918562986957,0.8916701092848612,-0.28937431946453057,0.3325926907242697,0.9516951126916536
Non-classical Monocytes|Non-classical Monocytes|ADAM10|NOTCH2,56,9,9,0.2652052564251656,9.623039513836233,ok,-0.005685993130298216,0.803803542483236,-0.050545499540860524,0.03917351328026409,0.9158122068269725
Non-classical Monocytes|Non-classical Monocytes|ADAM10|TSPAN14,56,9,9,0.2652052564251656,9.623039513836233,ok,0.015181573301249206,0.4514511065812514,-0.02433425049780449,0.0546973971003029,0.7326309438965842
Non-classical Monocytes|Non-classical Monocytes|ADAM15|ITGB1,52,9,9,0.30570662296059004,9.404684304593783,ok,0.0066772334932527905,0.91181812274083,-0.11149579387033955,0.12485026085684513,0.9597046428841838
Non-classical Monocytes|Non-classical Monocytes|ADAM17|IL6R,43,9,9,0.35406757421682783,9.17995240868117,ok,0.003640827901836376,0.41291707099310193,-0.005074541146785122,0.012356196950457874,0.7083711386143706
Non-classical Monocytes|Non-classical Monocytes|ADAM17|ITGB1,56,9,9,0.2652052564251656,9.623039513836233,ok,-0.06123393283964827,0.5284613812830486,-0.2516282697729963,0.12916040409369978,0.7728420643778361
Non-classical Monocytes|Non-classical Monocytes|FABP5|RXRA,48,9,9,0.31460745641939186,9.634939859222973,ok,-0.009937494110152139,0.689644227547013,-0.058711050089969505,0.038836061869665234,0.8612458254862083
Non-classical Monocytes|Non-classical Monocytes|ICAM1|ITGAL_ITGB2,47,9,9,0.34689420544337135,8.908423246748182,ok,0.0016977401195778369,0.9653956670389379,-0.07500178320317213,0.07839726344232781,0.9825749406142884
Non-classical Monocytes|Non-classical Monocytes|ICAM1|ITGAX_ITGB2,47,9,9,0.34689420544337135,8.908423246748182,ok,0.015406859395130715,0.2942354675286637,-0.013382918151883333,0.04419663694214476,0.6323874167429548
Non-classical Monocytes|Non-classical Monocytes|ICAM1|SPN,47,9,9,0.34689420544337135,8.908423246748182,ok,-0.3263309148615049,0.03382326171495811,-0.6277186976173439,-0.0249431321056659,0.24867446185794445
CD4 T Cells|Non-classical Monocytes|CALR|LRP1,56,9,9,0.2652052564251656,9.623039513836233,ok,-0.20893539939396688,0.037623617666984424,-0.40591437399731084,-0.011956424790622922,0.2535980110813724
Non-classical Monocytes|Non-classical Monocytes|ICAM1|IL2RG,47,9,9,0.34689420544337135,8.908423246748182,ok,0.01585676497406352,0.3789053088968478,-0.019463334182577938,0.05117686413070498,0.6971371033160949
CD4 T Cells|Non-classical Monocytes|CD28|CD86,53,9,9,0.3217673552575297,9.725514375314571,ok,-0.22234166978475262,0.03152420889597628,-0.4249938536638943,-0.0196894859056109,0.2430856556800983
CD4 T Cells|Non-classical Monocytes|GNAI2|ADCY7,56,9,9,0.2652052564251656,9.623039513836233,ok,-0.0024674170117367934,0.881896413805981,-0.03501901890637371,0.030084184882900128,0.9469210341787724
Non-classical Monocytes|Non-classical Monocytes|LRPAP1|LRP1,56,9,9,0.2652052564251656,9.623039513836233,ok,0.040058522528130344,0.48150658356357867,-0.07148477454247118,0.15160181959873187,0.7539720024886682
Non-classical Monocytes|Non-classical Monocytes|LRPAP1|SORL1,51,9,9,0.2693777594220266,9.226288918579796,ok,-0.005994138952340876,0.8393958363142296,-0.06396280133620733,0.05197452343152557,0.927691932945988
Non-classical Monocytes|Non-classical Monocytes|MFNG|NOTCH2,56,9,9,0.2652052564251656,9.623039513836233,ok,-0.07004738906230311,0.04613158426716098,-0.13889265573138115,-0.0012021223932250774,0.282419145000872
Non-classical Monocytes|Non-classical Monocytes|IL16|CD4,53,9,9,0.2666194721589279,9.37372579220546,ok,-0.03410231467987121,0.6410185697484401,-0.17744967034559433,0.10924504098585192,0.8344925753872848
Non-classical Monocytes|Non-classical Monocytes|IL1B|SIGIRR,56,9,9,0.2652052564251656,9.623039513836233,ok,-0.36192692435436913,0.1441327681273582,-0.847602017095556,0.12374816838681779,0.46204353870696196
B Cells|Non-classical Monocytes|LRPAP1|LRP1,56,9,9,0.2652052564251656,9.623039513836233,ok,0.004565253450561232,0.41021920618784524,-0.006300133455981864,0.015430640357104328,0.7083711386143706
CD4 T Cells|Non-classical Monocytes|GNAI2|S1PR4,56,9,9,0.2652052564251656,9.623039513836233,ok,-0.11034960192678242,0.032420465059628714,-0.2114539787847114,-0.009245225068853447,0.24335020817555308
Non-classical Monocytes|Non-classical Monocytes|PSEN1|NOTCH2,56,9,9,0.2652052564251656,9.623039513836233,ok,-0.014604955342378932,0.31956161223632984,-0.04336360599544359,0.014153695310685723,0.6485875927793106
CD4 T Cells|Non-classical Monocytes|HLA-DPA1|CD4,52,9,9,0.27974683544303774,10.057807146874207,ok,0.05203109628223909,0.44007939190681555,-0.0800560294963032,0.18411822206078138,0.7241419372477969
CD4 T Cells|Non-classical Monocytes|HLA-DPB1|CD4,56,9,9,0.2652052564251656,9.623039513836233,ok,-0.0212823864714776,0.8449152946200975,-0.2345264608728168,0.19196168792986162,0.9321271952958462
Non-classical Monocytes|Non-classical Monocytes|TGFB1|LPP,54,9,9,0.26524108062797963,9.419311445751198,ok,-0.07258561912997777,0.6290593664085473,-0.36709931154257347,0.22192807328261796,0.8285519071407096
Non-classical Monocytes|Non-classical Monocytes|TIMP2|ITGB1,56,9,9,0.2652052564251656,9.623039513836233,ok,-0.11142829982050614,0.13599639296430996,-0.2579171825719331,0.035060582930920764,0.45000948315622513
CD4 T Cells|Non-classical Monocytes|LGALS1|ITGB1,56,9,9,0.2652052564251656,9.623039513836233,ok,0.12794449161192428,0.34104714554808346,-0.135438609772224,0.39132759299607256,0.669213982567725
CD4 T Cells|Non-classical Monocytes|LRPAP1|LRP1,56,9,9,0.2652052564251656,9.623039513836233,ok,0.01207181434071205,0.2760523785176313,-0.009650243168543864,0.03379387184996797,0.6138754001696373
CD4 T Cells|Non-classical Monocytes|LRPAP1|SORL1,51,9,9,0.2693777594220266,9.226288918579796,ok,0.0035335503704731585,0.40883953313183985,-0.004851625580746989,0.011918726321693307,0.7083711386143706
B Cells|Non-classical Monocytes|LGALS1|CD69,53,9,9,0.27634961439588684,9.952595415192851,ok,-0.09698227678993966,0.5802874460618561,-0.4407324317253263,0.24676787814544698,0.801605404976999
B Cells|Non-classical Monocytes|LGALS1|ITGB1,53,9,9,0.27634961439588684,9.952595415192851,ok,-0.08084303193793188,0.626268240730945,-0.40621054908972265,0.24452448521385886,0.8278304065267715
B Cells|Non-classical Monocytes|GNAI2|S1PR4,54,9,9,0.2652410806279798,9.419311445751198,ok,-0.1865635813011703,0.005099310746809459,-0.317123405241146,-0.05600375736119456,0.09738847573824623
B Cells|Non-classical Monocytes|GRN|TNFRSF1A,54,9,9,0.2722967189728961,9.47913130505771,ok,-0.0241541216640309,0.7804536310127673,-0.19400150482424827,0.1456932614961865,0.9051879425109698
CD4 T Cells|Non-classical Monocytes|PTPN6|CD300LF,56,9,9,0.2652052564251656,9.623039513836233,ok,-0.0693476559669472,0.10627011885462517,-0.15349820612145498,0.014802894187560589,0.40131179405393297
CD4 T Cells|Non-classical Monocytes|SELPLG|SELL,56,9,9,0.2652052564251656,9.623039513836233,ok,0.14209179237264133,0.3323053356511172,-0.14516999170533226,0.4293535764506149,0.6623365543773336
B Cells|Non-classical Monocytes|GNAI2|ADCY7,54,9,9,0.2652410806279798,9.419311445751198,ok,-0.025280257430706783,0.5231580678484269,-0.1028833340072502,0.052322819145836634,0.7728168551858351
B Cells|Non-classical Monocytes|ADAM28|ITGA4,56,9,9,0.2652052564251656,9.623039513836233,ok,-0.1125423240988086,0.4517933941448623,-0.405698275581906,0.18061362738428882,0.7326309438965842
B Cells|Non-classical Monocytes|ARF6|SMAP1,55,9,9,0.2652121395138156,9.515356799423158,ok,-0.3980190972236082,4.316787621082714e-05,-0.5887610101741602,-0.20727718427305622,0.009805700700748144
B Cells|NK Cells|LGALS1|ITGB1,53,9,9,0.27634961439588684,9.952595415192851,ok,0.22461383282661956,0.14465219405839064,-0.07718910999234396,0.5264167756455831,0.462515356447034
B Cells|NK Cells|LRPAP1|SORL1,55,9,9,0.2666039693864313,9.583508814534738,ok,0.00019662032096216946,0.9947698574026561,-0.05859289952538363,0.058986140167307965,0.9977674419923327
B Cells|NK Cells|GRN|TNFRSF1B,54,9,9,0.2722967189728961,9.47913130505771,ok,-0.03208945357224047,0.6168964918009916,-0.15781402212691278,0.09363511498243185,0.8232939899658646
B Cells|NK Cells|HLA-F|CD8A,42,9,9,0.3589269195189643,8.832879529839039,ok,-0.09081620348835245,0.5478243660428124,-0.3869718482905154,0.2053394413138105,0.7839141615370869
Classical Monocytes|Non-classical Monocytes|SELPLG|SELL,56,9,9,0.2652052564251656,9.623039513836233,ok,0.15735245762446964,0.3114932863613695,-0.14736752059914765,0.46207243584808694,0.6395611721733504
Classical Monocytes|Non-classical Monocytes|SIRPA|CD47,55,9,9,0.2676305103880259,9.574016174140935,ok,-0.1951051566766541,0.07966598925811778,-0.41329134151065994,0.023081028157351774,0.361400638593389
Classical Monocytes|Non-classical Monocytes|TGFB1|LPP,53,9,9,0.27007922265505335,9.429046924854449,ok,-0.07325490726543041,0.48975303916557966,-0.2811260997102044,0.13461628517934357,0.7579560934833545
Classical Monocytes|Non-classical Monocytes|PSEN1|NOTCH2,56,9,9,0.2652052564251656,9.623039513836233,ok,0.0034525910023255474,0.41021920618784524,-0.00476463887911833,0.011669820883769425,0.7083711386143706
B Cells|NK Cells|GNAI2|S1PR4,53,9,9,0.26525126147127415,9.315479434938824,ok,-0.12004060410625983,0.18171906556091755,-0.296213318161355,0.05613210994883536,0.5125973641125156
B Cells|NK Cells|GNAI2|S1PR5,54,9,9,0.2652410806279798,9.419311445751198,ok,-0.05981280941071404,0.6126794064454422,-0.2913789807212548,0.17175336189982673,0.8224662547240512
Classical Monocytes|Non-classical Monocytes|RNASE2|TLR2,56,9,9,0.2652052564251656,9.623039513836233,ok,0.11853650158634085,0.4658230445701549,-0.2000289885156704,0.43710199168835207,0.7444222865901652
Classical Monocytes|Non-classical Monocytes|LTB|TNFRSF1A,55,9,9,0.2700378898280395,9.643175285193806,ok,-0.028972038057302467,0.7160632161240902,-0.1850903097542734,0.12714623363966845,0.8767353092848819
B Cells|NK Cells|ADAM28|ITGA4,56,9,9,0.2652052564251656,9.623039513836233,ok,-0.09359693027549051,0.5587121248949835,-0.4073119958440693,0.2201181352930883,0.7918486928256152
Classical Monocytes|Non-classical Monocytes|ICAM1|ITGAX_ITGB2,46,9,9,0.31098774265316464,8.784289597552377,ok,0.0083179796390959,0.3155457037821434,-0.007925616454734934,0.024561575732926735,0.6443658981703718
Classical Monocytes|Non-classical Monocytes|ICAM1|SPN,46,9,9,0.31098774265316464,8.784289597552377,ok,-0.3257664800687803,0.08440565689278275,-0.6957608721368169,0.04422791199925641,0.3682868549816176
Classical Monocytes|Non-classical Monocytes|HLA-F|LILRB1,56,9,9,0.2652052564251656,9.623039513836233,ok,-0.2085020493938917,0.1258519322372558,-0.4754815711210859,0.0584774723333025,0.43247417363717927
Classical Monocytes|Non-classical Monocytes|ICAM1|IL2RG,46,9,9,0.31098774265316464,8.784289597552377,ok,0.007496938721346302,0.3226445562130842,-0.007359649274188499,0.0223535267168811,0.6520273662913497
Classical Monocytes|Non-classical Monocytes|ICAM1|ITGAL_ITGB2,46,9,9,0.31098774265316464,8.784289597552377,ok,-0.03532276721392111,0.47174989339199636,-0.13152622168234968,0.06088068725450747,0.7479557668762497
Classical Monocytes|Non-classical Monocytes|GNAS|ADCY7,56,9,9,0.2652052564251656,9.623039513836233,ok,-0.17554640655730655,0.1546037936078338,-0.4172570425820037,0.06616422946739056,0.4794446678374297
Classical Monocytes|Non-classical Monocytes|ARF6|SMAP1,55,9,9,0.2652121395138156,9.515356799423158,ok,-0.47425251044133077,2.8365553384182127e-05,-0.6962955177785033,-0.2522095031041582,0.009805700700748144
Classical Monocytes|Non-classical Monocytes|CALM1|PTPRA,51,9,9,0.2912095771009507,9.263569003533423,ok,0.049789224984156166,0.781428725091187,-0.30192243287782516,0.4015008828461375,0.9051879425109698
Classical Monocytes|Non-classical Monocytes|CALR|LRP1,56,9,9,0.2652052564251656,9.623039513836233,ok,0.022451005592049947,0.6390507665382872,-0.07136708753992511,0.11626909872402501,0.8343617206968282
Classical Monocytes|Non-classical Monocytes|ADAM10|NOTCH2,56,9,9,0.2652052564251656,9.623039513836233,ok,-0.0020499907147173272,0.8936194230379605,-0.03209586617664119,0.02799588474720653,0.9529213984798389
Classical Monocytes|Non-classical Monocytes|ADAM10|TSPAN14,56,9,9,0.2652052564251656,9.623039513836233,ok,0.019064894714074174,0.35881619890841554,-0.021656078169674832,0.05978586759782318,0.6870822083517897
Classical Monocytes|Non-classical Monocytes|ADAM15|ITGB1,53,9,9,0.2738932561026068,9.439714837103189,ok,-0.03131296142211465,0.5153620923584417,-0.12565765521143465,0.06303173236720536,0.7711116447603712
Classical Monocytes|Non-classical Monocytes|ADAM17|IL6R,43,9,9,0.35406757421682783,9.17995240868117,ok,0.07312160750249978,0.17079234279722177,-0.031514197525811624,0.17775741253081118,0.504367755028551
CD8 T Cells|B Cells|GNAI2|S1PR4,52,9,9,0.29039744025503694,9.441917334442868,ok,-0.07427083788994715,0.3584162604502581,-0.2327749947906869,0.08423331901079259,0.6870822083517897
Classical Monocytes|NK Cells|PSEN1|CD44,56,9,9,0.2652052564251656,9.623039513836233,ok,-0.2019222497256846,0.20926488743825566,-0.5171211090404438,0.11327660958907462,0.5435754601238971
Classical Monocytes|NK Cells|SELPLG|ITGAM,55,9,9,0.2700378898280395,9.643175285193806,ok,0.017330050245432067,0.5421791771353397,-0.038396128140604335,0.07305622863146846,0.7798009152625566
Classical Monocytes|NK Cells|SIRPA|CD47,55,9,9,0.2676305103880259,9.574016174140935,ok,-0.2040911633581095,0.14256934250728043,-0.47689625219666554,0.06871392548044652,0.4588212265772975
Classical Monocytes|NK Cells|HLA-F|CD8A,42,9,9,0.3589269195189643,8.832879529839039,ok,-0.2373195717938154,0.13442072297360305,-0.5480547820326008,0.07341563844497001,0.44727387219909115
Classical Monocytes|NK Cells|ICAM1|ITGAL_ITGB2,46,9,9,0.31098774265316464,8.784289597552377,ok,-0.00362243107331664,0.957293602884351,-0.13620542558907653,0.12896056344244325,0.9783197748344468
Classical Monocytes|NK Cells|ICAM1|ITGAM_ITGB2,45,9,9,0.3171355836070332,8.766637736458756,ok,0.015017866093710044,0.6555993941014662,-0.05097915842543341,0.0810148906128535,0.8411593233683057
CD8 T Cells|B Cells|SELPLG|ITGB2,56,9,9,0.2652052564251656,9.623039513836233,ok,-0.053403043655437396,0.5442898945609754,-0.2260261169892086,0.1192200296783338,0.7813896822717639
CD8 T Cells|B Cells|SEMA4D|CD72,55,9,9,0.2678382384077918,9.586954275566628,ok,0.029641726914773715,0.6235906643855835,-0.08873750139024839,0.14802095521979583,0.826958593066824
CD8 T Cells|B Cells|TIMP1|CD63,53,9,9,0.27007922265505335,9.429046924854449,ok,0.01775024071870086,0.41134637100222593,-0.02459754440729393,0.060098025844695646,0.7083711386143706
Classical Monocytes|NK Cells|ADAM15|ITGB1,53,9,9,0.2738932561026068,9.439714837103189,ok,0.05887515476943697,0.687801106985637,-0.22828620187049506,0.346036511409369,0.8612458254862083
CD8 T Cells|CD4 T Cells|CD47|SIRPG,54,9,9,0.2666105263157893,9.476047857837969,ok,-0.0263978167541663,0.6552109228283058,-0.14226507014584933,0.08946943663751673,0.8411593233683057
CD8 T Cells|CD4 T Cells|CLEC2D|KLRB1,56,9,9,0.2652052564251656,9.623039513836233,ok,-0.12380382567995374,0.526889263454738,-0.5072831591027673,0.25967550774285986,0.7728168551858351
CD8 T Cells|CD4 T Cells|GNAI2|S1PR4,56,9,9,0.2652052564251656,9.623039513836233,ok,-0.13781121403644392,0.10780607513195728,-0.30577308848689183,0.030150660414003994,0.4031071181583722
CD8 T Cells|CD4 T Cells|HLA-DPA1|CD4,55,9,9,0.2652121395138156,9.515356799423158,ok,0.07254431696717377,0.5908090080540229,-0.1919038093435549,0.33699244327790245,0.8088043412255425
CD8 T Cells|CD4 T Cells|HLA-DPB1|CD4,55,9,9,0.2652121395138156,9.515356799423158,ok,-0.04328165257713498,0.8041853112308952,-0.3854308083198865,0.2988675031656165,0.9158122068269725
CD8 T Cells|CD4 T Cells|HLA-DRB1|CD4,55,9,9,0.2652121395138156,9.515356799423158,ok,0.06950814972535911,0.6172938199443628,-0.20312816958932745,0.3421444690400457,0.8232939899658646
CD8 T Cells|CD4 T Cells|IL16|CD4,55,9,9,0.2652121395138156,9.515356799423158,ok,-0.1319727624183585,0.011258201066606497,-0.23402588194188673,-0.029919642894830303,0.1482011778824471
CD8 T Cells|CD4 T Cells|LRPAP1|SORL1,56,9,9,0.2652052564251656,9.623039513836233,ok,0.005153581199192303,0.3152594566269673,-0.00490453310337259,0.015211695501757196,0.6443658981703718
Classical Monocytes|Classical Monocytes|SIRPA|CD47,55,9,9,0.2676305103880259,9.574016174140935,ok,0.014935373327536028,0.4269266192271127,-0.02191069348941902,0.05178144014449108,0.71309976273323
Classical Monocytes|Classical Monocytes|TIMP2|ITGB1,56,9,9,0.2652052564251656,9.623039513836233,ok,0.02895084231829184,0.7328333353984313,-0.13727476764387558,0.19517645228045927,0.8830312503400716
B Cells|Classical Monocytes|ICAM3|ITGAL,53,9,9,0.2666380964439811,9.417131340974182,ok,-0.27068170912089123,0.0028388461198458103,-0.44843216083907445,-0.092931257402708,0.0703671431834121
B Cells|Classical Monocytes|IL16|CD4,56,9,9,0.2652052564251656,9.623039513836233,ok,-0.2699548157104322,0.03589059666761801,-0.5221283988085346,-0.017781232612329834,0.25160610731817407
B Cells|Classical Monocytes|LGALS1|CD69,52,9,9,0.35304347826086946,10.070643972743477,ok,-0.11883657678580288,0.479872693319631,-0.4485081870481496,0.2108350334765438,0.7534389322336524
B Cells|Classical Monocytes|LGALS1|ITGB1,53,9,9,0.27634961439588684,9.952595415192851,ok,-0.09085448583988617,0.5684011265177806,-0.40303730252651804,0.22132833084674566,0.7978160390279693
B Cells|Classical Monocytes|LRPAP1|LRP1,56,9,9,0.2652052564251656,9.623039513836233,ok,0.00027346545846252106,0.41021920618784524,-0.00037738734608553813,0.0009243182630105803,0.7083711386143706
B Cells|Classical Monocytes|LRPAP1|SORL1,54,9,9,0.28434826371414185,9.57506130310882,ok,-0.013643136164908943,0.5396095437608046,-0.05723606257109289,0.02994979024127501,0.7773833243268445
CD8 T Cells|CD4 T Cells|TIMP1|CD63,55,9,9,0.2652121395138156,9.51535679942316,ok,0.011267874427181872,0.4099333458690527,-0.015533503050185112,0.03806925190454886,0.7083711386143706
Classical Monocytes|Classical Monocytes|RNASE2|TLR2,56,9,9,0.2652052564251656,9.623039513836233,ok,0.1402952982785463,0.41592026973841645,-0.19770979097690827,0.4783003875340009,0.7083711386143706
Classical Monocytes|Classical Monocytes|SELPLG|ITGAM,56,9,9,0.2652052564251656,9.623039513836233,ok,0.03944594986863301,0.7485153997011955,-0.2017057455577955,0.2805976452950615,0.8911808284638658
CD8 T Cells|CD8 T Cells|GNAI2|S1PR4,55,9,9,0.2652121395138156,9.515356799423158,ok,-0.07804518267554944,0.3259952651212432,-0.23378111259388576,0.07769074724278688,0.6559317510643322
Classical Monocytes|Classical Monocytes|LTB|TNFRSF1A,55,9,9,0.2700378898280395,9.643175285193806,ok,-0.03412007422614499,0.6627329890179796,-0.18745079009038412,0.11921064163809414,0.8474074044704814
Classical Monocytes|Classical Monocytes|ICAM1|ITGAL_ITGB2,43,9,9,0.4217608300739865,8.672055330397164,ok,0.004742375227681525,0.4093951841605892,-0.0065247191597669965,0.016009469615130046,0.7083711386143706
Classical Monocytes|Classical Monocytes|ICAM1|ITGAM_ITGB2,46,9,9,0.31098774265316464,8.784289597552377,ok,-0.007543564852737036,0.9195158953989288,-0.15386776443049432,0.13878063472502028,0.9613308633848848
Classical Monocytes|Classical Monocytes|ICAM1|SPN,44,9,9,0.3200885612734954,8.579848724536483,ok,0.00306764046694861,0.5327506453777222,-0.006570613973528693,0.012705894907425913,0.7728420643778361
Classical Monocytes|Classical Monocytes|ICAM3|ITGAL,53,9,9,0.2666380964439811,9.417131340974182,ok,-0.16567951606197412,0.0894053234050827,-0.3568585935021452,0.025499561378196978,0.37265546249345743
CD8 T Cells|CD8 T Cells|LGALS1|ITGB1,53,9,9,0.26914101703681353,9.40561884787259,ok,0.10587256835033554,0.6417931307055773,-0.3401924969028997,0.5519376336035708,0.8344925753872848
Classical Monocytes|Classical Monocytes|CD47|SIRPA,55,9,9,0.2676305103880259,9.574016174140935,ok,0.014935373327536028,0.4269266192271127,-0.02191069348941902,0.05178144014449108,0.71309976273323
Classical Monocytes|Classical Monocytes|GNAS|ADCY7,56,9,9,0.2652052564251656,9.623039513836233,ok,-0.14609402440616753,0.15343741092627136,-0.3466825571586275,0.054494508346292436,0.4786869896913897
Classical Monocytes|Classical Monocytes|ADAM10|NOTCH2,56,9,9,0.2652052564251656,9.623039513836233,ok,0.0017373141522131672,0.4102192061878456,-0.0023975253800122298,0.005872153684438565,0.7083711386143706
Classical Monocytes|Classical Monocytes|ADAM15|ITGB1,53,9,9,0.2738932561026068,9.439714837103189,ok,0.002495865124115516,0.4120162934901931,-0.003467202393565546,0.008458932641796578,0.7083711386143706
Classical Monocytes|Classical Monocytes|ADAM17|ITGB1,56,9,9,0.2652052564251656,9.623039513836233,ok,0.050046932716736686,0.6657580300287387,-0.17702569970196486,0.27711956513543823,0.8482633604432159
Classical Monocytes|Classical Monocytes|CALR|LRP1,56,9,9,0.2652052564251656,9.623039513836233,ok,0.004875804241155558,0.9462428935088817,-0.13685673333327247,0.14660834181558358,0.9727254999500408
Classical Monocytes|Classical Monocytes|CD1D|LILRB2,52,9,9,0.29747773103471326,9.247417263422692,ok,-0.13471248002302355,0.0966014471964301,-0.2936185322596777,0.024193572213630582,0.38452090072030215
Classical Monocytes|CD8 T Cells|SIRPA|CD47,55,9,9,0.2676305103880259,9.574016174140935,ok,-0.04578502362441357,0.4442527601581501,-0.16308345112924372,0.07151340388041659,0.7279247054630729
Classical Monocytes|CD8 T Cells|TGFB1|ITGB1,52,9,9,0.2735929132521567,9.420201571662679,ok,0.034726531146797635,0.8257565452717001,-0.27444279709883646,0.3438958593924317,0.9245429687378013
Classical Monocytes|CD8 T Cells|TIMP2|ITGB1,53,9,9,0.26914101703681353,9.40561884787259,ok,0.03394806659198393,0.7797226046151635,-0.20395545835883208,0.2718515915427999,0.9051879425109698
CD8 T Cells|CD8 T Cells|LRPAP1|SORL1,55,9,9,0.2666039693864313,9.583508814534738,ok,0.006767569726030206,0.3992758383824553,-0.008968523278704333,0.022503662730764745,0.7083711386143706
CD8 T Cells|CD8 T Cells|TIMP1|CD63,55,9,9,0.2652121395138156,9.51535679942316,ok,-0.022433276572300084,0.6871252943282244,-0.13160124008421706,0.08673468693961689,0.8612458254862083
Classical Monocytes|CD8 T Cells|ICAM1|SPN,46,9,9,0.31098774265316464,8.784289597552377,ok,0.018952138566527076,0.3072288244858784,-0.01742743259721185,0.055331709730266,0.6368711397260647
B Cells|Classical Monocytes|GNAI2|ADCY7,54,9,9,0.2652410806279798,9.419311445751198,ok,2.6240042592282423e-05,0.9965994861234666,-0.012040968605724836,0.0120934486909094,0.9991724624215478
B Cells|Classical Monocytes|GNAS|ADCY7,56,9,9,0.2652052564251656,9.623039513836233,ok,-0.06530792940947197,0.44568711053653476,-0.2331508414128299,0.10253498259388596,0.728974115799103
B Cells|Classical Monocytes|GRN|TNFRSF1A,54,9,9,0.2722967189728961,9.47913130505771,ok,-0.027708906154912526,0.7362013759935082,-0.1889152049335741,0.13349739262374904,0.8832813968607557
CD8 T Cells|Classical Monocytes|ANXA2|TLR2,54,9,9,0.2666309943888469,9.490398138246281,ok,-0.032159369681787134,0.760708247657239,-0.2391238334563463,0.174805094092772,0.8973253591773691
CD8 T Cells|Classical Monocytes|CD47|SIRPA,55,9,9,0.2676305103880259,9.574016174140935,ok,-0.04578502362441357,0.4442527601581501,-0.16308345112924372,0.07151340388041659,0.7279247054630729
CD8 T Cells|Classical Monocytes|GNAI2|ADCY7,56,9,9,0.2652052564251656,9.623039513836233,ok,0.0025962886071510365,0.4573653478576567,-0.004250705241265438,0.009443282455567512,0.7364625159007188
Classical Monocytes|CD8 T Cells|ADAM15|ITGB1,50,9,9,0.2848427458526379,9.217094270247358,ok,0.04223633518106563,0.2883692422412535,-0.03573412688522493,0.1202067972473562,0.6258477924916861
Classical Monocytes|CD8 T Cells|ADAM17|ITGB1,53,9,9,0.26914101703681353,9.40561884787259,ok,0.04266930566023244,0.7328303455485319,-0.20232007158845214,0.28765868290891705,0.8830312503400716
CD8 T Cells|Classical Monocytes|GNAS|ADCY7,56,9,9,0.2652052564251656,9.623039513836233,ok,-0.15295004673357185,0.034993960315386985,-0.2951301653299068,-0.010769928137236873,0.25008577478935473
CD8 T Cells|Classical Monocytes|HLA-DPA1|CD4,56,9,9,0.2652052564251656,9.623039513836233,ok,0.10113330239957409,0.6460646356822222,-0.33049137633945946,0.5327579811386076,0.8367596448802543
CD8 T Cells|Classical Monocytes|HLA-DRB1|CD4,56,9,9,0.2652052564251656,9.623039513836233,ok,0.10515583778570287,0.6355471239705645,-0.3297185266476206,0.5400302022190263,0.8343617206968282
Classical Monocytes|CD4 T Cells|SIRPA|CD47,55,9,9,0.2676305103880259,9.574016174140935,ok,-0.1645918993000489,0.01995138593071687,-0.30320729958100956,-0.02597649901908819,0.19289099260817555
Classical Monocytes|CD4 T Cells|ICAM1|SPN,43,9,9,0.3266379722620755,8.627183696805723,ok,0.0016539508199014616,0.5071104668483841,-0.003232933810631674,0.006540835450434597,0.7662564122936025
CD8 T Cells|Classical Monocytes|ICAM2|ITGAM_ITGB2,49,9,9,0.2715084570245081,9.085393195092884,ok,-0.009716358186556806,0.9121002132115342,-0.18222963223698474,0.16279691586387113,0.9597046428841838
CD8 T Cells|Classical Monocytes|LGALS1|ITGB1,56,9,9,0.2652052564251656,9.623039513836233,ok,0.10339524035935699,0.6055394012705743,-0.2889961343228987,0.4957866150416127,0.8188663987001962
Classical Monocytes|CD4 T Cells|HLA-DMB|CD4,55,9,9,0.2652121395138156,9.515356799423158,ok,-0.22608679690786332,0.0011798229375056177,-0.3626962600278633,-0.08947733378786332,0.04506536794078835
Classical Monocytes|CD4 T Cells|ADAM15|ITGB1,53,9,9,0.2738932561026068,9.439714837103189,ok,-0.09052216691741578,0.5224462962639582,-0.36792365894080614,0.1868793251059746,0.7728168551858351
Classical Monocytes|CD4 T Cells|CD47|SIRPG,54,9,9,0.2666105263157893,9.476047857837969,ok,0.028478699311924753,0.18427989077271578,-0.013562095291536715,0.07051949391538623,0.5129894211474645
Classical Monocytes|CD4 T Cells|CD86|CD28,53,9,9,0.3217673552575297,9.725514375314571,ok,-0.008036016856679963,0.7077069042930282,-0.050043821059299234,0.03397178734593931,0.8719806182622135
Classical Monocytes|B Cells|PSEN1|CD44,56,9,9,0.2652052564251656,9.623039513836233,ok,-0.3410608483408829,0.015756136863763814,-0.6179142703900364,-0.06420742629172943,0.17649903313735427
Classical Monocytes|B Cells|SIRPA|CD47,55,9,9,0.2676305103880259,9.574016174140935,ok,-0.027073014178298493,0.7534055123426594,-0.19597887485300128,0.1418328464964043,0.8942612550985208
B Cells|Classical Monocytes|CD47|SIRPA,55,9,9,0.2676305103880259,9.574016174140935,ok,-0.027073014178298493,0.7534055123426594,-0.19597887485300128,0.1418328464964043,0.8942612550985208
B Cells|Classical Monocytes|CD99|PILRA,56,9,9,0.2652052564251656,9.623039513836233,ok,-0.22940341813384965,0.07657170425165462,-0.48329344347297676,0.024486607205277428,0.3568241418127105
CD8 T Cells|Classical Monocytes|LRPAP1|LRP1,56,9,9,0.2652052564251656,9.623039513836233,ok,0.007467529255065424,0.23007586106105127,-0.004727549839483416,0.019662608349614266,0.5666773322116802
CD8 T Cells|Classical Monocytes|LRPAP1|SORL1,54,9,9,0.28434826371414185,9.57506130310882,ok,-0.0046389714713041125,0.8221804331175195,-0.045095317428488615,0.03581737448588039,0.9225921676209943
CD8 T Cells|Classical Monocytes|MFNG|NOTCH2,56,9,9,0.2652052564251656,9.623039513836233,ok,-0.13541124161434004,0.016836213353474752,-0.2464454327735312,-0.02437705045514886,0.17979345582398149
CD8 T Cells|Classical Monocytes|PTPN6|CD300LF,51,9,9,0.28883562735619894,9.320387099221566,ok,0.012321024159448841,0.24885378429783012,-0.008620758635392795,0.03326280695429048,0.5947092636000022
Classical Monocytes|B Cells|HBEGF|CD82,48,9,9,0.40601644022655914,8.99503798409403,ok,-0.013558692219994992,0.8949718280165563,-0.21485699855207807,0.18773961411208806,0.9530550088110494
Classical Monocytes|B Cells|ADAM10|CD44,56,9,9,0.2652052564251656,9.623039513836233,ok,-0.22459068810855637,0.0792396584034874,-0.4753945888746469,0.02621321265753418,0.361400638593389
Classical Monocytes|B Cells|ADAM17|RHBDF2,56,9,9,0.2652052564251656,9.623039513836233,ok,0.008273295170861755,0.9303925821167548,-0.17736139510700205,0.19390798544872556,0.9673425775689597
Classical Monocytes|B Cells|CD99|CD81,51,9,9,0.27373698205185,9.349343086885044,ok,-0.2714883174286317,0.053888637371493436,-0.5475161555304076,0.004539520673144171,0.30774638498916596
B Cells|CD8 T Cells|LGALS1|ITGB1,51,9,9,0.2763496143958865,9.793047984022579,ok,-0.019409985987071283,0.9131423398596259,-0.36818451338608627,0.3293645414119437,0.9597046428841838
CD8 T Cells|Classical Monocytes|SELPLG|ITGAM,56,9,9,0.2652052564251656,9.623039513836233,ok,0.04156415832780026,0.601172780249526,-0.11428423731509622,0.19741255397069674,0.8165230501542927
B Cells|CD8 T Cells|CD72|CD5,52,9,9,0.2678636557839999,9.262952264255265,ok,0.10777786203331927,0.03225677906950802,0.00912321042133038,0.20643251364530815,0.24335020817555308
B Cells|CD8 T Cells|FAM3C|CLEC2D,56,9,9,0.2652052564251656,9.623039513836233,ok,0.10182605314654788,0.19370626919091505,-0.051729765917391674,0.25538187221048747,0.5241993115154844
B Cells|CD8 T Cells|GNAI2|S1PR4,53,9,9,0.26525126147127415,9.315479434938824,ok,-0.09763838368097506,0.17336792501398834,-0.23819889903318436,0.04292213167123425,0.5069333090514706
B Cells|CD8 T Cells|ADAM28|ITGA4,56,9,9,0.2652052564251656,9.623039513836233,ok,-0.018090567428563256,0.8982703565842405,-0.29542962465181594,0.25924848979468945,0.9546018393114759
CD8 T Cells|Non-classical Monocytes|SELPLG|SELL,56,9,9,0.2652052564251656,9.623039513836233,ok,0.17581082212238983,0.24302582907006554,-0.11934596231733399,0.47096760656211367,0.5859629418819288
CD8 T Cells|Non-classical Monocytes|LRPAP1|LRP1,56,9,9,0.2652052564251656,9.623039513836233,ok,0.012488057838349387,0.2360218666598033,-0.00816711050863983,0.0331432261853386,0.5779756416029214
CD8 T Cells|Non-classical Monocytes|LRPAP1|SORL1,51,9,9,0.2693777594220266,9.226288918579796,ok,0.002413863867239317,0.40883953313183985,-0.003314276707245847,0.008142004441724481,0.7083711386143706
CD8 T Cells|Non-classical Monocytes|PTPN6|CD300LF,56,9,9,0.2652052564251656,9.623039513836233,ok,-0.09734119510407388,0.16385214429991768,-0.23437671183875303,0.03969432163060527,0.4951692557961196
CD8 T Cells|Non-classical Monocytes|ICAM2|ITGAL_ITGB2,49,9,9,0.2715084570245081,9.085393195092884,ok,-0.03052211369881657,0.4248258539156089,-0.105480105922279,0.04443587852464586,0.7125820163319281
B Cells|CD4 T Cells|IL16|CD4,55,9,9,0.2652121395138156,9.515356799423158,ok,-0.0839602285498288,0.24230265310476196,-0.22469910413468097,0.056778647035023375,0.5850416391026895
B Cells|CD4 T Cells|LGALS1|ITGB1,53,9,9,0.27634961439588684,9.952595415192851,ok,-0.05716903037693849,0.6923416979413117,-0.3403510603543971,0.22601299960052013,0.8626503509108322
CD8 T Cells|Non-classical Monocytes|GNAI2|ADCY7,56,9,9,0.2652052564251656,9.623039513836233,ok,-0.016975104540684235,0.49087229067185834,-0.06526879913832315,0.03131859005695467,0.7579560934833545
CD8 T Cells|Non-classical Monocytes|GNAI2|S1PR4,56,9,9,0.2652052564251656,9.623039513836233,ok,-0.20279010168788472,0.004615530031010107,-0.34310144885635774,-0.06247875451941173,0.09191611087396197
CD8 T Cells|Non-classical Monocytes|GNAS|ADCY7,56,9,9,0.2652052564251656,9.623039513836233,ok,-0.22334112075139853,0.02420644676425698,-0.41756129842361056,-0.02912094307918653,0.21250436870894354
CD8 T Cells|Non-classical Monocytes|ANXA2|TLR2,54,9,9,0.2666309943888469,9.490398138246281,ok,0.01752803637274803,0.7977800571684687,-0.11655268392676693,0.15160875667226298,0.9113027871251267
CD8 T Cells|Non-classical Monocytes|ARF6|SMAP1,55,9,9,0.2652121395138156,9.515356799423158,ok,-0.3069942466582346,0.007443702539170865,-0.5318175761558156,-0.08217091716065358,0.11562551277512077
CD8 T Cells|NK Cells|SELPLG|ITGAM,55,9,9,0.2700378898280395,9.643175285193806,ok,0.013263024259878232,0.308092188153245,-0.012241487913179822,0.03876753643293629,0.637132342269748
CD8 T Cells|NK Cells|LRPAP1|SORL1,55,9,9,0.2666039693864313,9.583508814534738,ok,0.005858405688831124,0.8861141439369634,-0.07431218212674302,0.08602899350440528,0.9500315390154928
CD8 T Cells|NK Cells|HLA-F|CD8A,42,9,9,0.3589269195189643,8.832879529839039,ok,-0.147976324280204,0.2524917683239495,-0.401427076938781,0.10547442837837304,0.5978688454156168
B Cells|CD4 T Cells|CD47|SIRPG,54,9,9,0.2666105263157893,9.476047857837969,ok,0.004548438788362969,0.9264742016517364,-0.09205547135996399,0.10115234893668994,0.9654225804331601
B Cells|CD4 T Cells|FAM3C|CLEC2D,56,9,9,0.2652052564251656,9.623039513836233,ok,0.14479159099048294,0.009655997927918861,0.03513313497090276,0.25445004701006313,0.13472140821587394
B Cells|CD4 T Cells|GNAI2|S1PR4,54,9,9,0.2652410806279798,9.419311445751198,ok,-0.12646887416875746,0.09964092503920828,-0.27700628640224284,0.024068538064727918,0.38887777001400087
B Cells|CD4 T Cells|HLA-DOB|CD4,55,9,9,0.2652121395138156,9.515356799423158,ok,-0.13382229638487936,0.11140750422596024,-0.29858586331875725,0.030941270548998534,0.40540320105144656
CD8 T Cells|NK Cells|BAG6|NCR3,46,9,9,0.34210526315789436,11.032608295100468,ok,-0.059159459651298485,0.34137796655261643,-0.18102701470303664,0.06270809540043967,0.669213982567725
CD8 T Cells|NK Cells|GNAI2|S1PR4,54,9,9,0.2652215302843992,9.411986138867212,ok,-0.09992486860504333,0.3026356054668097,-0.289922485518054,0.09007274830796731,0.6338419579885247
CD8 T Cells|NK Cells|GNAI2|S1PR5,56,9,9,0.2652052564251656,9.623039513836233,ok,-0.1028363929155025,0.3635248035395672,-0.3246504940693562,0.11897770823835116,0.6880688797886233
B Cells|B Cells|CD99|CD81,51,9,9,0.27373698205185,9.349343086885044,ok,-0.08932601603627348,0.3062923755669098,-0.2604601067295728,0.08180807465702584,0.6368711397260647
pDCs|B Cells|APP|CD74,44,9,9,0.28913043478260875,9.706135940968734,ok,-0.00029592471483790017,0.43101368050520494,-0.001032473998503113,0.00044062456882731254,0.715708283491002
pDCs|pDCs|APP|CD74,44,9,9,0.28913043478260875,9.706135940968734,ok,-0.0023092716441714956,0.42149248496392944,-0.00793989399317283,0.0033213507048298393,0.7100241771048823
pDCs|NK Cells|B2M|KLRD1,44,9,9,0.28913043478260875,9.706135940968734,ok,0.0003969600747901793,0.36482007871967337,-0.00046158257485647415,0.0012555027244368327,0.6880688797886233
pDCs|B Cells|MIF|CD74_CXCR4,44,9,9,0.28913043478260875,9.706135940968734,ok,0.005903417014683762,0.19513292251665748,-0.0030275743174456877,0.014834408346813212,0.5256181612298404
Classical Monocytes|pDCs|S100A9|CD68,44,9,9,0.28913043478260875,9.706135940968734,ok,-0.002764952624655294,0.4084664759043556,-0.00932101154548787,0.003791106296177282,0.7083711386143706
Classical Monocytes|pDCs|S100A8|CD68,44,9,9,0.28913043478260875,9.706135940968734,ok,-0.0033524164541821784,0.40871352700439034,-0.011305619462301738,0.004600786553937381,0.7083711386143706
pDCs|Non-classical Monocytes|APP|CD74,44,9,9,0.28913043478260875,9.706135940968734,ok,-0.0012276534941687428,0.404725685744309,-0.0041154650530778065,0.0016601580647403209,0.7083711386143706
pDCs|CD8 T Cells|HLA-B|CD3D,44,9,9,0.28913043478260875,9.706135940968734,ok,-2.6218770284178183e-05,0.1351432240273618,-6.061206498017003e-05,8.174524411813663e-06,0.4479142417976572
pDCs|CD4 T Cells|HLA-B|CD3D,44,9,9,0.28913043478260875,9.706135940968734,ok,-3.465719627514241e-05,0.19275996217915325,-8.681002661601434e-05,1.749563406572952e-05,0.5241993115154844
pDCs|pDCs|MIF|CD74_CXCR4,44,9,9,0.28913043478260875,9.706135940968734,ok,0.013858948512061972,0.4726644287540118,-0.023964649560224413,0.05168254658434836,0.7486798905485027
pDCs|NK Cells|HLA-B|KLRD1,44,9,9,0.28913043478260875,9.706135940968734,ok,0.0005346118332614051,0.5230050749105466,-0.0011058877235146213,0.0021751113900374316,0.7728168551858351
pDCs|CD8 T Cells|HLA-B|CD8B,44,9,9,0.28913043478260875,9.706135940968734,ok,-0.00045648995998012407,0.005033281685651629,-0.0007754693018926364,-0.00013751061806761172,0.09738847573824623
pDCs|Classical Monocytes|APP|CD74,44,9,9,0.28913043478260875,9.706135940968734,ok,-0.004414054432362112,0.3377348898654797,-0.01343860358085944,0.004610494716135217,0.665754901342274
pDCs|B Cells|HMGB1|CXCR4,44,9,9,0.28913043478260875,9.706135940968734,ok,-0.00034227340922539026,0.5738411275751771,-0.0015350887846840129,0.0008505419662332323,0.798636221385052
Classical Monocytes|pDCs|S100A9|CD36,43,9,9,0.29376611939359637,9.618877441413503,ok,0.00747541738311569,0.5336922238557675,-0.016065756569127232,0.031016591335358612,0.7728420643778361
pDCs|Non-classical Monocytes|HLA-B|LILRB2,44,9,9,0.28913043478260875,9.706135940968734,ok,-0.0016076695024530435,0.021427004524881447,-0.0029774352242768606,-0.00023790378062922665,0.20212518438450922
Classical Monocytes|pDCs|S100A8|CD36,43,9,9,0.29376611939359637,9.618877441413503,ok,0.006479632948461898,0.5932903719755349,-0.017299559453885616,0.030258825350809412,0.8105044797338006
B Cells|pDCs|HLA-DRA|CD4,43,9,9,0.2897225725094581,9.593551893743244,ok,-0.001473256473632483,0.2553974829033463,-0.004012108135387347,0.0010655951881223804,0.6014984391174095
pDCs|CD8 T Cells|HLA-B|CD8A,44,9,9,0.28913043478260875,9.706135940968734,ok,-0.0011474254102089958,0.07612142589245195,-0.002415384290979632,0.00012053347056164036,0.35615044644460453
NK Cells|pDCs|HMGB1|CXCR4,44,9,9,0.28913043478260875,9.706135940968734,ok,0.0006556124137615041,0.8543352174223435,-0.006343557962775979,0.0076547827902989874,0.9354499745011354
pDCs|Non-classical Monocytes|RPS19|C5AR1,44,9,9,0.28913043478260875,9.706135940968734,ok,-0.0016356840038022104,0.19107330989250348,-0.004087768922243705,0.0008164009146392841,0.5241993115154844
pDCs|Classical Monocytes|MIF|CD44_CD74,44,9,9,0.28913043478260875,9.706135940968734,ok,0.0010805105060732439,0.9459318944872271,-0.030147420117298318,0.0323084411294448,0.9727254999500408
CD4 T Cells|pDCs|MIF|CD74_CXCR4,44,9,9,0.28913043478260875,9.706135940968734,ok,0.007137618955364813,0.6587915452312763,-0.024542723088406583,0.03881796099913621,0.8433979672466339
pDCs|CD8 T Cells|HLA-C|CD8B,44,9,9,0.28913043478260875,9.706135940968734,ok,-0.0022289133302179943,0.15452660908415047,-0.0052973396845308,0.0008395130240948108,0.4794446678374297
pDCs|pDCs|HLA-DRA|CD4,43,9,9,0.2897225725094581,9.593551893743244,ok,-0.0023331883318009877,0.3569573718267055,-0.007297444814993343,0.0026310681513913676,0.686879157181563
pDCs|CD8 T Cells|HLA-A|CD8B,44,9,9,0.28913043478260875,9.706135940968734,ok,-0.003476630732878218,0.14416551615448986,-0.00814235385625442,0.0011890923904979839,0.46204353870696196
NK Cells|pDCs|MIF|CD74_CXCR4,44,9,9,0.28913043478260875,9.706135940968734,ok,0.014188754164980884,0.4893118239662507,-0.026032962308364566,0.05441047063832634,0.7579560934833545
pDCs|pDCs|HMGB1|CXCR4,44,9,9,0.28913043478260875,9.706135940968734,ok,0.00029529906385806354,0.9207580282749782,-0.005522773339425142,0.0061133714671412695,0.9613723837372602
pDCs|Classical Monocytes|VIM|CD44,44,9,9,0.28913043478260875,9.706135940968734,ok,-0.001337640799320177,0.3781160677384354,-0.004312236512598501,0.001636954913958146,0.6971371033160949
pDCs|CD8 T Cells|MIF|CD74_CXCR4,44,9,9,0.28913043478260875,9.706135940968734,ok,0.012895028218331349,0.6847362788265876,-0.049354369117384125,0.07514442555404682,0.8607505571985732
Non-classical Monocytes|pDCs|HLA-DRA|CD4,43,9,9,0.2897225725094581,9.593551893743244,ok,-0.0018487037364759464,0.3677010154862398,-0.005871173493738993,0.0021737660207871,0.6894439803438388
CD8 T Cells|pDCs|MIF|CD74_CXCR4,44,9,9,0.28913043478260875,9.706135940968734,ok,0.01768170929210202,0.4212070104809206,-0.025404533596011657,0.0607679521802157,0.7100241771048823
pDCs|CD8 T Cells|HMGB1|CXCR4,44,9,9,0.28913043478260875,9.706135940968734,ok,-0.0006262103270424819,0.6421021347723004,-0.0032670255003486156,0.0020146048462636517,0.8344925753872848
B Cells|pDCs|HLA-DRB1|CD4,43,9,9,0.2897225725094581,9.593551893743244,ok,-0.002700728780604289,0.38240520425081537,-0.008760824389417814,0.0033593668282092372,0.6977322834020359
pDCs|NK Cells|MIF|CD74_CXCR4,44,9,9,0.28913043478260875,9.706135940968734,ok,0.02687933755921136,0.41886013191328897,-0.038289525163508864,0.09204820028193159,0.7090262873524671
pDCs|CD4 T Cells|MIF|CD74_CXCR4,44,9,9,0.28913043478260875,9.706135940968734,ok,0.027152004372167245,0.6067923438534482,-0.0762506387047075,0.130554647449042,0.8200847802659711
B Cells|pDCs|MIF|CD74_CXCR4,44,9,9,0.28913043478260875,9.706135940968734,ok,0.012964235022008986,0.6008881246713518,-0.03560827336047685,0.06153674340449483,0.8165230501542927
pDCs|CD4 T Cells|HMGB1|CXCR4,44,9,9,0.28913043478260875,9.706135940968734,ok,-0.001015815052874864,0.5207263684133703,-0.004115908339525493,0.0020842782337757654,0.7728168551858351
Non-classical Monocytes|pDCs|S100A9|CD68,44,9,9,0.28913043478260875,9.706135940968734,ok,-0.010326642245309686,0.23943635995033508,-0.02753159155787023,0.006878307067250858,0.5814143458829009
CD4 T Cells|pDCs|HMGB1|CXCR4,44,9,9,0.28913043478260875,9.706135940968734,ok,-0.0012635802502537884,0.837950205246104,-0.01337300185099752,0.010845841350489943,0.927691932945988
pDCs|Non-classical Monocytes|MIF|CD44_CD74,44,9,9,0.28913043478260875,9.706135940968734,ok,-0.003488950203894921,0.905541110580397,-0.06111539244264551,0.05413749203485567,0.9586146241037369
CD8 T Cells|pDCs|HMGB1|CXCR4,44,9,9,0.28913043478260875,9.706135940968734,ok,-0.0016663842532866294,0.7882911486833641,-0.013829082545351567,0.010496314038778308,0.9072315159762925
B Cells|pDCs|HMGB1|CXCR4,44,9,9,0.28913043478260875,9.706135940968734,ok,-0.005111888786807579,0.44187956187381927,-0.018140258330974376,0.007916480757359217,0.7260785466614943
pDCs|NK Cells|APP|CD74,44,9,9,0.28913043478260875,9.706135940968734,ok,-0.006192395431713677,0.4376667916546605,-0.021829889057016987,0.009445098193589631,0.7212175654008617
pDCs|Classical Monocytes|RPS19|C5AR1,44,9,9,0.28913043478260875,9.706135940968734,ok,-0.003034681581354042,0.06946702054285057,-0.006311074596441948,0.00024171143373386385,0.34145663857385705
Non-classical Monocytes|pDCs|HLA-DRB1|CD4,43,9,9,0.2897225725094581,9.593551893743244,ok,-0.0030252302234835896,0.4190254067314795,-0.010362496983675747,0.004312036536708567,0.7090262873524671
Classical Monocytes|pDCs|HMGB1|CXCR4,44,9,9,0.28913043478260875,9.706135940968734,ok,-0.004087313639130421,0.6264393887463136,-0.020545613912679936,0.012370986634419094,0.8278304065267715
pDCs|Non-classical Monocytes|VIM|CD44,44,9,9,0.28913043478260875,9.706135940968734,ok,-0.0029219443893154853,0.15917919225537003,-0.00698981852388838,0.0011459297452574091,0.4873686175492932
pDCs|Non-classical Monocytes|HLA-C|LILRB2,44,9,9,0.28913043478260875,9.706135940968734,ok,-0.002561830525875112,0.5000597912086815,-0.010007156386909022,0.004883495335158797,0.7641288733220002
NK Cells|pDCs|TGFB1|CXCR4,44,9,9,0.28913043478260875,9.706135940968734,ok,0.037474618633697845,0.41335990613681206,-0.05231673882205923,0.12726597608945492,0.7083711386143706
Non-classical Monocytes|pDCs|HMGB1|CXCR4,44,9,9,0.28913043478260875,9.706135940968734,ok,0.0018181998412386685,0.7952457326200383,-0.011914129504045256,0.015550529186522593,0.9105270550391593
Classical Monocytes|pDCs|S100A9|ITGB2,44,9,9,0.28913043478260875,9.706135940968734,ok,-0.00039055335434732066,0.5912889932901684,-0.001816092701935849,0.0010349859932412076,0.808986115305985
pDCs|Non-classical Monocytes|HLA-DRA|CD4,44,9,9,0.28913043478260875,9.706135940968734,ok,-0.004681932504555671,0.06770802405702649,-0.009704753977868241,0.0003408889687568986,0.33991748672016187
pDCs|Non-classical Monocytes|HLA-A|LILRB2,44,9,9,0.28913043478260875,9.706135940968734,ok,-0.004437340758372689,0.193639777770788,-0.011127945069185533,0.0022532635524401537,0.5241993115154844
Non-classical Monocytes|pDCs|MIF|CD74_CXCR4,44,9,9,0.28913043478260875,9.706135940968734,ok,0.012162090213774634,0.6009574059311563,-0.033413732766215135,0.057737913193764395,0.8165230501542927
Classical Monocytes|pDCs|S100A8|ITGB2,44,9,9,0.28913043478260875,9.706135940968734,ok,-0.0007157876605450308,0.4454474586072461,-0.002554410073021901,0.0011228347519318396,0.728974115799103
pDCs|CD8 T Cells|HLA-C|CD8A,44,9,9,0.28913043478260875,9.706135940968734,ok,-0.0020347034549917133,0.5011902902834184,-0.007963692807205304,0.0038942858972218783,0.7641417672695997
Classical Monocytes|pDCs|VCAN|SELL,44,9,9,0.28913043478260875,9.706135940968734,ok,-0.003596159005040723,0.10388542265780688,-0.00793012775965413,0.0007378097495726833,0.3974598272457965
pDCs|CD8 T Cells|HLA-A|CD8A,44,9,9,0.28913043478260875,9.706135940968734,ok,-0.00380931599259339,0.25961264851843624,-0.010432286740310538,0.0028136547551237574,0.6069377997982784
pDCs|pDCs|HLA-DRB1|CD4,43,9,9,0.2897225725094581,9.593551893743244,ok,-0.005744236454460195,0.4241735767037903,-0.019831417763343035,0.008342944854422645,0.7125820163319281
pDCs|B Cells|LGALS1|CD69,44,9,9,0.28913043478260875,9.706135940968734,ok,0.00721266407342783,0.20882460172189765,-0.004035359750098718,0.01846068789695438,0.5430371897455597
pDCs|Classical Monocytes|HLA-A|APLP2,44,9,9,0.28913043478260875,9.706135940968734,ok,-0.001559568093661954,0.4376831062132268,-0.005498044685413485,0.0023789084980895773,0.7212175654008617
pDCs|CD4 T Cells|MIF|CD44_CD74,44,9,9,0.28913043478260875,9.706135940968734,ok,0.01529718207508456,0.7746121927239874,-0.08940760814139437,0.12000197229156348,0.9028746418443675
pDCs|Non-classical Monocytes|GRN|TNFRSF1B,44,9,9,0.28913043478260875,9.706135940968734,ok,-0.03607585855046366,0.0652698099624625,-0.0744327902278608,0.002281073126933472,0.3363160621068496
pDCs|Non-classical Monocytes|MIF|CD74_CXCR4,44,9,9,0.28913043478260875,9.706135940968734,ok,0.06837636304057948,0.3151095826418807,-0.06503073561824424,0.2017834616994032,0.6443658981703718
Classical Monocytes|pDCs|LGALS1|PTPRC,44,9,9,0.28913043478260875,9.706135940968734,ok,-0.002876584363017064,0.3819737090973542,-0.009325428633018228,0.0035722599069841,0.697491177270247
pDCs|Classical Monocytes|MIF|CD74_CXCR4,44,9,9,0.28913043478260875,9.706135940968734,ok,0.15444548317661363,0.29077766212110645,-0.1320962272601753,0.44098719361340255,0.6279072777962725
B Cells|pDCs|HLA-DQB1|CD4,43,9,9,0.2897225725094581,9.593551893743244,ok,-0.005730784905746517,0.5170950213579552,-0.023068875168410476,0.011607305356917444,0.7713389243047601
Classical Monocytes|pDCs|MIF|CD74_CXCR4,44,9,9,0.28913043478260875,9.706135940968734,ok,0.02700695838392419,0.5328331201283231,-0.05786359419095256,0.11187751095880094,0.7728420643778361
Non-classical Monocytes|pDCs|S100A8|CD68,44,9,9,0.28913043478260875,9.706135940968734,ok,-0.03111393919690742,0.1395571754025114,-0.07238946626166573,0.010161587867850888,0.45669693635934205
pDCs|CD8 T Cells|MIF|CD44_CD74,44,9,9,0.28913043478260875,9.706135940968734,ok,0.06900277344215891,0.2885234824893501,-0.05842067634470652,0.19642622322902434,0.6258477924916861
pDCs|CD4 T Cells|VIM|CD44,44,9,9,0.28913043478260875,9.706135940968734,ok,-0.0014234339450747875,0.5314220037572028,-0.005881272393726232,0.003034404503576657,0.7728420643778361
Classical Monocytes|pDCs|HLA-DRA|CD4,43,9,9,0.2897225725094581,9.593551893743244,ok,-0.009564901860105078,0.14089439563928716,-0.022296490084203223,0.003166686363993065,0.4578576594693711
B Cells|pDCs|HLA-DPB1|CD4,43,9,9,0.2897225725094581,9.593551893743244,ok,-0.002994770722250021,0.307008294450716,-0.008740761648341608,0.0027512202038415656,0.6368711397260647
Classical Monocytes|pDCs|TGFB1|CXCR4,43,9,9,0.289841986455982,9.684523436133684,ok,0.03405977410547456,0.4785463394922963,-0.06014277252876976,0.12826232073971888,0.7528784409298113
B Cells|pDCs|HLA-DPA1|CD4,43,9,9,0.2897225725094581,9.593551893743244,ok,-0.003760129175201887,0.35887512770992624,-0.01179242608568871,0.004272167735284936,0.6870822083517897
pDCs|Non-classical Monocytes|HLA-B|LILRB1,44,9,9,0.28913043478260875,9.706135940968734,ok,-0.03252936044516651,0.0965920156489542,-0.07089971794404826,0.005840997053715241,0.38452090072030215
Non-classical Monocytes|pDCs|TGFB1|CXCR4,44,9,9,0.28913043478260875,9.706135940968734,ok,0.09831702274195929,0.18297000659766394,-0.046387310992879974,0.24302135647679857,0.5126408939410381
pDCs|Non-classical Monocytes|HLA-DRB1|CD4,44,9,9,0.28913043478260875,9.706135940968734,ok,-0.017554651909291924,0.17404705494014905,-0.04286630259225162,0.00775699877366777,0.5069333090514706
Classical Monocytes|pDCs|TNFSF13B|HLA-DPB1,44,9,9,0.28913043478260875,9.706135940968734,ok,-0.005882190332762209,0.14578347512028425,-0.013808066688381169,0.0020436860228567506,0.4627731567169786
pDCs|B Cells|COPA|CD74,43,9,9,0.29496836396504955,10.466128767290163,ok,0.016304456946443335,0.18823109152430562,-0.007981466945462139,0.04059038083834881,0.5212889547552362
Non-classical Monocytes|pDCs|LGALS1|PTPRC,44,9,9,0.28913043478260875,9.706135940968734,ok,-0.0039064418466934776,0.2775640811686658,-0.010957861136978813,0.0031449774435918587,0.6150736341545753
pDCs|Classical Monocytes|HLA-DRA|CD4,44,9,9,0.28913043478260875,9.706135940968734,ok,-0.010404727065457885,0.112099869816872,-0.02323992803458684,0.0024304739036710692,0.4055787215424096
pDCs|CD8 T Cells|VIM|CD44,44,9,9,0.28913043478260875,9.706135940968734,ok,-0.0018334359559885657,0.5601272964090247,-0.008000866484744264,0.004333994572767132,0.7927272286892795
pDCs|Non-classical Monocytes|HLA-A|APLP2,44,9,9,0.28913043478260875,9.706135940968734,ok,-0.0027758656037264254,0.5132867575921425,-0.011098275989220419,0.005546544781767568,0.7705915883954202
pDCs|pDCs|COPA|CD74,43,9,9,0.29496836396504955,10.466128767290163,ok,0.023283872725084084,0.23750840774105297,-0.015349809224862686,0.06191755467503085,0.5794707749074904
pDCs|CD8 T Cells|APP|CD74,44,9,9,0.28913043478260875,9.706135940968734,ok,-0.011880971503464396,0.4093108997023591,-0.04010310381023507,0.016341160803306276,0.7083711386143706
Non-classical Monocytes|pDCs|TNFSF13B|HLA-DPB1,44,9,9,0.28913043478260875,9.706135940968734,ok,-0.005053014492697627,0.31953309976950395,-0.015002330562741917,0.004896301577346662,0.6485875927793106
Non-classical Monocytes|pDCs|S100A9|CD36,43,9,9,0.29376611939359637,9.618877441413503,ok,0.011873478947472343,0.7299810053258042,-0.055550937257514366,0.07929789515245905,0.8826443914940965
pDCs|Classical Monocytes|HLA-B|LILRB2,44,9,9,0.28913043478260875,9.706135940968734,ok,-0.007782353831259799,0.07155354471876335,-0.01624715466719519,0.0006824470046755925,0.3451754848751938
pDCs|pDCs|HLA-DPA1|CD4,43,9,9,0.2897225725094581,9.593551893743244,ok,-0.005781287036759539,0.4960497948473048,-0.022427108713712403,0.010864534640193324,0.7623984313946044
pDCs|B Cells|S100A8|CD69,42,9,9,0.4067709895383096,9.61675791670661,ok,-0.009452665511556324,0.8570251160637478,-0.11228704843510921,0.09338171741199656,0.9354499745011354
pDCs|CD4 T Cells|APP|CD74,44,9,9,0.28913043478260875,9.706135940968734,ok,-0.028860292369960718,0.21370237315200258,-0.07435080097020744,0.016630216230286002,0.5489818406220132
pDCs|B Cells|MIF|CD44_CD74,44,9,9,0.28913043478260875,9.706135940968734,ok,0.10949449244975425,0.45072548029274706,-0.17505009563988105,0.3940390805393895,0.7323503271144356
pDCs|NK Cells|MIF|CD44_CD74,44,9,9,0.28913043478260875,9.706135940968734,ok,0.09322146026102354,0.5096549868588758,-0.18387533983428458,0.37031826035633164,0.7673533393347064
pDCs|NK Cells|SELPLG|ITGB2,44,9,9,0.28913043478260875,9.706135940968734,ok,-0.04398006282450166,0.1809409423556808,-0.10841065694419956,0.020450531295196236,0.5116412569038061
pDCs|Non-classical Monocytes|HLA-C|LILRB1,44,9,9,0.28913043478260875,9.706135940968734,ok,-0.04200072513428834,0.1617129306992452,-0.10082865665876181,0.01682720639018514,0.49061344860578293
pDCs|CD4 T Cells|LGALS1|CD69,44,9,9,0.28913043478260875,9.706135940968734,ok,0.007466928949177106,0.11081511627048848,-0.0017112107530650993,0.016645068651419313,0.40540320105144656
pDCs|B Cells|TNFSF13B|HLA-DPB1,43,9,9,0.29496836396504955,10.466128767290163,ok,-0.02164463353829987,0.20072349781772947,-0.05480050207309403,0.011511234996494295,0.5333536633626731
pDCs|Non-classical Monocytes|HLA-A|LILRB1,44,9,9,0.28913043478260875,9.706135940968734,ok,-0.049484574152406736,0.0883724051880376,-0.10640085231648974,0.007431704011676268,0.37032635018357013
pDCs|B Cells|HLA-A|APLP2,41,9,9,0.29247515380974926,9.61785095946795,ok,-0.06472270365492415,0.030444304903898455,-0.12333585313529127,-0.006109554174557025,0.24045840822401152
pDCs|pDCs|HLA-DPB1|CD4,43,9,9,0.2897225725094581,9.593551893743244,ok,-0.008328647279737042,0.2609135729035764,-0.022848615532916436,0.0061913209734423495,0.6069377997982784
pDCs|Non-classical Monocytes|COPA|CD74,43,9,9,0.29496836396504955,10.466128767290163,ok,0.02682828778049139,0.1784595362529574,-0.012251577630158658,0.06590815319114143,0.508948249044542
pDCs|Classical Monocytes|HLA-DRB1|CD4,44,9,9,0.28913043478260875,9.706135940968734,ok,-0.027386022424895847,0.14530481544059964,-0.06424310225385135,0.009471057404059655,0.462515356447034
pDCs|B Cells|VIM|CD44,44,9,9,0.28913043478260875,9.706135940968734,ok,-0.008096206809200073,0.11507497733594368,-0.018166271585279222,0.001973857966879076,0.41313512664522156
pDCs|CD8 T Cells|HLA-E|CD8B,44,9,9,0.28913043478260875,9.706135940968734,ok,-0.023240863504346246,0.006643309958697093,-0.040023344194135696,-0.006458382814556792,0.11135908060262034
pDCs|NK Cells|VIM|CD44,44,9,9,0.28913043478260875,9.706135940968734,ok,-0.005469356035140139,0.2742846766493574,-0.015274757233368566,0.004336045163088288,0.6138754001696373
pDCs|Non-classical Monocytes|MIF|TNFRSF14,44,9,9,0.28913043478260875,9.706135940968734,ok,-0.004637159814480679,0.9745514596089837,-0.2895445298560917,0.2802702102271304,0.9866872719048484
pDCs|CD8 T Cells|LGALS1|CD69,44,9,9,0.28913043478260875,9.706135940968734,ok,0.007138860920972122,0.18046005702996104,-0.0033080097208618327,0.017585731562806076,0.5115230327004978
Non-classical Monocytes|pDCs|HLA-DPA1|CD4,43,9,9,0.2897225725094581,9.593551893743244,ok,-0.013827528448796462,0.07973466497765888,-0.02929438700118406,0.001639330103591137,0.361400638593389
pDCs|Non-classical Monocytes|HLA-DPA1|CD4,44,9,9,0.28913043478260875,9.706135940968734,ok,-0.012562947744961183,0.25250272096474824,-0.03408099862611907,0.0089551031361967,0.5978688454156168
pDCs|NK Cells|S100A8|ITGB2,42,9,9,0.4067709895383096,9.61675791670661,ok,-0.08032121372735984,0.42725669316948867,-0.2786178791642113,0.11797545170949164,0.71309976273323
pDCs|Classical Monocytes|HLA-C|LILRB2,44,9,9,0.28913043478260875,9.706135940968734,ok,-0.0075054194307349435,0.26391785458978834,-0.020672829062835407,0.00566199020136552,0.609443608715765
pDCs|Classical Monocytes|GRN|TNFRSF1B,44,9,9,0.28913043478260875,9.706135940968734,ok,-0.037475091676809,0.06923267643927213,-0.077901034726621,0.002950851373003001,0.34145663857385705
Non-classical Monocytes|pDCs|S100A9|ITGB2,44,9,9,0.28913043478260875,9.706135940968734,ok,-0.010972483695462117,0.42443392355650866,-0.03789655865570207,0.01595159126477784,0.7125820163319281
pDCs|Classical Monocytes|HLA-A|LILRB2,44,9,9,0.28913043478260875,9.706135940968734,ok,-0.011127285547432347,0.1398445944116172,-0.025899381340554518,0.0036448102456898245,0.45699565915717827
pDCs|NK Cells|LGALS1|CD69,44,9,9,0.28913043478260875,9.706135940968734,ok,0.0037001763269976697,0.7636795264508798,-0.02042140385912599,0.027821756513121326,0.8991274869280191
pDCs|NK Cells|S100A9|ITGB2,40,9,9,0.34634982397628283,9.38794611767732,ok,-0.034851208055392796,0.6332811714188269,-0.17801858091304903,0.10831616480226344,0.8331705981964239
Classical Monocytes|B Cells|APP|CD74,55,9,9,0.2666039693864313,9.583508814534738,ok,-0.00537675623329098,0.41857610557670577,-0.01840472804976551,0.0076512155831835495,0.7090262873524671
pDCs|B Cells|TGFB1|CXCR4,42,9,9,0.3736434108527131,9.75851472994371,ok,0.045102465521162226,0.5153964618793991,-0.09080056929995978,0.18100550034228424,0.7711116447603712
Classical Monocytes|pDCs|LGALS1|ITGB1,44,9,9,0.28913043478260875,9.706135940968734,ok,0.023956585467341765,0.2880554229486183,-0.02023973443628939,0.06815290537097292,0.6258477924916861
Classical Monocytes|pDCs|S100A8|CD69,44,9,9,0.28913043478260875,9.706135940968734,ok,-0.0018418748568853546,0.6755614537518695,-0.010467372631237232,0.0067836229174665225,0.8547328315571137
Classical Monocytes|pDCs|APP|CD74,44,9,9,0.28913043478260875,9.706135940968734,ok,-0.010792721023219667,0.2285880610174681,-0.028361886737334516,0.006776444690895181,0.564418428189465
Classical Monocytes|pDCs|VIM|CD44,44,9,9,0.28913043478260875,9.706135940968734,ok,0.0009129004028911661,0.8335159159823265,-0.007599465003208289,0.009425265808990621,0.9258804280420531
Classical Monocytes|pDCs|COPA|CD74,44,9,9,0.28913043478260875,9.706135940968734,ok,-0.00993280006414223,0.06814984433494584,-0.020605921282734634,0.0007403211544501753,0.34074922167472915
Non-classical Monocytes|pDCs|COPA|CD74,44,9,9,0.28913043478260875,9.706135940968734,ok,-0.00993232215325397,0.14360410471628052,-0.023243082437473275,0.0033784381309653333,0.4615138813640463
pDCs|Non-classical Monocytes|HLA-DPB1|CD4,44,9,9,0.28913043478260875,9.706135940968734,ok,-0.012346316833119927,0.11909315383412879,-0.02787209130176674,0.003179457635526888,0.4197988629856582
Classical Monocytes|pDCs|HLA-DRB1|CD4,43,9,9,0.2897225725094581,9.593551893743244,ok,-0.02574029531738162,0.05292426615327683,-0.05180542160262934,0.0003248309678661014,0.30523153499290845
pDCs|pDCs|MIF|CD44_CD74,44,9,9,0.28913043478260875,9.706135940968734,ok,0.1438378373680278,0.20705114575235806,-0.0796015680979276,0.3672772428339832,0.5421930917078804
pDCs|NK Cells|HMGB1|CXCR4,44,9,9,0.28913043478260875,9.706135940968734,ok,0.0005945481533114836,0.9196594396930937,-0.010958709609453868,0.012147805916076835,0.9613308633848848
Non-classical Monocytes|pDCs|HLA-DPB1|CD4,43,9,9,0.2897225725094581,9.593551893743244,ok,-0.01231030741971707,0.09497431109935509,-0.026760469919236807,0.0021398550798026675,0.38285492190570475
Non-classical Monocytes|pDCs|LGALS1|ITGB1,44,9,9,0.28913043478260875,9.706135940968734,ok,0.024477450080751948,0.3277508083120283,-0.024543863635596946,0.07349876379710084,0.6577600201266374
Non-classical Monocytes|pDCs|S100A8|CD36,43,9,9,0.29376611939359637,9.618877441413503,ok,-0.037231283129505896,0.556213541467117,-0.16123311829143866,0.08677055203242688,0.7892676928248372
NK Cells|pDCs|CCL5|CXCR3,43,9,9,0.2897225725094581,9.593551893743244,ok,-0.00899557518689006,0.5303507493029869,-0.03709410462508393,0.01910295425130381,0.7728420643778361
pDCs|Classical Monocytes|COPA|CD74,43,9,9,0.29496836396504955,10.466128767290163,ok,0.030789091014751916,0.30053797848189245,-0.02749995729931164,0.08907813932881548,0.6338419579885247
pDCs|Classical Monocytes|HLA-DPA1|CD4,44,9,9,0.28913043478260875,9.706135940968734,ok,-0.02303390031106947,0.19693873606242018,-0.05802175634565454,0.0119539557235156,0.5282930954798224
pDCs|pDCs|VIM|CD44,44,9,9,0.28913043478260875,9.706135940968734,ok,-0.0010054669767198855,0.9277854570375834,-0.022749348303709015,0.020738414350269244,0.96635677912274
pDCs|pDCs|TNFSF13B|HLA-DPB1,43,9,9,0.29496836396504955,10.466128767290163,ok,-0.04748794682895569,0.10948546618832658,-0.10564107249422632,0.010665178836314931,0.4036410383208876
pDCs|CD4 T Cells|S100A8|CD69,42,9,9,0.4067709895383096,9.61675791670661,ok,-0.010677253058539539,0.8724345129776114,-0.141009402484331,0.11965489636725193,0.9413667652800785
Non-classical Monocytes|pDCs|TIMP1|CD63,44,9,9,0.28913043478260875,9.706135940968734,ok,-0.016287138259211593,0.3969990148180035,-0.05397600208062979,0.021401725562206608,0.7083711386143706
pDCs|NK Cells|HLA-B|CD3D,37,9,9,0.47382663847780143,12.167451312583713,ok,0.0004536873290810293,0.9610949965009741,-0.01777549301342725,0.01868286767158931,0.9812955613957303
pDCs|NK Cells|GRN|TNFRSF1B,44,9,9,0.28913043478260875,9.706135940968734,ok,-0.06444420352871323,0.21603416319475366,-0.16654102116692932,0.03765261410950284,0.5509872417326456
pDCs|Classical Monocytes|HLA-DPB1|CD4,44,9,9,0.28913043478260875,9.706135940968734,ok,-0.020362709652148887,0.10886797759753675,-0.04525519750848022,0.004529778204182447,0.4031071181583722
pDCs|pDCs|SELPLG|SELL,44,9,9,0.28913043478260875,9.706135940968734,ok,-0.12570820597706073,0.017435119320718718,-0.22934387759388328,-0.022072534360238177,0.18381822632250958
pDCs|CD8 T Cells|S100A8|CD69,42,9,9,0.4067709895383096,9.61675791670661,ok,0.014220075539501158,0.8367687640960739,-0.12105662567109374,0.14949677675009607,0.9275315034937451
pDCs|Non-classical Monocytes|HLA-B|LILRA1,44,9,9,0.28913043478260875,9.706135940968734,ok,-0.03571980501956969,0.0033923041386152313,-0.05961584910916368,-0.01182376092997571,0.07762813686708894
pDCs|B Cells|MIF|TNFRSF14,44,9,9,0.28913043478260875,9.706135940968734,ok,0.09177767553948743,0.5088796802711056,-0.180528603605039,0.3640839546840139,0.7673533393347064
Classical Monocytes|pDCs|S100A12|CD36,43,9,9,0.29376611939359637,9.618877441413503,ok,0.03491431898101946,0.5791307964303912,-0.08846117043239603,0.15828980839443496,0.8012914226144962
pDCs|Non-classical Monocytes|LGALS1|PTPRC,44,9,9,0.28913043478260875,9.706135940968734,ok,-0.007983378220546185,0.40177030542692405,-0.02664504846673136,0.01067829202563899,0.7083711386143706
pDCs|Classical Monocytes|PKM|CD44,44,9,9,0.28913043478260875,9.706135940968734,ok,-0.03524676722839973,0.11658279080828618,-0.07926849027001653,0.008774955813217071,0.414714355089018
pDCs|CD8 T Cells|MIF|TNFRSF14,44,9,9,0.28913043478260875,9.706135940968734,ok,0.050761649058218686,0.7591890692099791,-0.27379339283790727,0.3753166909543446,0.8965949945083682
pDCs|pDCs|TGFB1|CXCR4,42,9,9,0.3736434108527131,9.75851472994371,ok,0.10916118969429398,0.5142704936105753,-0.21888412283946615,0.43720650222805413,0.7710748070222911
pDCs|pDCs|APP|TNFRSF21,42,9,9,0.31977818853974094,9.645412964401727,ok,-0.006594419825007039,0.9364708749360069,-0.16875011768324327,0.15556127803322917,0.9697676171559538
pDCs|NK Cells|S100A8|CD69,42,9,9,0.4067709895383096,9.61675791670661,ok,-0.008761099042377957,0.9196347143825758,-0.1789541908110902,0.1614319927263343,0.9613308633848848
pDCs|CD8 T Cells|HLA-E|CD8A,44,9,9,0.28913043478260875,9.706135940968734,ok,-0.03129325332287809,0.042043243040161146,-0.06146092583211911,-0.001125580813637072,0.27060982398777755
pDCs|pDCs|HLA-DQB1|CD4,43,9,9,0.2897225725094581,9.593551893743244,ok,-0.01298785349681339,0.8291207736426714,-0.13093161658056246,0.10495590958693567,0.9245429687378013
Classical Monocytes|Non-classical Monocytes|APP|CD74,55,9,9,0.2666039693864313,9.583508814534738,ok,-0.005725746298640581,0.6107286298353469,-0.02777194360578738,0.016320451008506216,0.8224662547240512
pDCs|Non-classical Monocytes|TNFSF13B|HLA-DPB1,43,9,9,0.29496836396504955,10.466128767290163,ok,-0.035158036050137856,0.18520604312047462,-0.08716856851175288,0.016852496411477166,0.5149523633301979
B Cells|pDCs|HLA-DQA1|CD4,43,9,9,0.2897225725094581,9.593551893743244,ok,-0.020224265551011603,0.07259605282396245,-0.042302728554669655,0.0018541974526464534,0.3494809980988275
Non-classical Monocytes|pDCs|S100A8|ITGB2,44,9,9,0.28913043478260875,9.706135940968734,ok,-0.06856191425898138,0.19285371217688452,-0.17175696866416484,0.03463314014620207,0.5241993115154844
pDCs|CD8 T Cells|TGFB1|CXCR4,42,9,9,0.3736434108527131,9.75851472994371,ok,0.021275344337769772,0.7082261900106879,-0.09014773185451809,0.13269842053005765,0.8719806182622135
NK Cells|pDCs|SELPLG|SELL,44,9,9,0.28913043478260875,9.706135940968734,ok,-0.0691094444381277,0.24122117494748452,-0.1846887662314206,0.04646987735516521,0.5836400183049211
pDCs|pDCs|MIF|TNFRSF14,44,9,9,0.28913043478260875,9.706135940968734,ok,-0.07624248979518777,0.636596613054301,-0.3925268393966371,0.24004185980626153,0.8343617206968282
pDCs|NK Cells|LGALS1|PTPRC,44,9,9,0.28913043478260875,9.706135940968734,ok,-0.009444156476656373,0.32746292753416384,-0.028346840879165294,0.009458527925852549,0.6577488113401739
pDCs|pDCs|HLA-DMA|CD4,43,9,9,0.2897225725094581,9.593551893743244,ok,-0.01624631437114026,0.5636012732136653,-0.0713842417308802,0.03889161298859968,0.794634760713594
pDCs|Non-classical Monocytes|S100A8|CD68,42,9,9,0.4067709895383096,9.61675791670661,ok,-0.11190145095060083,0.2689420815417253,-0.3102934866730056,0.08649058477180391,0.6138754001696373
pDCs|CD4 T Cells|TGFB1|CXCR4,42,9,9,0.3736434108527131,9.75851472994371,ok,0.0366210213834422,0.6503331983629189,-0.12172000083473325,0.19496204360161765,0.8399536320319296
pDCs|NK Cells|MIF|TNFRSF14,44,9,9,0.28913043478260875,9.706135940968734,ok,0.05575562776002213,0.7206258026129031,-0.24981521282304087,0.3613264683430851,0.8774921428055984
Non-classical Monocytes|pDCs|VIM|CD44,44,9,9,0.28913043478260875,9.706135940968734,ok,-0.0020376251307466023,0.7898040624829423,-0.01701960329578962,0.012944353034296415,0.9072315159762925
pDCs|pDCs|APP|LRP10,43,9,9,0.2897225725094579,9.593551893743248,ok,-0.10376746423768332,0.4718336255499228,-0.3864371301612919,0.17890220168592527,0.7479557668762497
pDCs|Non-classical Monocytes|HMGB1|CXCR4,44,9,9,0.28913043478260875,9.706135940968734,ok,-0.0015846974439188283,0.8885447953287706,-0.0237469737331519,0.020577578845314245,0.950555267730044
Non-classical Monocytes|pDCs|SELPLG|SELL,44,9,9,0.28913043478260875,9.706135940968734,ok,-0.09310253209488517,0.0068147457651753455,-0.16054285948614824,-0.0256622047036221,0.11227337382300148
pDCs|Non-classical Monocytes|LGALS9|PTPRC,43,9,9,0.406727828746178,9.723472367332304,ok,-0.08826164533930106,0.12007596515014304,-0.1995480228256551,0.023024732147052987,0.4219864235291603
pDCs|Non-classical Monocytes|S100A9|CD68,40,9,9,0.34634982397628283,9.38794611767732,ok,-0.08295490148020007,0.38133377185992146,-0.2686767736720849,0.10276697071168478,0.6971371033160949
pDCs|Classical Monocytes|HMGB1|CXCR4,44,9,9,0.28913043478260875,9.706135940968734,ok,-0.005881626907637695,0.6443746559803081,-0.030855634465186837,0.019092380649911447,0.8351667025158872
Non-classical Monocytes|pDCs|VCAN|SELL,43,9,9,0.2978799739073713,9.622446034367911,ok,-0.06320123020520074,0.15217557963238373,-0.14971082110512052,0.023308360694719046,0.4778559306515554
pDCs|Non-classical Monocytes|CD99|PILRA,44,9,9,0.28913043478260875,9.706135940968734,ok,-0.0658082339983673,0.05059240763723017,-0.13178623276086193,0.00016976476412733366,0.29767754998673307
pDCs|NK Cells|APP|LRP10,44,9,9,0.28913043478260875,9.706135940968734,ok,-0.05897933500372283,0.4777565193141331,-0.22181190810419055,0.1038532380967449,0.7528784409298113
pDCs|Classical Monocytes|MIF|TNFRSF14,44,9,9,0.28913043478260875,9.706135940968734,ok,-0.00045752941791382673,0.9976581231713447,-0.3059795394856196,0.30506448064979197,0.9996684807878772
pDCs|NK Cells|APP|PTGER2,44,9,9,0.28913043478260875,9.706135940968734,ok,-0.10692692552770072,0.08829054205357566,-0.22988074450975987,0.01602689345435844,0.37032635018357013
pDCs|Classical Monocytes|LGALS9|CD44,43,9,9,0.406727828746178,9.723472367332304,ok,-0.06228719069782697,0.099423515283736,-0.1363807725439442,0.011806391148290268,0.38887777001400087
pDCs|Non-classical Monocytes|HLA-DQB1|CD4,44,9,9,0.28913043478260875,9.706135940968734,ok,-0.016481843992193324,0.8998156069819575,-0.2730766588392571,0.24011297085487043,0.9546018393114759
Classical Monocytes|pDCs|CD14|ITGB2,44,9,9,0.28913043478260875,9.706135940968734,ok,-0.03097503481095704,0.23647126247718975,-0.082256700057113,0.02030663043519892,0.5779756416029214
B Cells|pDCs|HLA-DMA|CD4,43,9,9,0.2897225725094581,9.593551893743244,ok,-0.02133601751325023,0.4846278949069942,-0.08117162442078513,0.038499589394284675,0.7563136926000013
pDCs|Non-classical Monocytes|SELPLG|ITGB2,44,9,9,0.28913043478260875,9.706135940968734,ok,-0.054712844747951184,0.07306597868964068,-0.11453995242035511,0.005114262924452738,0.34978607102594306
NK Cells|pDCs|SPON2|ITGB2,44,9,9,0.28913043478260875,9.706135940968734,ok,0.08362365335625377,0.488180209097535,-0.1528130203781954,0.320060327090703,0.7578013905378125
pDCs|Non-classical Monocytes|PKM|CD44,44,9,9,0.28913043478260875,9.706135940968734,ok,-0.05871165673074691,0.028734950053214674,-0.11132586491161085,-0.006097448549882964,0.2328708708983493
pDCs|Classical Monocytes|CIRBP|TREM1,44,9,9,0.28913043478260875,9.706135940968734,ok,-0.022127555529152756,0.036887696028455576,-0.04290815499831775,-0.0013469560599877611,0.2535980110813724
Classical Monocytes|pDCs|LGALS1|CD69,44,9,9,0.28913043478260875,9.706135940968734,ok,-0.007390165452672744,0.5505441130900677,-0.03165447546067002,0.01687414455532453,0.7857038486270427
pDCs|Non-classical Monocytes|APP|NOTCH2,44,9,9,0.28913043478260875,9.706135940968734,ok,-0.09787523330421447,0.31911514530313445,-0.29042385343825716,0.09467338682982823,0.6485875927793106
Non-classical Monocytes|B Cells|APP|CD74,49,9,9,0.3208912135312301,9.33741821594297,ok,-0.0027200172145545815,0.8878896920056277,-0.040536195750087205,0.035096161320978043,0.9502907590138321
pDCs|Non-classical Monocytes|APP|PTGER2,44,9,9,0.28913043478260875,9.706135940968734,ok,-0.12208803524651202,0.12036462903508609,-0.2761449686121321,0.03196889811910811,0.42236383381287734
pDCs|NK Cells|LGALS9|PTPRC,43,9,9,0.406727828746178,9.723472367332304,ok,-0.07798212560825366,0.1748373019050613,-0.19062917128059928,0.03466492006409197,0.5069333090514706
pDCs|Non-classical Monocytes|HLA-DMA|CD4,44,9,9,0.28913043478260875,9.706135940968734,ok,-0.02848377369155057,0.41360301378478637,-0.09676808022187254,0.0398005328387714,0.7083711386143706
pDCs|CD4 T Cells|MIF|TNFRSF14,44,9,9,0.28913043478260875,9.706135940968734,ok,0.028735673469432538,0.8584537414740121,-0.28706554979005616,0.3445368967289212,0.9354499745011354
pDCs|CD8 T Cells|LGALS1|PTPRC,44,9,9,0.28913043478260875,9.706135940968734,ok,-0.011238983925747126,0.2747334633157783,-0.031406961356210863,0.008928993504716608,0.6138754001696373
Non-classical Monocytes|pDCs|APP|CD74,40,9,9,0.4999999999999998,9.432895805044767,ok,-0.00747351467397081,0.7530184703110462,-0.05402451252689273,0.03907748317895111,0.8942612550985208
pDCs|Classical Monocytes|LGALS1|PTPRC,44,9,9,0.28913043478260875,9.706135940968734,ok,0.0021098917975156187,0.8868320160337754,-0.02694777604099948,0.03116755963603072,0.9500315390154928
pDCs|Classical Monocytes|APP|NOTCH2,44,9,9,0.28913043478260875,9.706135940968734,ok,-0.08482879849120722,0.34500066414387254,-0.26089146760371607,0.09123387062130164,0.6721166784742668
pDCs|Non-classical Monocytes|HLA-C|LILRA1,44,9,9,0.28913043478260875,9.706135940968734,ok,-0.04583310933151547,0.06729007001340795,-0.09492841885843575,0.0032622001954048033,0.33991748672016187
CD8 T Cells|pDCs|CCL5|CXCR3,43,9,9,0.2897225725094581,9.593551893743244,ok,0.06968526871094327,0.31027821387560284,-0.0649248673085833,0.20429540473046984,0.6390482836845245
pDCs|Non-classical Monocytes|HLA-A|LILRA1,44,9,9,0.28913043478260875,9.706135940968734,ok,-0.054507045380976206,0.013194988687984877,-0.09761112095750873,-0.01140296980444367,0.1652920625967998
Classical Monocytes|pDCs|CD14|ITGB1,44,9,9,0.28913043478260875,9.706135940968734,ok,0.011003821070731508,0.8811312521011986,-0.13322360933877928,0.15523125148024228,0.9469210341787724
NK Cells|pDCs|LGALS1|PTPRC,44,9,9,0.28913043478260875,9.706135940968734,ok,0.003994606727823043,0.9349624882246723,-0.09194909731693077,0.09993831077257687,0.969569269697615
pDCs|NK Cells|COPA|CD74,43,9,9,0.29496836396504955,10.466128767290163,ok,0.12491204263527304,0.22238400755648324,-0.0757275462586152,0.3255516315291613,0.5583563982829806
Non-classical Monocytes|pDCs|LGALS1|CD69,44,9,9,0.28913043478260875,9.706135940968734,ok,-0.010619276378549699,0.49327456931172164,-0.040998926477107095,0.0197603737200077,0.7591345749645386
NK Cells|pDCs|SPON2|ITGB1,44,9,9,0.28913043478260875,9.706135940968734,ok,0.20641853015163306,0.3102261073421465,-0.19227454658356144,0.6051116068868275,0.6390482836845245
pDCs|Non-classical Monocytes|S100A8|ITGB2,42,9,9,0.4067709895383096,9.61675791670661,ok,-0.0824459166811341,0.4301731940382718,-0.2872779447667147,0.1223861114044465,0.715708283491002
pDCs|NK Cells|CLEC2B|KLRF1,43,9,9,0.289841986455982,9.684523436133684,ok,0.23007782369146018,0.3163127732554174,-0.2199376760018179,0.6800933233847383,0.645366691493102
pDCs|CD4 T Cells|HLA-DRA|CD4,43,9,9,0.2897225725094579,9.593551893743248,ok,-0.03778343796049195,0.009005849620660223,-0.06613678437666112,-0.00943009154432279,0.12717351282508071
Classical Monocytes|Classical Monocytes|APP|CD74,55,9,9,0.2666039693864313,9.583508814534738,ok,-0.025070882281164004,0.21312946008413092,-0.06453897901480718,0.01439721445247917,0.5481143951391005
pDCs|Classical Monocytes|HLA-DQB1|CD4,44,9,9,0.28913043478260875,9.706135940968734,ok,0.010876372050925759,0.9358632135407452,-0.254032500213914,0.27578524431576545,0.969569269697615
Non-classical Monocytes|pDCs|HLA-DQB1|CD4,43,9,9,0.2897225725094581,9.593551893743244,ok,-0.024760796570005843,0.48100796699292614,-0.09362909269264261,0.044107499552630915,0.753899042847085
pDCs|Classical Monocytes|APP|PTGER2,44,9,9,0.28913043478260875,9.706135940968734,ok,-0.07984714492320899,0.36190680949341236,-0.2514946781672324,0.09180038832081444,0.6880688797886233
pDCs|CD4 T Cells|LGALS1|PTPRC,44,9,9,0.28913043478260875,9.706135940968734,ok,-0.011720487054784776,0.36864023706635296,-0.03727236305810139,0.013831388948531836,0.6894439803438388
NK Cells|pDCs|CALM1|PTPRA,42,9,9,0.2903481495030794,9.479027523295706,ok,-0.1140285184431288,0.13277699161076395,-0.262701843203411,0.03464480631715339,0.4432240550903725
Classical Monocytes|pDCs|VCAN|CD44,44,9,9,0.28913043478260875,9.706135940968734,ok,0.000791543565126937,0.9462297172280775,-0.02221182973675211,0.023794916867005984,0.9727254999500408
pDCs|Non-classical Monocytes|S100A9|ITGB2,40,9,9,0.34634982397628283,9.38794611767732,ok,-0.05150117295726506,0.5146410224072524,-0.2064061283285353,0.10340378241400519,0.7711116447603712
pDCs|Classical Monocytes|SELPLG|SELL,44,9,9,0.28913043478260875,9.706135940968734,ok,-0.17737772474607647,0.1561519257425747,-0.4225267633691977,0.06777131387704477,0.48109621955845905
Classical Monocytes|pDCs|VCAN|ITGB1,44,9,9,0.28913043478260875,9.706135940968734,ok,0.0357454040870379,0.38908694694797274,-0.04559883054020644,0.11708963871428224,0.7049553548901839
pDCs|pDCs|HLA-DQA1|CD4,42,9,9,0.29141276119022974,9.568231126806875,ok,-0.04193442566432257,0.8400987032257659,-0.4492848413639371,0.3654159900352919,0.927691932945988
pDCs|Classical Monocytes|HLA-DMA|CD4,44,9,9,0.28913043478260875,9.706135940968734,ok,-0.037743276822134415,0.3945636758991159,-0.12463315525259183,0.04914660160832301,0.7083711386143706
pDCs|Non-classical Monocytes|LGALS9|CD44,43,9,9,0.406727828746178,9.723472367332304,ok,-0.11252793626954172,0.013659998050699623,-0.2019615739136294,-0.023094298625454035,0.17020211474935892
pDCs|CD4 T Cells|PKM|CD44,44,9,9,0.28913043478260875,9.706135940968734,ok,-0.01895878920731174,0.5297841256675015,-0.07809684376008347,0.04017926534545999,0.7728420643778361
pDCs|pDCs|S100A8|CD68,42,9,9,0.4067709895383096,9.61675791670661,ok,-0.12749792372109092,0.5340583045934755,-0.5293668885218805,0.2743710410796987,0.7728918321135391
pDCs|CD8 T Cells|LGALS9|PTPRC,43,9,9,0.406727828746178,9.723472367332304,ok,-0.06799891953079248,0.28932798752624866,-0.1937782824593322,0.05778044339774724,0.6258477924916861
pDCs|Classical Monocytes|LGALS9|PTPRC,43,9,9,0.406727828746178,9.723472367332304,ok,-0.07079870153228128,0.28321194979148356,-0.20010518097220487,0.05850777790764232,0.6207750169465256
Classical Monocytes|pDCs|TIMP1|CD63,44,9,9,0.28913043478260875,9.706135940968734,ok,-0.008291996887826239,0.8677834903069701,-0.10591660578679594,0.08933261201114347,0.9406758903134119
Non-classical Monocytes|pDCs|LGALS9|CD47,44,9,9,0.28913043478260875,9.706135940968734,ok,-0.0355992989878255,0.7098781740311959,-0.22315211383078087,0.15195351585512984,0.8728317390462725
Non-classical Monocytes|pDCs|HLA-DMA|CD4,43,9,9,0.2897225725094581,9.593551893743244,ok,-0.0267017671433255,0.5676877829104992,-0.1182820886183587,0.06487855433170772,0.7973598034122729
B Cells|pDCs|HLA-DMB|CD4,43,9,9,0.2897225725094581,9.593551893743244,ok,-0.09097807070943871,0.1242795640506249,-0.20698797964287224,0.025031838223994823,0.4298221563472435
pDCs|pDCs|S100A9|CD68,40,9,9,0.34634982397628283,9.38794611767732,ok,-0.15571104401490016,0.34760764412565126,-0.4806419525427044,0.1692198645129041,0.6743761955143776
pDCs|CD8 T Cells|HLA-F|CD8B,44,9,9,0.28913043478260875,9.706135940968734,ok,-0.23615950429045893,0.0029039033054455063,-0.3916013686237175,-0.08071763995720033,0.07048015314258364
Classical Monocytes|pDCs|SELPLG|SELL,44,9,9,0.28913043478260875,9.706135940968734,ok,-0.08868416069070063,0.10915315953316095,-0.19718388532110523,0.019815563939703962,0.4031071181583722
pDCs|B Cells|SELPLG|SELL,44,9,9,0.28913043478260875,9.706135940968734,ok,-0.1803785481899974,0.00560925091794612,-0.3080183712805538,-0.052738725099441,0.10192947152440647
Non-classical Monocytes|Non-classical Monocytes|APP|CD74,49,9,9,0.3208912135312301,9.33741821594297,ok,0.0033523048275143318,0.9203957800208814,-0.062394273976643516,0.06909888363167219,0.9613723837372602
CD4 T Cells|pDCs|MIF|CD44_CD74,44,9,9,0.28913043478260875,9.706135940968734,ok,0.11746589252648229,0.12299998804808987,-0.031810172898961625,0.26674195795192623,0.4271087513443359
CD4 T Cells|pDCs|S100A9|CD68,43,9,9,0.289841986455982,9.684523436133684,ok,0.02001426813830398,0.9103219679749829,-0.32826235543771737,0.36829089171432533,0.9597046428841838
pDCs|Classical Monocytes|CD99|PILRA,44,9,9,0.28913043478260875,9.706135940968734,ok,-0.0688282783965756,0.23627157852865566,-0.18273049745922879,0.04507394066607759,0.5779756416029214
pDCs|CD8 T Cells|PKM|CD44,44,9,9,0.28913043478260875,9.706135940968734,ok,-0.007569682119364499,0.8383975962905013,-0.08031678711418744,0.06517742287545844,0.927691932945988
NK Cells|pDCs|LGALS1|ITGB1,44,9,9,0.28913043478260875,9.706135940968734,ok,0.22887280626611212,0.08694297788346951,-0.03318811460239629,0.4909337271346205,0.36943482215568985
pDCs|Classical Monocytes|SELPLG|ITGB2,44,9,9,0.28913043478260875,9.706135940968734,ok,-0.13109374375283123,0.11810438093642142,-0.2955052655294758,0.03331777802381336,0.4182284643703013
pDCs|CD4 T Cells|LGALS9|PTPRC,43,9,9,0.406727828746178,9.723472367332304,ok,-0.07080172962386269,0.24745250788270634,-0.19078594013880262,0.049182480891077254,0.5934400135689708
CD4 T Cells|pDCs|CALM1|PTPRA,42,9,9,0.2903481495030794,9.479027523295706,ok,-0.16386695314032762,0.11828865151074186,-0.36948404967398796,0.041750143393332745,0.4182284643703013
Non-classical Monocytes|pDCs|LGALS9|PTPRC,44,9,9,0.28913043478260875,9.706135940968734,ok,-0.09095953430712517,0.1005984290050003,-0.1995355544433508,0.017616485829100456,0.3893593680758317
pDCs|B Cells|APP|LRP10,44,9,9,0.28913043478260875,9.706135940968734,ok,-0.12762072771291103,0.1675296496616785,-0.3088515087470397,0.053610053321217654,0.49916123236791676
pDCs|B Cells|LGALS1|PTPRC,44,9,9,0.28913043478260875,9.706135940968734,ok,-0.01627559988280781,0.6481403180824797,-0.08617761456134519,0.05362641479572956,0.8389816339623211
CD8 T Cells|pDCs|CALM1|PTPRA,42,9,9,0.2903481495030794,9.479027523295706,ok,-0.1412225356845374,0.16127819330507764,-0.3388195712006867,0.05637449983161186,0.4905030267720685
NK Cells|pDCs|MIF|CD44_CD74,44,9,9,0.28913043478260875,9.706135940968734,ok,0.17642155198519505,0.1558642414611442,-0.0672365328725964,0.4200796368429865,0.48109621955845905
pDCs|NK Cells|GNAI2|S1PR5,44,9,9,0.28913043478260875,9.706135940968734,ok,-0.157490243004961,0.27375742260198654,-0.4395269264641266,0.1245464404542046,0.6138754001696373
pDCs|CD4 T Cells|HLA-DRB1|CD4,43,9,9,0.2897225725094579,9.593551893743248,ok,-0.07600434447343171,0.007099976372521854,-0.1313383838035015,-0.02067030514336192,0.11253704046242122
pDCs|Classical Monocytes|HMGB1|TLR2,44,9,9,0.28913043478260875,9.706135940968734,ok,-0.018926953971533683,0.5656616932950174,-0.08350349196370528,0.045649584020637915,0.796369634669118
pDCs|NK Cells|SELPLG|SELL,44,9,9,0.28913043478260875,9.706135940968734,ok,-0.10439870630352849,0.4156621536992857,-0.3557810810113969,0.1469836684043399,0.7083711386143706
pDCs|Non-classical Monocytes|HLA-DQA1|CD4,43,9,9,0.289841986455982,9.684523436133684,ok,0.09333146359072939,0.7173818398282357,-0.41204551659396726,0.5987084437754261,0.8774276571127502
pDCs|CD4 T Cells|SELPLG|SELL,44,9,9,0.28913043478260875,9.706135940968734,ok,-0.139773040418809,0.015951349417372435,-0.25344402822725515,-0.026102052610362844,0.17698401972608463
pDCs|Non-classical Monocytes|CIRBP|TREM1,44,9,9,0.28913043478260875,9.706135940968734,ok,-0.0850247845931433,0.13105048829353622,-0.1953880765625845,0.025338507376297892,0.43874579215815385
pDCs|NK Cells|LGALS1|ITGB1,44,9,9,0.28913043478260875,9.706135940968734,ok,0.061506061061133134,0.3705094435484657,-0.07310816426202152,0.19612028638428777,0.6911825488133907
Non-classical Monocytes|pDCs|S100A8|CD69,44,9,9,0.28913043478260875,9.706135940968734,ok,-0.07695669387964059,0.18630483523057895,-0.19108618148184273,0.03717279372256155,0.517390066850118
pDCs|CD8 T Cells|SELPLG|ITGB2,44,9,9,0.28913043478260875,9.706135940968734,ok,-0.1997259361642298,0.03599406312353754,-0.3864005524141154,-0.013051319914344162,0.25160610731817407
pDCs|pDCs|LILRB4|LAIR1,42,9,9,0.2910148341738137,9.499785342846945,ok,-0.13848459626596302,0.22831890589572656,-0.36378939150641865,0.08682019897449259,0.564418428189465
pDCs|Classical Monocytes|SERPINF1|PLXDC2,43,9,9,0.2897225725094581,9.593551893743244,ok,-0.11166404273814032,0.04093728202699026,-0.21872855922231427,-0.004599526253966368,0.2671817006243342
pDCs|pDCs|HLA-DMB|CD4,43,9,9,0.2897225725094581,9.593551893743244,ok,-0.13467069782367358,0.18349463757374496,-0.3331184287046818,0.06377703305733459,0.5126408939410381
pDCs|CD8 T Cells|COPA|CD74,43,9,9,0.29496836396504955,10.466128767290163,ok,0.1313384532332335,0.16785625856486286,-0.05531515922248981,0.3179920656889568,0.4994956353207286
pDCs|Classical Monocytes|GRN|TNFRSF1A,44,9,9,0.28913043478260875,9.706135940968734,ok,-0.1882251474724845,0.002128252573443625,-0.3083252331423205,-0.06812506180264849,0.06255876461604092
CD8 T Cells|pDCs|MIF|CD44_CD74,44,9,9,0.28913043478260875,9.706135940968734,ok,0.18267863833954343,0.10005579433611818,-0.03503217892975741,0.40038945560884426,0.38887777001400087
pDCs|Classical Monocytes|S100A8|CD68,42,9,9,0.4067709895383096,9.61675791670661,ok,-0.14301422893111493,0.5314315593983223,-0.5909093842996758,0.30488092643744585,0.7728420643778361
NK Cells|pDCs|HLA-B|LILRB1,43,9,9,0.2897225725094581,9.593551893743244,ok,-0.04260880669497358,0.0650503450120501,-0.08787477486290453,0.002657161472957373,0.3363160621068496
pDCs|CD4 T Cells|LGALS9|CD44,43,9,9,0.406727828746178,9.723472367332304,ok,-0.06311839684154198,0.4312383430888874,-0.2202951418645347,0.09405834818145074,0.715708283491002
CD4 T Cells|pDCs|MIF|TNFRSF14,44,9,9,0.28913043478260875,9.706135940968734,ok,-0.04994909718803611,0.7371401260403669,-0.3416234177861138,0.24172522341004157,0.8832813968607557
Classical Monocytes|pDCs|CD14|ITGA4,37,9,9,0.37846655791190853,10.443375592709518,ok,-0.1263326655938567,0.43161719345552363,-0.44118373172284936,0.18851840053513597,0.715708283491002
pDCs|Classical Monocytes|S100A8|ITGB2,42,9,9,0.4067709895383096,9.61675791670661,ok,-0.1586139315380603,0.4619744386070169,-0.5812319099002807,0.2640040468241601,0.7403029174376543
NK Cells|pDCs|SPON2|ITGA4,37,9,9,0.37846655791190853,10.443375592709518,ok,0.06291427362982577,0.7947631090583078,-0.411115909888997,0.5369444571486486,0.9104218505928502
B Cells|pDCs|MIF|CD44_CD74,44,9,9,0.28913043478260875,9.706135940968734,ok,0.13955927388916045,0.27313589579398634,-0.1100426676122398,0.3891612153905607,0.6138754001696373
CD8 T Cells|pDCs|SELPLG|SELL,44,9,9,0.28913043478260875,9.706135940968734,ok,-0.2609123781089787,0.004136238932566408,-0.43924352141038214,-0.08258123480757532,0.08604854207928331
pDCs|Non-classical Monocytes|GNAI2|C5AR1,44,9,9,0.28913043478260875,9.706135940968734,ok,-0.36055777152536006,0.0517059500062861,-0.7237823514331073,0.002666808382387198,0.3018268838825667
pDCs|CD4 T Cells|COPA|CD74,43,9,9,0.29496836396504955,10.466128767290163,ok,0.1683671633602948,0.17597766595286157,-0.0754865362016687,0.41222086292225835,0.5069333090514706
pDCs|Non-classical Monocytes|GRN|TNFRSF1A,44,9,9,0.28913043478260875,9.706135940968734,ok,-0.2428785006599078,0.009851552367298047,-0.42731620801285675,-0.058440793306958866,0.13582317760831036
CD4 T Cells|pDCs|VIM|CD44,44,9,9,0.28913043478260875,9.706135940968734,ok,-0.018891028544561622,0.31938882415505376,-0.05607611632613604,0.018294059237012793,0.6485875927793106
pDCs|NK Cells|TGFB1|CXCR4,42,9,9,0.3736434108527131,9.75851472994371,ok,0.04610403195275585,0.7365873657271761,-0.2225306192313405,0.3147386831368522,0.8832813968607557
NK Cells|pDCs|MIF|TNFRSF14,44,9,9,0.28913043478260875,9.706135940968734,ok,-0.05498838407637713,0.7582855804359176,-0.40521174691706385,0.2952349787643096,0.8965949945083682
Classical Monocytes|NK Cells|APP|CD74,55,9,9,0.2666039693864313,9.583508814534738,ok,-0.011309963162868732,0.8298627255568336,-0.11447156440601444,0.09185163808027699,0.9247155191522823
Classical Monocytes|pDCs|HLA-DPB1|CD4,43,9,9,0.2897225725094581,9.593551893743244,ok,-0.09090500038920835,0.07393368419037603,-0.19060739541069804,0.008797394632281352,0.35156221257872683
pDCs|Classical Monocytes|S100A9|CD68,40,9,9,0.34634982397628283,9.38794611767732,ok,-0.10056328038821732,0.613589068375417,-0.4908943870728996,0.28976782629646497,0.822590638270841
NK Cells|pDCs|HLA-A|LILRB1,43,9,9,0.2897225725094581,9.593551893743244,ok,-0.04800208735054349,0.12992349604079925,-0.11012711119385749,0.014122936492770514,0.43745917019517666
NK Cells|pDCs|HLA-C|LILRB1,43,9,9,0.2897225725094581,9.593551893743244,ok,-0.042101620745464634,0.13632250595136727,-0.09749649179795247,0.013293250307023198,0.45000948315622513
pDCs|CD4 T Cells|HLA-DPA1|CD4,43,9,9,0.2897225725094579,9.593551893743248,ok,-0.0744166182219005,0.01651298343209724,-0.1352555984126697,-0.013577638031131302,0.17957816968196022
NK Cells|pDCs|HLA-DRA|CD4,42,9,9,0.29141276119022974,9.568231126806875,ok,-0.12183739788471094,0.44739776423664335,-0.43614291286657636,0.1924681170971545,0.729938369587654
Classical Monocytes|pDCs|VCAN|ITGA4,37,9,9,0.37846655791190853,10.443375592709518,ok,-0.04716682277046632,0.6217909331757939,-0.2345633404816217,0.14022969494068904,0.8262170272396567
Non-classical Monocytes|pDCs|ICAM1|IL2RG,37,9,9,0.9999999999999993,,not_estimable,,,,,
pDCs|Classical Monocytes|S100A9|ITGB2,40,9,9,0.34634982397628283,9.38794611767732,ok,-0.12567892073877435,0.4319917265653085,-0.43915555002292117,0.18779770854537248,0.715708283491002
Non-classical Monocytes|Classical Monocytes|APP|CD74,49,9,9,0.3208912135312301,9.33741821594297,ok,-0.01700669134069037,0.729188927961846,-0.1132864596705438,0.07927307698916305,0.8821444455613194
pDCs|pDCs|HLA-B|LILRB1,43,9,9,0.2897225725094581,9.593551893743244,ok,-0.06509492075538433,0.08607590009464397,-0.13942400172621752,0.009234160215448872,0.36943482215568985
pDCs|B Cells|LGALS9|PTPRC,43,9,9,0.406727828746178,9.723472367332304,ok,-0.19915365807749302,0.10501172081483368,-0.43994782997722937,0.04164051382224329,0.40015697571944897
pDCs|CD8 T Cells|S100A8|ITGB2,42,9,9,0.4067709895383096,9.61675791670661,ok,-0.1921845560992223,0.3567893010976363,-0.6009471155919581,0.21657800339351357,0.686879157181563
CD8 T Cells|pDCs|MIF|TNFRSF14,44,9,9,0.28913043478260875,9.706135940968734,ok,-0.03977411245263715,0.7911451515871168,-0.3341427033435882,0.25459447843831384,0.9076160527808874
pDCs|CD8 T Cells|SELPLG|SELL,44,9,9,0.28913043478260875,9.706135940968734,ok,-0.29916033776067713,0.056914288011957456,-0.6071189466067883,0.008798271085434017,0.3134112718451444
pDCs|CD4 T Cells|HLA-DPB1|CD4,43,9,9,0.2897225725094579,9.593551893743248,ok,-0.07291213545819863,0.010942983589394993,-0.12907419373925827,-0.016750077177138993,0.1459639451973832
pDCs|B Cells|PKM|CD44,44,9,9,0.28913043478260875,9.706135940968734,ok,-0.07352600378098981,0.37170189962669786,-0.23484911463959793,0.08779710707761831,0.6926392938258957
pDCs|Classical Monocytes|PSAP|LRP1,44,9,9,0.28913043478260875,9.706135940968734,ok,-0.06838505474215198,0.05242335557980753,-0.13748663404018135,0.000716524555877382,0.30460453491509115
pDCs|CD4 T Cells|APP|LRP10,44,9,9,0.28913043478260875,9.706135940968734,ok,-0.13441219841361618,0.1422860963063227,-0.31395117679853224,0.04512677997129991,0.4588212265772975
pDCs|Classical Monocytes|HLA-DQA1|CD4,43,9,9,0.289841986455982,9.684523436133684,ok,0.09152506776656488,0.7350454961862649,-0.4385410821453918,0.6215912176785215,0.8832813968607557
pDCs|CD8 T Cells|APP|LRP10,44,9,9,0.28913043478260875,9.706135940968734,ok,-0.10952890002106455,0.2756703830113033,-0.30645879140651977,0.08740099136439067,0.6138754001696373
pDCs|NK Cells|PKM|CD44,44,9,9,0.28913043478260875,9.706135940968734,ok,0.011141617178939994,0.8998376879666505,-0.1623532165611494,0.1846364509190294,0.9546018393114759
CD8 T Cells|pDCs|HLA-B|LILRB1,43,9,9,0.2897225725094581,9.593551893743244,ok,-0.05630764386628086,0.04017414410063936,-0.11009099383932382,-0.002524293893237897,0.2636781852239147
B Cells|pDCs|MIF|TNFRSF14,44,9,9,0.28913043478260875,9.706135940968734,ok,-0.12722567105965588,0.46074752724271184,-0.46528445085762643,0.21083310873831468,0.7398633621471528
Non-classical Monocytes|pDCs|HLA-B|LILRB1,43,9,9,0.2897225725094581,9.593551893743244,ok,-0.05810781927475657,0.08686615731766244,-0.12462547028931091,0.008409831739797771,0.36943482215568985
B Cells|pDCs|CD22|PTPRC,44,9,9,0.28913043478260875,9.706135940968734,ok,-0.14260091963670446,0.03976333965627404,-0.2785277769509229,-0.0066740623224860185,0.2624605705357465
Non-classical Monocytes|pDCs|LGALS9|CD44,44,9,9,0.28913043478260875,9.706135940968734,ok,-0.022219695612956405,0.7957780168706032,-0.19048587169192865,0.14604648046601587,0.9106889878725469
pDCs|CD8 T Cells|LGALS9|CD44,43,9,9,0.406727828746178,9.723472367332304,ok,-0.03643141591280018,0.7067490251333608,-0.22622238774490333,0.15335955591930295,0.8719806182622135
pDCs|pDCs|LGALS1|PTPRC,44,9,9,0.28913043478260875,9.706135940968734,ok,-0.003062700496119425,0.9573257882500166,-0.11524386947876783,0.10911846848652898,0.9783197748344468
pDCs|Non-classical Monocytes|PSAP|LRP1,44,9,9,0.28913043478260875,9.706135940968734,ok,-0.09026533831340193,0.1644108041970711,-0.21750801660440783,0.036977339977603954,0.49557202300022724
Non-classical Monocytes|pDCs|GNAI2|CXCR3,43,9,9,0.2897225725094581,9.593551893743244,ok,-0.07664000417262858,0.399634725812959,-0.2549806483740208,0.10170064002876363,0.7083711386143706
pDCs|Classical Monocytes|APP|LRP1,44,9,9,0.28913043478260875,9.706135940968734,ok,-0.10420199223231195,0.19217952458710197,-0.260802698296297,0.05239871383167309,0.5241993115154844
pDCs|Non-classical Monocytes|SERPINF1|PLXDC2,43,9,9,0.2897225725094581,9.593551893743244,ok,-0.17736464770348537,0.09963927125022326,-0.3884828764541397,0.03375358104716897,0.38887777001400087
CD8 T Cells|pDCs|VIM|CD44,44,9,9,0.28913043478260875,9.706135940968734,ok,-0.023220202696172212,0.38282269589024187,-0.07536914949793977,0.028928744105595344,0.6979474815526319
pDCs|Non-classical Monocytes|LGALS9|CD47,43,9,9,0.406727828746178,9.723472367332304,ok,-0.21129310595491527,0.19855977318869167,-0.5334039727299613,0.11081776082013081,0.5311644908491981
pDCs|CD8 T Cells|APP|PTGER2,40,9,9,0.3191026410564224,9.41483556471317,ok,-0.18565012013963908,0.03182022531434763,-0.35515403033300985,-0.01614620994626831,0.2430856556800983
Classical Monocytes|pDCs|HLA-DPA1|CD4,43,9,9,0.2897225725094581,9.593551893743244,ok,-0.11362154326728374,0.07288671320690589,-0.237786158836451,0.010543072301883491,0.34978607102594306
NK Cells|pDCs|HLA-DPB1|CD4,43,9,9,0.2897225725094581,9.593551893743244,ok,-0.06593082128312922,0.519008330424069,-0.2663139612709968,0.1344523187047384,0.7728168551858351
pDCs|NK Cells|CALM1|PTPRA,44,9,9,0.28913043478260875,9.706135940968734,ok,-0.05567961180570297,0.5268083747968736,-0.22811210168740323,0.1167528780759973,0.7728168551858351
CD4 T Cells|pDCs|SELPLG|SELL,44,9,9,0.28913043478260875,9.706135940968734,ok,-0.24860901695546406,0.0001082988009566177,-0.3744780313912517,-0.1227400025196764,0.014843306248759956
pDCs|NK Cells|GNAS|PTGDR,43,9,9,0.2897225725094581,9.593551893743244,ok,-0.13999972987671408,0.28297635293897594,-0.39556959862125984,0.11557013886783171,0.6207750169465256
Classical Monocytes|pDCs|LGALS9|CD47,44,9,9,0.28913043478260875,9.706135940968734,ok,-0.04017998416636659,0.78882901868303,-0.3342130621140402,0.25385309378130705,0.9072315159762925
Classical Monocytes|pDCs|HLA-DMA|CD4,43,9,9,0.2897225725094581,9.593551893743244,ok,-0.14424424317644163,0.1528030320118807,-0.3419874389829705,0.05349895263008725,0.4778940464264188
CD4 T Cells|pDCs|HLA-B|LILRB1,43,9,9,0.2897225725094581,9.593551893743244,ok,-0.06556670012240161,0.035450820358018435,-0.1266688967822434,-0.0044645034625598115,0.2501470537052508
Non-classical Monocytes|pDCs|HLA-DQA1|CD4,42,9,9,0.31977818853974094,9.645412964401727,ok,-0.07968107181746821,0.5098412021483935,-0.3166338722457438,0.15727172861080735,0.7673533393347064
pDCs|Non-classical Monocytes|APP|LRP1,44,9,9,0.28913043478260875,9.706135940968734,ok,-0.14571555229550281,0.3187599893812002,-0.4321694807537964,0.14073837616279078,0.6485875927793106
pDCs|CD8 T Cells|S100A9|ITGB2,40,9,9,0.34634982397628283,9.38794611767732,ok,-0.1152584842578046,0.5261688410697963,-0.4716473528076539,0.2411303842920447,0.7728168551858351
pDCs|B Cells|LTB|CD40,44,9,9,0.28913043478260875,9.706135940968734,ok,-0.17131628739146343,0.037525839156778706,-0.33274623561837957,-0.009886339164547286,0.2535980110813724
Classical Monocytes|pDCs|ICAM1|IL2RG,37,9,9,0.5000000000000007,9.615102501857288,ok,-0.08292615476455109,0.6892267704838364,-0.4893537608043267,0.32350145127522445,0.8612458254862083
B Cells|pDCs|HLA-B|LILRB1,43,9,9,0.2897225725094581,9.593551893743244,ok,-0.06455010103528093,0.05910313952115446,-0.13158102965281596,0.002480827582254097,0.3210030654645452
pDCs|Non-classical Monocytes|HLA-DMB|CD4,44,9,9,0.28913043478260875,9.706135940968734,ok,-0.165303591479415,0.03668007277465557,-0.3203736910930896,-0.010233491865740407,0.2535980110813724
pDCs|Non-classical Monocytes|HLA-F|LILRB2,44,9,9,0.28913043478260875,9.706135940968734,ok,-0.33924939970043105,0.001835295507948819,-0.5526600942669951,-0.12583870513386694,0.05778700720973984
pDCs|pDCs|GNAI2|CXCR3,43,9,9,0.2897225725094581,9.593551893743244,ok,-0.2103443205404869,0.25274712992891957,-0.5708116396288063,0.1501229985478325,0.5978688454156168
CD8 T Cells|pDCs|HLA-C|LILRB1,43,9,9,0.2897225725094581,9.593551893743244,ok,-0.05570121642525929,0.10535022249870554,-0.12311441135615425,0.011711978505635663,0.4004339615366785
CD8 T Cells|pDCs|HLA-A|LILRB1,43,9,9,0.2897225725094581,9.593551893743244,ok,-0.06197968881866802,0.08642497619443411,-0.1328302804760933,0.008870902838757251,0.36943482215568985
pDCs|Non-classical Monocytes|APP|LRP10,44,9,9,0.28913043478260875,9.706135940968734,ok,-0.17042788231150363,0.10916360589416328,-0.378942271319882,0.038086506696874745,0.4031071181583722
pDCs|Classical Monocytes|S100A8|CD36,42,9,9,0.4067709895383096,9.61675791670661,ok,-0.0718921831292183,0.7712612387411515,-0.5565626765943601,0.4127783103359235,0.9023717330716501
NK Cells|pDCs|LGALS1|CD69,44,9,9,0.28913043478260875,9.706135940968734,ok,0.099713798807987,0.2960769570751953,-0.08732668107726166,0.28675427869323566,0.6327904477697144
pDCs|CD4 T Cells|LGALS1|ITGB1,44,9,9,0.28913043478260875,9.706135940968734,ok,-0.004459028088130035,0.9442358052159904,-0.1294040343301977,0.12048597815393765,0.972621320138487
Classical Monocytes|pDCs|PKM|CD44,44,9,9,0.28913043478260875,9.706135940968734,ok,-0.018683834200698905,0.7613786416710981,-0.13927373583007988,0.10190606742868205,0.8973253591773691
pDCs|pDCs|LGALS9|CD47,43,9,9,0.406727828746178,9.723472367332304,ok,-0.005391093757466658,0.9750515838524761,-0.34326236893354084,0.3324801814186075,0.9866872719048484
NK Cells|pDCs|HLA-DRB1|CD4,43,9,9,0.2897225725094581,9.593551893743244,ok,-0.03289296386721792,0.8113102415921382,-0.30293604181719885,0.23715011408276304,0.9189853490081098
Classical Monocytes|pDCs|HLA-B|LILRB1,43,9,9,0.2897225725094581,9.593551893743244,ok,-0.06677008284258687,0.08850215078374932,-0.14359914187319267,0.010058976188018931,0.37032635018357013
Classical Monocytes|pDCs|HLA-DQB1|CD4,43,9,9,0.2897225725094581,9.593551893743244,ok,-0.1072066829595517,0.6277613143193366,-0.5405533713868322,0.32614000546772887,0.8278304065267715
pDCs|Non-classical Monocytes|LGALS1|CD69,44,9,9,0.28913043478260875,9.706135940968734,ok,0.164090831902221,0.2557942755985354,-0.11892180217244391,0.44710346597688594,0.6014984391174095
pDCs|Classical Monocytes|GNAI2|C5AR1,44,9,9,0.28913043478260875,9.706135940968734,ok,-0.2927684979775572,0.14186909040216072,-0.683420635748195,0.09788363979308057,0.4588212265772975
Non-classical Monocytes|pDCs|HLA-A|LILRB1,43,9,9,0.2897225725094581,9.593551893743244,ok,-0.06151129482646043,0.28232143792304865,-0.1736476429789294,0.050625053326008536,0.6207750169465256
CD8 T Cells|pDCs|HLA-DPB1|CD4,43,9,9,0.2897225725094581,9.593551893743244,ok,-0.11606924026486728,0.4003003294655231,-0.3865431356597241,0.15440465512998955,0.7083711386143706
Non-classical Monocytes|pDCs|PKM|CD44,44,9,9,0.28913043478260875,9.706135940968734,ok,0.01225064112246517,0.8308391335728624,-0.10014613948475677,0.12464742172968711,0.9249821281774918
B Cells|pDCs|HLA-DOB|CD4,43,9,9,0.2897225725094581,9.593551893743244,ok,-0.18337631066265145,0.38131916117346587,-0.593911988589703,0.22715936726440009,0.6971371033160949
CD8 T Cells|pDCs|HLA-DRA|CD4,42,9,9,0.29141276119022974,9.568231126806875,ok,-0.1447895468681297,0.44164687838333805,-0.5136181112751013,0.22403901753884184,0.7260785466614943
NK Cells|pDCs|TGFB1|ITGB1,44,9,9,0.28913043478260875,9.706135940968734,ok,0.10344463242634358,0.533565425524526,-0.2222165931611456,0.4291058580138327,0.7728420643778361
CD4 T Cells|pDCs|HLA-A|LILRB1,43,9,9,0.2897225725094581,9.593551893743244,ok,-0.07256562690914914,0.08689792724824054,-0.15564190185947857,0.010510648041180293,0.36943482215568985
Non-classical Monocytes|pDCs|HLA-C|LILRB1,43,9,9,0.2897225725094581,9.593551893743244,ok,-0.0611741762580771,0.20317549412260916,-0.15539332529133276,0.033044972775178566,0.5373426802561627
pDCs|CD4 T Cells|SELPLG|ITGB2,44,9,9,0.28913043478260875,9.706135940968734,ok,-0.2985264020042015,0.01663384740887386,-0.5428577762342315,-0.05419502777417151,0.17957816968196022
pDCs|Non-classical Monocytes|SELPLG|SELL,44,9,9,0.28913043478260875,9.706135940968734,ok,-0.13982331894065314,0.35969266670685407,-0.43901913815405447,0.15937250027274819,0.6880688797886233
pDCs|Classical Monocytes|LGALS1|CD69,43,9,9,0.289841986455982,9.684523436133684,ok,0.05173875306460321,0.6763886237488907,-0.191210486141209,0.2946879922704154,0.8551196382717936
CD4 T Cells|pDCs|HLA-C|LILRB1,43,9,9,0.2897225725094581,9.593551893743244,ok,-0.0683847973634216,0.08769229206536693,-0.1468715655498144,0.01010197082297122,0.37015043571069733
pDCs|CD8 T Cells|HLA-F|CD8A,44,9,9,0.28913043478260875,9.706135940968734,ok,-0.2828345692104659,0.015184606029207933,-0.5111533129297641,-0.05451582549116779,0.17607273387292094
Classical Monocytes|pDCs|GNAI2|CXCR3,43,9,9,0.2897225725094581,9.593551893743244,ok,-0.03094569617627796,0.7737794337284851,-0.24195860841734862,0.1800672160647927,0.9028746418443675
Classical Monocytes|pDCs|LGALS9|PTPRC,44,9,9,0.28913043478260875,9.706135940968734,ok,-0.18181122966553376,0.08165408940836208,-0.3864689130676808,0.02284645373661326,0.36517087969574596
Non-classical Monocytes|pDCs|MIF|CD44_CD74,44,9,9,0.28913043478260875,9.706135940968734,ok,0.19965110976274197,0.1345660877302845,-0.06186031143149262,0.46116253095697657,0.44727387219909115
NK Cells|pDCs|HLA-DPA1|CD4,43,9,9,0.2897225725094581,9.593551893743244,ok,-0.0969171823163312,0.3986178943285118,-0.32195680496229356,0.12812244032963116,0.7083711386143706
pDCs|pDCs|CALM1|PTPRA,42,9,9,0.2903481495030794,9.479027523295706,ok,-0.25617105935619083,0.1960135230370853,-0.6444841425493647,0.13214202383698304,0.5267722130062384
pDCs|Classical Monocytes|S100A9|CD36,40,9,9,0.34634982397628283,9.38794611767732,ok,-0.041798862369202716,0.8515097917672347,-0.4794462748016908,0.39584855006328534,0.9354499745011354
CD8 T Cells|pDCs|HLA-DRB1|CD4,43,9,9,0.2897225725094581,9.593551893743244,ok,-0.0858224897623713,0.6789276237077668,-0.4921961233462032,0.32055114382146066,0.8569346496419809
Classical Monocytes|Non-classical Monocytes|TNFSF13B|TFRC,44,9,9,0.357142857142857,9.451221296424148,ok,-0.20372358085405465,0.2522652873031592,-0.5524905115027987,0.14504334979468944,0.5978688454156168
pDCs|Non-classical Monocytes|PTPN6|CLEC12A,43,9,9,0.2897225725094581,9.593551893743244,ok,-0.4569604383389196,0.008388396428678812,-0.796724503320337,-0.11719637335750221,0.12292429986680273
pDCs|Non-classical Monocytes|HMGB1|TLR2,44,9,9,0.28913043478260875,9.706135940968734,ok,-0.15910541132266764,0.019945157003657985,-0.2930934783292072,-0.02511734431612811,0.19289099260817555
Non-classical Monocytes|pDCs|HLA-DMB|CD4,43,9,9,0.2897225725094581,9.593551893743244,ok,-0.09966921068961752,0.3241558652693677,-0.29780029547715386,0.09846187409791883,0.6539248191148282
pDCs|Non-classical Monocytes|LGALS1|ITGB1,44,9,9,0.28913043478260875,9.706135940968734,ok,0.011144788041917514,0.8996931628702798,-0.16214804838032268,0.1844376244641577,0.9546018393114759
Classical Monocytes|pDCs|HLA-A|LILRB1,43,9,9,0.2897225725094581,9.593551893743244,ok,-0.0787032819187379,0.2075792477294135,-0.20110408916036698,0.04369752532289116,0.5421930917078804
Non-classical Monocytes|pDCs|CALM1|PTPRA,42,9,9,0.2903481495030794,9.479027523295706,ok,-0.16014670170084025,0.37667021852308225,-0.5151972336354971,0.19490383023381655,0.6971371033160949
Classical Monocytes|CD8 T Cells|APP|CD74,55,9,9,0.2666039693864313,9.583508814534738,ok,0.05521726984338364,0.44763232314376167,-0.08730102156730636,0.19773556125407366,0.729938369587654
Non-classical Monocytes|pDCs|CD14|ITGB2,44,9,9,0.28913043478260875,9.706135940968734,ok,-0.12865931998459773,0.5398309951763238,-0.5399797530842207,0.28266111311502523,0.7773833243268445
pDCs|pDCs|HLA-C|LILRB1,43,9,9,0.2897225725094581,9.593551893743244,ok,-0.08406869341467103,0.11891920381772839,-0.18973716474300056,0.02159977791365851,0.4197988629856582
pDCs|pDCs|PKM|CD44,44,9,9,0.28913043478260875,9.706135940968734,ok,-0.01438488311730788,0.9375316987650792,-0.3741262533890027,0.3453564871543869,0.9700556003229616
pDCs|pDCs|HLA-A|LILRB1,43,9,9,0.2897225725094581,9.593551893743244,ok,-0.09276626377393513,0.19254949544476052,-0.2322967390169756,0.04676421146910534,0.5241993115154844
pDCs|CD8 T Cells|LGALS1|ITGB1,42,9,9,0.2955576861617131,9.50260973948733,ok,0.11398618209392115,0.522205197287557,-0.23511743629235476,0.46308980048019704,0.7728168551858351
pDCs|pDCs|IL16|CD4,43,9,9,0.2897225725094581,9.593551893743244,ok,-0.18234200137530582,0.44827400871341383,-0.6536407011469805,0.2889566983963689,0.729938369587654
NK Cells|pDCs|IL16|CD4,43,9,9,0.2897225725094581,9.593551893743244,ok,-0.24320664578873608,0.24604605685035652,-0.6541320697033881,0.1677187781259159,0.5916277734379057
B Cells|pDCs|HLA-A|LILRB1,43,9,9,0.2897225725094581,9.593551893743244,ok,-0.07446863328289738,0.22187508472395856,-0.19395204948802133,0.045014782922226576,0.5583563982829806
pDCs|Classical Monocytes|TNFSF13B|HLA-DPB1,43,9,9,0.29496836396504955,10.466128767290163,ok,-0.1823492458052843,0.07482139070546213,-0.3829590594290687,0.018260567818500106,0.3541966012044522
Non-classical Monocytes|pDCs|MIF|TNFRSF14,44,9,9,0.28913043478260875,9.706135940968734,ok,-0.012447472258533931,0.9485118566680732,-0.39024606521578786,0.36535112069872,0.9740117347010183
Non-classical Monocytes|Non-classical Monocytes|TNFSF13B|TFRC,44,9,9,0.357142857142857,9.451221296424148,ok,-0.18500704891772868,0.2979402191519037,-0.5333794723012578,0.16336537446580046,0.6328939021992526
pDCs|NK Cells|LGALS9|CD47,43,9,9,0.406727828746178,9.723472367332304,ok,-0.3000191504751146,0.07781072660501619,-0.633456011429911,0.03341771047968184,0.36031705175449685
pDCs|CD4 T Cells|HLA-DQB1|CD4,43,9,9,0.2897225725094579,9.593551893743248,ok,-0.01049660636602571,0.9561908616809903,-0.38499845244739506,0.3640052397153436,0.9782186359377676
pDCs|pDCs|LGALS9|PTPRC,43,9,9,0.406727828746178,9.723472367332304,ok,-0.24021091674662953,0.08542455937606797,-0.5139277051069,0.03350587161364099,0.36943482215568985
pDCs|Non-classical Monocytes|GNAI2|FPR1,43,9,9,0.2978799739073713,9.622446034367913,ok,-0.2795993076787475,0.06298186098087633,-0.5743332496676585,0.01513463431016343,0.33125899793553465
pDCs|pDCs|S100A8|CD36,41,9,9,0.41170416392105164,9.52943608151083,ok,0.04997007403639589,0.853217789176815,-0.4793918455554085,0.5793319936282002,0.9354499745011354
Classical Monocytes|CD4 T Cells|APP|CD74,55,9,9,0.2666039693864313,9.583508814534738,ok,0.005921955360177401,0.9559606311623781,-0.20425810039046566,0.21610201111082045,0.9782186359377676
B Cells|pDCs|HLA-C|LILRB1,43,9,9,0.2897225725094581,9.593551893743244,ok,-0.0709797700403981,0.1752483403500047,-0.1736094857701799,0.0316499456893837,0.5069333090514706
B Cells|pDCs|CALM1|PTPRA,42,9,9,0.2903481495030794,9.479027523295706,ok,-0.21294750979373803,0.27854316235623855,-0.5981175849021675,0.1722225653146914,0.616339571025675
pDCs|Classical Monocytes|HLA-DMB|CD4,44,9,9,0.28913043478260875,9.706135940968734,ok,-0.15701594380256648,0.06621662207815632,-0.32454628032923727,0.010514392724104343,0.3377986706449884
pDCs|B Cells|LGALS9|CD44,43,9,9,0.406727828746178,9.723472367332304,ok,-0.1971149522319122,0.27399450397153613,-0.5502868298387313,0.15605692537490692,0.6138754001696373
pDCs|Classical Monocytes|GNAI2|FPR1,44,9,9,0.28913043478260875,9.706135940968734,ok,-0.1699161455680811,0.06752522574392393,-0.35208244468288286,0.012250153546720655,0.33991748672016187
pDCs|CD4 T Cells|HLA-DMA|CD4,43,9,9,0.2897225725094579,9.593551893743248,ok,-0.12106354384203333,0.05289365880641458,-0.2436390393726267,0.0015119516885600676,0.30523153499290845
CD8 T Cells|pDCs|LGALS1|PTPRC,44,9,9,0.28913043478260875,9.706135940968734,ok,-0.031676881514001026,0.87144470628999,-0.4153385779947837,0.3519848149667817,0.9413667652800785
B Cells|pDCs|IL16|CD4,43,9,9,0.2897225725094581,9.593551893743244,ok,-0.3120971503023396,0.15367290484513282,-0.7408550301802003,0.1166607295755211,0.4786869896913897
pDCs|NK Cells|LGALS9|CD44,43,9,9,0.406727828746178,9.723472367332304,ok,0.04682903385567787,0.8002322675259482,-0.31588380250932246,0.40954187022067823,0.9133828289577546
Non-classical Monocytes|NK Cells|APP|CD74,49,9,9,0.3208912135312301,9.33741821594297,ok,0.0830842245636678,0.5510043298955313,-0.19002352225751862,0.35619197138485426,0.7857038486270427
CD4 T Cells|pDCs|IL16|CD4,43,9,9,0.2897225725094581,9.593551893743244,ok,-0.3434906162166589,0.11581287468887613,-0.7715917458669588,0.08461051343364107,0.4134424293623564
pDCs|CD8 T Cells|CALM1|PTPRA,44,9,9,0.28913043478260875,9.706135940968734,ok,-0.1512854802409861,0.21085301360612885,-0.38826483373534315,0.085693873253371,0.5440614858275529
pDCs|Non-classical Monocytes|TGFB1|CXCR4,42,9,9,0.3736434108527131,9.75851472994371,ok,0.1363410624948205,0.6266314609903934,-0.4129664536244133,0.6856485786140543,0.8278304065267715
pDCs|pDCs|LGALS1|ITGB1,44,9,9,0.28913043478260875,9.706135940968734,ok,0.1519253270244395,0.20656919634120385,-0.08382689767859888,0.38767755172747786,0.5421930917078804
Non-classical Monocytes|pDCs|LGALS9|SLC1A5,39,9,9,0.4097118896253222,9.457362858883737,ok,-0.19770382970416625,0.24696582787161403,-0.5323980078670006,0.13699034845866817,0.5932271947843925
pDCs|Classical Monocytes|PTPN6|CLEC12A,43,9,9,0.2897225725094581,9.593551893743244,ok,-0.4042307136387957,0.041908853997839585,-0.79366654467662,-0.014794882600971337,0.27049204934893695
pDCs|CD4 T Cells|S100A8|ITGB2,42,9,9,0.4067709895383096,9.61675791670661,ok,-0.1517759672258499,0.5532921666113022,-0.6535612326933495,0.35000929824164967,0.7880016798315
CD8 T Cells|pDCs|HLA-DPA1|CD4,43,9,9,0.2897225725094581,9.593551893743244,ok,-0.056509078027406345,0.7673779302944757,-0.43092881798201116,0.31791066192719847,0.9002973703857644
pDCs|Classical Monocytes|ANXA2|TLR2,44,9,9,0.28913043478260875,9.706135940968734,ok,-0.16262193249540544,0.2680346580359465,-0.4503911336031633,0.1251472686123524,0.6134781465852214
Classical Monocytes|pDCs|HLA-C|LILRB1,43,9,9,0.2897225725094581,9.593551893743244,ok,-0.08844564553404222,0.21877731060197259,-0.22940537497495836,0.052514083906873926,0.5546802325381894
pDCs|CD8 T Cells|CD48|CD2,43,9,9,0.289841986455982,9.684523436133684,ok,-0.1564283815294704,0.3060691707882136,-0.4559814030988286,0.1431246400398878,0.6368711397260647
Classical Monocytes|pDCs|HLA-DMB|CD4,43,9,9,0.2897225725094581,9.593551893743244,ok,-0.3036397051979076,0.0857238001887449,-0.6499636775880415,0.04268426719222629,0.36943482215568985
pDCs|Classical Monocytes|TGFB1|CXCR4,42,9,9,0.3736434108527131,9.75851472994371,ok,0.032655964438559004,0.900931092122719,-0.48149750463721996,0.546809433514338,0.9546018393114759
pDCs|pDCs|S100A9|CD36,40,9,9,0.34634982397628283,9.38794611767732,ok,-0.06487667930544494,0.8198404601250195,-0.6231899829166773,0.4934366243057874,0.9225329633238832
pDCs|B Cells|LGALS9|CD47,43,9,9,0.406727828746178,9.723472367332304,ok,-0.135020772024794,0.36166798763061103,-0.4251307860823525,0.15508924203276447,0.6880688797886233
pDCs|NK Cells|TNFSF13B|HLA-DPB1,43,9,9,0.29496836396504955,10.466128767290163,ok,0.05679565651426435,0.7716619191162666,-0.32679076944899854,0.4403820824775272,0.9023717330716501
CD8 T Cells|pDCs|IL16|CD4,43,9,9,0.2897225725094581,9.593551893743244,ok,-0.3582241475711182,0.08535297182927346,-0.7663217896120688,0.04987349446983236,0.36943482215568985
Non-classical Monocytes|pDCs|CD14|ITGB1,44,9,9,0.28913043478260875,9.706135940968734,ok,0.07576822773551051,0.7035181825643109,-0.31443806467761354,0.46597452014863455,0.8706868430576387
pDCs|Classical Monocytes|LGALS1|ITGB1,44,9,9,0.28913043478260875,9.706135940968734,ok,0.08904298834808141,0.48619396036226104,-0.16157058666178217,0.33965656335794503,0.7564891328802478
pDCs|Non-classical Monocytes|CD52|SIGLEC10,43,9,9,0.3183307843565655,9.76731531517154,ok,-0.27061492388689296,0.2808251878693869,-0.7624197445627724,0.22118989678898648,0.6186818041791334
Classical Monocytes|pDCs|MIF|CD44_CD74,44,9,9,0.28913043478260875,9.706135940968734,ok,0.16672006898064218,0.30683037469627006,-0.15304387843021988,0.48648401639150424,0.6368711397260647
B Cells|pDCs|FAM3C|LAMP1,44,9,9,0.28913043478260875,9.706135940968734,ok,-0.0625231925148183,0.637865278232792,-0.32287364478934144,0.19782725975970483,0.8343617206968282
NK Cells|pDCs|GNAI2|CXCR3,43,9,9,0.2897225725094581,9.593551893743244,ok,-0.0854058918062866,0.6376931336563729,-0.44085929572821886,0.27004751211564565,0.8343617206968282
CD4 T Cells|pDCs|S100A9|CD36,42,9,9,0.2964240624499885,9.595374558459909,ok,0.13754890192522443,0.6371936085987002,-0.4340709166915687,0.7091687205420175,0.8343617206968282
CD4 T Cells|pDCs|TIMP1|CD63,44,9,9,0.28913043478260875,9.706135940968734,ok,-0.11371206473647866,0.493262530982017,-0.43901074015938246,0.21158661068642515,0.7591345749645386
pDCs|CD4 T Cells|CD48|CD2,43,9,9,0.289841986455982,9.684523436133684,ok,-0.09412461216876482,0.5737785393768688,-0.42209325177382734,0.23384402743629767,0.798636221385052
Classical Monocytes|pDCs|CALM1|PTPRA,42,9,9,0.2903481495030794,9.479027523295706,ok,-0.11679228039311107,0.5677338686098544,-0.5174079954885273,0.28382343470230526,0.7973598034122729
pDCs|CD4 T Cells|S100A9|ITGB2,40,9,9,0.34634982397628283,9.38794611767732,ok,-0.11740563778114516,0.589783848317889,-0.5442091715716817,0.30939789600939144,0.8088043412255425
pDCs|Non-classical Monocytes|HMGB1|HAVCR2,41,9,9,0.4080294765049285,10.322253846933938,ok,-0.04535033359621887,0.5007831714861348,-0.17737256177780858,0.08667189458537083,0.7641288733220002
pDCs|Non-classical Monocytes|GNAS|ADCY7,44,9,9,0.28913043478260875,9.706135940968734,ok,-0.14321640845498101,0.15630465159045215,-0.3412250268821145,0.05479220997215245,0.48109621955845905
pDCs|CD4 T Cells|LGALS9|CD47,43,9,9,0.406727828746178,9.723472367332304,ok,-0.21068526537432447,0.13635480476750855,-0.48791556601834235,0.06654503526969341,0.45000948315622513
pDCs|pDCs|SELPLG|ITGB2,44,9,9,0.28913043478260875,9.706135940968734,ok,-0.34810002582755634,0.05653625834982332,-0.7058906953925617,0.009690643737448934,0.3134112718451444
NK Cells|pDCs|VIM|CD44,44,9,9,0.28913043478260875,9.706135940968734,ok,0.04690834582859371,0.5543956313221406,-0.10860722584232121,0.20242391749950864,0.7882361956729499
pDCs|NK Cells|CD48|CD2,43,9,9,0.289841986455982,9.684523436133684,ok,-0.19737034924241065,0.25503101640015424,-0.5372349795019191,0.14249428101709777,0.6014395427250602
Classical Monocytes|B Cells|TNFSF13B|TNFRSF13C,51,9,9,0.2716800756458746,9.251186645126024,ok,-0.2463894935869958,0.07687725412967168,-0.5193614239003725,0.026582436726380998,0.35713739669872663
pDCs|NK Cells|TGFB1|ITGB1,42,9,9,0.3736434108527131,9.75851472994371,ok,0.12390719398168482,0.5769248655288037,-0.31140632227024667,0.5592207102336163,0.7992682473451412
pDCs|Classical Monocytes|LGALS9|CD47,43,9,9,0.406727828746178,9.723472367332304,ok,-0.04778075883975261,0.7620996224719662,-0.35713293962677817,0.2615714219472729,0.8977209910817397
Classical Monocytes|pDCs|MIF|TNFRSF14,44,9,9,0.28913043478260875,9.706135940968734,ok,-0.016379617711612962,0.8985557655275451,-0.2681991487482951,0.2354399133250692,0.9546018393114759
pDCs|CD8 T Cells|LGALS9|CD47,43,9,9,0.406727828746178,9.723472367332304,ok,-0.10179220178285098,0.5020418334717001,-0.39899886801780593,0.19541446445210398,0.7641417672695997
Classical Monocytes|pDCs|LGALS9|CD44,44,9,9,0.28913043478260875,9.706135940968734,ok,-0.07908145371278308,0.5938853972302045,-0.3697654537335371,0.21160254630797093,0.8105044797338006
pDCs|CD8 T Cells|TNFSF13B|HLA-DPB1,43,9,9,0.29496836396504955,10.466128767290163,ok,-0.11788204800674529,0.5703038238078688,-0.5249343742290131,0.2891702782155226,0.798636221385052
Classical Monocytes|pDCs|TGFB1|ITGB1,43,9,9,0.289841986455982,9.684523436133684,ok,0.20170320166623773,0.21664952043599606,-0.11827684699639546,0.5216832503288709,0.551666284989636
pDCs|Classical Monocytes|LTB|TNFRSF1A,44,9,9,0.28913043478260875,9.706135940968734,ok,-0.24767767098852406,0.0183001890102523,-0.45341695970132495,-0.04193838227572316,0.18796862102947656
pDCs|CD4 T Cells|CALM1|PTPRA,41,9,9,0.4084140372800167,9.640011607089008,ok,-0.16984180308303637,0.22861144628265984,-0.44633637115290214,0.10665276498682941,0.564418428189465
Non-classical Monocytes|pDCs|S100A12|CD36,41,9,9,0.30911576897746507,9.439950164462916,ok,0.022601847969665634,0.9345665589109818,-0.51696426252603,0.5621679584653612,0.969569269697615
CD4 T Cells|pDCs|HLA-DPB1|CD4,43,9,9,0.2897225725094581,9.593551893743244,ok,-0.12617791990609456,0.5539362594277757,-0.5440117595225606,0.29165591971037147,0.7882361956729499
Non-classical Monocytes|B Cells|TNFSF13B|TNFRSF13C,51,9,9,0.2716800756458746,9.251186645126024,ok,-0.2619395558875267,0.06783761001067608,-0.5430833016698002,0.019204189894746815,0.33991748672016187
pDCs|NK Cells|GNAI2|S1PR4,42,9,9,0.2910148341738133,9.499785342846948,ok,-0.4163096634719955,0.012256884137783582,-0.7420830830293812,-0.09053624391460985,0.15605759585265436
pDCs|CD4 T Cells|GNAI2|S1PR4,44,9,9,0.28913043478260875,9.706135940968734,ok,-0.5569906061365215,3.0753903031224974e-05,-0.8189222484892664,-0.29505896378377666,0.009805700700748144
CD4 T Cells|pDCs|PKM|CD44,44,9,9,0.28913043478260875,9.706135940968734,ok,-0.045887586319324436,0.6441981945668802,-0.24062731246495492,0.14885213982630605,0.8351667025158872
pDCs|B Cells|SELPLG|ITGB2,44,9,9,0.28913043478260875,9.706135940968734,ok,-0.43739769973767395,0.006578821982277262,-0.7528719583679602,-0.12192344110738773,0.11135908060262034
pDCs|Non-classical Monocytes|IL16|CD4,44,9,9,0.28913043478260875,9.706135940968734,ok,0.007328131966357926,0.9657067012904379,-0.32674257294108944,0.34139883687380534,0.9825749406142884
NK Cells|CD4 T Cells|ARF6|SMAP1,54,9,9,0.2666105263157893,9.476047857837969,ok,-0.2186902968424766,0.01884775483368883,-0.4011982369099927,-0.036182356774960484,0.1895263231308322
Non-classical Monocytes|pDCs|TGFB1|ITGB1,44,9,9,0.28913043478260875,9.706135940968734,ok,0.13098163650491412,0.35206339981594237,-0.14488428692801947,0.4068475599378477,0.6818850553376108
pDCs|CD8 T Cells|GNAI2|S1PR4,43,9,9,0.2897225725094579,9.593551893743248,ok,-0.4933580004935927,0.0006921577761171125,-0.7783738805091498,-0.20834212047803558,0.03665290041711074
Non-classical Monocytes|pDCs|CD14|ITGA4,37,9,9,0.37846655791190853,10.443375592709518,ok,-0.06985356111585372,0.7227990742454098,-0.45582084114400184,0.3161137189122944,0.8774921428055984
pDCs|NK Cells|SELPLG|ITGAM,43,9,9,0.289841986455982,9.684523436133684,ok,-0.2261316229858052,0.09595309399450982,-0.49235604062086713,0.04009279464925675,0.38452090072030215
Non-classical Monocytes|CD4 T Cells|ARF6|SMAP1,54,9,9,0.2666105263157893,9.476047857837969,ok,-0.3327788085914717,0.00011852379584689876,-0.5022273525960498,-0.16333026458689362,0.01494557657938416
pDCs|pDCs|LGALS1|CD69,44,9,9,0.28913043478260875,9.706135940968734,ok,0.07887503437208288,0.6290041877412003,-0.2411062673561999,0.39885633610036564,0.8285519071407096
pDCs|Non-classical Monocytes|LTB|TNFRSF1A,44,9,9,0.28913043478260875,9.706135940968734,ok,-0.32982102003208535,0.023410008225213216,-0.6150127455583568,-0.04462929450581388,0.21059968789477526
pDCs|Classical Monocytes|SELPLG|ITGAM,44,9,9,0.28913043478260875,9.706135940968734,ok,-0.3559143455839958,0.04692278951016379,-0.7069865865990874,-0.004842104568904271,0.28305759165599875
pDCs|Non-classical Monocytes|GNAI2|ADCY7,44,9,9,0.28913043478260875,9.706135940968734,ok,-0.3620990010163534,0.005641897170634514,-0.6185032455405461,-0.10569475649216065,0.10192947152440647
NK Cells|pDCs|TIMP1|CD63,43,9,9,0.289841986455982,9.684523436133684,ok,-0.004334697404648813,0.9833668848840067,-0.41184808961043334,0.4031786948011357,0.9923104555130946
pDCs|pDCs|LGALS9|CD44,43,9,9,0.406727828746178,9.723472367332304,ok,-0.10160883024477693,0.6269463829868821,-0.5113570542339604,0.30813939374440646,0.8278304065267715
CD4 T Cells|pDCs|CCL5|CXCR3,39,9,9,0.33919531041833223,9.342811876884124,ok,0.11405327475387791,0.5805321747931033,-0.2904658330536717,0.5185723825614275,0.801605404976999
Non-classical Monocytes|CD8 T Cells|APP|CD74,49,9,9,0.3208912135312301,9.33741821594297,ok,0.12765321037687083,0.27419370533899556,-0.10115867612182466,0.3564650968755663,0.6138754001696373
pDCs|Non-classical Monocytes|S100A8|CD69,42,9,9,0.4067709895383096,9.61675791670661,ok,0.26171664503096725,0.28698846140504386,-0.22004390271410157,0.7434771927760361,0.6249374907231329
pDCs|CD4 T Cells|HLA-DQA1|CD4,42,9,9,0.29141276119022946,9.568231126806879,ok,-0.054796971468794656,0.8602160332695646,-0.6646811109876278,0.5550871680500384,0.9354499745011354
Classical Monocytes|pDCs|RETN|CAP1,43,9,9,0.2907638633859714,9.611601662977707,ok,-0.18113260705999518,0.39815952106944497,-0.6013101467953836,0.23904493267539328,0.7083711386143706
pDCs|Non-classical Monocytes|GNAI2|S1PR4,44,9,9,0.28913043478260875,9.706135940968734,ok,-0.5406909645524167,0.0008729265290426997,-0.8590662423476109,-0.22231568675722257,0.03994966972421035
CD4 T Cells|pDCs|LGALS1|PTPRC,44,9,9,0.28913043478260875,9.706135940968734,ok,-0.06292331509645961,0.6696611159350763,-0.3520082401566168,0.2261616099636976,0.8512702612943468
Non-classical Monocytes|pDCs|ICAM1|SPN,37,9,9,0.9999999999999993,,not_estimable,,,,,
pDCs|Classical Monocytes|CALR|LRP1,44,9,9,0.28913043478260875,9.706135940968734,ok,-0.01742065051371819,0.8794295930972944,-0.2425068077678079,0.2076655067403715,0.9464284002973973
pDCs|Classical Monocytes|S100A8|CD69,41,9,9,0.4068464101787337,9.689951108391883,ok,0.2676457688035949,0.29629801653079757,-0.234626845475298,0.7699183830824878,0.6327904477697144
NK Cells|pDCs|SELPLG|ITGB2,44,9,9,0.28913043478260875,9.706135940968734,ok,-0.20205412330871875,0.11820670072291904,-0.45553127864278026,0.05142303202534276,0.4182284643703013
pDCs|Classical Monocytes|GNAS|ADCY7,44,9,9,0.28913043478260875,9.706135940968734,ok,-0.24519107134574802,0.04242517062772771,-0.48200163847749233,-0.008380504214003742,0.27146474333909887
Classical Monocytes|pDCs|ADAM17|ITGB1,44,9,9,0.28913043478260875,9.706135940968734,ok,0.05701119677854453,0.5631990680758264,-0.13627819436083768,0.25030058791792675,0.794634760713594
pDCs|pDCs|GNAS|ADCY7,34,9,9,0.4613655000925863,8.968120559461362,ok,0.1837819857802893,0.39655465860739814,-0.24109429687676218,0.6086582684373407,0.7083711386143706
pDCs|Non-classical Monocytes|ANXA2|TLR2,44,9,9,0.28913043478260875,9.706135940968734,ok,-0.042632037659699806,0.7230836541574029,-0.2784426148907407,0.19317853957134107,0.8774921428055984
pDCs|pDCs|S100A8|ITGB2,42,9,9,0.4067709895383096,9.61675791670661,ok,0.022703680084090794,0.9356321405570635,-0.5282859794233434,0.5736933395915251,0.969569269697615
pDCs|Non-classical Monocytes|CALR|LRP1,44,9,9,0.28913043478260875,9.706135940968734,ok,-0.07429507685549996,0.6552503734942956,-0.4004364320572349,0.25184627834623496,0.8411593233683057
pDCs|Non-classical Monocytes|S100A8|CD36,42,9,9,0.4067709895383096,9.61675791670661,ok,0.24641748217364312,0.3338353472669855,-0.253334878196469,0.7461698425437553,0.664434399443319
Non-classical Monocytes|CD4 T Cells|APP|CD74,49,9,9,0.3208912135312301,9.33741821594297,ok,0.11369148333647286,0.5033794418408468,-0.21929900551938744,0.4466819721923332,0.7650842136263359
NK Cells|pDCs|ARF6|SMAP1,36,9,9,0.4210114294661027,9.208597985158749,ok,0.0040889005412903245,0.984565363980921,-0.41016939910872463,0.4183472001913052,0.9924837729587609
pDCs|Classical Monocytes|CD47|SIRPA,43,9,9,0.2978799739073713,9.622446034367911,ok,0.07452754043038283,0.5207673697017627,-0.15294009722397817,0.3019951780847438,0.7728168551858351
Classical Monocytes|pDCs|SIRPA|CD47,43,9,9,0.2978799739073713,9.622446034367911,ok,0.07452754043038283,0.5207673697017627,-0.15294009722397817,0.3019951780847438,0.7728168551858351
CD8 T Cells|pDCs|GNAI2|CXCR3,43,9,9,0.2897225725094581,9.593551893743244,ok,-0.04325960633214426,0.8004840071810021,-0.3787574563011177,0.29223824363682915,0.9133828289577546
Non-classical Monocytes|pDCs|GNAI2|ADCY7,34,9,9,0.4613655000925863,8.968120559461362,ok,0.09502560260922834,0.7015789392951819,-0.39101732568253666,0.5810685309009933,0.8699728198817317
Classical Monocytes|CD4 T Cells|ARF6|SMAP1,54,9,9,0.2666105263157893,9.476047857837969,ok,-0.3247754872328914,0.006382723987060006,-0.5581619245530599,-0.09138904991272287,0.11064824799968034
CD8 T Cells|pDCs|LGALS1|ITGB1,44,9,9,0.28913043478260875,9.706135940968734,ok,0.08954540712621478,0.643988470677207,-0.2902307823628894,0.46932159661531897,0.8351667025158872
Non-classical Monocytes|pDCs|ARF6|SMAP1,36,9,9,0.4210114294661027,9.208597985158749,ok,-0.05299101730904322,0.7809351328510157,-0.42645473620362584,0.3204727015855394,0.9051879425109698
Classical Monocytes|pDCs|LGALS9|SLC1A5,39,9,9,0.4097118896253222,9.457362858883737,ok,-0.08812350221897741,0.574321337738928,-0.3956173569222438,0.219370352484289,0.798636221385052
CD8 T Cells|pDCs|PKM|CD44,44,9,9,0.28913043478260875,9.706135940968734,ok,-0.043410917535490506,0.7311248727794757,-0.29101426342263126,0.20419242835165027,0.8830312503400716
pDCs|NK Cells|LRPAP1|SORL1,43,9,9,0.2978799739073713,9.622446034367911,ok,-0.04338268338449261,0.46740309585136885,-0.16038725977794135,0.07362189300895614,0.7454135614878092
pDCs|B Cells|GNAI2|S1PR4,41,9,9,0.3232017762125332,9.537586662367705,ok,-0.48698561369000004,0.00015500030909532987,-0.7392972394762773,-0.2346739879037228,0.016415941826914485
NK Cells|pDCs|PKM|CD44,44,9,9,0.28913043478260875,9.706135940968734,ok,-0.015341535848292565,0.9157597129335249,-0.2996094843137743,0.2689264126171892,0.9602700860194028
pDCs|Classical Monocytes|GNAI2|ADCY7,44,9,9,0.28913043478260875,9.706135940968734,ok,-0.34941174827628535,0.00394741510095471,-0.5870089617055329,-0.11181453484703782,0.08438052463508693
pDCs|pDCs|GNAI2|ADCY7,34,9,9,0.4613655000925863,8.968120559461362,ok,-0.015591219757997127,0.926276149026269,-0.3458397162652719,0.31465727674927757,0.9654225804331601
pDCs|CD4 T Cells|ARF6|SMAP1,43,9,9,0.406727828746178,9.723472367332304,ok,-0.13931421087633292,0.36458423945827856,-0.44047393922477673,0.16184551747211093,0.6880688797886233
B Cells|CD4 T Cells|ARF6|SMAP1,54,9,9,0.2666105263157893,9.476047857837969,ok,-0.20765955894720212,0.027241257400205356,-0.39198803800804105,-0.02333107988636321,0.22525571644112313
pDCs|B Cells|TNFSF13B|CD40,43,9,9,0.29496836396504955,10.466128767290163,ok,-0.3051952661368589,0.04296931591080921,-0.6007334721976354,-0.009657060076082413,0.27206115780485174
pDCs|B Cells|S100A8|ITGB2,42,9,9,0.4067709895383096,9.61675791670661,ok,0.16837934771045976,0.473333333616864,-0.2918536398398085,0.628612335260728,0.7492300729125633
pDCs|pDCs|S100A9|ITGB2,40,9,9,0.34634982397628283,9.38794611767732,ok,-0.046004794960569306,0.8711589011546663,-0.6019553714175353,0.5099457814963967,0.9413667652800785
pDCs|Non-classical Monocytes|S100A9|CD36,40,9,9,0.34634982397628283,9.38794611767732,ok,0.20330907780042,0.49061473405210754,-0.37475607723731236,0.7813742328381523,0.7579560934833545
Classical Monocytes|pDCs|ICAM1|SPN,37,9,9,0.5000000000000007,9.615102501857288,ok,-0.05649039373149409,0.6033710251616387,-0.26959256455181035,0.1566117770888222,0.817357260829429
CD4 T Cells|pDCs|GNAI2|CXCR3,43,9,9,0.2897225725094581,9.593551893743244,ok,-0.010448295809002972,0.9469545806349904,-0.3182460324157753,0.29734944079776937,0.9728413460668112
Non-classical Monocytes|pDCs|SELPLG|ITGB2,44,9,9,0.28913043478260875,9.706135940968734,ok,-0.26950355390660746,0.0316715737164837,-0.5153539460669152,-0.023653161746299722,0.2430856556800983
Classical Monocytes|pDCs|ARF6|SMAP1,36,9,9,0.4210114294661027,9.208597985158749,ok,-0.10499436055122927,0.526366751399739,-0.42980106845734933,0.21981234735489083,0.7728168551858351
pDCs|pDCs|LGALS9|SLC1A5,39,9,9,0.4097118896253222,9.457362858883737,ok,-0.14401034739696422,0.3790209056489434,-0.46486351949061355,0.1768428246966851,0.6971371033160949
pDCs|Non-classical Monocytes|HLA-F|LILRB1,44,9,9,0.28913043478260875,9.706135940968734,ok,-0.20798141221557243,0.15704136269544264,-0.4960446048575777,0.08008178042643282,0.48216284852295505
CD4 T Cells|pDCs|S100A9|ITGB2,43,9,9,0.289841986455982,9.684523436133684,ok,0.054563105840734816,0.8547052879956832,-0.5294407315231289,0.6385669432045984,0.9354499745011354
Classical Monocytes|pDCs|APP|TNFRSF21,42,9,9,0.31977818853974094,9.645412964401727,ok,-0.11117570640640848,0.4050909846219046,-0.37289796050026847,0.15054654768745154,0.7083711386143706
CD8 T Cells|pDCs|TIMP1|CD63,43,9,9,0.406727828746178,9.723472367332304,ok,-0.11892734156859008,0.5862845456057666,-0.5472281291990191,0.3093734460618389,0.8064973047714561
B Cells|pDCs|VIM|CD44,44,9,9,0.28913043478260875,9.706135940968734,ok,-0.0673712827480146,0.4758418660056407,-0.25256640649400447,0.11782384099797527,0.7521787976886993
B Cells|pDCs|GNAI2|CXCR3,41,9,9,0.2942086648983201,9.381756994320007,ok,-0.10333990782866692,0.5319545845564368,-0.4273948898046403,0.22071507414730646,0.7728420643778361
pDCs|Classical Monocytes|IL16|CD4,44,9,9,0.28913043478260875,9.706135940968734,ok,0.07653826437656636,0.6620320757813254,-0.2666533313694603,0.419729860122593,0.8470811293632554
pDCs|CD4 T Cells|HLA-DMB|CD4,43,9,9,0.2897225725094579,9.593551893743248,ok,-0.3399626681786884,0.0009006332934952935,-0.5406684325417956,-0.13925690381558117,0.03994966972421035
Classical Monocytes|pDCs|GNAI2|ADCY7,34,9,9,0.4613655000925863,8.968120559461362,ok,0.19203998452093618,0.4059181433980462,-0.2608444552904675,0.6449244243323399,0.7083711386143706
CD4 T Cells|pDCs|HLA-DPA1|CD4,39,9,9,0.3402922755741127,10.148446853962534,ok,-0.10817413025216266,0.6555834127596318,-0.5835290542978839,0.3671807937935586,0.8411593233683057
CD4 T Cells|pDCs|CD40LG|CD53,44,9,9,0.28913043478260875,9.706135940968734,ok,-0.36569002452450117,0.04137177146663964,-0.7170698870030214,-0.014310162045980901,0.2685131685717837
B Cells|pDCs|ADAM28|ITGA4,37,9,9,0.37846655791190853,10.443375592709518,ok,0.015450366643117122,0.9298452394182491,-0.32851051379904916,0.3594112470852834,0.9672050927877324
CD8 T Cells|pDCs|LGALS1|CD69,44,9,9,0.28913043478260875,9.706135940968734,ok,0.016576180024646392,0.9442286708832279,-0.44784016907480945,0.48099252912410223,0.972621320138487
pDCs|Non-classical Monocytes|FABP5|RXRA,44,9,9,0.28913043478260875,9.706135940968734,ok,-0.21425346505072546,0.17040339776054036,-0.5205678492662007,0.09206091916474973,0.5038577624137804
pDCs|pDCs|ARF6|SMAP1,36,9,9,0.4210114294661027,9.208597985158749,ok,0.038063409832802736,0.8224137047848948,-0.2943300176377118,0.37045683730331735,0.9225921676209943
B Cells|pDCs|ARF6|SMAP1,36,9,9,0.4210114294661027,9.208597985158749,ok,0.028555312952321277,0.8903782322685316,-0.37751855895218955,0.4346291848568321,0.9512717112629278
pDCs|Classical Monocytes|FABP5|RXRA,44,9,9,0.28913043478260875,9.706135940968734,ok,-0.06237005285154072,0.6385740789074548,-0.32263143927745525,0.19789133357437377,0.8343617206968282
pDCs|Non-classical Monocytes|CALM1|PTPRA,41,9,9,0.40995496752082256,9.658828103164234,ok,-0.14876103736480767,0.42590995351822347,-0.5149536937849579,0.21743161905534253,0.7129096204723137
pDCs|B Cells|S100A9|ITGB2,40,9,9,0.34634982397628283,9.38794611767732,ok,0.08453357546361237,0.7764536887811951,-0.49897254585561057,0.6680396967828354,0.9034908251869366
pDCs|Classical Monocytes|LGALS9|LRP1,43,9,9,0.406727828746178,9.723472367332304,ok,-0.017510514829836482,0.9113938019822496,-0.32591974424943604,0.29089871458976313,0.9597046428841838
B Cells|pDCs|PKM|CD44,44,9,9,0.28913043478260875,9.706135940968734,ok,-0.05655775780678737,0.7467993493296105,-0.39989634830281173,0.28678083268923693,0.8900473063621445
CD8 T Cells|CD4 T Cells|ARF6|SMAP1,54,9,9,0.2666105263157893,9.476047857837969,ok,-0.1801078069085652,0.2194667126215717,-0.4675833238753886,0.10736771005825818,0.5556941642823945
pDCs|CD4 T Cells|TGFB1|ITGB1,42,9,9,0.3736434108527131,9.75851472994371,ok,0.011396952829249019,0.9509251827380749,-0.35155080038032244,0.3743447060388205,0.9760597690659535
pDCs|Non-classical Monocytes|LGALS9|LRP1,43,9,9,0.406727828746178,9.723472367332304,ok,0.06417543743432258,0.6652879263198235,-0.226565566873295,0.35491644174194015,0.8482633604432159
B Cells|pDCs|LGALS1|PTPRC,42,9,9,0.294871794871795,10.134658455937258,ok,-0.20132367622274538,0.2982645076958028,-0.5806752044653376,0.1780278520198469,0.6328939021992526
pDCs|Non-classical Monocytes|TNFSF13B|TFRC,37,9,9,0.430809399477807,10.956688163896827,ok,0.039400136266856754,0.634303330606462,-0.12294233467440754,0.20174260720812107,0.8339217804909829
pDCs|pDCs|TGFB1|ITGB1,42,9,9,0.3736434108527131,9.75851472994371,ok,0.06840859212530387,0.6379956645500378,-0.21655955068165111,0.35337673493225885,0.8343617206968282
Non-classical Monocytes|Non-classical Monocytes|APP|LRP1,49,9,9,0.3208912135312301,9.33741821594297,ok,0.0008702222679082606,0.4159922337016396,-0.0012266759551765637,0.002967120490993085,0.7083711386143706
Non-classical Monocytes|NK Cells|APP|PTGER2,49,9,9,0.3208912135312301,9.33741821594297,ok,-0.00479234932006551,0.9334473164611451,-0.11727007145272247,0.10768537281259144,0.9694952302755604
Non-classical Monocytes|NK Cells|APP|LRP10,49,9,9,0.3208912135312301,9.33741821594297,ok,0.002976199107061827,0.40618218551856355,-0.004046466693419679,0.009998864907543332,0.7083711386143706
Non-classical Monocytes|Classical Monocytes|ADAM17|IL6R,52,9,9,0.26839984143763196,9.384521108089235,ok,0.018791471628733625,0.20034065312088356,-0.009969371514455278,0.047552314771922524,0.5333536633626731
Non-classical Monocytes|Classical Monocytes|ADAM10|IL6R,52,9,9,0.26839984143763196,9.384521108089235,ok,0.003287275325054349,0.41025414233024493,-0.0045370841516307325,0.01111163480173943,0.7083711386143706
Non-classical Monocytes|CD8 T Cells|APP|PTGER2,46,9,9,0.3557894736842099,9.181974053565142,ok,-0.01092266404252205,0.4696959761024022,-0.04053373419222689,0.018688406107182788,0.7470249995348786
Non-classical Monocytes|pDCs|APP|TNFRSF21,38,9,9,0.49999999999999994,9.329197059973383,ok,0.00014324203498968652,0.9988922217491384,-0.20206816954982124,0.20235465361980062,0.9996684807878772
Non-classical Monocytes|pDCs|ADAM17|ITGB1,44,9,9,0.28913043478260875,9.706135940968734,ok,-0.02589548064881865,0.6106995801732678,-0.12559434398604635,0.07380338268840904,0.8224662547240512
Non-classical Monocytes|pDCs|ADAM10|CD44,44,9,9,0.28913043478260875,9.706135940968734,ok,-0.03970531007310361,0.8170155597825663,-0.3760318202186726,0.29662120007246534,0.9214942652039222
Non-classical Monocytes|pDCs|HBEGF|CD44,36,9,9,0.9999999999999999,,not_estimable,,,,,
Non-classical Monocytes|pDCs|GNAS|ADCY7,34,9,9,0.4613655000925863,8.968120559461362,ok,0.13274540393007,0.48536516573738,-0.24016044680976162,0.5056512546699017,0.7564554088080906
Non-classical Monocytes|B Cells|APP|LRP10,49,9,9,0.3208912135312301,9.33741821594297,ok,0.00018399782534288633,0.4159922337016393,-0.00025936558563988577,0.0006273612363256584,0.7083711386143706
Non-classical Monocytes|pDCs|HLA-F|LILRB1,43,9,9,0.2897225725094581,9.593551893743244,ok,-0.34534101490301405,0.01564251326682173,-0.6253631837637651,-0.06531884604226301,0.17607273387292094
NK Cells|pDCs|LRPAP1|SORL1,39,9,9,0.4120345862008117,9.262937776070336,ok,-0.11767824084662482,0.177658152360347,-0.2887798664683575,0.053423384775107885,0.5085521070224066
NK Cells|pDCs|HLA-F|LILRB1,43,9,9,0.2897225725094581,9.593551893743244,ok,-0.3153121889188023,0.08586745675143319,-0.6751144179538574,0.044490040116252794,0.36943482215568985
Non-classical Monocytes|pDCs|IL16|CD4,42,9,9,0.2910148341738137,9.499785342846945,ok,-0.09089708668142807,0.6489603494237797,-0.48226854951474796,0.3004743761518919,0.8391107736722567
NK Cells|pDCs|GNAS|ADCY7,34,9,9,0.4613655000925863,8.968120559461362,ok,-0.023138025680724927,0.7761774986372848,-0.1826493697547089,0.13637331839325906,0.9034908251869366
NK Cells|pDCs|GNAI2|ADCY7,34,9,9,0.4613655000925863,8.968120559461362,ok,0.02872736311736282,0.5439350620441099,-0.0640508262673539,0.12150555250207953,0.7813896822717639
Non-classical Monocytes|pDCs|PSEN1|CD44,44,9,9,0.28913043478260875,9.706135940968734,ok,-0.13193334604018947,0.4088960392351998,-0.4450512106912621,0.18118451861088314,0.7083711386143706
Non-classical Monocytes|pDCs|LRPAP1|SORL1,39,9,9,0.4120345862008117,9.262937776070336,ok,-0.16007924974851268,0.25844268613336363,-0.43771417478018215,0.1175556752831568,0.6057189101952472
Non-classical Monocytes|pDCs|LILRB4|LAIR1,43,9,9,0.2897225725094581,9.593551893743244,ok,-0.129938696675262,0.5744191317060249,-0.5834563195130277,0.3235789261625037,0.798636221385052
Non-classical Monocytes|pDCs|SECTM1|CD7,41,9,9,0.2927181864632792,9.38367892101203,ok,-0.01809004893782422,0.6217750127619291,-0.08995957764657245,0.05377947977092401,0.8262170272396567
Non-classical Monocytes|pDCs|PSEN1|NOTCH4,39,9,9,0.4999999999999997,9.461403709848433,ok,-0.08701920521906407,0.30237959416696814,-0.252390342534796,0.07835193209666781,0.6338419579885247
Non-classical Monocytes|pDCs|VCAN|ITGB1,43,9,9,0.2978799739073713,9.622446034367911,ok,0.15074570282708843,0.4849496380877262,-0.2723233340836953,0.5738147397378721,0.7563136926000013
Non-classical Monocytes|pDCs|VCAN|ITGA4,37,9,9,0.37846655791190853,10.443375592709518,ok,0.044765301720220196,0.8192033840558373,-0.3390930250534635,0.4286236284939039,0.9225329633238832
Non-classical Monocytes|pDCs|VCAN|CD44,43,9,9,0.2978799739073713,9.622446034367911,ok,0.09284802565939838,0.5744696596743979,-0.23125693431291605,0.4169529856317128,0.798636221385052
Non-classical Monocytes|pDCs|TIMP2|ITGB1,44,9,9,0.28913043478260875,9.706135940968734,ok,0.01810192955019478,0.5927672775979357,-0.04823525547820273,0.0844391145785923,0.8105044797338006
Non-classical Monocytes|pDCs|TIMP2|CD44,44,9,9,0.28913043478260875,9.706135940968734,ok,-0.08026181656237003,0.6563208797783604,-0.4337692782043648,0.27324564507962473,0.8411593233683057
Classical Monocytes|pDCs|TIMP2|ITGB1,44,9,9,0.28913043478260875,9.706135940968734,ok,0.00946922608520653,0.9289127786162847,-0.19856525237580736,0.21750370454622042,0.9670691022316252
Classical Monocytes|pDCs|TIMP2|CD44,44,9,9,0.28913043478260875,9.706135940968734,ok,0.046342064988276976,0.7967460693321882,-0.3063081131642903,0.39899224314084425,0.9109020321609413
Classical Monocytes|pDCs|SELPLG|ITGB2,44,9,9,0.28913043478260875,9.706135940968734,ok,-0.07886894059884353,0.624895495560511,-0.39503316950367645,0.2372952883059894,0.8278304065267715
Classical Monocytes|pDCs|PSEN1|NOTCH4,39,9,9,0.4999999999999997,9.461403709848433,ok,-0.05432750738745194,0.42182645853187817,-0.18688784084212856,0.07823282606722469,0.7100241771048823
Classical Monocytes|pDCs|PSEN1|CD44,44,9,9,0.28913043478260875,9.706135940968734,ok,-0.0993399802415455,0.4993768025611368,-0.38758757196641797,0.18890761148332696,0.7641288733220002
Classical Monocytes|pDCs|HLA-F|LILRB1,43,9,9,0.2897225725094581,9.593551893743244,ok,-0.14506341394765282,0.08812419568283807,-0.3117826326338706,0.02165580473856496,0.37032635018357013
Classical Monocytes|pDCs|HBEGF|CD44,41,9,9,1.0,,not_estimable,,,,,
Classical Monocytes|pDCs|GNAS|ADCY7,34,9,9,0.4613655000925863,8.968120559461362,ok,0.0030210282054086157,0.9848165163436289,-0.308111409698914,0.3141534661097312,0.9924837729587609
Classical Monocytes|pDCs|APP|LRP10,43,9,9,0.2897225725094579,9.593551893743248,ok,-0.02493366893765365,0.3804323881544106,-0.08065034848379182,0.03078301060848452,0.6971371033160949
Classical Monocytes|pDCs|ADAM15|ITGB1,41,9,9,0.40955450167542545,10.271108248947586,ok,-0.0019071028438434182,0.37499847837278344,-0.006120432581976061,0.0023062268942892245,0.6971371033160949
Classical Monocytes|pDCs|ADAM10|CD44,44,9,9,0.28913043478260875,9.706135940968734,ok,-0.018016601125431506,0.9092354876803357,-0.3277621132043488,0.29172891095348574,0.9597046428841838
Classical Monocytes|Non-classical Monocytes|APP|PTGER2,55,9,9,0.2666039693864313,9.583508814534738,ok,0.0008678880703874269,0.41016229795919656,-0.0011974503530099156,0.0029332264937847697,0.7083711386143706
Classical Monocytes|Non-classical Monocytes|APP|LRP1,55,9,9,0.2666039693864313,9.583508814534738,ok,0.002606180921972155,0.41016229795919623,-0.0035958234379580103,0.00880818528190232,0.7083711386143706
Classical Monocytes|NK Cells|APP|PTGER2,55,9,9,0.2666039693864313,9.583508814534738,ok,-0.0521362798378376,0.47769690942267606,-0.19605677778615715,0.09178421811048197,0.7528784409298113
Classical Monocytes|NK Cells|APP|LRP10,55,9,9,0.2666039693864313,9.583508814534738,ok,0.030863246251729863,0.04654461445507934,0.0004722580986383333,0.06125423440482139,0.282419145000872
Classical Monocytes|Classical Monocytes|ADAM17|IL6R,52,9,9,0.26839984143763196,9.384521108089235,ok,0.07638711822534448,0.20981458309023682,-0.04299644896206496,0.19577068541275394,0.543586626767109
Classical Monocytes|CD8 T Cells|APP|PTGER2,51,9,9,0.2901024396020844,9.383438958307988,ok,-0.04979851891206888,0.4213764504883991,-0.17119029676593678,0.071593258941799,0.7100241771048823
Classical Monocytes|B Cells|APP|LRP10,55,9,9,0.2666039693864313,9.583508814534738,ok,0.0029820991725224466,0.41016229795919656,-0.004114488755737266,0.010078687100782158,0.7083711386143706
CD8 T Cells|pDCs|SELPLG|ITGB2,44,9,9,0.28913043478260875,9.706135940968734,ok,-0.12035573534957826,0.3946430326300545,-0.39747663214405704,0.1567651614449005,0.7083711386143706
CD8 T Cells|pDCs|LRPAP1|SORL1,39,9,9,0.4120345862008117,9.262937776070336,ok,-0.03205694346731952,0.5245229519036101,-0.13078659025711353,0.0666727033224745,0.7728168551858351
CD8 T Cells|pDCs|HLA-F|LILRB1,43,9,9,0.2897225725094581,9.593551893743244,ok,-0.35193234033327386,0.03269039277208074,-0.6748809384769154,-0.028983742189632233,0.24335020817555308
CD8 T Cells|pDCs|GNAS|ADCY7,34,9,9,0.4613655000925863,8.968120559461362,ok,0.007298634550733291,0.9420802406523094,-0.18959018844853598,0.20418745755000256,0.9725507136552419
CD8 T Cells|pDCs|GNAI2|ADCY7,34,9,9,0.4613655000925863,8.968120559461362,ok,0.006757466712120436,0.7662220404926724,-0.03778841404086573,0.0513033474651066,0.8997752523957792
CD8 T Cells|pDCs|ARF6|SMAP1,36,9,9,0.4210114294661027,9.208597985158749,ok,-0.03845751760202275,0.8283271353902607,-0.3860535183468219,0.30913848314277637,0.9245429687378013
pDCs|B Cells|TNFSF13B|TNFRSF13C,41,9,9,0.2984749455337692,10.371984032622779,ok,-0.041875515450474445,0.6885670057965881,-0.24665195845439894,0.16290092755345006,0.8612458254862083
pDCs|B Cells|SEMA4D|CD72,36,9,9,0.4444444444444446,9.729198790980726,ok,0.09252239015982833,0.10896327012787095,-0.020612491219716186,0.20565727153937285,0.4031071181583722
pDCs|CD4 T Cells|IL16|CD4,43,9,9,0.2897225725094579,9.593551893743248,ok,0.0015889694869298428,0.9888100345600764,-0.2204661177957739,0.22364405676963361,0.9936903924411716
pDCs|CD4 T Cells|LRPAP1|SORL1,43,9,9,0.2978799739073713,9.622446034367911,ok,-0.08769605059434853,0.20119805879711128,-0.22217297377059264,0.0467808725818956,0.5333536633626731
pDCs|CD4 T Cells|TNFSF13B|HLA-DPB1,43,9,9,0.29496836396504955,10.466128767290163,ok,0.008565422856896918,0.9552674667303734,-0.2907201391420762,0.30785098485587004,0.9782186359377676
pDCs|CD8 T Cells|LRPAP1|SORL1,43,9,9,0.2978799739073713,9.622446034367911,ok,-0.046377408122950964,0.4339675919914334,-0.16255287871056762,0.06979806246466567,0.7176327106742654
pDCs|CD8 T Cells|TGFB1|ITGB1,40,9,9,0.37375116351225607,9.541434346754592,ok,-0.11746893424867214,0.5070685280640925,-0.4645170115883672,0.22957914309102292,0.7662564122936025
CD4 T Cells|pDCs|SELPLG|ITGB2,44,9,9,0.28913043478260875,9.706135940968734,ok,-0.15195478340642693,0.29713169264079875,-0.4376105799256386,0.13370101311278476,0.6328939021992526
CD4 T Cells|pDCs|LRPAP1|SORL1,39,9,9,0.4120345862008117,9.262937776070336,ok,-0.023608572417842866,0.6655622355371049,-0.1306584782444595,0.08344133340877377,0.8482633604432159
pDCs|Classical Monocytes|HLA-F|LILRB2,44,9,9,0.28913043478260875,9.706135940968734,ok,-0.2002241251315766,0.11127162019249083,-0.44664874979065233,0.046200499527499106,0.40540320105144656
CD4 T Cells|pDCs|LGALS1|ITGB1,44,9,9,0.28913043478260875,9.706135940968734,ok,0.06989721415262534,0.6986775767740074,-0.2840005458790481,0.4237949741842988,0.8672982173060402
CD4 T Cells|pDCs|LGALS1|CD69,44,9,9,0.28913043478260875,9.706135940968734,ok,0.09535010358596879,0.6555253546126907,-0.3235760725739272,0.5142762797458648,0.8411593233683057
CD4 T Cells|pDCs|HLA-F|LILRB1,43,9,9,0.2897225725094581,9.593551893743244,ok,-0.2856157107935023,0.021865530606272186,-0.529780912463146,-0.041450509123858614,0.20460516591411324
pDCs|Classical Monocytes|ICAM3|ITGAL,43,9,9,0.29496836396504955,10.466128767290163,ok,-0.01424167408158207,0.8465911792758443,-0.15851840934267242,0.13003506117950825,0.9335340500296816
CD4 T Cells|pDCs|GNAS|ADCY7,34,9,9,0.4613655000925863,8.968120559461362,ok,-0.017747574498454724,0.7564091374931874,-0.1298837646941906,0.09438861569728114,0.89645611172128
CD4 T Cells|pDCs|GNAI2|ADCY7,34,9,9,0.4613655000925863,8.968120559461362,ok,0.003993489450947289,0.7662220404926733,-0.022331983163091727,0.030318962064986306,0.8997752523957792
CD4 T Cells|pDCs|ARF6|SMAP1,36,9,9,0.4210114294661027,9.208597985158749,ok,-0.12764481593309435,0.4273589219843379,-0.4428434945201962,0.18755386265400753,0.71309976273323
pDCs|Classical Monocytes|LRPAP1|SORL1,42,9,9,0.32816329810744604,9.675641147302612,ok,-0.09571183321224744,0.28440472070492506,-0.2709531238403794,0.07952945741588455,0.6217271134022214
pDCs|Classical Monocytes|LRPAP1|LRP1,43,9,9,0.2978799739073713,9.622446034367911,ok,-0.11242866105555166,0.13511996110267416,-0.25990169835046767,0.03504437623936435,0.4479142417976572
pDCs|Classical Monocytes|TGFB1|ITGB1,42,9,9,0.3736434108527131,9.75851472994371,ok,-0.05352281640169275,0.6633781569760335,-0.2945379967356874,0.18749236393230195,0.8474074044704814
pDCs|NK Cells|ICAM3|ITGAL,44,9,9,0.28913043478260875,9.706135940968734,ok,-0.09572615561843287,0.5761025787176446,-0.4313088674442208,0.23985655620735505,0.7992682473451412
pDCs|NK Cells|PTDSS1|JMJD6,37,9,9,1.000000000000002,,not_estimable,,,,,
pDCs|Non-classical Monocytes|ARF6|SMAP1,43,9,9,0.2897225725094579,9.593551893743248,ok,-0.2775980298587434,0.04878481369473213,-0.5537163290430831,-0.001479730674403712,0.2905345030245509
CD4 T Cells|CD4 T Cells|ARF6|SMAP1,54,9,9,0.2666105263157893,9.476047857837969,ok,-0.2652091300767111,0.01887129054349917,-0.48658316260302625,-0.04383509755039594,0.1895263231308322
B Cells|pDCs|LRPAP1|SORL1,39,9,9,0.4120345862008117,9.262937776070336,ok,-0.016982611197348223,0.7308203720701038,-0.11373253117955495,0.07976730878485849,0.8830312503400716
B Cells|pDCs|LGALS1|ITGB1,42,9,9,0.294871794871795,10.134658455937258,ok,-0.031532179069875314,0.8478790539998057,-0.35371041088870203,0.2906460527489514,0.9340700689454123
B Cells|pDCs|LGALS1|CD69,42,9,9,0.294871794871795,10.134658455937258,ok,-0.08319496193365009,0.7216263024680468,-0.5408583950148904,0.3744684711475902,0.8774921428055984
B Cells|pDCs|HLA-F|LILRB1,43,9,9,0.2897225725094581,9.593551893743244,ok,-0.2088754768779627,0.11544884940244292,-0.468942175901177,0.05119122214525157,0.4134424293623564
B Cells|pDCs|GNAS|ADCY7,34,9,9,0.4613655000925863,8.968120559461362,ok,0.06772440707862121,0.37876247058480617,-0.08308290928558143,0.21853172344282384,0.6971371033160949
B Cells|pDCs|GNAI2|ADCY7,32,9,9,0.47059157166354687,8.729685097151288,ok,0.005281959413423153,0.7465564224200232,-0.026750791046173707,0.03731470987302001,0.8900473063621445
pDCs|Non-classical Monocytes|LGALS9|HAVCR2,41,9,9,0.4080294765049285,10.322253846933938,ok,-0.03159191844569158,0.8367592837378648,-0.33211062963078253,0.26892679273939935,0.9275315034937451
pDCs|Non-classical Monocytes|ICAM3|ITGAL,44,9,9,0.28913043478260875,9.706135940968734,ok,-0.212001097177699,0.22507423316294017,-0.5545111653036296,0.13050897094823166,0.5619297654004205
pDCs|Non-classical Monocytes|PTPN6|CD300LF,43,9,9,0.2897225725094581,9.593551893743244,ok,-0.20102094506422566,0.09703789254229084,-0.43845433539338463,0.03641244526493331,0.38452090072030215
pDCs|Non-classical Monocytes|LRPAP1|SORL1,41,9,9,0.31114215520978844,9.498291465485009,ok,-0.01102625735914565,0.7740877800289213,-0.08631773549789187,0.06426522077960056,0.9028746418443675
pDCs|Non-classical Monocytes|LRPAP1|LRP1,43,9,9,0.2978799739073713,9.622446034367911,ok,0.009914548422528115,0.8362875604018584,-0.08412214061115954,0.10395123745621578,0.9275315034937451
pDCs|Non-classical Monocytes|TGFB1|LPP,41,9,9,0.37368983957219265,9.656300158041727,ok,-0.16226258284944547,0.13314774936057036,-0.3740271208330044,0.04950195513411343,0.4438258312019012
pDCs|Non-classical Monocytes|TGFB1|ITGB1,42,9,9,0.3736434108527131,9.75851472994371,ok,-0.1224783667372679,0.40722594517283284,-0.4121229910150135,0.16716625754047765,0.7083711386143706
B Cells|Non-classical Monocytes|ANXA2|TLR2,52,9,9,0.2759067357512952,9.438565180745629,ok,-0.10919464012804099,0.1954024672791963,-0.27448959068141504,0.056100310425333075,0.5257364304394081
B Cells|Classical Monocytes|ANXA2|TLR2,52,9,9,0.2759067357512952,9.438565180745629,ok,-0.19223110961084683,0.08998413451679854,-0.4144488526559337,0.02998663343423999,0.3739773587890432
pDCs|pDCs|HLA-F|LILRB1,43,9,9,0.2897225725094581,9.593551893743244,ok,-0.06676328799584093,0.5544717273424742,-0.2881466227956951,0.1546200468040132,0.7882361956729499
pDCs|pDCs|S100A8|CD69,42,9,9,0.4067709895383096,9.61675791670661,ok,0.17465204668414264,0.5412083686798279,-0.3856084422503992,0.7349125356186845,0.7788854224978375
pDCs|pDCs|LRPAP1|SORL1,38,9,9,0.4202424100705404,9.168235469127083,ok,-0.2273454236034268,0.06478138972786321,-0.4686263376228419,0.013935490415988266,0.33617068611563755
Classical Monocytes|B Cells|LGALS1|ITGB1,45,9,9,0.28289473684210514,9.761825065536641,ok,0.00953510011579297,0.6757158264927912,-0.035140304440335675,0.054210504671921615,0.8547328315571137
Non-classical Monocytes|B Cells|LGALS1|ITGB1,45,9,9,0.28289473684210514,9.761825065536641,ok,0.010121500730221122,0.6812119544290907,-0.03816793506952516,0.058410936529967414,0.8584228522551548
NK Cells|B Cells|SPON2|ITGB1,45,9,9,0.28289473684210514,9.761825065536641,ok,0.11067500065046494,0.5584760670435109,-0.260059203096996,0.48140920439792584,0.7918486928256152
Classical Monocytes|B Cells|CD14|ITGB1,45,9,9,0.28289473684210514,9.761825065536641,ok,0.0031343038221594323,0.9684786667821522,-0.15232318569656086,0.15859179334087972,0.9844011847784278
Classical Monocytes|B Cells|VCAN|ITGB1,45,9,9,0.28289473684210514,9.761825065536641,ok,0.024303579144119597,0.5548830587002187,-0.05636950914835791,0.1049766674365971,0.7883399553484814
NK Cells|B Cells|LGALS1|ITGB1,45,9,9,0.28289473684210514,9.761825065536641,ok,0.16420973788740473,0.1764476024209196,-0.07388121232232428,0.4023006880971337,0.5069333090514706
NK Cells|B Cells|TGFB1|ITGB1,45,9,9,0.28289473684210514,9.761825065536641,ok,0.03306827584648367,0.874945325090458,-0.3787540888512878,0.4448906405442551,0.9433700173349223
Non-classical Monocytes|B Cells|CD14|ITGB1,45,9,9,0.28289473684210514,9.761825065536641,ok,0.08612457531481454,0.7132058286808842,-0.3731305850213334,0.5453797356509624,0.8746155688560316
Classical Monocytes|B Cells|TGFB1|ITGB1,44,9,9,0.29086538461538475,9.712821602505112,ok,0.0623484221641447,0.725761197216509,-0.2860302801747444,0.41072712450303384,0.8798249685298991
Non-classical Monocytes|B Cells|TGFB1|ITGB1,45,9,9,0.28289473684210514,9.761825065536641,ok,0.050651180444014135,0.7868877761367672,-0.31655040771564713,0.4178527686036754,0.9071986731314535
Non-classical Monocytes|B Cells|VCAN|ITGB1,44,9,9,0.308666017526777,9.717687593291332,ok,0.1479936599121889,0.48668549793454563,-0.2690079576050144,0.5649952774293922,0.7564891328802478
CD4 T Cells|B Cells|LGALS1|ITGB1,45,9,9,0.28289473684210514,9.761825065536641,ok,0.044924675461793184,0.8195632083929809,-0.34108198121361855,0.4309313321372049,0.9225329633238832
Classical Monocytes|B Cells|IL1B|SIGIRR,49,9,9,0.30285669745508403,9.492312024696602,ok,-0.3630767793134859,0.11043602564751392,-0.8088863192416405,0.08273276061466867,0.40540320105144656
CD8 T Cells|B Cells|LGALS1|ITGB1,45,9,9,0.28289473684210514,9.761825065536641,ok,0.14577527393505052,0.37571308331594955,-0.17676589755892702,0.46831644542902806,0.6971371033160949
B Cells|B Cells|LGALS1|ITGB1,44,9,9,0.29086538461538475,9.712821602505112,ok,-0.19134103116106996,0.315413177500097,-0.5648951306487716,0.18221306832663173,0.6443658981703718
Non-classical Monocytes|B Cells|TIMP2|ITGB1,45,9,9,0.28289473684210514,9.761825065536641,ok,-0.054457647848837554,0.41742213447104326,-0.18608276452672698,0.07716746882905187,0.7083711386143706
Non-classical Monocytes|B Cells|IL1B|SIGIRR,49,9,9,0.30285669745508403,9.492312024696602,ok,-0.25933784205016014,0.17366335743776007,-0.6329379241195865,0.11426224001926621,0.5069333090514706
Non-classical Monocytes|B Cells|ADAM17|ITGB1,45,9,9,0.28289473684210514,9.761825065536641,ok,-0.1406944483880182,0.11118063588127901,-0.3138092176292189,0.032420320853182444,0.40540320105144656
Non-classical Monocytes|B Cells|ADAM15|ITGB1,41,9,9,0.3795620437956204,9.680072276130748,ok,-0.03941982427906053,0.41646756742612523,-0.1345032282704794,0.05566357971235833,0.7083711386143706
Classical Monocytes|B Cells|TIMP2|ITGB1,45,9,9,0.28289473684210514,9.761825065536641,ok,-0.16467162171973856,0.18860368620543522,-0.41016130952991586,0.08081806609043873,0.5212889547552362
Classical Monocytes|B Cells|ADAM17|ITGB1,45,9,9,0.28289473684210514,9.761825065536641,ok,-0.05576737688775871,0.6963525296342268,-0.33585031724765213,0.22431556347213474,0.8657958346039212
Classical Monocytes|B Cells|ADAM15|ITGB1,43,9,9,0.3086660175267769,9.980438718144866,ok,-0.04692321348697249,0.3422043121392343,-0.1437498974569208,0.049903470482975824,0.669213982567725
Non-classical Monocytes|pDCs|HLA-DRB5|CD4,37,9,9,0.3138686131386861,10.866095391739934,ok,-0.04861616077706793,0.8970644476351866,-0.7851510401211761,0.6879187185670403,0.9544109157180316
pDCs|pDCs|HLA-DRB5|CD4,38,9,9,0.3207547169811321,10.993916961746592,ok,-0.174356298652114,0.6263550128222678,-0.8762614785997608,0.5275488812955328,0.8278304065267715
pDCs|Non-classical Monocytes|HLA-DRB5|CD4,39,9,9,0.3207547169811328,11.125546675250304,ok,-0.09098616182892261,0.8283044197783855,-0.9132486870087733,0.731276363350928,0.9245429687378013
pDCs|Classical Monocytes|HLA-DRB5|CD4,39,9,9,0.3207547169811328,11.125546675250304,ok,-0.09904817145265071,0.8137637064856412,-0.9231260951242393,0.7250297522189377,0.9211500697498676
pDCs|NK Cells|HLA-B|CD8A,31,9,9,0.559089412398599,11.123882117861765,ok,-0.012787459244484017,0.28905953471075685,-0.03642759028158313,0.010852671792615096,0.6258477924916861
pDCs|CD4 T Cells|HLA-DRB5|CD4,38,9,9,0.32075471698113217,10.968952125167913,ok,-0.11107680096481037,0.7764893998569807,-0.877927502850139,0.6557739009205181,0.9034908251869366
pDCs|NK Cells|HLA-C|CD8A,31,9,9,0.559089412398599,11.123882117861765,ok,-0.006263786831453427,0.7001833882811117,-0.03814553145114752,0.025617957788240664,0.8687046297630406
pDCs|NK Cells|HLA-A|CD8A,31,9,9,0.559089412398599,11.123882117861765,ok,-0.013609688743626225,0.45480358058598425,-0.04929794380546964,0.02207856631821719,0.734500880411466
pDCs|NK Cells|HLA-E|CD8A,31,9,9,0.559089412398599,11.123882117861765,ok,-0.027926775782237845,0.5245718810485432,-0.11394639478587537,0.05809284322139968,0.7728168551858351
pDCs|B Cells|CD99|CD81,39,9,9,0.40980597797587837,11.68467626742445,ok,-0.2664223712935572,0.006623378970851943,-0.4587383558447625,-0.0741063867423519,0.11135908060262034
Classical Monocytes|pDCs|TNFSF13B|TFRC,38,9,9,0.4165241927637155,11.604926675269137,ok,-0.03409959708023483,0.8691163966338584,-0.43969248309442166,0.37149328893395206,0.9406758903134119
pDCs|B Cells|LGALS1|ITGB1,36,9,9,0.4574468085106384,12.466020699759875,ok,0.20823544767106503,0.2650073331855872,-0.1579242163956688,0.5743951117377989,0.6095794131467795
Non-classical Monocytes|pDCs|TNFSF13B|TFRC,38,9,9,0.4165241927637155,11.604926675269137,ok,0.0329701792191055,0.8715053684190083,-0.3665457591344862,0.4324861175726972,0.9413667652800785
pDCs|Classical Monocytes|ANXA1|FPR1,43,9,9,0.29496836396504955,10.466128767290163,ok,0.04891335231196857,0.8233049814739619,-0.38041955700742863,0.4782462616313658,0.9231475490059342
pDCs|Non-classical Monocytes|ANXA1|FPR1,42,9,9,0.30548119703878784,10.368216701116689,ok,-0.023026936465584347,0.919269764133322,-0.46831909836907837,0.4222652254379097,0.9613308633848848
CD4 T Cells|pDCs|SIRPG|CD47,42,9,9,0.406852702225362,10.452339431344006,ok,-0.004541306310210533,0.9653928974221243,-0.20968939223152894,0.20060677961110784,0.9825749406142884
pDCs|CD4 T Cells|CD47|SIRPG,42,9,9,0.406852702225362,10.452339431344006,ok,-0.004541306310210533,0.9653928974221243,-0.20968939223152894,0.20060677961110784,0.9825749406142884
pDCs|pDCs|TNFSF13B|TFRC,38,9,9,0.4165241927637155,11.604926675269137,ok,0.02415320816684302,0.8293110749622338,-0.19543242653805024,0.24373884287173628,0.9245429687378013
pDCs|B Cells|TGFB1|ITGB1,34,9,9,0.4999999999999995,12.535065016485856,ok,-0.1948855129748597,0.3554244410708618,-0.6082182648509302,0.21844723890121084,0.6855454865025729
pDCs|Classical Monocytes|PTPN6|CD300LF,39,9,9,0.4098465181946531,10.255971441815355,ok,-0.013737083338052446,0.8212962391273368,-0.13293495949423179,0.10546079281812688,0.9225921676209943
pDCs|NK Cells|HLA-F|CD8A,31,9,9,0.559089412398599,11.123882117861765,ok,-0.36205736929146837,0.02265418642257097,-0.6734009119604817,-0.05071382662245505,0.2084794958651435
